audio_path,label,source,clone_model,attack_type,attack_params,text,speaker_id,duration,sample_rate,split,utt_id
data/attacks/mp3-128k/2078-142845-0000_formant.wav,fake,attack,none,mp3-128k,mp3-128k,KIRKLEATHAM YEAST,2078,2.195,16000,test,2078-142845-0000_formant_mp3-128k
data/attacks/mp3-64k/2078-142845-0000_formant.wav,fake,attack,none,mp3-64k,mp3-64k,KIRKLEATHAM YEAST,2078,2.195,16000,test,2078-142845-0000_formant_mp3-64k
data/attacks/opus-32k/2078-142845-0000_formant.wav,fake,attack,none,opus-32k,opus-32k,KIRKLEATHAM YEAST,2078,2.195,16000,test,2078-142845-0000_formant_opus-32k
data/attacks/g711-8k/2078-142845-0000_formant.wav,fake,attack,none,g711-8k,g711-8k,KIRKLEATHAM YEAST,2078,2.195,16000,test,2078-142845-0000_formant_g711-8k
data/attacks/resample-8k/2078-142845-0000_formant.wav,fake,attack,none,resample-8k,8k-roundtrip,KIRKLEATHAM YEAST,2078,2.195,16000,test,2078-142845-0000_formant_resample-8k
data/attacks/awgn-snr5/2078-142845-0000_formant.wav,fake,attack,none,awgn-snr5,snr5,KIRKLEATHAM YEAST,2078,2.195,16000,test,2078-142845-0000_formant_awgn-snr5
data/attacks/awgn-snr10/2078-142845-0000_formant.wav,fake,attack,none,awgn-snr10,snr10,KIRKLEATHAM YEAST,2078,2.195,16000,test,2078-142845-0000_formant_awgn-snr10
data/attacks/awgn-snr20/2078-142845-0000_formant.wav,fake,attack,none,awgn-snr20,snr20,KIRKLEATHAM YEAST,2078,2.195,16000,test,2078-142845-0000_formant_awgn-snr20
data/attacks/bandpass-300-3400/2078-142845-0000_formant.wav,fake,attack,none,bandpass-300-3400,bandpass300-3400,KIRKLEATHAM YEAST,2078,2.195,16000,test,2078-142845-0000_formant_bandpass-300-3400
data/attacks/reverb-rt60-0.2/2078-142845-0000_formant.wav,fake,attack,none,reverb-rt60-0.2,rt60-0.2,KIRKLEATHAM YEAST,2078,2.195,16000,test,2078-142845-0000_formant_reverb-rt60-0.2
data/attacks/reverb-rt60-0.4/2078-142845-0000_formant.wav,fake,attack,none,reverb-rt60-0.4,rt60-0.4,KIRKLEATHAM YEAST,2078,2.195,16000,test,2078-142845-0000_formant_reverb-rt60-0.4
data/attacks/reverb-rt60-0.8/2078-142845-0000_formant.wav,fake,attack,none,reverb-rt60-0.8,rt60-0.8,KIRKLEATHAM YEAST,2078,2.195,16000,test,2078-142845-0000_formant_reverb-rt60-0.8
data/attacks/speed0.9/2078-142845-0000_formant.wav,fake,attack,none,speed0.9,speed0.9,KIRKLEATHAM YEAST,2078,2.439,16000,test,2078-142845-0000_formant_speed0.9
data/attacks/speed1.1/2078-142845-0000_formant.wav,fake,attack,none,speed1.1,speed1.1,KIRKLEATHAM YEAST,2078,1.995,16000,test,2078-142845-0000_formant_speed1.1
data/attacks/mp3-128k/2078-142845-0000_melvoc.wav,fake,attack,none,mp3-128k,mp3-128k,KIRKLEATHAM YEAST,2078,2.192,16000,test,2078-142845-0000_melvoc_mp3-128k
data/attacks/mp3-64k/2078-142845-0000_melvoc.wav,fake,attack,none,mp3-64k,mp3-64k,KIRKLEATHAM YEAST,2078,2.192,16000,test,2078-142845-0000_melvoc_mp3-64k
data/attacks/opus-32k/2078-142845-0000_melvoc.wav,fake,attack,none,opus-32k,opus-32k,KIRKLEATHAM YEAST,2078,2.192,16000,test,2078-142845-0000_melvoc_opus-32k
data/attacks/g711-8k/2078-142845-0000_melvoc.wav,fake,attack,none,g711-8k,g711-8k,KIRKLEATHAM YEAST,2078,2.192,16000,test,2078-142845-0000_melvoc_g711-8k
data/attacks/resample-8k/2078-142845-0000_melvoc.wav,fake,attack,none,resample-8k,8k-roundtrip,KIRKLEATHAM YEAST,2078,2.192,16000,test,2078-142845-0000_melvoc_resample-8k
data/attacks/awgn-snr5/2078-142845-0000_melvoc.wav,fake,attack,none,awgn-snr5,snr5,KIRKLEATHAM YEAST,2078,2.192,16000,test,2078-142845-0000_melvoc_awgn-snr5
data/attacks/awgn-snr10/2078-142845-0000_melvoc.wav,fake,attack,none,awgn-snr10,snr10,KIRKLEATHAM YEAST,2078,2.192,16000,test,2078-142845-0000_melvoc_awgn-snr10
data/attacks/awgn-snr20/2078-142845-0000_melvoc.wav,fake,attack,none,awgn-snr20,snr20,KIRKLEATHAM YEAST,2078,2.192,16000,test,2078-142845-0000_melvoc_awgn-snr20
data/attacks/bandpass-300-3400/2078-142845-0000_melvoc.wav,fake,attack,none,bandpass-300-3400,bandpass300-3400,KIRKLEATHAM YEAST,2078,2.192,16000,test,2078-142845-0000_melvoc_bandpass-300-3400
data/attacks/reverb-rt60-0.2/2078-142845-0000_melvoc.wav,fake,attack,none,reverb-rt60-0.2,rt60-0.2,KIRKLEATHAM YEAST,2078,2.192,16000,test,2078-142845-0000_melvoc_reverb-rt60-0.2
data/attacks/reverb-rt60-0.4/2078-142845-0000_melvoc.wav,fake,attack,none,reverb-rt60-0.4,rt60-0.4,KIRKLEATHAM YEAST,2078,2.192,16000,test,2078-142845-0000_melvoc_reverb-rt60-0.4
data/attacks/reverb-rt60-0.8/2078-142845-0000_melvoc.wav,fake,attack,none,reverb-rt60-0.8,rt60-0.8,KIRKLEATHAM YEAST,2078,2.192,16000,test,2078-142845-0000_melvoc_reverb-rt60-0.8
data/attacks/speed0.9/2078-142845-0000_melvoc.wav,fake,attack,none,speed0.9,speed0.9,KIRKLEATHAM YEAST,2078,2.436,16000,test,2078-142845-0000_melvoc_speed0.9
data/attacks/speed1.1/2078-142845-0000_melvoc.wav,fake,attack,none,speed1.1,speed1.1,KIRKLEATHAM YEAST,2078,1.993,16000,test,2078-142845-0000_melvoc_speed1.1
data/attacks/mp3-128k/2078-142845-0000_pitch.wav,fake,attack,none,mp3-128k,mp3-128k,KIRKLEATHAM YEAST,2078,2.195,16000,test,2078-142845-0000_pitch_mp3-128k
data/attacks/mp3-64k/2078-142845-0000_pitch.wav,fake,attack,none,mp3-64k,mp3-64k,KIRKLEATHAM YEAST,2078,2.195,16000,test,2078-142845-0000_pitch_mp3-64k
data/attacks/opus-32k/2078-142845-0000_pitch.wav,fake,attack,none,opus-32k,opus-32k,KIRKLEATHAM YEAST,2078,2.195,16000,test,2078-142845-0000_pitch_opus-32k
data/attacks/g711-8k/2078-142845-0000_pitch.wav,fake,attack,none,g711-8k,g711-8k,KIRKLEATHAM YEAST,2078,2.195,16000,test,2078-142845-0000_pitch_g711-8k
data/attacks/resample-8k/2078-142845-0000_pitch.wav,fake,attack,none,resample-8k,8k-roundtrip,KIRKLEATHAM YEAST,2078,2.195,16000,test,2078-142845-0000_pitch_resample-8k
data/attacks/awgn-snr5/2078-142845-0000_pitch.wav,fake,attack,none,awgn-snr5,snr5,KIRKLEATHAM YEAST,2078,2.195,16000,test,2078-142845-0000_pitch_awgn-snr5
data/attacks/awgn-snr10/2078-142845-0000_pitch.wav,fake,attack,none,awgn-snr10,snr10,KIRKLEATHAM YEAST,2078,2.195,16000,test,2078-142845-0000_pitch_awgn-snr10
data/attacks/awgn-snr20/2078-142845-0000_pitch.wav,fake,attack,none,awgn-snr20,snr20,KIRKLEATHAM YEAST,2078,2.195,16000,test,2078-142845-0000_pitch_awgn-snr20
data/attacks/bandpass-300-3400/2078-142845-0000_pitch.wav,fake,attack,none,bandpass-300-3400,bandpass300-3400,KIRKLEATHAM YEAST,2078,2.195,16000,test,2078-142845-0000_pitch_bandpass-300-3400
data/attacks/reverb-rt60-0.2/2078-142845-0000_pitch.wav,fake,attack,none,reverb-rt60-0.2,rt60-0.2,KIRKLEATHAM YEAST,2078,2.195,16000,test,2078-142845-0000_pitch_reverb-rt60-0.2
data/attacks/reverb-rt60-0.4/2078-142845-0000_pitch.wav,fake,attack,none,reverb-rt60-0.4,rt60-0.4,KIRKLEATHAM YEAST,2078,2.195,16000,test,2078-142845-0000_pitch_reverb-rt60-0.4
data/attacks/reverb-rt60-0.8/2078-142845-0000_pitch.wav,fake,attack,none,reverb-rt60-0.8,rt60-0.8,KIRKLEATHAM YEAST,2078,2.195,16000,test,2078-142845-0000_pitch_reverb-rt60-0.8
data/attacks/speed0.9/2078-142845-0000_pitch.wav,fake,attack,none,speed0.9,speed0.9,KIRKLEATHAM YEAST,2078,2.439,16000,test,2078-142845-0000_pitch_speed0.9
data/attacks/speed1.1/2078-142845-0000_pitch.wav,fake,attack,none,speed1.1,speed1.1,KIRKLEATHAM YEAST,2078,1.995,16000,test,2078-142845-0000_pitch_speed1.1
data/attacks/mp3-128k/2078-142845-0001_formant.wav,fake,attack,none,mp3-128k,mp3-128k,SEVENTEEN SEVENTEEN,2078,2.135,16000,test,2078-142845-0001_formant_mp3-128k
data/attacks/mp3-64k/2078-142845-0001_formant.wav,fake,attack,none,mp3-64k,mp3-64k,SEVENTEEN SEVENTEEN,2078,2.135,16000,test,2078-142845-0001_formant_mp3-64k
data/attacks/opus-32k/2078-142845-0001_formant.wav,fake,attack,none,opus-32k,opus-32k,SEVENTEEN SEVENTEEN,2078,2.135,16000,test,2078-142845-0001_formant_opus-32k
data/attacks/g711-8k/2078-142845-0001_formant.wav,fake,attack,none,g711-8k,g711-8k,SEVENTEEN SEVENTEEN,2078,2.135,16000,test,2078-142845-0001_formant_g711-8k
data/attacks/resample-8k/2078-142845-0001_formant.wav,fake,attack,none,resample-8k,8k-roundtrip,SEVENTEEN SEVENTEEN,2078,2.135,16000,test,2078-142845-0001_formant_resample-8k
data/attacks/awgn-snr5/2078-142845-0001_formant.wav,fake,attack,none,awgn-snr5,snr5,SEVENTEEN SEVENTEEN,2078,2.135,16000,test,2078-142845-0001_formant_awgn-snr5
data/attacks/awgn-snr10/2078-142845-0001_formant.wav,fake,attack,none,awgn-snr10,snr10,SEVENTEEN SEVENTEEN,2078,2.135,16000,test,2078-142845-0001_formant_awgn-snr10
data/attacks/awgn-snr20/2078-142845-0001_formant.wav,fake,attack,none,awgn-snr20,snr20,SEVENTEEN SEVENTEEN,2078,2.135,16000,test,2078-142845-0001_formant_awgn-snr20
data/attacks/bandpass-300-3400/2078-142845-0001_formant.wav,fake,attack,none,bandpass-300-3400,bandpass300-3400,SEVENTEEN SEVENTEEN,2078,2.135,16000,test,2078-142845-0001_formant_bandpass-300-3400
data/attacks/reverb-rt60-0.2/2078-142845-0001_formant.wav,fake,attack,none,reverb-rt60-0.2,rt60-0.2,SEVENTEEN SEVENTEEN,2078,2.135,16000,test,2078-142845-0001_formant_reverb-rt60-0.2
data/attacks/reverb-rt60-0.4/2078-142845-0001_formant.wav,fake,attack,none,reverb-rt60-0.4,rt60-0.4,SEVENTEEN SEVENTEEN,2078,2.135,16000,test,2078-142845-0001_formant_reverb-rt60-0.4
data/attacks/reverb-rt60-0.8/2078-142845-0001_formant.wav,fake,attack,none,reverb-rt60-0.8,rt60-0.8,SEVENTEEN SEVENTEEN,2078,2.135,16000,test,2078-142845-0001_formant_reverb-rt60-0.8
data/attacks/speed0.9/2078-142845-0001_formant.wav,fake,attack,none,speed0.9,speed0.9,SEVENTEEN SEVENTEEN,2078,2.372,16000,test,2078-142845-0001_formant_speed0.9
data/attacks/speed1.1/2078-142845-0001_formant.wav,fake,attack,none,speed1.1,speed1.1,SEVENTEEN SEVENTEEN,2078,1.941,16000,test,2078-142845-0001_formant_speed1.1
data/attacks/mp3-128k/2078-142845-0001_melvoc.wav,fake,attack,none,mp3-128k,mp3-128k,SEVENTEEN SEVENTEEN,2078,2.128,16000,test,2078-142845-0001_melvoc_mp3-128k
data/attacks/mp3-64k/2078-142845-0001_melvoc.wav,fake,attack,none,mp3-64k,mp3-64k,SEVENTEEN SEVENTEEN,2078,2.128,16000,test,2078-142845-0001_melvoc_mp3-64k
data/attacks/opus-32k/2078-142845-0001_melvoc.wav,fake,attack,none,opus-32k,opus-32k,SEVENTEEN SEVENTEEN,2078,2.128,16000,test,2078-142845-0001_melvoc_opus-32k
data/attacks/g711-8k/2078-142845-0001_melvoc.wav,fake,attack,none,g711-8k,g711-8k,SEVENTEEN SEVENTEEN,2078,2.128,16000,test,2078-142845-0001_melvoc_g711-8k
data/attacks/resample-8k/2078-142845-0001_melvoc.wav,fake,attack,none,resample-8k,8k-roundtrip,SEVENTEEN SEVENTEEN,2078,2.128,16000,test,2078-142845-0001_melvoc_resample-8k
data/attacks/awgn-snr5/2078-142845-0001_melvoc.wav,fake,attack,none,awgn-snr5,snr5,SEVENTEEN SEVENTEEN,2078,2.128,16000,test,2078-142845-0001_melvoc_awgn-snr5
data/attacks/awgn-snr10/2078-142845-0001_melvoc.wav,fake,attack,none,awgn-snr10,snr10,SEVENTEEN SEVENTEEN,2078,2.128,16000,test,2078-142845-0001_melvoc_awgn-snr10
data/attacks/awgn-snr20/2078-142845-0001_melvoc.wav,fake,attack,none,awgn-snr20,snr20,SEVENTEEN SEVENTEEN,2078,2.128,16000,test,2078-142845-0001_melvoc_awgn-snr20
data/attacks/bandpass-300-3400/2078-142845-0001_melvoc.wav,fake,attack,none,bandpass-300-3400,bandpass300-3400,SEVENTEEN SEVENTEEN,2078,2.128,16000,test,2078-142845-0001_melvoc_bandpass-300-3400
data/attacks/reverb-rt60-0.2/2078-142845-0001_melvoc.wav,fake,attack,none,reverb-rt60-0.2,rt60-0.2,SEVENTEEN SEVENTEEN,2078,2.128,16000,test,2078-142845-0001_melvoc_reverb-rt60-0.2
data/attacks/reverb-rt60-0.4/2078-142845-0001_melvoc.wav,fake,attack,none,reverb-rt60-0.4,rt60-0.4,SEVENTEEN SEVENTEEN,2078,2.128,16000,test,2078-142845-0001_melvoc_reverb-rt60-0.4
data/attacks/reverb-rt60-0.8/2078-142845-0001_melvoc.wav,fake,attack,none,reverb-rt60-0.8,rt60-0.8,SEVENTEEN SEVENTEEN,2078,2.128,16000,test,2078-142845-0001_melvoc_reverb-rt60-0.8
data/attacks/speed0.9/2078-142845-0001_melvoc.wav,fake,attack,none,speed0.9,speed0.9,SEVENTEEN SEVENTEEN,2078,2.364,16000,test,2078-142845-0001_melvoc_speed0.9
data/attacks/speed1.1/2078-142845-0001_melvoc.wav,fake,attack,none,speed1.1,speed1.1,SEVENTEEN SEVENTEEN,2078,1.935,16000,test,2078-142845-0001_melvoc_speed1.1
data/attacks/mp3-128k/2078-142845-0001_pitch.wav,fake,attack,none,mp3-128k,mp3-128k,SEVENTEEN SEVENTEEN,2078,2.135,16000,test,2078-142845-0001_pitch_mp3-128k
data/attacks/mp3-64k/2078-142845-0001_pitch.wav,fake,attack,none,mp3-64k,mp3-64k,SEVENTEEN SEVENTEEN,2078,2.135,16000,test,2078-142845-0001_pitch_mp3-64k
data/attacks/opus-32k/2078-142845-0001_pitch.wav,fake,attack,none,opus-32k,opus-32k,SEVENTEEN SEVENTEEN,2078,2.135,16000,test,2078-142845-0001_pitch_opus-32k
data/attacks/g711-8k/2078-142845-0001_pitch.wav,fake,attack,none,g711-8k,g711-8k,SEVENTEEN SEVENTEEN,2078,2.135,16000,test,2078-142845-0001_pitch_g711-8k
data/attacks/resample-8k/2078-142845-0001_pitch.wav,fake,attack,none,resample-8k,8k-roundtrip,SEVENTEEN SEVENTEEN,2078,2.135,16000,test,2078-142845-0001_pitch_resample-8k
data/attacks/awgn-snr5/2078-142845-0001_pitch.wav,fake,attack,none,awgn-snr5,snr5,SEVENTEEN SEVENTEEN,2078,2.135,16000,test,2078-142845-0001_pitch_awgn-snr5
data/attacks/awgn-snr10/2078-142845-0001_pitch.wav,fake,attack,none,awgn-snr10,snr10,SEVENTEEN SEVENTEEN,2078,2.135,16000,test,2078-142845-0001_pitch_awgn-snr10
data/attacks/awgn-snr20/2078-142845-0001_pitch.wav,fake,attack,none,awgn-snr20,snr20,SEVENTEEN SEVENTEEN,2078,2.135,16000,test,2078-142845-0001_pitch_awgn-snr20
data/attacks/bandpass-300-3400/2078-142845-0001_pitch.wav,fake,attack,none,bandpass-300-3400,bandpass300-3400,SEVENTEEN SEVENTEEN,2078,2.135,16000,test,2078-142845-0001_pitch_bandpass-300-3400
data/attacks/reverb-rt60-0.2/2078-142845-0001_pitch.wav,fake,attack,none,reverb-rt60-0.2,rt60-0.2,SEVENTEEN SEVENTEEN,2078,2.135,16000,test,2078-142845-0001_pitch_reverb-rt60-0.2
data/attacks/reverb-rt60-0.4/2078-142845-0001_pitch.wav,fake,attack,none,reverb-rt60-0.4,rt60-0.4,SEVENTEEN SEVENTEEN,2078,2.135,16000,test,2078-142845-0001_pitch_reverb-rt60-0.4
data/attacks/reverb-rt60-0.8/2078-142845-0001_pitch.wav,fake,attack,none,reverb-rt60-0.8,rt60-0.8,SEVENTEEN SEVENTEEN,2078,2.135,16000,test,2078-142845-0001_pitch_reverb-rt60-0.8
data/attacks/speed0.9/2078-142845-0001_pitch.wav,fake,attack,none,speed0.9,speed0.9,SEVENTEEN SEVENTEEN,2078,2.372,16000,test,2078-142845-0001_pitch_speed0.9
data/attacks/speed1.1/2078-142845-0001_pitch.wav,fake,attack,none,speed1.1,speed1.1,SEVENTEEN SEVENTEEN,2078,1.941,16000,test,2078-142845-0001_pitch_speed1.1
data/attacks/mp3-128k/2078-142845-0002_formant.wav,fake,attack,none,mp3-128k,mp3-128k,TO MAKE GOOD HOME MADE BREAD,2078,2.915,16000,test,2078-142845-0002_formant_mp3-128k
data/attacks/mp3-64k/2078-142845-0002_formant.wav,fake,attack,none,mp3-64k,mp3-64k,TO MAKE GOOD HOME MADE BREAD,2078,2.915,16000,test,2078-142845-0002_formant_mp3-64k
data/attacks/opus-32k/2078-142845-0002_formant.wav,fake,attack,none,opus-32k,opus-32k,TO MAKE GOOD HOME MADE BREAD,2078,2.915,16000,test,2078-142845-0002_formant_opus-32k
data/attacks/g711-8k/2078-142845-0002_formant.wav,fake,attack,none,g711-8k,g711-8k,TO MAKE GOOD HOME MADE BREAD,2078,2.915,16000,test,2078-142845-0002_formant_g711-8k
data/attacks/resample-8k/2078-142845-0002_formant.wav,fake,attack,none,resample-8k,8k-roundtrip,TO MAKE GOOD HOME MADE BREAD,2078,2.915,16000,test,2078-142845-0002_formant_resample-8k
data/attacks/awgn-snr5/2078-142845-0002_formant.wav,fake,attack,none,awgn-snr5,snr5,TO MAKE GOOD HOME MADE BREAD,2078,2.915,16000,test,2078-142845-0002_formant_awgn-snr5
data/attacks/awgn-snr10/2078-142845-0002_formant.wav,fake,attack,none,awgn-snr10,snr10,TO MAKE GOOD HOME MADE BREAD,2078,2.915,16000,test,2078-142845-0002_formant_awgn-snr10
data/attacks/awgn-snr20/2078-142845-0002_formant.wav,fake,attack,none,awgn-snr20,snr20,TO MAKE GOOD HOME MADE BREAD,2078,2.915,16000,test,2078-142845-0002_formant_awgn-snr20
data/attacks/bandpass-300-3400/2078-142845-0002_formant.wav,fake,attack,none,bandpass-300-3400,bandpass300-3400,TO MAKE GOOD HOME MADE BREAD,2078,2.915,16000,test,2078-142845-0002_formant_bandpass-300-3400
data/attacks/reverb-rt60-0.2/2078-142845-0002_formant.wav,fake,attack,none,reverb-rt60-0.2,rt60-0.2,TO MAKE GOOD HOME MADE BREAD,2078,2.915,16000,test,2078-142845-0002_formant_reverb-rt60-0.2
data/attacks/reverb-rt60-0.4/2078-142845-0002_formant.wav,fake,attack,none,reverb-rt60-0.4,rt60-0.4,TO MAKE GOOD HOME MADE BREAD,2078,2.915,16000,test,2078-142845-0002_formant_reverb-rt60-0.4
data/attacks/reverb-rt60-0.8/2078-142845-0002_formant.wav,fake,attack,none,reverb-rt60-0.8,rt60-0.8,TO MAKE GOOD HOME MADE BREAD,2078,2.915,16000,test,2078-142845-0002_formant_reverb-rt60-0.8
data/attacks/speed0.9/2078-142845-0002_formant.wav,fake,attack,none,speed0.9,speed0.9,TO MAKE GOOD HOME MADE BREAD,2078,3.239,16000,test,2078-142845-0002_formant_speed0.9
data/attacks/speed1.1/2078-142845-0002_formant.wav,fake,attack,none,speed1.1,speed1.1,TO MAKE GOOD HOME MADE BREAD,2078,2.65,16000,test,2078-142845-0002_formant_speed1.1
data/attacks/mp3-128k/2078-142845-0002_melvoc.wav,fake,attack,none,mp3-128k,mp3-128k,TO MAKE GOOD HOME MADE BREAD,2078,2.912,16000,test,2078-142845-0002_melvoc_mp3-128k
data/attacks/mp3-64k/2078-142845-0002_melvoc.wav,fake,attack,none,mp3-64k,mp3-64k,TO MAKE GOOD HOME MADE BREAD,2078,2.912,16000,test,2078-142845-0002_melvoc_mp3-64k
data/attacks/opus-32k/2078-142845-0002_melvoc.wav,fake,attack,none,opus-32k,opus-32k,TO MAKE GOOD HOME MADE BREAD,2078,2.912,16000,test,2078-142845-0002_melvoc_opus-32k
data/attacks/g711-8k/2078-142845-0002_melvoc.wav,fake,attack,none,g711-8k,g711-8k,TO MAKE GOOD HOME MADE BREAD,2078,2.912,16000,test,2078-142845-0002_melvoc_g711-8k
data/attacks/resample-8k/2078-142845-0002_melvoc.wav,fake,attack,none,resample-8k,8k-roundtrip,TO MAKE GOOD HOME MADE BREAD,2078,2.912,16000,test,2078-142845-0002_melvoc_resample-8k
data/attacks/awgn-snr5/2078-142845-0002_melvoc.wav,fake,attack,none,awgn-snr5,snr5,TO MAKE GOOD HOME MADE BREAD,2078,2.912,16000,test,2078-142845-0002_melvoc_awgn-snr5
data/attacks/awgn-snr10/2078-142845-0002_melvoc.wav,fake,attack,none,awgn-snr10,snr10,TO MAKE GOOD HOME MADE BREAD,2078,2.912,16000,test,2078-142845-0002_melvoc_awgn-snr10
data/attacks/awgn-snr20/2078-142845-0002_melvoc.wav,fake,attack,none,awgn-snr20,snr20,TO MAKE GOOD HOME MADE BREAD,2078,2.912,16000,test,2078-142845-0002_melvoc_awgn-snr20
data/attacks/bandpass-300-3400/2078-142845-0002_melvoc.wav,fake,attack,none,bandpass-300-3400,bandpass300-3400,TO MAKE GOOD HOME MADE BREAD,2078,2.912,16000,test,2078-142845-0002_melvoc_bandpass-300-3400
data/attacks/reverb-rt60-0.2/2078-142845-0002_melvoc.wav,fake,attack,none,reverb-rt60-0.2,rt60-0.2,TO MAKE GOOD HOME MADE BREAD,2078,2.912,16000,test,2078-142845-0002_melvoc_reverb-rt60-0.2
data/attacks/reverb-rt60-0.4/2078-142845-0002_melvoc.wav,fake,attack,none,reverb-rt60-0.4,rt60-0.4,TO MAKE GOOD HOME MADE BREAD,2078,2.912,16000,test,2078-142845-0002_melvoc_reverb-rt60-0.4
data/attacks/reverb-rt60-0.8/2078-142845-0002_melvoc.wav,fake,attack,none,reverb-rt60-0.8,rt60-0.8,TO MAKE GOOD HOME MADE BREAD,2078,2.912,16000,test,2078-142845-0002_melvoc_reverb-rt60-0.8
data/attacks/speed0.9/2078-142845-0002_melvoc.wav,fake,attack,none,speed0.9,speed0.9,TO MAKE GOOD HOME MADE BREAD,2078,3.236,16000,test,2078-142845-0002_melvoc_speed0.9
data/attacks/speed1.1/2078-142845-0002_melvoc.wav,fake,attack,none,speed1.1,speed1.1,TO MAKE GOOD HOME MADE BREAD,2078,2.647,16000,test,2078-142845-0002_melvoc_speed1.1
data/attacks/mp3-128k/2078-142845-0002_pitch.wav,fake,attack,none,mp3-128k,mp3-128k,TO MAKE GOOD HOME MADE BREAD,2078,2.915,16000,test,2078-142845-0002_pitch_mp3-128k
data/attacks/mp3-64k/2078-142845-0002_pitch.wav,fake,attack,none,mp3-64k,mp3-64k,TO MAKE GOOD HOME MADE BREAD,2078,2.915,16000,test,2078-142845-0002_pitch_mp3-64k
data/attacks/opus-32k/2078-142845-0002_pitch.wav,fake,attack,none,opus-32k,opus-32k,TO MAKE GOOD HOME MADE BREAD,2078,2.915,16000,test,2078-142845-0002_pitch_opus-32k
data/attacks/g711-8k/2078-142845-0002_pitch.wav,fake,attack,none,g711-8k,g711-8k,TO MAKE GOOD HOME MADE BREAD,2078,2.915,16000,test,2078-142845-0002_pitch_g711-8k
data/attacks/resample-8k/2078-142845-0002_pitch.wav,fake,attack,none,resample-8k,8k-roundtrip,TO MAKE GOOD HOME MADE BREAD,2078,2.915,16000,test,2078-142845-0002_pitch_resample-8k
data/attacks/awgn-snr5/2078-142845-0002_pitch.wav,fake,attack,none,awgn-snr5,snr5,TO MAKE GOOD HOME MADE BREAD,2078,2.915,16000,test,2078-142845-0002_pitch_awgn-snr5
data/attacks/awgn-snr10/2078-142845-0002_pitch.wav,fake,attack,none,awgn-snr10,snr10,TO MAKE GOOD HOME MADE BREAD,2078,2.915,16000,test,2078-142845-0002_pitch_awgn-snr10
data/attacks/awgn-snr20/2078-142845-0002_pitch.wav,fake,attack,none,awgn-snr20,snr20,TO MAKE GOOD HOME MADE BREAD,2078,2.915,16000,test,2078-142845-0002_pitch_awgn-snr20
data/attacks/bandpass-300-3400/2078-142845-0002_pitch.wav,fake,attack,none,bandpass-300-3400,bandpass300-3400,TO MAKE GOOD HOME MADE BREAD,2078,2.915,16000,test,2078-142845-0002_pitch_bandpass-300-3400
data/attacks/reverb-rt60-0.2/2078-142845-0002_pitch.wav,fake,attack,none,reverb-rt60-0.2,rt60-0.2,TO MAKE GOOD HOME MADE BREAD,2078,2.915,16000,test,2078-142845-0002_pitch_reverb-rt60-0.2
data/attacks/reverb-rt60-0.4/2078-142845-0002_pitch.wav,fake,attack,none,reverb-rt60-0.4,rt60-0.4,TO MAKE GOOD HOME MADE BREAD,2078,2.915,16000,test,2078-142845-0002_pitch_reverb-rt60-0.4
data/attacks/reverb-rt60-0.8/2078-142845-0002_pitch.wav,fake,attack,none,reverb-rt60-0.8,rt60-0.8,TO MAKE GOOD HOME MADE BREAD,2078,2.915,16000,test,2078-142845-0002_pitch_reverb-rt60-0.8
data/attacks/speed0.9/2078-142845-0002_pitch.wav,fake,attack,none,speed0.9,speed0.9,TO MAKE GOOD HOME MADE BREAD,2078,3.239,16000,test,2078-142845-0002_pitch_speed0.9
data/attacks/speed1.1/2078-142845-0002_pitch.wav,fake,attack,none,speed1.1,speed1.1,TO MAKE GOOD HOME MADE BREAD,2078,2.65,16000,test,2078-142845-0002_pitch_speed1.1
data/attacks/mp3-128k/2078-142845-0003_formant.wav,fake,attack,none,mp3-128k,mp3-128k,SEVENTEEN EIGHTEEN,2078,2.075,16000,test,2078-142845-0003_formant_mp3-128k
data/attacks/mp3-64k/2078-142845-0003_formant.wav,fake,attack,none,mp3-64k,mp3-64k,SEVENTEEN EIGHTEEN,2078,2.075,16000,test,2078-142845-0003_formant_mp3-64k
data/attacks/opus-32k/2078-142845-0003_formant.wav,fake,attack,none,opus-32k,opus-32k,SEVENTEEN EIGHTEEN,2078,2.075,16000,test,2078-142845-0003_formant_opus-32k
data/attacks/g711-8k/2078-142845-0003_formant.wav,fake,attack,none,g711-8k,g711-8k,SEVENTEEN EIGHTEEN,2078,2.075,16000,test,2078-142845-0003_formant_g711-8k
data/attacks/resample-8k/2078-142845-0003_formant.wav,fake,attack,none,resample-8k,8k-roundtrip,SEVENTEEN EIGHTEEN,2078,2.075,16000,test,2078-142845-0003_formant_resample-8k
data/attacks/awgn-snr5/2078-142845-0003_formant.wav,fake,attack,none,awgn-snr5,snr5,SEVENTEEN EIGHTEEN,2078,2.075,16000,test,2078-142845-0003_formant_awgn-snr5
data/attacks/awgn-snr10/2078-142845-0003_formant.wav,fake,attack,none,awgn-snr10,snr10,SEVENTEEN EIGHTEEN,2078,2.075,16000,test,2078-142845-0003_formant_awgn-snr10
data/attacks/awgn-snr20/2078-142845-0003_formant.wav,fake,attack,none,awgn-snr20,snr20,SEVENTEEN EIGHTEEN,2078,2.075,16000,test,2078-142845-0003_formant_awgn-snr20
data/attacks/bandpass-300-3400/2078-142845-0003_formant.wav,fake,attack,none,bandpass-300-3400,bandpass300-3400,SEVENTEEN EIGHTEEN,2078,2.075,16000,test,2078-142845-0003_formant_bandpass-300-3400
data/attacks/reverb-rt60-0.2/2078-142845-0003_formant.wav,fake,attack,none,reverb-rt60-0.2,rt60-0.2,SEVENTEEN EIGHTEEN,2078,2.075,16000,test,2078-142845-0003_formant_reverb-rt60-0.2
data/attacks/reverb-rt60-0.4/2078-142845-0003_formant.wav,fake,attack,none,reverb-rt60-0.4,rt60-0.4,SEVENTEEN EIGHTEEN,2078,2.075,16000,test,2078-142845-0003_formant_reverb-rt60-0.4
data/attacks/reverb-rt60-0.8/2078-142845-0003_formant.wav,fake,attack,none,reverb-rt60-0.8,rt60-0.8,SEVENTEEN EIGHTEEN,2078,2.075,16000,test,2078-142845-0003_formant_reverb-rt60-0.8
data/attacks/speed0.9/2078-142845-0003_formant.wav,fake,attack,none,speed0.9,speed0.9,SEVENTEEN EIGHTEEN,2078,2.306,16000,test,2078-142845-0003_formant_speed0.9
data/attacks/speed1.1/2078-142845-0003_formant.wav,fake,attack,none,speed1.1,speed1.1,SEVENTEEN EIGHTEEN,2078,1.886,16000,test,2078-142845-0003_formant_speed1.1
data/attacks/mp3-128k/2078-142845-0003_melvoc.wav,fake,attack,none,mp3-128k,mp3-128k,SEVENTEEN EIGHTEEN,2078,2.072,16000,test,2078-142845-0003_melvoc_mp3-128k
data/attacks/mp3-64k/2078-142845-0003_melvoc.wav,fake,attack,none,mp3-64k,mp3-64k,SEVENTEEN EIGHTEEN,2078,2.072,16000,test,2078-142845-0003_melvoc_mp3-64k
data/attacks/opus-32k/2078-142845-0003_melvoc.wav,fake,attack,none,opus-32k,opus-32k,SEVENTEEN EIGHTEEN,2078,2.072,16000,test,2078-142845-0003_melvoc_opus-32k
data/attacks/g711-8k/2078-142845-0003_melvoc.wav,fake,attack,none,g711-8k,g711-8k,SEVENTEEN EIGHTEEN,2078,2.072,16000,test,2078-142845-0003_melvoc_g711-8k
data/attacks/resample-8k/2078-142845-0003_melvoc.wav,fake,attack,none,resample-8k,8k-roundtrip,SEVENTEEN EIGHTEEN,2078,2.072,16000,test,2078-142845-0003_melvoc_resample-8k
data/attacks/awgn-snr5/2078-142845-0003_melvoc.wav,fake,attack,none,awgn-snr5,snr5,SEVENTEEN EIGHTEEN,2078,2.072,16000,test,2078-142845-0003_melvoc_awgn-snr5
data/attacks/awgn-snr10/2078-142845-0003_melvoc.wav,fake,attack,none,awgn-snr10,snr10,SEVENTEEN EIGHTEEN,2078,2.072,16000,test,2078-142845-0003_melvoc_awgn-snr10
data/attacks/awgn-snr20/2078-142845-0003_melvoc.wav,fake,attack,none,awgn-snr20,snr20,SEVENTEEN EIGHTEEN,2078,2.072,16000,test,2078-142845-0003_melvoc_awgn-snr20
data/attacks/bandpass-300-3400/2078-142845-0003_melvoc.wav,fake,attack,none,bandpass-300-3400,bandpass300-3400,SEVENTEEN EIGHTEEN,2078,2.072,16000,test,2078-142845-0003_melvoc_bandpass-300-3400
data/attacks/reverb-rt60-0.2/2078-142845-0003_melvoc.wav,fake,attack,none,reverb-rt60-0.2,rt60-0.2,SEVENTEEN EIGHTEEN,2078,2.072,16000,test,2078-142845-0003_melvoc_reverb-rt60-0.2
data/attacks/reverb-rt60-0.4/2078-142845-0003_melvoc.wav,fake,attack,none,reverb-rt60-0.4,rt60-0.4,SEVENTEEN EIGHTEEN,2078,2.072,16000,test,2078-142845-0003_melvoc_reverb-rt60-0.4
data/attacks/reverb-rt60-0.8/2078-142845-0003_melvoc.wav,fake,attack,none,reverb-rt60-0.8,rt60-0.8,SEVENTEEN EIGHTEEN,2078,2.072,16000,test,2078-142845-0003_melvoc_reverb-rt60-0.8
data/attacks/speed0.9/2078-142845-0003_melvoc.wav,fake,attack,none,speed0.9,speed0.9,SEVENTEEN EIGHTEEN,2078,2.302,16000,test,2078-142845-0003_melvoc_speed0.9
data/attacks/speed1.1/2078-142845-0003_melvoc.wav,fake,attack,none,speed1.1,speed1.1,SEVENTEEN EIGHTEEN,2078,1.884,16000,test,2078-142845-0003_melvoc_speed1.1
data/attacks/mp3-128k/2078-142845-0003_pitch.wav,fake,attack,none,mp3-128k,mp3-128k,SEVENTEEN EIGHTEEN,2078,2.075,16000,test,2078-142845-0003_pitch_mp3-128k
data/attacks/mp3-64k/2078-142845-0003_pitch.wav,fake,attack,none,mp3-64k,mp3-64k,SEVENTEEN EIGHTEEN,2078,2.075,16000,test,2078-142845-0003_pitch_mp3-64k
data/attacks/opus-32k/2078-142845-0003_pitch.wav,fake,attack,none,opus-32k,opus-32k,SEVENTEEN EIGHTEEN,2078,2.075,16000,test,2078-142845-0003_pitch_opus-32k
data/attacks/g711-8k/2078-142845-0003_pitch.wav,fake,attack,none,g711-8k,g711-8k,SEVENTEEN EIGHTEEN,2078,2.075,16000,test,2078-142845-0003_pitch_g711-8k
data/attacks/resample-8k/2078-142845-0003_pitch.wav,fake,attack,none,resample-8k,8k-roundtrip,SEVENTEEN EIGHTEEN,2078,2.075,16000,test,2078-142845-0003_pitch_resample-8k
data/attacks/awgn-snr5/2078-142845-0003_pitch.wav,fake,attack,none,awgn-snr5,snr5,SEVENTEEN EIGHTEEN,2078,2.075,16000,test,2078-142845-0003_pitch_awgn-snr5
data/attacks/awgn-snr10/2078-142845-0003_pitch.wav,fake,attack,none,awgn-snr10,snr10,SEVENTEEN EIGHTEEN,2078,2.075,16000,test,2078-142845-0003_pitch_awgn-snr10
data/attacks/awgn-snr20/2078-142845-0003_pitch.wav,fake,attack,none,awgn-snr20,snr20,SEVENTEEN EIGHTEEN,2078,2.075,16000,test,2078-142845-0003_pitch_awgn-snr20
data/attacks/bandpass-300-3400/2078-142845-0003_pitch.wav,fake,attack,none,bandpass-300-3400,bandpass300-3400,SEVENTEEN EIGHTEEN,2078,2.075,16000,test,2078-142845-0003_pitch_bandpass-300-3400
data/attacks/reverb-rt60-0.2/2078-142845-0003_pitch.wav,fake,attack,none,reverb-rt60-0.2,rt60-0.2,SEVENTEEN EIGHTEEN,2078,2.075,16000,test,2078-142845-0003_pitch_reverb-rt60-0.2
data/attacks/reverb-rt60-0.4/2078-142845-0003_pitch.wav,fake,attack,none,reverb-rt60-0.4,rt60-0.4,SEVENTEEN EIGHTEEN,2078,2.075,16000,test,2078-142845-0003_pitch_reverb-rt60-0.4
data/attacks/reverb-rt60-0.8/2078-142845-0003_pitch.wav,fake,attack,none,reverb-rt60-0.8,rt60-0.8,SEVENTEEN EIGHTEEN,2078,2.075,16000,test,2078-142845-0003_pitch_reverb-rt60-0.8
data/attacks/speed0.9/2078-142845-0003_pitch.wav,fake,attack,none,speed0.9,speed0.9,SEVENTEEN EIGHTEEN,2078,2.306,16000,test,2078-142845-0003_pitch_speed0.9
data/attacks/speed1.1/2078-142845-0003_pitch.wav,fake,attack,none,speed1.1,speed1.1,SEVENTEEN EIGHTEEN,2078,1.886,16000,test,2078-142845-0003_pitch_speed1.1
data/attacks/mp3-128k/2078-142845-0004_formant.wav,fake,attack,none,mp3-128k,mp3-128k,MODE PUT THE FLOUR INTO A LARGE EARTHENWARE BOWL OR DEEP PAN THEN WITH A STRONG METAL OR WOODEN SPOON HOLLOW OUT THE MIDDLE BUT DO NOT CLEAR IT ENTIRELY AWAY FROM THE BOTTOM OF THE PAN AS IN THAT CASE THE SPONGE OR LEAVEN AS IT WAS FORMERLY TERMED WOULD STICK TO IT WHICH IT OUGHT NOT TO DO,2078,23.175,16000,test,2078-142845-0004_formant_mp3-128k
data/attacks/mp3-64k/2078-142845-0004_formant.wav,fake,attack,none,mp3-64k,mp3-64k,MODE PUT THE FLOUR INTO A LARGE EARTHENWARE BOWL OR DEEP PAN THEN WITH A STRONG METAL OR WOODEN SPOON HOLLOW OUT THE MIDDLE BUT DO NOT CLEAR IT ENTIRELY AWAY FROM THE BOTTOM OF THE PAN AS IN THAT CASE THE SPONGE OR LEAVEN AS IT WAS FORMERLY TERMED WOULD STICK TO IT WHICH IT OUGHT NOT TO DO,2078,23.175,16000,test,2078-142845-0004_formant_mp3-64k
data/attacks/opus-32k/2078-142845-0004_formant.wav,fake,attack,none,opus-32k,opus-32k,MODE PUT THE FLOUR INTO A LARGE EARTHENWARE BOWL OR DEEP PAN THEN WITH A STRONG METAL OR WOODEN SPOON HOLLOW OUT THE MIDDLE BUT DO NOT CLEAR IT ENTIRELY AWAY FROM THE BOTTOM OF THE PAN AS IN THAT CASE THE SPONGE OR LEAVEN AS IT WAS FORMERLY TERMED WOULD STICK TO IT WHICH IT OUGHT NOT TO DO,2078,23.175,16000,test,2078-142845-0004_formant_opus-32k
data/attacks/g711-8k/2078-142845-0004_formant.wav,fake,attack,none,g711-8k,g711-8k,MODE PUT THE FLOUR INTO A LARGE EARTHENWARE BOWL OR DEEP PAN THEN WITH A STRONG METAL OR WOODEN SPOON HOLLOW OUT THE MIDDLE BUT DO NOT CLEAR IT ENTIRELY AWAY FROM THE BOTTOM OF THE PAN AS IN THAT CASE THE SPONGE OR LEAVEN AS IT WAS FORMERLY TERMED WOULD STICK TO IT WHICH IT OUGHT NOT TO DO,2078,23.175,16000,test,2078-142845-0004_formant_g711-8k
data/attacks/resample-8k/2078-142845-0004_formant.wav,fake,attack,none,resample-8k,8k-roundtrip,MODE PUT THE FLOUR INTO A LARGE EARTHENWARE BOWL OR DEEP PAN THEN WITH A STRONG METAL OR WOODEN SPOON HOLLOW OUT THE MIDDLE BUT DO NOT CLEAR IT ENTIRELY AWAY FROM THE BOTTOM OF THE PAN AS IN THAT CASE THE SPONGE OR LEAVEN AS IT WAS FORMERLY TERMED WOULD STICK TO IT WHICH IT OUGHT NOT TO DO,2078,23.175,16000,test,2078-142845-0004_formant_resample-8k
data/attacks/awgn-snr5/2078-142845-0004_formant.wav,fake,attack,none,awgn-snr5,snr5,MODE PUT THE FLOUR INTO A LARGE EARTHENWARE BOWL OR DEEP PAN THEN WITH A STRONG METAL OR WOODEN SPOON HOLLOW OUT THE MIDDLE BUT DO NOT CLEAR IT ENTIRELY AWAY FROM THE BOTTOM OF THE PAN AS IN THAT CASE THE SPONGE OR LEAVEN AS IT WAS FORMERLY TERMED WOULD STICK TO IT WHICH IT OUGHT NOT TO DO,2078,23.175,16000,test,2078-142845-0004_formant_awgn-snr5
data/attacks/awgn-snr10/2078-142845-0004_formant.wav,fake,attack,none,awgn-snr10,snr10,MODE PUT THE FLOUR INTO A LARGE EARTHENWARE BOWL OR DEEP PAN THEN WITH A STRONG METAL OR WOODEN SPOON HOLLOW OUT THE MIDDLE BUT DO NOT CLEAR IT ENTIRELY AWAY FROM THE BOTTOM OF THE PAN AS IN THAT CASE THE SPONGE OR LEAVEN AS IT WAS FORMERLY TERMED WOULD STICK TO IT WHICH IT OUGHT NOT TO DO,2078,23.175,16000,test,2078-142845-0004_formant_awgn-snr10
data/attacks/awgn-snr20/2078-142845-0004_formant.wav,fake,attack,none,awgn-snr20,snr20,MODE PUT THE FLOUR INTO A LARGE EARTHENWARE BOWL OR DEEP PAN THEN WITH A STRONG METAL OR WOODEN SPOON HOLLOW OUT THE MIDDLE BUT DO NOT CLEAR IT ENTIRELY AWAY FROM THE BOTTOM OF THE PAN AS IN THAT CASE THE SPONGE OR LEAVEN AS IT WAS FORMERLY TERMED WOULD STICK TO IT WHICH IT OUGHT NOT TO DO,2078,23.175,16000,test,2078-142845-0004_formant_awgn-snr20
data/attacks/bandpass-300-3400/2078-142845-0004_formant.wav,fake,attack,none,bandpass-300-3400,bandpass300-3400,MODE PUT THE FLOUR INTO A LARGE EARTHENWARE BOWL OR DEEP PAN THEN WITH A STRONG METAL OR WOODEN SPOON HOLLOW OUT THE MIDDLE BUT DO NOT CLEAR IT ENTIRELY AWAY FROM THE BOTTOM OF THE PAN AS IN THAT CASE THE SPONGE OR LEAVEN AS IT WAS FORMERLY TERMED WOULD STICK TO IT WHICH IT OUGHT NOT TO DO,2078,23.175,16000,test,2078-142845-0004_formant_bandpass-300-3400
data/attacks/reverb-rt60-0.2/2078-142845-0004_formant.wav,fake,attack,none,reverb-rt60-0.2,rt60-0.2,MODE PUT THE FLOUR INTO A LARGE EARTHENWARE BOWL OR DEEP PAN THEN WITH A STRONG METAL OR WOODEN SPOON HOLLOW OUT THE MIDDLE BUT DO NOT CLEAR IT ENTIRELY AWAY FROM THE BOTTOM OF THE PAN AS IN THAT CASE THE SPONGE OR LEAVEN AS IT WAS FORMERLY TERMED WOULD STICK TO IT WHICH IT OUGHT NOT TO DO,2078,23.175,16000,test,2078-142845-0004_formant_reverb-rt60-0.2
data/attacks/reverb-rt60-0.4/2078-142845-0004_formant.wav,fake,attack,none,reverb-rt60-0.4,rt60-0.4,MODE PUT THE FLOUR INTO A LARGE EARTHENWARE BOWL OR DEEP PAN THEN WITH A STRONG METAL OR WOODEN SPOON HOLLOW OUT THE MIDDLE BUT DO NOT CLEAR IT ENTIRELY AWAY FROM THE BOTTOM OF THE PAN AS IN THAT CASE THE SPONGE OR LEAVEN AS IT WAS FORMERLY TERMED WOULD STICK TO IT WHICH IT OUGHT NOT TO DO,2078,23.175,16000,test,2078-142845-0004_formant_reverb-rt60-0.4
data/attacks/reverb-rt60-0.8/2078-142845-0004_formant.wav,fake,attack,none,reverb-rt60-0.8,rt60-0.8,MODE PUT THE FLOUR INTO A LARGE EARTHENWARE BOWL OR DEEP PAN THEN WITH A STRONG METAL OR WOODEN SPOON HOLLOW OUT THE MIDDLE BUT DO NOT CLEAR IT ENTIRELY AWAY FROM THE BOTTOM OF THE PAN AS IN THAT CASE THE SPONGE OR LEAVEN AS IT WAS FORMERLY TERMED WOULD STICK TO IT WHICH IT OUGHT NOT TO DO,2078,23.175,16000,test,2078-142845-0004_formant_reverb-rt60-0.8
data/attacks/speed0.9/2078-142845-0004_formant.wav,fake,attack,none,speed0.9,speed0.9,MODE PUT THE FLOUR INTO A LARGE EARTHENWARE BOWL OR DEEP PAN THEN WITH A STRONG METAL OR WOODEN SPOON HOLLOW OUT THE MIDDLE BUT DO NOT CLEAR IT ENTIRELY AWAY FROM THE BOTTOM OF THE PAN AS IN THAT CASE THE SPONGE OR LEAVEN AS IT WAS FORMERLY TERMED WOULD STICK TO IT WHICH IT OUGHT NOT TO DO,2078,25.75,16000,test,2078-142845-0004_formant_speed0.9
data/attacks/speed1.1/2078-142845-0004_formant.wav,fake,attack,none,speed1.1,speed1.1,MODE PUT THE FLOUR INTO A LARGE EARTHENWARE BOWL OR DEEP PAN THEN WITH A STRONG METAL OR WOODEN SPOON HOLLOW OUT THE MIDDLE BUT DO NOT CLEAR IT ENTIRELY AWAY FROM THE BOTTOM OF THE PAN AS IN THAT CASE THE SPONGE OR LEAVEN AS IT WAS FORMERLY TERMED WOULD STICK TO IT WHICH IT OUGHT NOT TO DO,2078,21.068,16000,test,2078-142845-0004_formant_speed1.1
data/attacks/mp3-128k/2078-142845-0004_melvoc.wav,fake,attack,none,mp3-128k,mp3-128k,MODE PUT THE FLOUR INTO A LARGE EARTHENWARE BOWL OR DEEP PAN THEN WITH A STRONG METAL OR WOODEN SPOON HOLLOW OUT THE MIDDLE BUT DO NOT CLEAR IT ENTIRELY AWAY FROM THE BOTTOM OF THE PAN AS IN THAT CASE THE SPONGE OR LEAVEN AS IT WAS FORMERLY TERMED WOULD STICK TO IT WHICH IT OUGHT NOT TO DO,2078,23.168,16000,test,2078-142845-0004_melvoc_mp3-128k
data/attacks/mp3-64k/2078-142845-0004_melvoc.wav,fake,attack,none,mp3-64k,mp3-64k,MODE PUT THE FLOUR INTO A LARGE EARTHENWARE BOWL OR DEEP PAN THEN WITH A STRONG METAL OR WOODEN SPOON HOLLOW OUT THE MIDDLE BUT DO NOT CLEAR IT ENTIRELY AWAY FROM THE BOTTOM OF THE PAN AS IN THAT CASE THE SPONGE OR LEAVEN AS IT WAS FORMERLY TERMED WOULD STICK TO IT WHICH IT OUGHT NOT TO DO,2078,23.168,16000,test,2078-142845-0004_melvoc_mp3-64k
data/attacks/opus-32k/2078-142845-0004_melvoc.wav,fake,attack,none,opus-32k,opus-32k,MODE PUT THE FLOUR INTO A LARGE EARTHENWARE BOWL OR DEEP PAN THEN WITH A STRONG METAL OR WOODEN SPOON HOLLOW OUT THE MIDDLE BUT DO NOT CLEAR IT ENTIRELY AWAY FROM THE BOTTOM OF THE PAN AS IN THAT CASE THE SPONGE OR LEAVEN AS IT WAS FORMERLY TERMED WOULD STICK TO IT WHICH IT OUGHT NOT TO DO,2078,23.168,16000,test,2078-142845-0004_melvoc_opus-32k
data/attacks/g711-8k/2078-142845-0004_melvoc.wav,fake,attack,none,g711-8k,g711-8k,MODE PUT THE FLOUR INTO A LARGE EARTHENWARE BOWL OR DEEP PAN THEN WITH A STRONG METAL OR WOODEN SPOON HOLLOW OUT THE MIDDLE BUT DO NOT CLEAR IT ENTIRELY AWAY FROM THE BOTTOM OF THE PAN AS IN THAT CASE THE SPONGE OR LEAVEN AS IT WAS FORMERLY TERMED WOULD STICK TO IT WHICH IT OUGHT NOT TO DO,2078,23.168,16000,test,2078-142845-0004_melvoc_g711-8k
data/attacks/resample-8k/2078-142845-0004_melvoc.wav,fake,attack,none,resample-8k,8k-roundtrip,MODE PUT THE FLOUR INTO A LARGE EARTHENWARE BOWL OR DEEP PAN THEN WITH A STRONG METAL OR WOODEN SPOON HOLLOW OUT THE MIDDLE BUT DO NOT CLEAR IT ENTIRELY AWAY FROM THE BOTTOM OF THE PAN AS IN THAT CASE THE SPONGE OR LEAVEN AS IT WAS FORMERLY TERMED WOULD STICK TO IT WHICH IT OUGHT NOT TO DO,2078,23.168,16000,test,2078-142845-0004_melvoc_resample-8k
data/attacks/awgn-snr5/2078-142845-0004_melvoc.wav,fake,attack,none,awgn-snr5,snr5,MODE PUT THE FLOUR INTO A LARGE EARTHENWARE BOWL OR DEEP PAN THEN WITH A STRONG METAL OR WOODEN SPOON HOLLOW OUT THE MIDDLE BUT DO NOT CLEAR IT ENTIRELY AWAY FROM THE BOTTOM OF THE PAN AS IN THAT CASE THE SPONGE OR LEAVEN AS IT WAS FORMERLY TERMED WOULD STICK TO IT WHICH IT OUGHT NOT TO DO,2078,23.168,16000,test,2078-142845-0004_melvoc_awgn-snr5
data/attacks/awgn-snr10/2078-142845-0004_melvoc.wav,fake,attack,none,awgn-snr10,snr10,MODE PUT THE FLOUR INTO A LARGE EARTHENWARE BOWL OR DEEP PAN THEN WITH A STRONG METAL OR WOODEN SPOON HOLLOW OUT THE MIDDLE BUT DO NOT CLEAR IT ENTIRELY AWAY FROM THE BOTTOM OF THE PAN AS IN THAT CASE THE SPONGE OR LEAVEN AS IT WAS FORMERLY TERMED WOULD STICK TO IT WHICH IT OUGHT NOT TO DO,2078,23.168,16000,test,2078-142845-0004_melvoc_awgn-snr10
data/attacks/awgn-snr20/2078-142845-0004_melvoc.wav,fake,attack,none,awgn-snr20,snr20,MODE PUT THE FLOUR INTO A LARGE EARTHENWARE BOWL OR DEEP PAN THEN WITH A STRONG METAL OR WOODEN SPOON HOLLOW OUT THE MIDDLE BUT DO NOT CLEAR IT ENTIRELY AWAY FROM THE BOTTOM OF THE PAN AS IN THAT CASE THE SPONGE OR LEAVEN AS IT WAS FORMERLY TERMED WOULD STICK TO IT WHICH IT OUGHT NOT TO DO,2078,23.168,16000,test,2078-142845-0004_melvoc_awgn-snr20
data/attacks/bandpass-300-3400/2078-142845-0004_melvoc.wav,fake,attack,none,bandpass-300-3400,bandpass300-3400,MODE PUT THE FLOUR INTO A LARGE EARTHENWARE BOWL OR DEEP PAN THEN WITH A STRONG METAL OR WOODEN SPOON HOLLOW OUT THE MIDDLE BUT DO NOT CLEAR IT ENTIRELY AWAY FROM THE BOTTOM OF THE PAN AS IN THAT CASE THE SPONGE OR LEAVEN AS IT WAS FORMERLY TERMED WOULD STICK TO IT WHICH IT OUGHT NOT TO DO,2078,23.168,16000,test,2078-142845-0004_melvoc_bandpass-300-3400
data/attacks/reverb-rt60-0.2/2078-142845-0004_melvoc.wav,fake,attack,none,reverb-rt60-0.2,rt60-0.2,MODE PUT THE FLOUR INTO A LARGE EARTHENWARE BOWL OR DEEP PAN THEN WITH A STRONG METAL OR WOODEN SPOON HOLLOW OUT THE MIDDLE BUT DO NOT CLEAR IT ENTIRELY AWAY FROM THE BOTTOM OF THE PAN AS IN THAT CASE THE SPONGE OR LEAVEN AS IT WAS FORMERLY TERMED WOULD STICK TO IT WHICH IT OUGHT NOT TO DO,2078,23.168,16000,test,2078-142845-0004_melvoc_reverb-rt60-0.2
data/attacks/reverb-rt60-0.4/2078-142845-0004_melvoc.wav,fake,attack,none,reverb-rt60-0.4,rt60-0.4,MODE PUT THE FLOUR INTO A LARGE EARTHENWARE BOWL OR DEEP PAN THEN WITH A STRONG METAL OR WOODEN SPOON HOLLOW OUT THE MIDDLE BUT DO NOT CLEAR IT ENTIRELY AWAY FROM THE BOTTOM OF THE PAN AS IN THAT CASE THE SPONGE OR LEAVEN AS IT WAS FORMERLY TERMED WOULD STICK TO IT WHICH IT OUGHT NOT TO DO,2078,23.168,16000,test,2078-142845-0004_melvoc_reverb-rt60-0.4
data/attacks/reverb-rt60-0.8/2078-142845-0004_melvoc.wav,fake,attack,none,reverb-rt60-0.8,rt60-0.8,MODE PUT THE FLOUR INTO A LARGE EARTHENWARE BOWL OR DEEP PAN THEN WITH A STRONG METAL OR WOODEN SPOON HOLLOW OUT THE MIDDLE BUT DO NOT CLEAR IT ENTIRELY AWAY FROM THE BOTTOM OF THE PAN AS IN THAT CASE THE SPONGE OR LEAVEN AS IT WAS FORMERLY TERMED WOULD STICK TO IT WHICH IT OUGHT NOT TO DO,2078,23.168,16000,test,2078-142845-0004_melvoc_reverb-rt60-0.8
data/attacks/speed0.9/2078-142845-0004_melvoc.wav,fake,attack,none,speed0.9,speed0.9,MODE PUT THE FLOUR INTO A LARGE EARTHENWARE BOWL OR DEEP PAN THEN WITH A STRONG METAL OR WOODEN SPOON HOLLOW OUT THE MIDDLE BUT DO NOT CLEAR IT ENTIRELY AWAY FROM THE BOTTOM OF THE PAN AS IN THAT CASE THE SPONGE OR LEAVEN AS IT WAS FORMERLY TERMED WOULD STICK TO IT WHICH IT OUGHT NOT TO DO,2078,25.742,16000,test,2078-142845-0004_melvoc_speed0.9
data/attacks/speed1.1/2078-142845-0004_melvoc.wav,fake,attack,none,speed1.1,speed1.1,MODE PUT THE FLOUR INTO A LARGE EARTHENWARE BOWL OR DEEP PAN THEN WITH A STRONG METAL OR WOODEN SPOON HOLLOW OUT THE MIDDLE BUT DO NOT CLEAR IT ENTIRELY AWAY FROM THE BOTTOM OF THE PAN AS IN THAT CASE THE SPONGE OR LEAVEN AS IT WAS FORMERLY TERMED WOULD STICK TO IT WHICH IT OUGHT NOT TO DO,2078,21.062,16000,test,2078-142845-0004_melvoc_speed1.1
data/attacks/mp3-128k/2078-142845-0004_pitch.wav,fake,attack,none,mp3-128k,mp3-128k,MODE PUT THE FLOUR INTO A LARGE EARTHENWARE BOWL OR DEEP PAN THEN WITH A STRONG METAL OR WOODEN SPOON HOLLOW OUT THE MIDDLE BUT DO NOT CLEAR IT ENTIRELY AWAY FROM THE BOTTOM OF THE PAN AS IN THAT CASE THE SPONGE OR LEAVEN AS IT WAS FORMERLY TERMED WOULD STICK TO IT WHICH IT OUGHT NOT TO DO,2078,23.175,16000,test,2078-142845-0004_pitch_mp3-128k
data/attacks/mp3-64k/2078-142845-0004_pitch.wav,fake,attack,none,mp3-64k,mp3-64k,MODE PUT THE FLOUR INTO A LARGE EARTHENWARE BOWL OR DEEP PAN THEN WITH A STRONG METAL OR WOODEN SPOON HOLLOW OUT THE MIDDLE BUT DO NOT CLEAR IT ENTIRELY AWAY FROM THE BOTTOM OF THE PAN AS IN THAT CASE THE SPONGE OR LEAVEN AS IT WAS FORMERLY TERMED WOULD STICK TO IT WHICH IT OUGHT NOT TO DO,2078,23.175,16000,test,2078-142845-0004_pitch_mp3-64k
data/attacks/opus-32k/2078-142845-0004_pitch.wav,fake,attack,none,opus-32k,opus-32k,MODE PUT THE FLOUR INTO A LARGE EARTHENWARE BOWL OR DEEP PAN THEN WITH A STRONG METAL OR WOODEN SPOON HOLLOW OUT THE MIDDLE BUT DO NOT CLEAR IT ENTIRELY AWAY FROM THE BOTTOM OF THE PAN AS IN THAT CASE THE SPONGE OR LEAVEN AS IT WAS FORMERLY TERMED WOULD STICK TO IT WHICH IT OUGHT NOT TO DO,2078,23.175,16000,test,2078-142845-0004_pitch_opus-32k
data/attacks/g711-8k/2078-142845-0004_pitch.wav,fake,attack,none,g711-8k,g711-8k,MODE PUT THE FLOUR INTO A LARGE EARTHENWARE BOWL OR DEEP PAN THEN WITH A STRONG METAL OR WOODEN SPOON HOLLOW OUT THE MIDDLE BUT DO NOT CLEAR IT ENTIRELY AWAY FROM THE BOTTOM OF THE PAN AS IN THAT CASE THE SPONGE OR LEAVEN AS IT WAS FORMERLY TERMED WOULD STICK TO IT WHICH IT OUGHT NOT TO DO,2078,23.175,16000,test,2078-142845-0004_pitch_g711-8k
data/attacks/resample-8k/2078-142845-0004_pitch.wav,fake,attack,none,resample-8k,8k-roundtrip,MODE PUT THE FLOUR INTO A LARGE EARTHENWARE BOWL OR DEEP PAN THEN WITH A STRONG METAL OR WOODEN SPOON HOLLOW OUT THE MIDDLE BUT DO NOT CLEAR IT ENTIRELY AWAY FROM THE BOTTOM OF THE PAN AS IN THAT CASE THE SPONGE OR LEAVEN AS IT WAS FORMERLY TERMED WOULD STICK TO IT WHICH IT OUGHT NOT TO DO,2078,23.175,16000,test,2078-142845-0004_pitch_resample-8k
data/attacks/awgn-snr5/2078-142845-0004_pitch.wav,fake,attack,none,awgn-snr5,snr5,MODE PUT THE FLOUR INTO A LARGE EARTHENWARE BOWL OR DEEP PAN THEN WITH A STRONG METAL OR WOODEN SPOON HOLLOW OUT THE MIDDLE BUT DO NOT CLEAR IT ENTIRELY AWAY FROM THE BOTTOM OF THE PAN AS IN THAT CASE THE SPONGE OR LEAVEN AS IT WAS FORMERLY TERMED WOULD STICK TO IT WHICH IT OUGHT NOT TO DO,2078,23.175,16000,test,2078-142845-0004_pitch_awgn-snr5
data/attacks/awgn-snr10/2078-142845-0004_pitch.wav,fake,attack,none,awgn-snr10,snr10,MODE PUT THE FLOUR INTO A LARGE EARTHENWARE BOWL OR DEEP PAN THEN WITH A STRONG METAL OR WOODEN SPOON HOLLOW OUT THE MIDDLE BUT DO NOT CLEAR IT ENTIRELY AWAY FROM THE BOTTOM OF THE PAN AS IN THAT CASE THE SPONGE OR LEAVEN AS IT WAS FORMERLY TERMED WOULD STICK TO IT WHICH IT OUGHT NOT TO DO,2078,23.175,16000,test,2078-142845-0004_pitch_awgn-snr10
data/attacks/awgn-snr20/2078-142845-0004_pitch.wav,fake,attack,none,awgn-snr20,snr20,MODE PUT THE FLOUR INTO A LARGE EARTHENWARE BOWL OR DEEP PAN THEN WITH A STRONG METAL OR WOODEN SPOON HOLLOW OUT THE MIDDLE BUT DO NOT CLEAR IT ENTIRELY AWAY FROM THE BOTTOM OF THE PAN AS IN THAT CASE THE SPONGE OR LEAVEN AS IT WAS FORMERLY TERMED WOULD STICK TO IT WHICH IT OUGHT NOT TO DO,2078,23.175,16000,test,2078-142845-0004_pitch_awgn-snr20
data/attacks/bandpass-300-3400/2078-142845-0004_pitch.wav,fake,attack,none,bandpass-300-3400,bandpass300-3400,MODE PUT THE FLOUR INTO A LARGE EARTHENWARE BOWL OR DEEP PAN THEN WITH A STRONG METAL OR WOODEN SPOON HOLLOW OUT THE MIDDLE BUT DO NOT CLEAR IT ENTIRELY AWAY FROM THE BOTTOM OF THE PAN AS IN THAT CASE THE SPONGE OR LEAVEN AS IT WAS FORMERLY TERMED WOULD STICK TO IT WHICH IT OUGHT NOT TO DO,2078,23.175,16000,test,2078-142845-0004_pitch_bandpass-300-3400
data/attacks/reverb-rt60-0.2/2078-142845-0004_pitch.wav,fake,attack,none,reverb-rt60-0.2,rt60-0.2,MODE PUT THE FLOUR INTO A LARGE EARTHENWARE BOWL OR DEEP PAN THEN WITH A STRONG METAL OR WOODEN SPOON HOLLOW OUT THE MIDDLE BUT DO NOT CLEAR IT ENTIRELY AWAY FROM THE BOTTOM OF THE PAN AS IN THAT CASE THE SPONGE OR LEAVEN AS IT WAS FORMERLY TERMED WOULD STICK TO IT WHICH IT OUGHT NOT TO DO,2078,23.175,16000,test,2078-142845-0004_pitch_reverb-rt60-0.2
data/attacks/reverb-rt60-0.4/2078-142845-0004_pitch.wav,fake,attack,none,reverb-rt60-0.4,rt60-0.4,MODE PUT THE FLOUR INTO A LARGE EARTHENWARE BOWL OR DEEP PAN THEN WITH A STRONG METAL OR WOODEN SPOON HOLLOW OUT THE MIDDLE BUT DO NOT CLEAR IT ENTIRELY AWAY FROM THE BOTTOM OF THE PAN AS IN THAT CASE THE SPONGE OR LEAVEN AS IT WAS FORMERLY TERMED WOULD STICK TO IT WHICH IT OUGHT NOT TO DO,2078,23.175,16000,test,2078-142845-0004_pitch_reverb-rt60-0.4
data/attacks/reverb-rt60-0.8/2078-142845-0004_pitch.wav,fake,attack,none,reverb-rt60-0.8,rt60-0.8,MODE PUT THE FLOUR INTO A LARGE EARTHENWARE BOWL OR DEEP PAN THEN WITH A STRONG METAL OR WOODEN SPOON HOLLOW OUT THE MIDDLE BUT DO NOT CLEAR IT ENTIRELY AWAY FROM THE BOTTOM OF THE PAN AS IN THAT CASE THE SPONGE OR LEAVEN AS IT WAS FORMERLY TERMED WOULD STICK TO IT WHICH IT OUGHT NOT TO DO,2078,23.175,16000,test,2078-142845-0004_pitch_reverb-rt60-0.8
data/attacks/speed0.9/2078-142845-0004_pitch.wav,fake,attack,none,speed0.9,speed0.9,MODE PUT THE FLOUR INTO A LARGE EARTHENWARE BOWL OR DEEP PAN THEN WITH A STRONG METAL OR WOODEN SPOON HOLLOW OUT THE MIDDLE BUT DO NOT CLEAR IT ENTIRELY AWAY FROM THE BOTTOM OF THE PAN AS IN THAT CASE THE SPONGE OR LEAVEN AS IT WAS FORMERLY TERMED WOULD STICK TO IT WHICH IT OUGHT NOT TO DO,2078,25.75,16000,test,2078-142845-0004_pitch_speed0.9
data/attacks/speed1.1/2078-142845-0004_pitch.wav,fake,attack,none,speed1.1,speed1.1,MODE PUT THE FLOUR INTO A LARGE EARTHENWARE BOWL OR DEEP PAN THEN WITH A STRONG METAL OR WOODEN SPOON HOLLOW OUT THE MIDDLE BUT DO NOT CLEAR IT ENTIRELY AWAY FROM THE BOTTOM OF THE PAN AS IN THAT CASE THE SPONGE OR LEAVEN AS IT WAS FORMERLY TERMED WOULD STICK TO IT WHICH IT OUGHT NOT TO DO,2078,21.068,16000,test,2078-142845-0004_pitch_speed1.1
data/attacks/mp3-128k/2078-142845-0005_formant.wav,fake,attack,none,mp3-128k,mp3-128k,NEXT TAKE EITHER A LARGE TABLESPOONFUL OF BREWER'S YEAST WHICH HAS BEEN RENDERED SOLID BY MIXING IT WITH PLENTY OF COLD WATER AND LETTING IT AFTERWARDS STAND TO SETTLE FOR A DAY AND NIGHT OR NEARLY AN OUNCE OF GERMAN YEAST PUT IT INTO A LARGE BASIN AND PROCEED TO MIX IT SO THAT IT SHALL BE AS SMOOTH AS CREAM WITH THREE QUARTERS PINT OF WARM MILK AND WATER OR WITH WATER ONLY THOUGH EVEN A VERY LITTLE MILK WILL MUCH IMPROVE THE BREAD,2078,31.375,16000,test,2078-142845-0005_formant_mp3-128k
data/attacks/mp3-64k/2078-142845-0005_formant.wav,fake,attack,none,mp3-64k,mp3-64k,NEXT TAKE EITHER A LARGE TABLESPOONFUL OF BREWER'S YEAST WHICH HAS BEEN RENDERED SOLID BY MIXING IT WITH PLENTY OF COLD WATER AND LETTING IT AFTERWARDS STAND TO SETTLE FOR A DAY AND NIGHT OR NEARLY AN OUNCE OF GERMAN YEAST PUT IT INTO A LARGE BASIN AND PROCEED TO MIX IT SO THAT IT SHALL BE AS SMOOTH AS CREAM WITH THREE QUARTERS PINT OF WARM MILK AND WATER OR WITH WATER ONLY THOUGH EVEN A VERY LITTLE MILK WILL MUCH IMPROVE THE BREAD,2078,31.375,16000,test,2078-142845-0005_formant_mp3-64k
data/attacks/opus-32k/2078-142845-0005_formant.wav,fake,attack,none,opus-32k,opus-32k,NEXT TAKE EITHER A LARGE TABLESPOONFUL OF BREWER'S YEAST WHICH HAS BEEN RENDERED SOLID BY MIXING IT WITH PLENTY OF COLD WATER AND LETTING IT AFTERWARDS STAND TO SETTLE FOR A DAY AND NIGHT OR NEARLY AN OUNCE OF GERMAN YEAST PUT IT INTO A LARGE BASIN AND PROCEED TO MIX IT SO THAT IT SHALL BE AS SMOOTH AS CREAM WITH THREE QUARTERS PINT OF WARM MILK AND WATER OR WITH WATER ONLY THOUGH EVEN A VERY LITTLE MILK WILL MUCH IMPROVE THE BREAD,2078,31.375,16000,test,2078-142845-0005_formant_opus-32k
data/attacks/g711-8k/2078-142845-0005_formant.wav,fake,attack,none,g711-8k,g711-8k,NEXT TAKE EITHER A LARGE TABLESPOONFUL OF BREWER'S YEAST WHICH HAS BEEN RENDERED SOLID BY MIXING IT WITH PLENTY OF COLD WATER AND LETTING IT AFTERWARDS STAND TO SETTLE FOR A DAY AND NIGHT OR NEARLY AN OUNCE OF GERMAN YEAST PUT IT INTO A LARGE BASIN AND PROCEED TO MIX IT SO THAT IT SHALL BE AS SMOOTH AS CREAM WITH THREE QUARTERS PINT OF WARM MILK AND WATER OR WITH WATER ONLY THOUGH EVEN A VERY LITTLE MILK WILL MUCH IMPROVE THE BREAD,2078,31.375,16000,test,2078-142845-0005_formant_g711-8k
data/attacks/resample-8k/2078-142845-0005_formant.wav,fake,attack,none,resample-8k,8k-roundtrip,NEXT TAKE EITHER A LARGE TABLESPOONFUL OF BREWER'S YEAST WHICH HAS BEEN RENDERED SOLID BY MIXING IT WITH PLENTY OF COLD WATER AND LETTING IT AFTERWARDS STAND TO SETTLE FOR A DAY AND NIGHT OR NEARLY AN OUNCE OF GERMAN YEAST PUT IT INTO A LARGE BASIN AND PROCEED TO MIX IT SO THAT IT SHALL BE AS SMOOTH AS CREAM WITH THREE QUARTERS PINT OF WARM MILK AND WATER OR WITH WATER ONLY THOUGH EVEN A VERY LITTLE MILK WILL MUCH IMPROVE THE BREAD,2078,31.375,16000,test,2078-142845-0005_formant_resample-8k
data/attacks/awgn-snr5/2078-142845-0005_formant.wav,fake,attack,none,awgn-snr5,snr5,NEXT TAKE EITHER A LARGE TABLESPOONFUL OF BREWER'S YEAST WHICH HAS BEEN RENDERED SOLID BY MIXING IT WITH PLENTY OF COLD WATER AND LETTING IT AFTERWARDS STAND TO SETTLE FOR A DAY AND NIGHT OR NEARLY AN OUNCE OF GERMAN YEAST PUT IT INTO A LARGE BASIN AND PROCEED TO MIX IT SO THAT IT SHALL BE AS SMOOTH AS CREAM WITH THREE QUARTERS PINT OF WARM MILK AND WATER OR WITH WATER ONLY THOUGH EVEN A VERY LITTLE MILK WILL MUCH IMPROVE THE BREAD,2078,31.375,16000,test,2078-142845-0005_formant_awgn-snr5
data/attacks/awgn-snr10/2078-142845-0005_formant.wav,fake,attack,none,awgn-snr10,snr10,NEXT TAKE EITHER A LARGE TABLESPOONFUL OF BREWER'S YEAST WHICH HAS BEEN RENDERED SOLID BY MIXING IT WITH PLENTY OF COLD WATER AND LETTING IT AFTERWARDS STAND TO SETTLE FOR A DAY AND NIGHT OR NEARLY AN OUNCE OF GERMAN YEAST PUT IT INTO A LARGE BASIN AND PROCEED TO MIX IT SO THAT IT SHALL BE AS SMOOTH AS CREAM WITH THREE QUARTERS PINT OF WARM MILK AND WATER OR WITH WATER ONLY THOUGH EVEN A VERY LITTLE MILK WILL MUCH IMPROVE THE BREAD,2078,31.375,16000,test,2078-142845-0005_formant_awgn-snr10
data/attacks/awgn-snr20/2078-142845-0005_formant.wav,fake,attack,none,awgn-snr20,snr20,NEXT TAKE EITHER A LARGE TABLESPOONFUL OF BREWER'S YEAST WHICH HAS BEEN RENDERED SOLID BY MIXING IT WITH PLENTY OF COLD WATER AND LETTING IT AFTERWARDS STAND TO SETTLE FOR A DAY AND NIGHT OR NEARLY AN OUNCE OF GERMAN YEAST PUT IT INTO A LARGE BASIN AND PROCEED TO MIX IT SO THAT IT SHALL BE AS SMOOTH AS CREAM WITH THREE QUARTERS PINT OF WARM MILK AND WATER OR WITH WATER ONLY THOUGH EVEN A VERY LITTLE MILK WILL MUCH IMPROVE THE BREAD,2078,31.375,16000,test,2078-142845-0005_formant_awgn-snr20
data/attacks/bandpass-300-3400/2078-142845-0005_formant.wav,fake,attack,none,bandpass-300-3400,bandpass300-3400,NEXT TAKE EITHER A LARGE TABLESPOONFUL OF BREWER'S YEAST WHICH HAS BEEN RENDERED SOLID BY MIXING IT WITH PLENTY OF COLD WATER AND LETTING IT AFTERWARDS STAND TO SETTLE FOR A DAY AND NIGHT OR NEARLY AN OUNCE OF GERMAN YEAST PUT IT INTO A LARGE BASIN AND PROCEED TO MIX IT SO THAT IT SHALL BE AS SMOOTH AS CREAM WITH THREE QUARTERS PINT OF WARM MILK AND WATER OR WITH WATER ONLY THOUGH EVEN A VERY LITTLE MILK WILL MUCH IMPROVE THE BREAD,2078,31.375,16000,test,2078-142845-0005_formant_bandpass-300-3400
data/attacks/reverb-rt60-0.2/2078-142845-0005_formant.wav,fake,attack,none,reverb-rt60-0.2,rt60-0.2,NEXT TAKE EITHER A LARGE TABLESPOONFUL OF BREWER'S YEAST WHICH HAS BEEN RENDERED SOLID BY MIXING IT WITH PLENTY OF COLD WATER AND LETTING IT AFTERWARDS STAND TO SETTLE FOR A DAY AND NIGHT OR NEARLY AN OUNCE OF GERMAN YEAST PUT IT INTO A LARGE BASIN AND PROCEED TO MIX IT SO THAT IT SHALL BE AS SMOOTH AS CREAM WITH THREE QUARTERS PINT OF WARM MILK AND WATER OR WITH WATER ONLY THOUGH EVEN A VERY LITTLE MILK WILL MUCH IMPROVE THE BREAD,2078,31.375,16000,test,2078-142845-0005_formant_reverb-rt60-0.2
data/attacks/reverb-rt60-0.4/2078-142845-0005_formant.wav,fake,attack,none,reverb-rt60-0.4,rt60-0.4,NEXT TAKE EITHER A LARGE TABLESPOONFUL OF BREWER'S YEAST WHICH HAS BEEN RENDERED SOLID BY MIXING IT WITH PLENTY OF COLD WATER AND LETTING IT AFTERWARDS STAND TO SETTLE FOR A DAY AND NIGHT OR NEARLY AN OUNCE OF GERMAN YEAST PUT IT INTO A LARGE BASIN AND PROCEED TO MIX IT SO THAT IT SHALL BE AS SMOOTH AS CREAM WITH THREE QUARTERS PINT OF WARM MILK AND WATER OR WITH WATER ONLY THOUGH EVEN A VERY LITTLE MILK WILL MUCH IMPROVE THE BREAD,2078,31.375,16000,test,2078-142845-0005_formant_reverb-rt60-0.4
data/attacks/reverb-rt60-0.8/2078-142845-0005_formant.wav,fake,attack,none,reverb-rt60-0.8,rt60-0.8,NEXT TAKE EITHER A LARGE TABLESPOONFUL OF BREWER'S YEAST WHICH HAS BEEN RENDERED SOLID BY MIXING IT WITH PLENTY OF COLD WATER AND LETTING IT AFTERWARDS STAND TO SETTLE FOR A DAY AND NIGHT OR NEARLY AN OUNCE OF GERMAN YEAST PUT IT INTO A LARGE BASIN AND PROCEED TO MIX IT SO THAT IT SHALL BE AS SMOOTH AS CREAM WITH THREE QUARTERS PINT OF WARM MILK AND WATER OR WITH WATER ONLY THOUGH EVEN A VERY LITTLE MILK WILL MUCH IMPROVE THE BREAD,2078,31.375,16000,test,2078-142845-0005_formant_reverb-rt60-0.8
data/attacks/speed0.9/2078-142845-0005_formant.wav,fake,attack,none,speed0.9,speed0.9,NEXT TAKE EITHER A LARGE TABLESPOONFUL OF BREWER'S YEAST WHICH HAS BEEN RENDERED SOLID BY MIXING IT WITH PLENTY OF COLD WATER AND LETTING IT AFTERWARDS STAND TO SETTLE FOR A DAY AND NIGHT OR NEARLY AN OUNCE OF GERMAN YEAST PUT IT INTO A LARGE BASIN AND PROCEED TO MIX IT SO THAT IT SHALL BE AS SMOOTH AS CREAM WITH THREE QUARTERS PINT OF WARM MILK AND WATER OR WITH WATER ONLY THOUGH EVEN A VERY LITTLE MILK WILL MUCH IMPROVE THE BREAD,2078,34.861,16000,test,2078-142845-0005_formant_speed0.9
data/attacks/speed1.1/2078-142845-0005_formant.wav,fake,attack,none,speed1.1,speed1.1,NEXT TAKE EITHER A LARGE TABLESPOONFUL OF BREWER'S YEAST WHICH HAS BEEN RENDERED SOLID BY MIXING IT WITH PLENTY OF COLD WATER AND LETTING IT AFTERWARDS STAND TO SETTLE FOR A DAY AND NIGHT OR NEARLY AN OUNCE OF GERMAN YEAST PUT IT INTO A LARGE BASIN AND PROCEED TO MIX IT SO THAT IT SHALL BE AS SMOOTH AS CREAM WITH THREE QUARTERS PINT OF WARM MILK AND WATER OR WITH WATER ONLY THOUGH EVEN A VERY LITTLE MILK WILL MUCH IMPROVE THE BREAD,2078,28.523,16000,test,2078-142845-0005_formant_speed1.1
data/attacks/mp3-128k/2078-142845-0005_melvoc.wav,fake,attack,none,mp3-128k,mp3-128k,NEXT TAKE EITHER A LARGE TABLESPOONFUL OF BREWER'S YEAST WHICH HAS BEEN RENDERED SOLID BY MIXING IT WITH PLENTY OF COLD WATER AND LETTING IT AFTERWARDS STAND TO SETTLE FOR A DAY AND NIGHT OR NEARLY AN OUNCE OF GERMAN YEAST PUT IT INTO A LARGE BASIN AND PROCEED TO MIX IT SO THAT IT SHALL BE AS SMOOTH AS CREAM WITH THREE QUARTERS PINT OF WARM MILK AND WATER OR WITH WATER ONLY THOUGH EVEN A VERY LITTLE MILK WILL MUCH IMPROVE THE BREAD,2078,31.368,16000,test,2078-142845-0005_melvoc_mp3-128k
data/attacks/mp3-64k/2078-142845-0005_melvoc.wav,fake,attack,none,mp3-64k,mp3-64k,NEXT TAKE EITHER A LARGE TABLESPOONFUL OF BREWER'S YEAST WHICH HAS BEEN RENDERED SOLID BY MIXING IT WITH PLENTY OF COLD WATER AND LETTING IT AFTERWARDS STAND TO SETTLE FOR A DAY AND NIGHT OR NEARLY AN OUNCE OF GERMAN YEAST PUT IT INTO A LARGE BASIN AND PROCEED TO MIX IT SO THAT IT SHALL BE AS SMOOTH AS CREAM WITH THREE QUARTERS PINT OF WARM MILK AND WATER OR WITH WATER ONLY THOUGH EVEN A VERY LITTLE MILK WILL MUCH IMPROVE THE BREAD,2078,31.368,16000,test,2078-142845-0005_melvoc_mp3-64k
data/attacks/opus-32k/2078-142845-0005_melvoc.wav,fake,attack,none,opus-32k,opus-32k,NEXT TAKE EITHER A LARGE TABLESPOONFUL OF BREWER'S YEAST WHICH HAS BEEN RENDERED SOLID BY MIXING IT WITH PLENTY OF COLD WATER AND LETTING IT AFTERWARDS STAND TO SETTLE FOR A DAY AND NIGHT OR NEARLY AN OUNCE OF GERMAN YEAST PUT IT INTO A LARGE BASIN AND PROCEED TO MIX IT SO THAT IT SHALL BE AS SMOOTH AS CREAM WITH THREE QUARTERS PINT OF WARM MILK AND WATER OR WITH WATER ONLY THOUGH EVEN A VERY LITTLE MILK WILL MUCH IMPROVE THE BREAD,2078,31.368,16000,test,2078-142845-0005_melvoc_opus-32k
data/attacks/g711-8k/2078-142845-0005_melvoc.wav,fake,attack,none,g711-8k,g711-8k,NEXT TAKE EITHER A LARGE TABLESPOONFUL OF BREWER'S YEAST WHICH HAS BEEN RENDERED SOLID BY MIXING IT WITH PLENTY OF COLD WATER AND LETTING IT AFTERWARDS STAND TO SETTLE FOR A DAY AND NIGHT OR NEARLY AN OUNCE OF GERMAN YEAST PUT IT INTO A LARGE BASIN AND PROCEED TO MIX IT SO THAT IT SHALL BE AS SMOOTH AS CREAM WITH THREE QUARTERS PINT OF WARM MILK AND WATER OR WITH WATER ONLY THOUGH EVEN A VERY LITTLE MILK WILL MUCH IMPROVE THE BREAD,2078,31.368,16000,test,2078-142845-0005_melvoc_g711-8k
data/attacks/resample-8k/2078-142845-0005_melvoc.wav,fake,attack,none,resample-8k,8k-roundtrip,NEXT TAKE EITHER A LARGE TABLESPOONFUL OF BREWER'S YEAST WHICH HAS BEEN RENDERED SOLID BY MIXING IT WITH PLENTY OF COLD WATER AND LETTING IT AFTERWARDS STAND TO SETTLE FOR A DAY AND NIGHT OR NEARLY AN OUNCE OF GERMAN YEAST PUT IT INTO A LARGE BASIN AND PROCEED TO MIX IT SO THAT IT SHALL BE AS SMOOTH AS CREAM WITH THREE QUARTERS PINT OF WARM MILK AND WATER OR WITH WATER ONLY THOUGH EVEN A VERY LITTLE MILK WILL MUCH IMPROVE THE BREAD,2078,31.368,16000,test,2078-142845-0005_melvoc_resample-8k
data/attacks/awgn-snr5/2078-142845-0005_melvoc.wav,fake,attack,none,awgn-snr5,snr5,NEXT TAKE EITHER A LARGE TABLESPOONFUL OF BREWER'S YEAST WHICH HAS BEEN RENDERED SOLID BY MIXING IT WITH PLENTY OF COLD WATER AND LETTING IT AFTERWARDS STAND TO SETTLE FOR A DAY AND NIGHT OR NEARLY AN OUNCE OF GERMAN YEAST PUT IT INTO A LARGE BASIN AND PROCEED TO MIX IT SO THAT IT SHALL BE AS SMOOTH AS CREAM WITH THREE QUARTERS PINT OF WARM MILK AND WATER OR WITH WATER ONLY THOUGH EVEN A VERY LITTLE MILK WILL MUCH IMPROVE THE BREAD,2078,31.368,16000,test,2078-142845-0005_melvoc_awgn-snr5
data/attacks/awgn-snr10/2078-142845-0005_melvoc.wav,fake,attack,none,awgn-snr10,snr10,NEXT TAKE EITHER A LARGE TABLESPOONFUL OF BREWER'S YEAST WHICH HAS BEEN RENDERED SOLID BY MIXING IT WITH PLENTY OF COLD WATER AND LETTING IT AFTERWARDS STAND TO SETTLE FOR A DAY AND NIGHT OR NEARLY AN OUNCE OF GERMAN YEAST PUT IT INTO A LARGE BASIN AND PROCEED TO MIX IT SO THAT IT SHALL BE AS SMOOTH AS CREAM WITH THREE QUARTERS PINT OF WARM MILK AND WATER OR WITH WATER ONLY THOUGH EVEN A VERY LITTLE MILK WILL MUCH IMPROVE THE BREAD,2078,31.368,16000,test,2078-142845-0005_melvoc_awgn-snr10
data/attacks/awgn-snr20/2078-142845-0005_melvoc.wav,fake,attack,none,awgn-snr20,snr20,NEXT TAKE EITHER A LARGE TABLESPOONFUL OF BREWER'S YEAST WHICH HAS BEEN RENDERED SOLID BY MIXING IT WITH PLENTY OF COLD WATER AND LETTING IT AFTERWARDS STAND TO SETTLE FOR A DAY AND NIGHT OR NEARLY AN OUNCE OF GERMAN YEAST PUT IT INTO A LARGE BASIN AND PROCEED TO MIX IT SO THAT IT SHALL BE AS SMOOTH AS CREAM WITH THREE QUARTERS PINT OF WARM MILK AND WATER OR WITH WATER ONLY THOUGH EVEN A VERY LITTLE MILK WILL MUCH IMPROVE THE BREAD,2078,31.368,16000,test,2078-142845-0005_melvoc_awgn-snr20
data/attacks/bandpass-300-3400/2078-142845-0005_melvoc.wav,fake,attack,none,bandpass-300-3400,bandpass300-3400,NEXT TAKE EITHER A LARGE TABLESPOONFUL OF BREWER'S YEAST WHICH HAS BEEN RENDERED SOLID BY MIXING IT WITH PLENTY OF COLD WATER AND LETTING IT AFTERWARDS STAND TO SETTLE FOR A DAY AND NIGHT OR NEARLY AN OUNCE OF GERMAN YEAST PUT IT INTO A LARGE BASIN AND PROCEED TO MIX IT SO THAT IT SHALL BE AS SMOOTH AS CREAM WITH THREE QUARTERS PINT OF WARM MILK AND WATER OR WITH WATER ONLY THOUGH EVEN A VERY LITTLE MILK WILL MUCH IMPROVE THE BREAD,2078,31.368,16000,test,2078-142845-0005_melvoc_bandpass-300-3400
data/attacks/reverb-rt60-0.2/2078-142845-0005_melvoc.wav,fake,attack,none,reverb-rt60-0.2,rt60-0.2,NEXT TAKE EITHER A LARGE TABLESPOONFUL OF BREWER'S YEAST WHICH HAS BEEN RENDERED SOLID BY MIXING IT WITH PLENTY OF COLD WATER AND LETTING IT AFTERWARDS STAND TO SETTLE FOR A DAY AND NIGHT OR NEARLY AN OUNCE OF GERMAN YEAST PUT IT INTO A LARGE BASIN AND PROCEED TO MIX IT SO THAT IT SHALL BE AS SMOOTH AS CREAM WITH THREE QUARTERS PINT OF WARM MILK AND WATER OR WITH WATER ONLY THOUGH EVEN A VERY LITTLE MILK WILL MUCH IMPROVE THE BREAD,2078,31.368,16000,test,2078-142845-0005_melvoc_reverb-rt60-0.2
data/attacks/reverb-rt60-0.4/2078-142845-0005_melvoc.wav,fake,attack,none,reverb-rt60-0.4,rt60-0.4,NEXT TAKE EITHER A LARGE TABLESPOONFUL OF BREWER'S YEAST WHICH HAS BEEN RENDERED SOLID BY MIXING IT WITH PLENTY OF COLD WATER AND LETTING IT AFTERWARDS STAND TO SETTLE FOR A DAY AND NIGHT OR NEARLY AN OUNCE OF GERMAN YEAST PUT IT INTO A LARGE BASIN AND PROCEED TO MIX IT SO THAT IT SHALL BE AS SMOOTH AS CREAM WITH THREE QUARTERS PINT OF WARM MILK AND WATER OR WITH WATER ONLY THOUGH EVEN A VERY LITTLE MILK WILL MUCH IMPROVE THE BREAD,2078,31.368,16000,test,2078-142845-0005_melvoc_reverb-rt60-0.4
data/attacks/reverb-rt60-0.8/2078-142845-0005_melvoc.wav,fake,attack,none,reverb-rt60-0.8,rt60-0.8,NEXT TAKE EITHER A LARGE TABLESPOONFUL OF BREWER'S YEAST WHICH HAS BEEN RENDERED SOLID BY MIXING IT WITH PLENTY OF COLD WATER AND LETTING IT AFTERWARDS STAND TO SETTLE FOR A DAY AND NIGHT OR NEARLY AN OUNCE OF GERMAN YEAST PUT IT INTO A LARGE BASIN AND PROCEED TO MIX IT SO THAT IT SHALL BE AS SMOOTH AS CREAM WITH THREE QUARTERS PINT OF WARM MILK AND WATER OR WITH WATER ONLY THOUGH EVEN A VERY LITTLE MILK WILL MUCH IMPROVE THE BREAD,2078,31.368,16000,test,2078-142845-0005_melvoc_reverb-rt60-0.8
data/attacks/speed0.9/2078-142845-0005_melvoc.wav,fake,attack,none,speed0.9,speed0.9,NEXT TAKE EITHER A LARGE TABLESPOONFUL OF BREWER'S YEAST WHICH HAS BEEN RENDERED SOLID BY MIXING IT WITH PLENTY OF COLD WATER AND LETTING IT AFTERWARDS STAND TO SETTLE FOR A DAY AND NIGHT OR NEARLY AN OUNCE OF GERMAN YEAST PUT IT INTO A LARGE BASIN AND PROCEED TO MIX IT SO THAT IT SHALL BE AS SMOOTH AS CREAM WITH THREE QUARTERS PINT OF WARM MILK AND WATER OR WITH WATER ONLY THOUGH EVEN A VERY LITTLE MILK WILL MUCH IMPROVE THE BREAD,2078,34.853,16000,test,2078-142845-0005_melvoc_speed0.9
data/attacks/speed1.1/2078-142845-0005_melvoc.wav,fake,attack,none,speed1.1,speed1.1,NEXT TAKE EITHER A LARGE TABLESPOONFUL OF BREWER'S YEAST WHICH HAS BEEN RENDERED SOLID BY MIXING IT WITH PLENTY OF COLD WATER AND LETTING IT AFTERWARDS STAND TO SETTLE FOR A DAY AND NIGHT OR NEARLY AN OUNCE OF GERMAN YEAST PUT IT INTO A LARGE BASIN AND PROCEED TO MIX IT SO THAT IT SHALL BE AS SMOOTH AS CREAM WITH THREE QUARTERS PINT OF WARM MILK AND WATER OR WITH WATER ONLY THOUGH EVEN A VERY LITTLE MILK WILL MUCH IMPROVE THE BREAD,2078,28.516,16000,test,2078-142845-0005_melvoc_speed1.1
data/attacks/mp3-128k/2078-142845-0005_pitch.wav,fake,attack,none,mp3-128k,mp3-128k,NEXT TAKE EITHER A LARGE TABLESPOONFUL OF BREWER'S YEAST WHICH HAS BEEN RENDERED SOLID BY MIXING IT WITH PLENTY OF COLD WATER AND LETTING IT AFTERWARDS STAND TO SETTLE FOR A DAY AND NIGHT OR NEARLY AN OUNCE OF GERMAN YEAST PUT IT INTO A LARGE BASIN AND PROCEED TO MIX IT SO THAT IT SHALL BE AS SMOOTH AS CREAM WITH THREE QUARTERS PINT OF WARM MILK AND WATER OR WITH WATER ONLY THOUGH EVEN A VERY LITTLE MILK WILL MUCH IMPROVE THE BREAD,2078,31.375,16000,test,2078-142845-0005_pitch_mp3-128k
data/attacks/mp3-64k/2078-142845-0005_pitch.wav,fake,attack,none,mp3-64k,mp3-64k,NEXT TAKE EITHER A LARGE TABLESPOONFUL OF BREWER'S YEAST WHICH HAS BEEN RENDERED SOLID BY MIXING IT WITH PLENTY OF COLD WATER AND LETTING IT AFTERWARDS STAND TO SETTLE FOR A DAY AND NIGHT OR NEARLY AN OUNCE OF GERMAN YEAST PUT IT INTO A LARGE BASIN AND PROCEED TO MIX IT SO THAT IT SHALL BE AS SMOOTH AS CREAM WITH THREE QUARTERS PINT OF WARM MILK AND WATER OR WITH WATER ONLY THOUGH EVEN A VERY LITTLE MILK WILL MUCH IMPROVE THE BREAD,2078,31.375,16000,test,2078-142845-0005_pitch_mp3-64k
data/attacks/opus-32k/2078-142845-0005_pitch.wav,fake,attack,none,opus-32k,opus-32k,NEXT TAKE EITHER A LARGE TABLESPOONFUL OF BREWER'S YEAST WHICH HAS BEEN RENDERED SOLID BY MIXING IT WITH PLENTY OF COLD WATER AND LETTING IT AFTERWARDS STAND TO SETTLE FOR A DAY AND NIGHT OR NEARLY AN OUNCE OF GERMAN YEAST PUT IT INTO A LARGE BASIN AND PROCEED TO MIX IT SO THAT IT SHALL BE AS SMOOTH AS CREAM WITH THREE QUARTERS PINT OF WARM MILK AND WATER OR WITH WATER ONLY THOUGH EVEN A VERY LITTLE MILK WILL MUCH IMPROVE THE BREAD,2078,31.375,16000,test,2078-142845-0005_pitch_opus-32k
data/attacks/g711-8k/2078-142845-0005_pitch.wav,fake,attack,none,g711-8k,g711-8k,NEXT TAKE EITHER A LARGE TABLESPOONFUL OF BREWER'S YEAST WHICH HAS BEEN RENDERED SOLID BY MIXING IT WITH PLENTY OF COLD WATER AND LETTING IT AFTERWARDS STAND TO SETTLE FOR A DAY AND NIGHT OR NEARLY AN OUNCE OF GERMAN YEAST PUT IT INTO A LARGE BASIN AND PROCEED TO MIX IT SO THAT IT SHALL BE AS SMOOTH AS CREAM WITH THREE QUARTERS PINT OF WARM MILK AND WATER OR WITH WATER ONLY THOUGH EVEN A VERY LITTLE MILK WILL MUCH IMPROVE THE BREAD,2078,31.375,16000,test,2078-142845-0005_pitch_g711-8k
data/attacks/resample-8k/2078-142845-0005_pitch.wav,fake,attack,none,resample-8k,8k-roundtrip,NEXT TAKE EITHER A LARGE TABLESPOONFUL OF BREWER'S YEAST WHICH HAS BEEN RENDERED SOLID BY MIXING IT WITH PLENTY OF COLD WATER AND LETTING IT AFTERWARDS STAND TO SETTLE FOR A DAY AND NIGHT OR NEARLY AN OUNCE OF GERMAN YEAST PUT IT INTO A LARGE BASIN AND PROCEED TO MIX IT SO THAT IT SHALL BE AS SMOOTH AS CREAM WITH THREE QUARTERS PINT OF WARM MILK AND WATER OR WITH WATER ONLY THOUGH EVEN A VERY LITTLE MILK WILL MUCH IMPROVE THE BREAD,2078,31.375,16000,test,2078-142845-0005_pitch_resample-8k
data/attacks/awgn-snr5/2078-142845-0005_pitch.wav,fake,attack,none,awgn-snr5,snr5,NEXT TAKE EITHER A LARGE TABLESPOONFUL OF BREWER'S YEAST WHICH HAS BEEN RENDERED SOLID BY MIXING IT WITH PLENTY OF COLD WATER AND LETTING IT AFTERWARDS STAND TO SETTLE FOR A DAY AND NIGHT OR NEARLY AN OUNCE OF GERMAN YEAST PUT IT INTO A LARGE BASIN AND PROCEED TO MIX IT SO THAT IT SHALL BE AS SMOOTH AS CREAM WITH THREE QUARTERS PINT OF WARM MILK AND WATER OR WITH WATER ONLY THOUGH EVEN A VERY LITTLE MILK WILL MUCH IMPROVE THE BREAD,2078,31.375,16000,test,2078-142845-0005_pitch_awgn-snr5
data/attacks/awgn-snr10/2078-142845-0005_pitch.wav,fake,attack,none,awgn-snr10,snr10,NEXT TAKE EITHER A LARGE TABLESPOONFUL OF BREWER'S YEAST WHICH HAS BEEN RENDERED SOLID BY MIXING IT WITH PLENTY OF COLD WATER AND LETTING IT AFTERWARDS STAND TO SETTLE FOR A DAY AND NIGHT OR NEARLY AN OUNCE OF GERMAN YEAST PUT IT INTO A LARGE BASIN AND PROCEED TO MIX IT SO THAT IT SHALL BE AS SMOOTH AS CREAM WITH THREE QUARTERS PINT OF WARM MILK AND WATER OR WITH WATER ONLY THOUGH EVEN A VERY LITTLE MILK WILL MUCH IMPROVE THE BREAD,2078,31.375,16000,test,2078-142845-0005_pitch_awgn-snr10
data/attacks/awgn-snr20/2078-142845-0005_pitch.wav,fake,attack,none,awgn-snr20,snr20,NEXT TAKE EITHER A LARGE TABLESPOONFUL OF BREWER'S YEAST WHICH HAS BEEN RENDERED SOLID BY MIXING IT WITH PLENTY OF COLD WATER AND LETTING IT AFTERWARDS STAND TO SETTLE FOR A DAY AND NIGHT OR NEARLY AN OUNCE OF GERMAN YEAST PUT IT INTO A LARGE BASIN AND PROCEED TO MIX IT SO THAT IT SHALL BE AS SMOOTH AS CREAM WITH THREE QUARTERS PINT OF WARM MILK AND WATER OR WITH WATER ONLY THOUGH EVEN A VERY LITTLE MILK WILL MUCH IMPROVE THE BREAD,2078,31.375,16000,test,2078-142845-0005_pitch_awgn-snr20
data/attacks/bandpass-300-3400/2078-142845-0005_pitch.wav,fake,attack,none,bandpass-300-3400,bandpass300-3400,NEXT TAKE EITHER A LARGE TABLESPOONFUL OF BREWER'S YEAST WHICH HAS BEEN RENDERED SOLID BY MIXING IT WITH PLENTY OF COLD WATER AND LETTING IT AFTERWARDS STAND TO SETTLE FOR A DAY AND NIGHT OR NEARLY AN OUNCE OF GERMAN YEAST PUT IT INTO A LARGE BASIN AND PROCEED TO MIX IT SO THAT IT SHALL BE AS SMOOTH AS CREAM WITH THREE QUARTERS PINT OF WARM MILK AND WATER OR WITH WATER ONLY THOUGH EVEN A VERY LITTLE MILK WILL MUCH IMPROVE THE BREAD,2078,31.375,16000,test,2078-142845-0005_pitch_bandpass-300-3400
data/attacks/reverb-rt60-0.2/2078-142845-0005_pitch.wav,fake,attack,none,reverb-rt60-0.2,rt60-0.2,NEXT TAKE EITHER A LARGE TABLESPOONFUL OF BREWER'S YEAST WHICH HAS BEEN RENDERED SOLID BY MIXING IT WITH PLENTY OF COLD WATER AND LETTING IT AFTERWARDS STAND TO SETTLE FOR A DAY AND NIGHT OR NEARLY AN OUNCE OF GERMAN YEAST PUT IT INTO A LARGE BASIN AND PROCEED TO MIX IT SO THAT IT SHALL BE AS SMOOTH AS CREAM WITH THREE QUARTERS PINT OF WARM MILK AND WATER OR WITH WATER ONLY THOUGH EVEN A VERY LITTLE MILK WILL MUCH IMPROVE THE BREAD,2078,31.375,16000,test,2078-142845-0005_pitch_reverb-rt60-0.2
data/attacks/reverb-rt60-0.4/2078-142845-0005_pitch.wav,fake,attack,none,reverb-rt60-0.4,rt60-0.4,NEXT TAKE EITHER A LARGE TABLESPOONFUL OF BREWER'S YEAST WHICH HAS BEEN RENDERED SOLID BY MIXING IT WITH PLENTY OF COLD WATER AND LETTING IT AFTERWARDS STAND TO SETTLE FOR A DAY AND NIGHT OR NEARLY AN OUNCE OF GERMAN YEAST PUT IT INTO A LARGE BASIN AND PROCEED TO MIX IT SO THAT IT SHALL BE AS SMOOTH AS CREAM WITH THREE QUARTERS PINT OF WARM MILK AND WATER OR WITH WATER ONLY THOUGH EVEN A VERY LITTLE MILK WILL MUCH IMPROVE THE BREAD,2078,31.375,16000,test,2078-142845-0005_pitch_reverb-rt60-0.4
data/attacks/reverb-rt60-0.8/2078-142845-0005_pitch.wav,fake,attack,none,reverb-rt60-0.8,rt60-0.8,NEXT TAKE EITHER A LARGE TABLESPOONFUL OF BREWER'S YEAST WHICH HAS BEEN RENDERED SOLID BY MIXING IT WITH PLENTY OF COLD WATER AND LETTING IT AFTERWARDS STAND TO SETTLE FOR A DAY AND NIGHT OR NEARLY AN OUNCE OF GERMAN YEAST PUT IT INTO A LARGE BASIN AND PROCEED TO MIX IT SO THAT IT SHALL BE AS SMOOTH AS CREAM WITH THREE QUARTERS PINT OF WARM MILK AND WATER OR WITH WATER ONLY THOUGH EVEN A VERY LITTLE MILK WILL MUCH IMPROVE THE BREAD,2078,31.375,16000,test,2078-142845-0005_pitch_reverb-rt60-0.8
data/attacks/speed0.9/2078-142845-0005_pitch.wav,fake,attack,none,speed0.9,speed0.9,NEXT TAKE EITHER A LARGE TABLESPOONFUL OF BREWER'S YEAST WHICH HAS BEEN RENDERED SOLID BY MIXING IT WITH PLENTY OF COLD WATER AND LETTING IT AFTERWARDS STAND TO SETTLE FOR A DAY AND NIGHT OR NEARLY AN OUNCE OF GERMAN YEAST PUT IT INTO A LARGE BASIN AND PROCEED TO MIX IT SO THAT IT SHALL BE AS SMOOTH AS CREAM WITH THREE QUARTERS PINT OF WARM MILK AND WATER OR WITH WATER ONLY THOUGH EVEN A VERY LITTLE MILK WILL MUCH IMPROVE THE BREAD,2078,34.861,16000,test,2078-142845-0005_pitch_speed0.9
data/attacks/speed1.1/2078-142845-0005_pitch.wav,fake,attack,none,speed1.1,speed1.1,NEXT TAKE EITHER A LARGE TABLESPOONFUL OF BREWER'S YEAST WHICH HAS BEEN RENDERED SOLID BY MIXING IT WITH PLENTY OF COLD WATER AND LETTING IT AFTERWARDS STAND TO SETTLE FOR A DAY AND NIGHT OR NEARLY AN OUNCE OF GERMAN YEAST PUT IT INTO A LARGE BASIN AND PROCEED TO MIX IT SO THAT IT SHALL BE AS SMOOTH AS CREAM WITH THREE QUARTERS PINT OF WARM MILK AND WATER OR WITH WATER ONLY THOUGH EVEN A VERY LITTLE MILK WILL MUCH IMPROVE THE BREAD,2078,28.523,16000,test,2078-142845-0005_pitch_speed1.1
data/attacks/mp3-128k/2078-142845-0006_formant.wav,fake,attack,none,mp3-128k,mp3-128k,LOOK AT IT FROM TIME TO TIME WHEN IT HAS BEEN LAID FOR NEARLY AN HOUR AND WHEN THE YEAST HAS RISEN AND BROKEN THROUGH THE FLOUR SO THAT BUBBLES APPEAR IN IT YOU WILL KNOW THAT IT IS READY TO BE MADE UP INTO DOUGH,2078,14.645,16000,test,2078-142845-0006_formant_mp3-128k
data/attacks/mp3-64k/2078-142845-0006_formant.wav,fake,attack,none,mp3-64k,mp3-64k,LOOK AT IT FROM TIME TO TIME WHEN IT HAS BEEN LAID FOR NEARLY AN HOUR AND WHEN THE YEAST HAS RISEN AND BROKEN THROUGH THE FLOUR SO THAT BUBBLES APPEAR IN IT YOU WILL KNOW THAT IT IS READY TO BE MADE UP INTO DOUGH,2078,14.645,16000,test,2078-142845-0006_formant_mp3-64k
data/attacks/opus-32k/2078-142845-0006_formant.wav,fake,attack,none,opus-32k,opus-32k,LOOK AT IT FROM TIME TO TIME WHEN IT HAS BEEN LAID FOR NEARLY AN HOUR AND WHEN THE YEAST HAS RISEN AND BROKEN THROUGH THE FLOUR SO THAT BUBBLES APPEAR IN IT YOU WILL KNOW THAT IT IS READY TO BE MADE UP INTO DOUGH,2078,14.645,16000,test,2078-142845-0006_formant_opus-32k
data/attacks/g711-8k/2078-142845-0006_formant.wav,fake,attack,none,g711-8k,g711-8k,LOOK AT IT FROM TIME TO TIME WHEN IT HAS BEEN LAID FOR NEARLY AN HOUR AND WHEN THE YEAST HAS RISEN AND BROKEN THROUGH THE FLOUR SO THAT BUBBLES APPEAR IN IT YOU WILL KNOW THAT IT IS READY TO BE MADE UP INTO DOUGH,2078,14.645,16000,test,2078-142845-0006_formant_g711-8k
data/attacks/resample-8k/2078-142845-0006_formant.wav,fake,attack,none,resample-8k,8k-roundtrip,LOOK AT IT FROM TIME TO TIME WHEN IT HAS BEEN LAID FOR NEARLY AN HOUR AND WHEN THE YEAST HAS RISEN AND BROKEN THROUGH THE FLOUR SO THAT BUBBLES APPEAR IN IT YOU WILL KNOW THAT IT IS READY TO BE MADE UP INTO DOUGH,2078,14.645,16000,test,2078-142845-0006_formant_resample-8k
data/attacks/awgn-snr5/2078-142845-0006_formant.wav,fake,attack,none,awgn-snr5,snr5,LOOK AT IT FROM TIME TO TIME WHEN IT HAS BEEN LAID FOR NEARLY AN HOUR AND WHEN THE YEAST HAS RISEN AND BROKEN THROUGH THE FLOUR SO THAT BUBBLES APPEAR IN IT YOU WILL KNOW THAT IT IS READY TO BE MADE UP INTO DOUGH,2078,14.645,16000,test,2078-142845-0006_formant_awgn-snr5
data/attacks/awgn-snr10/2078-142845-0006_formant.wav,fake,attack,none,awgn-snr10,snr10,LOOK AT IT FROM TIME TO TIME WHEN IT HAS BEEN LAID FOR NEARLY AN HOUR AND WHEN THE YEAST HAS RISEN AND BROKEN THROUGH THE FLOUR SO THAT BUBBLES APPEAR IN IT YOU WILL KNOW THAT IT IS READY TO BE MADE UP INTO DOUGH,2078,14.645,16000,test,2078-142845-0006_formant_awgn-snr10
data/attacks/awgn-snr20/2078-142845-0006_formant.wav,fake,attack,none,awgn-snr20,snr20,LOOK AT IT FROM TIME TO TIME WHEN IT HAS BEEN LAID FOR NEARLY AN HOUR AND WHEN THE YEAST HAS RISEN AND BROKEN THROUGH THE FLOUR SO THAT BUBBLES APPEAR IN IT YOU WILL KNOW THAT IT IS READY TO BE MADE UP INTO DOUGH,2078,14.645,16000,test,2078-142845-0006_formant_awgn-snr20
data/attacks/bandpass-300-3400/2078-142845-0006_formant.wav,fake,attack,none,bandpass-300-3400,bandpass300-3400,LOOK AT IT FROM TIME TO TIME WHEN IT HAS BEEN LAID FOR NEARLY AN HOUR AND WHEN THE YEAST HAS RISEN AND BROKEN THROUGH THE FLOUR SO THAT BUBBLES APPEAR IN IT YOU WILL KNOW THAT IT IS READY TO BE MADE UP INTO DOUGH,2078,14.645,16000,test,2078-142845-0006_formant_bandpass-300-3400
data/attacks/reverb-rt60-0.2/2078-142845-0006_formant.wav,fake,attack,none,reverb-rt60-0.2,rt60-0.2,LOOK AT IT FROM TIME TO TIME WHEN IT HAS BEEN LAID FOR NEARLY AN HOUR AND WHEN THE YEAST HAS RISEN AND BROKEN THROUGH THE FLOUR SO THAT BUBBLES APPEAR IN IT YOU WILL KNOW THAT IT IS READY TO BE MADE UP INTO DOUGH,2078,14.645,16000,test,2078-142845-0006_formant_reverb-rt60-0.2
data/attacks/reverb-rt60-0.4/2078-142845-0006_formant.wav,fake,attack,none,reverb-rt60-0.4,rt60-0.4,LOOK AT IT FROM TIME TO TIME WHEN IT HAS BEEN LAID FOR NEARLY AN HOUR AND WHEN THE YEAST HAS RISEN AND BROKEN THROUGH THE FLOUR SO THAT BUBBLES APPEAR IN IT YOU WILL KNOW THAT IT IS READY TO BE MADE UP INTO DOUGH,2078,14.645,16000,test,2078-142845-0006_formant_reverb-rt60-0.4
data/attacks/reverb-rt60-0.8/2078-142845-0006_formant.wav,fake,attack,none,reverb-rt60-0.8,rt60-0.8,LOOK AT IT FROM TIME TO TIME WHEN IT HAS BEEN LAID FOR NEARLY AN HOUR AND WHEN THE YEAST HAS RISEN AND BROKEN THROUGH THE FLOUR SO THAT BUBBLES APPEAR IN IT YOU WILL KNOW THAT IT IS READY TO BE MADE UP INTO DOUGH,2078,14.645,16000,test,2078-142845-0006_formant_reverb-rt60-0.8
data/attacks/speed0.9/2078-142845-0006_formant.wav,fake,attack,none,speed0.9,speed0.9,LOOK AT IT FROM TIME TO TIME WHEN IT HAS BEEN LAID FOR NEARLY AN HOUR AND WHEN THE YEAST HAS RISEN AND BROKEN THROUGH THE FLOUR SO THAT BUBBLES APPEAR IN IT YOU WILL KNOW THAT IT IS READY TO BE MADE UP INTO DOUGH,2078,16.272,16000,test,2078-142845-0006_formant_speed0.9
data/attacks/speed1.1/2078-142845-0006_formant.wav,fake,attack,none,speed1.1,speed1.1,LOOK AT IT FROM TIME TO TIME WHEN IT HAS BEEN LAID FOR NEARLY AN HOUR AND WHEN THE YEAST HAS RISEN AND BROKEN THROUGH THE FLOUR SO THAT BUBBLES APPEAR IN IT YOU WILL KNOW THAT IT IS READY TO BE MADE UP INTO DOUGH,2078,13.314,16000,test,2078-142845-0006_formant_speed1.1
data/attacks/mp3-128k/2078-142845-0006_melvoc.wav,fake,attack,none,mp3-128k,mp3-128k,LOOK AT IT FROM TIME TO TIME WHEN IT HAS BEEN LAID FOR NEARLY AN HOUR AND WHEN THE YEAST HAS RISEN AND BROKEN THROUGH THE FLOUR SO THAT BUBBLES APPEAR IN IT YOU WILL KNOW THAT IT IS READY TO BE MADE UP INTO DOUGH,2078,14.64,16000,test,2078-142845-0006_melvoc_mp3-128k
data/attacks/mp3-64k/2078-142845-0006_melvoc.wav,fake,attack,none,mp3-64k,mp3-64k,LOOK AT IT FROM TIME TO TIME WHEN IT HAS BEEN LAID FOR NEARLY AN HOUR AND WHEN THE YEAST HAS RISEN AND BROKEN THROUGH THE FLOUR SO THAT BUBBLES APPEAR IN IT YOU WILL KNOW THAT IT IS READY TO BE MADE UP INTO DOUGH,2078,14.64,16000,test,2078-142845-0006_melvoc_mp3-64k
data/attacks/opus-32k/2078-142845-0006_melvoc.wav,fake,attack,none,opus-32k,opus-32k,LOOK AT IT FROM TIME TO TIME WHEN IT HAS BEEN LAID FOR NEARLY AN HOUR AND WHEN THE YEAST HAS RISEN AND BROKEN THROUGH THE FLOUR SO THAT BUBBLES APPEAR IN IT YOU WILL KNOW THAT IT IS READY TO BE MADE UP INTO DOUGH,2078,14.64,16000,test,2078-142845-0006_melvoc_opus-32k
data/attacks/g711-8k/2078-142845-0006_melvoc.wav,fake,attack,none,g711-8k,g711-8k,LOOK AT IT FROM TIME TO TIME WHEN IT HAS BEEN LAID FOR NEARLY AN HOUR AND WHEN THE YEAST HAS RISEN AND BROKEN THROUGH THE FLOUR SO THAT BUBBLES APPEAR IN IT YOU WILL KNOW THAT IT IS READY TO BE MADE UP INTO DOUGH,2078,14.64,16000,test,2078-142845-0006_melvoc_g711-8k
data/attacks/resample-8k/2078-142845-0006_melvoc.wav,fake,attack,none,resample-8k,8k-roundtrip,LOOK AT IT FROM TIME TO TIME WHEN IT HAS BEEN LAID FOR NEARLY AN HOUR AND WHEN THE YEAST HAS RISEN AND BROKEN THROUGH THE FLOUR SO THAT BUBBLES APPEAR IN IT YOU WILL KNOW THAT IT IS READY TO BE MADE UP INTO DOUGH,2078,14.64,16000,test,2078-142845-0006_melvoc_resample-8k
data/attacks/awgn-snr5/2078-142845-0006_melvoc.wav,fake,attack,none,awgn-snr5,snr5,LOOK AT IT FROM TIME TO TIME WHEN IT HAS BEEN LAID FOR NEARLY AN HOUR AND WHEN THE YEAST HAS RISEN AND BROKEN THROUGH THE FLOUR SO THAT BUBBLES APPEAR IN IT YOU WILL KNOW THAT IT IS READY TO BE MADE UP INTO DOUGH,2078,14.64,16000,test,2078-142845-0006_melvoc_awgn-snr5
data/attacks/awgn-snr10/2078-142845-0006_melvoc.wav,fake,attack,none,awgn-snr10,snr10,LOOK AT IT FROM TIME TO TIME WHEN IT HAS BEEN LAID FOR NEARLY AN HOUR AND WHEN THE YEAST HAS RISEN AND BROKEN THROUGH THE FLOUR SO THAT BUBBLES APPEAR IN IT YOU WILL KNOW THAT IT IS READY TO BE MADE UP INTO DOUGH,2078,14.64,16000,test,2078-142845-0006_melvoc_awgn-snr10
data/attacks/awgn-snr20/2078-142845-0006_melvoc.wav,fake,attack,none,awgn-snr20,snr20,LOOK AT IT FROM TIME TO TIME WHEN IT HAS BEEN LAID FOR NEARLY AN HOUR AND WHEN THE YEAST HAS RISEN AND BROKEN THROUGH THE FLOUR SO THAT BUBBLES APPEAR IN IT YOU WILL KNOW THAT IT IS READY TO BE MADE UP INTO DOUGH,2078,14.64,16000,test,2078-142845-0006_melvoc_awgn-snr20
data/attacks/bandpass-300-3400/2078-142845-0006_melvoc.wav,fake,attack,none,bandpass-300-3400,bandpass300-3400,LOOK AT IT FROM TIME TO TIME WHEN IT HAS BEEN LAID FOR NEARLY AN HOUR AND WHEN THE YEAST HAS RISEN AND BROKEN THROUGH THE FLOUR SO THAT BUBBLES APPEAR IN IT YOU WILL KNOW THAT IT IS READY TO BE MADE UP INTO DOUGH,2078,14.64,16000,test,2078-142845-0006_melvoc_bandpass-300-3400
data/attacks/reverb-rt60-0.2/2078-142845-0006_melvoc.wav,fake,attack,none,reverb-rt60-0.2,rt60-0.2,LOOK AT IT FROM TIME TO TIME WHEN IT HAS BEEN LAID FOR NEARLY AN HOUR AND WHEN THE YEAST HAS RISEN AND BROKEN THROUGH THE FLOUR SO THAT BUBBLES APPEAR IN IT YOU WILL KNOW THAT IT IS READY TO BE MADE UP INTO DOUGH,2078,14.64,16000,test,2078-142845-0006_melvoc_reverb-rt60-0.2
data/attacks/reverb-rt60-0.4/2078-142845-0006_melvoc.wav,fake,attack,none,reverb-rt60-0.4,rt60-0.4,LOOK AT IT FROM TIME TO TIME WHEN IT HAS BEEN LAID FOR NEARLY AN HOUR AND WHEN THE YEAST HAS RISEN AND BROKEN THROUGH THE FLOUR SO THAT BUBBLES APPEAR IN IT YOU WILL KNOW THAT IT IS READY TO BE MADE UP INTO DOUGH,2078,14.64,16000,test,2078-142845-0006_melvoc_reverb-rt60-0.4
data/attacks/reverb-rt60-0.8/2078-142845-0006_melvoc.wav,fake,attack,none,reverb-rt60-0.8,rt60-0.8,LOOK AT IT FROM TIME TO TIME WHEN IT HAS BEEN LAID FOR NEARLY AN HOUR AND WHEN THE YEAST HAS RISEN AND BROKEN THROUGH THE FLOUR SO THAT BUBBLES APPEAR IN IT YOU WILL KNOW THAT IT IS READY TO BE MADE UP INTO DOUGH,2078,14.64,16000,test,2078-142845-0006_melvoc_reverb-rt60-0.8
data/attacks/speed0.9/2078-142845-0006_melvoc.wav,fake,attack,none,speed0.9,speed0.9,LOOK AT IT FROM TIME TO TIME WHEN IT HAS BEEN LAID FOR NEARLY AN HOUR AND WHEN THE YEAST HAS RISEN AND BROKEN THROUGH THE FLOUR SO THAT BUBBLES APPEAR IN IT YOU WILL KNOW THAT IT IS READY TO BE MADE UP INTO DOUGH,2078,16.267,16000,test,2078-142845-0006_melvoc_speed0.9
data/attacks/speed1.1/2078-142845-0006_melvoc.wav,fake,attack,none,speed1.1,speed1.1,LOOK AT IT FROM TIME TO TIME WHEN IT HAS BEEN LAID FOR NEARLY AN HOUR AND WHEN THE YEAST HAS RISEN AND BROKEN THROUGH THE FLOUR SO THAT BUBBLES APPEAR IN IT YOU WILL KNOW THAT IT IS READY TO BE MADE UP INTO DOUGH,2078,13.309,16000,test,2078-142845-0006_melvoc_speed1.1
data/attacks/mp3-128k/2078-142845-0006_pitch.wav,fake,attack,none,mp3-128k,mp3-128k,LOOK AT IT FROM TIME TO TIME WHEN IT HAS BEEN LAID FOR NEARLY AN HOUR AND WHEN THE YEAST HAS RISEN AND BROKEN THROUGH THE FLOUR SO THAT BUBBLES APPEAR IN IT YOU WILL KNOW THAT IT IS READY TO BE MADE UP INTO DOUGH,2078,14.645,16000,test,2078-142845-0006_pitch_mp3-128k
data/attacks/mp3-64k/2078-142845-0006_pitch.wav,fake,attack,none,mp3-64k,mp3-64k,LOOK AT IT FROM TIME TO TIME WHEN IT HAS BEEN LAID FOR NEARLY AN HOUR AND WHEN THE YEAST HAS RISEN AND BROKEN THROUGH THE FLOUR SO THAT BUBBLES APPEAR IN IT YOU WILL KNOW THAT IT IS READY TO BE MADE UP INTO DOUGH,2078,14.645,16000,test,2078-142845-0006_pitch_mp3-64k
data/attacks/opus-32k/2078-142845-0006_pitch.wav,fake,attack,none,opus-32k,opus-32k,LOOK AT IT FROM TIME TO TIME WHEN IT HAS BEEN LAID FOR NEARLY AN HOUR AND WHEN THE YEAST HAS RISEN AND BROKEN THROUGH THE FLOUR SO THAT BUBBLES APPEAR IN IT YOU WILL KNOW THAT IT IS READY TO BE MADE UP INTO DOUGH,2078,14.645,16000,test,2078-142845-0006_pitch_opus-32k
data/attacks/g711-8k/2078-142845-0006_pitch.wav,fake,attack,none,g711-8k,g711-8k,LOOK AT IT FROM TIME TO TIME WHEN IT HAS BEEN LAID FOR NEARLY AN HOUR AND WHEN THE YEAST HAS RISEN AND BROKEN THROUGH THE FLOUR SO THAT BUBBLES APPEAR IN IT YOU WILL KNOW THAT IT IS READY TO BE MADE UP INTO DOUGH,2078,14.645,16000,test,2078-142845-0006_pitch_g711-8k
data/attacks/resample-8k/2078-142845-0006_pitch.wav,fake,attack,none,resample-8k,8k-roundtrip,LOOK AT IT FROM TIME TO TIME WHEN IT HAS BEEN LAID FOR NEARLY AN HOUR AND WHEN THE YEAST HAS RISEN AND BROKEN THROUGH THE FLOUR SO THAT BUBBLES APPEAR IN IT YOU WILL KNOW THAT IT IS READY TO BE MADE UP INTO DOUGH,2078,14.645,16000,test,2078-142845-0006_pitch_resample-8k
data/attacks/awgn-snr5/2078-142845-0006_pitch.wav,fake,attack,none,awgn-snr5,snr5,LOOK AT IT FROM TIME TO TIME WHEN IT HAS BEEN LAID FOR NEARLY AN HOUR AND WHEN THE YEAST HAS RISEN AND BROKEN THROUGH THE FLOUR SO THAT BUBBLES APPEAR IN IT YOU WILL KNOW THAT IT IS READY TO BE MADE UP INTO DOUGH,2078,14.645,16000,test,2078-142845-0006_pitch_awgn-snr5
data/attacks/awgn-snr10/2078-142845-0006_pitch.wav,fake,attack,none,awgn-snr10,snr10,LOOK AT IT FROM TIME TO TIME WHEN IT HAS BEEN LAID FOR NEARLY AN HOUR AND WHEN THE YEAST HAS RISEN AND BROKEN THROUGH THE FLOUR SO THAT BUBBLES APPEAR IN IT YOU WILL KNOW THAT IT IS READY TO BE MADE UP INTO DOUGH,2078,14.645,16000,test,2078-142845-0006_pitch_awgn-snr10
data/attacks/awgn-snr20/2078-142845-0006_pitch.wav,fake,attack,none,awgn-snr20,snr20,LOOK AT IT FROM TIME TO TIME WHEN IT HAS BEEN LAID FOR NEARLY AN HOUR AND WHEN THE YEAST HAS RISEN AND BROKEN THROUGH THE FLOUR SO THAT BUBBLES APPEAR IN IT YOU WILL KNOW THAT IT IS READY TO BE MADE UP INTO DOUGH,2078,14.645,16000,test,2078-142845-0006_pitch_awgn-snr20
data/attacks/bandpass-300-3400/2078-142845-0006_pitch.wav,fake,attack,none,bandpass-300-3400,bandpass300-3400,LOOK AT IT FROM TIME TO TIME WHEN IT HAS BEEN LAID FOR NEARLY AN HOUR AND WHEN THE YEAST HAS RISEN AND BROKEN THROUGH THE FLOUR SO THAT BUBBLES APPEAR IN IT YOU WILL KNOW THAT IT IS READY TO BE MADE UP INTO DOUGH,2078,14.645,16000,test,2078-142845-0006_pitch_bandpass-300-3400
data/attacks/reverb-rt60-0.2/2078-142845-0006_pitch.wav,fake,attack,none,reverb-rt60-0.2,rt60-0.2,LOOK AT IT FROM TIME TO TIME WHEN IT HAS BEEN LAID FOR NEARLY AN HOUR AND WHEN THE YEAST HAS RISEN AND BROKEN THROUGH THE FLOUR SO THAT BUBBLES APPEAR IN IT YOU WILL KNOW THAT IT IS READY TO BE MADE UP INTO DOUGH,2078,14.645,16000,test,2078-142845-0006_pitch_reverb-rt60-0.2
data/attacks/reverb-rt60-0.4/2078-142845-0006_pitch.wav,fake,attack,none,reverb-rt60-0.4,rt60-0.4,LOOK AT IT FROM TIME TO TIME WHEN IT HAS BEEN LAID FOR NEARLY AN HOUR AND WHEN THE YEAST HAS RISEN AND BROKEN THROUGH THE FLOUR SO THAT BUBBLES APPEAR IN IT YOU WILL KNOW THAT IT IS READY TO BE MADE UP INTO DOUGH,2078,14.645,16000,test,2078-142845-0006_pitch_reverb-rt60-0.4
data/attacks/reverb-rt60-0.8/2078-142845-0006_pitch.wav,fake,attack,none,reverb-rt60-0.8,rt60-0.8,LOOK AT IT FROM TIME TO TIME WHEN IT HAS BEEN LAID FOR NEARLY AN HOUR AND WHEN THE YEAST HAS RISEN AND BROKEN THROUGH THE FLOUR SO THAT BUBBLES APPEAR IN IT YOU WILL KNOW THAT IT IS READY TO BE MADE UP INTO DOUGH,2078,14.645,16000,test,2078-142845-0006_pitch_reverb-rt60-0.8
data/attacks/speed0.9/2078-142845-0006_pitch.wav,fake,attack,none,speed0.9,speed0.9,LOOK AT IT FROM TIME TO TIME WHEN IT HAS BEEN LAID FOR NEARLY AN HOUR AND WHEN THE YEAST HAS RISEN AND BROKEN THROUGH THE FLOUR SO THAT BUBBLES APPEAR IN IT YOU WILL KNOW THAT IT IS READY TO BE MADE UP INTO DOUGH,2078,16.272,16000,test,2078-142845-0006_pitch_speed0.9
data/attacks/speed1.1/2078-142845-0006_pitch.wav,fake,attack,none,speed1.1,speed1.1,LOOK AT IT FROM TIME TO TIME WHEN IT HAS BEEN LAID FOR NEARLY AN HOUR AND WHEN THE YEAST HAS RISEN AND BROKEN THROUGH THE FLOUR SO THAT BUBBLES APPEAR IN IT YOU WILL KNOW THAT IT IS READY TO BE MADE UP INTO DOUGH,2078,13.314,16000,test,2078-142845-0006_pitch_speed1.1
data/attacks/mp3-128k/2078-142845-0007_formant.wav,fake,attack,none,mp3-128k,mp3-128k,THEN PLACE THE PAN ON A STRONG CHAIR OR DRESSER OR TABLE OF CONVENIENT HEIGHT POUR INTO THE SPONGE THE REMAINDER OF THE WARM MILK AND WATER STIR INTO IT AS MUCH OF THE FLOUR AS YOU CAN WITH THE SPOON THEN WIPE IT OUT CLEAN WITH YOUR FINGERS AND LAY IT ASIDE,2078,20.74,16000,test,2078-142845-0007_formant_mp3-128k
data/attacks/mp3-64k/2078-142845-0007_formant.wav,fake,attack,none,mp3-64k,mp3-64k,THEN PLACE THE PAN ON A STRONG CHAIR OR DRESSER OR TABLE OF CONVENIENT HEIGHT POUR INTO THE SPONGE THE REMAINDER OF THE WARM MILK AND WATER STIR INTO IT AS MUCH OF THE FLOUR AS YOU CAN WITH THE SPOON THEN WIPE IT OUT CLEAN WITH YOUR FINGERS AND LAY IT ASIDE,2078,20.74,16000,test,2078-142845-0007_formant_mp3-64k
data/attacks/opus-32k/2078-142845-0007_formant.wav,fake,attack,none,opus-32k,opus-32k,THEN PLACE THE PAN ON A STRONG CHAIR OR DRESSER OR TABLE OF CONVENIENT HEIGHT POUR INTO THE SPONGE THE REMAINDER OF THE WARM MILK AND WATER STIR INTO IT AS MUCH OF THE FLOUR AS YOU CAN WITH THE SPOON THEN WIPE IT OUT CLEAN WITH YOUR FINGERS AND LAY IT ASIDE,2078,20.74,16000,test,2078-142845-0007_formant_opus-32k
data/attacks/g711-8k/2078-142845-0007_formant.wav,fake,attack,none,g711-8k,g711-8k,THEN PLACE THE PAN ON A STRONG CHAIR OR DRESSER OR TABLE OF CONVENIENT HEIGHT POUR INTO THE SPONGE THE REMAINDER OF THE WARM MILK AND WATER STIR INTO IT AS MUCH OF THE FLOUR AS YOU CAN WITH THE SPOON THEN WIPE IT OUT CLEAN WITH YOUR FINGERS AND LAY IT ASIDE,2078,20.74,16000,test,2078-142845-0007_formant_g711-8k
data/attacks/resample-8k/2078-142845-0007_formant.wav,fake,attack,none,resample-8k,8k-roundtrip,THEN PLACE THE PAN ON A STRONG CHAIR OR DRESSER OR TABLE OF CONVENIENT HEIGHT POUR INTO THE SPONGE THE REMAINDER OF THE WARM MILK AND WATER STIR INTO IT AS MUCH OF THE FLOUR AS YOU CAN WITH THE SPOON THEN WIPE IT OUT CLEAN WITH YOUR FINGERS AND LAY IT ASIDE,2078,20.74,16000,test,2078-142845-0007_formant_resample-8k
data/attacks/awgn-snr5/2078-142845-0007_formant.wav,fake,attack,none,awgn-snr5,snr5,THEN PLACE THE PAN ON A STRONG CHAIR OR DRESSER OR TABLE OF CONVENIENT HEIGHT POUR INTO THE SPONGE THE REMAINDER OF THE WARM MILK AND WATER STIR INTO IT AS MUCH OF THE FLOUR AS YOU CAN WITH THE SPOON THEN WIPE IT OUT CLEAN WITH YOUR FINGERS AND LAY IT ASIDE,2078,20.74,16000,test,2078-142845-0007_formant_awgn-snr5
data/attacks/awgn-snr10/2078-142845-0007_formant.wav,fake,attack,none,awgn-snr10,snr10,THEN PLACE THE PAN ON A STRONG CHAIR OR DRESSER OR TABLE OF CONVENIENT HEIGHT POUR INTO THE SPONGE THE REMAINDER OF THE WARM MILK AND WATER STIR INTO IT AS MUCH OF THE FLOUR AS YOU CAN WITH THE SPOON THEN WIPE IT OUT CLEAN WITH YOUR FINGERS AND LAY IT ASIDE,2078,20.74,16000,test,2078-142845-0007_formant_awgn-snr10
data/attacks/awgn-snr20/2078-142845-0007_formant.wav,fake,attack,none,awgn-snr20,snr20,THEN PLACE THE PAN ON A STRONG CHAIR OR DRESSER OR TABLE OF CONVENIENT HEIGHT POUR INTO THE SPONGE THE REMAINDER OF THE WARM MILK AND WATER STIR INTO IT AS MUCH OF THE FLOUR AS YOU CAN WITH THE SPOON THEN WIPE IT OUT CLEAN WITH YOUR FINGERS AND LAY IT ASIDE,2078,20.74,16000,test,2078-142845-0007_formant_awgn-snr20
data/attacks/bandpass-300-3400/2078-142845-0007_formant.wav,fake,attack,none,bandpass-300-3400,bandpass300-3400,THEN PLACE THE PAN ON A STRONG CHAIR OR DRESSER OR TABLE OF CONVENIENT HEIGHT POUR INTO THE SPONGE THE REMAINDER OF THE WARM MILK AND WATER STIR INTO IT AS MUCH OF THE FLOUR AS YOU CAN WITH THE SPOON THEN WIPE IT OUT CLEAN WITH YOUR FINGERS AND LAY IT ASIDE,2078,20.74,16000,test,2078-142845-0007_formant_bandpass-300-3400
data/attacks/reverb-rt60-0.2/2078-142845-0007_formant.wav,fake,attack,none,reverb-rt60-0.2,rt60-0.2,THEN PLACE THE PAN ON A STRONG CHAIR OR DRESSER OR TABLE OF CONVENIENT HEIGHT POUR INTO THE SPONGE THE REMAINDER OF THE WARM MILK AND WATER STIR INTO IT AS MUCH OF THE FLOUR AS YOU CAN WITH THE SPOON THEN WIPE IT OUT CLEAN WITH YOUR FINGERS AND LAY IT ASIDE,2078,20.74,16000,test,2078-142845-0007_formant_reverb-rt60-0.2
data/attacks/reverb-rt60-0.4/2078-142845-0007_formant.wav,fake,attack,none,reverb-rt60-0.4,rt60-0.4,THEN PLACE THE PAN ON A STRONG CHAIR OR DRESSER OR TABLE OF CONVENIENT HEIGHT POUR INTO THE SPONGE THE REMAINDER OF THE WARM MILK AND WATER STIR INTO IT AS MUCH OF THE FLOUR AS YOU CAN WITH THE SPOON THEN WIPE IT OUT CLEAN WITH YOUR FINGERS AND LAY IT ASIDE,2078,20.74,16000,test,2078-142845-0007_formant_reverb-rt60-0.4
data/attacks/reverb-rt60-0.8/2078-142845-0007_formant.wav,fake,attack,none,reverb-rt60-0.8,rt60-0.8,THEN PLACE THE PAN ON A STRONG CHAIR OR DRESSER OR TABLE OF CONVENIENT HEIGHT POUR INTO THE SPONGE THE REMAINDER OF THE WARM MILK AND WATER STIR INTO IT AS MUCH OF THE FLOUR AS YOU CAN WITH THE SPOON THEN WIPE IT OUT CLEAN WITH YOUR FINGERS AND LAY IT ASIDE,2078,20.74,16000,test,2078-142845-0007_formant_reverb-rt60-0.8
data/attacks/speed0.9/2078-142845-0007_formant.wav,fake,attack,none,speed0.9,speed0.9,THEN PLACE THE PAN ON A STRONG CHAIR OR DRESSER OR TABLE OF CONVENIENT HEIGHT POUR INTO THE SPONGE THE REMAINDER OF THE WARM MILK AND WATER STIR INTO IT AS MUCH OF THE FLOUR AS YOU CAN WITH THE SPOON THEN WIPE IT OUT CLEAN WITH YOUR FINGERS AND LAY IT ASIDE,2078,23.044,16000,test,2078-142845-0007_formant_speed0.9
data/attacks/speed1.1/2078-142845-0007_formant.wav,fake,attack,none,speed1.1,speed1.1,THEN PLACE THE PAN ON A STRONG CHAIR OR DRESSER OR TABLE OF CONVENIENT HEIGHT POUR INTO THE SPONGE THE REMAINDER OF THE WARM MILK AND WATER STIR INTO IT AS MUCH OF THE FLOUR AS YOU CAN WITH THE SPOON THEN WIPE IT OUT CLEAN WITH YOUR FINGERS AND LAY IT ASIDE,2078,18.855,16000,test,2078-142845-0007_formant_speed1.1
data/attacks/mp3-128k/2078-142845-0007_melvoc.wav,fake,attack,none,mp3-128k,mp3-128k,THEN PLACE THE PAN ON A STRONG CHAIR OR DRESSER OR TABLE OF CONVENIENT HEIGHT POUR INTO THE SPONGE THE REMAINDER OF THE WARM MILK AND WATER STIR INTO IT AS MUCH OF THE FLOUR AS YOU CAN WITH THE SPOON THEN WIPE IT OUT CLEAN WITH YOUR FINGERS AND LAY IT ASIDE,2078,20.736,16000,test,2078-142845-0007_melvoc_mp3-128k
data/attacks/mp3-64k/2078-142845-0007_melvoc.wav,fake,attack,none,mp3-64k,mp3-64k,THEN PLACE THE PAN ON A STRONG CHAIR OR DRESSER OR TABLE OF CONVENIENT HEIGHT POUR INTO THE SPONGE THE REMAINDER OF THE WARM MILK AND WATER STIR INTO IT AS MUCH OF THE FLOUR AS YOU CAN WITH THE SPOON THEN WIPE IT OUT CLEAN WITH YOUR FINGERS AND LAY IT ASIDE,2078,20.736,16000,test,2078-142845-0007_melvoc_mp3-64k
data/attacks/opus-32k/2078-142845-0007_melvoc.wav,fake,attack,none,opus-32k,opus-32k,THEN PLACE THE PAN ON A STRONG CHAIR OR DRESSER OR TABLE OF CONVENIENT HEIGHT POUR INTO THE SPONGE THE REMAINDER OF THE WARM MILK AND WATER STIR INTO IT AS MUCH OF THE FLOUR AS YOU CAN WITH THE SPOON THEN WIPE IT OUT CLEAN WITH YOUR FINGERS AND LAY IT ASIDE,2078,20.736,16000,test,2078-142845-0007_melvoc_opus-32k
data/attacks/g711-8k/2078-142845-0007_melvoc.wav,fake,attack,none,g711-8k,g711-8k,THEN PLACE THE PAN ON A STRONG CHAIR OR DRESSER OR TABLE OF CONVENIENT HEIGHT POUR INTO THE SPONGE THE REMAINDER OF THE WARM MILK AND WATER STIR INTO IT AS MUCH OF THE FLOUR AS YOU CAN WITH THE SPOON THEN WIPE IT OUT CLEAN WITH YOUR FINGERS AND LAY IT ASIDE,2078,20.736,16000,test,2078-142845-0007_melvoc_g711-8k
data/attacks/resample-8k/2078-142845-0007_melvoc.wav,fake,attack,none,resample-8k,8k-roundtrip,THEN PLACE THE PAN ON A STRONG CHAIR OR DRESSER OR TABLE OF CONVENIENT HEIGHT POUR INTO THE SPONGE THE REMAINDER OF THE WARM MILK AND WATER STIR INTO IT AS MUCH OF THE FLOUR AS YOU CAN WITH THE SPOON THEN WIPE IT OUT CLEAN WITH YOUR FINGERS AND LAY IT ASIDE,2078,20.736,16000,test,2078-142845-0007_melvoc_resample-8k
data/attacks/awgn-snr5/2078-142845-0007_melvoc.wav,fake,attack,none,awgn-snr5,snr5,THEN PLACE THE PAN ON A STRONG CHAIR OR DRESSER OR TABLE OF CONVENIENT HEIGHT POUR INTO THE SPONGE THE REMAINDER OF THE WARM MILK AND WATER STIR INTO IT AS MUCH OF THE FLOUR AS YOU CAN WITH THE SPOON THEN WIPE IT OUT CLEAN WITH YOUR FINGERS AND LAY IT ASIDE,2078,20.736,16000,test,2078-142845-0007_melvoc_awgn-snr5
data/attacks/awgn-snr10/2078-142845-0007_melvoc.wav,fake,attack,none,awgn-snr10,snr10,THEN PLACE THE PAN ON A STRONG CHAIR OR DRESSER OR TABLE OF CONVENIENT HEIGHT POUR INTO THE SPONGE THE REMAINDER OF THE WARM MILK AND WATER STIR INTO IT AS MUCH OF THE FLOUR AS YOU CAN WITH THE SPOON THEN WIPE IT OUT CLEAN WITH YOUR FINGERS AND LAY IT ASIDE,2078,20.736,16000,test,2078-142845-0007_melvoc_awgn-snr10
data/attacks/awgn-snr20/2078-142845-0007_melvoc.wav,fake,attack,none,awgn-snr20,snr20,THEN PLACE THE PAN ON A STRONG CHAIR OR DRESSER OR TABLE OF CONVENIENT HEIGHT POUR INTO THE SPONGE THE REMAINDER OF THE WARM MILK AND WATER STIR INTO IT AS MUCH OF THE FLOUR AS YOU CAN WITH THE SPOON THEN WIPE IT OUT CLEAN WITH YOUR FINGERS AND LAY IT ASIDE,2078,20.736,16000,test,2078-142845-0007_melvoc_awgn-snr20
data/attacks/bandpass-300-3400/2078-142845-0007_melvoc.wav,fake,attack,none,bandpass-300-3400,bandpass300-3400,THEN PLACE THE PAN ON A STRONG CHAIR OR DRESSER OR TABLE OF CONVENIENT HEIGHT POUR INTO THE SPONGE THE REMAINDER OF THE WARM MILK AND WATER STIR INTO IT AS MUCH OF THE FLOUR AS YOU CAN WITH THE SPOON THEN WIPE IT OUT CLEAN WITH YOUR FINGERS AND LAY IT ASIDE,2078,20.736,16000,test,2078-142845-0007_melvoc_bandpass-300-3400
data/attacks/reverb-rt60-0.2/2078-142845-0007_melvoc.wav,fake,attack,none,reverb-rt60-0.2,rt60-0.2,THEN PLACE THE PAN ON A STRONG CHAIR OR DRESSER OR TABLE OF CONVENIENT HEIGHT POUR INTO THE SPONGE THE REMAINDER OF THE WARM MILK AND WATER STIR INTO IT AS MUCH OF THE FLOUR AS YOU CAN WITH THE SPOON THEN WIPE IT OUT CLEAN WITH YOUR FINGERS AND LAY IT ASIDE,2078,20.736,16000,test,2078-142845-0007_melvoc_reverb-rt60-0.2
data/attacks/reverb-rt60-0.4/2078-142845-0007_melvoc.wav,fake,attack,none,reverb-rt60-0.4,rt60-0.4,THEN PLACE THE PAN ON A STRONG CHAIR OR DRESSER OR TABLE OF CONVENIENT HEIGHT POUR INTO THE SPONGE THE REMAINDER OF THE WARM MILK AND WATER STIR INTO IT AS MUCH OF THE FLOUR AS YOU CAN WITH THE SPOON THEN WIPE IT OUT CLEAN WITH YOUR FINGERS AND LAY IT ASIDE,2078,20.736,16000,test,2078-142845-0007_melvoc_reverb-rt60-0.4
data/attacks/reverb-rt60-0.8/2078-142845-0007_melvoc.wav,fake,attack,none,reverb-rt60-0.8,rt60-0.8,THEN PLACE THE PAN ON A STRONG CHAIR OR DRESSER OR TABLE OF CONVENIENT HEIGHT POUR INTO THE SPONGE THE REMAINDER OF THE WARM MILK AND WATER STIR INTO IT AS MUCH OF THE FLOUR AS YOU CAN WITH THE SPOON THEN WIPE IT OUT CLEAN WITH YOUR FINGERS AND LAY IT ASIDE,2078,20.736,16000,test,2078-142845-0007_melvoc_reverb-rt60-0.8
data/attacks/speed0.9/2078-142845-0007_melvoc.wav,fake,attack,none,speed0.9,speed0.9,THEN PLACE THE PAN ON A STRONG CHAIR OR DRESSER OR TABLE OF CONVENIENT HEIGHT POUR INTO THE SPONGE THE REMAINDER OF THE WARM MILK AND WATER STIR INTO IT AS MUCH OF THE FLOUR AS YOU CAN WITH THE SPOON THEN WIPE IT OUT CLEAN WITH YOUR FINGERS AND LAY IT ASIDE,2078,23.04,16000,test,2078-142845-0007_melvoc_speed0.9
data/attacks/speed1.1/2078-142845-0007_melvoc.wav,fake,attack,none,speed1.1,speed1.1,THEN PLACE THE PAN ON A STRONG CHAIR OR DRESSER OR TABLE OF CONVENIENT HEIGHT POUR INTO THE SPONGE THE REMAINDER OF THE WARM MILK AND WATER STIR INTO IT AS MUCH OF THE FLOUR AS YOU CAN WITH THE SPOON THEN WIPE IT OUT CLEAN WITH YOUR FINGERS AND LAY IT ASIDE,2078,18.851,16000,test,2078-142845-0007_melvoc_speed1.1
data/attacks/mp3-128k/2078-142845-0007_pitch.wav,fake,attack,none,mp3-128k,mp3-128k,THEN PLACE THE PAN ON A STRONG CHAIR OR DRESSER OR TABLE OF CONVENIENT HEIGHT POUR INTO THE SPONGE THE REMAINDER OF THE WARM MILK AND WATER STIR INTO IT AS MUCH OF THE FLOUR AS YOU CAN WITH THE SPOON THEN WIPE IT OUT CLEAN WITH YOUR FINGERS AND LAY IT ASIDE,2078,20.74,16000,test,2078-142845-0007_pitch_mp3-128k
data/attacks/mp3-64k/2078-142845-0007_pitch.wav,fake,attack,none,mp3-64k,mp3-64k,THEN PLACE THE PAN ON A STRONG CHAIR OR DRESSER OR TABLE OF CONVENIENT HEIGHT POUR INTO THE SPONGE THE REMAINDER OF THE WARM MILK AND WATER STIR INTO IT AS MUCH OF THE FLOUR AS YOU CAN WITH THE SPOON THEN WIPE IT OUT CLEAN WITH YOUR FINGERS AND LAY IT ASIDE,2078,20.74,16000,test,2078-142845-0007_pitch_mp3-64k
data/attacks/opus-32k/2078-142845-0007_pitch.wav,fake,attack,none,opus-32k,opus-32k,THEN PLACE THE PAN ON A STRONG CHAIR OR DRESSER OR TABLE OF CONVENIENT HEIGHT POUR INTO THE SPONGE THE REMAINDER OF THE WARM MILK AND WATER STIR INTO IT AS MUCH OF THE FLOUR AS YOU CAN WITH THE SPOON THEN WIPE IT OUT CLEAN WITH YOUR FINGERS AND LAY IT ASIDE,2078,20.74,16000,test,2078-142845-0007_pitch_opus-32k
data/attacks/g711-8k/2078-142845-0007_pitch.wav,fake,attack,none,g711-8k,g711-8k,THEN PLACE THE PAN ON A STRONG CHAIR OR DRESSER OR TABLE OF CONVENIENT HEIGHT POUR INTO THE SPONGE THE REMAINDER OF THE WARM MILK AND WATER STIR INTO IT AS MUCH OF THE FLOUR AS YOU CAN WITH THE SPOON THEN WIPE IT OUT CLEAN WITH YOUR FINGERS AND LAY IT ASIDE,2078,20.74,16000,test,2078-142845-0007_pitch_g711-8k
data/attacks/resample-8k/2078-142845-0007_pitch.wav,fake,attack,none,resample-8k,8k-roundtrip,THEN PLACE THE PAN ON A STRONG CHAIR OR DRESSER OR TABLE OF CONVENIENT HEIGHT POUR INTO THE SPONGE THE REMAINDER OF THE WARM MILK AND WATER STIR INTO IT AS MUCH OF THE FLOUR AS YOU CAN WITH THE SPOON THEN WIPE IT OUT CLEAN WITH YOUR FINGERS AND LAY IT ASIDE,2078,20.74,16000,test,2078-142845-0007_pitch_resample-8k
data/attacks/awgn-snr5/2078-142845-0007_pitch.wav,fake,attack,none,awgn-snr5,snr5,THEN PLACE THE PAN ON A STRONG CHAIR OR DRESSER OR TABLE OF CONVENIENT HEIGHT POUR INTO THE SPONGE THE REMAINDER OF THE WARM MILK AND WATER STIR INTO IT AS MUCH OF THE FLOUR AS YOU CAN WITH THE SPOON THEN WIPE IT OUT CLEAN WITH YOUR FINGERS AND LAY IT ASIDE,2078,20.74,16000,test,2078-142845-0007_pitch_awgn-snr5
data/attacks/awgn-snr10/2078-142845-0007_pitch.wav,fake,attack,none,awgn-snr10,snr10,THEN PLACE THE PAN ON A STRONG CHAIR OR DRESSER OR TABLE OF CONVENIENT HEIGHT POUR INTO THE SPONGE THE REMAINDER OF THE WARM MILK AND WATER STIR INTO IT AS MUCH OF THE FLOUR AS YOU CAN WITH THE SPOON THEN WIPE IT OUT CLEAN WITH YOUR FINGERS AND LAY IT ASIDE,2078,20.74,16000,test,2078-142845-0007_pitch_awgn-snr10
data/attacks/awgn-snr20/2078-142845-0007_pitch.wav,fake,attack,none,awgn-snr20,snr20,THEN PLACE THE PAN ON A STRONG CHAIR OR DRESSER OR TABLE OF CONVENIENT HEIGHT POUR INTO THE SPONGE THE REMAINDER OF THE WARM MILK AND WATER STIR INTO IT AS MUCH OF THE FLOUR AS YOU CAN WITH THE SPOON THEN WIPE IT OUT CLEAN WITH YOUR FINGERS AND LAY IT ASIDE,2078,20.74,16000,test,2078-142845-0007_pitch_awgn-snr20
data/attacks/bandpass-300-3400/2078-142845-0007_pitch.wav,fake,attack,none,bandpass-300-3400,bandpass300-3400,THEN PLACE THE PAN ON A STRONG CHAIR OR DRESSER OR TABLE OF CONVENIENT HEIGHT POUR INTO THE SPONGE THE REMAINDER OF THE WARM MILK AND WATER STIR INTO IT AS MUCH OF THE FLOUR AS YOU CAN WITH THE SPOON THEN WIPE IT OUT CLEAN WITH YOUR FINGERS AND LAY IT ASIDE,2078,20.74,16000,test,2078-142845-0007_pitch_bandpass-300-3400
data/attacks/reverb-rt60-0.2/2078-142845-0007_pitch.wav,fake,attack,none,reverb-rt60-0.2,rt60-0.2,THEN PLACE THE PAN ON A STRONG CHAIR OR DRESSER OR TABLE OF CONVENIENT HEIGHT POUR INTO THE SPONGE THE REMAINDER OF THE WARM MILK AND WATER STIR INTO IT AS MUCH OF THE FLOUR AS YOU CAN WITH THE SPOON THEN WIPE IT OUT CLEAN WITH YOUR FINGERS AND LAY IT ASIDE,2078,20.74,16000,test,2078-142845-0007_pitch_reverb-rt60-0.2
data/attacks/reverb-rt60-0.4/2078-142845-0007_pitch.wav,fake,attack,none,reverb-rt60-0.4,rt60-0.4,THEN PLACE THE PAN ON A STRONG CHAIR OR DRESSER OR TABLE OF CONVENIENT HEIGHT POUR INTO THE SPONGE THE REMAINDER OF THE WARM MILK AND WATER STIR INTO IT AS MUCH OF THE FLOUR AS YOU CAN WITH THE SPOON THEN WIPE IT OUT CLEAN WITH YOUR FINGERS AND LAY IT ASIDE,2078,20.74,16000,test,2078-142845-0007_pitch_reverb-rt60-0.4
data/attacks/reverb-rt60-0.8/2078-142845-0007_pitch.wav,fake,attack,none,reverb-rt60-0.8,rt60-0.8,THEN PLACE THE PAN ON A STRONG CHAIR OR DRESSER OR TABLE OF CONVENIENT HEIGHT POUR INTO THE SPONGE THE REMAINDER OF THE WARM MILK AND WATER STIR INTO IT AS MUCH OF THE FLOUR AS YOU CAN WITH THE SPOON THEN WIPE IT OUT CLEAN WITH YOUR FINGERS AND LAY IT ASIDE,2078,20.74,16000,test,2078-142845-0007_pitch_reverb-rt60-0.8
data/attacks/speed0.9/2078-142845-0007_pitch.wav,fake,attack,none,speed0.9,speed0.9,THEN PLACE THE PAN ON A STRONG CHAIR OR DRESSER OR TABLE OF CONVENIENT HEIGHT POUR INTO THE SPONGE THE REMAINDER OF THE WARM MILK AND WATER STIR INTO IT AS MUCH OF THE FLOUR AS YOU CAN WITH THE SPOON THEN WIPE IT OUT CLEAN WITH YOUR FINGERS AND LAY IT ASIDE,2078,23.044,16000,test,2078-142845-0007_pitch_speed0.9
data/attacks/speed1.1/2078-142845-0007_pitch.wav,fake,attack,none,speed1.1,speed1.1,THEN PLACE THE PAN ON A STRONG CHAIR OR DRESSER OR TABLE OF CONVENIENT HEIGHT POUR INTO THE SPONGE THE REMAINDER OF THE WARM MILK AND WATER STIR INTO IT AS MUCH OF THE FLOUR AS YOU CAN WITH THE SPOON THEN WIPE IT OUT CLEAN WITH YOUR FINGERS AND LAY IT ASIDE,2078,18.855,16000,test,2078-142845-0007_pitch_speed1.1
data/attacks/mp3-128k/2078-142845-0008_formant.wav,fake,attack,none,mp3-128k,mp3-128k,TURN IT THEN ON TO A PASTE BOARD OR VERY CLEAN DRESSER AND WITH A LARGE SHARP KNIFE DIVIDE IT IN TWO MAKE IT UP QUICKLY INTO LOAVES AND DISPATCH IT TO THE OVEN MAKE ONE OR TWO INCISIONS ACROSS THE TOPS OF THE LOAVES AS THEY WILL RISE MORE EASILY IF THIS BE DONE,2078,19.38,16000,test,2078-142845-0008_formant_mp3-128k
data/attacks/mp3-64k/2078-142845-0008_formant.wav,fake,attack,none,mp3-64k,mp3-64k,TURN IT THEN ON TO A PASTE BOARD OR VERY CLEAN DRESSER AND WITH A LARGE SHARP KNIFE DIVIDE IT IN TWO MAKE IT UP QUICKLY INTO LOAVES AND DISPATCH IT TO THE OVEN MAKE ONE OR TWO INCISIONS ACROSS THE TOPS OF THE LOAVES AS THEY WILL RISE MORE EASILY IF THIS BE DONE,2078,19.38,16000,test,2078-142845-0008_formant_mp3-64k
data/attacks/opus-32k/2078-142845-0008_formant.wav,fake,attack,none,opus-32k,opus-32k,TURN IT THEN ON TO A PASTE BOARD OR VERY CLEAN DRESSER AND WITH A LARGE SHARP KNIFE DIVIDE IT IN TWO MAKE IT UP QUICKLY INTO LOAVES AND DISPATCH IT TO THE OVEN MAKE ONE OR TWO INCISIONS ACROSS THE TOPS OF THE LOAVES AS THEY WILL RISE MORE EASILY IF THIS BE DONE,2078,19.38,16000,test,2078-142845-0008_formant_opus-32k
data/attacks/g711-8k/2078-142845-0008_formant.wav,fake,attack,none,g711-8k,g711-8k,TURN IT THEN ON TO A PASTE BOARD OR VERY CLEAN DRESSER AND WITH A LARGE SHARP KNIFE DIVIDE IT IN TWO MAKE IT UP QUICKLY INTO LOAVES AND DISPATCH IT TO THE OVEN MAKE ONE OR TWO INCISIONS ACROSS THE TOPS OF THE LOAVES AS THEY WILL RISE MORE EASILY IF THIS BE DONE,2078,19.38,16000,test,2078-142845-0008_formant_g711-8k
data/attacks/resample-8k/2078-142845-0008_formant.wav,fake,attack,none,resample-8k,8k-roundtrip,TURN IT THEN ON TO A PASTE BOARD OR VERY CLEAN DRESSER AND WITH A LARGE SHARP KNIFE DIVIDE IT IN TWO MAKE IT UP QUICKLY INTO LOAVES AND DISPATCH IT TO THE OVEN MAKE ONE OR TWO INCISIONS ACROSS THE TOPS OF THE LOAVES AS THEY WILL RISE MORE EASILY IF THIS BE DONE,2078,19.38,16000,test,2078-142845-0008_formant_resample-8k
data/attacks/awgn-snr5/2078-142845-0008_formant.wav,fake,attack,none,awgn-snr5,snr5,TURN IT THEN ON TO A PASTE BOARD OR VERY CLEAN DRESSER AND WITH A LARGE SHARP KNIFE DIVIDE IT IN TWO MAKE IT UP QUICKLY INTO LOAVES AND DISPATCH IT TO THE OVEN MAKE ONE OR TWO INCISIONS ACROSS THE TOPS OF THE LOAVES AS THEY WILL RISE MORE EASILY IF THIS BE DONE,2078,19.38,16000,test,2078-142845-0008_formant_awgn-snr5
data/attacks/awgn-snr10/2078-142845-0008_formant.wav,fake,attack,none,awgn-snr10,snr10,TURN IT THEN ON TO A PASTE BOARD OR VERY CLEAN DRESSER AND WITH A LARGE SHARP KNIFE DIVIDE IT IN TWO MAKE IT UP QUICKLY INTO LOAVES AND DISPATCH IT TO THE OVEN MAKE ONE OR TWO INCISIONS ACROSS THE TOPS OF THE LOAVES AS THEY WILL RISE MORE EASILY IF THIS BE DONE,2078,19.38,16000,test,2078-142845-0008_formant_awgn-snr10
data/attacks/awgn-snr20/2078-142845-0008_formant.wav,fake,attack,none,awgn-snr20,snr20,TURN IT THEN ON TO A PASTE BOARD OR VERY CLEAN DRESSER AND WITH A LARGE SHARP KNIFE DIVIDE IT IN TWO MAKE IT UP QUICKLY INTO LOAVES AND DISPATCH IT TO THE OVEN MAKE ONE OR TWO INCISIONS ACROSS THE TOPS OF THE LOAVES AS THEY WILL RISE MORE EASILY IF THIS BE DONE,2078,19.38,16000,test,2078-142845-0008_formant_awgn-snr20
data/attacks/bandpass-300-3400/2078-142845-0008_formant.wav,fake,attack,none,bandpass-300-3400,bandpass300-3400,TURN IT THEN ON TO A PASTE BOARD OR VERY CLEAN DRESSER AND WITH A LARGE SHARP KNIFE DIVIDE IT IN TWO MAKE IT UP QUICKLY INTO LOAVES AND DISPATCH IT TO THE OVEN MAKE ONE OR TWO INCISIONS ACROSS THE TOPS OF THE LOAVES AS THEY WILL RISE MORE EASILY IF THIS BE DONE,2078,19.38,16000,test,2078-142845-0008_formant_bandpass-300-3400
data/attacks/reverb-rt60-0.2/2078-142845-0008_formant.wav,fake,attack,none,reverb-rt60-0.2,rt60-0.2,TURN IT THEN ON TO A PASTE BOARD OR VERY CLEAN DRESSER AND WITH A LARGE SHARP KNIFE DIVIDE IT IN TWO MAKE IT UP QUICKLY INTO LOAVES AND DISPATCH IT TO THE OVEN MAKE ONE OR TWO INCISIONS ACROSS THE TOPS OF THE LOAVES AS THEY WILL RISE MORE EASILY IF THIS BE DONE,2078,19.38,16000,test,2078-142845-0008_formant_reverb-rt60-0.2
data/attacks/reverb-rt60-0.4/2078-142845-0008_formant.wav,fake,attack,none,reverb-rt60-0.4,rt60-0.4,TURN IT THEN ON TO A PASTE BOARD OR VERY CLEAN DRESSER AND WITH A LARGE SHARP KNIFE DIVIDE IT IN TWO MAKE IT UP QUICKLY INTO LOAVES AND DISPATCH IT TO THE OVEN MAKE ONE OR TWO INCISIONS ACROSS THE TOPS OF THE LOAVES AS THEY WILL RISE MORE EASILY IF THIS BE DONE,2078,19.38,16000,test,2078-142845-0008_formant_reverb-rt60-0.4
data/attacks/reverb-rt60-0.8/2078-142845-0008_formant.wav,fake,attack,none,reverb-rt60-0.8,rt60-0.8,TURN IT THEN ON TO A PASTE BOARD OR VERY CLEAN DRESSER AND WITH A LARGE SHARP KNIFE DIVIDE IT IN TWO MAKE IT UP QUICKLY INTO LOAVES AND DISPATCH IT TO THE OVEN MAKE ONE OR TWO INCISIONS ACROSS THE TOPS OF THE LOAVES AS THEY WILL RISE MORE EASILY IF THIS BE DONE,2078,19.38,16000,test,2078-142845-0008_formant_reverb-rt60-0.8
data/attacks/speed0.9/2078-142845-0008_formant.wav,fake,attack,none,speed0.9,speed0.9,TURN IT THEN ON TO A PASTE BOARD OR VERY CLEAN DRESSER AND WITH A LARGE SHARP KNIFE DIVIDE IT IN TWO MAKE IT UP QUICKLY INTO LOAVES AND DISPATCH IT TO THE OVEN MAKE ONE OR TWO INCISIONS ACROSS THE TOPS OF THE LOAVES AS THEY WILL RISE MORE EASILY IF THIS BE DONE,2078,21.533,16000,test,2078-142845-0008_formant_speed0.9
data/attacks/speed1.1/2078-142845-0008_formant.wav,fake,attack,none,speed1.1,speed1.1,TURN IT THEN ON TO A PASTE BOARD OR VERY CLEAN DRESSER AND WITH A LARGE SHARP KNIFE DIVIDE IT IN TWO MAKE IT UP QUICKLY INTO LOAVES AND DISPATCH IT TO THE OVEN MAKE ONE OR TWO INCISIONS ACROSS THE TOPS OF THE LOAVES AS THEY WILL RISE MORE EASILY IF THIS BE DONE,2078,17.618,16000,test,2078-142845-0008_formant_speed1.1
data/attacks/mp3-128k/2086-149214-0000_formant.wav,fake,attack,none,mp3-128k,mp3-128k,THE NARRATIVE IT MAY BE IS WOVEN OF SO HUMBLE A TEXTURE AS TO REQUIRE THIS ADVANTAGE AND AT THE SAME TIME TO RENDER IT THE MORE DIFFICULT OF ATTAINMENT,2086,9.81,16000,test,2086-149214-0000_formant_mp3-128k
data/attacks/mp3-64k/2086-149214-0000_formant.wav,fake,attack,none,mp3-64k,mp3-64k,THE NARRATIVE IT MAY BE IS WOVEN OF SO HUMBLE A TEXTURE AS TO REQUIRE THIS ADVANTAGE AND AT THE SAME TIME TO RENDER IT THE MORE DIFFICULT OF ATTAINMENT,2086,9.81,16000,test,2086-149214-0000_formant_mp3-64k
data/attacks/opus-32k/2086-149214-0000_formant.wav,fake,attack,none,opus-32k,opus-32k,THE NARRATIVE IT MAY BE IS WOVEN OF SO HUMBLE A TEXTURE AS TO REQUIRE THIS ADVANTAGE AND AT THE SAME TIME TO RENDER IT THE MORE DIFFICULT OF ATTAINMENT,2086,9.81,16000,test,2086-149214-0000_formant_opus-32k
data/attacks/g711-8k/2086-149214-0000_formant.wav,fake,attack,none,g711-8k,g711-8k,THE NARRATIVE IT MAY BE IS WOVEN OF SO HUMBLE A TEXTURE AS TO REQUIRE THIS ADVANTAGE AND AT THE SAME TIME TO RENDER IT THE MORE DIFFICULT OF ATTAINMENT,2086,9.81,16000,test,2086-149214-0000_formant_g711-8k
data/attacks/resample-8k/2086-149214-0000_formant.wav,fake,attack,none,resample-8k,8k-roundtrip,THE NARRATIVE IT MAY BE IS WOVEN OF SO HUMBLE A TEXTURE AS TO REQUIRE THIS ADVANTAGE AND AT THE SAME TIME TO RENDER IT THE MORE DIFFICULT OF ATTAINMENT,2086,9.81,16000,test,2086-149214-0000_formant_resample-8k
data/attacks/awgn-snr5/2086-149214-0000_formant.wav,fake,attack,none,awgn-snr5,snr5,THE NARRATIVE IT MAY BE IS WOVEN OF SO HUMBLE A TEXTURE AS TO REQUIRE THIS ADVANTAGE AND AT THE SAME TIME TO RENDER IT THE MORE DIFFICULT OF ATTAINMENT,2086,9.81,16000,test,2086-149214-0000_formant_awgn-snr5
data/attacks/awgn-snr10/2086-149214-0000_formant.wav,fake,attack,none,awgn-snr10,snr10,THE NARRATIVE IT MAY BE IS WOVEN OF SO HUMBLE A TEXTURE AS TO REQUIRE THIS ADVANTAGE AND AT THE SAME TIME TO RENDER IT THE MORE DIFFICULT OF ATTAINMENT,2086,9.81,16000,test,2086-149214-0000_formant_awgn-snr10
data/attacks/awgn-snr20/2086-149214-0000_formant.wav,fake,attack,none,awgn-snr20,snr20,THE NARRATIVE IT MAY BE IS WOVEN OF SO HUMBLE A TEXTURE AS TO REQUIRE THIS ADVANTAGE AND AT THE SAME TIME TO RENDER IT THE MORE DIFFICULT OF ATTAINMENT,2086,9.81,16000,test,2086-149214-0000_formant_awgn-snr20
data/attacks/bandpass-300-3400/2086-149214-0000_formant.wav,fake,attack,none,bandpass-300-3400,bandpass300-3400,THE NARRATIVE IT MAY BE IS WOVEN OF SO HUMBLE A TEXTURE AS TO REQUIRE THIS ADVANTAGE AND AT THE SAME TIME TO RENDER IT THE MORE DIFFICULT OF ATTAINMENT,2086,9.81,16000,test,2086-149214-0000_formant_bandpass-300-3400
data/attacks/reverb-rt60-0.2/2086-149214-0000_formant.wav,fake,attack,none,reverb-rt60-0.2,rt60-0.2,THE NARRATIVE IT MAY BE IS WOVEN OF SO HUMBLE A TEXTURE AS TO REQUIRE THIS ADVANTAGE AND AT THE SAME TIME TO RENDER IT THE MORE DIFFICULT OF ATTAINMENT,2086,9.81,16000,test,2086-149214-0000_formant_reverb-rt60-0.2
data/attacks/reverb-rt60-0.4/2086-149214-0000_formant.wav,fake,attack,none,reverb-rt60-0.4,rt60-0.4,THE NARRATIVE IT MAY BE IS WOVEN OF SO HUMBLE A TEXTURE AS TO REQUIRE THIS ADVANTAGE AND AT THE SAME TIME TO RENDER IT THE MORE DIFFICULT OF ATTAINMENT,2086,9.81,16000,test,2086-149214-0000_formant_reverb-rt60-0.4
data/attacks/reverb-rt60-0.8/2086-149214-0000_formant.wav,fake,attack,none,reverb-rt60-0.8,rt60-0.8,THE NARRATIVE IT MAY BE IS WOVEN OF SO HUMBLE A TEXTURE AS TO REQUIRE THIS ADVANTAGE AND AT THE SAME TIME TO RENDER IT THE MORE DIFFICULT OF ATTAINMENT,2086,9.81,16000,test,2086-149214-0000_formant_reverb-rt60-0.8
data/attacks/speed0.9/2086-149214-0000_formant.wav,fake,attack,none,speed0.9,speed0.9,THE NARRATIVE IT MAY BE IS WOVEN OF SO HUMBLE A TEXTURE AS TO REQUIRE THIS ADVANTAGE AND AT THE SAME TIME TO RENDER IT THE MORE DIFFICULT OF ATTAINMENT,2086,10.9,16000,test,2086-149214-0000_formant_speed0.9
data/attacks/speed1.1/2086-149214-0000_formant.wav,fake,attack,none,speed1.1,speed1.1,THE NARRATIVE IT MAY BE IS WOVEN OF SO HUMBLE A TEXTURE AS TO REQUIRE THIS ADVANTAGE AND AT THE SAME TIME TO RENDER IT THE MORE DIFFICULT OF ATTAINMENT,2086,8.918,16000,test,2086-149214-0000_formant_speed1.1
data/attacks/mp3-128k/2086-149214-0000_melvoc.wav,fake,attack,none,mp3-128k,mp3-128k,THE NARRATIVE IT MAY BE IS WOVEN OF SO HUMBLE A TEXTURE AS TO REQUIRE THIS ADVANTAGE AND AT THE SAME TIME TO RENDER IT THE MORE DIFFICULT OF ATTAINMENT,2086,9.808,16000,test,2086-149214-0000_melvoc_mp3-128k
data/attacks/mp3-64k/2086-149214-0000_melvoc.wav,fake,attack,none,mp3-64k,mp3-64k,THE NARRATIVE IT MAY BE IS WOVEN OF SO HUMBLE A TEXTURE AS TO REQUIRE THIS ADVANTAGE AND AT THE SAME TIME TO RENDER IT THE MORE DIFFICULT OF ATTAINMENT,2086,9.808,16000,test,2086-149214-0000_melvoc_mp3-64k
data/attacks/opus-32k/2086-149214-0000_melvoc.wav,fake,attack,none,opus-32k,opus-32k,THE NARRATIVE IT MAY BE IS WOVEN OF SO HUMBLE A TEXTURE AS TO REQUIRE THIS ADVANTAGE AND AT THE SAME TIME TO RENDER IT THE MORE DIFFICULT OF ATTAINMENT,2086,9.808,16000,test,2086-149214-0000_melvoc_opus-32k
data/attacks/g711-8k/2086-149214-0000_melvoc.wav,fake,attack,none,g711-8k,g711-8k,THE NARRATIVE IT MAY BE IS WOVEN OF SO HUMBLE A TEXTURE AS TO REQUIRE THIS ADVANTAGE AND AT THE SAME TIME TO RENDER IT THE MORE DIFFICULT OF ATTAINMENT,2086,9.808,16000,test,2086-149214-0000_melvoc_g711-8k
data/attacks/resample-8k/2086-149214-0000_melvoc.wav,fake,attack,none,resample-8k,8k-roundtrip,THE NARRATIVE IT MAY BE IS WOVEN OF SO HUMBLE A TEXTURE AS TO REQUIRE THIS ADVANTAGE AND AT THE SAME TIME TO RENDER IT THE MORE DIFFICULT OF ATTAINMENT,2086,9.808,16000,test,2086-149214-0000_melvoc_resample-8k
data/attacks/awgn-snr5/2086-149214-0000_melvoc.wav,fake,attack,none,awgn-snr5,snr5,THE NARRATIVE IT MAY BE IS WOVEN OF SO HUMBLE A TEXTURE AS TO REQUIRE THIS ADVANTAGE AND AT THE SAME TIME TO RENDER IT THE MORE DIFFICULT OF ATTAINMENT,2086,9.808,16000,test,2086-149214-0000_melvoc_awgn-snr5
data/attacks/awgn-snr10/2086-149214-0000_melvoc.wav,fake,attack,none,awgn-snr10,snr10,THE NARRATIVE IT MAY BE IS WOVEN OF SO HUMBLE A TEXTURE AS TO REQUIRE THIS ADVANTAGE AND AT THE SAME TIME TO RENDER IT THE MORE DIFFICULT OF ATTAINMENT,2086,9.808,16000,test,2086-149214-0000_melvoc_awgn-snr10
data/attacks/awgn-snr20/2086-149214-0000_melvoc.wav,fake,attack,none,awgn-snr20,snr20,THE NARRATIVE IT MAY BE IS WOVEN OF SO HUMBLE A TEXTURE AS TO REQUIRE THIS ADVANTAGE AND AT THE SAME TIME TO RENDER IT THE MORE DIFFICULT OF ATTAINMENT,2086,9.808,16000,test,2086-149214-0000_melvoc_awgn-snr20
data/attacks/bandpass-300-3400/2086-149214-0000_melvoc.wav,fake,attack,none,bandpass-300-3400,bandpass300-3400,THE NARRATIVE IT MAY BE IS WOVEN OF SO HUMBLE A TEXTURE AS TO REQUIRE THIS ADVANTAGE AND AT THE SAME TIME TO RENDER IT THE MORE DIFFICULT OF ATTAINMENT,2086,9.808,16000,test,2086-149214-0000_melvoc_bandpass-300-3400
data/attacks/reverb-rt60-0.2/2086-149214-0000_melvoc.wav,fake,attack,none,reverb-rt60-0.2,rt60-0.2,THE NARRATIVE IT MAY BE IS WOVEN OF SO HUMBLE A TEXTURE AS TO REQUIRE THIS ADVANTAGE AND AT THE SAME TIME TO RENDER IT THE MORE DIFFICULT OF ATTAINMENT,2086,9.808,16000,test,2086-149214-0000_melvoc_reverb-rt60-0.2
data/attacks/reverb-rt60-0.4/2086-149214-0000_melvoc.wav,fake,attack,none,reverb-rt60-0.4,rt60-0.4,THE NARRATIVE IT MAY BE IS WOVEN OF SO HUMBLE A TEXTURE AS TO REQUIRE THIS ADVANTAGE AND AT THE SAME TIME TO RENDER IT THE MORE DIFFICULT OF ATTAINMENT,2086,9.808,16000,test,2086-149214-0000_melvoc_reverb-rt60-0.4
data/attacks/reverb-rt60-0.8/2086-149214-0000_melvoc.wav,fake,attack,none,reverb-rt60-0.8,rt60-0.8,THE NARRATIVE IT MAY BE IS WOVEN OF SO HUMBLE A TEXTURE AS TO REQUIRE THIS ADVANTAGE AND AT THE SAME TIME TO RENDER IT THE MORE DIFFICULT OF ATTAINMENT,2086,9.808,16000,test,2086-149214-0000_melvoc_reverb-rt60-0.8
data/attacks/speed0.9/2086-149214-0000_melvoc.wav,fake,attack,none,speed0.9,speed0.9,THE NARRATIVE IT MAY BE IS WOVEN OF SO HUMBLE A TEXTURE AS TO REQUIRE THIS ADVANTAGE AND AT THE SAME TIME TO RENDER IT THE MORE DIFFICULT OF ATTAINMENT,2086,10.898,16000,test,2086-149214-0000_melvoc_speed0.9
data/attacks/speed1.1/2086-149214-0000_melvoc.wav,fake,attack,none,speed1.1,speed1.1,THE NARRATIVE IT MAY BE IS WOVEN OF SO HUMBLE A TEXTURE AS TO REQUIRE THIS ADVANTAGE AND AT THE SAME TIME TO RENDER IT THE MORE DIFFICULT OF ATTAINMENT,2086,8.916,16000,test,2086-149214-0000_melvoc_speed1.1
data/attacks/mp3-128k/2086-149214-0000_pitch.wav,fake,attack,none,mp3-128k,mp3-128k,THE NARRATIVE IT MAY BE IS WOVEN OF SO HUMBLE A TEXTURE AS TO REQUIRE THIS ADVANTAGE AND AT THE SAME TIME TO RENDER IT THE MORE DIFFICULT OF ATTAINMENT,2086,9.81,16000,test,2086-149214-0000_pitch_mp3-128k
data/attacks/mp3-64k/2086-149214-0000_pitch.wav,fake,attack,none,mp3-64k,mp3-64k,THE NARRATIVE IT MAY BE IS WOVEN OF SO HUMBLE A TEXTURE AS TO REQUIRE THIS ADVANTAGE AND AT THE SAME TIME TO RENDER IT THE MORE DIFFICULT OF ATTAINMENT,2086,9.81,16000,test,2086-149214-0000_pitch_mp3-64k
data/attacks/opus-32k/2086-149214-0000_pitch.wav,fake,attack,none,opus-32k,opus-32k,THE NARRATIVE IT MAY BE IS WOVEN OF SO HUMBLE A TEXTURE AS TO REQUIRE THIS ADVANTAGE AND AT THE SAME TIME TO RENDER IT THE MORE DIFFICULT OF ATTAINMENT,2086,9.81,16000,test,2086-149214-0000_pitch_opus-32k
data/attacks/g711-8k/2086-149214-0000_pitch.wav,fake,attack,none,g711-8k,g711-8k,THE NARRATIVE IT MAY BE IS WOVEN OF SO HUMBLE A TEXTURE AS TO REQUIRE THIS ADVANTAGE AND AT THE SAME TIME TO RENDER IT THE MORE DIFFICULT OF ATTAINMENT,2086,9.81,16000,test,2086-149214-0000_pitch_g711-8k
data/attacks/resample-8k/2086-149214-0000_pitch.wav,fake,attack,none,resample-8k,8k-roundtrip,THE NARRATIVE IT MAY BE IS WOVEN OF SO HUMBLE A TEXTURE AS TO REQUIRE THIS ADVANTAGE AND AT THE SAME TIME TO RENDER IT THE MORE DIFFICULT OF ATTAINMENT,2086,9.81,16000,test,2086-149214-0000_pitch_resample-8k
data/attacks/awgn-snr5/2086-149214-0000_pitch.wav,fake,attack,none,awgn-snr5,snr5,THE NARRATIVE IT MAY BE IS WOVEN OF SO HUMBLE A TEXTURE AS TO REQUIRE THIS ADVANTAGE AND AT THE SAME TIME TO RENDER IT THE MORE DIFFICULT OF ATTAINMENT,2086,9.81,16000,test,2086-149214-0000_pitch_awgn-snr5
data/attacks/awgn-snr10/2086-149214-0000_pitch.wav,fake,attack,none,awgn-snr10,snr10,THE NARRATIVE IT MAY BE IS WOVEN OF SO HUMBLE A TEXTURE AS TO REQUIRE THIS ADVANTAGE AND AT THE SAME TIME TO RENDER IT THE MORE DIFFICULT OF ATTAINMENT,2086,9.81,16000,test,2086-149214-0000_pitch_awgn-snr10
data/attacks/awgn-snr20/2086-149214-0000_pitch.wav,fake,attack,none,awgn-snr20,snr20,THE NARRATIVE IT MAY BE IS WOVEN OF SO HUMBLE A TEXTURE AS TO REQUIRE THIS ADVANTAGE AND AT THE SAME TIME TO RENDER IT THE MORE DIFFICULT OF ATTAINMENT,2086,9.81,16000,test,2086-149214-0000_pitch_awgn-snr20
data/attacks/bandpass-300-3400/2086-149214-0000_pitch.wav,fake,attack,none,bandpass-300-3400,bandpass300-3400,THE NARRATIVE IT MAY BE IS WOVEN OF SO HUMBLE A TEXTURE AS TO REQUIRE THIS ADVANTAGE AND AT THE SAME TIME TO RENDER IT THE MORE DIFFICULT OF ATTAINMENT,2086,9.81,16000,test,2086-149214-0000_pitch_bandpass-300-3400
data/attacks/reverb-rt60-0.2/2086-149214-0000_pitch.wav,fake,attack,none,reverb-rt60-0.2,rt60-0.2,THE NARRATIVE IT MAY BE IS WOVEN OF SO HUMBLE A TEXTURE AS TO REQUIRE THIS ADVANTAGE AND AT THE SAME TIME TO RENDER IT THE MORE DIFFICULT OF ATTAINMENT,2086,9.81,16000,test,2086-149214-0000_pitch_reverb-rt60-0.2
data/attacks/reverb-rt60-0.4/2086-149214-0000_pitch.wav,fake,attack,none,reverb-rt60-0.4,rt60-0.4,THE NARRATIVE IT MAY BE IS WOVEN OF SO HUMBLE A TEXTURE AS TO REQUIRE THIS ADVANTAGE AND AT THE SAME TIME TO RENDER IT THE MORE DIFFICULT OF ATTAINMENT,2086,9.81,16000,test,2086-149214-0000_pitch_reverb-rt60-0.4
data/attacks/reverb-rt60-0.8/2086-149214-0000_pitch.wav,fake,attack,none,reverb-rt60-0.8,rt60-0.8,THE NARRATIVE IT MAY BE IS WOVEN OF SO HUMBLE A TEXTURE AS TO REQUIRE THIS ADVANTAGE AND AT THE SAME TIME TO RENDER IT THE MORE DIFFICULT OF ATTAINMENT,2086,9.81,16000,test,2086-149214-0000_pitch_reverb-rt60-0.8
data/attacks/speed0.9/2086-149214-0000_pitch.wav,fake,attack,none,speed0.9,speed0.9,THE NARRATIVE IT MAY BE IS WOVEN OF SO HUMBLE A TEXTURE AS TO REQUIRE THIS ADVANTAGE AND AT THE SAME TIME TO RENDER IT THE MORE DIFFICULT OF ATTAINMENT,2086,10.9,16000,test,2086-149214-0000_pitch_speed0.9
data/attacks/speed1.1/2086-149214-0000_pitch.wav,fake,attack,none,speed1.1,speed1.1,THE NARRATIVE IT MAY BE IS WOVEN OF SO HUMBLE A TEXTURE AS TO REQUIRE THIS ADVANTAGE AND AT THE SAME TIME TO RENDER IT THE MORE DIFFICULT OF ATTAINMENT,2086,8.918,16000,test,2086-149214-0000_pitch_speed1.1
data/attacks/mp3-128k/2086-149214-0001_formant.wav,fake,attack,none,mp3-128k,mp3-128k,IN GOOD FAITH HOWEVER HE IS NOT SUFFICIENTLY IMAGINATIVE TO FLATTER HIMSELF WITH THE SLIGHTEST HOPE OF THIS KIND,2086,6.97,16000,test,2086-149214-0001_formant_mp3-128k
data/attacks/mp3-64k/2086-149214-0001_formant.wav,fake,attack,none,mp3-64k,mp3-64k,IN GOOD FAITH HOWEVER HE IS NOT SUFFICIENTLY IMAGINATIVE TO FLATTER HIMSELF WITH THE SLIGHTEST HOPE OF THIS KIND,2086,6.97,16000,test,2086-149214-0001_formant_mp3-64k
data/attacks/opus-32k/2086-149214-0001_formant.wav,fake,attack,none,opus-32k,opus-32k,IN GOOD FAITH HOWEVER HE IS NOT SUFFICIENTLY IMAGINATIVE TO FLATTER HIMSELF WITH THE SLIGHTEST HOPE OF THIS KIND,2086,6.97,16000,test,2086-149214-0001_formant_opus-32k
data/attacks/g711-8k/2086-149214-0001_formant.wav,fake,attack,none,g711-8k,g711-8k,IN GOOD FAITH HOWEVER HE IS NOT SUFFICIENTLY IMAGINATIVE TO FLATTER HIMSELF WITH THE SLIGHTEST HOPE OF THIS KIND,2086,6.97,16000,test,2086-149214-0001_formant_g711-8k
data/attacks/resample-8k/2086-149214-0001_formant.wav,fake,attack,none,resample-8k,8k-roundtrip,IN GOOD FAITH HOWEVER HE IS NOT SUFFICIENTLY IMAGINATIVE TO FLATTER HIMSELF WITH THE SLIGHTEST HOPE OF THIS KIND,2086,6.97,16000,test,2086-149214-0001_formant_resample-8k
data/attacks/awgn-snr5/2086-149214-0001_formant.wav,fake,attack,none,awgn-snr5,snr5,IN GOOD FAITH HOWEVER HE IS NOT SUFFICIENTLY IMAGINATIVE TO FLATTER HIMSELF WITH THE SLIGHTEST HOPE OF THIS KIND,2086,6.97,16000,test,2086-149214-0001_formant_awgn-snr5
data/attacks/awgn-snr10/2086-149214-0001_formant.wav,fake,attack,none,awgn-snr10,snr10,IN GOOD FAITH HOWEVER HE IS NOT SUFFICIENTLY IMAGINATIVE TO FLATTER HIMSELF WITH THE SLIGHTEST HOPE OF THIS KIND,2086,6.97,16000,test,2086-149214-0001_formant_awgn-snr10
data/attacks/awgn-snr20/2086-149214-0001_formant.wav,fake,attack,none,awgn-snr20,snr20,IN GOOD FAITH HOWEVER HE IS NOT SUFFICIENTLY IMAGINATIVE TO FLATTER HIMSELF WITH THE SLIGHTEST HOPE OF THIS KIND,2086,6.97,16000,test,2086-149214-0001_formant_awgn-snr20
data/attacks/bandpass-300-3400/2086-149214-0001_formant.wav,fake,attack,none,bandpass-300-3400,bandpass300-3400,IN GOOD FAITH HOWEVER HE IS NOT SUFFICIENTLY IMAGINATIVE TO FLATTER HIMSELF WITH THE SLIGHTEST HOPE OF THIS KIND,2086,6.97,16000,test,2086-149214-0001_formant_bandpass-300-3400
data/attacks/reverb-rt60-0.2/2086-149214-0001_formant.wav,fake,attack,none,reverb-rt60-0.2,rt60-0.2,IN GOOD FAITH HOWEVER HE IS NOT SUFFICIENTLY IMAGINATIVE TO FLATTER HIMSELF WITH THE SLIGHTEST HOPE OF THIS KIND,2086,6.97,16000,test,2086-149214-0001_formant_reverb-rt60-0.2
data/attacks/reverb-rt60-0.4/2086-149214-0001_formant.wav,fake,attack,none,reverb-rt60-0.4,rt60-0.4,IN GOOD FAITH HOWEVER HE IS NOT SUFFICIENTLY IMAGINATIVE TO FLATTER HIMSELF WITH THE SLIGHTEST HOPE OF THIS KIND,2086,6.97,16000,test,2086-149214-0001_formant_reverb-rt60-0.4
data/attacks/reverb-rt60-0.8/2086-149214-0001_formant.wav,fake,attack,none,reverb-rt60-0.8,rt60-0.8,IN GOOD FAITH HOWEVER HE IS NOT SUFFICIENTLY IMAGINATIVE TO FLATTER HIMSELF WITH THE SLIGHTEST HOPE OF THIS KIND,2086,6.97,16000,test,2086-149214-0001_formant_reverb-rt60-0.8
data/attacks/speed0.9/2086-149214-0001_formant.wav,fake,attack,none,speed0.9,speed0.9,IN GOOD FAITH HOWEVER HE IS NOT SUFFICIENTLY IMAGINATIVE TO FLATTER HIMSELF WITH THE SLIGHTEST HOPE OF THIS KIND,2086,7.744,16000,test,2086-149214-0001_formant_speed0.9
data/attacks/speed1.1/2086-149214-0001_formant.wav,fake,attack,none,speed1.1,speed1.1,IN GOOD FAITH HOWEVER HE IS NOT SUFFICIENTLY IMAGINATIVE TO FLATTER HIMSELF WITH THE SLIGHTEST HOPE OF THIS KIND,2086,6.336,16000,test,2086-149214-0001_formant_speed1.1
data/attacks/mp3-128k/2086-149214-0001_melvoc.wav,fake,attack,none,mp3-128k,mp3-128k,IN GOOD FAITH HOWEVER HE IS NOT SUFFICIENTLY IMAGINATIVE TO FLATTER HIMSELF WITH THE SLIGHTEST HOPE OF THIS KIND,2086,6.968,16000,test,2086-149214-0001_melvoc_mp3-128k
data/attacks/mp3-64k/2086-149214-0001_melvoc.wav,fake,attack,none,mp3-64k,mp3-64k,IN GOOD FAITH HOWEVER HE IS NOT SUFFICIENTLY IMAGINATIVE TO FLATTER HIMSELF WITH THE SLIGHTEST HOPE OF THIS KIND,2086,6.968,16000,test,2086-149214-0001_melvoc_mp3-64k
data/attacks/opus-32k/2086-149214-0001_melvoc.wav,fake,attack,none,opus-32k,opus-32k,IN GOOD FAITH HOWEVER HE IS NOT SUFFICIENTLY IMAGINATIVE TO FLATTER HIMSELF WITH THE SLIGHTEST HOPE OF THIS KIND,2086,6.968,16000,test,2086-149214-0001_melvoc_opus-32k
data/attacks/g711-8k/2086-149214-0001_melvoc.wav,fake,attack,none,g711-8k,g711-8k,IN GOOD FAITH HOWEVER HE IS NOT SUFFICIENTLY IMAGINATIVE TO FLATTER HIMSELF WITH THE SLIGHTEST HOPE OF THIS KIND,2086,6.968,16000,test,2086-149214-0001_melvoc_g711-8k
data/attacks/resample-8k/2086-149214-0001_melvoc.wav,fake,attack,none,resample-8k,8k-roundtrip,IN GOOD FAITH HOWEVER HE IS NOT SUFFICIENTLY IMAGINATIVE TO FLATTER HIMSELF WITH THE SLIGHTEST HOPE OF THIS KIND,2086,6.968,16000,test,2086-149214-0001_melvoc_resample-8k
data/attacks/awgn-snr5/2086-149214-0001_melvoc.wav,fake,attack,none,awgn-snr5,snr5,IN GOOD FAITH HOWEVER HE IS NOT SUFFICIENTLY IMAGINATIVE TO FLATTER HIMSELF WITH THE SLIGHTEST HOPE OF THIS KIND,2086,6.968,16000,test,2086-149214-0001_melvoc_awgn-snr5
data/attacks/awgn-snr10/2086-149214-0001_melvoc.wav,fake,attack,none,awgn-snr10,snr10,IN GOOD FAITH HOWEVER HE IS NOT SUFFICIENTLY IMAGINATIVE TO FLATTER HIMSELF WITH THE SLIGHTEST HOPE OF THIS KIND,2086,6.968,16000,test,2086-149214-0001_melvoc_awgn-snr10
data/attacks/awgn-snr20/2086-149214-0001_melvoc.wav,fake,attack,none,awgn-snr20,snr20,IN GOOD FAITH HOWEVER HE IS NOT SUFFICIENTLY IMAGINATIVE TO FLATTER HIMSELF WITH THE SLIGHTEST HOPE OF THIS KIND,2086,6.968,16000,test,2086-149214-0001_melvoc_awgn-snr20
data/attacks/bandpass-300-3400/2086-149214-0001_melvoc.wav,fake,attack,none,bandpass-300-3400,bandpass300-3400,IN GOOD FAITH HOWEVER HE IS NOT SUFFICIENTLY IMAGINATIVE TO FLATTER HIMSELF WITH THE SLIGHTEST HOPE OF THIS KIND,2086,6.968,16000,test,2086-149214-0001_melvoc_bandpass-300-3400
data/attacks/reverb-rt60-0.2/2086-149214-0001_melvoc.wav,fake,attack,none,reverb-rt60-0.2,rt60-0.2,IN GOOD FAITH HOWEVER HE IS NOT SUFFICIENTLY IMAGINATIVE TO FLATTER HIMSELF WITH THE SLIGHTEST HOPE OF THIS KIND,2086,6.968,16000,test,2086-149214-0001_melvoc_reverb-rt60-0.2
data/attacks/reverb-rt60-0.4/2086-149214-0001_melvoc.wav,fake,attack,none,reverb-rt60-0.4,rt60-0.4,IN GOOD FAITH HOWEVER HE IS NOT SUFFICIENTLY IMAGINATIVE TO FLATTER HIMSELF WITH THE SLIGHTEST HOPE OF THIS KIND,2086,6.968,16000,test,2086-149214-0001_melvoc_reverb-rt60-0.4
data/attacks/reverb-rt60-0.8/2086-149214-0001_melvoc.wav,fake,attack,none,reverb-rt60-0.8,rt60-0.8,IN GOOD FAITH HOWEVER HE IS NOT SUFFICIENTLY IMAGINATIVE TO FLATTER HIMSELF WITH THE SLIGHTEST HOPE OF THIS KIND,2086,6.968,16000,test,2086-149214-0001_melvoc_reverb-rt60-0.8
data/attacks/speed0.9/2086-149214-0001_melvoc.wav,fake,attack,none,speed0.9,speed0.9,IN GOOD FAITH HOWEVER HE IS NOT SUFFICIENTLY IMAGINATIVE TO FLATTER HIMSELF WITH THE SLIGHTEST HOPE OF THIS KIND,2086,7.742,16000,test,2086-149214-0001_melvoc_speed0.9
data/attacks/speed1.1/2086-149214-0001_melvoc.wav,fake,attack,none,speed1.1,speed1.1,IN GOOD FAITH HOWEVER HE IS NOT SUFFICIENTLY IMAGINATIVE TO FLATTER HIMSELF WITH THE SLIGHTEST HOPE OF THIS KIND,2086,6.335,16000,test,2086-149214-0001_melvoc_speed1.1
data/attacks/mp3-128k/2086-149214-0001_pitch.wav,fake,attack,none,mp3-128k,mp3-128k,IN GOOD FAITH HOWEVER HE IS NOT SUFFICIENTLY IMAGINATIVE TO FLATTER HIMSELF WITH THE SLIGHTEST HOPE OF THIS KIND,2086,6.97,16000,test,2086-149214-0001_pitch_mp3-128k
data/attacks/mp3-64k/2086-149214-0001_pitch.wav,fake,attack,none,mp3-64k,mp3-64k,IN GOOD FAITH HOWEVER HE IS NOT SUFFICIENTLY IMAGINATIVE TO FLATTER HIMSELF WITH THE SLIGHTEST HOPE OF THIS KIND,2086,6.97,16000,test,2086-149214-0001_pitch_mp3-64k
data/attacks/opus-32k/2086-149214-0001_pitch.wav,fake,attack,none,opus-32k,opus-32k,IN GOOD FAITH HOWEVER HE IS NOT SUFFICIENTLY IMAGINATIVE TO FLATTER HIMSELF WITH THE SLIGHTEST HOPE OF THIS KIND,2086,6.97,16000,test,2086-149214-0001_pitch_opus-32k
data/attacks/g711-8k/2086-149214-0001_pitch.wav,fake,attack,none,g711-8k,g711-8k,IN GOOD FAITH HOWEVER HE IS NOT SUFFICIENTLY IMAGINATIVE TO FLATTER HIMSELF WITH THE SLIGHTEST HOPE OF THIS KIND,2086,6.97,16000,test,2086-149214-0001_pitch_g711-8k
data/attacks/resample-8k/2086-149214-0001_pitch.wav,fake,attack,none,resample-8k,8k-roundtrip,IN GOOD FAITH HOWEVER HE IS NOT SUFFICIENTLY IMAGINATIVE TO FLATTER HIMSELF WITH THE SLIGHTEST HOPE OF THIS KIND,2086,6.97,16000,test,2086-149214-0001_pitch_resample-8k
data/attacks/awgn-snr5/2086-149214-0001_pitch.wav,fake,attack,none,awgn-snr5,snr5,IN GOOD FAITH HOWEVER HE IS NOT SUFFICIENTLY IMAGINATIVE TO FLATTER HIMSELF WITH THE SLIGHTEST HOPE OF THIS KIND,2086,6.97,16000,test,2086-149214-0001_pitch_awgn-snr5
data/attacks/awgn-snr10/2086-149214-0001_pitch.wav,fake,attack,none,awgn-snr10,snr10,IN GOOD FAITH HOWEVER HE IS NOT SUFFICIENTLY IMAGINATIVE TO FLATTER HIMSELF WITH THE SLIGHTEST HOPE OF THIS KIND,2086,6.97,16000,test,2086-149214-0001_pitch_awgn-snr10
data/attacks/awgn-snr20/2086-149214-0001_pitch.wav,fake,attack,none,awgn-snr20,snr20,IN GOOD FAITH HOWEVER HE IS NOT SUFFICIENTLY IMAGINATIVE TO FLATTER HIMSELF WITH THE SLIGHTEST HOPE OF THIS KIND,2086,6.97,16000,test,2086-149214-0001_pitch_awgn-snr20
data/attacks/bandpass-300-3400/2086-149214-0001_pitch.wav,fake,attack,none,bandpass-300-3400,bandpass300-3400,IN GOOD FAITH HOWEVER HE IS NOT SUFFICIENTLY IMAGINATIVE TO FLATTER HIMSELF WITH THE SLIGHTEST HOPE OF THIS KIND,2086,6.97,16000,test,2086-149214-0001_pitch_bandpass-300-3400
data/attacks/reverb-rt60-0.2/2086-149214-0001_pitch.wav,fake,attack,none,reverb-rt60-0.2,rt60-0.2,IN GOOD FAITH HOWEVER HE IS NOT SUFFICIENTLY IMAGINATIVE TO FLATTER HIMSELF WITH THE SLIGHTEST HOPE OF THIS KIND,2086,6.97,16000,test,2086-149214-0001_pitch_reverb-rt60-0.2
data/attacks/reverb-rt60-0.4/2086-149214-0001_pitch.wav,fake,attack,none,reverb-rt60-0.4,rt60-0.4,IN GOOD FAITH HOWEVER HE IS NOT SUFFICIENTLY IMAGINATIVE TO FLATTER HIMSELF WITH THE SLIGHTEST HOPE OF THIS KIND,2086,6.97,16000,test,2086-149214-0001_pitch_reverb-rt60-0.4
data/attacks/reverb-rt60-0.8/2086-149214-0001_pitch.wav,fake,attack,none,reverb-rt60-0.8,rt60-0.8,IN GOOD FAITH HOWEVER HE IS NOT SUFFICIENTLY IMAGINATIVE TO FLATTER HIMSELF WITH THE SLIGHTEST HOPE OF THIS KIND,2086,6.97,16000,test,2086-149214-0001_pitch_reverb-rt60-0.8
data/attacks/speed0.9/2086-149214-0001_pitch.wav,fake,attack,none,speed0.9,speed0.9,IN GOOD FAITH HOWEVER HE IS NOT SUFFICIENTLY IMAGINATIVE TO FLATTER HIMSELF WITH THE SLIGHTEST HOPE OF THIS KIND,2086,7.744,16000,test,2086-149214-0001_pitch_speed0.9
data/attacks/speed1.1/2086-149214-0001_pitch.wav,fake,attack,none,speed1.1,speed1.1,IN GOOD FAITH HOWEVER HE IS NOT SUFFICIENTLY IMAGINATIVE TO FLATTER HIMSELF WITH THE SLIGHTEST HOPE OF THIS KIND,2086,6.336,16000,test,2086-149214-0001_pitch_speed1.1
data/attacks/mp3-128k/2086-149214-0002_formant.wav,fake,attack,none,mp3-128k,mp3-128k,THE AUTHOR HAS CONSIDERED IT HARDLY WORTH HIS WHILE THEREFORE RELENTLESSLY TO IMPALE THE STORY WITH ITS MORAL AS WITH AN IRON ROD OR RATHER AS BY STICKING A PIN THROUGH A BUTTERFLY THUS AT ONCE DEPRIVING IT OF LIFE AND CAUSING IT TO STIFFEN IN AN UNGAINLY AND UNNATURAL ATTITUDE,2086,16.745,16000,test,2086-149214-0002_formant_mp3-128k
data/attacks/mp3-64k/2086-149214-0002_formant.wav,fake,attack,none,mp3-64k,mp3-64k,THE AUTHOR HAS CONSIDERED IT HARDLY WORTH HIS WHILE THEREFORE RELENTLESSLY TO IMPALE THE STORY WITH ITS MORAL AS WITH AN IRON ROD OR RATHER AS BY STICKING A PIN THROUGH A BUTTERFLY THUS AT ONCE DEPRIVING IT OF LIFE AND CAUSING IT TO STIFFEN IN AN UNGAINLY AND UNNATURAL ATTITUDE,2086,16.745,16000,test,2086-149214-0002_formant_mp3-64k
data/attacks/opus-32k/2086-149214-0002_formant.wav,fake,attack,none,opus-32k,opus-32k,THE AUTHOR HAS CONSIDERED IT HARDLY WORTH HIS WHILE THEREFORE RELENTLESSLY TO IMPALE THE STORY WITH ITS MORAL AS WITH AN IRON ROD OR RATHER AS BY STICKING A PIN THROUGH A BUTTERFLY THUS AT ONCE DEPRIVING IT OF LIFE AND CAUSING IT TO STIFFEN IN AN UNGAINLY AND UNNATURAL ATTITUDE,2086,16.745,16000,test,2086-149214-0002_formant_opus-32k
data/attacks/g711-8k/2086-149214-0002_formant.wav,fake,attack,none,g711-8k,g711-8k,THE AUTHOR HAS CONSIDERED IT HARDLY WORTH HIS WHILE THEREFORE RELENTLESSLY TO IMPALE THE STORY WITH ITS MORAL AS WITH AN IRON ROD OR RATHER AS BY STICKING A PIN THROUGH A BUTTERFLY THUS AT ONCE DEPRIVING IT OF LIFE AND CAUSING IT TO STIFFEN IN AN UNGAINLY AND UNNATURAL ATTITUDE,2086,16.745,16000,test,2086-149214-0002_formant_g711-8k
data/attacks/resample-8k/2086-149214-0002_formant.wav,fake,attack,none,resample-8k,8k-roundtrip,THE AUTHOR HAS CONSIDERED IT HARDLY WORTH HIS WHILE THEREFORE RELENTLESSLY TO IMPALE THE STORY WITH ITS MORAL AS WITH AN IRON ROD OR RATHER AS BY STICKING A PIN THROUGH A BUTTERFLY THUS AT ONCE DEPRIVING IT OF LIFE AND CAUSING IT TO STIFFEN IN AN UNGAINLY AND UNNATURAL ATTITUDE,2086,16.745,16000,test,2086-149214-0002_formant_resample-8k
data/attacks/awgn-snr5/2086-149214-0002_formant.wav,fake,attack,none,awgn-snr5,snr5,THE AUTHOR HAS CONSIDERED IT HARDLY WORTH HIS WHILE THEREFORE RELENTLESSLY TO IMPALE THE STORY WITH ITS MORAL AS WITH AN IRON ROD OR RATHER AS BY STICKING A PIN THROUGH A BUTTERFLY THUS AT ONCE DEPRIVING IT OF LIFE AND CAUSING IT TO STIFFEN IN AN UNGAINLY AND UNNATURAL ATTITUDE,2086,16.745,16000,test,2086-149214-0002_formant_awgn-snr5
data/attacks/awgn-snr10/2086-149214-0002_formant.wav,fake,attack,none,awgn-snr10,snr10,THE AUTHOR HAS CONSIDERED IT HARDLY WORTH HIS WHILE THEREFORE RELENTLESSLY TO IMPALE THE STORY WITH ITS MORAL AS WITH AN IRON ROD OR RATHER AS BY STICKING A PIN THROUGH A BUTTERFLY THUS AT ONCE DEPRIVING IT OF LIFE AND CAUSING IT TO STIFFEN IN AN UNGAINLY AND UNNATURAL ATTITUDE,2086,16.745,16000,test,2086-149214-0002_formant_awgn-snr10
data/attacks/awgn-snr20/2086-149214-0002_formant.wav,fake,attack,none,awgn-snr20,snr20,THE AUTHOR HAS CONSIDERED IT HARDLY WORTH HIS WHILE THEREFORE RELENTLESSLY TO IMPALE THE STORY WITH ITS MORAL AS WITH AN IRON ROD OR RATHER AS BY STICKING A PIN THROUGH A BUTTERFLY THUS AT ONCE DEPRIVING IT OF LIFE AND CAUSING IT TO STIFFEN IN AN UNGAINLY AND UNNATURAL ATTITUDE,2086,16.745,16000,test,2086-149214-0002_formant_awgn-snr20
data/attacks/bandpass-300-3400/2086-149214-0002_formant.wav,fake,attack,none,bandpass-300-3400,bandpass300-3400,THE AUTHOR HAS CONSIDERED IT HARDLY WORTH HIS WHILE THEREFORE RELENTLESSLY TO IMPALE THE STORY WITH ITS MORAL AS WITH AN IRON ROD OR RATHER AS BY STICKING A PIN THROUGH A BUTTERFLY THUS AT ONCE DEPRIVING IT OF LIFE AND CAUSING IT TO STIFFEN IN AN UNGAINLY AND UNNATURAL ATTITUDE,2086,16.745,16000,test,2086-149214-0002_formant_bandpass-300-3400
data/attacks/reverb-rt60-0.2/2086-149214-0002_formant.wav,fake,attack,none,reverb-rt60-0.2,rt60-0.2,THE AUTHOR HAS CONSIDERED IT HARDLY WORTH HIS WHILE THEREFORE RELENTLESSLY TO IMPALE THE STORY WITH ITS MORAL AS WITH AN IRON ROD OR RATHER AS BY STICKING A PIN THROUGH A BUTTERFLY THUS AT ONCE DEPRIVING IT OF LIFE AND CAUSING IT TO STIFFEN IN AN UNGAINLY AND UNNATURAL ATTITUDE,2086,16.745,16000,test,2086-149214-0002_formant_reverb-rt60-0.2
data/attacks/reverb-rt60-0.4/2086-149214-0002_formant.wav,fake,attack,none,reverb-rt60-0.4,rt60-0.4,THE AUTHOR HAS CONSIDERED IT HARDLY WORTH HIS WHILE THEREFORE RELENTLESSLY TO IMPALE THE STORY WITH ITS MORAL AS WITH AN IRON ROD OR RATHER AS BY STICKING A PIN THROUGH A BUTTERFLY THUS AT ONCE DEPRIVING IT OF LIFE AND CAUSING IT TO STIFFEN IN AN UNGAINLY AND UNNATURAL ATTITUDE,2086,16.745,16000,test,2086-149214-0002_formant_reverb-rt60-0.4
data/attacks/reverb-rt60-0.8/2086-149214-0002_formant.wav,fake,attack,none,reverb-rt60-0.8,rt60-0.8,THE AUTHOR HAS CONSIDERED IT HARDLY WORTH HIS WHILE THEREFORE RELENTLESSLY TO IMPALE THE STORY WITH ITS MORAL AS WITH AN IRON ROD OR RATHER AS BY STICKING A PIN THROUGH A BUTTERFLY THUS AT ONCE DEPRIVING IT OF LIFE AND CAUSING IT TO STIFFEN IN AN UNGAINLY AND UNNATURAL ATTITUDE,2086,16.745,16000,test,2086-149214-0002_formant_reverb-rt60-0.8
data/attacks/speed0.9/2086-149214-0002_formant.wav,fake,attack,none,speed0.9,speed0.9,THE AUTHOR HAS CONSIDERED IT HARDLY WORTH HIS WHILE THEREFORE RELENTLESSLY TO IMPALE THE STORY WITH ITS MORAL AS WITH AN IRON ROD OR RATHER AS BY STICKING A PIN THROUGH A BUTTERFLY THUS AT ONCE DEPRIVING IT OF LIFE AND CAUSING IT TO STIFFEN IN AN UNGAINLY AND UNNATURAL ATTITUDE,2086,18.606,16000,test,2086-149214-0002_formant_speed0.9
data/attacks/speed1.1/2086-149214-0002_formant.wav,fake,attack,none,speed1.1,speed1.1,THE AUTHOR HAS CONSIDERED IT HARDLY WORTH HIS WHILE THEREFORE RELENTLESSLY TO IMPALE THE STORY WITH ITS MORAL AS WITH AN IRON ROD OR RATHER AS BY STICKING A PIN THROUGH A BUTTERFLY THUS AT ONCE DEPRIVING IT OF LIFE AND CAUSING IT TO STIFFEN IN AN UNGAINLY AND UNNATURAL ATTITUDE,2086,15.223,16000,test,2086-149214-0002_formant_speed1.1
data/attacks/mp3-128k/2086-149214-0002_melvoc.wav,fake,attack,none,mp3-128k,mp3-128k,THE AUTHOR HAS CONSIDERED IT HARDLY WORTH HIS WHILE THEREFORE RELENTLESSLY TO IMPALE THE STORY WITH ITS MORAL AS WITH AN IRON ROD OR RATHER AS BY STICKING A PIN THROUGH A BUTTERFLY THUS AT ONCE DEPRIVING IT OF LIFE AND CAUSING IT TO STIFFEN IN AN UNGAINLY AND UNNATURAL ATTITUDE,2086,16.744,16000,test,2086-149214-0002_melvoc_mp3-128k
data/attacks/mp3-64k/2086-149214-0002_melvoc.wav,fake,attack,none,mp3-64k,mp3-64k,THE AUTHOR HAS CONSIDERED IT HARDLY WORTH HIS WHILE THEREFORE RELENTLESSLY TO IMPALE THE STORY WITH ITS MORAL AS WITH AN IRON ROD OR RATHER AS BY STICKING A PIN THROUGH A BUTTERFLY THUS AT ONCE DEPRIVING IT OF LIFE AND CAUSING IT TO STIFFEN IN AN UNGAINLY AND UNNATURAL ATTITUDE,2086,16.744,16000,test,2086-149214-0002_melvoc_mp3-64k
data/attacks/opus-32k/2086-149214-0002_melvoc.wav,fake,attack,none,opus-32k,opus-32k,THE AUTHOR HAS CONSIDERED IT HARDLY WORTH HIS WHILE THEREFORE RELENTLESSLY TO IMPALE THE STORY WITH ITS MORAL AS WITH AN IRON ROD OR RATHER AS BY STICKING A PIN THROUGH A BUTTERFLY THUS AT ONCE DEPRIVING IT OF LIFE AND CAUSING IT TO STIFFEN IN AN UNGAINLY AND UNNATURAL ATTITUDE,2086,16.744,16000,test,2086-149214-0002_melvoc_opus-32k
data/attacks/g711-8k/2086-149214-0002_melvoc.wav,fake,attack,none,g711-8k,g711-8k,THE AUTHOR HAS CONSIDERED IT HARDLY WORTH HIS WHILE THEREFORE RELENTLESSLY TO IMPALE THE STORY WITH ITS MORAL AS WITH AN IRON ROD OR RATHER AS BY STICKING A PIN THROUGH A BUTTERFLY THUS AT ONCE DEPRIVING IT OF LIFE AND CAUSING IT TO STIFFEN IN AN UNGAINLY AND UNNATURAL ATTITUDE,2086,16.744,16000,test,2086-149214-0002_melvoc_g711-8k
data/attacks/resample-8k/2086-149214-0002_melvoc.wav,fake,attack,none,resample-8k,8k-roundtrip,THE AUTHOR HAS CONSIDERED IT HARDLY WORTH HIS WHILE THEREFORE RELENTLESSLY TO IMPALE THE STORY WITH ITS MORAL AS WITH AN IRON ROD OR RATHER AS BY STICKING A PIN THROUGH A BUTTERFLY THUS AT ONCE DEPRIVING IT OF LIFE AND CAUSING IT TO STIFFEN IN AN UNGAINLY AND UNNATURAL ATTITUDE,2086,16.744,16000,test,2086-149214-0002_melvoc_resample-8k
data/attacks/awgn-snr5/2086-149214-0002_melvoc.wav,fake,attack,none,awgn-snr5,snr5,THE AUTHOR HAS CONSIDERED IT HARDLY WORTH HIS WHILE THEREFORE RELENTLESSLY TO IMPALE THE STORY WITH ITS MORAL AS WITH AN IRON ROD OR RATHER AS BY STICKING A PIN THROUGH A BUTTERFLY THUS AT ONCE DEPRIVING IT OF LIFE AND CAUSING IT TO STIFFEN IN AN UNGAINLY AND UNNATURAL ATTITUDE,2086,16.744,16000,test,2086-149214-0002_melvoc_awgn-snr5
data/attacks/awgn-snr10/2086-149214-0002_melvoc.wav,fake,attack,none,awgn-snr10,snr10,THE AUTHOR HAS CONSIDERED IT HARDLY WORTH HIS WHILE THEREFORE RELENTLESSLY TO IMPALE THE STORY WITH ITS MORAL AS WITH AN IRON ROD OR RATHER AS BY STICKING A PIN THROUGH A BUTTERFLY THUS AT ONCE DEPRIVING IT OF LIFE AND CAUSING IT TO STIFFEN IN AN UNGAINLY AND UNNATURAL ATTITUDE,2086,16.744,16000,test,2086-149214-0002_melvoc_awgn-snr10
data/attacks/awgn-snr20/2086-149214-0002_melvoc.wav,fake,attack,none,awgn-snr20,snr20,THE AUTHOR HAS CONSIDERED IT HARDLY WORTH HIS WHILE THEREFORE RELENTLESSLY TO IMPALE THE STORY WITH ITS MORAL AS WITH AN IRON ROD OR RATHER AS BY STICKING A PIN THROUGH A BUTTERFLY THUS AT ONCE DEPRIVING IT OF LIFE AND CAUSING IT TO STIFFEN IN AN UNGAINLY AND UNNATURAL ATTITUDE,2086,16.744,16000,test,2086-149214-0002_melvoc_awgn-snr20
data/attacks/bandpass-300-3400/2086-149214-0002_melvoc.wav,fake,attack,none,bandpass-300-3400,bandpass300-3400,THE AUTHOR HAS CONSIDERED IT HARDLY WORTH HIS WHILE THEREFORE RELENTLESSLY TO IMPALE THE STORY WITH ITS MORAL AS WITH AN IRON ROD OR RATHER AS BY STICKING A PIN THROUGH A BUTTERFLY THUS AT ONCE DEPRIVING IT OF LIFE AND CAUSING IT TO STIFFEN IN AN UNGAINLY AND UNNATURAL ATTITUDE,2086,16.744,16000,test,2086-149214-0002_melvoc_bandpass-300-3400
data/attacks/reverb-rt60-0.2/2086-149214-0002_melvoc.wav,fake,attack,none,reverb-rt60-0.2,rt60-0.2,THE AUTHOR HAS CONSIDERED IT HARDLY WORTH HIS WHILE THEREFORE RELENTLESSLY TO IMPALE THE STORY WITH ITS MORAL AS WITH AN IRON ROD OR RATHER AS BY STICKING A PIN THROUGH A BUTTERFLY THUS AT ONCE DEPRIVING IT OF LIFE AND CAUSING IT TO STIFFEN IN AN UNGAINLY AND UNNATURAL ATTITUDE,2086,16.744,16000,test,2086-149214-0002_melvoc_reverb-rt60-0.2
data/attacks/reverb-rt60-0.4/2086-149214-0002_melvoc.wav,fake,attack,none,reverb-rt60-0.4,rt60-0.4,THE AUTHOR HAS CONSIDERED IT HARDLY WORTH HIS WHILE THEREFORE RELENTLESSLY TO IMPALE THE STORY WITH ITS MORAL AS WITH AN IRON ROD OR RATHER AS BY STICKING A PIN THROUGH A BUTTERFLY THUS AT ONCE DEPRIVING IT OF LIFE AND CAUSING IT TO STIFFEN IN AN UNGAINLY AND UNNATURAL ATTITUDE,2086,16.744,16000,test,2086-149214-0002_melvoc_reverb-rt60-0.4
data/attacks/reverb-rt60-0.8/2086-149214-0002_melvoc.wav,fake,attack,none,reverb-rt60-0.8,rt60-0.8,THE AUTHOR HAS CONSIDERED IT HARDLY WORTH HIS WHILE THEREFORE RELENTLESSLY TO IMPALE THE STORY WITH ITS MORAL AS WITH AN IRON ROD OR RATHER AS BY STICKING A PIN THROUGH A BUTTERFLY THUS AT ONCE DEPRIVING IT OF LIFE AND CAUSING IT TO STIFFEN IN AN UNGAINLY AND UNNATURAL ATTITUDE,2086,16.744,16000,test,2086-149214-0002_melvoc_reverb-rt60-0.8
data/attacks/speed0.9/2086-149214-0002_melvoc.wav,fake,attack,none,speed0.9,speed0.9,THE AUTHOR HAS CONSIDERED IT HARDLY WORTH HIS WHILE THEREFORE RELENTLESSLY TO IMPALE THE STORY WITH ITS MORAL AS WITH AN IRON ROD OR RATHER AS BY STICKING A PIN THROUGH A BUTTERFLY THUS AT ONCE DEPRIVING IT OF LIFE AND CAUSING IT TO STIFFEN IN AN UNGAINLY AND UNNATURAL ATTITUDE,2086,18.604,16000,test,2086-149214-0002_melvoc_speed0.9
data/attacks/speed1.1/2086-149214-0002_melvoc.wav,fake,attack,none,speed1.1,speed1.1,THE AUTHOR HAS CONSIDERED IT HARDLY WORTH HIS WHILE THEREFORE RELENTLESSLY TO IMPALE THE STORY WITH ITS MORAL AS WITH AN IRON ROD OR RATHER AS BY STICKING A PIN THROUGH A BUTTERFLY THUS AT ONCE DEPRIVING IT OF LIFE AND CAUSING IT TO STIFFEN IN AN UNGAINLY AND UNNATURAL ATTITUDE,2086,15.222,16000,test,2086-149214-0002_melvoc_speed1.1
data/attacks/mp3-128k/2086-149214-0002_pitch.wav,fake,attack,none,mp3-128k,mp3-128k,THE AUTHOR HAS CONSIDERED IT HARDLY WORTH HIS WHILE THEREFORE RELENTLESSLY TO IMPALE THE STORY WITH ITS MORAL AS WITH AN IRON ROD OR RATHER AS BY STICKING A PIN THROUGH A BUTTERFLY THUS AT ONCE DEPRIVING IT OF LIFE AND CAUSING IT TO STIFFEN IN AN UNGAINLY AND UNNATURAL ATTITUDE,2086,16.745,16000,test,2086-149214-0002_pitch_mp3-128k
data/attacks/mp3-64k/2086-149214-0002_pitch.wav,fake,attack,none,mp3-64k,mp3-64k,THE AUTHOR HAS CONSIDERED IT HARDLY WORTH HIS WHILE THEREFORE RELENTLESSLY TO IMPALE THE STORY WITH ITS MORAL AS WITH AN IRON ROD OR RATHER AS BY STICKING A PIN THROUGH A BUTTERFLY THUS AT ONCE DEPRIVING IT OF LIFE AND CAUSING IT TO STIFFEN IN AN UNGAINLY AND UNNATURAL ATTITUDE,2086,16.745,16000,test,2086-149214-0002_pitch_mp3-64k
data/attacks/opus-32k/2086-149214-0002_pitch.wav,fake,attack,none,opus-32k,opus-32k,THE AUTHOR HAS CONSIDERED IT HARDLY WORTH HIS WHILE THEREFORE RELENTLESSLY TO IMPALE THE STORY WITH ITS MORAL AS WITH AN IRON ROD OR RATHER AS BY STICKING A PIN THROUGH A BUTTERFLY THUS AT ONCE DEPRIVING IT OF LIFE AND CAUSING IT TO STIFFEN IN AN UNGAINLY AND UNNATURAL ATTITUDE,2086,16.745,16000,test,2086-149214-0002_pitch_opus-32k
data/attacks/g711-8k/2086-149214-0002_pitch.wav,fake,attack,none,g711-8k,g711-8k,THE AUTHOR HAS CONSIDERED IT HARDLY WORTH HIS WHILE THEREFORE RELENTLESSLY TO IMPALE THE STORY WITH ITS MORAL AS WITH AN IRON ROD OR RATHER AS BY STICKING A PIN THROUGH A BUTTERFLY THUS AT ONCE DEPRIVING IT OF LIFE AND CAUSING IT TO STIFFEN IN AN UNGAINLY AND UNNATURAL ATTITUDE,2086,16.745,16000,test,2086-149214-0002_pitch_g711-8k
data/attacks/resample-8k/2086-149214-0002_pitch.wav,fake,attack,none,resample-8k,8k-roundtrip,THE AUTHOR HAS CONSIDERED IT HARDLY WORTH HIS WHILE THEREFORE RELENTLESSLY TO IMPALE THE STORY WITH ITS MORAL AS WITH AN IRON ROD OR RATHER AS BY STICKING A PIN THROUGH A BUTTERFLY THUS AT ONCE DEPRIVING IT OF LIFE AND CAUSING IT TO STIFFEN IN AN UNGAINLY AND UNNATURAL ATTITUDE,2086,16.745,16000,test,2086-149214-0002_pitch_resample-8k
data/attacks/awgn-snr5/2086-149214-0002_pitch.wav,fake,attack,none,awgn-snr5,snr5,THE AUTHOR HAS CONSIDERED IT HARDLY WORTH HIS WHILE THEREFORE RELENTLESSLY TO IMPALE THE STORY WITH ITS MORAL AS WITH AN IRON ROD OR RATHER AS BY STICKING A PIN THROUGH A BUTTERFLY THUS AT ONCE DEPRIVING IT OF LIFE AND CAUSING IT TO STIFFEN IN AN UNGAINLY AND UNNATURAL ATTITUDE,2086,16.745,16000,test,2086-149214-0002_pitch_awgn-snr5
data/attacks/awgn-snr10/2086-149214-0002_pitch.wav,fake,attack,none,awgn-snr10,snr10,THE AUTHOR HAS CONSIDERED IT HARDLY WORTH HIS WHILE THEREFORE RELENTLESSLY TO IMPALE THE STORY WITH ITS MORAL AS WITH AN IRON ROD OR RATHER AS BY STICKING A PIN THROUGH A BUTTERFLY THUS AT ONCE DEPRIVING IT OF LIFE AND CAUSING IT TO STIFFEN IN AN UNGAINLY AND UNNATURAL ATTITUDE,2086,16.745,16000,test,2086-149214-0002_pitch_awgn-snr10
data/attacks/awgn-snr20/2086-149214-0002_pitch.wav,fake,attack,none,awgn-snr20,snr20,THE AUTHOR HAS CONSIDERED IT HARDLY WORTH HIS WHILE THEREFORE RELENTLESSLY TO IMPALE THE STORY WITH ITS MORAL AS WITH AN IRON ROD OR RATHER AS BY STICKING A PIN THROUGH A BUTTERFLY THUS AT ONCE DEPRIVING IT OF LIFE AND CAUSING IT TO STIFFEN IN AN UNGAINLY AND UNNATURAL ATTITUDE,2086,16.745,16000,test,2086-149214-0002_pitch_awgn-snr20
data/attacks/bandpass-300-3400/2086-149214-0002_pitch.wav,fake,attack,none,bandpass-300-3400,bandpass300-3400,THE AUTHOR HAS CONSIDERED IT HARDLY WORTH HIS WHILE THEREFORE RELENTLESSLY TO IMPALE THE STORY WITH ITS MORAL AS WITH AN IRON ROD OR RATHER AS BY STICKING A PIN THROUGH A BUTTERFLY THUS AT ONCE DEPRIVING IT OF LIFE AND CAUSING IT TO STIFFEN IN AN UNGAINLY AND UNNATURAL ATTITUDE,2086,16.745,16000,test,2086-149214-0002_pitch_bandpass-300-3400
data/attacks/reverb-rt60-0.2/2086-149214-0002_pitch.wav,fake,attack,none,reverb-rt60-0.2,rt60-0.2,THE AUTHOR HAS CONSIDERED IT HARDLY WORTH HIS WHILE THEREFORE RELENTLESSLY TO IMPALE THE STORY WITH ITS MORAL AS WITH AN IRON ROD OR RATHER AS BY STICKING A PIN THROUGH A BUTTERFLY THUS AT ONCE DEPRIVING IT OF LIFE AND CAUSING IT TO STIFFEN IN AN UNGAINLY AND UNNATURAL ATTITUDE,2086,16.745,16000,test,2086-149214-0002_pitch_reverb-rt60-0.2
data/attacks/reverb-rt60-0.4/2086-149214-0002_pitch.wav,fake,attack,none,reverb-rt60-0.4,rt60-0.4,THE AUTHOR HAS CONSIDERED IT HARDLY WORTH HIS WHILE THEREFORE RELENTLESSLY TO IMPALE THE STORY WITH ITS MORAL AS WITH AN IRON ROD OR RATHER AS BY STICKING A PIN THROUGH A BUTTERFLY THUS AT ONCE DEPRIVING IT OF LIFE AND CAUSING IT TO STIFFEN IN AN UNGAINLY AND UNNATURAL ATTITUDE,2086,16.745,16000,test,2086-149214-0002_pitch_reverb-rt60-0.4
data/attacks/reverb-rt60-0.8/2086-149214-0002_pitch.wav,fake,attack,none,reverb-rt60-0.8,rt60-0.8,THE AUTHOR HAS CONSIDERED IT HARDLY WORTH HIS WHILE THEREFORE RELENTLESSLY TO IMPALE THE STORY WITH ITS MORAL AS WITH AN IRON ROD OR RATHER AS BY STICKING A PIN THROUGH A BUTTERFLY THUS AT ONCE DEPRIVING IT OF LIFE AND CAUSING IT TO STIFFEN IN AN UNGAINLY AND UNNATURAL ATTITUDE,2086,16.745,16000,test,2086-149214-0002_pitch_reverb-rt60-0.8
data/attacks/speed0.9/2086-149214-0002_pitch.wav,fake,attack,none,speed0.9,speed0.9,THE AUTHOR HAS CONSIDERED IT HARDLY WORTH HIS WHILE THEREFORE RELENTLESSLY TO IMPALE THE STORY WITH ITS MORAL AS WITH AN IRON ROD OR RATHER AS BY STICKING A PIN THROUGH A BUTTERFLY THUS AT ONCE DEPRIVING IT OF LIFE AND CAUSING IT TO STIFFEN IN AN UNGAINLY AND UNNATURAL ATTITUDE,2086,18.606,16000,test,2086-149214-0002_pitch_speed0.9
data/attacks/speed1.1/2086-149214-0002_pitch.wav,fake,attack,none,speed1.1,speed1.1,THE AUTHOR HAS CONSIDERED IT HARDLY WORTH HIS WHILE THEREFORE RELENTLESSLY TO IMPALE THE STORY WITH ITS MORAL AS WITH AN IRON ROD OR RATHER AS BY STICKING A PIN THROUGH A BUTTERFLY THUS AT ONCE DEPRIVING IT OF LIFE AND CAUSING IT TO STIFFEN IN AN UNGAINLY AND UNNATURAL ATTITUDE,2086,15.223,16000,test,2086-149214-0002_pitch_speed1.1
data/attacks/mp3-128k/2086-149214-0003_formant.wav,fake,attack,none,mp3-128k,mp3-128k,IF PERMITTED BY THE HISTORICAL CONNECTION WHICH THOUGH SLIGHT WAS ESSENTIAL TO HIS PLAN THE AUTHOR WOULD VERY WILLINGLY HAVE AVOIDED ANYTHING OF THIS NATURE,2086,8.995,16000,test,2086-149214-0003_formant_mp3-128k
data/attacks/mp3-64k/2086-149214-0003_formant.wav,fake,attack,none,mp3-64k,mp3-64k,IF PERMITTED BY THE HISTORICAL CONNECTION WHICH THOUGH SLIGHT WAS ESSENTIAL TO HIS PLAN THE AUTHOR WOULD VERY WILLINGLY HAVE AVOIDED ANYTHING OF THIS NATURE,2086,8.995,16000,test,2086-149214-0003_formant_mp3-64k
data/attacks/opus-32k/2086-149214-0003_formant.wav,fake,attack,none,opus-32k,opus-32k,IF PERMITTED BY THE HISTORICAL CONNECTION WHICH THOUGH SLIGHT WAS ESSENTIAL TO HIS PLAN THE AUTHOR WOULD VERY WILLINGLY HAVE AVOIDED ANYTHING OF THIS NATURE,2086,8.995,16000,test,2086-149214-0003_formant_opus-32k
data/attacks/g711-8k/2086-149214-0003_formant.wav,fake,attack,none,g711-8k,g711-8k,IF PERMITTED BY THE HISTORICAL CONNECTION WHICH THOUGH SLIGHT WAS ESSENTIAL TO HIS PLAN THE AUTHOR WOULD VERY WILLINGLY HAVE AVOIDED ANYTHING OF THIS NATURE,2086,8.995,16000,test,2086-149214-0003_formant_g711-8k
data/attacks/resample-8k/2086-149214-0003_formant.wav,fake,attack,none,resample-8k,8k-roundtrip,IF PERMITTED BY THE HISTORICAL CONNECTION WHICH THOUGH SLIGHT WAS ESSENTIAL TO HIS PLAN THE AUTHOR WOULD VERY WILLINGLY HAVE AVOIDED ANYTHING OF THIS NATURE,2086,8.995,16000,test,2086-149214-0003_formant_resample-8k
data/attacks/awgn-snr5/2086-149214-0003_formant.wav,fake,attack,none,awgn-snr5,snr5,IF PERMITTED BY THE HISTORICAL CONNECTION WHICH THOUGH SLIGHT WAS ESSENTIAL TO HIS PLAN THE AUTHOR WOULD VERY WILLINGLY HAVE AVOIDED ANYTHING OF THIS NATURE,2086,8.995,16000,test,2086-149214-0003_formant_awgn-snr5
data/attacks/awgn-snr10/2086-149214-0003_formant.wav,fake,attack,none,awgn-snr10,snr10,IF PERMITTED BY THE HISTORICAL CONNECTION WHICH THOUGH SLIGHT WAS ESSENTIAL TO HIS PLAN THE AUTHOR WOULD VERY WILLINGLY HAVE AVOIDED ANYTHING OF THIS NATURE,2086,8.995,16000,test,2086-149214-0003_formant_awgn-snr10
data/attacks/awgn-snr20/2086-149214-0003_formant.wav,fake,attack,none,awgn-snr20,snr20,IF PERMITTED BY THE HISTORICAL CONNECTION WHICH THOUGH SLIGHT WAS ESSENTIAL TO HIS PLAN THE AUTHOR WOULD VERY WILLINGLY HAVE AVOIDED ANYTHING OF THIS NATURE,2086,8.995,16000,test,2086-149214-0003_formant_awgn-snr20
data/attacks/bandpass-300-3400/2086-149214-0003_formant.wav,fake,attack,none,bandpass-300-3400,bandpass300-3400,IF PERMITTED BY THE HISTORICAL CONNECTION WHICH THOUGH SLIGHT WAS ESSENTIAL TO HIS PLAN THE AUTHOR WOULD VERY WILLINGLY HAVE AVOIDED ANYTHING OF THIS NATURE,2086,8.995,16000,test,2086-149214-0003_formant_bandpass-300-3400
data/attacks/reverb-rt60-0.2/2086-149214-0003_formant.wav,fake,attack,none,reverb-rt60-0.2,rt60-0.2,IF PERMITTED BY THE HISTORICAL CONNECTION WHICH THOUGH SLIGHT WAS ESSENTIAL TO HIS PLAN THE AUTHOR WOULD VERY WILLINGLY HAVE AVOIDED ANYTHING OF THIS NATURE,2086,8.995,16000,test,2086-149214-0003_formant_reverb-rt60-0.2
data/attacks/reverb-rt60-0.4/2086-149214-0003_formant.wav,fake,attack,none,reverb-rt60-0.4,rt60-0.4,IF PERMITTED BY THE HISTORICAL CONNECTION WHICH THOUGH SLIGHT WAS ESSENTIAL TO HIS PLAN THE AUTHOR WOULD VERY WILLINGLY HAVE AVOIDED ANYTHING OF THIS NATURE,2086,8.995,16000,test,2086-149214-0003_formant_reverb-rt60-0.4
data/attacks/reverb-rt60-0.8/2086-149214-0003_formant.wav,fake,attack,none,reverb-rt60-0.8,rt60-0.8,IF PERMITTED BY THE HISTORICAL CONNECTION WHICH THOUGH SLIGHT WAS ESSENTIAL TO HIS PLAN THE AUTHOR WOULD VERY WILLINGLY HAVE AVOIDED ANYTHING OF THIS NATURE,2086,8.995,16000,test,2086-149214-0003_formant_reverb-rt60-0.8
data/attacks/speed0.9/2086-149214-0003_formant.wav,fake,attack,none,speed0.9,speed0.9,IF PERMITTED BY THE HISTORICAL CONNECTION WHICH THOUGH SLIGHT WAS ESSENTIAL TO HIS PLAN THE AUTHOR WOULD VERY WILLINGLY HAVE AVOIDED ANYTHING OF THIS NATURE,2086,9.994,16000,test,2086-149214-0003_formant_speed0.9
data/attacks/speed1.1/2086-149214-0003_formant.wav,fake,attack,none,speed1.1,speed1.1,IF PERMITTED BY THE HISTORICAL CONNECTION WHICH THOUGH SLIGHT WAS ESSENTIAL TO HIS PLAN THE AUTHOR WOULD VERY WILLINGLY HAVE AVOIDED ANYTHING OF THIS NATURE,2086,8.177,16000,test,2086-149214-0003_formant_speed1.1
data/attacks/mp3-128k/2086-149214-0003_melvoc.wav,fake,attack,none,mp3-128k,mp3-128k,IF PERMITTED BY THE HISTORICAL CONNECTION WHICH THOUGH SLIGHT WAS ESSENTIAL TO HIS PLAN THE AUTHOR WOULD VERY WILLINGLY HAVE AVOIDED ANYTHING OF THIS NATURE,2086,8.992,16000,test,2086-149214-0003_melvoc_mp3-128k
data/attacks/mp3-64k/2086-149214-0003_melvoc.wav,fake,attack,none,mp3-64k,mp3-64k,IF PERMITTED BY THE HISTORICAL CONNECTION WHICH THOUGH SLIGHT WAS ESSENTIAL TO HIS PLAN THE AUTHOR WOULD VERY WILLINGLY HAVE AVOIDED ANYTHING OF THIS NATURE,2086,8.992,16000,test,2086-149214-0003_melvoc_mp3-64k
data/attacks/opus-32k/2086-149214-0003_melvoc.wav,fake,attack,none,opus-32k,opus-32k,IF PERMITTED BY THE HISTORICAL CONNECTION WHICH THOUGH SLIGHT WAS ESSENTIAL TO HIS PLAN THE AUTHOR WOULD VERY WILLINGLY HAVE AVOIDED ANYTHING OF THIS NATURE,2086,8.992,16000,test,2086-149214-0003_melvoc_opus-32k
data/attacks/g711-8k/2086-149214-0003_melvoc.wav,fake,attack,none,g711-8k,g711-8k,IF PERMITTED BY THE HISTORICAL CONNECTION WHICH THOUGH SLIGHT WAS ESSENTIAL TO HIS PLAN THE AUTHOR WOULD VERY WILLINGLY HAVE AVOIDED ANYTHING OF THIS NATURE,2086,8.992,16000,test,2086-149214-0003_melvoc_g711-8k
data/attacks/resample-8k/2086-149214-0003_melvoc.wav,fake,attack,none,resample-8k,8k-roundtrip,IF PERMITTED BY THE HISTORICAL CONNECTION WHICH THOUGH SLIGHT WAS ESSENTIAL TO HIS PLAN THE AUTHOR WOULD VERY WILLINGLY HAVE AVOIDED ANYTHING OF THIS NATURE,2086,8.992,16000,test,2086-149214-0003_melvoc_resample-8k
data/attacks/awgn-snr5/2086-149214-0003_melvoc.wav,fake,attack,none,awgn-snr5,snr5,IF PERMITTED BY THE HISTORICAL CONNECTION WHICH THOUGH SLIGHT WAS ESSENTIAL TO HIS PLAN THE AUTHOR WOULD VERY WILLINGLY HAVE AVOIDED ANYTHING OF THIS NATURE,2086,8.992,16000,test,2086-149214-0003_melvoc_awgn-snr5
data/attacks/awgn-snr10/2086-149214-0003_melvoc.wav,fake,attack,none,awgn-snr10,snr10,IF PERMITTED BY THE HISTORICAL CONNECTION WHICH THOUGH SLIGHT WAS ESSENTIAL TO HIS PLAN THE AUTHOR WOULD VERY WILLINGLY HAVE AVOIDED ANYTHING OF THIS NATURE,2086,8.992,16000,test,2086-149214-0003_melvoc_awgn-snr10
data/attacks/awgn-snr20/2086-149214-0003_melvoc.wav,fake,attack,none,awgn-snr20,snr20,IF PERMITTED BY THE HISTORICAL CONNECTION WHICH THOUGH SLIGHT WAS ESSENTIAL TO HIS PLAN THE AUTHOR WOULD VERY WILLINGLY HAVE AVOIDED ANYTHING OF THIS NATURE,2086,8.992,16000,test,2086-149214-0003_melvoc_awgn-snr20
data/attacks/bandpass-300-3400/2086-149214-0003_melvoc.wav,fake,attack,none,bandpass-300-3400,bandpass300-3400,IF PERMITTED BY THE HISTORICAL CONNECTION WHICH THOUGH SLIGHT WAS ESSENTIAL TO HIS PLAN THE AUTHOR WOULD VERY WILLINGLY HAVE AVOIDED ANYTHING OF THIS NATURE,2086,8.992,16000,test,2086-149214-0003_melvoc_bandpass-300-3400
data/attacks/reverb-rt60-0.2/2086-149214-0003_melvoc.wav,fake,attack,none,reverb-rt60-0.2,rt60-0.2,IF PERMITTED BY THE HISTORICAL CONNECTION WHICH THOUGH SLIGHT WAS ESSENTIAL TO HIS PLAN THE AUTHOR WOULD VERY WILLINGLY HAVE AVOIDED ANYTHING OF THIS NATURE,2086,8.992,16000,test,2086-149214-0003_melvoc_reverb-rt60-0.2
data/attacks/reverb-rt60-0.4/2086-149214-0003_melvoc.wav,fake,attack,none,reverb-rt60-0.4,rt60-0.4,IF PERMITTED BY THE HISTORICAL CONNECTION WHICH THOUGH SLIGHT WAS ESSENTIAL TO HIS PLAN THE AUTHOR WOULD VERY WILLINGLY HAVE AVOIDED ANYTHING OF THIS NATURE,2086,8.992,16000,test,2086-149214-0003_melvoc_reverb-rt60-0.4
data/attacks/reverb-rt60-0.8/2086-149214-0003_melvoc.wav,fake,attack,none,reverb-rt60-0.8,rt60-0.8,IF PERMITTED BY THE HISTORICAL CONNECTION WHICH THOUGH SLIGHT WAS ESSENTIAL TO HIS PLAN THE AUTHOR WOULD VERY WILLINGLY HAVE AVOIDED ANYTHING OF THIS NATURE,2086,8.992,16000,test,2086-149214-0003_melvoc_reverb-rt60-0.8
data/attacks/speed0.9/2086-149214-0003_melvoc.wav,fake,attack,none,speed0.9,speed0.9,IF PERMITTED BY THE HISTORICAL CONNECTION WHICH THOUGH SLIGHT WAS ESSENTIAL TO HIS PLAN THE AUTHOR WOULD VERY WILLINGLY HAVE AVOIDED ANYTHING OF THIS NATURE,2086,9.991,16000,test,2086-149214-0003_melvoc_speed0.9
data/attacks/speed1.1/2086-149214-0003_melvoc.wav,fake,attack,none,speed1.1,speed1.1,IF PERMITTED BY THE HISTORICAL CONNECTION WHICH THOUGH SLIGHT WAS ESSENTIAL TO HIS PLAN THE AUTHOR WOULD VERY WILLINGLY HAVE AVOIDED ANYTHING OF THIS NATURE,2086,8.175,16000,test,2086-149214-0003_melvoc_speed1.1
data/attacks/mp3-128k/2086-149214-0003_pitch.wav,fake,attack,none,mp3-128k,mp3-128k,IF PERMITTED BY THE HISTORICAL CONNECTION WHICH THOUGH SLIGHT WAS ESSENTIAL TO HIS PLAN THE AUTHOR WOULD VERY WILLINGLY HAVE AVOIDED ANYTHING OF THIS NATURE,2086,8.995,16000,test,2086-149214-0003_pitch_mp3-128k
data/attacks/mp3-64k/2086-149214-0003_pitch.wav,fake,attack,none,mp3-64k,mp3-64k,IF PERMITTED BY THE HISTORICAL CONNECTION WHICH THOUGH SLIGHT WAS ESSENTIAL TO HIS PLAN THE AUTHOR WOULD VERY WILLINGLY HAVE AVOIDED ANYTHING OF THIS NATURE,2086,8.995,16000,test,2086-149214-0003_pitch_mp3-64k
data/attacks/opus-32k/2086-149214-0003_pitch.wav,fake,attack,none,opus-32k,opus-32k,IF PERMITTED BY THE HISTORICAL CONNECTION WHICH THOUGH SLIGHT WAS ESSENTIAL TO HIS PLAN THE AUTHOR WOULD VERY WILLINGLY HAVE AVOIDED ANYTHING OF THIS NATURE,2086,8.995,16000,test,2086-149214-0003_pitch_opus-32k
data/attacks/g711-8k/2086-149214-0003_pitch.wav,fake,attack,none,g711-8k,g711-8k,IF PERMITTED BY THE HISTORICAL CONNECTION WHICH THOUGH SLIGHT WAS ESSENTIAL TO HIS PLAN THE AUTHOR WOULD VERY WILLINGLY HAVE AVOIDED ANYTHING OF THIS NATURE,2086,8.995,16000,test,2086-149214-0003_pitch_g711-8k
data/attacks/resample-8k/2086-149214-0003_pitch.wav,fake,attack,none,resample-8k,8k-roundtrip,IF PERMITTED BY THE HISTORICAL CONNECTION WHICH THOUGH SLIGHT WAS ESSENTIAL TO HIS PLAN THE AUTHOR WOULD VERY WILLINGLY HAVE AVOIDED ANYTHING OF THIS NATURE,2086,8.995,16000,test,2086-149214-0003_pitch_resample-8k
data/attacks/awgn-snr5/2086-149214-0003_pitch.wav,fake,attack,none,awgn-snr5,snr5,IF PERMITTED BY THE HISTORICAL CONNECTION WHICH THOUGH SLIGHT WAS ESSENTIAL TO HIS PLAN THE AUTHOR WOULD VERY WILLINGLY HAVE AVOIDED ANYTHING OF THIS NATURE,2086,8.995,16000,test,2086-149214-0003_pitch_awgn-snr5
data/attacks/awgn-snr10/2086-149214-0003_pitch.wav,fake,attack,none,awgn-snr10,snr10,IF PERMITTED BY THE HISTORICAL CONNECTION WHICH THOUGH SLIGHT WAS ESSENTIAL TO HIS PLAN THE AUTHOR WOULD VERY WILLINGLY HAVE AVOIDED ANYTHING OF THIS NATURE,2086,8.995,16000,test,2086-149214-0003_pitch_awgn-snr10
data/attacks/awgn-snr20/2086-149214-0003_pitch.wav,fake,attack,none,awgn-snr20,snr20,IF PERMITTED BY THE HISTORICAL CONNECTION WHICH THOUGH SLIGHT WAS ESSENTIAL TO HIS PLAN THE AUTHOR WOULD VERY WILLINGLY HAVE AVOIDED ANYTHING OF THIS NATURE,2086,8.995,16000,test,2086-149214-0003_pitch_awgn-snr20
data/attacks/bandpass-300-3400/2086-149214-0003_pitch.wav,fake,attack,none,bandpass-300-3400,bandpass300-3400,IF PERMITTED BY THE HISTORICAL CONNECTION WHICH THOUGH SLIGHT WAS ESSENTIAL TO HIS PLAN THE AUTHOR WOULD VERY WILLINGLY HAVE AVOIDED ANYTHING OF THIS NATURE,2086,8.995,16000,test,2086-149214-0003_pitch_bandpass-300-3400
data/attacks/reverb-rt60-0.2/2086-149214-0003_pitch.wav,fake,attack,none,reverb-rt60-0.2,rt60-0.2,IF PERMITTED BY THE HISTORICAL CONNECTION WHICH THOUGH SLIGHT WAS ESSENTIAL TO HIS PLAN THE AUTHOR WOULD VERY WILLINGLY HAVE AVOIDED ANYTHING OF THIS NATURE,2086,8.995,16000,test,2086-149214-0003_pitch_reverb-rt60-0.2
data/attacks/reverb-rt60-0.4/2086-149214-0003_pitch.wav,fake,attack,none,reverb-rt60-0.4,rt60-0.4,IF PERMITTED BY THE HISTORICAL CONNECTION WHICH THOUGH SLIGHT WAS ESSENTIAL TO HIS PLAN THE AUTHOR WOULD VERY WILLINGLY HAVE AVOIDED ANYTHING OF THIS NATURE,2086,8.995,16000,test,2086-149214-0003_pitch_reverb-rt60-0.4
data/attacks/reverb-rt60-0.8/2086-149214-0003_pitch.wav,fake,attack,none,reverb-rt60-0.8,rt60-0.8,IF PERMITTED BY THE HISTORICAL CONNECTION WHICH THOUGH SLIGHT WAS ESSENTIAL TO HIS PLAN THE AUTHOR WOULD VERY WILLINGLY HAVE AVOIDED ANYTHING OF THIS NATURE,2086,8.995,16000,test,2086-149214-0003_pitch_reverb-rt60-0.8
data/attacks/speed0.9/2086-149214-0003_pitch.wav,fake,attack,none,speed0.9,speed0.9,IF PERMITTED BY THE HISTORICAL CONNECTION WHICH THOUGH SLIGHT WAS ESSENTIAL TO HIS PLAN THE AUTHOR WOULD VERY WILLINGLY HAVE AVOIDED ANYTHING OF THIS NATURE,2086,9.994,16000,test,2086-149214-0003_pitch_speed0.9
data/attacks/speed1.1/2086-149214-0003_pitch.wav,fake,attack,none,speed1.1,speed1.1,IF PERMITTED BY THE HISTORICAL CONNECTION WHICH THOUGH SLIGHT WAS ESSENTIAL TO HIS PLAN THE AUTHOR WOULD VERY WILLINGLY HAVE AVOIDED ANYTHING OF THIS NATURE,2086,8.177,16000,test,2086-149214-0003_pitch_speed1.1
data/attacks/mp3-128k/2086-149214-0004_formant.wav,fake,attack,none,mp3-128k,mp3-128k,HE TRUSTS NOT TO BE CONSIDERED AS UNPARDONABLY OFFENDING BY LAYING OUT A STREET THAT INFRINGES UPON NOBODY'S PRIVATE RIGHTS AND APPROPRIATING A LOT OF LAND WHICH HAD NO VISIBLE OWNER AND BUILDING A HOUSE OF MATERIALS LONG IN USE FOR CONSTRUCTING CASTLES IN THE AIR,2086,15.22,16000,test,2086-149214-0004_formant_mp3-128k
data/attacks/mp3-64k/2086-149214-0004_formant.wav,fake,attack,none,mp3-64k,mp3-64k,HE TRUSTS NOT TO BE CONSIDERED AS UNPARDONABLY OFFENDING BY LAYING OUT A STREET THAT INFRINGES UPON NOBODY'S PRIVATE RIGHTS AND APPROPRIATING A LOT OF LAND WHICH HAD NO VISIBLE OWNER AND BUILDING A HOUSE OF MATERIALS LONG IN USE FOR CONSTRUCTING CASTLES IN THE AIR,2086,15.22,16000,test,2086-149214-0004_formant_mp3-64k
data/attacks/opus-32k/2086-149214-0004_formant.wav,fake,attack,none,opus-32k,opus-32k,HE TRUSTS NOT TO BE CONSIDERED AS UNPARDONABLY OFFENDING BY LAYING OUT A STREET THAT INFRINGES UPON NOBODY'S PRIVATE RIGHTS AND APPROPRIATING A LOT OF LAND WHICH HAD NO VISIBLE OWNER AND BUILDING A HOUSE OF MATERIALS LONG IN USE FOR CONSTRUCTING CASTLES IN THE AIR,2086,15.22,16000,test,2086-149214-0004_formant_opus-32k
data/attacks/g711-8k/2086-149214-0004_formant.wav,fake,attack,none,g711-8k,g711-8k,HE TRUSTS NOT TO BE CONSIDERED AS UNPARDONABLY OFFENDING BY LAYING OUT A STREET THAT INFRINGES UPON NOBODY'S PRIVATE RIGHTS AND APPROPRIATING A LOT OF LAND WHICH HAD NO VISIBLE OWNER AND BUILDING A HOUSE OF MATERIALS LONG IN USE FOR CONSTRUCTING CASTLES IN THE AIR,2086,15.22,16000,test,2086-149214-0004_formant_g711-8k
data/attacks/resample-8k/2086-149214-0004_formant.wav,fake,attack,none,resample-8k,8k-roundtrip,HE TRUSTS NOT TO BE CONSIDERED AS UNPARDONABLY OFFENDING BY LAYING OUT A STREET THAT INFRINGES UPON NOBODY'S PRIVATE RIGHTS AND APPROPRIATING A LOT OF LAND WHICH HAD NO VISIBLE OWNER AND BUILDING A HOUSE OF MATERIALS LONG IN USE FOR CONSTRUCTING CASTLES IN THE AIR,2086,15.22,16000,test,2086-149214-0004_formant_resample-8k
data/attacks/awgn-snr5/2086-149214-0004_formant.wav,fake,attack,none,awgn-snr5,snr5,HE TRUSTS NOT TO BE CONSIDERED AS UNPARDONABLY OFFENDING BY LAYING OUT A STREET THAT INFRINGES UPON NOBODY'S PRIVATE RIGHTS AND APPROPRIATING A LOT OF LAND WHICH HAD NO VISIBLE OWNER AND BUILDING A HOUSE OF MATERIALS LONG IN USE FOR CONSTRUCTING CASTLES IN THE AIR,2086,15.22,16000,test,2086-149214-0004_formant_awgn-snr5
data/attacks/awgn-snr10/2086-149214-0004_formant.wav,fake,attack,none,awgn-snr10,snr10,HE TRUSTS NOT TO BE CONSIDERED AS UNPARDONABLY OFFENDING BY LAYING OUT A STREET THAT INFRINGES UPON NOBODY'S PRIVATE RIGHTS AND APPROPRIATING A LOT OF LAND WHICH HAD NO VISIBLE OWNER AND BUILDING A HOUSE OF MATERIALS LONG IN USE FOR CONSTRUCTING CASTLES IN THE AIR,2086,15.22,16000,test,2086-149214-0004_formant_awgn-snr10
data/attacks/awgn-snr20/2086-149214-0004_formant.wav,fake,attack,none,awgn-snr20,snr20,HE TRUSTS NOT TO BE CONSIDERED AS UNPARDONABLY OFFENDING BY LAYING OUT A STREET THAT INFRINGES UPON NOBODY'S PRIVATE RIGHTS AND APPROPRIATING A LOT OF LAND WHICH HAD NO VISIBLE OWNER AND BUILDING A HOUSE OF MATERIALS LONG IN USE FOR CONSTRUCTING CASTLES IN THE AIR,2086,15.22,16000,test,2086-149214-0004_formant_awgn-snr20
data/attacks/bandpass-300-3400/2086-149214-0004_formant.wav,fake,attack,none,bandpass-300-3400,bandpass300-3400,HE TRUSTS NOT TO BE CONSIDERED AS UNPARDONABLY OFFENDING BY LAYING OUT A STREET THAT INFRINGES UPON NOBODY'S PRIVATE RIGHTS AND APPROPRIATING A LOT OF LAND WHICH HAD NO VISIBLE OWNER AND BUILDING A HOUSE OF MATERIALS LONG IN USE FOR CONSTRUCTING CASTLES IN THE AIR,2086,15.22,16000,test,2086-149214-0004_formant_bandpass-300-3400
data/attacks/reverb-rt60-0.2/2086-149214-0004_formant.wav,fake,attack,none,reverb-rt60-0.2,rt60-0.2,HE TRUSTS NOT TO BE CONSIDERED AS UNPARDONABLY OFFENDING BY LAYING OUT A STREET THAT INFRINGES UPON NOBODY'S PRIVATE RIGHTS AND APPROPRIATING A LOT OF LAND WHICH HAD NO VISIBLE OWNER AND BUILDING A HOUSE OF MATERIALS LONG IN USE FOR CONSTRUCTING CASTLES IN THE AIR,2086,15.22,16000,test,2086-149214-0004_formant_reverb-rt60-0.2
data/attacks/reverb-rt60-0.4/2086-149214-0004_formant.wav,fake,attack,none,reverb-rt60-0.4,rt60-0.4,HE TRUSTS NOT TO BE CONSIDERED AS UNPARDONABLY OFFENDING BY LAYING OUT A STREET THAT INFRINGES UPON NOBODY'S PRIVATE RIGHTS AND APPROPRIATING A LOT OF LAND WHICH HAD NO VISIBLE OWNER AND BUILDING A HOUSE OF MATERIALS LONG IN USE FOR CONSTRUCTING CASTLES IN THE AIR,2086,15.22,16000,test,2086-149214-0004_formant_reverb-rt60-0.4
data/attacks/reverb-rt60-0.8/2086-149214-0004_formant.wav,fake,attack,none,reverb-rt60-0.8,rt60-0.8,HE TRUSTS NOT TO BE CONSIDERED AS UNPARDONABLY OFFENDING BY LAYING OUT A STREET THAT INFRINGES UPON NOBODY'S PRIVATE RIGHTS AND APPROPRIATING A LOT OF LAND WHICH HAD NO VISIBLE OWNER AND BUILDING A HOUSE OF MATERIALS LONG IN USE FOR CONSTRUCTING CASTLES IN THE AIR,2086,15.22,16000,test,2086-149214-0004_formant_reverb-rt60-0.8
data/attacks/speed0.9/2086-149214-0004_formant.wav,fake,attack,none,speed0.9,speed0.9,HE TRUSTS NOT TO BE CONSIDERED AS UNPARDONABLY OFFENDING BY LAYING OUT A STREET THAT INFRINGES UPON NOBODY'S PRIVATE RIGHTS AND APPROPRIATING A LOT OF LAND WHICH HAD NO VISIBLE OWNER AND BUILDING A HOUSE OF MATERIALS LONG IN USE FOR CONSTRUCTING CASTLES IN THE AIR,2086,16.911,16000,test,2086-149214-0004_formant_speed0.9
data/attacks/speed1.1/2086-149214-0004_formant.wav,fake,attack,none,speed1.1,speed1.1,HE TRUSTS NOT TO BE CONSIDERED AS UNPARDONABLY OFFENDING BY LAYING OUT A STREET THAT INFRINGES UPON NOBODY'S PRIVATE RIGHTS AND APPROPRIATING A LOT OF LAND WHICH HAD NO VISIBLE OWNER AND BUILDING A HOUSE OF MATERIALS LONG IN USE FOR CONSTRUCTING CASTLES IN THE AIR,2086,13.836,16000,test,2086-149214-0004_formant_speed1.1
data/attacks/mp3-128k/2086-149214-0004_melvoc.wav,fake,attack,none,mp3-128k,mp3-128k,HE TRUSTS NOT TO BE CONSIDERED AS UNPARDONABLY OFFENDING BY LAYING OUT A STREET THAT INFRINGES UPON NOBODY'S PRIVATE RIGHTS AND APPROPRIATING A LOT OF LAND WHICH HAD NO VISIBLE OWNER AND BUILDING A HOUSE OF MATERIALS LONG IN USE FOR CONSTRUCTING CASTLES IN THE AIR,2086,15.216,16000,test,2086-149214-0004_melvoc_mp3-128k
data/attacks/mp3-64k/2086-149214-0004_melvoc.wav,fake,attack,none,mp3-64k,mp3-64k,HE TRUSTS NOT TO BE CONSIDERED AS UNPARDONABLY OFFENDING BY LAYING OUT A STREET THAT INFRINGES UPON NOBODY'S PRIVATE RIGHTS AND APPROPRIATING A LOT OF LAND WHICH HAD NO VISIBLE OWNER AND BUILDING A HOUSE OF MATERIALS LONG IN USE FOR CONSTRUCTING CASTLES IN THE AIR,2086,15.216,16000,test,2086-149214-0004_melvoc_mp3-64k
data/attacks/opus-32k/2086-149214-0004_melvoc.wav,fake,attack,none,opus-32k,opus-32k,HE TRUSTS NOT TO BE CONSIDERED AS UNPARDONABLY OFFENDING BY LAYING OUT A STREET THAT INFRINGES UPON NOBODY'S PRIVATE RIGHTS AND APPROPRIATING A LOT OF LAND WHICH HAD NO VISIBLE OWNER AND BUILDING A HOUSE OF MATERIALS LONG IN USE FOR CONSTRUCTING CASTLES IN THE AIR,2086,15.216,16000,test,2086-149214-0004_melvoc_opus-32k
data/attacks/g711-8k/2086-149214-0004_melvoc.wav,fake,attack,none,g711-8k,g711-8k,HE TRUSTS NOT TO BE CONSIDERED AS UNPARDONABLY OFFENDING BY LAYING OUT A STREET THAT INFRINGES UPON NOBODY'S PRIVATE RIGHTS AND APPROPRIATING A LOT OF LAND WHICH HAD NO VISIBLE OWNER AND BUILDING A HOUSE OF MATERIALS LONG IN USE FOR CONSTRUCTING CASTLES IN THE AIR,2086,15.216,16000,test,2086-149214-0004_melvoc_g711-8k
data/attacks/resample-8k/2086-149214-0004_melvoc.wav,fake,attack,none,resample-8k,8k-roundtrip,HE TRUSTS NOT TO BE CONSIDERED AS UNPARDONABLY OFFENDING BY LAYING OUT A STREET THAT INFRINGES UPON NOBODY'S PRIVATE RIGHTS AND APPROPRIATING A LOT OF LAND WHICH HAD NO VISIBLE OWNER AND BUILDING A HOUSE OF MATERIALS LONG IN USE FOR CONSTRUCTING CASTLES IN THE AIR,2086,15.216,16000,test,2086-149214-0004_melvoc_resample-8k
data/attacks/awgn-snr5/2086-149214-0004_melvoc.wav,fake,attack,none,awgn-snr5,snr5,HE TRUSTS NOT TO BE CONSIDERED AS UNPARDONABLY OFFENDING BY LAYING OUT A STREET THAT INFRINGES UPON NOBODY'S PRIVATE RIGHTS AND APPROPRIATING A LOT OF LAND WHICH HAD NO VISIBLE OWNER AND BUILDING A HOUSE OF MATERIALS LONG IN USE FOR CONSTRUCTING CASTLES IN THE AIR,2086,15.216,16000,test,2086-149214-0004_melvoc_awgn-snr5
data/attacks/awgn-snr10/2086-149214-0004_melvoc.wav,fake,attack,none,awgn-snr10,snr10,HE TRUSTS NOT TO BE CONSIDERED AS UNPARDONABLY OFFENDING BY LAYING OUT A STREET THAT INFRINGES UPON NOBODY'S PRIVATE RIGHTS AND APPROPRIATING A LOT OF LAND WHICH HAD NO VISIBLE OWNER AND BUILDING A HOUSE OF MATERIALS LONG IN USE FOR CONSTRUCTING CASTLES IN THE AIR,2086,15.216,16000,test,2086-149214-0004_melvoc_awgn-snr10
data/attacks/awgn-snr20/2086-149214-0004_melvoc.wav,fake,attack,none,awgn-snr20,snr20,HE TRUSTS NOT TO BE CONSIDERED AS UNPARDONABLY OFFENDING BY LAYING OUT A STREET THAT INFRINGES UPON NOBODY'S PRIVATE RIGHTS AND APPROPRIATING A LOT OF LAND WHICH HAD NO VISIBLE OWNER AND BUILDING A HOUSE OF MATERIALS LONG IN USE FOR CONSTRUCTING CASTLES IN THE AIR,2086,15.216,16000,test,2086-149214-0004_melvoc_awgn-snr20
data/attacks/bandpass-300-3400/2086-149214-0004_melvoc.wav,fake,attack,none,bandpass-300-3400,bandpass300-3400,HE TRUSTS NOT TO BE CONSIDERED AS UNPARDONABLY OFFENDING BY LAYING OUT A STREET THAT INFRINGES UPON NOBODY'S PRIVATE RIGHTS AND APPROPRIATING A LOT OF LAND WHICH HAD NO VISIBLE OWNER AND BUILDING A HOUSE OF MATERIALS LONG IN USE FOR CONSTRUCTING CASTLES IN THE AIR,2086,15.216,16000,test,2086-149214-0004_melvoc_bandpass-300-3400
data/attacks/reverb-rt60-0.2/2086-149214-0004_melvoc.wav,fake,attack,none,reverb-rt60-0.2,rt60-0.2,HE TRUSTS NOT TO BE CONSIDERED AS UNPARDONABLY OFFENDING BY LAYING OUT A STREET THAT INFRINGES UPON NOBODY'S PRIVATE RIGHTS AND APPROPRIATING A LOT OF LAND WHICH HAD NO VISIBLE OWNER AND BUILDING A HOUSE OF MATERIALS LONG IN USE FOR CONSTRUCTING CASTLES IN THE AIR,2086,15.216,16000,test,2086-149214-0004_melvoc_reverb-rt60-0.2
data/attacks/reverb-rt60-0.4/2086-149214-0004_melvoc.wav,fake,attack,none,reverb-rt60-0.4,rt60-0.4,HE TRUSTS NOT TO BE CONSIDERED AS UNPARDONABLY OFFENDING BY LAYING OUT A STREET THAT INFRINGES UPON NOBODY'S PRIVATE RIGHTS AND APPROPRIATING A LOT OF LAND WHICH HAD NO VISIBLE OWNER AND BUILDING A HOUSE OF MATERIALS LONG IN USE FOR CONSTRUCTING CASTLES IN THE AIR,2086,15.216,16000,test,2086-149214-0004_melvoc_reverb-rt60-0.4
data/attacks/reverb-rt60-0.8/2086-149214-0004_melvoc.wav,fake,attack,none,reverb-rt60-0.8,rt60-0.8,HE TRUSTS NOT TO BE CONSIDERED AS UNPARDONABLY OFFENDING BY LAYING OUT A STREET THAT INFRINGES UPON NOBODY'S PRIVATE RIGHTS AND APPROPRIATING A LOT OF LAND WHICH HAD NO VISIBLE OWNER AND BUILDING A HOUSE OF MATERIALS LONG IN USE FOR CONSTRUCTING CASTLES IN THE AIR,2086,15.216,16000,test,2086-149214-0004_melvoc_reverb-rt60-0.8
data/attacks/speed0.9/2086-149214-0004_melvoc.wav,fake,attack,none,speed0.9,speed0.9,HE TRUSTS NOT TO BE CONSIDERED AS UNPARDONABLY OFFENDING BY LAYING OUT A STREET THAT INFRINGES UPON NOBODY'S PRIVATE RIGHTS AND APPROPRIATING A LOT OF LAND WHICH HAD NO VISIBLE OWNER AND BUILDING A HOUSE OF MATERIALS LONG IN USE FOR CONSTRUCTING CASTLES IN THE AIR,2086,16.907,16000,test,2086-149214-0004_melvoc_speed0.9
data/attacks/speed1.1/2086-149214-0004_melvoc.wav,fake,attack,none,speed1.1,speed1.1,HE TRUSTS NOT TO BE CONSIDERED AS UNPARDONABLY OFFENDING BY LAYING OUT A STREET THAT INFRINGES UPON NOBODY'S PRIVATE RIGHTS AND APPROPRIATING A LOT OF LAND WHICH HAD NO VISIBLE OWNER AND BUILDING A HOUSE OF MATERIALS LONG IN USE FOR CONSTRUCTING CASTLES IN THE AIR,2086,13.833,16000,test,2086-149214-0004_melvoc_speed1.1
data/attacks/mp3-128k/2086-149214-0004_pitch.wav,fake,attack,none,mp3-128k,mp3-128k,HE TRUSTS NOT TO BE CONSIDERED AS UNPARDONABLY OFFENDING BY LAYING OUT A STREET THAT INFRINGES UPON NOBODY'S PRIVATE RIGHTS AND APPROPRIATING A LOT OF LAND WHICH HAD NO VISIBLE OWNER AND BUILDING A HOUSE OF MATERIALS LONG IN USE FOR CONSTRUCTING CASTLES IN THE AIR,2086,15.22,16000,test,2086-149214-0004_pitch_mp3-128k
data/attacks/mp3-64k/2086-149214-0004_pitch.wav,fake,attack,none,mp3-64k,mp3-64k,HE TRUSTS NOT TO BE CONSIDERED AS UNPARDONABLY OFFENDING BY LAYING OUT A STREET THAT INFRINGES UPON NOBODY'S PRIVATE RIGHTS AND APPROPRIATING A LOT OF LAND WHICH HAD NO VISIBLE OWNER AND BUILDING A HOUSE OF MATERIALS LONG IN USE FOR CONSTRUCTING CASTLES IN THE AIR,2086,15.22,16000,test,2086-149214-0004_pitch_mp3-64k
data/attacks/opus-32k/2086-149214-0004_pitch.wav,fake,attack,none,opus-32k,opus-32k,HE TRUSTS NOT TO BE CONSIDERED AS UNPARDONABLY OFFENDING BY LAYING OUT A STREET THAT INFRINGES UPON NOBODY'S PRIVATE RIGHTS AND APPROPRIATING A LOT OF LAND WHICH HAD NO VISIBLE OWNER AND BUILDING A HOUSE OF MATERIALS LONG IN USE FOR CONSTRUCTING CASTLES IN THE AIR,2086,15.22,16000,test,2086-149214-0004_pitch_opus-32k
data/attacks/g711-8k/2086-149214-0004_pitch.wav,fake,attack,none,g711-8k,g711-8k,HE TRUSTS NOT TO BE CONSIDERED AS UNPARDONABLY OFFENDING BY LAYING OUT A STREET THAT INFRINGES UPON NOBODY'S PRIVATE RIGHTS AND APPROPRIATING A LOT OF LAND WHICH HAD NO VISIBLE OWNER AND BUILDING A HOUSE OF MATERIALS LONG IN USE FOR CONSTRUCTING CASTLES IN THE AIR,2086,15.22,16000,test,2086-149214-0004_pitch_g711-8k
data/attacks/resample-8k/2086-149214-0004_pitch.wav,fake,attack,none,resample-8k,8k-roundtrip,HE TRUSTS NOT TO BE CONSIDERED AS UNPARDONABLY OFFENDING BY LAYING OUT A STREET THAT INFRINGES UPON NOBODY'S PRIVATE RIGHTS AND APPROPRIATING A LOT OF LAND WHICH HAD NO VISIBLE OWNER AND BUILDING A HOUSE OF MATERIALS LONG IN USE FOR CONSTRUCTING CASTLES IN THE AIR,2086,15.22,16000,test,2086-149214-0004_pitch_resample-8k
data/attacks/awgn-snr5/2086-149214-0004_pitch.wav,fake,attack,none,awgn-snr5,snr5,HE TRUSTS NOT TO BE CONSIDERED AS UNPARDONABLY OFFENDING BY LAYING OUT A STREET THAT INFRINGES UPON NOBODY'S PRIVATE RIGHTS AND APPROPRIATING A LOT OF LAND WHICH HAD NO VISIBLE OWNER AND BUILDING A HOUSE OF MATERIALS LONG IN USE FOR CONSTRUCTING CASTLES IN THE AIR,2086,15.22,16000,test,2086-149214-0004_pitch_awgn-snr5
data/attacks/awgn-snr10/2086-149214-0004_pitch.wav,fake,attack,none,awgn-snr10,snr10,HE TRUSTS NOT TO BE CONSIDERED AS UNPARDONABLY OFFENDING BY LAYING OUT A STREET THAT INFRINGES UPON NOBODY'S PRIVATE RIGHTS AND APPROPRIATING A LOT OF LAND WHICH HAD NO VISIBLE OWNER AND BUILDING A HOUSE OF MATERIALS LONG IN USE FOR CONSTRUCTING CASTLES IN THE AIR,2086,15.22,16000,test,2086-149214-0004_pitch_awgn-snr10
data/attacks/awgn-snr20/2086-149214-0004_pitch.wav,fake,attack,none,awgn-snr20,snr20,HE TRUSTS NOT TO BE CONSIDERED AS UNPARDONABLY OFFENDING BY LAYING OUT A STREET THAT INFRINGES UPON NOBODY'S PRIVATE RIGHTS AND APPROPRIATING A LOT OF LAND WHICH HAD NO VISIBLE OWNER AND BUILDING A HOUSE OF MATERIALS LONG IN USE FOR CONSTRUCTING CASTLES IN THE AIR,2086,15.22,16000,test,2086-149214-0004_pitch_awgn-snr20
data/attacks/bandpass-300-3400/2086-149214-0004_pitch.wav,fake,attack,none,bandpass-300-3400,bandpass300-3400,HE TRUSTS NOT TO BE CONSIDERED AS UNPARDONABLY OFFENDING BY LAYING OUT A STREET THAT INFRINGES UPON NOBODY'S PRIVATE RIGHTS AND APPROPRIATING A LOT OF LAND WHICH HAD NO VISIBLE OWNER AND BUILDING A HOUSE OF MATERIALS LONG IN USE FOR CONSTRUCTING CASTLES IN THE AIR,2086,15.22,16000,test,2086-149214-0004_pitch_bandpass-300-3400
data/attacks/reverb-rt60-0.2/2086-149214-0004_pitch.wav,fake,attack,none,reverb-rt60-0.2,rt60-0.2,HE TRUSTS NOT TO BE CONSIDERED AS UNPARDONABLY OFFENDING BY LAYING OUT A STREET THAT INFRINGES UPON NOBODY'S PRIVATE RIGHTS AND APPROPRIATING A LOT OF LAND WHICH HAD NO VISIBLE OWNER AND BUILDING A HOUSE OF MATERIALS LONG IN USE FOR CONSTRUCTING CASTLES IN THE AIR,2086,15.22,16000,test,2086-149214-0004_pitch_reverb-rt60-0.2
data/attacks/reverb-rt60-0.4/2086-149214-0004_pitch.wav,fake,attack,none,reverb-rt60-0.4,rt60-0.4,HE TRUSTS NOT TO BE CONSIDERED AS UNPARDONABLY OFFENDING BY LAYING OUT A STREET THAT INFRINGES UPON NOBODY'S PRIVATE RIGHTS AND APPROPRIATING A LOT OF LAND WHICH HAD NO VISIBLE OWNER AND BUILDING A HOUSE OF MATERIALS LONG IN USE FOR CONSTRUCTING CASTLES IN THE AIR,2086,15.22,16000,test,2086-149214-0004_pitch_reverb-rt60-0.4
data/attacks/reverb-rt60-0.8/2086-149214-0004_pitch.wav,fake,attack,none,reverb-rt60-0.8,rt60-0.8,HE TRUSTS NOT TO BE CONSIDERED AS UNPARDONABLY OFFENDING BY LAYING OUT A STREET THAT INFRINGES UPON NOBODY'S PRIVATE RIGHTS AND APPROPRIATING A LOT OF LAND WHICH HAD NO VISIBLE OWNER AND BUILDING A HOUSE OF MATERIALS LONG IN USE FOR CONSTRUCTING CASTLES IN THE AIR,2086,15.22,16000,test,2086-149214-0004_pitch_reverb-rt60-0.8
data/attacks/speed0.9/2086-149214-0004_pitch.wav,fake,attack,none,speed0.9,speed0.9,HE TRUSTS NOT TO BE CONSIDERED AS UNPARDONABLY OFFENDING BY LAYING OUT A STREET THAT INFRINGES UPON NOBODY'S PRIVATE RIGHTS AND APPROPRIATING A LOT OF LAND WHICH HAD NO VISIBLE OWNER AND BUILDING A HOUSE OF MATERIALS LONG IN USE FOR CONSTRUCTING CASTLES IN THE AIR,2086,16.911,16000,test,2086-149214-0004_pitch_speed0.9
data/attacks/speed1.1/2086-149214-0004_pitch.wav,fake,attack,none,speed1.1,speed1.1,HE TRUSTS NOT TO BE CONSIDERED AS UNPARDONABLY OFFENDING BY LAYING OUT A STREET THAT INFRINGES UPON NOBODY'S PRIVATE RIGHTS AND APPROPRIATING A LOT OF LAND WHICH HAD NO VISIBLE OWNER AND BUILDING A HOUSE OF MATERIALS LONG IN USE FOR CONSTRUCTING CASTLES IN THE AIR,2086,13.836,16000,test,2086-149214-0004_pitch_speed1.1
data/attacks/mp3-128k/2086-149220-0000_formant.wav,fake,attack,none,mp3-128k,mp3-128k,THE ENCLOSURE HAD FORMERLY BEEN VERY EXTENSIVE BUT WAS NOW CONTRACTED WITHIN SMALL COMPASS AND HEMMED ABOUT PARTLY BY HIGH WOODEN FENCES AND PARTLY BY THE OUTBUILDINGS OF HOUSES THAT STOOD ON ANOTHER STREET,2086,12.095,16000,test,2086-149220-0000_formant_mp3-128k
data/attacks/mp3-64k/2086-149220-0000_formant.wav,fake,attack,none,mp3-64k,mp3-64k,THE ENCLOSURE HAD FORMERLY BEEN VERY EXTENSIVE BUT WAS NOW CONTRACTED WITHIN SMALL COMPASS AND HEMMED ABOUT PARTLY BY HIGH WOODEN FENCES AND PARTLY BY THE OUTBUILDINGS OF HOUSES THAT STOOD ON ANOTHER STREET,2086,12.095,16000,test,2086-149220-0000_formant_mp3-64k
data/attacks/opus-32k/2086-149220-0000_formant.wav,fake,attack,none,opus-32k,opus-32k,THE ENCLOSURE HAD FORMERLY BEEN VERY EXTENSIVE BUT WAS NOW CONTRACTED WITHIN SMALL COMPASS AND HEMMED ABOUT PARTLY BY HIGH WOODEN FENCES AND PARTLY BY THE OUTBUILDINGS OF HOUSES THAT STOOD ON ANOTHER STREET,2086,12.095,16000,test,2086-149220-0000_formant_opus-32k
data/attacks/g711-8k/2086-149220-0000_formant.wav,fake,attack,none,g711-8k,g711-8k,THE ENCLOSURE HAD FORMERLY BEEN VERY EXTENSIVE BUT WAS NOW CONTRACTED WITHIN SMALL COMPASS AND HEMMED ABOUT PARTLY BY HIGH WOODEN FENCES AND PARTLY BY THE OUTBUILDINGS OF HOUSES THAT STOOD ON ANOTHER STREET,2086,12.095,16000,test,2086-149220-0000_formant_g711-8k
data/attacks/resample-8k/2086-149220-0000_formant.wav,fake,attack,none,resample-8k,8k-roundtrip,THE ENCLOSURE HAD FORMERLY BEEN VERY EXTENSIVE BUT WAS NOW CONTRACTED WITHIN SMALL COMPASS AND HEMMED ABOUT PARTLY BY HIGH WOODEN FENCES AND PARTLY BY THE OUTBUILDINGS OF HOUSES THAT STOOD ON ANOTHER STREET,2086,12.095,16000,test,2086-149220-0000_formant_resample-8k
data/attacks/awgn-snr5/2086-149220-0000_formant.wav,fake,attack,none,awgn-snr5,snr5,THE ENCLOSURE HAD FORMERLY BEEN VERY EXTENSIVE BUT WAS NOW CONTRACTED WITHIN SMALL COMPASS AND HEMMED ABOUT PARTLY BY HIGH WOODEN FENCES AND PARTLY BY THE OUTBUILDINGS OF HOUSES THAT STOOD ON ANOTHER STREET,2086,12.095,16000,test,2086-149220-0000_formant_awgn-snr5
data/attacks/awgn-snr10/2086-149220-0000_formant.wav,fake,attack,none,awgn-snr10,snr10,THE ENCLOSURE HAD FORMERLY BEEN VERY EXTENSIVE BUT WAS NOW CONTRACTED WITHIN SMALL COMPASS AND HEMMED ABOUT PARTLY BY HIGH WOODEN FENCES AND PARTLY BY THE OUTBUILDINGS OF HOUSES THAT STOOD ON ANOTHER STREET,2086,12.095,16000,test,2086-149220-0000_formant_awgn-snr10
data/attacks/awgn-snr20/2086-149220-0000_formant.wav,fake,attack,none,awgn-snr20,snr20,THE ENCLOSURE HAD FORMERLY BEEN VERY EXTENSIVE BUT WAS NOW CONTRACTED WITHIN SMALL COMPASS AND HEMMED ABOUT PARTLY BY HIGH WOODEN FENCES AND PARTLY BY THE OUTBUILDINGS OF HOUSES THAT STOOD ON ANOTHER STREET,2086,12.095,16000,test,2086-149220-0000_formant_awgn-snr20
data/attacks/bandpass-300-3400/2086-149220-0000_formant.wav,fake,attack,none,bandpass-300-3400,bandpass300-3400,THE ENCLOSURE HAD FORMERLY BEEN VERY EXTENSIVE BUT WAS NOW CONTRACTED WITHIN SMALL COMPASS AND HEMMED ABOUT PARTLY BY HIGH WOODEN FENCES AND PARTLY BY THE OUTBUILDINGS OF HOUSES THAT STOOD ON ANOTHER STREET,2086,12.095,16000,test,2086-149220-0000_formant_bandpass-300-3400
data/attacks/reverb-rt60-0.2/2086-149220-0000_formant.wav,fake,attack,none,reverb-rt60-0.2,rt60-0.2,THE ENCLOSURE HAD FORMERLY BEEN VERY EXTENSIVE BUT WAS NOW CONTRACTED WITHIN SMALL COMPASS AND HEMMED ABOUT PARTLY BY HIGH WOODEN FENCES AND PARTLY BY THE OUTBUILDINGS OF HOUSES THAT STOOD ON ANOTHER STREET,2086,12.095,16000,test,2086-149220-0000_formant_reverb-rt60-0.2
data/attacks/reverb-rt60-0.4/2086-149220-0000_formant.wav,fake,attack,none,reverb-rt60-0.4,rt60-0.4,THE ENCLOSURE HAD FORMERLY BEEN VERY EXTENSIVE BUT WAS NOW CONTRACTED WITHIN SMALL COMPASS AND HEMMED ABOUT PARTLY BY HIGH WOODEN FENCES AND PARTLY BY THE OUTBUILDINGS OF HOUSES THAT STOOD ON ANOTHER STREET,2086,12.095,16000,test,2086-149220-0000_formant_reverb-rt60-0.4
data/attacks/reverb-rt60-0.8/2086-149220-0000_formant.wav,fake,attack,none,reverb-rt60-0.8,rt60-0.8,THE ENCLOSURE HAD FORMERLY BEEN VERY EXTENSIVE BUT WAS NOW CONTRACTED WITHIN SMALL COMPASS AND HEMMED ABOUT PARTLY BY HIGH WOODEN FENCES AND PARTLY BY THE OUTBUILDINGS OF HOUSES THAT STOOD ON ANOTHER STREET,2086,12.095,16000,test,2086-149220-0000_formant_reverb-rt60-0.8
data/attacks/speed0.9/2086-149220-0000_formant.wav,fake,attack,none,speed0.9,speed0.9,THE ENCLOSURE HAD FORMERLY BEEN VERY EXTENSIVE BUT WAS NOW CONTRACTED WITHIN SMALL COMPASS AND HEMMED ABOUT PARTLY BY HIGH WOODEN FENCES AND PARTLY BY THE OUTBUILDINGS OF HOUSES THAT STOOD ON ANOTHER STREET,2086,13.439,16000,test,2086-149220-0000_formant_speed0.9
data/attacks/speed1.1/2086-149220-0000_formant.wav,fake,attack,none,speed1.1,speed1.1,THE ENCLOSURE HAD FORMERLY BEEN VERY EXTENSIVE BUT WAS NOW CONTRACTED WITHIN SMALL COMPASS AND HEMMED ABOUT PARTLY BY HIGH WOODEN FENCES AND PARTLY BY THE OUTBUILDINGS OF HOUSES THAT STOOD ON ANOTHER STREET,2086,10.995,16000,test,2086-149220-0000_formant_speed1.1
data/attacks/mp3-128k/2086-149220-0000_melvoc.wav,fake,attack,none,mp3-128k,mp3-128k,THE ENCLOSURE HAD FORMERLY BEEN VERY EXTENSIVE BUT WAS NOW CONTRACTED WITHIN SMALL COMPASS AND HEMMED ABOUT PARTLY BY HIGH WOODEN FENCES AND PARTLY BY THE OUTBUILDINGS OF HOUSES THAT STOOD ON ANOTHER STREET,2086,12.088,16000,test,2086-149220-0000_melvoc_mp3-128k
data/attacks/mp3-64k/2086-149220-0000_melvoc.wav,fake,attack,none,mp3-64k,mp3-64k,THE ENCLOSURE HAD FORMERLY BEEN VERY EXTENSIVE BUT WAS NOW CONTRACTED WITHIN SMALL COMPASS AND HEMMED ABOUT PARTLY BY HIGH WOODEN FENCES AND PARTLY BY THE OUTBUILDINGS OF HOUSES THAT STOOD ON ANOTHER STREET,2086,12.088,16000,test,2086-149220-0000_melvoc_mp3-64k
data/attacks/opus-32k/2086-149220-0000_melvoc.wav,fake,attack,none,opus-32k,opus-32k,THE ENCLOSURE HAD FORMERLY BEEN VERY EXTENSIVE BUT WAS NOW CONTRACTED WITHIN SMALL COMPASS AND HEMMED ABOUT PARTLY BY HIGH WOODEN FENCES AND PARTLY BY THE OUTBUILDINGS OF HOUSES THAT STOOD ON ANOTHER STREET,2086,12.088,16000,test,2086-149220-0000_melvoc_opus-32k
data/attacks/g711-8k/2086-149220-0000_melvoc.wav,fake,attack,none,g711-8k,g711-8k,THE ENCLOSURE HAD FORMERLY BEEN VERY EXTENSIVE BUT WAS NOW CONTRACTED WITHIN SMALL COMPASS AND HEMMED ABOUT PARTLY BY HIGH WOODEN FENCES AND PARTLY BY THE OUTBUILDINGS OF HOUSES THAT STOOD ON ANOTHER STREET,2086,12.088,16000,test,2086-149220-0000_melvoc_g711-8k
data/attacks/resample-8k/2086-149220-0000_melvoc.wav,fake,attack,none,resample-8k,8k-roundtrip,THE ENCLOSURE HAD FORMERLY BEEN VERY EXTENSIVE BUT WAS NOW CONTRACTED WITHIN SMALL COMPASS AND HEMMED ABOUT PARTLY BY HIGH WOODEN FENCES AND PARTLY BY THE OUTBUILDINGS OF HOUSES THAT STOOD ON ANOTHER STREET,2086,12.088,16000,test,2086-149220-0000_melvoc_resample-8k
data/attacks/awgn-snr5/2086-149220-0000_melvoc.wav,fake,attack,none,awgn-snr5,snr5,THE ENCLOSURE HAD FORMERLY BEEN VERY EXTENSIVE BUT WAS NOW CONTRACTED WITHIN SMALL COMPASS AND HEMMED ABOUT PARTLY BY HIGH WOODEN FENCES AND PARTLY BY THE OUTBUILDINGS OF HOUSES THAT STOOD ON ANOTHER STREET,2086,12.088,16000,test,2086-149220-0000_melvoc_awgn-snr5
data/attacks/awgn-snr10/2086-149220-0000_melvoc.wav,fake,attack,none,awgn-snr10,snr10,THE ENCLOSURE HAD FORMERLY BEEN VERY EXTENSIVE BUT WAS NOW CONTRACTED WITHIN SMALL COMPASS AND HEMMED ABOUT PARTLY BY HIGH WOODEN FENCES AND PARTLY BY THE OUTBUILDINGS OF HOUSES THAT STOOD ON ANOTHER STREET,2086,12.088,16000,test,2086-149220-0000_melvoc_awgn-snr10
data/attacks/awgn-snr20/2086-149220-0000_melvoc.wav,fake,attack,none,awgn-snr20,snr20,THE ENCLOSURE HAD FORMERLY BEEN VERY EXTENSIVE BUT WAS NOW CONTRACTED WITHIN SMALL COMPASS AND HEMMED ABOUT PARTLY BY HIGH WOODEN FENCES AND PARTLY BY THE OUTBUILDINGS OF HOUSES THAT STOOD ON ANOTHER STREET,2086,12.088,16000,test,2086-149220-0000_melvoc_awgn-snr20
data/attacks/bandpass-300-3400/2086-149220-0000_melvoc.wav,fake,attack,none,bandpass-300-3400,bandpass300-3400,THE ENCLOSURE HAD FORMERLY BEEN VERY EXTENSIVE BUT WAS NOW CONTRACTED WITHIN SMALL COMPASS AND HEMMED ABOUT PARTLY BY HIGH WOODEN FENCES AND PARTLY BY THE OUTBUILDINGS OF HOUSES THAT STOOD ON ANOTHER STREET,2086,12.088,16000,test,2086-149220-0000_melvoc_bandpass-300-3400
data/attacks/reverb-rt60-0.2/2086-149220-0000_melvoc.wav,fake,attack,none,reverb-rt60-0.2,rt60-0.2,THE ENCLOSURE HAD FORMERLY BEEN VERY EXTENSIVE BUT WAS NOW CONTRACTED WITHIN SMALL COMPASS AND HEMMED ABOUT PARTLY BY HIGH WOODEN FENCES AND PARTLY BY THE OUTBUILDINGS OF HOUSES THAT STOOD ON ANOTHER STREET,2086,12.088,16000,test,2086-149220-0000_melvoc_reverb-rt60-0.2
data/attacks/reverb-rt60-0.4/2086-149220-0000_melvoc.wav,fake,attack,none,reverb-rt60-0.4,rt60-0.4,THE ENCLOSURE HAD FORMERLY BEEN VERY EXTENSIVE BUT WAS NOW CONTRACTED WITHIN SMALL COMPASS AND HEMMED ABOUT PARTLY BY HIGH WOODEN FENCES AND PARTLY BY THE OUTBUILDINGS OF HOUSES THAT STOOD ON ANOTHER STREET,2086,12.088,16000,test,2086-149220-0000_melvoc_reverb-rt60-0.4
data/attacks/reverb-rt60-0.8/2086-149220-0000_melvoc.wav,fake,attack,none,reverb-rt60-0.8,rt60-0.8,THE ENCLOSURE HAD FORMERLY BEEN VERY EXTENSIVE BUT WAS NOW CONTRACTED WITHIN SMALL COMPASS AND HEMMED ABOUT PARTLY BY HIGH WOODEN FENCES AND PARTLY BY THE OUTBUILDINGS OF HOUSES THAT STOOD ON ANOTHER STREET,2086,12.088,16000,test,2086-149220-0000_melvoc_reverb-rt60-0.8
data/attacks/speed0.9/2086-149220-0000_melvoc.wav,fake,attack,none,speed0.9,speed0.9,THE ENCLOSURE HAD FORMERLY BEEN VERY EXTENSIVE BUT WAS NOW CONTRACTED WITHIN SMALL COMPASS AND HEMMED ABOUT PARTLY BY HIGH WOODEN FENCES AND PARTLY BY THE OUTBUILDINGS OF HOUSES THAT STOOD ON ANOTHER STREET,2086,13.431,16000,test,2086-149220-0000_melvoc_speed0.9
data/attacks/speed1.1/2086-149220-0000_melvoc.wav,fake,attack,none,speed1.1,speed1.1,THE ENCLOSURE HAD FORMERLY BEEN VERY EXTENSIVE BUT WAS NOW CONTRACTED WITHIN SMALL COMPASS AND HEMMED ABOUT PARTLY BY HIGH WOODEN FENCES AND PARTLY BY THE OUTBUILDINGS OF HOUSES THAT STOOD ON ANOTHER STREET,2086,10.989,16000,test,2086-149220-0000_melvoc_speed1.1
data/attacks/mp3-128k/2086-149220-0000_pitch.wav,fake,attack,none,mp3-128k,mp3-128k,THE ENCLOSURE HAD FORMERLY BEEN VERY EXTENSIVE BUT WAS NOW CONTRACTED WITHIN SMALL COMPASS AND HEMMED ABOUT PARTLY BY HIGH WOODEN FENCES AND PARTLY BY THE OUTBUILDINGS OF HOUSES THAT STOOD ON ANOTHER STREET,2086,12.095,16000,test,2086-149220-0000_pitch_mp3-128k
data/attacks/mp3-64k/2086-149220-0000_pitch.wav,fake,attack,none,mp3-64k,mp3-64k,THE ENCLOSURE HAD FORMERLY BEEN VERY EXTENSIVE BUT WAS NOW CONTRACTED WITHIN SMALL COMPASS AND HEMMED ABOUT PARTLY BY HIGH WOODEN FENCES AND PARTLY BY THE OUTBUILDINGS OF HOUSES THAT STOOD ON ANOTHER STREET,2086,12.095,16000,test,2086-149220-0000_pitch_mp3-64k
data/attacks/opus-32k/2086-149220-0000_pitch.wav,fake,attack,none,opus-32k,opus-32k,THE ENCLOSURE HAD FORMERLY BEEN VERY EXTENSIVE BUT WAS NOW CONTRACTED WITHIN SMALL COMPASS AND HEMMED ABOUT PARTLY BY HIGH WOODEN FENCES AND PARTLY BY THE OUTBUILDINGS OF HOUSES THAT STOOD ON ANOTHER STREET,2086,12.095,16000,test,2086-149220-0000_pitch_opus-32k
data/attacks/g711-8k/2086-149220-0000_pitch.wav,fake,attack,none,g711-8k,g711-8k,THE ENCLOSURE HAD FORMERLY BEEN VERY EXTENSIVE BUT WAS NOW CONTRACTED WITHIN SMALL COMPASS AND HEMMED ABOUT PARTLY BY HIGH WOODEN FENCES AND PARTLY BY THE OUTBUILDINGS OF HOUSES THAT STOOD ON ANOTHER STREET,2086,12.095,16000,test,2086-149220-0000_pitch_g711-8k
data/attacks/resample-8k/2086-149220-0000_pitch.wav,fake,attack,none,resample-8k,8k-roundtrip,THE ENCLOSURE HAD FORMERLY BEEN VERY EXTENSIVE BUT WAS NOW CONTRACTED WITHIN SMALL COMPASS AND HEMMED ABOUT PARTLY BY HIGH WOODEN FENCES AND PARTLY BY THE OUTBUILDINGS OF HOUSES THAT STOOD ON ANOTHER STREET,2086,12.095,16000,test,2086-149220-0000_pitch_resample-8k
data/attacks/awgn-snr5/2086-149220-0000_pitch.wav,fake,attack,none,awgn-snr5,snr5,THE ENCLOSURE HAD FORMERLY BEEN VERY EXTENSIVE BUT WAS NOW CONTRACTED WITHIN SMALL COMPASS AND HEMMED ABOUT PARTLY BY HIGH WOODEN FENCES AND PARTLY BY THE OUTBUILDINGS OF HOUSES THAT STOOD ON ANOTHER STREET,2086,12.095,16000,test,2086-149220-0000_pitch_awgn-snr5
data/attacks/awgn-snr10/2086-149220-0000_pitch.wav,fake,attack,none,awgn-snr10,snr10,THE ENCLOSURE HAD FORMERLY BEEN VERY EXTENSIVE BUT WAS NOW CONTRACTED WITHIN SMALL COMPASS AND HEMMED ABOUT PARTLY BY HIGH WOODEN FENCES AND PARTLY BY THE OUTBUILDINGS OF HOUSES THAT STOOD ON ANOTHER STREET,2086,12.095,16000,test,2086-149220-0000_pitch_awgn-snr10
data/attacks/awgn-snr20/2086-149220-0000_pitch.wav,fake,attack,none,awgn-snr20,snr20,THE ENCLOSURE HAD FORMERLY BEEN VERY EXTENSIVE BUT WAS NOW CONTRACTED WITHIN SMALL COMPASS AND HEMMED ABOUT PARTLY BY HIGH WOODEN FENCES AND PARTLY BY THE OUTBUILDINGS OF HOUSES THAT STOOD ON ANOTHER STREET,2086,12.095,16000,test,2086-149220-0000_pitch_awgn-snr20
data/attacks/bandpass-300-3400/2086-149220-0000_pitch.wav,fake,attack,none,bandpass-300-3400,bandpass300-3400,THE ENCLOSURE HAD FORMERLY BEEN VERY EXTENSIVE BUT WAS NOW CONTRACTED WITHIN SMALL COMPASS AND HEMMED ABOUT PARTLY BY HIGH WOODEN FENCES AND PARTLY BY THE OUTBUILDINGS OF HOUSES THAT STOOD ON ANOTHER STREET,2086,12.095,16000,test,2086-149220-0000_pitch_bandpass-300-3400
data/attacks/reverb-rt60-0.2/2086-149220-0000_pitch.wav,fake,attack,none,reverb-rt60-0.2,rt60-0.2,THE ENCLOSURE HAD FORMERLY BEEN VERY EXTENSIVE BUT WAS NOW CONTRACTED WITHIN SMALL COMPASS AND HEMMED ABOUT PARTLY BY HIGH WOODEN FENCES AND PARTLY BY THE OUTBUILDINGS OF HOUSES THAT STOOD ON ANOTHER STREET,2086,12.095,16000,test,2086-149220-0000_pitch_reverb-rt60-0.2
data/attacks/reverb-rt60-0.4/2086-149220-0000_pitch.wav,fake,attack,none,reverb-rt60-0.4,rt60-0.4,THE ENCLOSURE HAD FORMERLY BEEN VERY EXTENSIVE BUT WAS NOW CONTRACTED WITHIN SMALL COMPASS AND HEMMED ABOUT PARTLY BY HIGH WOODEN FENCES AND PARTLY BY THE OUTBUILDINGS OF HOUSES THAT STOOD ON ANOTHER STREET,2086,12.095,16000,test,2086-149220-0000_pitch_reverb-rt60-0.4
data/attacks/reverb-rt60-0.8/2086-149220-0000_pitch.wav,fake,attack,none,reverb-rt60-0.8,rt60-0.8,THE ENCLOSURE HAD FORMERLY BEEN VERY EXTENSIVE BUT WAS NOW CONTRACTED WITHIN SMALL COMPASS AND HEMMED ABOUT PARTLY BY HIGH WOODEN FENCES AND PARTLY BY THE OUTBUILDINGS OF HOUSES THAT STOOD ON ANOTHER STREET,2086,12.095,16000,test,2086-149220-0000_pitch_reverb-rt60-0.8
data/attacks/speed0.9/2086-149220-0000_pitch.wav,fake,attack,none,speed0.9,speed0.9,THE ENCLOSURE HAD FORMERLY BEEN VERY EXTENSIVE BUT WAS NOW CONTRACTED WITHIN SMALL COMPASS AND HEMMED ABOUT PARTLY BY HIGH WOODEN FENCES AND PARTLY BY THE OUTBUILDINGS OF HOUSES THAT STOOD ON ANOTHER STREET,2086,13.439,16000,test,2086-149220-0000_pitch_speed0.9
data/attacks/speed1.1/2086-149220-0000_pitch.wav,fake,attack,none,speed1.1,speed1.1,THE ENCLOSURE HAD FORMERLY BEEN VERY EXTENSIVE BUT WAS NOW CONTRACTED WITHIN SMALL COMPASS AND HEMMED ABOUT PARTLY BY HIGH WOODEN FENCES AND PARTLY BY THE OUTBUILDINGS OF HOUSES THAT STOOD ON ANOTHER STREET,2086,10.995,16000,test,2086-149220-0000_pitch_speed1.1
data/attacks/mp3-128k/2086-149220-0001_formant.wav,fake,attack,none,mp3-128k,mp3-128k,THE WHITE DOUBLE ROSEBUSH HAD EVIDENTLY BEEN PROPPED UP ANEW AGAINST THE HOUSE SINCE THE COMMENCEMENT OF THE SEASON AND A PEAR TREE AND THREE DAMSON TREES WHICH EXCEPT A ROW OF CURRANT BUSHES CONSTITUTED THE ONLY VARIETIES OF FRUIT BORE MARKS OF THE RECENT AMPUTATION OF SEVERAL SUPERFLUOUS OR DEFECTIVE LIMBS,2086,19.78,16000,test,2086-149220-0001_formant_mp3-128k
data/attacks/mp3-64k/2086-149220-0001_formant.wav,fake,attack,none,mp3-64k,mp3-64k,THE WHITE DOUBLE ROSEBUSH HAD EVIDENTLY BEEN PROPPED UP ANEW AGAINST THE HOUSE SINCE THE COMMENCEMENT OF THE SEASON AND A PEAR TREE AND THREE DAMSON TREES WHICH EXCEPT A ROW OF CURRANT BUSHES CONSTITUTED THE ONLY VARIETIES OF FRUIT BORE MARKS OF THE RECENT AMPUTATION OF SEVERAL SUPERFLUOUS OR DEFECTIVE LIMBS,2086,19.78,16000,test,2086-149220-0001_formant_mp3-64k
data/attacks/opus-32k/2086-149220-0001_formant.wav,fake,attack,none,opus-32k,opus-32k,THE WHITE DOUBLE ROSEBUSH HAD EVIDENTLY BEEN PROPPED UP ANEW AGAINST THE HOUSE SINCE THE COMMENCEMENT OF THE SEASON AND A PEAR TREE AND THREE DAMSON TREES WHICH EXCEPT A ROW OF CURRANT BUSHES CONSTITUTED THE ONLY VARIETIES OF FRUIT BORE MARKS OF THE RECENT AMPUTATION OF SEVERAL SUPERFLUOUS OR DEFECTIVE LIMBS,2086,19.78,16000,test,2086-149220-0001_formant_opus-32k
data/attacks/g711-8k/2086-149220-0001_formant.wav,fake,attack,none,g711-8k,g711-8k,THE WHITE DOUBLE ROSEBUSH HAD EVIDENTLY BEEN PROPPED UP ANEW AGAINST THE HOUSE SINCE THE COMMENCEMENT OF THE SEASON AND A PEAR TREE AND THREE DAMSON TREES WHICH EXCEPT A ROW OF CURRANT BUSHES CONSTITUTED THE ONLY VARIETIES OF FRUIT BORE MARKS OF THE RECENT AMPUTATION OF SEVERAL SUPERFLUOUS OR DEFECTIVE LIMBS,2086,19.78,16000,test,2086-149220-0001_formant_g711-8k
data/attacks/resample-8k/2086-149220-0001_formant.wav,fake,attack,none,resample-8k,8k-roundtrip,THE WHITE DOUBLE ROSEBUSH HAD EVIDENTLY BEEN PROPPED UP ANEW AGAINST THE HOUSE SINCE THE COMMENCEMENT OF THE SEASON AND A PEAR TREE AND THREE DAMSON TREES WHICH EXCEPT A ROW OF CURRANT BUSHES CONSTITUTED THE ONLY VARIETIES OF FRUIT BORE MARKS OF THE RECENT AMPUTATION OF SEVERAL SUPERFLUOUS OR DEFECTIVE LIMBS,2086,19.78,16000,test,2086-149220-0001_formant_resample-8k
data/attacks/awgn-snr5/2086-149220-0001_formant.wav,fake,attack,none,awgn-snr5,snr5,THE WHITE DOUBLE ROSEBUSH HAD EVIDENTLY BEEN PROPPED UP ANEW AGAINST THE HOUSE SINCE THE COMMENCEMENT OF THE SEASON AND A PEAR TREE AND THREE DAMSON TREES WHICH EXCEPT A ROW OF CURRANT BUSHES CONSTITUTED THE ONLY VARIETIES OF FRUIT BORE MARKS OF THE RECENT AMPUTATION OF SEVERAL SUPERFLUOUS OR DEFECTIVE LIMBS,2086,19.78,16000,test,2086-149220-0001_formant_awgn-snr5
data/attacks/awgn-snr10/2086-149220-0001_formant.wav,fake,attack,none,awgn-snr10,snr10,THE WHITE DOUBLE ROSEBUSH HAD EVIDENTLY BEEN PROPPED UP ANEW AGAINST THE HOUSE SINCE THE COMMENCEMENT OF THE SEASON AND A PEAR TREE AND THREE DAMSON TREES WHICH EXCEPT A ROW OF CURRANT BUSHES CONSTITUTED THE ONLY VARIETIES OF FRUIT BORE MARKS OF THE RECENT AMPUTATION OF SEVERAL SUPERFLUOUS OR DEFECTIVE LIMBS,2086,19.78,16000,test,2086-149220-0001_formant_awgn-snr10
data/attacks/awgn-snr20/2086-149220-0001_formant.wav,fake,attack,none,awgn-snr20,snr20,THE WHITE DOUBLE ROSEBUSH HAD EVIDENTLY BEEN PROPPED UP ANEW AGAINST THE HOUSE SINCE THE COMMENCEMENT OF THE SEASON AND A PEAR TREE AND THREE DAMSON TREES WHICH EXCEPT A ROW OF CURRANT BUSHES CONSTITUTED THE ONLY VARIETIES OF FRUIT BORE MARKS OF THE RECENT AMPUTATION OF SEVERAL SUPERFLUOUS OR DEFECTIVE LIMBS,2086,19.78,16000,test,2086-149220-0001_formant_awgn-snr20
data/attacks/bandpass-300-3400/2086-149220-0001_formant.wav,fake,attack,none,bandpass-300-3400,bandpass300-3400,THE WHITE DOUBLE ROSEBUSH HAD EVIDENTLY BEEN PROPPED UP ANEW AGAINST THE HOUSE SINCE THE COMMENCEMENT OF THE SEASON AND A PEAR TREE AND THREE DAMSON TREES WHICH EXCEPT A ROW OF CURRANT BUSHES CONSTITUTED THE ONLY VARIETIES OF FRUIT BORE MARKS OF THE RECENT AMPUTATION OF SEVERAL SUPERFLUOUS OR DEFECTIVE LIMBS,2086,19.78,16000,test,2086-149220-0001_formant_bandpass-300-3400
data/attacks/reverb-rt60-0.2/2086-149220-0001_formant.wav,fake,attack,none,reverb-rt60-0.2,rt60-0.2,THE WHITE DOUBLE ROSEBUSH HAD EVIDENTLY BEEN PROPPED UP ANEW AGAINST THE HOUSE SINCE THE COMMENCEMENT OF THE SEASON AND A PEAR TREE AND THREE DAMSON TREES WHICH EXCEPT A ROW OF CURRANT BUSHES CONSTITUTED THE ONLY VARIETIES OF FRUIT BORE MARKS OF THE RECENT AMPUTATION OF SEVERAL SUPERFLUOUS OR DEFECTIVE LIMBS,2086,19.78,16000,test,2086-149220-0001_formant_reverb-rt60-0.2
data/attacks/reverb-rt60-0.4/2086-149220-0001_formant.wav,fake,attack,none,reverb-rt60-0.4,rt60-0.4,THE WHITE DOUBLE ROSEBUSH HAD EVIDENTLY BEEN PROPPED UP ANEW AGAINST THE HOUSE SINCE THE COMMENCEMENT OF THE SEASON AND A PEAR TREE AND THREE DAMSON TREES WHICH EXCEPT A ROW OF CURRANT BUSHES CONSTITUTED THE ONLY VARIETIES OF FRUIT BORE MARKS OF THE RECENT AMPUTATION OF SEVERAL SUPERFLUOUS OR DEFECTIVE LIMBS,2086,19.78,16000,test,2086-149220-0001_formant_reverb-rt60-0.4
data/attacks/reverb-rt60-0.8/2086-149220-0001_formant.wav,fake,attack,none,reverb-rt60-0.8,rt60-0.8,THE WHITE DOUBLE ROSEBUSH HAD EVIDENTLY BEEN PROPPED UP ANEW AGAINST THE HOUSE SINCE THE COMMENCEMENT OF THE SEASON AND A PEAR TREE AND THREE DAMSON TREES WHICH EXCEPT A ROW OF CURRANT BUSHES CONSTITUTED THE ONLY VARIETIES OF FRUIT BORE MARKS OF THE RECENT AMPUTATION OF SEVERAL SUPERFLUOUS OR DEFECTIVE LIMBS,2086,19.78,16000,test,2086-149220-0001_formant_reverb-rt60-0.8
data/attacks/speed0.9/2086-149220-0001_formant.wav,fake,attack,none,speed0.9,speed0.9,THE WHITE DOUBLE ROSEBUSH HAD EVIDENTLY BEEN PROPPED UP ANEW AGAINST THE HOUSE SINCE THE COMMENCEMENT OF THE SEASON AND A PEAR TREE AND THREE DAMSON TREES WHICH EXCEPT A ROW OF CURRANT BUSHES CONSTITUTED THE ONLY VARIETIES OF FRUIT BORE MARKS OF THE RECENT AMPUTATION OF SEVERAL SUPERFLUOUS OR DEFECTIVE LIMBS,2086,21.978,16000,test,2086-149220-0001_formant_speed0.9
data/attacks/speed1.1/2086-149220-0001_formant.wav,fake,attack,none,speed1.1,speed1.1,THE WHITE DOUBLE ROSEBUSH HAD EVIDENTLY BEEN PROPPED UP ANEW AGAINST THE HOUSE SINCE THE COMMENCEMENT OF THE SEASON AND A PEAR TREE AND THREE DAMSON TREES WHICH EXCEPT A ROW OF CURRANT BUSHES CONSTITUTED THE ONLY VARIETIES OF FRUIT BORE MARKS OF THE RECENT AMPUTATION OF SEVERAL SUPERFLUOUS OR DEFECTIVE LIMBS,2086,17.982,16000,test,2086-149220-0001_formant_speed1.1
data/attacks/mp3-128k/2086-149220-0001_melvoc.wav,fake,attack,none,mp3-128k,mp3-128k,THE WHITE DOUBLE ROSEBUSH HAD EVIDENTLY BEEN PROPPED UP ANEW AGAINST THE HOUSE SINCE THE COMMENCEMENT OF THE SEASON AND A PEAR TREE AND THREE DAMSON TREES WHICH EXCEPT A ROW OF CURRANT BUSHES CONSTITUTED THE ONLY VARIETIES OF FRUIT BORE MARKS OF THE RECENT AMPUTATION OF SEVERAL SUPERFLUOUS OR DEFECTIVE LIMBS,2086,19.776,16000,test,2086-149220-0001_melvoc_mp3-128k
data/attacks/mp3-64k/2086-149220-0001_melvoc.wav,fake,attack,none,mp3-64k,mp3-64k,THE WHITE DOUBLE ROSEBUSH HAD EVIDENTLY BEEN PROPPED UP ANEW AGAINST THE HOUSE SINCE THE COMMENCEMENT OF THE SEASON AND A PEAR TREE AND THREE DAMSON TREES WHICH EXCEPT A ROW OF CURRANT BUSHES CONSTITUTED THE ONLY VARIETIES OF FRUIT BORE MARKS OF THE RECENT AMPUTATION OF SEVERAL SUPERFLUOUS OR DEFECTIVE LIMBS,2086,19.776,16000,test,2086-149220-0001_melvoc_mp3-64k
data/attacks/opus-32k/2086-149220-0001_melvoc.wav,fake,attack,none,opus-32k,opus-32k,THE WHITE DOUBLE ROSEBUSH HAD EVIDENTLY BEEN PROPPED UP ANEW AGAINST THE HOUSE SINCE THE COMMENCEMENT OF THE SEASON AND A PEAR TREE AND THREE DAMSON TREES WHICH EXCEPT A ROW OF CURRANT BUSHES CONSTITUTED THE ONLY VARIETIES OF FRUIT BORE MARKS OF THE RECENT AMPUTATION OF SEVERAL SUPERFLUOUS OR DEFECTIVE LIMBS,2086,19.776,16000,test,2086-149220-0001_melvoc_opus-32k
data/attacks/g711-8k/2086-149220-0001_melvoc.wav,fake,attack,none,g711-8k,g711-8k,THE WHITE DOUBLE ROSEBUSH HAD EVIDENTLY BEEN PROPPED UP ANEW AGAINST THE HOUSE SINCE THE COMMENCEMENT OF THE SEASON AND A PEAR TREE AND THREE DAMSON TREES WHICH EXCEPT A ROW OF CURRANT BUSHES CONSTITUTED THE ONLY VARIETIES OF FRUIT BORE MARKS OF THE RECENT AMPUTATION OF SEVERAL SUPERFLUOUS OR DEFECTIVE LIMBS,2086,19.776,16000,test,2086-149220-0001_melvoc_g711-8k
data/attacks/resample-8k/2086-149220-0001_melvoc.wav,fake,attack,none,resample-8k,8k-roundtrip,THE WHITE DOUBLE ROSEBUSH HAD EVIDENTLY BEEN PROPPED UP ANEW AGAINST THE HOUSE SINCE THE COMMENCEMENT OF THE SEASON AND A PEAR TREE AND THREE DAMSON TREES WHICH EXCEPT A ROW OF CURRANT BUSHES CONSTITUTED THE ONLY VARIETIES OF FRUIT BORE MARKS OF THE RECENT AMPUTATION OF SEVERAL SUPERFLUOUS OR DEFECTIVE LIMBS,2086,19.776,16000,test,2086-149220-0001_melvoc_resample-8k
data/attacks/awgn-snr5/2086-149220-0001_melvoc.wav,fake,attack,none,awgn-snr5,snr5,THE WHITE DOUBLE ROSEBUSH HAD EVIDENTLY BEEN PROPPED UP ANEW AGAINST THE HOUSE SINCE THE COMMENCEMENT OF THE SEASON AND A PEAR TREE AND THREE DAMSON TREES WHICH EXCEPT A ROW OF CURRANT BUSHES CONSTITUTED THE ONLY VARIETIES OF FRUIT BORE MARKS OF THE RECENT AMPUTATION OF SEVERAL SUPERFLUOUS OR DEFECTIVE LIMBS,2086,19.776,16000,test,2086-149220-0001_melvoc_awgn-snr5
data/attacks/awgn-snr10/2086-149220-0001_melvoc.wav,fake,attack,none,awgn-snr10,snr10,THE WHITE DOUBLE ROSEBUSH HAD EVIDENTLY BEEN PROPPED UP ANEW AGAINST THE HOUSE SINCE THE COMMENCEMENT OF THE SEASON AND A PEAR TREE AND THREE DAMSON TREES WHICH EXCEPT A ROW OF CURRANT BUSHES CONSTITUTED THE ONLY VARIETIES OF FRUIT BORE MARKS OF THE RECENT AMPUTATION OF SEVERAL SUPERFLUOUS OR DEFECTIVE LIMBS,2086,19.776,16000,test,2086-149220-0001_melvoc_awgn-snr10
data/attacks/awgn-snr20/2086-149220-0001_melvoc.wav,fake,attack,none,awgn-snr20,snr20,THE WHITE DOUBLE ROSEBUSH HAD EVIDENTLY BEEN PROPPED UP ANEW AGAINST THE HOUSE SINCE THE COMMENCEMENT OF THE SEASON AND A PEAR TREE AND THREE DAMSON TREES WHICH EXCEPT A ROW OF CURRANT BUSHES CONSTITUTED THE ONLY VARIETIES OF FRUIT BORE MARKS OF THE RECENT AMPUTATION OF SEVERAL SUPERFLUOUS OR DEFECTIVE LIMBS,2086,19.776,16000,test,2086-149220-0001_melvoc_awgn-snr20
data/attacks/bandpass-300-3400/2086-149220-0001_melvoc.wav,fake,attack,none,bandpass-300-3400,bandpass300-3400,THE WHITE DOUBLE ROSEBUSH HAD EVIDENTLY BEEN PROPPED UP ANEW AGAINST THE HOUSE SINCE THE COMMENCEMENT OF THE SEASON AND A PEAR TREE AND THREE DAMSON TREES WHICH EXCEPT A ROW OF CURRANT BUSHES CONSTITUTED THE ONLY VARIETIES OF FRUIT BORE MARKS OF THE RECENT AMPUTATION OF SEVERAL SUPERFLUOUS OR DEFECTIVE LIMBS,2086,19.776,16000,test,2086-149220-0001_melvoc_bandpass-300-3400
data/attacks/reverb-rt60-0.2/2086-149220-0001_melvoc.wav,fake,attack,none,reverb-rt60-0.2,rt60-0.2,THE WHITE DOUBLE ROSEBUSH HAD EVIDENTLY BEEN PROPPED UP ANEW AGAINST THE HOUSE SINCE THE COMMENCEMENT OF THE SEASON AND A PEAR TREE AND THREE DAMSON TREES WHICH EXCEPT A ROW OF CURRANT BUSHES CONSTITUTED THE ONLY VARIETIES OF FRUIT BORE MARKS OF THE RECENT AMPUTATION OF SEVERAL SUPERFLUOUS OR DEFECTIVE LIMBS,2086,19.776,16000,test,2086-149220-0001_melvoc_reverb-rt60-0.2
data/attacks/reverb-rt60-0.4/2086-149220-0001_melvoc.wav,fake,attack,none,reverb-rt60-0.4,rt60-0.4,THE WHITE DOUBLE ROSEBUSH HAD EVIDENTLY BEEN PROPPED UP ANEW AGAINST THE HOUSE SINCE THE COMMENCEMENT OF THE SEASON AND A PEAR TREE AND THREE DAMSON TREES WHICH EXCEPT A ROW OF CURRANT BUSHES CONSTITUTED THE ONLY VARIETIES OF FRUIT BORE MARKS OF THE RECENT AMPUTATION OF SEVERAL SUPERFLUOUS OR DEFECTIVE LIMBS,2086,19.776,16000,test,2086-149220-0001_melvoc_reverb-rt60-0.4
data/attacks/reverb-rt60-0.8/2086-149220-0001_melvoc.wav,fake,attack,none,reverb-rt60-0.8,rt60-0.8,THE WHITE DOUBLE ROSEBUSH HAD EVIDENTLY BEEN PROPPED UP ANEW AGAINST THE HOUSE SINCE THE COMMENCEMENT OF THE SEASON AND A PEAR TREE AND THREE DAMSON TREES WHICH EXCEPT A ROW OF CURRANT BUSHES CONSTITUTED THE ONLY VARIETIES OF FRUIT BORE MARKS OF THE RECENT AMPUTATION OF SEVERAL SUPERFLUOUS OR DEFECTIVE LIMBS,2086,19.776,16000,test,2086-149220-0001_melvoc_reverb-rt60-0.8
data/attacks/speed0.9/2086-149220-0001_melvoc.wav,fake,attack,none,speed0.9,speed0.9,THE WHITE DOUBLE ROSEBUSH HAD EVIDENTLY BEEN PROPPED UP ANEW AGAINST THE HOUSE SINCE THE COMMENCEMENT OF THE SEASON AND A PEAR TREE AND THREE DAMSON TREES WHICH EXCEPT A ROW OF CURRANT BUSHES CONSTITUTED THE ONLY VARIETIES OF FRUIT BORE MARKS OF THE RECENT AMPUTATION OF SEVERAL SUPERFLUOUS OR DEFECTIVE LIMBS,2086,21.973,16000,test,2086-149220-0001_melvoc_speed0.9
data/attacks/speed1.1/2086-149220-0001_melvoc.wav,fake,attack,none,speed1.1,speed1.1,THE WHITE DOUBLE ROSEBUSH HAD EVIDENTLY BEEN PROPPED UP ANEW AGAINST THE HOUSE SINCE THE COMMENCEMENT OF THE SEASON AND A PEAR TREE AND THREE DAMSON TREES WHICH EXCEPT A ROW OF CURRANT BUSHES CONSTITUTED THE ONLY VARIETIES OF FRUIT BORE MARKS OF THE RECENT AMPUTATION OF SEVERAL SUPERFLUOUS OR DEFECTIVE LIMBS,2086,17.978,16000,test,2086-149220-0001_melvoc_speed1.1
data/attacks/mp3-128k/2086-149220-0001_pitch.wav,fake,attack,none,mp3-128k,mp3-128k,THE WHITE DOUBLE ROSEBUSH HAD EVIDENTLY BEEN PROPPED UP ANEW AGAINST THE HOUSE SINCE THE COMMENCEMENT OF THE SEASON AND A PEAR TREE AND THREE DAMSON TREES WHICH EXCEPT A ROW OF CURRANT BUSHES CONSTITUTED THE ONLY VARIETIES OF FRUIT BORE MARKS OF THE RECENT AMPUTATION OF SEVERAL SUPERFLUOUS OR DEFECTIVE LIMBS,2086,19.78,16000,test,2086-149220-0001_pitch_mp3-128k
data/attacks/mp3-64k/2086-149220-0001_pitch.wav,fake,attack,none,mp3-64k,mp3-64k,THE WHITE DOUBLE ROSEBUSH HAD EVIDENTLY BEEN PROPPED UP ANEW AGAINST THE HOUSE SINCE THE COMMENCEMENT OF THE SEASON AND A PEAR TREE AND THREE DAMSON TREES WHICH EXCEPT A ROW OF CURRANT BUSHES CONSTITUTED THE ONLY VARIETIES OF FRUIT BORE MARKS OF THE RECENT AMPUTATION OF SEVERAL SUPERFLUOUS OR DEFECTIVE LIMBS,2086,19.78,16000,test,2086-149220-0001_pitch_mp3-64k
data/attacks/opus-32k/2086-149220-0001_pitch.wav,fake,attack,none,opus-32k,opus-32k,THE WHITE DOUBLE ROSEBUSH HAD EVIDENTLY BEEN PROPPED UP ANEW AGAINST THE HOUSE SINCE THE COMMENCEMENT OF THE SEASON AND A PEAR TREE AND THREE DAMSON TREES WHICH EXCEPT A ROW OF CURRANT BUSHES CONSTITUTED THE ONLY VARIETIES OF FRUIT BORE MARKS OF THE RECENT AMPUTATION OF SEVERAL SUPERFLUOUS OR DEFECTIVE LIMBS,2086,19.78,16000,test,2086-149220-0001_pitch_opus-32k
data/attacks/g711-8k/2086-149220-0001_pitch.wav,fake,attack,none,g711-8k,g711-8k,THE WHITE DOUBLE ROSEBUSH HAD EVIDENTLY BEEN PROPPED UP ANEW AGAINST THE HOUSE SINCE THE COMMENCEMENT OF THE SEASON AND A PEAR TREE AND THREE DAMSON TREES WHICH EXCEPT A ROW OF CURRANT BUSHES CONSTITUTED THE ONLY VARIETIES OF FRUIT BORE MARKS OF THE RECENT AMPUTATION OF SEVERAL SUPERFLUOUS OR DEFECTIVE LIMBS,2086,19.78,16000,test,2086-149220-0001_pitch_g711-8k
data/attacks/resample-8k/2086-149220-0001_pitch.wav,fake,attack,none,resample-8k,8k-roundtrip,THE WHITE DOUBLE ROSEBUSH HAD EVIDENTLY BEEN PROPPED UP ANEW AGAINST THE HOUSE SINCE THE COMMENCEMENT OF THE SEASON AND A PEAR TREE AND THREE DAMSON TREES WHICH EXCEPT A ROW OF CURRANT BUSHES CONSTITUTED THE ONLY VARIETIES OF FRUIT BORE MARKS OF THE RECENT AMPUTATION OF SEVERAL SUPERFLUOUS OR DEFECTIVE LIMBS,2086,19.78,16000,test,2086-149220-0001_pitch_resample-8k
data/attacks/awgn-snr5/2086-149220-0001_pitch.wav,fake,attack,none,awgn-snr5,snr5,THE WHITE DOUBLE ROSEBUSH HAD EVIDENTLY BEEN PROPPED UP ANEW AGAINST THE HOUSE SINCE THE COMMENCEMENT OF THE SEASON AND A PEAR TREE AND THREE DAMSON TREES WHICH EXCEPT A ROW OF CURRANT BUSHES CONSTITUTED THE ONLY VARIETIES OF FRUIT BORE MARKS OF THE RECENT AMPUTATION OF SEVERAL SUPERFLUOUS OR DEFECTIVE LIMBS,2086,19.78,16000,test,2086-149220-0001_pitch_awgn-snr5
data/attacks/awgn-snr10/2086-149220-0001_pitch.wav,fake,attack,none,awgn-snr10,snr10,THE WHITE DOUBLE ROSEBUSH HAD EVIDENTLY BEEN PROPPED UP ANEW AGAINST THE HOUSE SINCE THE COMMENCEMENT OF THE SEASON AND A PEAR TREE AND THREE DAMSON TREES WHICH EXCEPT A ROW OF CURRANT BUSHES CONSTITUTED THE ONLY VARIETIES OF FRUIT BORE MARKS OF THE RECENT AMPUTATION OF SEVERAL SUPERFLUOUS OR DEFECTIVE LIMBS,2086,19.78,16000,test,2086-149220-0001_pitch_awgn-snr10
data/attacks/awgn-snr20/2086-149220-0001_pitch.wav,fake,attack,none,awgn-snr20,snr20,THE WHITE DOUBLE ROSEBUSH HAD EVIDENTLY BEEN PROPPED UP ANEW AGAINST THE HOUSE SINCE THE COMMENCEMENT OF THE SEASON AND A PEAR TREE AND THREE DAMSON TREES WHICH EXCEPT A ROW OF CURRANT BUSHES CONSTITUTED THE ONLY VARIETIES OF FRUIT BORE MARKS OF THE RECENT AMPUTATION OF SEVERAL SUPERFLUOUS OR DEFECTIVE LIMBS,2086,19.78,16000,test,2086-149220-0001_pitch_awgn-snr20
data/attacks/bandpass-300-3400/2086-149220-0001_pitch.wav,fake,attack,none,bandpass-300-3400,bandpass300-3400,THE WHITE DOUBLE ROSEBUSH HAD EVIDENTLY BEEN PROPPED UP ANEW AGAINST THE HOUSE SINCE THE COMMENCEMENT OF THE SEASON AND A PEAR TREE AND THREE DAMSON TREES WHICH EXCEPT A ROW OF CURRANT BUSHES CONSTITUTED THE ONLY VARIETIES OF FRUIT BORE MARKS OF THE RECENT AMPUTATION OF SEVERAL SUPERFLUOUS OR DEFECTIVE LIMBS,2086,19.78,16000,test,2086-149220-0001_pitch_bandpass-300-3400
data/attacks/reverb-rt60-0.2/2086-149220-0001_pitch.wav,fake,attack,none,reverb-rt60-0.2,rt60-0.2,THE WHITE DOUBLE ROSEBUSH HAD EVIDENTLY BEEN PROPPED UP ANEW AGAINST THE HOUSE SINCE THE COMMENCEMENT OF THE SEASON AND A PEAR TREE AND THREE DAMSON TREES WHICH EXCEPT A ROW OF CURRANT BUSHES CONSTITUTED THE ONLY VARIETIES OF FRUIT BORE MARKS OF THE RECENT AMPUTATION OF SEVERAL SUPERFLUOUS OR DEFECTIVE LIMBS,2086,19.78,16000,test,2086-149220-0001_pitch_reverb-rt60-0.2
data/attacks/reverb-rt60-0.4/2086-149220-0001_pitch.wav,fake,attack,none,reverb-rt60-0.4,rt60-0.4,THE WHITE DOUBLE ROSEBUSH HAD EVIDENTLY BEEN PROPPED UP ANEW AGAINST THE HOUSE SINCE THE COMMENCEMENT OF THE SEASON AND A PEAR TREE AND THREE DAMSON TREES WHICH EXCEPT A ROW OF CURRANT BUSHES CONSTITUTED THE ONLY VARIETIES OF FRUIT BORE MARKS OF THE RECENT AMPUTATION OF SEVERAL SUPERFLUOUS OR DEFECTIVE LIMBS,2086,19.78,16000,test,2086-149220-0001_pitch_reverb-rt60-0.4
data/attacks/reverb-rt60-0.8/2086-149220-0001_pitch.wav,fake,attack,none,reverb-rt60-0.8,rt60-0.8,THE WHITE DOUBLE ROSEBUSH HAD EVIDENTLY BEEN PROPPED UP ANEW AGAINST THE HOUSE SINCE THE COMMENCEMENT OF THE SEASON AND A PEAR TREE AND THREE DAMSON TREES WHICH EXCEPT A ROW OF CURRANT BUSHES CONSTITUTED THE ONLY VARIETIES OF FRUIT BORE MARKS OF THE RECENT AMPUTATION OF SEVERAL SUPERFLUOUS OR DEFECTIVE LIMBS,2086,19.78,16000,test,2086-149220-0001_pitch_reverb-rt60-0.8
data/attacks/speed0.9/2086-149220-0001_pitch.wav,fake,attack,none,speed0.9,speed0.9,THE WHITE DOUBLE ROSEBUSH HAD EVIDENTLY BEEN PROPPED UP ANEW AGAINST THE HOUSE SINCE THE COMMENCEMENT OF THE SEASON AND A PEAR TREE AND THREE DAMSON TREES WHICH EXCEPT A ROW OF CURRANT BUSHES CONSTITUTED THE ONLY VARIETIES OF FRUIT BORE MARKS OF THE RECENT AMPUTATION OF SEVERAL SUPERFLUOUS OR DEFECTIVE LIMBS,2086,21.978,16000,test,2086-149220-0001_pitch_speed0.9
data/attacks/speed1.1/2086-149220-0001_pitch.wav,fake,attack,none,speed1.1,speed1.1,THE WHITE DOUBLE ROSEBUSH HAD EVIDENTLY BEEN PROPPED UP ANEW AGAINST THE HOUSE SINCE THE COMMENCEMENT OF THE SEASON AND A PEAR TREE AND THREE DAMSON TREES WHICH EXCEPT A ROW OF CURRANT BUSHES CONSTITUTED THE ONLY VARIETIES OF FRUIT BORE MARKS OF THE RECENT AMPUTATION OF SEVERAL SUPERFLUOUS OR DEFECTIVE LIMBS,2086,17.982,16000,test,2086-149220-0001_pitch_speed1.1
data/attacks/mp3-128k/2086-149220-0002_formant.wav,fake,attack,none,mp3-128k,mp3-128k,THERE WERE ALSO A FEW SPECIES OF ANTIQUE AND HEREDITARY FLOWERS IN NO VERY FLOURISHING CONDITION BUT SCRUPULOUSLY WEEDED AS IF SOME PERSON EITHER OUT OF LOVE OR CURIOSITY HAD BEEN ANXIOUS TO BRING THEM TO SUCH PERFECTION AS THEY WERE CAPABLE OF ATTAINING,2086,16.01,16000,test,2086-149220-0002_formant_mp3-128k
data/attacks/mp3-64k/2086-149220-0002_formant.wav,fake,attack,none,mp3-64k,mp3-64k,THERE WERE ALSO A FEW SPECIES OF ANTIQUE AND HEREDITARY FLOWERS IN NO VERY FLOURISHING CONDITION BUT SCRUPULOUSLY WEEDED AS IF SOME PERSON EITHER OUT OF LOVE OR CURIOSITY HAD BEEN ANXIOUS TO BRING THEM TO SUCH PERFECTION AS THEY WERE CAPABLE OF ATTAINING,2086,16.01,16000,test,2086-149220-0002_formant_mp3-64k
data/attacks/opus-32k/2086-149220-0002_formant.wav,fake,attack,none,opus-32k,opus-32k,THERE WERE ALSO A FEW SPECIES OF ANTIQUE AND HEREDITARY FLOWERS IN NO VERY FLOURISHING CONDITION BUT SCRUPULOUSLY WEEDED AS IF SOME PERSON EITHER OUT OF LOVE OR CURIOSITY HAD BEEN ANXIOUS TO BRING THEM TO SUCH PERFECTION AS THEY WERE CAPABLE OF ATTAINING,2086,16.01,16000,test,2086-149220-0002_formant_opus-32k
data/attacks/g711-8k/2086-149220-0002_formant.wav,fake,attack,none,g711-8k,g711-8k,THERE WERE ALSO A FEW SPECIES OF ANTIQUE AND HEREDITARY FLOWERS IN NO VERY FLOURISHING CONDITION BUT SCRUPULOUSLY WEEDED AS IF SOME PERSON EITHER OUT OF LOVE OR CURIOSITY HAD BEEN ANXIOUS TO BRING THEM TO SUCH PERFECTION AS THEY WERE CAPABLE OF ATTAINING,2086,16.01,16000,test,2086-149220-0002_formant_g711-8k
data/attacks/resample-8k/2086-149220-0002_formant.wav,fake,attack,none,resample-8k,8k-roundtrip,THERE WERE ALSO A FEW SPECIES OF ANTIQUE AND HEREDITARY FLOWERS IN NO VERY FLOURISHING CONDITION BUT SCRUPULOUSLY WEEDED AS IF SOME PERSON EITHER OUT OF LOVE OR CURIOSITY HAD BEEN ANXIOUS TO BRING THEM TO SUCH PERFECTION AS THEY WERE CAPABLE OF ATTAINING,2086,16.01,16000,test,2086-149220-0002_formant_resample-8k
data/attacks/awgn-snr5/2086-149220-0002_formant.wav,fake,attack,none,awgn-snr5,snr5,THERE WERE ALSO A FEW SPECIES OF ANTIQUE AND HEREDITARY FLOWERS IN NO VERY FLOURISHING CONDITION BUT SCRUPULOUSLY WEEDED AS IF SOME PERSON EITHER OUT OF LOVE OR CURIOSITY HAD BEEN ANXIOUS TO BRING THEM TO SUCH PERFECTION AS THEY WERE CAPABLE OF ATTAINING,2086,16.01,16000,test,2086-149220-0002_formant_awgn-snr5
data/attacks/awgn-snr10/2086-149220-0002_formant.wav,fake,attack,none,awgn-snr10,snr10,THERE WERE ALSO A FEW SPECIES OF ANTIQUE AND HEREDITARY FLOWERS IN NO VERY FLOURISHING CONDITION BUT SCRUPULOUSLY WEEDED AS IF SOME PERSON EITHER OUT OF LOVE OR CURIOSITY HAD BEEN ANXIOUS TO BRING THEM TO SUCH PERFECTION AS THEY WERE CAPABLE OF ATTAINING,2086,16.01,16000,test,2086-149220-0002_formant_awgn-snr10
data/attacks/awgn-snr20/2086-149220-0002_formant.wav,fake,attack,none,awgn-snr20,snr20,THERE WERE ALSO A FEW SPECIES OF ANTIQUE AND HEREDITARY FLOWERS IN NO VERY FLOURISHING CONDITION BUT SCRUPULOUSLY WEEDED AS IF SOME PERSON EITHER OUT OF LOVE OR CURIOSITY HAD BEEN ANXIOUS TO BRING THEM TO SUCH PERFECTION AS THEY WERE CAPABLE OF ATTAINING,2086,16.01,16000,test,2086-149220-0002_formant_awgn-snr20
data/attacks/bandpass-300-3400/2086-149220-0002_formant.wav,fake,attack,none,bandpass-300-3400,bandpass300-3400,THERE WERE ALSO A FEW SPECIES OF ANTIQUE AND HEREDITARY FLOWERS IN NO VERY FLOURISHING CONDITION BUT SCRUPULOUSLY WEEDED AS IF SOME PERSON EITHER OUT OF LOVE OR CURIOSITY HAD BEEN ANXIOUS TO BRING THEM TO SUCH PERFECTION AS THEY WERE CAPABLE OF ATTAINING,2086,16.01,16000,test,2086-149220-0002_formant_bandpass-300-3400
data/attacks/reverb-rt60-0.2/2086-149220-0002_formant.wav,fake,attack,none,reverb-rt60-0.2,rt60-0.2,THERE WERE ALSO A FEW SPECIES OF ANTIQUE AND HEREDITARY FLOWERS IN NO VERY FLOURISHING CONDITION BUT SCRUPULOUSLY WEEDED AS IF SOME PERSON EITHER OUT OF LOVE OR CURIOSITY HAD BEEN ANXIOUS TO BRING THEM TO SUCH PERFECTION AS THEY WERE CAPABLE OF ATTAINING,2086,16.01,16000,test,2086-149220-0002_formant_reverb-rt60-0.2
data/attacks/reverb-rt60-0.4/2086-149220-0002_formant.wav,fake,attack,none,reverb-rt60-0.4,rt60-0.4,THERE WERE ALSO A FEW SPECIES OF ANTIQUE AND HEREDITARY FLOWERS IN NO VERY FLOURISHING CONDITION BUT SCRUPULOUSLY WEEDED AS IF SOME PERSON EITHER OUT OF LOVE OR CURIOSITY HAD BEEN ANXIOUS TO BRING THEM TO SUCH PERFECTION AS THEY WERE CAPABLE OF ATTAINING,2086,16.01,16000,test,2086-149220-0002_formant_reverb-rt60-0.4
data/attacks/reverb-rt60-0.8/2086-149220-0002_formant.wav,fake,attack,none,reverb-rt60-0.8,rt60-0.8,THERE WERE ALSO A FEW SPECIES OF ANTIQUE AND HEREDITARY FLOWERS IN NO VERY FLOURISHING CONDITION BUT SCRUPULOUSLY WEEDED AS IF SOME PERSON EITHER OUT OF LOVE OR CURIOSITY HAD BEEN ANXIOUS TO BRING THEM TO SUCH PERFECTION AS THEY WERE CAPABLE OF ATTAINING,2086,16.01,16000,test,2086-149220-0002_formant_reverb-rt60-0.8
data/attacks/speed0.9/2086-149220-0002_formant.wav,fake,attack,none,speed0.9,speed0.9,THERE WERE ALSO A FEW SPECIES OF ANTIQUE AND HEREDITARY FLOWERS IN NO VERY FLOURISHING CONDITION BUT SCRUPULOUSLY WEEDED AS IF SOME PERSON EITHER OUT OF LOVE OR CURIOSITY HAD BEEN ANXIOUS TO BRING THEM TO SUCH PERFECTION AS THEY WERE CAPABLE OF ATTAINING,2086,17.789,16000,test,2086-149220-0002_formant_speed0.9
data/attacks/speed1.1/2086-149220-0002_formant.wav,fake,attack,none,speed1.1,speed1.1,THERE WERE ALSO A FEW SPECIES OF ANTIQUE AND HEREDITARY FLOWERS IN NO VERY FLOURISHING CONDITION BUT SCRUPULOUSLY WEEDED AS IF SOME PERSON EITHER OUT OF LOVE OR CURIOSITY HAD BEEN ANXIOUS TO BRING THEM TO SUCH PERFECTION AS THEY WERE CAPABLE OF ATTAINING,2086,14.555,16000,test,2086-149220-0002_formant_speed1.1
data/attacks/mp3-128k/2086-149220-0002_melvoc.wav,fake,attack,none,mp3-128k,mp3-128k,THERE WERE ALSO A FEW SPECIES OF ANTIQUE AND HEREDITARY FLOWERS IN NO VERY FLOURISHING CONDITION BUT SCRUPULOUSLY WEEDED AS IF SOME PERSON EITHER OUT OF LOVE OR CURIOSITY HAD BEEN ANXIOUS TO BRING THEM TO SUCH PERFECTION AS THEY WERE CAPABLE OF ATTAINING,2086,16.008,16000,test,2086-149220-0002_melvoc_mp3-128k
data/attacks/mp3-64k/2086-149220-0002_melvoc.wav,fake,attack,none,mp3-64k,mp3-64k,THERE WERE ALSO A FEW SPECIES OF ANTIQUE AND HEREDITARY FLOWERS IN NO VERY FLOURISHING CONDITION BUT SCRUPULOUSLY WEEDED AS IF SOME PERSON EITHER OUT OF LOVE OR CURIOSITY HAD BEEN ANXIOUS TO BRING THEM TO SUCH PERFECTION AS THEY WERE CAPABLE OF ATTAINING,2086,16.008,16000,test,2086-149220-0002_melvoc_mp3-64k
data/attacks/opus-32k/2086-149220-0002_melvoc.wav,fake,attack,none,opus-32k,opus-32k,THERE WERE ALSO A FEW SPECIES OF ANTIQUE AND HEREDITARY FLOWERS IN NO VERY FLOURISHING CONDITION BUT SCRUPULOUSLY WEEDED AS IF SOME PERSON EITHER OUT OF LOVE OR CURIOSITY HAD BEEN ANXIOUS TO BRING THEM TO SUCH PERFECTION AS THEY WERE CAPABLE OF ATTAINING,2086,16.008,16000,test,2086-149220-0002_melvoc_opus-32k
data/attacks/g711-8k/2086-149220-0002_melvoc.wav,fake,attack,none,g711-8k,g711-8k,THERE WERE ALSO A FEW SPECIES OF ANTIQUE AND HEREDITARY FLOWERS IN NO VERY FLOURISHING CONDITION BUT SCRUPULOUSLY WEEDED AS IF SOME PERSON EITHER OUT OF LOVE OR CURIOSITY HAD BEEN ANXIOUS TO BRING THEM TO SUCH PERFECTION AS THEY WERE CAPABLE OF ATTAINING,2086,16.008,16000,test,2086-149220-0002_melvoc_g711-8k
data/attacks/resample-8k/2086-149220-0002_melvoc.wav,fake,attack,none,resample-8k,8k-roundtrip,THERE WERE ALSO A FEW SPECIES OF ANTIQUE AND HEREDITARY FLOWERS IN NO VERY FLOURISHING CONDITION BUT SCRUPULOUSLY WEEDED AS IF SOME PERSON EITHER OUT OF LOVE OR CURIOSITY HAD BEEN ANXIOUS TO BRING THEM TO SUCH PERFECTION AS THEY WERE CAPABLE OF ATTAINING,2086,16.008,16000,test,2086-149220-0002_melvoc_resample-8k
data/attacks/awgn-snr5/2086-149220-0002_melvoc.wav,fake,attack,none,awgn-snr5,snr5,THERE WERE ALSO A FEW SPECIES OF ANTIQUE AND HEREDITARY FLOWERS IN NO VERY FLOURISHING CONDITION BUT SCRUPULOUSLY WEEDED AS IF SOME PERSON EITHER OUT OF LOVE OR CURIOSITY HAD BEEN ANXIOUS TO BRING THEM TO SUCH PERFECTION AS THEY WERE CAPABLE OF ATTAINING,2086,16.008,16000,test,2086-149220-0002_melvoc_awgn-snr5
data/attacks/awgn-snr10/2086-149220-0002_melvoc.wav,fake,attack,none,awgn-snr10,snr10,THERE WERE ALSO A FEW SPECIES OF ANTIQUE AND HEREDITARY FLOWERS IN NO VERY FLOURISHING CONDITION BUT SCRUPULOUSLY WEEDED AS IF SOME PERSON EITHER OUT OF LOVE OR CURIOSITY HAD BEEN ANXIOUS TO BRING THEM TO SUCH PERFECTION AS THEY WERE CAPABLE OF ATTAINING,2086,16.008,16000,test,2086-149220-0002_melvoc_awgn-snr10
data/attacks/awgn-snr20/2086-149220-0002_melvoc.wav,fake,attack,none,awgn-snr20,snr20,THERE WERE ALSO A FEW SPECIES OF ANTIQUE AND HEREDITARY FLOWERS IN NO VERY FLOURISHING CONDITION BUT SCRUPULOUSLY WEEDED AS IF SOME PERSON EITHER OUT OF LOVE OR CURIOSITY HAD BEEN ANXIOUS TO BRING THEM TO SUCH PERFECTION AS THEY WERE CAPABLE OF ATTAINING,2086,16.008,16000,test,2086-149220-0002_melvoc_awgn-snr20
data/attacks/bandpass-300-3400/2086-149220-0002_melvoc.wav,fake,attack,none,bandpass-300-3400,bandpass300-3400,THERE WERE ALSO A FEW SPECIES OF ANTIQUE AND HEREDITARY FLOWERS IN NO VERY FLOURISHING CONDITION BUT SCRUPULOUSLY WEEDED AS IF SOME PERSON EITHER OUT OF LOVE OR CURIOSITY HAD BEEN ANXIOUS TO BRING THEM TO SUCH PERFECTION AS THEY WERE CAPABLE OF ATTAINING,2086,16.008,16000,test,2086-149220-0002_melvoc_bandpass-300-3400
data/attacks/reverb-rt60-0.2/2086-149220-0002_melvoc.wav,fake,attack,none,reverb-rt60-0.2,rt60-0.2,THERE WERE ALSO A FEW SPECIES OF ANTIQUE AND HEREDITARY FLOWERS IN NO VERY FLOURISHING CONDITION BUT SCRUPULOUSLY WEEDED AS IF SOME PERSON EITHER OUT OF LOVE OR CURIOSITY HAD BEEN ANXIOUS TO BRING THEM TO SUCH PERFECTION AS THEY WERE CAPABLE OF ATTAINING,2086,16.008,16000,test,2086-149220-0002_melvoc_reverb-rt60-0.2
data/attacks/reverb-rt60-0.4/2086-149220-0002_melvoc.wav,fake,attack,none,reverb-rt60-0.4,rt60-0.4,THERE WERE ALSO A FEW SPECIES OF ANTIQUE AND HEREDITARY FLOWERS IN NO VERY FLOURISHING CONDITION BUT SCRUPULOUSLY WEEDED AS IF SOME PERSON EITHER OUT OF LOVE OR CURIOSITY HAD BEEN ANXIOUS TO BRING THEM TO SUCH PERFECTION AS THEY WERE CAPABLE OF ATTAINING,2086,16.008,16000,test,2086-149220-0002_melvoc_reverb-rt60-0.4
data/attacks/reverb-rt60-0.8/2086-149220-0002_melvoc.wav,fake,attack,none,reverb-rt60-0.8,rt60-0.8,THERE WERE ALSO A FEW SPECIES OF ANTIQUE AND HEREDITARY FLOWERS IN NO VERY FLOURISHING CONDITION BUT SCRUPULOUSLY WEEDED AS IF SOME PERSON EITHER OUT OF LOVE OR CURIOSITY HAD BEEN ANXIOUS TO BRING THEM TO SUCH PERFECTION AS THEY WERE CAPABLE OF ATTAINING,2086,16.008,16000,test,2086-149220-0002_melvoc_reverb-rt60-0.8
data/attacks/speed0.9/2086-149220-0002_melvoc.wav,fake,attack,none,speed0.9,speed0.9,THERE WERE ALSO A FEW SPECIES OF ANTIQUE AND HEREDITARY FLOWERS IN NO VERY FLOURISHING CONDITION BUT SCRUPULOUSLY WEEDED AS IF SOME PERSON EITHER OUT OF LOVE OR CURIOSITY HAD BEEN ANXIOUS TO BRING THEM TO SUCH PERFECTION AS THEY WERE CAPABLE OF ATTAINING,2086,17.787,16000,test,2086-149220-0002_melvoc_speed0.9
data/attacks/speed1.1/2086-149220-0002_melvoc.wav,fake,attack,none,speed1.1,speed1.1,THERE WERE ALSO A FEW SPECIES OF ANTIQUE AND HEREDITARY FLOWERS IN NO VERY FLOURISHING CONDITION BUT SCRUPULOUSLY WEEDED AS IF SOME PERSON EITHER OUT OF LOVE OR CURIOSITY HAD BEEN ANXIOUS TO BRING THEM TO SUCH PERFECTION AS THEY WERE CAPABLE OF ATTAINING,2086,14.553,16000,test,2086-149220-0002_melvoc_speed1.1
data/attacks/mp3-128k/2086-149220-0002_pitch.wav,fake,attack,none,mp3-128k,mp3-128k,THERE WERE ALSO A FEW SPECIES OF ANTIQUE AND HEREDITARY FLOWERS IN NO VERY FLOURISHING CONDITION BUT SCRUPULOUSLY WEEDED AS IF SOME PERSON EITHER OUT OF LOVE OR CURIOSITY HAD BEEN ANXIOUS TO BRING THEM TO SUCH PERFECTION AS THEY WERE CAPABLE OF ATTAINING,2086,16.01,16000,test,2086-149220-0002_pitch_mp3-128k
data/attacks/mp3-64k/2086-149220-0002_pitch.wav,fake,attack,none,mp3-64k,mp3-64k,THERE WERE ALSO A FEW SPECIES OF ANTIQUE AND HEREDITARY FLOWERS IN NO VERY FLOURISHING CONDITION BUT SCRUPULOUSLY WEEDED AS IF SOME PERSON EITHER OUT OF LOVE OR CURIOSITY HAD BEEN ANXIOUS TO BRING THEM TO SUCH PERFECTION AS THEY WERE CAPABLE OF ATTAINING,2086,16.01,16000,test,2086-149220-0002_pitch_mp3-64k
data/attacks/opus-32k/2086-149220-0002_pitch.wav,fake,attack,none,opus-32k,opus-32k,THERE WERE ALSO A FEW SPECIES OF ANTIQUE AND HEREDITARY FLOWERS IN NO VERY FLOURISHING CONDITION BUT SCRUPULOUSLY WEEDED AS IF SOME PERSON EITHER OUT OF LOVE OR CURIOSITY HAD BEEN ANXIOUS TO BRING THEM TO SUCH PERFECTION AS THEY WERE CAPABLE OF ATTAINING,2086,16.01,16000,test,2086-149220-0002_pitch_opus-32k
data/attacks/g711-8k/2086-149220-0002_pitch.wav,fake,attack,none,g711-8k,g711-8k,THERE WERE ALSO A FEW SPECIES OF ANTIQUE AND HEREDITARY FLOWERS IN NO VERY FLOURISHING CONDITION BUT SCRUPULOUSLY WEEDED AS IF SOME PERSON EITHER OUT OF LOVE OR CURIOSITY HAD BEEN ANXIOUS TO BRING THEM TO SUCH PERFECTION AS THEY WERE CAPABLE OF ATTAINING,2086,16.01,16000,test,2086-149220-0002_pitch_g711-8k
data/attacks/resample-8k/2086-149220-0002_pitch.wav,fake,attack,none,resample-8k,8k-roundtrip,THERE WERE ALSO A FEW SPECIES OF ANTIQUE AND HEREDITARY FLOWERS IN NO VERY FLOURISHING CONDITION BUT SCRUPULOUSLY WEEDED AS IF SOME PERSON EITHER OUT OF LOVE OR CURIOSITY HAD BEEN ANXIOUS TO BRING THEM TO SUCH PERFECTION AS THEY WERE CAPABLE OF ATTAINING,2086,16.01,16000,test,2086-149220-0002_pitch_resample-8k
data/attacks/awgn-snr5/2086-149220-0002_pitch.wav,fake,attack,none,awgn-snr5,snr5,THERE WERE ALSO A FEW SPECIES OF ANTIQUE AND HEREDITARY FLOWERS IN NO VERY FLOURISHING CONDITION BUT SCRUPULOUSLY WEEDED AS IF SOME PERSON EITHER OUT OF LOVE OR CURIOSITY HAD BEEN ANXIOUS TO BRING THEM TO SUCH PERFECTION AS THEY WERE CAPABLE OF ATTAINING,2086,16.01,16000,test,2086-149220-0002_pitch_awgn-snr5
data/attacks/awgn-snr10/2086-149220-0002_pitch.wav,fake,attack,none,awgn-snr10,snr10,THERE WERE ALSO A FEW SPECIES OF ANTIQUE AND HEREDITARY FLOWERS IN NO VERY FLOURISHING CONDITION BUT SCRUPULOUSLY WEEDED AS IF SOME PERSON EITHER OUT OF LOVE OR CURIOSITY HAD BEEN ANXIOUS TO BRING THEM TO SUCH PERFECTION AS THEY WERE CAPABLE OF ATTAINING,2086,16.01,16000,test,2086-149220-0002_pitch_awgn-snr10
data/attacks/awgn-snr20/2086-149220-0002_pitch.wav,fake,attack,none,awgn-snr20,snr20,THERE WERE ALSO A FEW SPECIES OF ANTIQUE AND HEREDITARY FLOWERS IN NO VERY FLOURISHING CONDITION BUT SCRUPULOUSLY WEEDED AS IF SOME PERSON EITHER OUT OF LOVE OR CURIOSITY HAD BEEN ANXIOUS TO BRING THEM TO SUCH PERFECTION AS THEY WERE CAPABLE OF ATTAINING,2086,16.01,16000,test,2086-149220-0002_pitch_awgn-snr20
data/attacks/bandpass-300-3400/2086-149220-0002_pitch.wav,fake,attack,none,bandpass-300-3400,bandpass300-3400,THERE WERE ALSO A FEW SPECIES OF ANTIQUE AND HEREDITARY FLOWERS IN NO VERY FLOURISHING CONDITION BUT SCRUPULOUSLY WEEDED AS IF SOME PERSON EITHER OUT OF LOVE OR CURIOSITY HAD BEEN ANXIOUS TO BRING THEM TO SUCH PERFECTION AS THEY WERE CAPABLE OF ATTAINING,2086,16.01,16000,test,2086-149220-0002_pitch_bandpass-300-3400
data/attacks/reverb-rt60-0.2/2086-149220-0002_pitch.wav,fake,attack,none,reverb-rt60-0.2,rt60-0.2,THERE WERE ALSO A FEW SPECIES OF ANTIQUE AND HEREDITARY FLOWERS IN NO VERY FLOURISHING CONDITION BUT SCRUPULOUSLY WEEDED AS IF SOME PERSON EITHER OUT OF LOVE OR CURIOSITY HAD BEEN ANXIOUS TO BRING THEM TO SUCH PERFECTION AS THEY WERE CAPABLE OF ATTAINING,2086,16.01,16000,test,2086-149220-0002_pitch_reverb-rt60-0.2
data/attacks/reverb-rt60-0.4/2086-149220-0002_pitch.wav,fake,attack,none,reverb-rt60-0.4,rt60-0.4,THERE WERE ALSO A FEW SPECIES OF ANTIQUE AND HEREDITARY FLOWERS IN NO VERY FLOURISHING CONDITION BUT SCRUPULOUSLY WEEDED AS IF SOME PERSON EITHER OUT OF LOVE OR CURIOSITY HAD BEEN ANXIOUS TO BRING THEM TO SUCH PERFECTION AS THEY WERE CAPABLE OF ATTAINING,2086,16.01,16000,test,2086-149220-0002_pitch_reverb-rt60-0.4
data/attacks/reverb-rt60-0.8/2086-149220-0002_pitch.wav,fake,attack,none,reverb-rt60-0.8,rt60-0.8,THERE WERE ALSO A FEW SPECIES OF ANTIQUE AND HEREDITARY FLOWERS IN NO VERY FLOURISHING CONDITION BUT SCRUPULOUSLY WEEDED AS IF SOME PERSON EITHER OUT OF LOVE OR CURIOSITY HAD BEEN ANXIOUS TO BRING THEM TO SUCH PERFECTION AS THEY WERE CAPABLE OF ATTAINING,2086,16.01,16000,test,2086-149220-0002_pitch_reverb-rt60-0.8
data/attacks/speed0.9/2086-149220-0002_pitch.wav,fake,attack,none,speed0.9,speed0.9,THERE WERE ALSO A FEW SPECIES OF ANTIQUE AND HEREDITARY FLOWERS IN NO VERY FLOURISHING CONDITION BUT SCRUPULOUSLY WEEDED AS IF SOME PERSON EITHER OUT OF LOVE OR CURIOSITY HAD BEEN ANXIOUS TO BRING THEM TO SUCH PERFECTION AS THEY WERE CAPABLE OF ATTAINING,2086,17.789,16000,test,2086-149220-0002_pitch_speed0.9
data/attacks/speed1.1/2086-149220-0002_pitch.wav,fake,attack,none,speed1.1,speed1.1,THERE WERE ALSO A FEW SPECIES OF ANTIQUE AND HEREDITARY FLOWERS IN NO VERY FLOURISHING CONDITION BUT SCRUPULOUSLY WEEDED AS IF SOME PERSON EITHER OUT OF LOVE OR CURIOSITY HAD BEEN ANXIOUS TO BRING THEM TO SUCH PERFECTION AS THEY WERE CAPABLE OF ATTAINING,2086,14.555,16000,test,2086-149220-0002_pitch_speed1.1
data/attacks/mp3-128k/2086-149220-0003_formant.wav,fake,attack,none,mp3-128k,mp3-128k,SUMMER SQUASHES ALMOST IN THEIR GOLDEN BLOSSOM CUCUMBERS NOW EVINCING A TENDENCY TO SPREAD AWAY FROM THE MAIN STOCK AND RAMBLE FAR AND WIDE TWO OR THREE ROWS OF STRING BEANS AND AS MANY MORE THAT WERE ABOUT TO FESTOON THEMSELVES ON POLES TOMATOES OCCUPYING A SITE SO SHELTERED AND SUNNY THAT THE PLANTS WERE ALREADY GIGANTIC AND PROMISED AN EARLY AND ABUNDANT HARVEST,2086,22.81,16000,test,2086-149220-0003_formant_mp3-128k
data/attacks/mp3-64k/2086-149220-0003_formant.wav,fake,attack,none,mp3-64k,mp3-64k,SUMMER SQUASHES ALMOST IN THEIR GOLDEN BLOSSOM CUCUMBERS NOW EVINCING A TENDENCY TO SPREAD AWAY FROM THE MAIN STOCK AND RAMBLE FAR AND WIDE TWO OR THREE ROWS OF STRING BEANS AND AS MANY MORE THAT WERE ABOUT TO FESTOON THEMSELVES ON POLES TOMATOES OCCUPYING A SITE SO SHELTERED AND SUNNY THAT THE PLANTS WERE ALREADY GIGANTIC AND PROMISED AN EARLY AND ABUNDANT HARVEST,2086,22.81,16000,test,2086-149220-0003_formant_mp3-64k
data/attacks/opus-32k/2086-149220-0003_formant.wav,fake,attack,none,opus-32k,opus-32k,SUMMER SQUASHES ALMOST IN THEIR GOLDEN BLOSSOM CUCUMBERS NOW EVINCING A TENDENCY TO SPREAD AWAY FROM THE MAIN STOCK AND RAMBLE FAR AND WIDE TWO OR THREE ROWS OF STRING BEANS AND AS MANY MORE THAT WERE ABOUT TO FESTOON THEMSELVES ON POLES TOMATOES OCCUPYING A SITE SO SHELTERED AND SUNNY THAT THE PLANTS WERE ALREADY GIGANTIC AND PROMISED AN EARLY AND ABUNDANT HARVEST,2086,22.81,16000,test,2086-149220-0003_formant_opus-32k
data/attacks/g711-8k/2086-149220-0003_formant.wav,fake,attack,none,g711-8k,g711-8k,SUMMER SQUASHES ALMOST IN THEIR GOLDEN BLOSSOM CUCUMBERS NOW EVINCING A TENDENCY TO SPREAD AWAY FROM THE MAIN STOCK AND RAMBLE FAR AND WIDE TWO OR THREE ROWS OF STRING BEANS AND AS MANY MORE THAT WERE ABOUT TO FESTOON THEMSELVES ON POLES TOMATOES OCCUPYING A SITE SO SHELTERED AND SUNNY THAT THE PLANTS WERE ALREADY GIGANTIC AND PROMISED AN EARLY AND ABUNDANT HARVEST,2086,22.81,16000,test,2086-149220-0003_formant_g711-8k
data/attacks/resample-8k/2086-149220-0003_formant.wav,fake,attack,none,resample-8k,8k-roundtrip,SUMMER SQUASHES ALMOST IN THEIR GOLDEN BLOSSOM CUCUMBERS NOW EVINCING A TENDENCY TO SPREAD AWAY FROM THE MAIN STOCK AND RAMBLE FAR AND WIDE TWO OR THREE ROWS OF STRING BEANS AND AS MANY MORE THAT WERE ABOUT TO FESTOON THEMSELVES ON POLES TOMATOES OCCUPYING A SITE SO SHELTERED AND SUNNY THAT THE PLANTS WERE ALREADY GIGANTIC AND PROMISED AN EARLY AND ABUNDANT HARVEST,2086,22.81,16000,test,2086-149220-0003_formant_resample-8k
data/attacks/awgn-snr5/2086-149220-0003_formant.wav,fake,attack,none,awgn-snr5,snr5,SUMMER SQUASHES ALMOST IN THEIR GOLDEN BLOSSOM CUCUMBERS NOW EVINCING A TENDENCY TO SPREAD AWAY FROM THE MAIN STOCK AND RAMBLE FAR AND WIDE TWO OR THREE ROWS OF STRING BEANS AND AS MANY MORE THAT WERE ABOUT TO FESTOON THEMSELVES ON POLES TOMATOES OCCUPYING A SITE SO SHELTERED AND SUNNY THAT THE PLANTS WERE ALREADY GIGANTIC AND PROMISED AN EARLY AND ABUNDANT HARVEST,2086,22.81,16000,test,2086-149220-0003_formant_awgn-snr5
data/attacks/awgn-snr10/2086-149220-0003_formant.wav,fake,attack,none,awgn-snr10,snr10,SUMMER SQUASHES ALMOST IN THEIR GOLDEN BLOSSOM CUCUMBERS NOW EVINCING A TENDENCY TO SPREAD AWAY FROM THE MAIN STOCK AND RAMBLE FAR AND WIDE TWO OR THREE ROWS OF STRING BEANS AND AS MANY MORE THAT WERE ABOUT TO FESTOON THEMSELVES ON POLES TOMATOES OCCUPYING A SITE SO SHELTERED AND SUNNY THAT THE PLANTS WERE ALREADY GIGANTIC AND PROMISED AN EARLY AND ABUNDANT HARVEST,2086,22.81,16000,test,2086-149220-0003_formant_awgn-snr10
data/attacks/awgn-snr20/2086-149220-0003_formant.wav,fake,attack,none,awgn-snr20,snr20,SUMMER SQUASHES ALMOST IN THEIR GOLDEN BLOSSOM CUCUMBERS NOW EVINCING A TENDENCY TO SPREAD AWAY FROM THE MAIN STOCK AND RAMBLE FAR AND WIDE TWO OR THREE ROWS OF STRING BEANS AND AS MANY MORE THAT WERE ABOUT TO FESTOON THEMSELVES ON POLES TOMATOES OCCUPYING A SITE SO SHELTERED AND SUNNY THAT THE PLANTS WERE ALREADY GIGANTIC AND PROMISED AN EARLY AND ABUNDANT HARVEST,2086,22.81,16000,test,2086-149220-0003_formant_awgn-snr20
data/attacks/bandpass-300-3400/2086-149220-0003_formant.wav,fake,attack,none,bandpass-300-3400,bandpass300-3400,SUMMER SQUASHES ALMOST IN THEIR GOLDEN BLOSSOM CUCUMBERS NOW EVINCING A TENDENCY TO SPREAD AWAY FROM THE MAIN STOCK AND RAMBLE FAR AND WIDE TWO OR THREE ROWS OF STRING BEANS AND AS MANY MORE THAT WERE ABOUT TO FESTOON THEMSELVES ON POLES TOMATOES OCCUPYING A SITE SO SHELTERED AND SUNNY THAT THE PLANTS WERE ALREADY GIGANTIC AND PROMISED AN EARLY AND ABUNDANT HARVEST,2086,22.81,16000,test,2086-149220-0003_formant_bandpass-300-3400
data/attacks/reverb-rt60-0.2/2086-149220-0003_formant.wav,fake,attack,none,reverb-rt60-0.2,rt60-0.2,SUMMER SQUASHES ALMOST IN THEIR GOLDEN BLOSSOM CUCUMBERS NOW EVINCING A TENDENCY TO SPREAD AWAY FROM THE MAIN STOCK AND RAMBLE FAR AND WIDE TWO OR THREE ROWS OF STRING BEANS AND AS MANY MORE THAT WERE ABOUT TO FESTOON THEMSELVES ON POLES TOMATOES OCCUPYING A SITE SO SHELTERED AND SUNNY THAT THE PLANTS WERE ALREADY GIGANTIC AND PROMISED AN EARLY AND ABUNDANT HARVEST,2086,22.81,16000,test,2086-149220-0003_formant_reverb-rt60-0.2
data/attacks/reverb-rt60-0.4/2086-149220-0003_formant.wav,fake,attack,none,reverb-rt60-0.4,rt60-0.4,SUMMER SQUASHES ALMOST IN THEIR GOLDEN BLOSSOM CUCUMBERS NOW EVINCING A TENDENCY TO SPREAD AWAY FROM THE MAIN STOCK AND RAMBLE FAR AND WIDE TWO OR THREE ROWS OF STRING BEANS AND AS MANY MORE THAT WERE ABOUT TO FESTOON THEMSELVES ON POLES TOMATOES OCCUPYING A SITE SO SHELTERED AND SUNNY THAT THE PLANTS WERE ALREADY GIGANTIC AND PROMISED AN EARLY AND ABUNDANT HARVEST,2086,22.81,16000,test,2086-149220-0003_formant_reverb-rt60-0.4
data/attacks/reverb-rt60-0.8/2086-149220-0003_formant.wav,fake,attack,none,reverb-rt60-0.8,rt60-0.8,SUMMER SQUASHES ALMOST IN THEIR GOLDEN BLOSSOM CUCUMBERS NOW EVINCING A TENDENCY TO SPREAD AWAY FROM THE MAIN STOCK AND RAMBLE FAR AND WIDE TWO OR THREE ROWS OF STRING BEANS AND AS MANY MORE THAT WERE ABOUT TO FESTOON THEMSELVES ON POLES TOMATOES OCCUPYING A SITE SO SHELTERED AND SUNNY THAT THE PLANTS WERE ALREADY GIGANTIC AND PROMISED AN EARLY AND ABUNDANT HARVEST,2086,22.81,16000,test,2086-149220-0003_formant_reverb-rt60-0.8
data/attacks/speed0.9/2086-149220-0003_formant.wav,fake,attack,none,speed0.9,speed0.9,SUMMER SQUASHES ALMOST IN THEIR GOLDEN BLOSSOM CUCUMBERS NOW EVINCING A TENDENCY TO SPREAD AWAY FROM THE MAIN STOCK AND RAMBLE FAR AND WIDE TWO OR THREE ROWS OF STRING BEANS AND AS MANY MORE THAT WERE ABOUT TO FESTOON THEMSELVES ON POLES TOMATOES OCCUPYING A SITE SO SHELTERED AND SUNNY THAT THE PLANTS WERE ALREADY GIGANTIC AND PROMISED AN EARLY AND ABUNDANT HARVEST,2086,25.344,16000,test,2086-149220-0003_formant_speed0.9
data/attacks/speed1.1/2086-149220-0003_formant.wav,fake,attack,none,speed1.1,speed1.1,SUMMER SQUASHES ALMOST IN THEIR GOLDEN BLOSSOM CUCUMBERS NOW EVINCING A TENDENCY TO SPREAD AWAY FROM THE MAIN STOCK AND RAMBLE FAR AND WIDE TWO OR THREE ROWS OF STRING BEANS AND AS MANY MORE THAT WERE ABOUT TO FESTOON THEMSELVES ON POLES TOMATOES OCCUPYING A SITE SO SHELTERED AND SUNNY THAT THE PLANTS WERE ALREADY GIGANTIC AND PROMISED AN EARLY AND ABUNDANT HARVEST,2086,20.736,16000,test,2086-149220-0003_formant_speed1.1
data/attacks/mp3-128k/2428-83699-0000_formant.wav,fake,attack,none,mp3-128k,mp3-128k,I IMAGINE THERE WERE SEVERAL KINDS OF OLD FASHIONED CHRISTMASES BUT IT COULD HARDLY BE WORSE THAN A CHOP IN MY CHAMBERS OR HORROR OF HORRORS AT THE CLUB OR MY COUSIN LUCY'S NOTION OF WHAT SHE CALLS THE FESTIVE SEASON,2428,13.305,16000,test,2428-83699-0000_formant_mp3-128k
data/attacks/mp3-64k/2428-83699-0000_formant.wav,fake,attack,none,mp3-64k,mp3-64k,I IMAGINE THERE WERE SEVERAL KINDS OF OLD FASHIONED CHRISTMASES BUT IT COULD HARDLY BE WORSE THAN A CHOP IN MY CHAMBERS OR HORROR OF HORRORS AT THE CLUB OR MY COUSIN LUCY'S NOTION OF WHAT SHE CALLS THE FESTIVE SEASON,2428,13.305,16000,test,2428-83699-0000_formant_mp3-64k
data/attacks/opus-32k/2428-83699-0000_formant.wav,fake,attack,none,opus-32k,opus-32k,I IMAGINE THERE WERE SEVERAL KINDS OF OLD FASHIONED CHRISTMASES BUT IT COULD HARDLY BE WORSE THAN A CHOP IN MY CHAMBERS OR HORROR OF HORRORS AT THE CLUB OR MY COUSIN LUCY'S NOTION OF WHAT SHE CALLS THE FESTIVE SEASON,2428,13.305,16000,test,2428-83699-0000_formant_opus-32k
data/attacks/g711-8k/2428-83699-0000_formant.wav,fake,attack,none,g711-8k,g711-8k,I IMAGINE THERE WERE SEVERAL KINDS OF OLD FASHIONED CHRISTMASES BUT IT COULD HARDLY BE WORSE THAN A CHOP IN MY CHAMBERS OR HORROR OF HORRORS AT THE CLUB OR MY COUSIN LUCY'S NOTION OF WHAT SHE CALLS THE FESTIVE SEASON,2428,13.305,16000,test,2428-83699-0000_formant_g711-8k
data/attacks/resample-8k/2428-83699-0000_formant.wav,fake,attack,none,resample-8k,8k-roundtrip,I IMAGINE THERE WERE SEVERAL KINDS OF OLD FASHIONED CHRISTMASES BUT IT COULD HARDLY BE WORSE THAN A CHOP IN MY CHAMBERS OR HORROR OF HORRORS AT THE CLUB OR MY COUSIN LUCY'S NOTION OF WHAT SHE CALLS THE FESTIVE SEASON,2428,13.305,16000,test,2428-83699-0000_formant_resample-8k
data/attacks/awgn-snr5/2428-83699-0000_formant.wav,fake,attack,none,awgn-snr5,snr5,I IMAGINE THERE WERE SEVERAL KINDS OF OLD FASHIONED CHRISTMASES BUT IT COULD HARDLY BE WORSE THAN A CHOP IN MY CHAMBERS OR HORROR OF HORRORS AT THE CLUB OR MY COUSIN LUCY'S NOTION OF WHAT SHE CALLS THE FESTIVE SEASON,2428,13.305,16000,test,2428-83699-0000_formant_awgn-snr5
data/attacks/awgn-snr10/2428-83699-0000_formant.wav,fake,attack,none,awgn-snr10,snr10,I IMAGINE THERE WERE SEVERAL KINDS OF OLD FASHIONED CHRISTMASES BUT IT COULD HARDLY BE WORSE THAN A CHOP IN MY CHAMBERS OR HORROR OF HORRORS AT THE CLUB OR MY COUSIN LUCY'S NOTION OF WHAT SHE CALLS THE FESTIVE SEASON,2428,13.305,16000,test,2428-83699-0000_formant_awgn-snr10
data/attacks/awgn-snr20/2428-83699-0000_formant.wav,fake,attack,none,awgn-snr20,snr20,I IMAGINE THERE WERE SEVERAL KINDS OF OLD FASHIONED CHRISTMASES BUT IT COULD HARDLY BE WORSE THAN A CHOP IN MY CHAMBERS OR HORROR OF HORRORS AT THE CLUB OR MY COUSIN LUCY'S NOTION OF WHAT SHE CALLS THE FESTIVE SEASON,2428,13.305,16000,test,2428-83699-0000_formant_awgn-snr20
data/attacks/bandpass-300-3400/2428-83699-0000_formant.wav,fake,attack,none,bandpass-300-3400,bandpass300-3400,I IMAGINE THERE WERE SEVERAL KINDS OF OLD FASHIONED CHRISTMASES BUT IT COULD HARDLY BE WORSE THAN A CHOP IN MY CHAMBERS OR HORROR OF HORRORS AT THE CLUB OR MY COUSIN LUCY'S NOTION OF WHAT SHE CALLS THE FESTIVE SEASON,2428,13.305,16000,test,2428-83699-0000_formant_bandpass-300-3400
data/attacks/reverb-rt60-0.2/2428-83699-0000_formant.wav,fake,attack,none,reverb-rt60-0.2,rt60-0.2,I IMAGINE THERE WERE SEVERAL KINDS OF OLD FASHIONED CHRISTMASES BUT IT COULD HARDLY BE WORSE THAN A CHOP IN MY CHAMBERS OR HORROR OF HORRORS AT THE CLUB OR MY COUSIN LUCY'S NOTION OF WHAT SHE CALLS THE FESTIVE SEASON,2428,13.305,16000,test,2428-83699-0000_formant_reverb-rt60-0.2
data/attacks/reverb-rt60-0.4/2428-83699-0000_formant.wav,fake,attack,none,reverb-rt60-0.4,rt60-0.4,I IMAGINE THERE WERE SEVERAL KINDS OF OLD FASHIONED CHRISTMASES BUT IT COULD HARDLY BE WORSE THAN A CHOP IN MY CHAMBERS OR HORROR OF HORRORS AT THE CLUB OR MY COUSIN LUCY'S NOTION OF WHAT SHE CALLS THE FESTIVE SEASON,2428,13.305,16000,test,2428-83699-0000_formant_reverb-rt60-0.4
data/attacks/reverb-rt60-0.8/2428-83699-0000_formant.wav,fake,attack,none,reverb-rt60-0.8,rt60-0.8,I IMAGINE THERE WERE SEVERAL KINDS OF OLD FASHIONED CHRISTMASES BUT IT COULD HARDLY BE WORSE THAN A CHOP IN MY CHAMBERS OR HORROR OF HORRORS AT THE CLUB OR MY COUSIN LUCY'S NOTION OF WHAT SHE CALLS THE FESTIVE SEASON,2428,13.305,16000,test,2428-83699-0000_formant_reverb-rt60-0.8
data/attacks/speed0.9/2428-83699-0000_formant.wav,fake,attack,none,speed0.9,speed0.9,I IMAGINE THERE WERE SEVERAL KINDS OF OLD FASHIONED CHRISTMASES BUT IT COULD HARDLY BE WORSE THAN A CHOP IN MY CHAMBERS OR HORROR OF HORRORS AT THE CLUB OR MY COUSIN LUCY'S NOTION OF WHAT SHE CALLS THE FESTIVE SEASON,2428,14.783,16000,test,2428-83699-0000_formant_speed0.9
data/attacks/speed1.1/2428-83699-0000_formant.wav,fake,attack,none,speed1.1,speed1.1,I IMAGINE THERE WERE SEVERAL KINDS OF OLD FASHIONED CHRISTMASES BUT IT COULD HARDLY BE WORSE THAN A CHOP IN MY CHAMBERS OR HORROR OF HORRORS AT THE CLUB OR MY COUSIN LUCY'S NOTION OF WHAT SHE CALLS THE FESTIVE SEASON,2428,12.095,16000,test,2428-83699-0000_formant_speed1.1
data/attacks/mp3-128k/2428-83699-0000_melvoc.wav,fake,attack,none,mp3-128k,mp3-128k,I IMAGINE THERE WERE SEVERAL KINDS OF OLD FASHIONED CHRISTMASES BUT IT COULD HARDLY BE WORSE THAN A CHOP IN MY CHAMBERS OR HORROR OF HORRORS AT THE CLUB OR MY COUSIN LUCY'S NOTION OF WHAT SHE CALLS THE FESTIVE SEASON,2428,13.304,16000,test,2428-83699-0000_melvoc_mp3-128k
data/attacks/mp3-64k/2428-83699-0000_melvoc.wav,fake,attack,none,mp3-64k,mp3-64k,I IMAGINE THERE WERE SEVERAL KINDS OF OLD FASHIONED CHRISTMASES BUT IT COULD HARDLY BE WORSE THAN A CHOP IN MY CHAMBERS OR HORROR OF HORRORS AT THE CLUB OR MY COUSIN LUCY'S NOTION OF WHAT SHE CALLS THE FESTIVE SEASON,2428,13.304,16000,test,2428-83699-0000_melvoc_mp3-64k
data/attacks/opus-32k/2428-83699-0000_melvoc.wav,fake,attack,none,opus-32k,opus-32k,I IMAGINE THERE WERE SEVERAL KINDS OF OLD FASHIONED CHRISTMASES BUT IT COULD HARDLY BE WORSE THAN A CHOP IN MY CHAMBERS OR HORROR OF HORRORS AT THE CLUB OR MY COUSIN LUCY'S NOTION OF WHAT SHE CALLS THE FESTIVE SEASON,2428,13.304,16000,test,2428-83699-0000_melvoc_opus-32k
data/attacks/g711-8k/2428-83699-0000_melvoc.wav,fake,attack,none,g711-8k,g711-8k,I IMAGINE THERE WERE SEVERAL KINDS OF OLD FASHIONED CHRISTMASES BUT IT COULD HARDLY BE WORSE THAN A CHOP IN MY CHAMBERS OR HORROR OF HORRORS AT THE CLUB OR MY COUSIN LUCY'S NOTION OF WHAT SHE CALLS THE FESTIVE SEASON,2428,13.304,16000,test,2428-83699-0000_melvoc_g711-8k
data/attacks/resample-8k/2428-83699-0000_melvoc.wav,fake,attack,none,resample-8k,8k-roundtrip,I IMAGINE THERE WERE SEVERAL KINDS OF OLD FASHIONED CHRISTMASES BUT IT COULD HARDLY BE WORSE THAN A CHOP IN MY CHAMBERS OR HORROR OF HORRORS AT THE CLUB OR MY COUSIN LUCY'S NOTION OF WHAT SHE CALLS THE FESTIVE SEASON,2428,13.304,16000,test,2428-83699-0000_melvoc_resample-8k
data/attacks/awgn-snr5/2428-83699-0000_melvoc.wav,fake,attack,none,awgn-snr5,snr5,I IMAGINE THERE WERE SEVERAL KINDS OF OLD FASHIONED CHRISTMASES BUT IT COULD HARDLY BE WORSE THAN A CHOP IN MY CHAMBERS OR HORROR OF HORRORS AT THE CLUB OR MY COUSIN LUCY'S NOTION OF WHAT SHE CALLS THE FESTIVE SEASON,2428,13.304,16000,test,2428-83699-0000_melvoc_awgn-snr5
data/attacks/awgn-snr10/2428-83699-0000_melvoc.wav,fake,attack,none,awgn-snr10,snr10,I IMAGINE THERE WERE SEVERAL KINDS OF OLD FASHIONED CHRISTMASES BUT IT COULD HARDLY BE WORSE THAN A CHOP IN MY CHAMBERS OR HORROR OF HORRORS AT THE CLUB OR MY COUSIN LUCY'S NOTION OF WHAT SHE CALLS THE FESTIVE SEASON,2428,13.304,16000,test,2428-83699-0000_melvoc_awgn-snr10
data/attacks/awgn-snr20/2428-83699-0000_melvoc.wav,fake,attack,none,awgn-snr20,snr20,I IMAGINE THERE WERE SEVERAL KINDS OF OLD FASHIONED CHRISTMASES BUT IT COULD HARDLY BE WORSE THAN A CHOP IN MY CHAMBERS OR HORROR OF HORRORS AT THE CLUB OR MY COUSIN LUCY'S NOTION OF WHAT SHE CALLS THE FESTIVE SEASON,2428,13.304,16000,test,2428-83699-0000_melvoc_awgn-snr20
data/attacks/bandpass-300-3400/2428-83699-0000_melvoc.wav,fake,attack,none,bandpass-300-3400,bandpass300-3400,I IMAGINE THERE WERE SEVERAL KINDS OF OLD FASHIONED CHRISTMASES BUT IT COULD HARDLY BE WORSE THAN A CHOP IN MY CHAMBERS OR HORROR OF HORRORS AT THE CLUB OR MY COUSIN LUCY'S NOTION OF WHAT SHE CALLS THE FESTIVE SEASON,2428,13.304,16000,test,2428-83699-0000_melvoc_bandpass-300-3400
data/attacks/reverb-rt60-0.2/2428-83699-0000_melvoc.wav,fake,attack,none,reverb-rt60-0.2,rt60-0.2,I IMAGINE THERE WERE SEVERAL KINDS OF OLD FASHIONED CHRISTMASES BUT IT COULD HARDLY BE WORSE THAN A CHOP IN MY CHAMBERS OR HORROR OF HORRORS AT THE CLUB OR MY COUSIN LUCY'S NOTION OF WHAT SHE CALLS THE FESTIVE SEASON,2428,13.304,16000,test,2428-83699-0000_melvoc_reverb-rt60-0.2
data/attacks/reverb-rt60-0.4/2428-83699-0000_melvoc.wav,fake,attack,none,reverb-rt60-0.4,rt60-0.4,I IMAGINE THERE WERE SEVERAL KINDS OF OLD FASHIONED CHRISTMASES BUT IT COULD HARDLY BE WORSE THAN A CHOP IN MY CHAMBERS OR HORROR OF HORRORS AT THE CLUB OR MY COUSIN LUCY'S NOTION OF WHAT SHE CALLS THE FESTIVE SEASON,2428,13.304,16000,test,2428-83699-0000_melvoc_reverb-rt60-0.4
data/attacks/reverb-rt60-0.8/2428-83699-0000_melvoc.wav,fake,attack,none,reverb-rt60-0.8,rt60-0.8,I IMAGINE THERE WERE SEVERAL KINDS OF OLD FASHIONED CHRISTMASES BUT IT COULD HARDLY BE WORSE THAN A CHOP IN MY CHAMBERS OR HORROR OF HORRORS AT THE CLUB OR MY COUSIN LUCY'S NOTION OF WHAT SHE CALLS THE FESTIVE SEASON,2428,13.304,16000,test,2428-83699-0000_melvoc_reverb-rt60-0.8
data/attacks/speed0.9/2428-83699-0000_melvoc.wav,fake,attack,none,speed0.9,speed0.9,I IMAGINE THERE WERE SEVERAL KINDS OF OLD FASHIONED CHRISTMASES BUT IT COULD HARDLY BE WORSE THAN A CHOP IN MY CHAMBERS OR HORROR OF HORRORS AT THE CLUB OR MY COUSIN LUCY'S NOTION OF WHAT SHE CALLS THE FESTIVE SEASON,2428,14.782,16000,test,2428-83699-0000_melvoc_speed0.9
data/attacks/speed1.1/2428-83699-0000_melvoc.wav,fake,attack,none,speed1.1,speed1.1,I IMAGINE THERE WERE SEVERAL KINDS OF OLD FASHIONED CHRISTMASES BUT IT COULD HARDLY BE WORSE THAN A CHOP IN MY CHAMBERS OR HORROR OF HORRORS AT THE CLUB OR MY COUSIN LUCY'S NOTION OF WHAT SHE CALLS THE FESTIVE SEASON,2428,12.095,16000,test,2428-83699-0000_melvoc_speed1.1
data/attacks/mp3-128k/2428-83699-0000_pitch.wav,fake,attack,none,mp3-128k,mp3-128k,I IMAGINE THERE WERE SEVERAL KINDS OF OLD FASHIONED CHRISTMASES BUT IT COULD HARDLY BE WORSE THAN A CHOP IN MY CHAMBERS OR HORROR OF HORRORS AT THE CLUB OR MY COUSIN LUCY'S NOTION OF WHAT SHE CALLS THE FESTIVE SEASON,2428,13.305,16000,test,2428-83699-0000_pitch_mp3-128k
data/attacks/mp3-64k/2428-83699-0000_pitch.wav,fake,attack,none,mp3-64k,mp3-64k,I IMAGINE THERE WERE SEVERAL KINDS OF OLD FASHIONED CHRISTMASES BUT IT COULD HARDLY BE WORSE THAN A CHOP IN MY CHAMBERS OR HORROR OF HORRORS AT THE CLUB OR MY COUSIN LUCY'S NOTION OF WHAT SHE CALLS THE FESTIVE SEASON,2428,13.305,16000,test,2428-83699-0000_pitch_mp3-64k
data/attacks/opus-32k/2428-83699-0000_pitch.wav,fake,attack,none,opus-32k,opus-32k,I IMAGINE THERE WERE SEVERAL KINDS OF OLD FASHIONED CHRISTMASES BUT IT COULD HARDLY BE WORSE THAN A CHOP IN MY CHAMBERS OR HORROR OF HORRORS AT THE CLUB OR MY COUSIN LUCY'S NOTION OF WHAT SHE CALLS THE FESTIVE SEASON,2428,13.305,16000,test,2428-83699-0000_pitch_opus-32k
data/attacks/g711-8k/2428-83699-0000_pitch.wav,fake,attack,none,g711-8k,g711-8k,I IMAGINE THERE WERE SEVERAL KINDS OF OLD FASHIONED CHRISTMASES BUT IT COULD HARDLY BE WORSE THAN A CHOP IN MY CHAMBERS OR HORROR OF HORRORS AT THE CLUB OR MY COUSIN LUCY'S NOTION OF WHAT SHE CALLS THE FESTIVE SEASON,2428,13.305,16000,test,2428-83699-0000_pitch_g711-8k
data/attacks/resample-8k/2428-83699-0000_pitch.wav,fake,attack,none,resample-8k,8k-roundtrip,I IMAGINE THERE WERE SEVERAL KINDS OF OLD FASHIONED CHRISTMASES BUT IT COULD HARDLY BE WORSE THAN A CHOP IN MY CHAMBERS OR HORROR OF HORRORS AT THE CLUB OR MY COUSIN LUCY'S NOTION OF WHAT SHE CALLS THE FESTIVE SEASON,2428,13.305,16000,test,2428-83699-0000_pitch_resample-8k
data/attacks/awgn-snr5/2428-83699-0000_pitch.wav,fake,attack,none,awgn-snr5,snr5,I IMAGINE THERE WERE SEVERAL KINDS OF OLD FASHIONED CHRISTMASES BUT IT COULD HARDLY BE WORSE THAN A CHOP IN MY CHAMBERS OR HORROR OF HORRORS AT THE CLUB OR MY COUSIN LUCY'S NOTION OF WHAT SHE CALLS THE FESTIVE SEASON,2428,13.305,16000,test,2428-83699-0000_pitch_awgn-snr5
data/attacks/awgn-snr10/2428-83699-0000_pitch.wav,fake,attack,none,awgn-snr10,snr10,I IMAGINE THERE WERE SEVERAL KINDS OF OLD FASHIONED CHRISTMASES BUT IT COULD HARDLY BE WORSE THAN A CHOP IN MY CHAMBERS OR HORROR OF HORRORS AT THE CLUB OR MY COUSIN LUCY'S NOTION OF WHAT SHE CALLS THE FESTIVE SEASON,2428,13.305,16000,test,2428-83699-0000_pitch_awgn-snr10
data/attacks/awgn-snr20/2428-83699-0000_pitch.wav,fake,attack,none,awgn-snr20,snr20,I IMAGINE THERE WERE SEVERAL KINDS OF OLD FASHIONED CHRISTMASES BUT IT COULD HARDLY BE WORSE THAN A CHOP IN MY CHAMBERS OR HORROR OF HORRORS AT THE CLUB OR MY COUSIN LUCY'S NOTION OF WHAT SHE CALLS THE FESTIVE SEASON,2428,13.305,16000,test,2428-83699-0000_pitch_awgn-snr20
data/attacks/bandpass-300-3400/2428-83699-0000_pitch.wav,fake,attack,none,bandpass-300-3400,bandpass300-3400,I IMAGINE THERE WERE SEVERAL KINDS OF OLD FASHIONED CHRISTMASES BUT IT COULD HARDLY BE WORSE THAN A CHOP IN MY CHAMBERS OR HORROR OF HORRORS AT THE CLUB OR MY COUSIN LUCY'S NOTION OF WHAT SHE CALLS THE FESTIVE SEASON,2428,13.305,16000,test,2428-83699-0000_pitch_bandpass-300-3400
data/attacks/reverb-rt60-0.2/2428-83699-0000_pitch.wav,fake,attack,none,reverb-rt60-0.2,rt60-0.2,I IMAGINE THERE WERE SEVERAL KINDS OF OLD FASHIONED CHRISTMASES BUT IT COULD HARDLY BE WORSE THAN A CHOP IN MY CHAMBERS OR HORROR OF HORRORS AT THE CLUB OR MY COUSIN LUCY'S NOTION OF WHAT SHE CALLS THE FESTIVE SEASON,2428,13.305,16000,test,2428-83699-0000_pitch_reverb-rt60-0.2
data/attacks/reverb-rt60-0.4/2428-83699-0000_pitch.wav,fake,attack,none,reverb-rt60-0.4,rt60-0.4,I IMAGINE THERE WERE SEVERAL KINDS OF OLD FASHIONED CHRISTMASES BUT IT COULD HARDLY BE WORSE THAN A CHOP IN MY CHAMBERS OR HORROR OF HORRORS AT THE CLUB OR MY COUSIN LUCY'S NOTION OF WHAT SHE CALLS THE FESTIVE SEASON,2428,13.305,16000,test,2428-83699-0000_pitch_reverb-rt60-0.4
data/attacks/reverb-rt60-0.8/2428-83699-0000_pitch.wav,fake,attack,none,reverb-rt60-0.8,rt60-0.8,I IMAGINE THERE WERE SEVERAL KINDS OF OLD FASHIONED CHRISTMASES BUT IT COULD HARDLY BE WORSE THAN A CHOP IN MY CHAMBERS OR HORROR OF HORRORS AT THE CLUB OR MY COUSIN LUCY'S NOTION OF WHAT SHE CALLS THE FESTIVE SEASON,2428,13.305,16000,test,2428-83699-0000_pitch_reverb-rt60-0.8
data/attacks/speed0.9/2428-83699-0000_pitch.wav,fake,attack,none,speed0.9,speed0.9,I IMAGINE THERE WERE SEVERAL KINDS OF OLD FASHIONED CHRISTMASES BUT IT COULD HARDLY BE WORSE THAN A CHOP IN MY CHAMBERS OR HORROR OF HORRORS AT THE CLUB OR MY COUSIN LUCY'S NOTION OF WHAT SHE CALLS THE FESTIVE SEASON,2428,14.783,16000,test,2428-83699-0000_pitch_speed0.9
data/attacks/speed1.1/2428-83699-0000_pitch.wav,fake,attack,none,speed1.1,speed1.1,I IMAGINE THERE WERE SEVERAL KINDS OF OLD FASHIONED CHRISTMASES BUT IT COULD HARDLY BE WORSE THAN A CHOP IN MY CHAMBERS OR HORROR OF HORRORS AT THE CLUB OR MY COUSIN LUCY'S NOTION OF WHAT SHE CALLS THE FESTIVE SEASON,2428,12.095,16000,test,2428-83699-0000_pitch_speed1.1
data/attacks/mp3-128k/2428-83699-0001_formant.wav,fake,attack,none,mp3-128k,mp3-128k,FESTIVE YES,2428,2.07,16000,test,2428-83699-0001_formant_mp3-128k
data/attacks/mp3-64k/2428-83699-0001_formant.wav,fake,attack,none,mp3-64k,mp3-64k,FESTIVE YES,2428,2.07,16000,test,2428-83699-0001_formant_mp3-64k
data/attacks/opus-32k/2428-83699-0001_formant.wav,fake,attack,none,opus-32k,opus-32k,FESTIVE YES,2428,2.07,16000,test,2428-83699-0001_formant_opus-32k
data/attacks/g711-8k/2428-83699-0001_formant.wav,fake,attack,none,g711-8k,g711-8k,FESTIVE YES,2428,2.07,16000,test,2428-83699-0001_formant_g711-8k
data/attacks/resample-8k/2428-83699-0001_formant.wav,fake,attack,none,resample-8k,8k-roundtrip,FESTIVE YES,2428,2.07,16000,test,2428-83699-0001_formant_resample-8k
data/attacks/awgn-snr5/2428-83699-0001_formant.wav,fake,attack,none,awgn-snr5,snr5,FESTIVE YES,2428,2.07,16000,test,2428-83699-0001_formant_awgn-snr5
data/attacks/awgn-snr10/2428-83699-0001_formant.wav,fake,attack,none,awgn-snr10,snr10,FESTIVE YES,2428,2.07,16000,test,2428-83699-0001_formant_awgn-snr10
data/attacks/awgn-snr20/2428-83699-0001_formant.wav,fake,attack,none,awgn-snr20,snr20,FESTIVE YES,2428,2.07,16000,test,2428-83699-0001_formant_awgn-snr20
data/attacks/bandpass-300-3400/2428-83699-0001_formant.wav,fake,attack,none,bandpass-300-3400,bandpass300-3400,FESTIVE YES,2428,2.07,16000,test,2428-83699-0001_formant_bandpass-300-3400
data/attacks/reverb-rt60-0.2/2428-83699-0001_formant.wav,fake,attack,none,reverb-rt60-0.2,rt60-0.2,FESTIVE YES,2428,2.07,16000,test,2428-83699-0001_formant_reverb-rt60-0.2
data/attacks/reverb-rt60-0.4/2428-83699-0001_formant.wav,fake,attack,none,reverb-rt60-0.4,rt60-0.4,FESTIVE YES,2428,2.07,16000,test,2428-83699-0001_formant_reverb-rt60-0.4
data/attacks/reverb-rt60-0.8/2428-83699-0001_formant.wav,fake,attack,none,reverb-rt60-0.8,rt60-0.8,FESTIVE YES,2428,2.07,16000,test,2428-83699-0001_formant_reverb-rt60-0.8
data/attacks/speed0.9/2428-83699-0001_formant.wav,fake,attack,none,speed0.9,speed0.9,FESTIVE YES,2428,2.3,16000,test,2428-83699-0001_formant_speed0.9
data/attacks/speed1.1/2428-83699-0001_formant.wav,fake,attack,none,speed1.1,speed1.1,FESTIVE YES,2428,1.882,16000,test,2428-83699-0001_formant_speed1.1
data/attacks/mp3-128k/2428-83699-0001_melvoc.wav,fake,attack,none,mp3-128k,mp3-128k,FESTIVE YES,2428,2.064,16000,test,2428-83699-0001_melvoc_mp3-128k
data/attacks/mp3-64k/2428-83699-0001_melvoc.wav,fake,attack,none,mp3-64k,mp3-64k,FESTIVE YES,2428,2.064,16000,test,2428-83699-0001_melvoc_mp3-64k
data/attacks/opus-32k/2428-83699-0001_melvoc.wav,fake,attack,none,opus-32k,opus-32k,FESTIVE YES,2428,2.064,16000,test,2428-83699-0001_melvoc_opus-32k
data/attacks/g711-8k/2428-83699-0001_melvoc.wav,fake,attack,none,g711-8k,g711-8k,FESTIVE YES,2428,2.064,16000,test,2428-83699-0001_melvoc_g711-8k
data/attacks/resample-8k/2428-83699-0001_melvoc.wav,fake,attack,none,resample-8k,8k-roundtrip,FESTIVE YES,2428,2.064,16000,test,2428-83699-0001_melvoc_resample-8k
data/attacks/awgn-snr5/2428-83699-0001_melvoc.wav,fake,attack,none,awgn-snr5,snr5,FESTIVE YES,2428,2.064,16000,test,2428-83699-0001_melvoc_awgn-snr5
data/attacks/awgn-snr10/2428-83699-0001_melvoc.wav,fake,attack,none,awgn-snr10,snr10,FESTIVE YES,2428,2.064,16000,test,2428-83699-0001_melvoc_awgn-snr10
data/attacks/awgn-snr20/2428-83699-0001_melvoc.wav,fake,attack,none,awgn-snr20,snr20,FESTIVE YES,2428,2.064,16000,test,2428-83699-0001_melvoc_awgn-snr20
data/attacks/bandpass-300-3400/2428-83699-0001_melvoc.wav,fake,attack,none,bandpass-300-3400,bandpass300-3400,FESTIVE YES,2428,2.064,16000,test,2428-83699-0001_melvoc_bandpass-300-3400
data/attacks/reverb-rt60-0.2/2428-83699-0001_melvoc.wav,fake,attack,none,reverb-rt60-0.2,rt60-0.2,FESTIVE YES,2428,2.064,16000,test,2428-83699-0001_melvoc_reverb-rt60-0.2
data/attacks/reverb-rt60-0.4/2428-83699-0001_melvoc.wav,fake,attack,none,reverb-rt60-0.4,rt60-0.4,FESTIVE YES,2428,2.064,16000,test,2428-83699-0001_melvoc_reverb-rt60-0.4
data/attacks/reverb-rt60-0.8/2428-83699-0001_melvoc.wav,fake,attack,none,reverb-rt60-0.8,rt60-0.8,FESTIVE YES,2428,2.064,16000,test,2428-83699-0001_melvoc_reverb-rt60-0.8
data/attacks/speed0.9/2428-83699-0001_melvoc.wav,fake,attack,none,speed0.9,speed0.9,FESTIVE YES,2428,2.293,16000,test,2428-83699-0001_melvoc_speed0.9
data/attacks/speed1.1/2428-83699-0001_melvoc.wav,fake,attack,none,speed1.1,speed1.1,FESTIVE YES,2428,1.876,16000,test,2428-83699-0001_melvoc_speed1.1
data/attacks/mp3-128k/2428-83699-0001_pitch.wav,fake,attack,none,mp3-128k,mp3-128k,FESTIVE YES,2428,2.07,16000,test,2428-83699-0001_pitch_mp3-128k
data/attacks/mp3-64k/2428-83699-0001_pitch.wav,fake,attack,none,mp3-64k,mp3-64k,FESTIVE YES,2428,2.07,16000,test,2428-83699-0001_pitch_mp3-64k
data/attacks/opus-32k/2428-83699-0001_pitch.wav,fake,attack,none,opus-32k,opus-32k,FESTIVE YES,2428,2.07,16000,test,2428-83699-0001_pitch_opus-32k
data/attacks/g711-8k/2428-83699-0001_pitch.wav,fake,attack,none,g711-8k,g711-8k,FESTIVE YES,2428,2.07,16000,test,2428-83699-0001_pitch_g711-8k
data/attacks/resample-8k/2428-83699-0001_pitch.wav,fake,attack,none,resample-8k,8k-roundtrip,FESTIVE YES,2428,2.07,16000,test,2428-83699-0001_pitch_resample-8k
data/attacks/awgn-snr5/2428-83699-0001_pitch.wav,fake,attack,none,awgn-snr5,snr5,FESTIVE YES,2428,2.07,16000,test,2428-83699-0001_pitch_awgn-snr5
data/attacks/awgn-snr10/2428-83699-0001_pitch.wav,fake,attack,none,awgn-snr10,snr10,FESTIVE YES,2428,2.07,16000,test,2428-83699-0001_pitch_awgn-snr10
data/attacks/awgn-snr20/2428-83699-0001_pitch.wav,fake,attack,none,awgn-snr20,snr20,FESTIVE YES,2428,2.07,16000,test,2428-83699-0001_pitch_awgn-snr20
data/attacks/bandpass-300-3400/2428-83699-0001_pitch.wav,fake,attack,none,bandpass-300-3400,bandpass300-3400,FESTIVE YES,2428,2.07,16000,test,2428-83699-0001_pitch_bandpass-300-3400
data/attacks/reverb-rt60-0.2/2428-83699-0001_pitch.wav,fake,attack,none,reverb-rt60-0.2,rt60-0.2,FESTIVE YES,2428,2.07,16000,test,2428-83699-0001_pitch_reverb-rt60-0.2
data/attacks/reverb-rt60-0.4/2428-83699-0001_pitch.wav,fake,attack,none,reverb-rt60-0.4,rt60-0.4,FESTIVE YES,2428,2.07,16000,test,2428-83699-0001_pitch_reverb-rt60-0.4
data/attacks/reverb-rt60-0.8/2428-83699-0001_pitch.wav,fake,attack,none,reverb-rt60-0.8,rt60-0.8,FESTIVE YES,2428,2.07,16000,test,2428-83699-0001_pitch_reverb-rt60-0.8
data/attacks/speed0.9/2428-83699-0001_pitch.wav,fake,attack,none,speed0.9,speed0.9,FESTIVE YES,2428,2.3,16000,test,2428-83699-0001_pitch_speed0.9
data/attacks/speed1.1/2428-83699-0001_pitch.wav,fake,attack,none,speed1.1,speed1.1,FESTIVE YES,2428,1.882,16000,test,2428-83699-0001_pitch_speed1.1
data/attacks/mp3-128k/2428-83699-0002_formant.wav,fake,attack,none,mp3-128k,mp3-128k,THE REPLY WAS WRITTEN IN A SPRAWLING FEMININE HAND IT WAS A LITTLE VAGUE,2428,4.26,16000,test,2428-83699-0002_formant_mp3-128k
data/attacks/mp3-64k/2428-83699-0002_formant.wav,fake,attack,none,mp3-64k,mp3-64k,THE REPLY WAS WRITTEN IN A SPRAWLING FEMININE HAND IT WAS A LITTLE VAGUE,2428,4.26,16000,test,2428-83699-0002_formant_mp3-64k
data/attacks/opus-32k/2428-83699-0002_formant.wav,fake,attack,none,opus-32k,opus-32k,THE REPLY WAS WRITTEN IN A SPRAWLING FEMININE HAND IT WAS A LITTLE VAGUE,2428,4.26,16000,test,2428-83699-0002_formant_opus-32k
data/attacks/g711-8k/2428-83699-0002_formant.wav,fake,attack,none,g711-8k,g711-8k,THE REPLY WAS WRITTEN IN A SPRAWLING FEMININE HAND IT WAS A LITTLE VAGUE,2428,4.26,16000,test,2428-83699-0002_formant_g711-8k
data/attacks/resample-8k/2428-83699-0002_formant.wav,fake,attack,none,resample-8k,8k-roundtrip,THE REPLY WAS WRITTEN IN A SPRAWLING FEMININE HAND IT WAS A LITTLE VAGUE,2428,4.26,16000,test,2428-83699-0002_formant_resample-8k
data/attacks/awgn-snr5/2428-83699-0002_formant.wav,fake,attack,none,awgn-snr5,snr5,THE REPLY WAS WRITTEN IN A SPRAWLING FEMININE HAND IT WAS A LITTLE VAGUE,2428,4.26,16000,test,2428-83699-0002_formant_awgn-snr5
data/attacks/awgn-snr10/2428-83699-0002_formant.wav,fake,attack,none,awgn-snr10,snr10,THE REPLY WAS WRITTEN IN A SPRAWLING FEMININE HAND IT WAS A LITTLE VAGUE,2428,4.26,16000,test,2428-83699-0002_formant_awgn-snr10
data/attacks/awgn-snr20/2428-83699-0002_formant.wav,fake,attack,none,awgn-snr20,snr20,THE REPLY WAS WRITTEN IN A SPRAWLING FEMININE HAND IT WAS A LITTLE VAGUE,2428,4.26,16000,test,2428-83699-0002_formant_awgn-snr20
data/attacks/bandpass-300-3400/2428-83699-0002_formant.wav,fake,attack,none,bandpass-300-3400,bandpass300-3400,THE REPLY WAS WRITTEN IN A SPRAWLING FEMININE HAND IT WAS A LITTLE VAGUE,2428,4.26,16000,test,2428-83699-0002_formant_bandpass-300-3400
data/attacks/reverb-rt60-0.2/2428-83699-0002_formant.wav,fake,attack,none,reverb-rt60-0.2,rt60-0.2,THE REPLY WAS WRITTEN IN A SPRAWLING FEMININE HAND IT WAS A LITTLE VAGUE,2428,4.26,16000,test,2428-83699-0002_formant_reverb-rt60-0.2
data/attacks/reverb-rt60-0.4/2428-83699-0002_formant.wav,fake,attack,none,reverb-rt60-0.4,rt60-0.4,THE REPLY WAS WRITTEN IN A SPRAWLING FEMININE HAND IT WAS A LITTLE VAGUE,2428,4.26,16000,test,2428-83699-0002_formant_reverb-rt60-0.4
data/attacks/reverb-rt60-0.8/2428-83699-0002_formant.wav,fake,attack,none,reverb-rt60-0.8,rt60-0.8,THE REPLY WAS WRITTEN IN A SPRAWLING FEMININE HAND IT WAS A LITTLE VAGUE,2428,4.26,16000,test,2428-83699-0002_formant_reverb-rt60-0.8
data/attacks/speed0.9/2428-83699-0002_formant.wav,fake,attack,none,speed0.9,speed0.9,THE REPLY WAS WRITTEN IN A SPRAWLING FEMININE HAND IT WAS A LITTLE VAGUE,2428,4.733,16000,test,2428-83699-0002_formant_speed0.9
data/attacks/speed1.1/2428-83699-0002_formant.wav,fake,attack,none,speed1.1,speed1.1,THE REPLY WAS WRITTEN IN A SPRAWLING FEMININE HAND IT WAS A LITTLE VAGUE,2428,3.873,16000,test,2428-83699-0002_formant_speed1.1
data/attacks/mp3-128k/2428-83699-0002_melvoc.wav,fake,attack,none,mp3-128k,mp3-128k,THE REPLY WAS WRITTEN IN A SPRAWLING FEMININE HAND IT WAS A LITTLE VAGUE,2428,4.256,16000,test,2428-83699-0002_melvoc_mp3-128k
data/attacks/mp3-64k/2428-83699-0002_melvoc.wav,fake,attack,none,mp3-64k,mp3-64k,THE REPLY WAS WRITTEN IN A SPRAWLING FEMININE HAND IT WAS A LITTLE VAGUE,2428,4.256,16000,test,2428-83699-0002_melvoc_mp3-64k
data/attacks/opus-32k/2428-83699-0002_melvoc.wav,fake,attack,none,opus-32k,opus-32k,THE REPLY WAS WRITTEN IN A SPRAWLING FEMININE HAND IT WAS A LITTLE VAGUE,2428,4.256,16000,test,2428-83699-0002_melvoc_opus-32k
data/attacks/g711-8k/2428-83699-0002_melvoc.wav,fake,attack,none,g711-8k,g711-8k,THE REPLY WAS WRITTEN IN A SPRAWLING FEMININE HAND IT WAS A LITTLE VAGUE,2428,4.256,16000,test,2428-83699-0002_melvoc_g711-8k
data/attacks/resample-8k/2428-83699-0002_melvoc.wav,fake,attack,none,resample-8k,8k-roundtrip,THE REPLY WAS WRITTEN IN A SPRAWLING FEMININE HAND IT WAS A LITTLE VAGUE,2428,4.256,16000,test,2428-83699-0002_melvoc_resample-8k
data/attacks/awgn-snr5/2428-83699-0002_melvoc.wav,fake,attack,none,awgn-snr5,snr5,THE REPLY WAS WRITTEN IN A SPRAWLING FEMININE HAND IT WAS A LITTLE VAGUE,2428,4.256,16000,test,2428-83699-0002_melvoc_awgn-snr5
data/attacks/awgn-snr10/2428-83699-0002_melvoc.wav,fake,attack,none,awgn-snr10,snr10,THE REPLY WAS WRITTEN IN A SPRAWLING FEMININE HAND IT WAS A LITTLE VAGUE,2428,4.256,16000,test,2428-83699-0002_melvoc_awgn-snr10
data/attacks/awgn-snr20/2428-83699-0002_melvoc.wav,fake,attack,none,awgn-snr20,snr20,THE REPLY WAS WRITTEN IN A SPRAWLING FEMININE HAND IT WAS A LITTLE VAGUE,2428,4.256,16000,test,2428-83699-0002_melvoc_awgn-snr20
data/attacks/bandpass-300-3400/2428-83699-0002_melvoc.wav,fake,attack,none,bandpass-300-3400,bandpass300-3400,THE REPLY WAS WRITTEN IN A SPRAWLING FEMININE HAND IT WAS A LITTLE VAGUE,2428,4.256,16000,test,2428-83699-0002_melvoc_bandpass-300-3400
data/attacks/reverb-rt60-0.2/2428-83699-0002_melvoc.wav,fake,attack,none,reverb-rt60-0.2,rt60-0.2,THE REPLY WAS WRITTEN IN A SPRAWLING FEMININE HAND IT WAS A LITTLE VAGUE,2428,4.256,16000,test,2428-83699-0002_melvoc_reverb-rt60-0.2
data/attacks/reverb-rt60-0.4/2428-83699-0002_melvoc.wav,fake,attack,none,reverb-rt60-0.4,rt60-0.4,THE REPLY WAS WRITTEN IN A SPRAWLING FEMININE HAND IT WAS A LITTLE VAGUE,2428,4.256,16000,test,2428-83699-0002_melvoc_reverb-rt60-0.4
data/attacks/reverb-rt60-0.8/2428-83699-0002_melvoc.wav,fake,attack,none,reverb-rt60-0.8,rt60-0.8,THE REPLY WAS WRITTEN IN A SPRAWLING FEMININE HAND IT WAS A LITTLE VAGUE,2428,4.256,16000,test,2428-83699-0002_melvoc_reverb-rt60-0.8
data/attacks/speed0.9/2428-83699-0002_melvoc.wav,fake,attack,none,speed0.9,speed0.9,THE REPLY WAS WRITTEN IN A SPRAWLING FEMININE HAND IT WAS A LITTLE VAGUE,2428,4.729,16000,test,2428-83699-0002_melvoc_speed0.9
data/attacks/speed1.1/2428-83699-0002_melvoc.wav,fake,attack,none,speed1.1,speed1.1,THE REPLY WAS WRITTEN IN A SPRAWLING FEMININE HAND IT WAS A LITTLE VAGUE,2428,3.869,16000,test,2428-83699-0002_melvoc_speed1.1
data/attacks/mp3-128k/2428-83699-0002_pitch.wav,fake,attack,none,mp3-128k,mp3-128k,THE REPLY WAS WRITTEN IN A SPRAWLING FEMININE HAND IT WAS A LITTLE VAGUE,2428,4.26,16000,test,2428-83699-0002_pitch_mp3-128k
data/attacks/mp3-64k/2428-83699-0002_pitch.wav,fake,attack,none,mp3-64k,mp3-64k,THE REPLY WAS WRITTEN IN A SPRAWLING FEMININE HAND IT WAS A LITTLE VAGUE,2428,4.26,16000,test,2428-83699-0002_pitch_mp3-64k
data/attacks/opus-32k/2428-83699-0002_pitch.wav,fake,attack,none,opus-32k,opus-32k,THE REPLY WAS WRITTEN IN A SPRAWLING FEMININE HAND IT WAS A LITTLE VAGUE,2428,4.26,16000,test,2428-83699-0002_pitch_opus-32k
data/attacks/g711-8k/2428-83699-0002_pitch.wav,fake,attack,none,g711-8k,g711-8k,THE REPLY WAS WRITTEN IN A SPRAWLING FEMININE HAND IT WAS A LITTLE VAGUE,2428,4.26,16000,test,2428-83699-0002_pitch_g711-8k
data/attacks/resample-8k/2428-83699-0002_pitch.wav,fake,attack,none,resample-8k,8k-roundtrip,THE REPLY WAS WRITTEN IN A SPRAWLING FEMININE HAND IT WAS A LITTLE VAGUE,2428,4.26,16000,test,2428-83699-0002_pitch_resample-8k
data/attacks/awgn-snr5/2428-83699-0002_pitch.wav,fake,attack,none,awgn-snr5,snr5,THE REPLY WAS WRITTEN IN A SPRAWLING FEMININE HAND IT WAS A LITTLE VAGUE,2428,4.26,16000,test,2428-83699-0002_pitch_awgn-snr5
data/attacks/awgn-snr10/2428-83699-0002_pitch.wav,fake,attack,none,awgn-snr10,snr10,THE REPLY WAS WRITTEN IN A SPRAWLING FEMININE HAND IT WAS A LITTLE VAGUE,2428,4.26,16000,test,2428-83699-0002_pitch_awgn-snr10
data/attacks/awgn-snr20/2428-83699-0002_pitch.wav,fake,attack,none,awgn-snr20,snr20,THE REPLY WAS WRITTEN IN A SPRAWLING FEMININE HAND IT WAS A LITTLE VAGUE,2428,4.26,16000,test,2428-83699-0002_pitch_awgn-snr20
data/attacks/bandpass-300-3400/2428-83699-0002_pitch.wav,fake,attack,none,bandpass-300-3400,bandpass300-3400,THE REPLY WAS WRITTEN IN A SPRAWLING FEMININE HAND IT WAS A LITTLE VAGUE,2428,4.26,16000,test,2428-83699-0002_pitch_bandpass-300-3400
data/attacks/reverb-rt60-0.2/2428-83699-0002_pitch.wav,fake,attack,none,reverb-rt60-0.2,rt60-0.2,THE REPLY WAS WRITTEN IN A SPRAWLING FEMININE HAND IT WAS A LITTLE VAGUE,2428,4.26,16000,test,2428-83699-0002_pitch_reverb-rt60-0.2
data/attacks/reverb-rt60-0.4/2428-83699-0002_pitch.wav,fake,attack,none,reverb-rt60-0.4,rt60-0.4,THE REPLY WAS WRITTEN IN A SPRAWLING FEMININE HAND IT WAS A LITTLE VAGUE,2428,4.26,16000,test,2428-83699-0002_pitch_reverb-rt60-0.4
data/attacks/reverb-rt60-0.8/2428-83699-0002_pitch.wav,fake,attack,none,reverb-rt60-0.8,rt60-0.8,THE REPLY WAS WRITTEN IN A SPRAWLING FEMININE HAND IT WAS A LITTLE VAGUE,2428,4.26,16000,test,2428-83699-0002_pitch_reverb-rt60-0.8
data/attacks/speed0.9/2428-83699-0002_pitch.wav,fake,attack,none,speed0.9,speed0.9,THE REPLY WAS WRITTEN IN A SPRAWLING FEMININE HAND IT WAS A LITTLE VAGUE,2428,4.733,16000,test,2428-83699-0002_pitch_speed0.9
data/attacks/speed1.1/2428-83699-0002_pitch.wav,fake,attack,none,speed1.1,speed1.1,THE REPLY WAS WRITTEN IN A SPRAWLING FEMININE HAND IT WAS A LITTLE VAGUE,2428,3.873,16000,test,2428-83699-0002_pitch_speed1.1
data/attacks/mp3-128k/2428-83699-0003_formant.wav,fake,attack,none,mp3-128k,mp3-128k,IT APPEARED THAT THE TERMS WOULD BE FIVE GUINEAS BUT THERE WAS NO MENTION OF THE LENGTH OF TIME WHICH THAT FEE WOULD COVER,2428,6.267,16000,test,2428-83699-0003_formant_mp3-128k
data/attacks/mp3-64k/2428-83699-0003_formant.wav,fake,attack,none,mp3-64k,mp3-64k,IT APPEARED THAT THE TERMS WOULD BE FIVE GUINEAS BUT THERE WAS NO MENTION OF THE LENGTH OF TIME WHICH THAT FEE WOULD COVER,2428,6.267,16000,test,2428-83699-0003_formant_mp3-64k
data/attacks/opus-32k/2428-83699-0003_formant.wav,fake,attack,none,opus-32k,opus-32k,IT APPEARED THAT THE TERMS WOULD BE FIVE GUINEAS BUT THERE WAS NO MENTION OF THE LENGTH OF TIME WHICH THAT FEE WOULD COVER,2428,6.265,16000,test,2428-83699-0003_formant_opus-32k
data/attacks/g711-8k/2428-83699-0003_formant.wav,fake,attack,none,g711-8k,g711-8k,IT APPEARED THAT THE TERMS WOULD BE FIVE GUINEAS BUT THERE WAS NO MENTION OF THE LENGTH OF TIME WHICH THAT FEE WOULD COVER,2428,6.265,16000,test,2428-83699-0003_formant_g711-8k
data/attacks/resample-8k/2428-83699-0003_formant.wav,fake,attack,none,resample-8k,8k-roundtrip,IT APPEARED THAT THE TERMS WOULD BE FIVE GUINEAS BUT THERE WAS NO MENTION OF THE LENGTH OF TIME WHICH THAT FEE WOULD COVER,2428,6.265,16000,test,2428-83699-0003_formant_resample-8k
data/attacks/awgn-snr5/2428-83699-0003_formant.wav,fake,attack,none,awgn-snr5,snr5,IT APPEARED THAT THE TERMS WOULD BE FIVE GUINEAS BUT THERE WAS NO MENTION OF THE LENGTH OF TIME WHICH THAT FEE WOULD COVER,2428,6.265,16000,test,2428-83699-0003_formant_awgn-snr5
data/attacks/awgn-snr10/2428-83699-0003_formant.wav,fake,attack,none,awgn-snr10,snr10,IT APPEARED THAT THE TERMS WOULD BE FIVE GUINEAS BUT THERE WAS NO MENTION OF THE LENGTH OF TIME WHICH THAT FEE WOULD COVER,2428,6.265,16000,test,2428-83699-0003_formant_awgn-snr10
data/attacks/awgn-snr20/2428-83699-0003_formant.wav,fake,attack,none,awgn-snr20,snr20,IT APPEARED THAT THE TERMS WOULD BE FIVE GUINEAS BUT THERE WAS NO MENTION OF THE LENGTH OF TIME WHICH THAT FEE WOULD COVER,2428,6.265,16000,test,2428-83699-0003_formant_awgn-snr20
data/attacks/bandpass-300-3400/2428-83699-0003_formant.wav,fake,attack,none,bandpass-300-3400,bandpass300-3400,IT APPEARED THAT THE TERMS WOULD BE FIVE GUINEAS BUT THERE WAS NO MENTION OF THE LENGTH OF TIME WHICH THAT FEE WOULD COVER,2428,6.265,16000,test,2428-83699-0003_formant_bandpass-300-3400
data/attacks/reverb-rt60-0.2/2428-83699-0003_formant.wav,fake,attack,none,reverb-rt60-0.2,rt60-0.2,IT APPEARED THAT THE TERMS WOULD BE FIVE GUINEAS BUT THERE WAS NO MENTION OF THE LENGTH OF TIME WHICH THAT FEE WOULD COVER,2428,6.265,16000,test,2428-83699-0003_formant_reverb-rt60-0.2
data/attacks/reverb-rt60-0.4/2428-83699-0003_formant.wav,fake,attack,none,reverb-rt60-0.4,rt60-0.4,IT APPEARED THAT THE TERMS WOULD BE FIVE GUINEAS BUT THERE WAS NO MENTION OF THE LENGTH OF TIME WHICH THAT FEE WOULD COVER,2428,6.265,16000,test,2428-83699-0003_formant_reverb-rt60-0.4
data/attacks/reverb-rt60-0.8/2428-83699-0003_formant.wav,fake,attack,none,reverb-rt60-0.8,rt60-0.8,IT APPEARED THAT THE TERMS WOULD BE FIVE GUINEAS BUT THERE WAS NO MENTION OF THE LENGTH OF TIME WHICH THAT FEE WOULD COVER,2428,6.265,16000,test,2428-83699-0003_formant_reverb-rt60-0.8
data/attacks/speed0.9/2428-83699-0003_formant.wav,fake,attack,none,speed0.9,speed0.9,IT APPEARED THAT THE TERMS WOULD BE FIVE GUINEAS BUT THERE WAS NO MENTION OF THE LENGTH OF TIME WHICH THAT FEE WOULD COVER,2428,6.961,16000,test,2428-83699-0003_formant_speed0.9
data/attacks/speed1.1/2428-83699-0003_formant.wav,fake,attack,none,speed1.1,speed1.1,IT APPEARED THAT THE TERMS WOULD BE FIVE GUINEAS BUT THERE WAS NO MENTION OF THE LENGTH OF TIME WHICH THAT FEE WOULD COVER,2428,5.695,16000,test,2428-83699-0003_formant_speed1.1
data/attacks/mp3-128k/2428-83699-0003_melvoc.wav,fake,attack,none,mp3-128k,mp3-128k,IT APPEARED THAT THE TERMS WOULD BE FIVE GUINEAS BUT THERE WAS NO MENTION OF THE LENGTH OF TIME WHICH THAT FEE WOULD COVER,2428,6.264,16000,test,2428-83699-0003_melvoc_mp3-128k
data/attacks/mp3-64k/2428-83699-0003_melvoc.wav,fake,attack,none,mp3-64k,mp3-64k,IT APPEARED THAT THE TERMS WOULD BE FIVE GUINEAS BUT THERE WAS NO MENTION OF THE LENGTH OF TIME WHICH THAT FEE WOULD COVER,2428,6.264,16000,test,2428-83699-0003_melvoc_mp3-64k
data/attacks/opus-32k/2428-83699-0003_melvoc.wav,fake,attack,none,opus-32k,opus-32k,IT APPEARED THAT THE TERMS WOULD BE FIVE GUINEAS BUT THERE WAS NO MENTION OF THE LENGTH OF TIME WHICH THAT FEE WOULD COVER,2428,6.264,16000,test,2428-83699-0003_melvoc_opus-32k
data/attacks/g711-8k/2428-83699-0003_melvoc.wav,fake,attack,none,g711-8k,g711-8k,IT APPEARED THAT THE TERMS WOULD BE FIVE GUINEAS BUT THERE WAS NO MENTION OF THE LENGTH OF TIME WHICH THAT FEE WOULD COVER,2428,6.264,16000,test,2428-83699-0003_melvoc_g711-8k
data/attacks/resample-8k/2428-83699-0003_melvoc.wav,fake,attack,none,resample-8k,8k-roundtrip,IT APPEARED THAT THE TERMS WOULD BE FIVE GUINEAS BUT THERE WAS NO MENTION OF THE LENGTH OF TIME WHICH THAT FEE WOULD COVER,2428,6.264,16000,test,2428-83699-0003_melvoc_resample-8k
data/attacks/awgn-snr5/2428-83699-0003_melvoc.wav,fake,attack,none,awgn-snr5,snr5,IT APPEARED THAT THE TERMS WOULD BE FIVE GUINEAS BUT THERE WAS NO MENTION OF THE LENGTH OF TIME WHICH THAT FEE WOULD COVER,2428,6.264,16000,test,2428-83699-0003_melvoc_awgn-snr5
data/attacks/awgn-snr10/2428-83699-0003_melvoc.wav,fake,attack,none,awgn-snr10,snr10,IT APPEARED THAT THE TERMS WOULD BE FIVE GUINEAS BUT THERE WAS NO MENTION OF THE LENGTH OF TIME WHICH THAT FEE WOULD COVER,2428,6.264,16000,test,2428-83699-0003_melvoc_awgn-snr10
data/attacks/awgn-snr20/2428-83699-0003_melvoc.wav,fake,attack,none,awgn-snr20,snr20,IT APPEARED THAT THE TERMS WOULD BE FIVE GUINEAS BUT THERE WAS NO MENTION OF THE LENGTH OF TIME WHICH THAT FEE WOULD COVER,2428,6.264,16000,test,2428-83699-0003_melvoc_awgn-snr20
data/attacks/bandpass-300-3400/2428-83699-0003_melvoc.wav,fake,attack,none,bandpass-300-3400,bandpass300-3400,IT APPEARED THAT THE TERMS WOULD BE FIVE GUINEAS BUT THERE WAS NO MENTION OF THE LENGTH OF TIME WHICH THAT FEE WOULD COVER,2428,6.264,16000,test,2428-83699-0003_melvoc_bandpass-300-3400
data/attacks/reverb-rt60-0.2/2428-83699-0003_melvoc.wav,fake,attack,none,reverb-rt60-0.2,rt60-0.2,IT APPEARED THAT THE TERMS WOULD BE FIVE GUINEAS BUT THERE WAS NO MENTION OF THE LENGTH OF TIME WHICH THAT FEE WOULD COVER,2428,6.264,16000,test,2428-83699-0003_melvoc_reverb-rt60-0.2
data/attacks/reverb-rt60-0.4/2428-83699-0003_melvoc.wav,fake,attack,none,reverb-rt60-0.4,rt60-0.4,IT APPEARED THAT THE TERMS WOULD BE FIVE GUINEAS BUT THERE WAS NO MENTION OF THE LENGTH OF TIME WHICH THAT FEE WOULD COVER,2428,6.264,16000,test,2428-83699-0003_melvoc_reverb-rt60-0.4
data/attacks/reverb-rt60-0.8/2428-83699-0003_melvoc.wav,fake,attack,none,reverb-rt60-0.8,rt60-0.8,IT APPEARED THAT THE TERMS WOULD BE FIVE GUINEAS BUT THERE WAS NO MENTION OF THE LENGTH OF TIME WHICH THAT FEE WOULD COVER,2428,6.264,16000,test,2428-83699-0003_melvoc_reverb-rt60-0.8
data/attacks/speed0.9/2428-83699-0003_melvoc.wav,fake,attack,none,speed0.9,speed0.9,IT APPEARED THAT THE TERMS WOULD BE FIVE GUINEAS BUT THERE WAS NO MENTION OF THE LENGTH OF TIME WHICH THAT FEE WOULD COVER,2428,6.96,16000,test,2428-83699-0003_melvoc_speed0.9
data/attacks/speed1.1/2428-83699-0003_melvoc.wav,fake,attack,none,speed1.1,speed1.1,IT APPEARED THAT THE TERMS WOULD BE FIVE GUINEAS BUT THERE WAS NO MENTION OF THE LENGTH OF TIME WHICH THAT FEE WOULD COVER,2428,5.695,16000,test,2428-83699-0003_melvoc_speed1.1
data/attacks/mp3-128k/2428-83699-0003_pitch.wav,fake,attack,none,mp3-128k,mp3-128k,IT APPEARED THAT THE TERMS WOULD BE FIVE GUINEAS BUT THERE WAS NO MENTION OF THE LENGTH OF TIME WHICH THAT FEE WOULD COVER,2428,6.267,16000,test,2428-83699-0003_pitch_mp3-128k
data/attacks/mp3-64k/2428-83699-0003_pitch.wav,fake,attack,none,mp3-64k,mp3-64k,IT APPEARED THAT THE TERMS WOULD BE FIVE GUINEAS BUT THERE WAS NO MENTION OF THE LENGTH OF TIME WHICH THAT FEE WOULD COVER,2428,6.267,16000,test,2428-83699-0003_pitch_mp3-64k
data/attacks/opus-32k/2428-83699-0003_pitch.wav,fake,attack,none,opus-32k,opus-32k,IT APPEARED THAT THE TERMS WOULD BE FIVE GUINEAS BUT THERE WAS NO MENTION OF THE LENGTH OF TIME WHICH THAT FEE WOULD COVER,2428,6.265,16000,test,2428-83699-0003_pitch_opus-32k
data/attacks/g711-8k/2428-83699-0003_pitch.wav,fake,attack,none,g711-8k,g711-8k,IT APPEARED THAT THE TERMS WOULD BE FIVE GUINEAS BUT THERE WAS NO MENTION OF THE LENGTH OF TIME WHICH THAT FEE WOULD COVER,2428,6.265,16000,test,2428-83699-0003_pitch_g711-8k
data/attacks/resample-8k/2428-83699-0003_pitch.wav,fake,attack,none,resample-8k,8k-roundtrip,IT APPEARED THAT THE TERMS WOULD BE FIVE GUINEAS BUT THERE WAS NO MENTION OF THE LENGTH OF TIME WHICH THAT FEE WOULD COVER,2428,6.265,16000,test,2428-83699-0003_pitch_resample-8k
data/attacks/awgn-snr5/2428-83699-0003_pitch.wav,fake,attack,none,awgn-snr5,snr5,IT APPEARED THAT THE TERMS WOULD BE FIVE GUINEAS BUT THERE WAS NO MENTION OF THE LENGTH OF TIME WHICH THAT FEE WOULD COVER,2428,6.265,16000,test,2428-83699-0003_pitch_awgn-snr5
data/attacks/awgn-snr10/2428-83699-0003_pitch.wav,fake,attack,none,awgn-snr10,snr10,IT APPEARED THAT THE TERMS WOULD BE FIVE GUINEAS BUT THERE WAS NO MENTION OF THE LENGTH OF TIME WHICH THAT FEE WOULD COVER,2428,6.265,16000,test,2428-83699-0003_pitch_awgn-snr10
data/attacks/awgn-snr20/2428-83699-0003_pitch.wav,fake,attack,none,awgn-snr20,snr20,IT APPEARED THAT THE TERMS WOULD BE FIVE GUINEAS BUT THERE WAS NO MENTION OF THE LENGTH OF TIME WHICH THAT FEE WOULD COVER,2428,6.265,16000,test,2428-83699-0003_pitch_awgn-snr20
data/attacks/bandpass-300-3400/2428-83699-0003_pitch.wav,fake,attack,none,bandpass-300-3400,bandpass300-3400,IT APPEARED THAT THE TERMS WOULD BE FIVE GUINEAS BUT THERE WAS NO MENTION OF THE LENGTH OF TIME WHICH THAT FEE WOULD COVER,2428,6.265,16000,test,2428-83699-0003_pitch_bandpass-300-3400
data/attacks/reverb-rt60-0.2/2428-83699-0003_pitch.wav,fake,attack,none,reverb-rt60-0.2,rt60-0.2,IT APPEARED THAT THE TERMS WOULD BE FIVE GUINEAS BUT THERE WAS NO MENTION OF THE LENGTH OF TIME WHICH THAT FEE WOULD COVER,2428,6.265,16000,test,2428-83699-0003_pitch_reverb-rt60-0.2
data/attacks/reverb-rt60-0.4/2428-83699-0003_pitch.wav,fake,attack,none,reverb-rt60-0.4,rt60-0.4,IT APPEARED THAT THE TERMS WOULD BE FIVE GUINEAS BUT THERE WAS NO MENTION OF THE LENGTH OF TIME WHICH THAT FEE WOULD COVER,2428,6.265,16000,test,2428-83699-0003_pitch_reverb-rt60-0.4
data/attacks/reverb-rt60-0.8/2428-83699-0003_pitch.wav,fake,attack,none,reverb-rt60-0.8,rt60-0.8,IT APPEARED THAT THE TERMS WOULD BE FIVE GUINEAS BUT THERE WAS NO MENTION OF THE LENGTH OF TIME WHICH THAT FEE WOULD COVER,2428,6.265,16000,test,2428-83699-0003_pitch_reverb-rt60-0.8
data/attacks/speed0.9/2428-83699-0003_pitch.wav,fake,attack,none,speed0.9,speed0.9,IT APPEARED THAT THE TERMS WOULD BE FIVE GUINEAS BUT THERE WAS NO MENTION OF THE LENGTH OF TIME WHICH THAT FEE WOULD COVER,2428,6.961,16000,test,2428-83699-0003_pitch_speed0.9
data/attacks/speed1.1/2428-83699-0003_pitch.wav,fake,attack,none,speed1.1,speed1.1,IT APPEARED THAT THE TERMS WOULD BE FIVE GUINEAS BUT THERE WAS NO MENTION OF THE LENGTH OF TIME WHICH THAT FEE WOULD COVER,2428,5.695,16000,test,2428-83699-0003_pitch_speed1.1
data/attacks/mp3-128k/2428-83699-0004_formant.wav,fake,attack,none,mp3-128k,mp3-128k,THE WHOLE THING WAS A TRIFLE ODD,2428,1.88,16000,test,2428-83699-0004_formant_mp3-128k
data/attacks/mp3-64k/2428-83699-0004_formant.wav,fake,attack,none,mp3-64k,mp3-64k,THE WHOLE THING WAS A TRIFLE ODD,2428,1.88,16000,test,2428-83699-0004_formant_mp3-64k
data/attacks/opus-32k/2428-83699-0004_formant.wav,fake,attack,none,opus-32k,opus-32k,THE WHOLE THING WAS A TRIFLE ODD,2428,1.88,16000,test,2428-83699-0004_formant_opus-32k
data/attacks/g711-8k/2428-83699-0004_formant.wav,fake,attack,none,g711-8k,g711-8k,THE WHOLE THING WAS A TRIFLE ODD,2428,1.88,16000,test,2428-83699-0004_formant_g711-8k
data/attacks/resample-8k/2428-83699-0004_formant.wav,fake,attack,none,resample-8k,8k-roundtrip,THE WHOLE THING WAS A TRIFLE ODD,2428,1.88,16000,test,2428-83699-0004_formant_resample-8k
data/attacks/awgn-snr5/2428-83699-0004_formant.wav,fake,attack,none,awgn-snr5,snr5,THE WHOLE THING WAS A TRIFLE ODD,2428,1.88,16000,test,2428-83699-0004_formant_awgn-snr5
data/attacks/awgn-snr10/2428-83699-0004_formant.wav,fake,attack,none,awgn-snr10,snr10,THE WHOLE THING WAS A TRIFLE ODD,2428,1.88,16000,test,2428-83699-0004_formant_awgn-snr10
data/attacks/awgn-snr20/2428-83699-0004_formant.wav,fake,attack,none,awgn-snr20,snr20,THE WHOLE THING WAS A TRIFLE ODD,2428,1.88,16000,test,2428-83699-0004_formant_awgn-snr20
data/attacks/bandpass-300-3400/2428-83699-0004_formant.wav,fake,attack,none,bandpass-300-3400,bandpass300-3400,THE WHOLE THING WAS A TRIFLE ODD,2428,1.88,16000,test,2428-83699-0004_formant_bandpass-300-3400
data/attacks/reverb-rt60-0.2/2428-83699-0004_formant.wav,fake,attack,none,reverb-rt60-0.2,rt60-0.2,THE WHOLE THING WAS A TRIFLE ODD,2428,1.88,16000,test,2428-83699-0004_formant_reverb-rt60-0.2
data/attacks/reverb-rt60-0.4/2428-83699-0004_formant.wav,fake,attack,none,reverb-rt60-0.4,rt60-0.4,THE WHOLE THING WAS A TRIFLE ODD,2428,1.88,16000,test,2428-83699-0004_formant_reverb-rt60-0.4
data/attacks/reverb-rt60-0.8/2428-83699-0004_formant.wav,fake,attack,none,reverb-rt60-0.8,rt60-0.8,THE WHOLE THING WAS A TRIFLE ODD,2428,1.88,16000,test,2428-83699-0004_formant_reverb-rt60-0.8
data/attacks/speed0.9/2428-83699-0004_formant.wav,fake,attack,none,speed0.9,speed0.9,THE WHOLE THING WAS A TRIFLE ODD,2428,2.089,16000,test,2428-83699-0004_formant_speed0.9
data/attacks/speed1.1/2428-83699-0004_formant.wav,fake,attack,none,speed1.1,speed1.1,THE WHOLE THING WAS A TRIFLE ODD,2428,1.709,16000,test,2428-83699-0004_formant_speed1.1
data/attacks/mp3-128k/2428-83699-0004_melvoc.wav,fake,attack,none,mp3-128k,mp3-128k,THE WHOLE THING WAS A TRIFLE ODD,2428,1.88,16000,test,2428-83699-0004_melvoc_mp3-128k
data/attacks/mp3-64k/2428-83699-0004_melvoc.wav,fake,attack,none,mp3-64k,mp3-64k,THE WHOLE THING WAS A TRIFLE ODD,2428,1.88,16000,test,2428-83699-0004_melvoc_mp3-64k
data/attacks/opus-32k/2428-83699-0004_melvoc.wav,fake,attack,none,opus-32k,opus-32k,THE WHOLE THING WAS A TRIFLE ODD,2428,1.88,16000,test,2428-83699-0004_melvoc_opus-32k
data/attacks/g711-8k/2428-83699-0004_melvoc.wav,fake,attack,none,g711-8k,g711-8k,THE WHOLE THING WAS A TRIFLE ODD,2428,1.88,16000,test,2428-83699-0004_melvoc_g711-8k
data/attacks/resample-8k/2428-83699-0004_melvoc.wav,fake,attack,none,resample-8k,8k-roundtrip,THE WHOLE THING WAS A TRIFLE ODD,2428,1.88,16000,test,2428-83699-0004_melvoc_resample-8k
data/attacks/awgn-snr5/2428-83699-0004_melvoc.wav,fake,attack,none,awgn-snr5,snr5,THE WHOLE THING WAS A TRIFLE ODD,2428,1.88,16000,test,2428-83699-0004_melvoc_awgn-snr5
data/attacks/awgn-snr10/2428-83699-0004_melvoc.wav,fake,attack,none,awgn-snr10,snr10,THE WHOLE THING WAS A TRIFLE ODD,2428,1.88,16000,test,2428-83699-0004_melvoc_awgn-snr10
data/attacks/awgn-snr20/2428-83699-0004_melvoc.wav,fake,attack,none,awgn-snr20,snr20,THE WHOLE THING WAS A TRIFLE ODD,2428,1.88,16000,test,2428-83699-0004_melvoc_awgn-snr20
data/attacks/bandpass-300-3400/2428-83699-0004_melvoc.wav,fake,attack,none,bandpass-300-3400,bandpass300-3400,THE WHOLE THING WAS A TRIFLE ODD,2428,1.88,16000,test,2428-83699-0004_melvoc_bandpass-300-3400
data/attacks/reverb-rt60-0.2/2428-83699-0004_melvoc.wav,fake,attack,none,reverb-rt60-0.2,rt60-0.2,THE WHOLE THING WAS A TRIFLE ODD,2428,1.88,16000,test,2428-83699-0004_melvoc_reverb-rt60-0.2
data/attacks/reverb-rt60-0.4/2428-83699-0004_melvoc.wav,fake,attack,none,reverb-rt60-0.4,rt60-0.4,THE WHOLE THING WAS A TRIFLE ODD,2428,1.88,16000,test,2428-83699-0004_melvoc_reverb-rt60-0.4
data/attacks/reverb-rt60-0.8/2428-83699-0004_melvoc.wav,fake,attack,none,reverb-rt60-0.8,rt60-0.8,THE WHOLE THING WAS A TRIFLE ODD,2428,1.88,16000,test,2428-83699-0004_melvoc_reverb-rt60-0.8
data/attacks/speed0.9/2428-83699-0004_melvoc.wav,fake,attack,none,speed0.9,speed0.9,THE WHOLE THING WAS A TRIFLE ODD,2428,2.089,16000,test,2428-83699-0004_melvoc_speed0.9
data/attacks/speed1.1/2428-83699-0004_melvoc.wav,fake,attack,none,speed1.1,speed1.1,THE WHOLE THING WAS A TRIFLE ODD,2428,1.709,16000,test,2428-83699-0004_melvoc_speed1.1
data/attacks/mp3-128k/2428-83699-0004_pitch.wav,fake,attack,none,mp3-128k,mp3-128k,THE WHOLE THING WAS A TRIFLE ODD,2428,1.88,16000,test,2428-83699-0004_pitch_mp3-128k
data/attacks/mp3-64k/2428-83699-0004_pitch.wav,fake,attack,none,mp3-64k,mp3-64k,THE WHOLE THING WAS A TRIFLE ODD,2428,1.88,16000,test,2428-83699-0004_pitch_mp3-64k
data/attacks/opus-32k/2428-83699-0004_pitch.wav,fake,attack,none,opus-32k,opus-32k,THE WHOLE THING WAS A TRIFLE ODD,2428,1.88,16000,test,2428-83699-0004_pitch_opus-32k
data/attacks/g711-8k/2428-83699-0004_pitch.wav,fake,attack,none,g711-8k,g711-8k,THE WHOLE THING WAS A TRIFLE ODD,2428,1.88,16000,test,2428-83699-0004_pitch_g711-8k
data/attacks/resample-8k/2428-83699-0004_pitch.wav,fake,attack,none,resample-8k,8k-roundtrip,THE WHOLE THING WAS A TRIFLE ODD,2428,1.88,16000,test,2428-83699-0004_pitch_resample-8k
data/attacks/awgn-snr5/2428-83699-0004_pitch.wav,fake,attack,none,awgn-snr5,snr5,THE WHOLE THING WAS A TRIFLE ODD,2428,1.88,16000,test,2428-83699-0004_pitch_awgn-snr5
data/attacks/awgn-snr10/2428-83699-0004_pitch.wav,fake,attack,none,awgn-snr10,snr10,THE WHOLE THING WAS A TRIFLE ODD,2428,1.88,16000,test,2428-83699-0004_pitch_awgn-snr10
data/attacks/awgn-snr20/2428-83699-0004_pitch.wav,fake,attack,none,awgn-snr20,snr20,THE WHOLE THING WAS A TRIFLE ODD,2428,1.88,16000,test,2428-83699-0004_pitch_awgn-snr20
data/attacks/bandpass-300-3400/2428-83699-0004_pitch.wav,fake,attack,none,bandpass-300-3400,bandpass300-3400,THE WHOLE THING WAS A TRIFLE ODD,2428,1.88,16000,test,2428-83699-0004_pitch_bandpass-300-3400
data/attacks/reverb-rt60-0.2/2428-83699-0004_pitch.wav,fake,attack,none,reverb-rt60-0.2,rt60-0.2,THE WHOLE THING WAS A TRIFLE ODD,2428,1.88,16000,test,2428-83699-0004_pitch_reverb-rt60-0.2
data/attacks/reverb-rt60-0.4/2428-83699-0004_pitch.wav,fake,attack,none,reverb-rt60-0.4,rt60-0.4,THE WHOLE THING WAS A TRIFLE ODD,2428,1.88,16000,test,2428-83699-0004_pitch_reverb-rt60-0.4
data/attacks/reverb-rt60-0.8/2428-83699-0004_pitch.wav,fake,attack,none,reverb-rt60-0.8,rt60-0.8,THE WHOLE THING WAS A TRIFLE ODD,2428,1.88,16000,test,2428-83699-0004_pitch_reverb-rt60-0.8
data/attacks/speed0.9/2428-83699-0004_pitch.wav,fake,attack,none,speed0.9,speed0.9,THE WHOLE THING WAS A TRIFLE ODD,2428,2.089,16000,test,2428-83699-0004_pitch_speed0.9
data/attacks/speed1.1/2428-83699-0004_pitch.wav,fake,attack,none,speed1.1,speed1.1,THE WHOLE THING WAS A TRIFLE ODD,2428,1.709,16000,test,2428-83699-0004_pitch_speed1.1
data/attacks/mp3-128k/2428-83699-0005_formant.wav,fake,attack,none,mp3-128k,mp3-128k,THERE WAS NOTHING SAID ABOUT THE SORT OF ACCOMMODATION WHICH WOULD BE PROVIDED NOTHING ABOUT THE KIND OF ESTABLISHMENT WHICH WAS MAINTAINED OR THE TABLE WHICH WAS KEPT,2428,9.09,16000,test,2428-83699-0005_formant_mp3-128k
data/attacks/mp3-64k/2428-83699-0005_formant.wav,fake,attack,none,mp3-64k,mp3-64k,THERE WAS NOTHING SAID ABOUT THE SORT OF ACCOMMODATION WHICH WOULD BE PROVIDED NOTHING ABOUT THE KIND OF ESTABLISHMENT WHICH WAS MAINTAINED OR THE TABLE WHICH WAS KEPT,2428,9.09,16000,test,2428-83699-0005_formant_mp3-64k
data/attacks/opus-32k/2428-83699-0005_formant.wav,fake,attack,none,opus-32k,opus-32k,THERE WAS NOTHING SAID ABOUT THE SORT OF ACCOMMODATION WHICH WOULD BE PROVIDED NOTHING ABOUT THE KIND OF ESTABLISHMENT WHICH WAS MAINTAINED OR THE TABLE WHICH WAS KEPT,2428,9.09,16000,test,2428-83699-0005_formant_opus-32k
data/attacks/g711-8k/2428-83699-0005_formant.wav,fake,attack,none,g711-8k,g711-8k,THERE WAS NOTHING SAID ABOUT THE SORT OF ACCOMMODATION WHICH WOULD BE PROVIDED NOTHING ABOUT THE KIND OF ESTABLISHMENT WHICH WAS MAINTAINED OR THE TABLE WHICH WAS KEPT,2428,9.09,16000,test,2428-83699-0005_formant_g711-8k
data/attacks/resample-8k/2428-83699-0005_formant.wav,fake,attack,none,resample-8k,8k-roundtrip,THERE WAS NOTHING SAID ABOUT THE SORT OF ACCOMMODATION WHICH WOULD BE PROVIDED NOTHING ABOUT THE KIND OF ESTABLISHMENT WHICH WAS MAINTAINED OR THE TABLE WHICH WAS KEPT,2428,9.09,16000,test,2428-83699-0005_formant_resample-8k
data/attacks/awgn-snr5/2428-83699-0005_formant.wav,fake,attack,none,awgn-snr5,snr5,THERE WAS NOTHING SAID ABOUT THE SORT OF ACCOMMODATION WHICH WOULD BE PROVIDED NOTHING ABOUT THE KIND OF ESTABLISHMENT WHICH WAS MAINTAINED OR THE TABLE WHICH WAS KEPT,2428,9.09,16000,test,2428-83699-0005_formant_awgn-snr5
data/attacks/awgn-snr10/2428-83699-0005_formant.wav,fake,attack,none,awgn-snr10,snr10,THERE WAS NOTHING SAID ABOUT THE SORT OF ACCOMMODATION WHICH WOULD BE PROVIDED NOTHING ABOUT THE KIND OF ESTABLISHMENT WHICH WAS MAINTAINED OR THE TABLE WHICH WAS KEPT,2428,9.09,16000,test,2428-83699-0005_formant_awgn-snr10
data/attacks/awgn-snr20/2428-83699-0005_formant.wav,fake,attack,none,awgn-snr20,snr20,THERE WAS NOTHING SAID ABOUT THE SORT OF ACCOMMODATION WHICH WOULD BE PROVIDED NOTHING ABOUT THE KIND OF ESTABLISHMENT WHICH WAS MAINTAINED OR THE TABLE WHICH WAS KEPT,2428,9.09,16000,test,2428-83699-0005_formant_awgn-snr20
data/attacks/bandpass-300-3400/2428-83699-0005_formant.wav,fake,attack,none,bandpass-300-3400,bandpass300-3400,THERE WAS NOTHING SAID ABOUT THE SORT OF ACCOMMODATION WHICH WOULD BE PROVIDED NOTHING ABOUT THE KIND OF ESTABLISHMENT WHICH WAS MAINTAINED OR THE TABLE WHICH WAS KEPT,2428,9.09,16000,test,2428-83699-0005_formant_bandpass-300-3400
data/attacks/reverb-rt60-0.2/2428-83699-0005_formant.wav,fake,attack,none,reverb-rt60-0.2,rt60-0.2,THERE WAS NOTHING SAID ABOUT THE SORT OF ACCOMMODATION WHICH WOULD BE PROVIDED NOTHING ABOUT THE KIND OF ESTABLISHMENT WHICH WAS MAINTAINED OR THE TABLE WHICH WAS KEPT,2428,9.09,16000,test,2428-83699-0005_formant_reverb-rt60-0.2
data/attacks/reverb-rt60-0.4/2428-83699-0005_formant.wav,fake,attack,none,reverb-rt60-0.4,rt60-0.4,THERE WAS NOTHING SAID ABOUT THE SORT OF ACCOMMODATION WHICH WOULD BE PROVIDED NOTHING ABOUT THE KIND OF ESTABLISHMENT WHICH WAS MAINTAINED OR THE TABLE WHICH WAS KEPT,2428,9.09,16000,test,2428-83699-0005_formant_reverb-rt60-0.4
data/attacks/reverb-rt60-0.8/2428-83699-0005_formant.wav,fake,attack,none,reverb-rt60-0.8,rt60-0.8,THERE WAS NOTHING SAID ABOUT THE SORT OF ACCOMMODATION WHICH WOULD BE PROVIDED NOTHING ABOUT THE KIND OF ESTABLISHMENT WHICH WAS MAINTAINED OR THE TABLE WHICH WAS KEPT,2428,9.09,16000,test,2428-83699-0005_formant_reverb-rt60-0.8
data/attacks/speed0.9/2428-83699-0005_formant.wav,fake,attack,none,speed0.9,speed0.9,THERE WAS NOTHING SAID ABOUT THE SORT OF ACCOMMODATION WHICH WOULD BE PROVIDED NOTHING ABOUT THE KIND OF ESTABLISHMENT WHICH WAS MAINTAINED OR THE TABLE WHICH WAS KEPT,2428,10.1,16000,test,2428-83699-0005_formant_speed0.9
data/attacks/speed1.1/2428-83699-0005_formant.wav,fake,attack,none,speed1.1,speed1.1,THERE WAS NOTHING SAID ABOUT THE SORT OF ACCOMMODATION WHICH WOULD BE PROVIDED NOTHING ABOUT THE KIND OF ESTABLISHMENT WHICH WAS MAINTAINED OR THE TABLE WHICH WAS KEPT,2428,8.264,16000,test,2428-83699-0005_formant_speed1.1
data/attacks/mp3-128k/2428-83699-0005_melvoc.wav,fake,attack,none,mp3-128k,mp3-128k,THERE WAS NOTHING SAID ABOUT THE SORT OF ACCOMMODATION WHICH WOULD BE PROVIDED NOTHING ABOUT THE KIND OF ESTABLISHMENT WHICH WAS MAINTAINED OR THE TABLE WHICH WAS KEPT,2428,9.088,16000,test,2428-83699-0005_melvoc_mp3-128k
data/attacks/mp3-64k/2428-83699-0005_melvoc.wav,fake,attack,none,mp3-64k,mp3-64k,THERE WAS NOTHING SAID ABOUT THE SORT OF ACCOMMODATION WHICH WOULD BE PROVIDED NOTHING ABOUT THE KIND OF ESTABLISHMENT WHICH WAS MAINTAINED OR THE TABLE WHICH WAS KEPT,2428,9.088,16000,test,2428-83699-0005_melvoc_mp3-64k
data/attacks/opus-32k/2428-83699-0005_melvoc.wav,fake,attack,none,opus-32k,opus-32k,THERE WAS NOTHING SAID ABOUT THE SORT OF ACCOMMODATION WHICH WOULD BE PROVIDED NOTHING ABOUT THE KIND OF ESTABLISHMENT WHICH WAS MAINTAINED OR THE TABLE WHICH WAS KEPT,2428,9.088,16000,test,2428-83699-0005_melvoc_opus-32k
data/attacks/g711-8k/2428-83699-0005_melvoc.wav,fake,attack,none,g711-8k,g711-8k,THERE WAS NOTHING SAID ABOUT THE SORT OF ACCOMMODATION WHICH WOULD BE PROVIDED NOTHING ABOUT THE KIND OF ESTABLISHMENT WHICH WAS MAINTAINED OR THE TABLE WHICH WAS KEPT,2428,9.088,16000,test,2428-83699-0005_melvoc_g711-8k
data/attacks/resample-8k/2428-83699-0005_melvoc.wav,fake,attack,none,resample-8k,8k-roundtrip,THERE WAS NOTHING SAID ABOUT THE SORT OF ACCOMMODATION WHICH WOULD BE PROVIDED NOTHING ABOUT THE KIND OF ESTABLISHMENT WHICH WAS MAINTAINED OR THE TABLE WHICH WAS KEPT,2428,9.088,16000,test,2428-83699-0005_melvoc_resample-8k
data/attacks/awgn-snr5/2428-83699-0005_melvoc.wav,fake,attack,none,awgn-snr5,snr5,THERE WAS NOTHING SAID ABOUT THE SORT OF ACCOMMODATION WHICH WOULD BE PROVIDED NOTHING ABOUT THE KIND OF ESTABLISHMENT WHICH WAS MAINTAINED OR THE TABLE WHICH WAS KEPT,2428,9.088,16000,test,2428-83699-0005_melvoc_awgn-snr5
data/attacks/awgn-snr10/2428-83699-0005_melvoc.wav,fake,attack,none,awgn-snr10,snr10,THERE WAS NOTHING SAID ABOUT THE SORT OF ACCOMMODATION WHICH WOULD BE PROVIDED NOTHING ABOUT THE KIND OF ESTABLISHMENT WHICH WAS MAINTAINED OR THE TABLE WHICH WAS KEPT,2428,9.088,16000,test,2428-83699-0005_melvoc_awgn-snr10
data/attacks/awgn-snr20/2428-83699-0005_melvoc.wav,fake,attack,none,awgn-snr20,snr20,THERE WAS NOTHING SAID ABOUT THE SORT OF ACCOMMODATION WHICH WOULD BE PROVIDED NOTHING ABOUT THE KIND OF ESTABLISHMENT WHICH WAS MAINTAINED OR THE TABLE WHICH WAS KEPT,2428,9.088,16000,test,2428-83699-0005_melvoc_awgn-snr20
data/attacks/bandpass-300-3400/2428-83699-0005_melvoc.wav,fake,attack,none,bandpass-300-3400,bandpass300-3400,THERE WAS NOTHING SAID ABOUT THE SORT OF ACCOMMODATION WHICH WOULD BE PROVIDED NOTHING ABOUT THE KIND OF ESTABLISHMENT WHICH WAS MAINTAINED OR THE TABLE WHICH WAS KEPT,2428,9.088,16000,test,2428-83699-0005_melvoc_bandpass-300-3400
data/attacks/reverb-rt60-0.2/2428-83699-0005_melvoc.wav,fake,attack,none,reverb-rt60-0.2,rt60-0.2,THERE WAS NOTHING SAID ABOUT THE SORT OF ACCOMMODATION WHICH WOULD BE PROVIDED NOTHING ABOUT THE KIND OF ESTABLISHMENT WHICH WAS MAINTAINED OR THE TABLE WHICH WAS KEPT,2428,9.088,16000,test,2428-83699-0005_melvoc_reverb-rt60-0.2
data/attacks/reverb-rt60-0.4/2428-83699-0005_melvoc.wav,fake,attack,none,reverb-rt60-0.4,rt60-0.4,THERE WAS NOTHING SAID ABOUT THE SORT OF ACCOMMODATION WHICH WOULD BE PROVIDED NOTHING ABOUT THE KIND OF ESTABLISHMENT WHICH WAS MAINTAINED OR THE TABLE WHICH WAS KEPT,2428,9.088,16000,test,2428-83699-0005_melvoc_reverb-rt60-0.4
data/attacks/reverb-rt60-0.8/2428-83699-0005_melvoc.wav,fake,attack,none,reverb-rt60-0.8,rt60-0.8,THERE WAS NOTHING SAID ABOUT THE SORT OF ACCOMMODATION WHICH WOULD BE PROVIDED NOTHING ABOUT THE KIND OF ESTABLISHMENT WHICH WAS MAINTAINED OR THE TABLE WHICH WAS KEPT,2428,9.088,16000,test,2428-83699-0005_melvoc_reverb-rt60-0.8
data/attacks/speed0.9/2428-83699-0005_melvoc.wav,fake,attack,none,speed0.9,speed0.9,THERE WAS NOTHING SAID ABOUT THE SORT OF ACCOMMODATION WHICH WOULD BE PROVIDED NOTHING ABOUT THE KIND OF ESTABLISHMENT WHICH WAS MAINTAINED OR THE TABLE WHICH WAS KEPT,2428,10.098,16000,test,2428-83699-0005_melvoc_speed0.9
data/attacks/speed1.1/2428-83699-0005_melvoc.wav,fake,attack,none,speed1.1,speed1.1,THERE WAS NOTHING SAID ABOUT THE SORT OF ACCOMMODATION WHICH WOULD BE PROVIDED NOTHING ABOUT THE KIND OF ESTABLISHMENT WHICH WAS MAINTAINED OR THE TABLE WHICH WAS KEPT,2428,8.262,16000,test,2428-83699-0005_melvoc_speed1.1
data/attacks/mp3-128k/2428-83699-0005_pitch.wav,fake,attack,none,mp3-128k,mp3-128k,THERE WAS NOTHING SAID ABOUT THE SORT OF ACCOMMODATION WHICH WOULD BE PROVIDED NOTHING ABOUT THE KIND OF ESTABLISHMENT WHICH WAS MAINTAINED OR THE TABLE WHICH WAS KEPT,2428,9.09,16000,test,2428-83699-0005_pitch_mp3-128k
data/attacks/mp3-64k/2428-83699-0005_pitch.wav,fake,attack,none,mp3-64k,mp3-64k,THERE WAS NOTHING SAID ABOUT THE SORT OF ACCOMMODATION WHICH WOULD BE PROVIDED NOTHING ABOUT THE KIND OF ESTABLISHMENT WHICH WAS MAINTAINED OR THE TABLE WHICH WAS KEPT,2428,9.09,16000,test,2428-83699-0005_pitch_mp3-64k
data/attacks/opus-32k/2428-83699-0005_pitch.wav,fake,attack,none,opus-32k,opus-32k,THERE WAS NOTHING SAID ABOUT THE SORT OF ACCOMMODATION WHICH WOULD BE PROVIDED NOTHING ABOUT THE KIND OF ESTABLISHMENT WHICH WAS MAINTAINED OR THE TABLE WHICH WAS KEPT,2428,9.09,16000,test,2428-83699-0005_pitch_opus-32k
data/attacks/g711-8k/2428-83699-0005_pitch.wav,fake,attack,none,g711-8k,g711-8k,THERE WAS NOTHING SAID ABOUT THE SORT OF ACCOMMODATION WHICH WOULD BE PROVIDED NOTHING ABOUT THE KIND OF ESTABLISHMENT WHICH WAS MAINTAINED OR THE TABLE WHICH WAS KEPT,2428,9.09,16000,test,2428-83699-0005_pitch_g711-8k
data/attacks/resample-8k/2428-83699-0005_pitch.wav,fake,attack,none,resample-8k,8k-roundtrip,THERE WAS NOTHING SAID ABOUT THE SORT OF ACCOMMODATION WHICH WOULD BE PROVIDED NOTHING ABOUT THE KIND OF ESTABLISHMENT WHICH WAS MAINTAINED OR THE TABLE WHICH WAS KEPT,2428,9.09,16000,test,2428-83699-0005_pitch_resample-8k
data/attacks/awgn-snr5/2428-83699-0005_pitch.wav,fake,attack,none,awgn-snr5,snr5,THERE WAS NOTHING SAID ABOUT THE SORT OF ACCOMMODATION WHICH WOULD BE PROVIDED NOTHING ABOUT THE KIND OF ESTABLISHMENT WHICH WAS MAINTAINED OR THE TABLE WHICH WAS KEPT,2428,9.09,16000,test,2428-83699-0005_pitch_awgn-snr5
data/attacks/awgn-snr10/2428-83699-0005_pitch.wav,fake,attack,none,awgn-snr10,snr10,THERE WAS NOTHING SAID ABOUT THE SORT OF ACCOMMODATION WHICH WOULD BE PROVIDED NOTHING ABOUT THE KIND OF ESTABLISHMENT WHICH WAS MAINTAINED OR THE TABLE WHICH WAS KEPT,2428,9.09,16000,test,2428-83699-0005_pitch_awgn-snr10
data/attacks/awgn-snr20/2428-83699-0005_pitch.wav,fake,attack,none,awgn-snr20,snr20,THERE WAS NOTHING SAID ABOUT THE SORT OF ACCOMMODATION WHICH WOULD BE PROVIDED NOTHING ABOUT THE KIND OF ESTABLISHMENT WHICH WAS MAINTAINED OR THE TABLE WHICH WAS KEPT,2428,9.09,16000,test,2428-83699-0005_pitch_awgn-snr20
data/attacks/bandpass-300-3400/2428-83699-0005_pitch.wav,fake,attack,none,bandpass-300-3400,bandpass300-3400,THERE WAS NOTHING SAID ABOUT THE SORT OF ACCOMMODATION WHICH WOULD BE PROVIDED NOTHING ABOUT THE KIND OF ESTABLISHMENT WHICH WAS MAINTAINED OR THE TABLE WHICH WAS KEPT,2428,9.09,16000,test,2428-83699-0005_pitch_bandpass-300-3400
data/attacks/reverb-rt60-0.2/2428-83699-0005_pitch.wav,fake,attack,none,reverb-rt60-0.2,rt60-0.2,THERE WAS NOTHING SAID ABOUT THE SORT OF ACCOMMODATION WHICH WOULD BE PROVIDED NOTHING ABOUT THE KIND OF ESTABLISHMENT WHICH WAS MAINTAINED OR THE TABLE WHICH WAS KEPT,2428,9.09,16000,test,2428-83699-0005_pitch_reverb-rt60-0.2
data/attacks/reverb-rt60-0.4/2428-83699-0005_pitch.wav,fake,attack,none,reverb-rt60-0.4,rt60-0.4,THERE WAS NOTHING SAID ABOUT THE SORT OF ACCOMMODATION WHICH WOULD BE PROVIDED NOTHING ABOUT THE KIND OF ESTABLISHMENT WHICH WAS MAINTAINED OR THE TABLE WHICH WAS KEPT,2428,9.09,16000,test,2428-83699-0005_pitch_reverb-rt60-0.4
data/attacks/reverb-rt60-0.8/2428-83699-0005_pitch.wav,fake,attack,none,reverb-rt60-0.8,rt60-0.8,THERE WAS NOTHING SAID ABOUT THE SORT OF ACCOMMODATION WHICH WOULD BE PROVIDED NOTHING ABOUT THE KIND OF ESTABLISHMENT WHICH WAS MAINTAINED OR THE TABLE WHICH WAS KEPT,2428,9.09,16000,test,2428-83699-0005_pitch_reverb-rt60-0.8
data/attacks/speed0.9/2428-83699-0005_pitch.wav,fake,attack,none,speed0.9,speed0.9,THERE WAS NOTHING SAID ABOUT THE SORT OF ACCOMMODATION WHICH WOULD BE PROVIDED NOTHING ABOUT THE KIND OF ESTABLISHMENT WHICH WAS MAINTAINED OR THE TABLE WHICH WAS KEPT,2428,10.1,16000,test,2428-83699-0005_pitch_speed0.9
data/attacks/speed1.1/2428-83699-0005_pitch.wav,fake,attack,none,speed1.1,speed1.1,THERE WAS NOTHING SAID ABOUT THE SORT OF ACCOMMODATION WHICH WOULD BE PROVIDED NOTHING ABOUT THE KIND OF ESTABLISHMENT WHICH WAS MAINTAINED OR THE TABLE WHICH WAS KEPT,2428,8.264,16000,test,2428-83699-0005_pitch_speed1.1
data/attacks/mp3-128k/2428-83699-0006_formant.wav,fake,attack,none,mp3-128k,mp3-128k,NOW IT IS A REMARKABLE THING THAT I HAVE ALWAYS HAD AN EXTRAORDINARY PREDILECTION FOR THE NAME MADGE I DO NOT KNOW WHY,2428,6.825,16000,test,2428-83699-0006_formant_mp3-128k
data/attacks/mp3-64k/2428-83699-0006_formant.wav,fake,attack,none,mp3-64k,mp3-64k,NOW IT IS A REMARKABLE THING THAT I HAVE ALWAYS HAD AN EXTRAORDINARY PREDILECTION FOR THE NAME MADGE I DO NOT KNOW WHY,2428,6.825,16000,test,2428-83699-0006_formant_mp3-64k
data/attacks/opus-32k/2428-83699-0006_formant.wav,fake,attack,none,opus-32k,opus-32k,NOW IT IS A REMARKABLE THING THAT I HAVE ALWAYS HAD AN EXTRAORDINARY PREDILECTION FOR THE NAME MADGE I DO NOT KNOW WHY,2428,6.825,16000,test,2428-83699-0006_formant_opus-32k
data/attacks/g711-8k/2428-83699-0006_formant.wav,fake,attack,none,g711-8k,g711-8k,NOW IT IS A REMARKABLE THING THAT I HAVE ALWAYS HAD AN EXTRAORDINARY PREDILECTION FOR THE NAME MADGE I DO NOT KNOW WHY,2428,6.825,16000,test,2428-83699-0006_formant_g711-8k
data/attacks/resample-8k/2428-83699-0006_formant.wav,fake,attack,none,resample-8k,8k-roundtrip,NOW IT IS A REMARKABLE THING THAT I HAVE ALWAYS HAD AN EXTRAORDINARY PREDILECTION FOR THE NAME MADGE I DO NOT KNOW WHY,2428,6.825,16000,test,2428-83699-0006_formant_resample-8k
data/attacks/awgn-snr5/2428-83699-0006_formant.wav,fake,attack,none,awgn-snr5,snr5,NOW IT IS A REMARKABLE THING THAT I HAVE ALWAYS HAD AN EXTRAORDINARY PREDILECTION FOR THE NAME MADGE I DO NOT KNOW WHY,2428,6.825,16000,test,2428-83699-0006_formant_awgn-snr5
data/attacks/awgn-snr10/2428-83699-0006_formant.wav,fake,attack,none,awgn-snr10,snr10,NOW IT IS A REMARKABLE THING THAT I HAVE ALWAYS HAD AN EXTRAORDINARY PREDILECTION FOR THE NAME MADGE I DO NOT KNOW WHY,2428,6.825,16000,test,2428-83699-0006_formant_awgn-snr10
data/attacks/awgn-snr20/2428-83699-0006_formant.wav,fake,attack,none,awgn-snr20,snr20,NOW IT IS A REMARKABLE THING THAT I HAVE ALWAYS HAD AN EXTRAORDINARY PREDILECTION FOR THE NAME MADGE I DO NOT KNOW WHY,2428,6.825,16000,test,2428-83699-0006_formant_awgn-snr20
data/attacks/bandpass-300-3400/2428-83699-0006_formant.wav,fake,attack,none,bandpass-300-3400,bandpass300-3400,NOW IT IS A REMARKABLE THING THAT I HAVE ALWAYS HAD AN EXTRAORDINARY PREDILECTION FOR THE NAME MADGE I DO NOT KNOW WHY,2428,6.825,16000,test,2428-83699-0006_formant_bandpass-300-3400
data/attacks/reverb-rt60-0.2/2428-83699-0006_formant.wav,fake,attack,none,reverb-rt60-0.2,rt60-0.2,NOW IT IS A REMARKABLE THING THAT I HAVE ALWAYS HAD AN EXTRAORDINARY PREDILECTION FOR THE NAME MADGE I DO NOT KNOW WHY,2428,6.825,16000,test,2428-83699-0006_formant_reverb-rt60-0.2
data/attacks/reverb-rt60-0.4/2428-83699-0006_formant.wav,fake,attack,none,reverb-rt60-0.4,rt60-0.4,NOW IT IS A REMARKABLE THING THAT I HAVE ALWAYS HAD AN EXTRAORDINARY PREDILECTION FOR THE NAME MADGE I DO NOT KNOW WHY,2428,6.825,16000,test,2428-83699-0006_formant_reverb-rt60-0.4
data/attacks/reverb-rt60-0.8/2428-83699-0006_formant.wav,fake,attack,none,reverb-rt60-0.8,rt60-0.8,NOW IT IS A REMARKABLE THING THAT I HAVE ALWAYS HAD AN EXTRAORDINARY PREDILECTION FOR THE NAME MADGE I DO NOT KNOW WHY,2428,6.825,16000,test,2428-83699-0006_formant_reverb-rt60-0.8
data/attacks/speed0.9/2428-83699-0006_formant.wav,fake,attack,none,speed0.9,speed0.9,NOW IT IS A REMARKABLE THING THAT I HAVE ALWAYS HAD AN EXTRAORDINARY PREDILECTION FOR THE NAME MADGE I DO NOT KNOW WHY,2428,7.583,16000,test,2428-83699-0006_formant_speed0.9
data/attacks/speed1.1/2428-83699-0006_formant.wav,fake,attack,none,speed1.1,speed1.1,NOW IT IS A REMARKABLE THING THAT I HAVE ALWAYS HAD AN EXTRAORDINARY PREDILECTION FOR THE NAME MADGE I DO NOT KNOW WHY,2428,6.205,16000,test,2428-83699-0006_formant_speed1.1
data/attacks/mp3-128k/2428-83699-0006_melvoc.wav,fake,attack,none,mp3-128k,mp3-128k,NOW IT IS A REMARKABLE THING THAT I HAVE ALWAYS HAD AN EXTRAORDINARY PREDILECTION FOR THE NAME MADGE I DO NOT KNOW WHY,2428,6.824,16000,test,2428-83699-0006_melvoc_mp3-128k
data/attacks/mp3-64k/2428-83699-0006_melvoc.wav,fake,attack,none,mp3-64k,mp3-64k,NOW IT IS A REMARKABLE THING THAT I HAVE ALWAYS HAD AN EXTRAORDINARY PREDILECTION FOR THE NAME MADGE I DO NOT KNOW WHY,2428,6.824,16000,test,2428-83699-0006_melvoc_mp3-64k
data/attacks/opus-32k/2428-83699-0006_melvoc.wav,fake,attack,none,opus-32k,opus-32k,NOW IT IS A REMARKABLE THING THAT I HAVE ALWAYS HAD AN EXTRAORDINARY PREDILECTION FOR THE NAME MADGE I DO NOT KNOW WHY,2428,6.824,16000,test,2428-83699-0006_melvoc_opus-32k
data/attacks/g711-8k/2428-83699-0006_melvoc.wav,fake,attack,none,g711-8k,g711-8k,NOW IT IS A REMARKABLE THING THAT I HAVE ALWAYS HAD AN EXTRAORDINARY PREDILECTION FOR THE NAME MADGE I DO NOT KNOW WHY,2428,6.824,16000,test,2428-83699-0006_melvoc_g711-8k
data/attacks/resample-8k/2428-83699-0006_melvoc.wav,fake,attack,none,resample-8k,8k-roundtrip,NOW IT IS A REMARKABLE THING THAT I HAVE ALWAYS HAD AN EXTRAORDINARY PREDILECTION FOR THE NAME MADGE I DO NOT KNOW WHY,2428,6.824,16000,test,2428-83699-0006_melvoc_resample-8k
data/attacks/awgn-snr5/2428-83699-0006_melvoc.wav,fake,attack,none,awgn-snr5,snr5,NOW IT IS A REMARKABLE THING THAT I HAVE ALWAYS HAD AN EXTRAORDINARY PREDILECTION FOR THE NAME MADGE I DO NOT KNOW WHY,2428,6.824,16000,test,2428-83699-0006_melvoc_awgn-snr5
data/attacks/awgn-snr10/2428-83699-0006_melvoc.wav,fake,attack,none,awgn-snr10,snr10,NOW IT IS A REMARKABLE THING THAT I HAVE ALWAYS HAD AN EXTRAORDINARY PREDILECTION FOR THE NAME MADGE I DO NOT KNOW WHY,2428,6.824,16000,test,2428-83699-0006_melvoc_awgn-snr10
data/attacks/awgn-snr20/2428-83699-0006_melvoc.wav,fake,attack,none,awgn-snr20,snr20,NOW IT IS A REMARKABLE THING THAT I HAVE ALWAYS HAD AN EXTRAORDINARY PREDILECTION FOR THE NAME MADGE I DO NOT KNOW WHY,2428,6.824,16000,test,2428-83699-0006_melvoc_awgn-snr20
data/attacks/bandpass-300-3400/2428-83699-0006_melvoc.wav,fake,attack,none,bandpass-300-3400,bandpass300-3400,NOW IT IS A REMARKABLE THING THAT I HAVE ALWAYS HAD AN EXTRAORDINARY PREDILECTION FOR THE NAME MADGE I DO NOT KNOW WHY,2428,6.824,16000,test,2428-83699-0006_melvoc_bandpass-300-3400
data/attacks/reverb-rt60-0.2/2428-83699-0006_melvoc.wav,fake,attack,none,reverb-rt60-0.2,rt60-0.2,NOW IT IS A REMARKABLE THING THAT I HAVE ALWAYS HAD AN EXTRAORDINARY PREDILECTION FOR THE NAME MADGE I DO NOT KNOW WHY,2428,6.824,16000,test,2428-83699-0006_melvoc_reverb-rt60-0.2
data/attacks/reverb-rt60-0.4/2428-83699-0006_melvoc.wav,fake,attack,none,reverb-rt60-0.4,rt60-0.4,NOW IT IS A REMARKABLE THING THAT I HAVE ALWAYS HAD AN EXTRAORDINARY PREDILECTION FOR THE NAME MADGE I DO NOT KNOW WHY,2428,6.824,16000,test,2428-83699-0006_melvoc_reverb-rt60-0.4
data/attacks/reverb-rt60-0.8/2428-83699-0006_melvoc.wav,fake,attack,none,reverb-rt60-0.8,rt60-0.8,NOW IT IS A REMARKABLE THING THAT I HAVE ALWAYS HAD AN EXTRAORDINARY PREDILECTION FOR THE NAME MADGE I DO NOT KNOW WHY,2428,6.824,16000,test,2428-83699-0006_melvoc_reverb-rt60-0.8
data/attacks/speed0.9/2428-83699-0006_melvoc.wav,fake,attack,none,speed0.9,speed0.9,NOW IT IS A REMARKABLE THING THAT I HAVE ALWAYS HAD AN EXTRAORDINARY PREDILECTION FOR THE NAME MADGE I DO NOT KNOW WHY,2428,7.582,16000,test,2428-83699-0006_melvoc_speed0.9
data/attacks/speed1.1/2428-83699-0006_melvoc.wav,fake,attack,none,speed1.1,speed1.1,NOW IT IS A REMARKABLE THING THAT I HAVE ALWAYS HAD AN EXTRAORDINARY PREDILECTION FOR THE NAME MADGE I DO NOT KNOW WHY,2428,6.204,16000,test,2428-83699-0006_melvoc_speed1.1
data/attacks/mp3-128k/2428-83699-0006_pitch.wav,fake,attack,none,mp3-128k,mp3-128k,NOW IT IS A REMARKABLE THING THAT I HAVE ALWAYS HAD AN EXTRAORDINARY PREDILECTION FOR THE NAME MADGE I DO NOT KNOW WHY,2428,6.825,16000,test,2428-83699-0006_pitch_mp3-128k
data/attacks/mp3-64k/2428-83699-0006_pitch.wav,fake,attack,none,mp3-64k,mp3-64k,NOW IT IS A REMARKABLE THING THAT I HAVE ALWAYS HAD AN EXTRAORDINARY PREDILECTION FOR THE NAME MADGE I DO NOT KNOW WHY,2428,6.825,16000,test,2428-83699-0006_pitch_mp3-64k
data/attacks/opus-32k/2428-83699-0006_pitch.wav,fake,attack,none,opus-32k,opus-32k,NOW IT IS A REMARKABLE THING THAT I HAVE ALWAYS HAD AN EXTRAORDINARY PREDILECTION FOR THE NAME MADGE I DO NOT KNOW WHY,2428,6.825,16000,test,2428-83699-0006_pitch_opus-32k
data/attacks/g711-8k/2428-83699-0006_pitch.wav,fake,attack,none,g711-8k,g711-8k,NOW IT IS A REMARKABLE THING THAT I HAVE ALWAYS HAD AN EXTRAORDINARY PREDILECTION FOR THE NAME MADGE I DO NOT KNOW WHY,2428,6.825,16000,test,2428-83699-0006_pitch_g711-8k
data/attacks/resample-8k/2428-83699-0006_pitch.wav,fake,attack,none,resample-8k,8k-roundtrip,NOW IT IS A REMARKABLE THING THAT I HAVE ALWAYS HAD AN EXTRAORDINARY PREDILECTION FOR THE NAME MADGE I DO NOT KNOW WHY,2428,6.825,16000,test,2428-83699-0006_pitch_resample-8k
data/attacks/awgn-snr5/2428-83699-0006_pitch.wav,fake,attack,none,awgn-snr5,snr5,NOW IT IS A REMARKABLE THING THAT I HAVE ALWAYS HAD AN EXTRAORDINARY PREDILECTION FOR THE NAME MADGE I DO NOT KNOW WHY,2428,6.825,16000,test,2428-83699-0006_pitch_awgn-snr5
data/attacks/awgn-snr10/2428-83699-0006_pitch.wav,fake,attack,none,awgn-snr10,snr10,NOW IT IS A REMARKABLE THING THAT I HAVE ALWAYS HAD AN EXTRAORDINARY PREDILECTION FOR THE NAME MADGE I DO NOT KNOW WHY,2428,6.825,16000,test,2428-83699-0006_pitch_awgn-snr10
data/attacks/awgn-snr20/2428-83699-0006_pitch.wav,fake,attack,none,awgn-snr20,snr20,NOW IT IS A REMARKABLE THING THAT I HAVE ALWAYS HAD AN EXTRAORDINARY PREDILECTION FOR THE NAME MADGE I DO NOT KNOW WHY,2428,6.825,16000,test,2428-83699-0006_pitch_awgn-snr20
data/attacks/bandpass-300-3400/2428-83699-0006_pitch.wav,fake,attack,none,bandpass-300-3400,bandpass300-3400,NOW IT IS A REMARKABLE THING THAT I HAVE ALWAYS HAD AN EXTRAORDINARY PREDILECTION FOR THE NAME MADGE I DO NOT KNOW WHY,2428,6.825,16000,test,2428-83699-0006_pitch_bandpass-300-3400
data/attacks/reverb-rt60-0.2/2428-83699-0006_pitch.wav,fake,attack,none,reverb-rt60-0.2,rt60-0.2,NOW IT IS A REMARKABLE THING THAT I HAVE ALWAYS HAD AN EXTRAORDINARY PREDILECTION FOR THE NAME MADGE I DO NOT KNOW WHY,2428,6.825,16000,test,2428-83699-0006_pitch_reverb-rt60-0.2
data/attacks/reverb-rt60-0.4/2428-83699-0006_pitch.wav,fake,attack,none,reverb-rt60-0.4,rt60-0.4,NOW IT IS A REMARKABLE THING THAT I HAVE ALWAYS HAD AN EXTRAORDINARY PREDILECTION FOR THE NAME MADGE I DO NOT KNOW WHY,2428,6.825,16000,test,2428-83699-0006_pitch_reverb-rt60-0.4
data/attacks/reverb-rt60-0.8/2428-83699-0006_pitch.wav,fake,attack,none,reverb-rt60-0.8,rt60-0.8,NOW IT IS A REMARKABLE THING THAT I HAVE ALWAYS HAD AN EXTRAORDINARY PREDILECTION FOR THE NAME MADGE I DO NOT KNOW WHY,2428,6.825,16000,test,2428-83699-0006_pitch_reverb-rt60-0.8
data/attacks/speed0.9/2428-83699-0006_pitch.wav,fake,attack,none,speed0.9,speed0.9,NOW IT IS A REMARKABLE THING THAT I HAVE ALWAYS HAD AN EXTRAORDINARY PREDILECTION FOR THE NAME MADGE I DO NOT KNOW WHY,2428,7.583,16000,test,2428-83699-0006_pitch_speed0.9
data/attacks/speed1.1/2428-83699-0006_pitch.wav,fake,attack,none,speed1.1,speed1.1,NOW IT IS A REMARKABLE THING THAT I HAVE ALWAYS HAD AN EXTRAORDINARY PREDILECTION FOR THE NAME MADGE I DO NOT KNOW WHY,2428,6.205,16000,test,2428-83699-0006_pitch_speed1.1
data/attacks/mp3-128k/2428-83699-0007_formant.wav,fake,attack,none,mp3-128k,mp3-128k,I HAVE NEVER KNOWN A MADGE AND YET FROM MY BOYHOOD UPWARD I HAVE DESIRED TO MEET ONE,2428,5.71,16000,test,2428-83699-0007_formant_mp3-128k
data/attacks/mp3-64k/2428-83699-0007_formant.wav,fake,attack,none,mp3-64k,mp3-64k,I HAVE NEVER KNOWN A MADGE AND YET FROM MY BOYHOOD UPWARD I HAVE DESIRED TO MEET ONE,2428,5.71,16000,test,2428-83699-0007_formant_mp3-64k
data/attacks/opus-32k/2428-83699-0007_formant.wav,fake,attack,none,opus-32k,opus-32k,I HAVE NEVER KNOWN A MADGE AND YET FROM MY BOYHOOD UPWARD I HAVE DESIRED TO MEET ONE,2428,5.71,16000,test,2428-83699-0007_formant_opus-32k
data/attacks/g711-8k/2428-83699-0007_formant.wav,fake,attack,none,g711-8k,g711-8k,I HAVE NEVER KNOWN A MADGE AND YET FROM MY BOYHOOD UPWARD I HAVE DESIRED TO MEET ONE,2428,5.71,16000,test,2428-83699-0007_formant_g711-8k
data/attacks/resample-8k/2428-83699-0007_formant.wav,fake,attack,none,resample-8k,8k-roundtrip,I HAVE NEVER KNOWN A MADGE AND YET FROM MY BOYHOOD UPWARD I HAVE DESIRED TO MEET ONE,2428,5.71,16000,test,2428-83699-0007_formant_resample-8k
data/attacks/awgn-snr5/2428-83699-0007_formant.wav,fake,attack,none,awgn-snr5,snr5,I HAVE NEVER KNOWN A MADGE AND YET FROM MY BOYHOOD UPWARD I HAVE DESIRED TO MEET ONE,2428,5.71,16000,test,2428-83699-0007_formant_awgn-snr5
data/attacks/awgn-snr10/2428-83699-0007_formant.wav,fake,attack,none,awgn-snr10,snr10,I HAVE NEVER KNOWN A MADGE AND YET FROM MY BOYHOOD UPWARD I HAVE DESIRED TO MEET ONE,2428,5.71,16000,test,2428-83699-0007_formant_awgn-snr10
data/attacks/awgn-snr20/2428-83699-0007_formant.wav,fake,attack,none,awgn-snr20,snr20,I HAVE NEVER KNOWN A MADGE AND YET FROM MY BOYHOOD UPWARD I HAVE DESIRED TO MEET ONE,2428,5.71,16000,test,2428-83699-0007_formant_awgn-snr20
data/attacks/bandpass-300-3400/2428-83699-0007_formant.wav,fake,attack,none,bandpass-300-3400,bandpass300-3400,I HAVE NEVER KNOWN A MADGE AND YET FROM MY BOYHOOD UPWARD I HAVE DESIRED TO MEET ONE,2428,5.71,16000,test,2428-83699-0007_formant_bandpass-300-3400
data/attacks/reverb-rt60-0.2/2428-83699-0007_formant.wav,fake,attack,none,reverb-rt60-0.2,rt60-0.2,I HAVE NEVER KNOWN A MADGE AND YET FROM MY BOYHOOD UPWARD I HAVE DESIRED TO MEET ONE,2428,5.71,16000,test,2428-83699-0007_formant_reverb-rt60-0.2
data/attacks/reverb-rt60-0.4/2428-83699-0007_formant.wav,fake,attack,none,reverb-rt60-0.4,rt60-0.4,I HAVE NEVER KNOWN A MADGE AND YET FROM MY BOYHOOD UPWARD I HAVE DESIRED TO MEET ONE,2428,5.71,16000,test,2428-83699-0007_formant_reverb-rt60-0.4
data/attacks/reverb-rt60-0.8/2428-83699-0007_formant.wav,fake,attack,none,reverb-rt60-0.8,rt60-0.8,I HAVE NEVER KNOWN A MADGE AND YET FROM MY BOYHOOD UPWARD I HAVE DESIRED TO MEET ONE,2428,5.71,16000,test,2428-83699-0007_formant_reverb-rt60-0.8
data/attacks/speed0.9/2428-83699-0007_formant.wav,fake,attack,none,speed0.9,speed0.9,I HAVE NEVER KNOWN A MADGE AND YET FROM MY BOYHOOD UPWARD I HAVE DESIRED TO MEET ONE,2428,6.344,16000,test,2428-83699-0007_formant_speed0.9
data/attacks/speed1.1/2428-83699-0007_formant.wav,fake,attack,none,speed1.1,speed1.1,I HAVE NEVER KNOWN A MADGE AND YET FROM MY BOYHOOD UPWARD I HAVE DESIRED TO MEET ONE,2428,5.191,16000,test,2428-83699-0007_formant_speed1.1
data/attacks/mp3-128k/2428-83699-0007_melvoc.wav,fake,attack,none,mp3-128k,mp3-128k,I HAVE NEVER KNOWN A MADGE AND YET FROM MY BOYHOOD UPWARD I HAVE DESIRED TO MEET ONE,2428,5.704,16000,test,2428-83699-0007_melvoc_mp3-128k
data/attacks/mp3-64k/2428-83699-0007_melvoc.wav,fake,attack,none,mp3-64k,mp3-64k,I HAVE NEVER KNOWN A MADGE AND YET FROM MY BOYHOOD UPWARD I HAVE DESIRED TO MEET ONE,2428,5.704,16000,test,2428-83699-0007_melvoc_mp3-64k
data/attacks/opus-32k/2428-83699-0007_melvoc.wav,fake,attack,none,opus-32k,opus-32k,I HAVE NEVER KNOWN A MADGE AND YET FROM MY BOYHOOD UPWARD I HAVE DESIRED TO MEET ONE,2428,5.704,16000,test,2428-83699-0007_melvoc_opus-32k
data/attacks/g711-8k/2428-83699-0007_melvoc.wav,fake,attack,none,g711-8k,g711-8k,I HAVE NEVER KNOWN A MADGE AND YET FROM MY BOYHOOD UPWARD I HAVE DESIRED TO MEET ONE,2428,5.704,16000,test,2428-83699-0007_melvoc_g711-8k
data/attacks/resample-8k/2428-83699-0007_melvoc.wav,fake,attack,none,resample-8k,8k-roundtrip,I HAVE NEVER KNOWN A MADGE AND YET FROM MY BOYHOOD UPWARD I HAVE DESIRED TO MEET ONE,2428,5.704,16000,test,2428-83699-0007_melvoc_resample-8k
data/attacks/awgn-snr5/2428-83699-0007_melvoc.wav,fake,attack,none,awgn-snr5,snr5,I HAVE NEVER KNOWN A MADGE AND YET FROM MY BOYHOOD UPWARD I HAVE DESIRED TO MEET ONE,2428,5.704,16000,test,2428-83699-0007_melvoc_awgn-snr5
data/attacks/awgn-snr10/2428-83699-0007_melvoc.wav,fake,attack,none,awgn-snr10,snr10,I HAVE NEVER KNOWN A MADGE AND YET FROM MY BOYHOOD UPWARD I HAVE DESIRED TO MEET ONE,2428,5.704,16000,test,2428-83699-0007_melvoc_awgn-snr10
data/attacks/awgn-snr20/2428-83699-0007_melvoc.wav,fake,attack,none,awgn-snr20,snr20,I HAVE NEVER KNOWN A MADGE AND YET FROM MY BOYHOOD UPWARD I HAVE DESIRED TO MEET ONE,2428,5.704,16000,test,2428-83699-0007_melvoc_awgn-snr20
data/attacks/bandpass-300-3400/2428-83699-0007_melvoc.wav,fake,attack,none,bandpass-300-3400,bandpass300-3400,I HAVE NEVER KNOWN A MADGE AND YET FROM MY BOYHOOD UPWARD I HAVE DESIRED TO MEET ONE,2428,5.704,16000,test,2428-83699-0007_melvoc_bandpass-300-3400
data/attacks/reverb-rt60-0.2/2428-83699-0007_melvoc.wav,fake,attack,none,reverb-rt60-0.2,rt60-0.2,I HAVE NEVER KNOWN A MADGE AND YET FROM MY BOYHOOD UPWARD I HAVE DESIRED TO MEET ONE,2428,5.704,16000,test,2428-83699-0007_melvoc_reverb-rt60-0.2
data/attacks/reverb-rt60-0.4/2428-83699-0007_melvoc.wav,fake,attack,none,reverb-rt60-0.4,rt60-0.4,I HAVE NEVER KNOWN A MADGE AND YET FROM MY BOYHOOD UPWARD I HAVE DESIRED TO MEET ONE,2428,5.704,16000,test,2428-83699-0007_melvoc_reverb-rt60-0.4
data/attacks/reverb-rt60-0.8/2428-83699-0007_melvoc.wav,fake,attack,none,reverb-rt60-0.8,rt60-0.8,I HAVE NEVER KNOWN A MADGE AND YET FROM MY BOYHOOD UPWARD I HAVE DESIRED TO MEET ONE,2428,5.704,16000,test,2428-83699-0007_melvoc_reverb-rt60-0.8
data/attacks/speed0.9/2428-83699-0007_melvoc.wav,fake,attack,none,speed0.9,speed0.9,I HAVE NEVER KNOWN A MADGE AND YET FROM MY BOYHOOD UPWARD I HAVE DESIRED TO MEET ONE,2428,6.338,16000,test,2428-83699-0007_melvoc_speed0.9
data/attacks/speed1.1/2428-83699-0007_melvoc.wav,fake,attack,none,speed1.1,speed1.1,I HAVE NEVER KNOWN A MADGE AND YET FROM MY BOYHOOD UPWARD I HAVE DESIRED TO MEET ONE,2428,5.185,16000,test,2428-83699-0007_melvoc_speed1.1
data/attacks/mp3-128k/2428-83699-0007_pitch.wav,fake,attack,none,mp3-128k,mp3-128k,I HAVE NEVER KNOWN A MADGE AND YET FROM MY BOYHOOD UPWARD I HAVE DESIRED TO MEET ONE,2428,5.71,16000,test,2428-83699-0007_pitch_mp3-128k
data/attacks/mp3-64k/2428-83699-0007_pitch.wav,fake,attack,none,mp3-64k,mp3-64k,I HAVE NEVER KNOWN A MADGE AND YET FROM MY BOYHOOD UPWARD I HAVE DESIRED TO MEET ONE,2428,5.71,16000,test,2428-83699-0007_pitch_mp3-64k
data/attacks/opus-32k/2428-83699-0007_pitch.wav,fake,attack,none,opus-32k,opus-32k,I HAVE NEVER KNOWN A MADGE AND YET FROM MY BOYHOOD UPWARD I HAVE DESIRED TO MEET ONE,2428,5.71,16000,test,2428-83699-0007_pitch_opus-32k
data/attacks/g711-8k/2428-83699-0007_pitch.wav,fake,attack,none,g711-8k,g711-8k,I HAVE NEVER KNOWN A MADGE AND YET FROM MY BOYHOOD UPWARD I HAVE DESIRED TO MEET ONE,2428,5.71,16000,test,2428-83699-0007_pitch_g711-8k
data/attacks/resample-8k/2428-83699-0007_pitch.wav,fake,attack,none,resample-8k,8k-roundtrip,I HAVE NEVER KNOWN A MADGE AND YET FROM MY BOYHOOD UPWARD I HAVE DESIRED TO MEET ONE,2428,5.71,16000,test,2428-83699-0007_pitch_resample-8k
data/attacks/awgn-snr5/2428-83699-0007_pitch.wav,fake,attack,none,awgn-snr5,snr5,I HAVE NEVER KNOWN A MADGE AND YET FROM MY BOYHOOD UPWARD I HAVE DESIRED TO MEET ONE,2428,5.71,16000,test,2428-83699-0007_pitch_awgn-snr5
data/attacks/awgn-snr10/2428-83699-0007_pitch.wav,fake,attack,none,awgn-snr10,snr10,I HAVE NEVER KNOWN A MADGE AND YET FROM MY BOYHOOD UPWARD I HAVE DESIRED TO MEET ONE,2428,5.71,16000,test,2428-83699-0007_pitch_awgn-snr10
data/attacks/awgn-snr20/2428-83699-0007_pitch.wav,fake,attack,none,awgn-snr20,snr20,I HAVE NEVER KNOWN A MADGE AND YET FROM MY BOYHOOD UPWARD I HAVE DESIRED TO MEET ONE,2428,5.71,16000,test,2428-83699-0007_pitch_awgn-snr20
data/attacks/bandpass-300-3400/2428-83699-0007_pitch.wav,fake,attack,none,bandpass-300-3400,bandpass300-3400,I HAVE NEVER KNOWN A MADGE AND YET FROM MY BOYHOOD UPWARD I HAVE DESIRED TO MEET ONE,2428,5.71,16000,test,2428-83699-0007_pitch_bandpass-300-3400
data/attacks/reverb-rt60-0.2/2428-83699-0007_pitch.wav,fake,attack,none,reverb-rt60-0.2,rt60-0.2,I HAVE NEVER KNOWN A MADGE AND YET FROM MY BOYHOOD UPWARD I HAVE DESIRED TO MEET ONE,2428,5.71,16000,test,2428-83699-0007_pitch_reverb-rt60-0.2
data/attacks/reverb-rt60-0.4/2428-83699-0007_pitch.wav,fake,attack,none,reverb-rt60-0.4,rt60-0.4,I HAVE NEVER KNOWN A MADGE AND YET FROM MY BOYHOOD UPWARD I HAVE DESIRED TO MEET ONE,2428,5.71,16000,test,2428-83699-0007_pitch_reverb-rt60-0.4
data/attacks/reverb-rt60-0.8/2428-83699-0007_pitch.wav,fake,attack,none,reverb-rt60-0.8,rt60-0.8,I HAVE NEVER KNOWN A MADGE AND YET FROM MY BOYHOOD UPWARD I HAVE DESIRED TO MEET ONE,2428,5.71,16000,test,2428-83699-0007_pitch_reverb-rt60-0.8
data/attacks/speed0.9/2428-83699-0007_pitch.wav,fake,attack,none,speed0.9,speed0.9,I HAVE NEVER KNOWN A MADGE AND YET FROM MY BOYHOOD UPWARD I HAVE DESIRED TO MEET ONE,2428,6.344,16000,test,2428-83699-0007_pitch_speed0.9
data/attacks/speed1.1/2428-83699-0007_pitch.wav,fake,attack,none,speed1.1,speed1.1,I HAVE NEVER KNOWN A MADGE AND YET FROM MY BOYHOOD UPWARD I HAVE DESIRED TO MEET ONE,2428,5.191,16000,test,2428-83699-0007_pitch_speed1.1
data/attacks/mp3-128k/2428-83699-0008_formant.wav,fake,attack,none,mp3-128k,mp3-128k,UNDER SUCH CIRCUMSTANCES SHE WAS HARDLY LIKELY TO BE LIVELY HERSELF BUT HER NAME WAS MADGE AND IT WAS THE ACCIDENT OF HER CHRISTIAN NAME WHICH DECIDED ME TO GO,2428,10.38,16000,test,2428-83699-0008_formant_mp3-128k
data/attacks/mp3-64k/2428-83699-0008_formant.wav,fake,attack,none,mp3-64k,mp3-64k,UNDER SUCH CIRCUMSTANCES SHE WAS HARDLY LIKELY TO BE LIVELY HERSELF BUT HER NAME WAS MADGE AND IT WAS THE ACCIDENT OF HER CHRISTIAN NAME WHICH DECIDED ME TO GO,2428,10.38,16000,test,2428-83699-0008_formant_mp3-64k
data/attacks/opus-32k/2428-83699-0008_formant.wav,fake,attack,none,opus-32k,opus-32k,UNDER SUCH CIRCUMSTANCES SHE WAS HARDLY LIKELY TO BE LIVELY HERSELF BUT HER NAME WAS MADGE AND IT WAS THE ACCIDENT OF HER CHRISTIAN NAME WHICH DECIDED ME TO GO,2428,10.38,16000,test,2428-83699-0008_formant_opus-32k
data/attacks/g711-8k/2428-83699-0008_formant.wav,fake,attack,none,g711-8k,g711-8k,UNDER SUCH CIRCUMSTANCES SHE WAS HARDLY LIKELY TO BE LIVELY HERSELF BUT HER NAME WAS MADGE AND IT WAS THE ACCIDENT OF HER CHRISTIAN NAME WHICH DECIDED ME TO GO,2428,10.38,16000,test,2428-83699-0008_formant_g711-8k
data/attacks/resample-8k/2428-83699-0008_formant.wav,fake,attack,none,resample-8k,8k-roundtrip,UNDER SUCH CIRCUMSTANCES SHE WAS HARDLY LIKELY TO BE LIVELY HERSELF BUT HER NAME WAS MADGE AND IT WAS THE ACCIDENT OF HER CHRISTIAN NAME WHICH DECIDED ME TO GO,2428,10.38,16000,test,2428-83699-0008_formant_resample-8k
data/attacks/awgn-snr5/2428-83699-0008_formant.wav,fake,attack,none,awgn-snr5,snr5,UNDER SUCH CIRCUMSTANCES SHE WAS HARDLY LIKELY TO BE LIVELY HERSELF BUT HER NAME WAS MADGE AND IT WAS THE ACCIDENT OF HER CHRISTIAN NAME WHICH DECIDED ME TO GO,2428,10.38,16000,test,2428-83699-0008_formant_awgn-snr5
data/attacks/awgn-snr10/2428-83699-0008_formant.wav,fake,attack,none,awgn-snr10,snr10,UNDER SUCH CIRCUMSTANCES SHE WAS HARDLY LIKELY TO BE LIVELY HERSELF BUT HER NAME WAS MADGE AND IT WAS THE ACCIDENT OF HER CHRISTIAN NAME WHICH DECIDED ME TO GO,2428,10.38,16000,test,2428-83699-0008_formant_awgn-snr10
data/attacks/awgn-snr20/2428-83699-0008_formant.wav,fake,attack,none,awgn-snr20,snr20,UNDER SUCH CIRCUMSTANCES SHE WAS HARDLY LIKELY TO BE LIVELY HERSELF BUT HER NAME WAS MADGE AND IT WAS THE ACCIDENT OF HER CHRISTIAN NAME WHICH DECIDED ME TO GO,2428,10.38,16000,test,2428-83699-0008_formant_awgn-snr20
data/attacks/bandpass-300-3400/2428-83699-0008_formant.wav,fake,attack,none,bandpass-300-3400,bandpass300-3400,UNDER SUCH CIRCUMSTANCES SHE WAS HARDLY LIKELY TO BE LIVELY HERSELF BUT HER NAME WAS MADGE AND IT WAS THE ACCIDENT OF HER CHRISTIAN NAME WHICH DECIDED ME TO GO,2428,10.38,16000,test,2428-83699-0008_formant_bandpass-300-3400
data/attacks/reverb-rt60-0.2/2428-83699-0008_formant.wav,fake,attack,none,reverb-rt60-0.2,rt60-0.2,UNDER SUCH CIRCUMSTANCES SHE WAS HARDLY LIKELY TO BE LIVELY HERSELF BUT HER NAME WAS MADGE AND IT WAS THE ACCIDENT OF HER CHRISTIAN NAME WHICH DECIDED ME TO GO,2428,10.38,16000,test,2428-83699-0008_formant_reverb-rt60-0.2
data/attacks/reverb-rt60-0.4/2428-83699-0008_formant.wav,fake,attack,none,reverb-rt60-0.4,rt60-0.4,UNDER SUCH CIRCUMSTANCES SHE WAS HARDLY LIKELY TO BE LIVELY HERSELF BUT HER NAME WAS MADGE AND IT WAS THE ACCIDENT OF HER CHRISTIAN NAME WHICH DECIDED ME TO GO,2428,10.38,16000,test,2428-83699-0008_formant_reverb-rt60-0.4
data/attacks/reverb-rt60-0.8/2428-83699-0008_formant.wav,fake,attack,none,reverb-rt60-0.8,rt60-0.8,UNDER SUCH CIRCUMSTANCES SHE WAS HARDLY LIKELY TO BE LIVELY HERSELF BUT HER NAME WAS MADGE AND IT WAS THE ACCIDENT OF HER CHRISTIAN NAME WHICH DECIDED ME TO GO,2428,10.38,16000,test,2428-83699-0008_formant_reverb-rt60-0.8
data/attacks/speed0.9/2428-83699-0008_formant.wav,fake,attack,none,speed0.9,speed0.9,UNDER SUCH CIRCUMSTANCES SHE WAS HARDLY LIKELY TO BE LIVELY HERSELF BUT HER NAME WAS MADGE AND IT WAS THE ACCIDENT OF HER CHRISTIAN NAME WHICH DECIDED ME TO GO,2428,11.533,16000,test,2428-83699-0008_formant_speed0.9
data/attacks/speed1.1/2428-83699-0008_formant.wav,fake,attack,none,speed1.1,speed1.1,UNDER SUCH CIRCUMSTANCES SHE WAS HARDLY LIKELY TO BE LIVELY HERSELF BUT HER NAME WAS MADGE AND IT WAS THE ACCIDENT OF HER CHRISTIAN NAME WHICH DECIDED ME TO GO,2428,9.436,16000,test,2428-83699-0008_formant_speed1.1
data/attacks/mp3-128k/3576-138058-0000_formant.wav,fake,attack,none,mp3-128k,mp3-128k,MASTER AND MAN DISMOUNTED FROM THEIR BEASTS AND AS SOON AS THEY HAD SETTLED THEMSELVES AT THE FOOT OF THE TREES SANCHO WHO HAD HAD A GOOD NOONTIDE MEAL THAT DAY LET HIMSELF WITHOUT MORE ADO PASS THE GATES OF SLEEP,3576,14.14,16000,test,3576-138058-0000_formant_mp3-128k
data/attacks/mp3-64k/3576-138058-0000_formant.wav,fake,attack,none,mp3-64k,mp3-64k,MASTER AND MAN DISMOUNTED FROM THEIR BEASTS AND AS SOON AS THEY HAD SETTLED THEMSELVES AT THE FOOT OF THE TREES SANCHO WHO HAD HAD A GOOD NOONTIDE MEAL THAT DAY LET HIMSELF WITHOUT MORE ADO PASS THE GATES OF SLEEP,3576,14.14,16000,test,3576-138058-0000_formant_mp3-64k
data/attacks/opus-32k/3576-138058-0000_formant.wav,fake,attack,none,opus-32k,opus-32k,MASTER AND MAN DISMOUNTED FROM THEIR BEASTS AND AS SOON AS THEY HAD SETTLED THEMSELVES AT THE FOOT OF THE TREES SANCHO WHO HAD HAD A GOOD NOONTIDE MEAL THAT DAY LET HIMSELF WITHOUT MORE ADO PASS THE GATES OF SLEEP,3576,14.14,16000,test,3576-138058-0000_formant_opus-32k
data/attacks/g711-8k/3576-138058-0000_formant.wav,fake,attack,none,g711-8k,g711-8k,MASTER AND MAN DISMOUNTED FROM THEIR BEASTS AND AS SOON AS THEY HAD SETTLED THEMSELVES AT THE FOOT OF THE TREES SANCHO WHO HAD HAD A GOOD NOONTIDE MEAL THAT DAY LET HIMSELF WITHOUT MORE ADO PASS THE GATES OF SLEEP,3576,14.14,16000,test,3576-138058-0000_formant_g711-8k
data/attacks/resample-8k/3576-138058-0000_formant.wav,fake,attack,none,resample-8k,8k-roundtrip,MASTER AND MAN DISMOUNTED FROM THEIR BEASTS AND AS SOON AS THEY HAD SETTLED THEMSELVES AT THE FOOT OF THE TREES SANCHO WHO HAD HAD A GOOD NOONTIDE MEAL THAT DAY LET HIMSELF WITHOUT MORE ADO PASS THE GATES OF SLEEP,3576,14.14,16000,test,3576-138058-0000_formant_resample-8k
data/attacks/awgn-snr5/3576-138058-0000_formant.wav,fake,attack,none,awgn-snr5,snr5,MASTER AND MAN DISMOUNTED FROM THEIR BEASTS AND AS SOON AS THEY HAD SETTLED THEMSELVES AT THE FOOT OF THE TREES SANCHO WHO HAD HAD A GOOD NOONTIDE MEAL THAT DAY LET HIMSELF WITHOUT MORE ADO PASS THE GATES OF SLEEP,3576,14.14,16000,test,3576-138058-0000_formant_awgn-snr5
data/attacks/awgn-snr10/3576-138058-0000_formant.wav,fake,attack,none,awgn-snr10,snr10,MASTER AND MAN DISMOUNTED FROM THEIR BEASTS AND AS SOON AS THEY HAD SETTLED THEMSELVES AT THE FOOT OF THE TREES SANCHO WHO HAD HAD A GOOD NOONTIDE MEAL THAT DAY LET HIMSELF WITHOUT MORE ADO PASS THE GATES OF SLEEP,3576,14.14,16000,test,3576-138058-0000_formant_awgn-snr10
data/attacks/awgn-snr20/3576-138058-0000_formant.wav,fake,attack,none,awgn-snr20,snr20,MASTER AND MAN DISMOUNTED FROM THEIR BEASTS AND AS SOON AS THEY HAD SETTLED THEMSELVES AT THE FOOT OF THE TREES SANCHO WHO HAD HAD A GOOD NOONTIDE MEAL THAT DAY LET HIMSELF WITHOUT MORE ADO PASS THE GATES OF SLEEP,3576,14.14,16000,test,3576-138058-0000_formant_awgn-snr20
data/attacks/bandpass-300-3400/3576-138058-0000_formant.wav,fake,attack,none,bandpass-300-3400,bandpass300-3400,MASTER AND MAN DISMOUNTED FROM THEIR BEASTS AND AS SOON AS THEY HAD SETTLED THEMSELVES AT THE FOOT OF THE TREES SANCHO WHO HAD HAD A GOOD NOONTIDE MEAL THAT DAY LET HIMSELF WITHOUT MORE ADO PASS THE GATES OF SLEEP,3576,14.14,16000,test,3576-138058-0000_formant_bandpass-300-3400
data/attacks/reverb-rt60-0.2/3576-138058-0000_formant.wav,fake,attack,none,reverb-rt60-0.2,rt60-0.2,MASTER AND MAN DISMOUNTED FROM THEIR BEASTS AND AS SOON AS THEY HAD SETTLED THEMSELVES AT THE FOOT OF THE TREES SANCHO WHO HAD HAD A GOOD NOONTIDE MEAL THAT DAY LET HIMSELF WITHOUT MORE ADO PASS THE GATES OF SLEEP,3576,14.14,16000,test,3576-138058-0000_formant_reverb-rt60-0.2
data/attacks/reverb-rt60-0.4/3576-138058-0000_formant.wav,fake,attack,none,reverb-rt60-0.4,rt60-0.4,MASTER AND MAN DISMOUNTED FROM THEIR BEASTS AND AS SOON AS THEY HAD SETTLED THEMSELVES AT THE FOOT OF THE TREES SANCHO WHO HAD HAD A GOOD NOONTIDE MEAL THAT DAY LET HIMSELF WITHOUT MORE ADO PASS THE GATES OF SLEEP,3576,14.14,16000,test,3576-138058-0000_formant_reverb-rt60-0.4
data/attacks/reverb-rt60-0.8/3576-138058-0000_formant.wav,fake,attack,none,reverb-rt60-0.8,rt60-0.8,MASTER AND MAN DISMOUNTED FROM THEIR BEASTS AND AS SOON AS THEY HAD SETTLED THEMSELVES AT THE FOOT OF THE TREES SANCHO WHO HAD HAD A GOOD NOONTIDE MEAL THAT DAY LET HIMSELF WITHOUT MORE ADO PASS THE GATES OF SLEEP,3576,14.14,16000,test,3576-138058-0000_formant_reverb-rt60-0.8
data/attacks/speed0.9/3576-138058-0000_formant.wav,fake,attack,none,speed0.9,speed0.9,MASTER AND MAN DISMOUNTED FROM THEIR BEASTS AND AS SOON AS THEY HAD SETTLED THEMSELVES AT THE FOOT OF THE TREES SANCHO WHO HAD HAD A GOOD NOONTIDE MEAL THAT DAY LET HIMSELF WITHOUT MORE ADO PASS THE GATES OF SLEEP,3576,15.711,16000,test,3576-138058-0000_formant_speed0.9
data/attacks/speed1.1/3576-138058-0000_formant.wav,fake,attack,none,speed1.1,speed1.1,MASTER AND MAN DISMOUNTED FROM THEIR BEASTS AND AS SOON AS THEY HAD SETTLED THEMSELVES AT THE FOOT OF THE TREES SANCHO WHO HAD HAD A GOOD NOONTIDE MEAL THAT DAY LET HIMSELF WITHOUT MORE ADO PASS THE GATES OF SLEEP,3576,12.855,16000,test,3576-138058-0000_formant_speed1.1
data/attacks/mp3-128k/3576-138058-0000_melvoc.wav,fake,attack,none,mp3-128k,mp3-128k,MASTER AND MAN DISMOUNTED FROM THEIR BEASTS AND AS SOON AS THEY HAD SETTLED THEMSELVES AT THE FOOT OF THE TREES SANCHO WHO HAD HAD A GOOD NOONTIDE MEAL THAT DAY LET HIMSELF WITHOUT MORE ADO PASS THE GATES OF SLEEP,3576,14.136,16000,test,3576-138058-0000_melvoc_mp3-128k
data/attacks/mp3-64k/3576-138058-0000_melvoc.wav,fake,attack,none,mp3-64k,mp3-64k,MASTER AND MAN DISMOUNTED FROM THEIR BEASTS AND AS SOON AS THEY HAD SETTLED THEMSELVES AT THE FOOT OF THE TREES SANCHO WHO HAD HAD A GOOD NOONTIDE MEAL THAT DAY LET HIMSELF WITHOUT MORE ADO PASS THE GATES OF SLEEP,3576,14.136,16000,test,3576-138058-0000_melvoc_mp3-64k
data/attacks/opus-32k/3576-138058-0000_melvoc.wav,fake,attack,none,opus-32k,opus-32k,MASTER AND MAN DISMOUNTED FROM THEIR BEASTS AND AS SOON AS THEY HAD SETTLED THEMSELVES AT THE FOOT OF THE TREES SANCHO WHO HAD HAD A GOOD NOONTIDE MEAL THAT DAY LET HIMSELF WITHOUT MORE ADO PASS THE GATES OF SLEEP,3576,14.136,16000,test,3576-138058-0000_melvoc_opus-32k
data/attacks/g711-8k/3576-138058-0000_melvoc.wav,fake,attack,none,g711-8k,g711-8k,MASTER AND MAN DISMOUNTED FROM THEIR BEASTS AND AS SOON AS THEY HAD SETTLED THEMSELVES AT THE FOOT OF THE TREES SANCHO WHO HAD HAD A GOOD NOONTIDE MEAL THAT DAY LET HIMSELF WITHOUT MORE ADO PASS THE GATES OF SLEEP,3576,14.136,16000,test,3576-138058-0000_melvoc_g711-8k
data/attacks/resample-8k/3576-138058-0000_melvoc.wav,fake,attack,none,resample-8k,8k-roundtrip,MASTER AND MAN DISMOUNTED FROM THEIR BEASTS AND AS SOON AS THEY HAD SETTLED THEMSELVES AT THE FOOT OF THE TREES SANCHO WHO HAD HAD A GOOD NOONTIDE MEAL THAT DAY LET HIMSELF WITHOUT MORE ADO PASS THE GATES OF SLEEP,3576,14.136,16000,test,3576-138058-0000_melvoc_resample-8k
data/attacks/awgn-snr5/3576-138058-0000_melvoc.wav,fake,attack,none,awgn-snr5,snr5,MASTER AND MAN DISMOUNTED FROM THEIR BEASTS AND AS SOON AS THEY HAD SETTLED THEMSELVES AT THE FOOT OF THE TREES SANCHO WHO HAD HAD A GOOD NOONTIDE MEAL THAT DAY LET HIMSELF WITHOUT MORE ADO PASS THE GATES OF SLEEP,3576,14.136,16000,test,3576-138058-0000_melvoc_awgn-snr5
data/attacks/awgn-snr10/3576-138058-0000_melvoc.wav,fake,attack,none,awgn-snr10,snr10,MASTER AND MAN DISMOUNTED FROM THEIR BEASTS AND AS SOON AS THEY HAD SETTLED THEMSELVES AT THE FOOT OF THE TREES SANCHO WHO HAD HAD A GOOD NOONTIDE MEAL THAT DAY LET HIMSELF WITHOUT MORE ADO PASS THE GATES OF SLEEP,3576,14.136,16000,test,3576-138058-0000_melvoc_awgn-snr10
data/attacks/awgn-snr20/3576-138058-0000_melvoc.wav,fake,attack,none,awgn-snr20,snr20,MASTER AND MAN DISMOUNTED FROM THEIR BEASTS AND AS SOON AS THEY HAD SETTLED THEMSELVES AT THE FOOT OF THE TREES SANCHO WHO HAD HAD A GOOD NOONTIDE MEAL THAT DAY LET HIMSELF WITHOUT MORE ADO PASS THE GATES OF SLEEP,3576,14.136,16000,test,3576-138058-0000_melvoc_awgn-snr20
data/attacks/bandpass-300-3400/3576-138058-0000_melvoc.wav,fake,attack,none,bandpass-300-3400,bandpass300-3400,MASTER AND MAN DISMOUNTED FROM THEIR BEASTS AND AS SOON AS THEY HAD SETTLED THEMSELVES AT THE FOOT OF THE TREES SANCHO WHO HAD HAD A GOOD NOONTIDE MEAL THAT DAY LET HIMSELF WITHOUT MORE ADO PASS THE GATES OF SLEEP,3576,14.136,16000,test,3576-138058-0000_melvoc_bandpass-300-3400
data/attacks/reverb-rt60-0.2/3576-138058-0000_melvoc.wav,fake,attack,none,reverb-rt60-0.2,rt60-0.2,MASTER AND MAN DISMOUNTED FROM THEIR BEASTS AND AS SOON AS THEY HAD SETTLED THEMSELVES AT THE FOOT OF THE TREES SANCHO WHO HAD HAD A GOOD NOONTIDE MEAL THAT DAY LET HIMSELF WITHOUT MORE ADO PASS THE GATES OF SLEEP,3576,14.136,16000,test,3576-138058-0000_melvoc_reverb-rt60-0.2
data/attacks/reverb-rt60-0.4/3576-138058-0000_melvoc.wav,fake,attack,none,reverb-rt60-0.4,rt60-0.4,MASTER AND MAN DISMOUNTED FROM THEIR BEASTS AND AS SOON AS THEY HAD SETTLED THEMSELVES AT THE FOOT OF THE TREES SANCHO WHO HAD HAD A GOOD NOONTIDE MEAL THAT DAY LET HIMSELF WITHOUT MORE ADO PASS THE GATES OF SLEEP,3576,14.136,16000,test,3576-138058-0000_melvoc_reverb-rt60-0.4
data/attacks/reverb-rt60-0.8/3576-138058-0000_melvoc.wav,fake,attack,none,reverb-rt60-0.8,rt60-0.8,MASTER AND MAN DISMOUNTED FROM THEIR BEASTS AND AS SOON AS THEY HAD SETTLED THEMSELVES AT THE FOOT OF THE TREES SANCHO WHO HAD HAD A GOOD NOONTIDE MEAL THAT DAY LET HIMSELF WITHOUT MORE ADO PASS THE GATES OF SLEEP,3576,14.136,16000,test,3576-138058-0000_melvoc_reverb-rt60-0.8
data/attacks/speed0.9/3576-138058-0000_melvoc.wav,fake,attack,none,speed0.9,speed0.9,MASTER AND MAN DISMOUNTED FROM THEIR BEASTS AND AS SOON AS THEY HAD SETTLED THEMSELVES AT THE FOOT OF THE TREES SANCHO WHO HAD HAD A GOOD NOONTIDE MEAL THAT DAY LET HIMSELF WITHOUT MORE ADO PASS THE GATES OF SLEEP,3576,15.707,16000,test,3576-138058-0000_melvoc_speed0.9
data/attacks/speed1.1/3576-138058-0000_melvoc.wav,fake,attack,none,speed1.1,speed1.1,MASTER AND MAN DISMOUNTED FROM THEIR BEASTS AND AS SOON AS THEY HAD SETTLED THEMSELVES AT THE FOOT OF THE TREES SANCHO WHO HAD HAD A GOOD NOONTIDE MEAL THAT DAY LET HIMSELF WITHOUT MORE ADO PASS THE GATES OF SLEEP,3576,12.851,16000,test,3576-138058-0000_melvoc_speed1.1
data/attacks/mp3-128k/3576-138058-0000_pitch.wav,fake,attack,none,mp3-128k,mp3-128k,MASTER AND MAN DISMOUNTED FROM THEIR BEASTS AND AS SOON AS THEY HAD SETTLED THEMSELVES AT THE FOOT OF THE TREES SANCHO WHO HAD HAD A GOOD NOONTIDE MEAL THAT DAY LET HIMSELF WITHOUT MORE ADO PASS THE GATES OF SLEEP,3576,14.14,16000,test,3576-138058-0000_pitch_mp3-128k
data/attacks/mp3-64k/3576-138058-0000_pitch.wav,fake,attack,none,mp3-64k,mp3-64k,MASTER AND MAN DISMOUNTED FROM THEIR BEASTS AND AS SOON AS THEY HAD SETTLED THEMSELVES AT THE FOOT OF THE TREES SANCHO WHO HAD HAD A GOOD NOONTIDE MEAL THAT DAY LET HIMSELF WITHOUT MORE ADO PASS THE GATES OF SLEEP,3576,14.14,16000,test,3576-138058-0000_pitch_mp3-64k
data/attacks/opus-32k/3576-138058-0000_pitch.wav,fake,attack,none,opus-32k,opus-32k,MASTER AND MAN DISMOUNTED FROM THEIR BEASTS AND AS SOON AS THEY HAD SETTLED THEMSELVES AT THE FOOT OF THE TREES SANCHO WHO HAD HAD A GOOD NOONTIDE MEAL THAT DAY LET HIMSELF WITHOUT MORE ADO PASS THE GATES OF SLEEP,3576,14.14,16000,test,3576-138058-0000_pitch_opus-32k
data/attacks/g711-8k/3576-138058-0000_pitch.wav,fake,attack,none,g711-8k,g711-8k,MASTER AND MAN DISMOUNTED FROM THEIR BEASTS AND AS SOON AS THEY HAD SETTLED THEMSELVES AT THE FOOT OF THE TREES SANCHO WHO HAD HAD A GOOD NOONTIDE MEAL THAT DAY LET HIMSELF WITHOUT MORE ADO PASS THE GATES OF SLEEP,3576,14.14,16000,test,3576-138058-0000_pitch_g711-8k
data/attacks/resample-8k/3576-138058-0000_pitch.wav,fake,attack,none,resample-8k,8k-roundtrip,MASTER AND MAN DISMOUNTED FROM THEIR BEASTS AND AS SOON AS THEY HAD SETTLED THEMSELVES AT THE FOOT OF THE TREES SANCHO WHO HAD HAD A GOOD NOONTIDE MEAL THAT DAY LET HIMSELF WITHOUT MORE ADO PASS THE GATES OF SLEEP,3576,14.14,16000,test,3576-138058-0000_pitch_resample-8k
data/attacks/awgn-snr5/3576-138058-0000_pitch.wav,fake,attack,none,awgn-snr5,snr5,MASTER AND MAN DISMOUNTED FROM THEIR BEASTS AND AS SOON AS THEY HAD SETTLED THEMSELVES AT THE FOOT OF THE TREES SANCHO WHO HAD HAD A GOOD NOONTIDE MEAL THAT DAY LET HIMSELF WITHOUT MORE ADO PASS THE GATES OF SLEEP,3576,14.14,16000,test,3576-138058-0000_pitch_awgn-snr5
data/attacks/awgn-snr10/3576-138058-0000_pitch.wav,fake,attack,none,awgn-snr10,snr10,MASTER AND MAN DISMOUNTED FROM THEIR BEASTS AND AS SOON AS THEY HAD SETTLED THEMSELVES AT THE FOOT OF THE TREES SANCHO WHO HAD HAD A GOOD NOONTIDE MEAL THAT DAY LET HIMSELF WITHOUT MORE ADO PASS THE GATES OF SLEEP,3576,14.14,16000,test,3576-138058-0000_pitch_awgn-snr10
data/attacks/awgn-snr20/3576-138058-0000_pitch.wav,fake,attack,none,awgn-snr20,snr20,MASTER AND MAN DISMOUNTED FROM THEIR BEASTS AND AS SOON AS THEY HAD SETTLED THEMSELVES AT THE FOOT OF THE TREES SANCHO WHO HAD HAD A GOOD NOONTIDE MEAL THAT DAY LET HIMSELF WITHOUT MORE ADO PASS THE GATES OF SLEEP,3576,14.14,16000,test,3576-138058-0000_pitch_awgn-snr20
data/attacks/bandpass-300-3400/3576-138058-0000_pitch.wav,fake,attack,none,bandpass-300-3400,bandpass300-3400,MASTER AND MAN DISMOUNTED FROM THEIR BEASTS AND AS SOON AS THEY HAD SETTLED THEMSELVES AT THE FOOT OF THE TREES SANCHO WHO HAD HAD A GOOD NOONTIDE MEAL THAT DAY LET HIMSELF WITHOUT MORE ADO PASS THE GATES OF SLEEP,3576,14.14,16000,test,3576-138058-0000_pitch_bandpass-300-3400
data/attacks/reverb-rt60-0.2/3576-138058-0000_pitch.wav,fake,attack,none,reverb-rt60-0.2,rt60-0.2,MASTER AND MAN DISMOUNTED FROM THEIR BEASTS AND AS SOON AS THEY HAD SETTLED THEMSELVES AT THE FOOT OF THE TREES SANCHO WHO HAD HAD A GOOD NOONTIDE MEAL THAT DAY LET HIMSELF WITHOUT MORE ADO PASS THE GATES OF SLEEP,3576,14.14,16000,test,3576-138058-0000_pitch_reverb-rt60-0.2
data/attacks/reverb-rt60-0.4/3576-138058-0000_pitch.wav,fake,attack,none,reverb-rt60-0.4,rt60-0.4,MASTER AND MAN DISMOUNTED FROM THEIR BEASTS AND AS SOON AS THEY HAD SETTLED THEMSELVES AT THE FOOT OF THE TREES SANCHO WHO HAD HAD A GOOD NOONTIDE MEAL THAT DAY LET HIMSELF WITHOUT MORE ADO PASS THE GATES OF SLEEP,3576,14.14,16000,test,3576-138058-0000_pitch_reverb-rt60-0.4
data/attacks/reverb-rt60-0.8/3576-138058-0000_pitch.wav,fake,attack,none,reverb-rt60-0.8,rt60-0.8,MASTER AND MAN DISMOUNTED FROM THEIR BEASTS AND AS SOON AS THEY HAD SETTLED THEMSELVES AT THE FOOT OF THE TREES SANCHO WHO HAD HAD A GOOD NOONTIDE MEAL THAT DAY LET HIMSELF WITHOUT MORE ADO PASS THE GATES OF SLEEP,3576,14.14,16000,test,3576-138058-0000_pitch_reverb-rt60-0.8
data/attacks/speed0.9/3576-138058-0000_pitch.wav,fake,attack,none,speed0.9,speed0.9,MASTER AND MAN DISMOUNTED FROM THEIR BEASTS AND AS SOON AS THEY HAD SETTLED THEMSELVES AT THE FOOT OF THE TREES SANCHO WHO HAD HAD A GOOD NOONTIDE MEAL THAT DAY LET HIMSELF WITHOUT MORE ADO PASS THE GATES OF SLEEP,3576,15.711,16000,test,3576-138058-0000_pitch_speed0.9
data/attacks/speed1.1/3576-138058-0000_pitch.wav,fake,attack,none,speed1.1,speed1.1,MASTER AND MAN DISMOUNTED FROM THEIR BEASTS AND AS SOON AS THEY HAD SETTLED THEMSELVES AT THE FOOT OF THE TREES SANCHO WHO HAD HAD A GOOD NOONTIDE MEAL THAT DAY LET HIMSELF WITHOUT MORE ADO PASS THE GATES OF SLEEP,3576,12.855,16000,test,3576-138058-0000_pitch_speed1.1
data/attacks/mp3-128k/3576-138058-0001_formant.wav,fake,attack,none,mp3-128k,mp3-128k,BUT DON QUIXOTE WHOM HIS THOUGHTS FAR MORE THAN HUNGER KEPT AWAKE COULD NOT CLOSE AN EYE AND ROAMED IN FANCY TO AND FRO THROUGH ALL SORTS OF PLACES,3576,10.78,16000,test,3576-138058-0001_formant_mp3-128k
data/attacks/mp3-64k/3576-138058-0001_formant.wav,fake,attack,none,mp3-64k,mp3-64k,BUT DON QUIXOTE WHOM HIS THOUGHTS FAR MORE THAN HUNGER KEPT AWAKE COULD NOT CLOSE AN EYE AND ROAMED IN FANCY TO AND FRO THROUGH ALL SORTS OF PLACES,3576,10.78,16000,test,3576-138058-0001_formant_mp3-64k
data/attacks/opus-32k/3576-138058-0001_formant.wav,fake,attack,none,opus-32k,opus-32k,BUT DON QUIXOTE WHOM HIS THOUGHTS FAR MORE THAN HUNGER KEPT AWAKE COULD NOT CLOSE AN EYE AND ROAMED IN FANCY TO AND FRO THROUGH ALL SORTS OF PLACES,3576,10.78,16000,test,3576-138058-0001_formant_opus-32k
data/attacks/g711-8k/3576-138058-0001_formant.wav,fake,attack,none,g711-8k,g711-8k,BUT DON QUIXOTE WHOM HIS THOUGHTS FAR MORE THAN HUNGER KEPT AWAKE COULD NOT CLOSE AN EYE AND ROAMED IN FANCY TO AND FRO THROUGH ALL SORTS OF PLACES,3576,10.78,16000,test,3576-138058-0001_formant_g711-8k
data/attacks/resample-8k/3576-138058-0001_formant.wav,fake,attack,none,resample-8k,8k-roundtrip,BUT DON QUIXOTE WHOM HIS THOUGHTS FAR MORE THAN HUNGER KEPT AWAKE COULD NOT CLOSE AN EYE AND ROAMED IN FANCY TO AND FRO THROUGH ALL SORTS OF PLACES,3576,10.78,16000,test,3576-138058-0001_formant_resample-8k
data/attacks/awgn-snr5/3576-138058-0001_formant.wav,fake,attack,none,awgn-snr5,snr5,BUT DON QUIXOTE WHOM HIS THOUGHTS FAR MORE THAN HUNGER KEPT AWAKE COULD NOT CLOSE AN EYE AND ROAMED IN FANCY TO AND FRO THROUGH ALL SORTS OF PLACES,3576,10.78,16000,test,3576-138058-0001_formant_awgn-snr5
data/attacks/awgn-snr10/3576-138058-0001_formant.wav,fake,attack,none,awgn-snr10,snr10,BUT DON QUIXOTE WHOM HIS THOUGHTS FAR MORE THAN HUNGER KEPT AWAKE COULD NOT CLOSE AN EYE AND ROAMED IN FANCY TO AND FRO THROUGH ALL SORTS OF PLACES,3576,10.78,16000,test,3576-138058-0001_formant_awgn-snr10
data/attacks/awgn-snr20/3576-138058-0001_formant.wav,fake,attack,none,awgn-snr20,snr20,BUT DON QUIXOTE WHOM HIS THOUGHTS FAR MORE THAN HUNGER KEPT AWAKE COULD NOT CLOSE AN EYE AND ROAMED IN FANCY TO AND FRO THROUGH ALL SORTS OF PLACES,3576,10.78,16000,test,3576-138058-0001_formant_awgn-snr20
data/attacks/bandpass-300-3400/3576-138058-0001_formant.wav,fake,attack,none,bandpass-300-3400,bandpass300-3400,BUT DON QUIXOTE WHOM HIS THOUGHTS FAR MORE THAN HUNGER KEPT AWAKE COULD NOT CLOSE AN EYE AND ROAMED IN FANCY TO AND FRO THROUGH ALL SORTS OF PLACES,3576,10.78,16000,test,3576-138058-0001_formant_bandpass-300-3400
data/attacks/reverb-rt60-0.2/3576-138058-0001_formant.wav,fake,attack,none,reverb-rt60-0.2,rt60-0.2,BUT DON QUIXOTE WHOM HIS THOUGHTS FAR MORE THAN HUNGER KEPT AWAKE COULD NOT CLOSE AN EYE AND ROAMED IN FANCY TO AND FRO THROUGH ALL SORTS OF PLACES,3576,10.78,16000,test,3576-138058-0001_formant_reverb-rt60-0.2
data/attacks/reverb-rt60-0.4/3576-138058-0001_formant.wav,fake,attack,none,reverb-rt60-0.4,rt60-0.4,BUT DON QUIXOTE WHOM HIS THOUGHTS FAR MORE THAN HUNGER KEPT AWAKE COULD NOT CLOSE AN EYE AND ROAMED IN FANCY TO AND FRO THROUGH ALL SORTS OF PLACES,3576,10.78,16000,test,3576-138058-0001_formant_reverb-rt60-0.4
data/attacks/reverb-rt60-0.8/3576-138058-0001_formant.wav,fake,attack,none,reverb-rt60-0.8,rt60-0.8,BUT DON QUIXOTE WHOM HIS THOUGHTS FAR MORE THAN HUNGER KEPT AWAKE COULD NOT CLOSE AN EYE AND ROAMED IN FANCY TO AND FRO THROUGH ALL SORTS OF PLACES,3576,10.78,16000,test,3576-138058-0001_formant_reverb-rt60-0.8
data/attacks/speed0.9/3576-138058-0001_formant.wav,fake,attack,none,speed0.9,speed0.9,BUT DON QUIXOTE WHOM HIS THOUGHTS FAR MORE THAN HUNGER KEPT AWAKE COULD NOT CLOSE AN EYE AND ROAMED IN FANCY TO AND FRO THROUGH ALL SORTS OF PLACES,3576,11.978,16000,test,3576-138058-0001_formant_speed0.9
data/attacks/speed1.1/3576-138058-0001_formant.wav,fake,attack,none,speed1.1,speed1.1,BUT DON QUIXOTE WHOM HIS THOUGHTS FAR MORE THAN HUNGER KEPT AWAKE COULD NOT CLOSE AN EYE AND ROAMED IN FANCY TO AND FRO THROUGH ALL SORTS OF PLACES,3576,9.8,16000,test,3576-138058-0001_formant_speed1.1
data/attacks/mp3-128k/3576-138058-0001_melvoc.wav,fake,attack,none,mp3-128k,mp3-128k,BUT DON QUIXOTE WHOM HIS THOUGHTS FAR MORE THAN HUNGER KEPT AWAKE COULD NOT CLOSE AN EYE AND ROAMED IN FANCY TO AND FRO THROUGH ALL SORTS OF PLACES,3576,10.776,16000,test,3576-138058-0001_melvoc_mp3-128k
data/attacks/mp3-64k/3576-138058-0001_melvoc.wav,fake,attack,none,mp3-64k,mp3-64k,BUT DON QUIXOTE WHOM HIS THOUGHTS FAR MORE THAN HUNGER KEPT AWAKE COULD NOT CLOSE AN EYE AND ROAMED IN FANCY TO AND FRO THROUGH ALL SORTS OF PLACES,3576,10.776,16000,test,3576-138058-0001_melvoc_mp3-64k
data/attacks/opus-32k/3576-138058-0001_melvoc.wav,fake,attack,none,opus-32k,opus-32k,BUT DON QUIXOTE WHOM HIS THOUGHTS FAR MORE THAN HUNGER KEPT AWAKE COULD NOT CLOSE AN EYE AND ROAMED IN FANCY TO AND FRO THROUGH ALL SORTS OF PLACES,3576,10.776,16000,test,3576-138058-0001_melvoc_opus-32k
data/attacks/g711-8k/3576-138058-0001_melvoc.wav,fake,attack,none,g711-8k,g711-8k,BUT DON QUIXOTE WHOM HIS THOUGHTS FAR MORE THAN HUNGER KEPT AWAKE COULD NOT CLOSE AN EYE AND ROAMED IN FANCY TO AND FRO THROUGH ALL SORTS OF PLACES,3576,10.776,16000,test,3576-138058-0001_melvoc_g711-8k
data/attacks/resample-8k/3576-138058-0001_melvoc.wav,fake,attack,none,resample-8k,8k-roundtrip,BUT DON QUIXOTE WHOM HIS THOUGHTS FAR MORE THAN HUNGER KEPT AWAKE COULD NOT CLOSE AN EYE AND ROAMED IN FANCY TO AND FRO THROUGH ALL SORTS OF PLACES,3576,10.776,16000,test,3576-138058-0001_melvoc_resample-8k
data/attacks/awgn-snr5/3576-138058-0001_melvoc.wav,fake,attack,none,awgn-snr5,snr5,BUT DON QUIXOTE WHOM HIS THOUGHTS FAR MORE THAN HUNGER KEPT AWAKE COULD NOT CLOSE AN EYE AND ROAMED IN FANCY TO AND FRO THROUGH ALL SORTS OF PLACES,3576,10.776,16000,test,3576-138058-0001_melvoc_awgn-snr5
data/attacks/awgn-snr10/3576-138058-0001_melvoc.wav,fake,attack,none,awgn-snr10,snr10,BUT DON QUIXOTE WHOM HIS THOUGHTS FAR MORE THAN HUNGER KEPT AWAKE COULD NOT CLOSE AN EYE AND ROAMED IN FANCY TO AND FRO THROUGH ALL SORTS OF PLACES,3576,10.776,16000,test,3576-138058-0001_melvoc_awgn-snr10
data/attacks/awgn-snr20/3576-138058-0001_melvoc.wav,fake,attack,none,awgn-snr20,snr20,BUT DON QUIXOTE WHOM HIS THOUGHTS FAR MORE THAN HUNGER KEPT AWAKE COULD NOT CLOSE AN EYE AND ROAMED IN FANCY TO AND FRO THROUGH ALL SORTS OF PLACES,3576,10.776,16000,test,3576-138058-0001_melvoc_awgn-snr20
data/attacks/bandpass-300-3400/3576-138058-0001_melvoc.wav,fake,attack,none,bandpass-300-3400,bandpass300-3400,BUT DON QUIXOTE WHOM HIS THOUGHTS FAR MORE THAN HUNGER KEPT AWAKE COULD NOT CLOSE AN EYE AND ROAMED IN FANCY TO AND FRO THROUGH ALL SORTS OF PLACES,3576,10.776,16000,test,3576-138058-0001_melvoc_bandpass-300-3400
data/attacks/reverb-rt60-0.2/3576-138058-0001_melvoc.wav,fake,attack,none,reverb-rt60-0.2,rt60-0.2,BUT DON QUIXOTE WHOM HIS THOUGHTS FAR MORE THAN HUNGER KEPT AWAKE COULD NOT CLOSE AN EYE AND ROAMED IN FANCY TO AND FRO THROUGH ALL SORTS OF PLACES,3576,10.776,16000,test,3576-138058-0001_melvoc_reverb-rt60-0.2
data/attacks/reverb-rt60-0.4/3576-138058-0001_melvoc.wav,fake,attack,none,reverb-rt60-0.4,rt60-0.4,BUT DON QUIXOTE WHOM HIS THOUGHTS FAR MORE THAN HUNGER KEPT AWAKE COULD NOT CLOSE AN EYE AND ROAMED IN FANCY TO AND FRO THROUGH ALL SORTS OF PLACES,3576,10.776,16000,test,3576-138058-0001_melvoc_reverb-rt60-0.4
data/attacks/reverb-rt60-0.8/3576-138058-0001_melvoc.wav,fake,attack,none,reverb-rt60-0.8,rt60-0.8,BUT DON QUIXOTE WHOM HIS THOUGHTS FAR MORE THAN HUNGER KEPT AWAKE COULD NOT CLOSE AN EYE AND ROAMED IN FANCY TO AND FRO THROUGH ALL SORTS OF PLACES,3576,10.776,16000,test,3576-138058-0001_melvoc_reverb-rt60-0.8
data/attacks/speed0.9/3576-138058-0001_melvoc.wav,fake,attack,none,speed0.9,speed0.9,BUT DON QUIXOTE WHOM HIS THOUGHTS FAR MORE THAN HUNGER KEPT AWAKE COULD NOT CLOSE AN EYE AND ROAMED IN FANCY TO AND FRO THROUGH ALL SORTS OF PLACES,3576,11.973,16000,test,3576-138058-0001_melvoc_speed0.9
data/attacks/speed1.1/3576-138058-0001_melvoc.wav,fake,attack,none,speed1.1,speed1.1,BUT DON QUIXOTE WHOM HIS THOUGHTS FAR MORE THAN HUNGER KEPT AWAKE COULD NOT CLOSE AN EYE AND ROAMED IN FANCY TO AND FRO THROUGH ALL SORTS OF PLACES,3576,9.796,16000,test,3576-138058-0001_melvoc_speed1.1
data/attacks/mp3-128k/3576-138058-0001_pitch.wav,fake,attack,none,mp3-128k,mp3-128k,BUT DON QUIXOTE WHOM HIS THOUGHTS FAR MORE THAN HUNGER KEPT AWAKE COULD NOT CLOSE AN EYE AND ROAMED IN FANCY TO AND FRO THROUGH ALL SORTS OF PLACES,3576,10.78,16000,test,3576-138058-0001_pitch_mp3-128k
data/attacks/mp3-64k/3576-138058-0001_pitch.wav,fake,attack,none,mp3-64k,mp3-64k,BUT DON QUIXOTE WHOM HIS THOUGHTS FAR MORE THAN HUNGER KEPT AWAKE COULD NOT CLOSE AN EYE AND ROAMED IN FANCY TO AND FRO THROUGH ALL SORTS OF PLACES,3576,10.78,16000,test,3576-138058-0001_pitch_mp3-64k
data/attacks/opus-32k/3576-138058-0001_pitch.wav,fake,attack,none,opus-32k,opus-32k,BUT DON QUIXOTE WHOM HIS THOUGHTS FAR MORE THAN HUNGER KEPT AWAKE COULD NOT CLOSE AN EYE AND ROAMED IN FANCY TO AND FRO THROUGH ALL SORTS OF PLACES,3576,10.78,16000,test,3576-138058-0001_pitch_opus-32k
data/attacks/g711-8k/3576-138058-0001_pitch.wav,fake,attack,none,g711-8k,g711-8k,BUT DON QUIXOTE WHOM HIS THOUGHTS FAR MORE THAN HUNGER KEPT AWAKE COULD NOT CLOSE AN EYE AND ROAMED IN FANCY TO AND FRO THROUGH ALL SORTS OF PLACES,3576,10.78,16000,test,3576-138058-0001_pitch_g711-8k
data/attacks/resample-8k/3576-138058-0001_pitch.wav,fake,attack,none,resample-8k,8k-roundtrip,BUT DON QUIXOTE WHOM HIS THOUGHTS FAR MORE THAN HUNGER KEPT AWAKE COULD NOT CLOSE AN EYE AND ROAMED IN FANCY TO AND FRO THROUGH ALL SORTS OF PLACES,3576,10.78,16000,test,3576-138058-0001_pitch_resample-8k
data/attacks/awgn-snr5/3576-138058-0001_pitch.wav,fake,attack,none,awgn-snr5,snr5,BUT DON QUIXOTE WHOM HIS THOUGHTS FAR MORE THAN HUNGER KEPT AWAKE COULD NOT CLOSE AN EYE AND ROAMED IN FANCY TO AND FRO THROUGH ALL SORTS OF PLACES,3576,10.78,16000,test,3576-138058-0001_pitch_awgn-snr5
data/attacks/awgn-snr10/3576-138058-0001_pitch.wav,fake,attack,none,awgn-snr10,snr10,BUT DON QUIXOTE WHOM HIS THOUGHTS FAR MORE THAN HUNGER KEPT AWAKE COULD NOT CLOSE AN EYE AND ROAMED IN FANCY TO AND FRO THROUGH ALL SORTS OF PLACES,3576,10.78,16000,test,3576-138058-0001_pitch_awgn-snr10
data/attacks/awgn-snr20/3576-138058-0001_pitch.wav,fake,attack,none,awgn-snr20,snr20,BUT DON QUIXOTE WHOM HIS THOUGHTS FAR MORE THAN HUNGER KEPT AWAKE COULD NOT CLOSE AN EYE AND ROAMED IN FANCY TO AND FRO THROUGH ALL SORTS OF PLACES,3576,10.78,16000,test,3576-138058-0001_pitch_awgn-snr20
data/attacks/bandpass-300-3400/3576-138058-0001_pitch.wav,fake,attack,none,bandpass-300-3400,bandpass300-3400,BUT DON QUIXOTE WHOM HIS THOUGHTS FAR MORE THAN HUNGER KEPT AWAKE COULD NOT CLOSE AN EYE AND ROAMED IN FANCY TO AND FRO THROUGH ALL SORTS OF PLACES,3576,10.78,16000,test,3576-138058-0001_pitch_bandpass-300-3400
data/attacks/reverb-rt60-0.2/3576-138058-0001_pitch.wav,fake,attack,none,reverb-rt60-0.2,rt60-0.2,BUT DON QUIXOTE WHOM HIS THOUGHTS FAR MORE THAN HUNGER KEPT AWAKE COULD NOT CLOSE AN EYE AND ROAMED IN FANCY TO AND FRO THROUGH ALL SORTS OF PLACES,3576,10.78,16000,test,3576-138058-0001_pitch_reverb-rt60-0.2
data/attacks/reverb-rt60-0.4/3576-138058-0001_pitch.wav,fake,attack,none,reverb-rt60-0.4,rt60-0.4,BUT DON QUIXOTE WHOM HIS THOUGHTS FAR MORE THAN HUNGER KEPT AWAKE COULD NOT CLOSE AN EYE AND ROAMED IN FANCY TO AND FRO THROUGH ALL SORTS OF PLACES,3576,10.78,16000,test,3576-138058-0001_pitch_reverb-rt60-0.4
data/attacks/reverb-rt60-0.8/3576-138058-0001_pitch.wav,fake,attack,none,reverb-rt60-0.8,rt60-0.8,BUT DON QUIXOTE WHOM HIS THOUGHTS FAR MORE THAN HUNGER KEPT AWAKE COULD NOT CLOSE AN EYE AND ROAMED IN FANCY TO AND FRO THROUGH ALL SORTS OF PLACES,3576,10.78,16000,test,3576-138058-0001_pitch_reverb-rt60-0.8
data/attacks/speed0.9/3576-138058-0001_pitch.wav,fake,attack,none,speed0.9,speed0.9,BUT DON QUIXOTE WHOM HIS THOUGHTS FAR MORE THAN HUNGER KEPT AWAKE COULD NOT CLOSE AN EYE AND ROAMED IN FANCY TO AND FRO THROUGH ALL SORTS OF PLACES,3576,11.978,16000,test,3576-138058-0001_pitch_speed0.9
data/attacks/speed1.1/3576-138058-0001_pitch.wav,fake,attack,none,speed1.1,speed1.1,BUT DON QUIXOTE WHOM HIS THOUGHTS FAR MORE THAN HUNGER KEPT AWAKE COULD NOT CLOSE AN EYE AND ROAMED IN FANCY TO AND FRO THROUGH ALL SORTS OF PLACES,3576,9.8,16000,test,3576-138058-0001_pitch_speed1.1
data/attacks/mp3-128k/3576-138058-0002_formant.wav,fake,attack,none,mp3-128k,mp3-128k,AT ONE MOMENT IT SEEMED TO HIM THAT HE WAS IN THE CAVE OF MONTESINOS AND SAW DULCINEA TRANSFORMED INTO A COUNTRY WENCH SKIPPING AND MOUNTING UPON HER SHE ASS AGAIN THAT THE WORDS OF THE SAGE MERLIN WERE SOUNDING IN HIS EARS SETTING FORTH THE CONDITIONS TO BE OBSERVED AND THE EXERTIONS TO BE MADE FOR THE DISENCHANTMENT OF DULCINEA,3576,22.33,16000,test,3576-138058-0002_formant_mp3-128k
data/attacks/mp3-64k/3576-138058-0002_formant.wav,fake,attack,none,mp3-64k,mp3-64k,AT ONE MOMENT IT SEEMED TO HIM THAT HE WAS IN THE CAVE OF MONTESINOS AND SAW DULCINEA TRANSFORMED INTO A COUNTRY WENCH SKIPPING AND MOUNTING UPON HER SHE ASS AGAIN THAT THE WORDS OF THE SAGE MERLIN WERE SOUNDING IN HIS EARS SETTING FORTH THE CONDITIONS TO BE OBSERVED AND THE EXERTIONS TO BE MADE FOR THE DISENCHANTMENT OF DULCINEA,3576,22.33,16000,test,3576-138058-0002_formant_mp3-64k
data/attacks/opus-32k/3576-138058-0002_formant.wav,fake,attack,none,opus-32k,opus-32k,AT ONE MOMENT IT SEEMED TO HIM THAT HE WAS IN THE CAVE OF MONTESINOS AND SAW DULCINEA TRANSFORMED INTO A COUNTRY WENCH SKIPPING AND MOUNTING UPON HER SHE ASS AGAIN THAT THE WORDS OF THE SAGE MERLIN WERE SOUNDING IN HIS EARS SETTING FORTH THE CONDITIONS TO BE OBSERVED AND THE EXERTIONS TO BE MADE FOR THE DISENCHANTMENT OF DULCINEA,3576,22.33,16000,test,3576-138058-0002_formant_opus-32k
data/attacks/g711-8k/3576-138058-0002_formant.wav,fake,attack,none,g711-8k,g711-8k,AT ONE MOMENT IT SEEMED TO HIM THAT HE WAS IN THE CAVE OF MONTESINOS AND SAW DULCINEA TRANSFORMED INTO A COUNTRY WENCH SKIPPING AND MOUNTING UPON HER SHE ASS AGAIN THAT THE WORDS OF THE SAGE MERLIN WERE SOUNDING IN HIS EARS SETTING FORTH THE CONDITIONS TO BE OBSERVED AND THE EXERTIONS TO BE MADE FOR THE DISENCHANTMENT OF DULCINEA,3576,22.33,16000,test,3576-138058-0002_formant_g711-8k
data/attacks/resample-8k/3576-138058-0002_formant.wav,fake,attack,none,resample-8k,8k-roundtrip,AT ONE MOMENT IT SEEMED TO HIM THAT HE WAS IN THE CAVE OF MONTESINOS AND SAW DULCINEA TRANSFORMED INTO A COUNTRY WENCH SKIPPING AND MOUNTING UPON HER SHE ASS AGAIN THAT THE WORDS OF THE SAGE MERLIN WERE SOUNDING IN HIS EARS SETTING FORTH THE CONDITIONS TO BE OBSERVED AND THE EXERTIONS TO BE MADE FOR THE DISENCHANTMENT OF DULCINEA,3576,22.33,16000,test,3576-138058-0002_formant_resample-8k
data/attacks/awgn-snr5/3576-138058-0002_formant.wav,fake,attack,none,awgn-snr5,snr5,AT ONE MOMENT IT SEEMED TO HIM THAT HE WAS IN THE CAVE OF MONTESINOS AND SAW DULCINEA TRANSFORMED INTO A COUNTRY WENCH SKIPPING AND MOUNTING UPON HER SHE ASS AGAIN THAT THE WORDS OF THE SAGE MERLIN WERE SOUNDING IN HIS EARS SETTING FORTH THE CONDITIONS TO BE OBSERVED AND THE EXERTIONS TO BE MADE FOR THE DISENCHANTMENT OF DULCINEA,3576,22.33,16000,test,3576-138058-0002_formant_awgn-snr5
data/attacks/awgn-snr10/3576-138058-0002_formant.wav,fake,attack,none,awgn-snr10,snr10,AT ONE MOMENT IT SEEMED TO HIM THAT HE WAS IN THE CAVE OF MONTESINOS AND SAW DULCINEA TRANSFORMED INTO A COUNTRY WENCH SKIPPING AND MOUNTING UPON HER SHE ASS AGAIN THAT THE WORDS OF THE SAGE MERLIN WERE SOUNDING IN HIS EARS SETTING FORTH THE CONDITIONS TO BE OBSERVED AND THE EXERTIONS TO BE MADE FOR THE DISENCHANTMENT OF DULCINEA,3576,22.33,16000,test,3576-138058-0002_formant_awgn-snr10
data/attacks/awgn-snr20/3576-138058-0002_formant.wav,fake,attack,none,awgn-snr20,snr20,AT ONE MOMENT IT SEEMED TO HIM THAT HE WAS IN THE CAVE OF MONTESINOS AND SAW DULCINEA TRANSFORMED INTO A COUNTRY WENCH SKIPPING AND MOUNTING UPON HER SHE ASS AGAIN THAT THE WORDS OF THE SAGE MERLIN WERE SOUNDING IN HIS EARS SETTING FORTH THE CONDITIONS TO BE OBSERVED AND THE EXERTIONS TO BE MADE FOR THE DISENCHANTMENT OF DULCINEA,3576,22.33,16000,test,3576-138058-0002_formant_awgn-snr20
data/attacks/bandpass-300-3400/3576-138058-0002_formant.wav,fake,attack,none,bandpass-300-3400,bandpass300-3400,AT ONE MOMENT IT SEEMED TO HIM THAT HE WAS IN THE CAVE OF MONTESINOS AND SAW DULCINEA TRANSFORMED INTO A COUNTRY WENCH SKIPPING AND MOUNTING UPON HER SHE ASS AGAIN THAT THE WORDS OF THE SAGE MERLIN WERE SOUNDING IN HIS EARS SETTING FORTH THE CONDITIONS TO BE OBSERVED AND THE EXERTIONS TO BE MADE FOR THE DISENCHANTMENT OF DULCINEA,3576,22.33,16000,test,3576-138058-0002_formant_bandpass-300-3400
data/attacks/reverb-rt60-0.2/3576-138058-0002_formant.wav,fake,attack,none,reverb-rt60-0.2,rt60-0.2,AT ONE MOMENT IT SEEMED TO HIM THAT HE WAS IN THE CAVE OF MONTESINOS AND SAW DULCINEA TRANSFORMED INTO A COUNTRY WENCH SKIPPING AND MOUNTING UPON HER SHE ASS AGAIN THAT THE WORDS OF THE SAGE MERLIN WERE SOUNDING IN HIS EARS SETTING FORTH THE CONDITIONS TO BE OBSERVED AND THE EXERTIONS TO BE MADE FOR THE DISENCHANTMENT OF DULCINEA,3576,22.33,16000,test,3576-138058-0002_formant_reverb-rt60-0.2
data/attacks/reverb-rt60-0.4/3576-138058-0002_formant.wav,fake,attack,none,reverb-rt60-0.4,rt60-0.4,AT ONE MOMENT IT SEEMED TO HIM THAT HE WAS IN THE CAVE OF MONTESINOS AND SAW DULCINEA TRANSFORMED INTO A COUNTRY WENCH SKIPPING AND MOUNTING UPON HER SHE ASS AGAIN THAT THE WORDS OF THE SAGE MERLIN WERE SOUNDING IN HIS EARS SETTING FORTH THE CONDITIONS TO BE OBSERVED AND THE EXERTIONS TO BE MADE FOR THE DISENCHANTMENT OF DULCINEA,3576,22.33,16000,test,3576-138058-0002_formant_reverb-rt60-0.4
data/attacks/reverb-rt60-0.8/3576-138058-0002_formant.wav,fake,attack,none,reverb-rt60-0.8,rt60-0.8,AT ONE MOMENT IT SEEMED TO HIM THAT HE WAS IN THE CAVE OF MONTESINOS AND SAW DULCINEA TRANSFORMED INTO A COUNTRY WENCH SKIPPING AND MOUNTING UPON HER SHE ASS AGAIN THAT THE WORDS OF THE SAGE MERLIN WERE SOUNDING IN HIS EARS SETTING FORTH THE CONDITIONS TO BE OBSERVED AND THE EXERTIONS TO BE MADE FOR THE DISENCHANTMENT OF DULCINEA,3576,22.33,16000,test,3576-138058-0002_formant_reverb-rt60-0.8
data/attacks/speed0.9/3576-138058-0002_formant.wav,fake,attack,none,speed0.9,speed0.9,AT ONE MOMENT IT SEEMED TO HIM THAT HE WAS IN THE CAVE OF MONTESINOS AND SAW DULCINEA TRANSFORMED INTO A COUNTRY WENCH SKIPPING AND MOUNTING UPON HER SHE ASS AGAIN THAT THE WORDS OF THE SAGE MERLIN WERE SOUNDING IN HIS EARS SETTING FORTH THE CONDITIONS TO BE OBSERVED AND THE EXERTIONS TO BE MADE FOR THE DISENCHANTMENT OF DULCINEA,3576,24.811,16000,test,3576-138058-0002_formant_speed0.9
data/attacks/speed1.1/3576-138058-0002_formant.wav,fake,attack,none,speed1.1,speed1.1,AT ONE MOMENT IT SEEMED TO HIM THAT HE WAS IN THE CAVE OF MONTESINOS AND SAW DULCINEA TRANSFORMED INTO A COUNTRY WENCH SKIPPING AND MOUNTING UPON HER SHE ASS AGAIN THAT THE WORDS OF THE SAGE MERLIN WERE SOUNDING IN HIS EARS SETTING FORTH THE CONDITIONS TO BE OBSERVED AND THE EXERTIONS TO BE MADE FOR THE DISENCHANTMENT OF DULCINEA,3576,20.3,16000,test,3576-138058-0002_formant_speed1.1
data/attacks/mp3-128k/3576-138058-0002_melvoc.wav,fake,attack,none,mp3-128k,mp3-128k,AT ONE MOMENT IT SEEMED TO HIM THAT HE WAS IN THE CAVE OF MONTESINOS AND SAW DULCINEA TRANSFORMED INTO A COUNTRY WENCH SKIPPING AND MOUNTING UPON HER SHE ASS AGAIN THAT THE WORDS OF THE SAGE MERLIN WERE SOUNDING IN HIS EARS SETTING FORTH THE CONDITIONS TO BE OBSERVED AND THE EXERTIONS TO BE MADE FOR THE DISENCHANTMENT OF DULCINEA,3576,22.328,16000,test,3576-138058-0002_melvoc_mp3-128k
data/attacks/mp3-64k/3576-138058-0002_melvoc.wav,fake,attack,none,mp3-64k,mp3-64k,AT ONE MOMENT IT SEEMED TO HIM THAT HE WAS IN THE CAVE OF MONTESINOS AND SAW DULCINEA TRANSFORMED INTO A COUNTRY WENCH SKIPPING AND MOUNTING UPON HER SHE ASS AGAIN THAT THE WORDS OF THE SAGE MERLIN WERE SOUNDING IN HIS EARS SETTING FORTH THE CONDITIONS TO BE OBSERVED AND THE EXERTIONS TO BE MADE FOR THE DISENCHANTMENT OF DULCINEA,3576,22.328,16000,test,3576-138058-0002_melvoc_mp3-64k
data/attacks/opus-32k/3576-138058-0002_melvoc.wav,fake,attack,none,opus-32k,opus-32k,AT ONE MOMENT IT SEEMED TO HIM THAT HE WAS IN THE CAVE OF MONTESINOS AND SAW DULCINEA TRANSFORMED INTO A COUNTRY WENCH SKIPPING AND MOUNTING UPON HER SHE ASS AGAIN THAT THE WORDS OF THE SAGE MERLIN WERE SOUNDING IN HIS EARS SETTING FORTH THE CONDITIONS TO BE OBSERVED AND THE EXERTIONS TO BE MADE FOR THE DISENCHANTMENT OF DULCINEA,3576,22.328,16000,test,3576-138058-0002_melvoc_opus-32k
data/attacks/g711-8k/3576-138058-0002_melvoc.wav,fake,attack,none,g711-8k,g711-8k,AT ONE MOMENT IT SEEMED TO HIM THAT HE WAS IN THE CAVE OF MONTESINOS AND SAW DULCINEA TRANSFORMED INTO A COUNTRY WENCH SKIPPING AND MOUNTING UPON HER SHE ASS AGAIN THAT THE WORDS OF THE SAGE MERLIN WERE SOUNDING IN HIS EARS SETTING FORTH THE CONDITIONS TO BE OBSERVED AND THE EXERTIONS TO BE MADE FOR THE DISENCHANTMENT OF DULCINEA,3576,22.328,16000,test,3576-138058-0002_melvoc_g711-8k
data/attacks/resample-8k/3576-138058-0002_melvoc.wav,fake,attack,none,resample-8k,8k-roundtrip,AT ONE MOMENT IT SEEMED TO HIM THAT HE WAS IN THE CAVE OF MONTESINOS AND SAW DULCINEA TRANSFORMED INTO A COUNTRY WENCH SKIPPING AND MOUNTING UPON HER SHE ASS AGAIN THAT THE WORDS OF THE SAGE MERLIN WERE SOUNDING IN HIS EARS SETTING FORTH THE CONDITIONS TO BE OBSERVED AND THE EXERTIONS TO BE MADE FOR THE DISENCHANTMENT OF DULCINEA,3576,22.328,16000,test,3576-138058-0002_melvoc_resample-8k
data/attacks/awgn-snr5/3576-138058-0002_melvoc.wav,fake,attack,none,awgn-snr5,snr5,AT ONE MOMENT IT SEEMED TO HIM THAT HE WAS IN THE CAVE OF MONTESINOS AND SAW DULCINEA TRANSFORMED INTO A COUNTRY WENCH SKIPPING AND MOUNTING UPON HER SHE ASS AGAIN THAT THE WORDS OF THE SAGE MERLIN WERE SOUNDING IN HIS EARS SETTING FORTH THE CONDITIONS TO BE OBSERVED AND THE EXERTIONS TO BE MADE FOR THE DISENCHANTMENT OF DULCINEA,3576,22.328,16000,test,3576-138058-0002_melvoc_awgn-snr5
data/attacks/awgn-snr10/3576-138058-0002_melvoc.wav,fake,attack,none,awgn-snr10,snr10,AT ONE MOMENT IT SEEMED TO HIM THAT HE WAS IN THE CAVE OF MONTESINOS AND SAW DULCINEA TRANSFORMED INTO A COUNTRY WENCH SKIPPING AND MOUNTING UPON HER SHE ASS AGAIN THAT THE WORDS OF THE SAGE MERLIN WERE SOUNDING IN HIS EARS SETTING FORTH THE CONDITIONS TO BE OBSERVED AND THE EXERTIONS TO BE MADE FOR THE DISENCHANTMENT OF DULCINEA,3576,22.328,16000,test,3576-138058-0002_melvoc_awgn-snr10
data/attacks/awgn-snr20/3576-138058-0002_melvoc.wav,fake,attack,none,awgn-snr20,snr20,AT ONE MOMENT IT SEEMED TO HIM THAT HE WAS IN THE CAVE OF MONTESINOS AND SAW DULCINEA TRANSFORMED INTO A COUNTRY WENCH SKIPPING AND MOUNTING UPON HER SHE ASS AGAIN THAT THE WORDS OF THE SAGE MERLIN WERE SOUNDING IN HIS EARS SETTING FORTH THE CONDITIONS TO BE OBSERVED AND THE EXERTIONS TO BE MADE FOR THE DISENCHANTMENT OF DULCINEA,3576,22.328,16000,test,3576-138058-0002_melvoc_awgn-snr20
data/attacks/bandpass-300-3400/3576-138058-0002_melvoc.wav,fake,attack,none,bandpass-300-3400,bandpass300-3400,AT ONE MOMENT IT SEEMED TO HIM THAT HE WAS IN THE CAVE OF MONTESINOS AND SAW DULCINEA TRANSFORMED INTO A COUNTRY WENCH SKIPPING AND MOUNTING UPON HER SHE ASS AGAIN THAT THE WORDS OF THE SAGE MERLIN WERE SOUNDING IN HIS EARS SETTING FORTH THE CONDITIONS TO BE OBSERVED AND THE EXERTIONS TO BE MADE FOR THE DISENCHANTMENT OF DULCINEA,3576,22.328,16000,test,3576-138058-0002_melvoc_bandpass-300-3400
data/attacks/reverb-rt60-0.2/3576-138058-0002_melvoc.wav,fake,attack,none,reverb-rt60-0.2,rt60-0.2,AT ONE MOMENT IT SEEMED TO HIM THAT HE WAS IN THE CAVE OF MONTESINOS AND SAW DULCINEA TRANSFORMED INTO A COUNTRY WENCH SKIPPING AND MOUNTING UPON HER SHE ASS AGAIN THAT THE WORDS OF THE SAGE MERLIN WERE SOUNDING IN HIS EARS SETTING FORTH THE CONDITIONS TO BE OBSERVED AND THE EXERTIONS TO BE MADE FOR THE DISENCHANTMENT OF DULCINEA,3576,22.328,16000,test,3576-138058-0002_melvoc_reverb-rt60-0.2
data/attacks/reverb-rt60-0.4/3576-138058-0002_melvoc.wav,fake,attack,none,reverb-rt60-0.4,rt60-0.4,AT ONE MOMENT IT SEEMED TO HIM THAT HE WAS IN THE CAVE OF MONTESINOS AND SAW DULCINEA TRANSFORMED INTO A COUNTRY WENCH SKIPPING AND MOUNTING UPON HER SHE ASS AGAIN THAT THE WORDS OF THE SAGE MERLIN WERE SOUNDING IN HIS EARS SETTING FORTH THE CONDITIONS TO BE OBSERVED AND THE EXERTIONS TO BE MADE FOR THE DISENCHANTMENT OF DULCINEA,3576,22.328,16000,test,3576-138058-0002_melvoc_reverb-rt60-0.4
data/attacks/reverb-rt60-0.8/3576-138058-0002_melvoc.wav,fake,attack,none,reverb-rt60-0.8,rt60-0.8,AT ONE MOMENT IT SEEMED TO HIM THAT HE WAS IN THE CAVE OF MONTESINOS AND SAW DULCINEA TRANSFORMED INTO A COUNTRY WENCH SKIPPING AND MOUNTING UPON HER SHE ASS AGAIN THAT THE WORDS OF THE SAGE MERLIN WERE SOUNDING IN HIS EARS SETTING FORTH THE CONDITIONS TO BE OBSERVED AND THE EXERTIONS TO BE MADE FOR THE DISENCHANTMENT OF DULCINEA,3576,22.328,16000,test,3576-138058-0002_melvoc_reverb-rt60-0.8
data/attacks/speed0.9/3576-138058-0002_melvoc.wav,fake,attack,none,speed0.9,speed0.9,AT ONE MOMENT IT SEEMED TO HIM THAT HE WAS IN THE CAVE OF MONTESINOS AND SAW DULCINEA TRANSFORMED INTO A COUNTRY WENCH SKIPPING AND MOUNTING UPON HER SHE ASS AGAIN THAT THE WORDS OF THE SAGE MERLIN WERE SOUNDING IN HIS EARS SETTING FORTH THE CONDITIONS TO BE OBSERVED AND THE EXERTIONS TO BE MADE FOR THE DISENCHANTMENT OF DULCINEA,3576,24.809,16000,test,3576-138058-0002_melvoc_speed0.9
data/attacks/speed1.1/3576-138058-0002_melvoc.wav,fake,attack,none,speed1.1,speed1.1,AT ONE MOMENT IT SEEMED TO HIM THAT HE WAS IN THE CAVE OF MONTESINOS AND SAW DULCINEA TRANSFORMED INTO A COUNTRY WENCH SKIPPING AND MOUNTING UPON HER SHE ASS AGAIN THAT THE WORDS OF THE SAGE MERLIN WERE SOUNDING IN HIS EARS SETTING FORTH THE CONDITIONS TO BE OBSERVED AND THE EXERTIONS TO BE MADE FOR THE DISENCHANTMENT OF DULCINEA,3576,20.298,16000,test,3576-138058-0002_melvoc_speed1.1
data/attacks/mp3-128k/3576-138058-0002_pitch.wav,fake,attack,none,mp3-128k,mp3-128k,AT ONE MOMENT IT SEEMED TO HIM THAT HE WAS IN THE CAVE OF MONTESINOS AND SAW DULCINEA TRANSFORMED INTO A COUNTRY WENCH SKIPPING AND MOUNTING UPON HER SHE ASS AGAIN THAT THE WORDS OF THE SAGE MERLIN WERE SOUNDING IN HIS EARS SETTING FORTH THE CONDITIONS TO BE OBSERVED AND THE EXERTIONS TO BE MADE FOR THE DISENCHANTMENT OF DULCINEA,3576,22.33,16000,test,3576-138058-0002_pitch_mp3-128k
data/attacks/mp3-64k/3576-138058-0002_pitch.wav,fake,attack,none,mp3-64k,mp3-64k,AT ONE MOMENT IT SEEMED TO HIM THAT HE WAS IN THE CAVE OF MONTESINOS AND SAW DULCINEA TRANSFORMED INTO A COUNTRY WENCH SKIPPING AND MOUNTING UPON HER SHE ASS AGAIN THAT THE WORDS OF THE SAGE MERLIN WERE SOUNDING IN HIS EARS SETTING FORTH THE CONDITIONS TO BE OBSERVED AND THE EXERTIONS TO BE MADE FOR THE DISENCHANTMENT OF DULCINEA,3576,22.33,16000,test,3576-138058-0002_pitch_mp3-64k
data/attacks/opus-32k/3576-138058-0002_pitch.wav,fake,attack,none,opus-32k,opus-32k,AT ONE MOMENT IT SEEMED TO HIM THAT HE WAS IN THE CAVE OF MONTESINOS AND SAW DULCINEA TRANSFORMED INTO A COUNTRY WENCH SKIPPING AND MOUNTING UPON HER SHE ASS AGAIN THAT THE WORDS OF THE SAGE MERLIN WERE SOUNDING IN HIS EARS SETTING FORTH THE CONDITIONS TO BE OBSERVED AND THE EXERTIONS TO BE MADE FOR THE DISENCHANTMENT OF DULCINEA,3576,22.33,16000,test,3576-138058-0002_pitch_opus-32k
data/attacks/g711-8k/3576-138058-0002_pitch.wav,fake,attack,none,g711-8k,g711-8k,AT ONE MOMENT IT SEEMED TO HIM THAT HE WAS IN THE CAVE OF MONTESINOS AND SAW DULCINEA TRANSFORMED INTO A COUNTRY WENCH SKIPPING AND MOUNTING UPON HER SHE ASS AGAIN THAT THE WORDS OF THE SAGE MERLIN WERE SOUNDING IN HIS EARS SETTING FORTH THE CONDITIONS TO BE OBSERVED AND THE EXERTIONS TO BE MADE FOR THE DISENCHANTMENT OF DULCINEA,3576,22.33,16000,test,3576-138058-0002_pitch_g711-8k
data/attacks/resample-8k/3576-138058-0002_pitch.wav,fake,attack,none,resample-8k,8k-roundtrip,AT ONE MOMENT IT SEEMED TO HIM THAT HE WAS IN THE CAVE OF MONTESINOS AND SAW DULCINEA TRANSFORMED INTO A COUNTRY WENCH SKIPPING AND MOUNTING UPON HER SHE ASS AGAIN THAT THE WORDS OF THE SAGE MERLIN WERE SOUNDING IN HIS EARS SETTING FORTH THE CONDITIONS TO BE OBSERVED AND THE EXERTIONS TO BE MADE FOR THE DISENCHANTMENT OF DULCINEA,3576,22.33,16000,test,3576-138058-0002_pitch_resample-8k
data/attacks/awgn-snr5/3576-138058-0002_pitch.wav,fake,attack,none,awgn-snr5,snr5,AT ONE MOMENT IT SEEMED TO HIM THAT HE WAS IN THE CAVE OF MONTESINOS AND SAW DULCINEA TRANSFORMED INTO A COUNTRY WENCH SKIPPING AND MOUNTING UPON HER SHE ASS AGAIN THAT THE WORDS OF THE SAGE MERLIN WERE SOUNDING IN HIS EARS SETTING FORTH THE CONDITIONS TO BE OBSERVED AND THE EXERTIONS TO BE MADE FOR THE DISENCHANTMENT OF DULCINEA,3576,22.33,16000,test,3576-138058-0002_pitch_awgn-snr5
data/attacks/awgn-snr10/3576-138058-0002_pitch.wav,fake,attack,none,awgn-snr10,snr10,AT ONE MOMENT IT SEEMED TO HIM THAT HE WAS IN THE CAVE OF MONTESINOS AND SAW DULCINEA TRANSFORMED INTO A COUNTRY WENCH SKIPPING AND MOUNTING UPON HER SHE ASS AGAIN THAT THE WORDS OF THE SAGE MERLIN WERE SOUNDING IN HIS EARS SETTING FORTH THE CONDITIONS TO BE OBSERVED AND THE EXERTIONS TO BE MADE FOR THE DISENCHANTMENT OF DULCINEA,3576,22.33,16000,test,3576-138058-0002_pitch_awgn-snr10
data/attacks/awgn-snr20/3576-138058-0002_pitch.wav,fake,attack,none,awgn-snr20,snr20,AT ONE MOMENT IT SEEMED TO HIM THAT HE WAS IN THE CAVE OF MONTESINOS AND SAW DULCINEA TRANSFORMED INTO A COUNTRY WENCH SKIPPING AND MOUNTING UPON HER SHE ASS AGAIN THAT THE WORDS OF THE SAGE MERLIN WERE SOUNDING IN HIS EARS SETTING FORTH THE CONDITIONS TO BE OBSERVED AND THE EXERTIONS TO BE MADE FOR THE DISENCHANTMENT OF DULCINEA,3576,22.33,16000,test,3576-138058-0002_pitch_awgn-snr20
data/attacks/bandpass-300-3400/3576-138058-0002_pitch.wav,fake,attack,none,bandpass-300-3400,bandpass300-3400,AT ONE MOMENT IT SEEMED TO HIM THAT HE WAS IN THE CAVE OF MONTESINOS AND SAW DULCINEA TRANSFORMED INTO A COUNTRY WENCH SKIPPING AND MOUNTING UPON HER SHE ASS AGAIN THAT THE WORDS OF THE SAGE MERLIN WERE SOUNDING IN HIS EARS SETTING FORTH THE CONDITIONS TO BE OBSERVED AND THE EXERTIONS TO BE MADE FOR THE DISENCHANTMENT OF DULCINEA,3576,22.33,16000,test,3576-138058-0002_pitch_bandpass-300-3400
data/attacks/reverb-rt60-0.2/3576-138058-0002_pitch.wav,fake,attack,none,reverb-rt60-0.2,rt60-0.2,AT ONE MOMENT IT SEEMED TO HIM THAT HE WAS IN THE CAVE OF MONTESINOS AND SAW DULCINEA TRANSFORMED INTO A COUNTRY WENCH SKIPPING AND MOUNTING UPON HER SHE ASS AGAIN THAT THE WORDS OF THE SAGE MERLIN WERE SOUNDING IN HIS EARS SETTING FORTH THE CONDITIONS TO BE OBSERVED AND THE EXERTIONS TO BE MADE FOR THE DISENCHANTMENT OF DULCINEA,3576,22.33,16000,test,3576-138058-0002_pitch_reverb-rt60-0.2
data/attacks/reverb-rt60-0.4/3576-138058-0002_pitch.wav,fake,attack,none,reverb-rt60-0.4,rt60-0.4,AT ONE MOMENT IT SEEMED TO HIM THAT HE WAS IN THE CAVE OF MONTESINOS AND SAW DULCINEA TRANSFORMED INTO A COUNTRY WENCH SKIPPING AND MOUNTING UPON HER SHE ASS AGAIN THAT THE WORDS OF THE SAGE MERLIN WERE SOUNDING IN HIS EARS SETTING FORTH THE CONDITIONS TO BE OBSERVED AND THE EXERTIONS TO BE MADE FOR THE DISENCHANTMENT OF DULCINEA,3576,22.33,16000,test,3576-138058-0002_pitch_reverb-rt60-0.4
data/attacks/reverb-rt60-0.8/3576-138058-0002_pitch.wav,fake,attack,none,reverb-rt60-0.8,rt60-0.8,AT ONE MOMENT IT SEEMED TO HIM THAT HE WAS IN THE CAVE OF MONTESINOS AND SAW DULCINEA TRANSFORMED INTO A COUNTRY WENCH SKIPPING AND MOUNTING UPON HER SHE ASS AGAIN THAT THE WORDS OF THE SAGE MERLIN WERE SOUNDING IN HIS EARS SETTING FORTH THE CONDITIONS TO BE OBSERVED AND THE EXERTIONS TO BE MADE FOR THE DISENCHANTMENT OF DULCINEA,3576,22.33,16000,test,3576-138058-0002_pitch_reverb-rt60-0.8
data/attacks/speed0.9/3576-138058-0002_pitch.wav,fake,attack,none,speed0.9,speed0.9,AT ONE MOMENT IT SEEMED TO HIM THAT HE WAS IN THE CAVE OF MONTESINOS AND SAW DULCINEA TRANSFORMED INTO A COUNTRY WENCH SKIPPING AND MOUNTING UPON HER SHE ASS AGAIN THAT THE WORDS OF THE SAGE MERLIN WERE SOUNDING IN HIS EARS SETTING FORTH THE CONDITIONS TO BE OBSERVED AND THE EXERTIONS TO BE MADE FOR THE DISENCHANTMENT OF DULCINEA,3576,24.811,16000,test,3576-138058-0002_pitch_speed0.9
data/attacks/speed1.1/3576-138058-0002_pitch.wav,fake,attack,none,speed1.1,speed1.1,AT ONE MOMENT IT SEEMED TO HIM THAT HE WAS IN THE CAVE OF MONTESINOS AND SAW DULCINEA TRANSFORMED INTO A COUNTRY WENCH SKIPPING AND MOUNTING UPON HER SHE ASS AGAIN THAT THE WORDS OF THE SAGE MERLIN WERE SOUNDING IN HIS EARS SETTING FORTH THE CONDITIONS TO BE OBSERVED AND THE EXERTIONS TO BE MADE FOR THE DISENCHANTMENT OF DULCINEA,3576,20.3,16000,test,3576-138058-0002_pitch_speed1.1
data/attacks/mp3-128k/3576-138058-0003_formant.wav,fake,attack,none,mp3-128k,mp3-128k,WHO IS TOUCHING ME AND UNTRUSSING ME,3576,2.51,16000,test,3576-138058-0003_formant_mp3-128k
data/attacks/mp3-64k/3576-138058-0003_formant.wav,fake,attack,none,mp3-64k,mp3-64k,WHO IS TOUCHING ME AND UNTRUSSING ME,3576,2.51,16000,test,3576-138058-0003_formant_mp3-64k
data/attacks/opus-32k/3576-138058-0003_formant.wav,fake,attack,none,opus-32k,opus-32k,WHO IS TOUCHING ME AND UNTRUSSING ME,3576,2.51,16000,test,3576-138058-0003_formant_opus-32k
data/attacks/g711-8k/3576-138058-0003_formant.wav,fake,attack,none,g711-8k,g711-8k,WHO IS TOUCHING ME AND UNTRUSSING ME,3576,2.51,16000,test,3576-138058-0003_formant_g711-8k
data/attacks/resample-8k/3576-138058-0003_formant.wav,fake,attack,none,resample-8k,8k-roundtrip,WHO IS TOUCHING ME AND UNTRUSSING ME,3576,2.51,16000,test,3576-138058-0003_formant_resample-8k
data/attacks/awgn-snr5/3576-138058-0003_formant.wav,fake,attack,none,awgn-snr5,snr5,WHO IS TOUCHING ME AND UNTRUSSING ME,3576,2.51,16000,test,3576-138058-0003_formant_awgn-snr5
data/attacks/awgn-snr10/3576-138058-0003_formant.wav,fake,attack,none,awgn-snr10,snr10,WHO IS TOUCHING ME AND UNTRUSSING ME,3576,2.51,16000,test,3576-138058-0003_formant_awgn-snr10
data/attacks/awgn-snr20/3576-138058-0003_formant.wav,fake,attack,none,awgn-snr20,snr20,WHO IS TOUCHING ME AND UNTRUSSING ME,3576,2.51,16000,test,3576-138058-0003_formant_awgn-snr20
data/attacks/bandpass-300-3400/3576-138058-0003_formant.wav,fake,attack,none,bandpass-300-3400,bandpass300-3400,WHO IS TOUCHING ME AND UNTRUSSING ME,3576,2.51,16000,test,3576-138058-0003_formant_bandpass-300-3400
data/attacks/reverb-rt60-0.2/3576-138058-0003_formant.wav,fake,attack,none,reverb-rt60-0.2,rt60-0.2,WHO IS TOUCHING ME AND UNTRUSSING ME,3576,2.51,16000,test,3576-138058-0003_formant_reverb-rt60-0.2
data/attacks/reverb-rt60-0.4/3576-138058-0003_formant.wav,fake,attack,none,reverb-rt60-0.4,rt60-0.4,WHO IS TOUCHING ME AND UNTRUSSING ME,3576,2.51,16000,test,3576-138058-0003_formant_reverb-rt60-0.4
data/attacks/reverb-rt60-0.8/3576-138058-0003_formant.wav,fake,attack,none,reverb-rt60-0.8,rt60-0.8,WHO IS TOUCHING ME AND UNTRUSSING ME,3576,2.51,16000,test,3576-138058-0003_formant_reverb-rt60-0.8
data/attacks/speed0.9/3576-138058-0003_formant.wav,fake,attack,none,speed0.9,speed0.9,WHO IS TOUCHING ME AND UNTRUSSING ME,3576,2.789,16000,test,3576-138058-0003_formant_speed0.9
data/attacks/speed1.1/3576-138058-0003_formant.wav,fake,attack,none,speed1.1,speed1.1,WHO IS TOUCHING ME AND UNTRUSSING ME,3576,2.282,16000,test,3576-138058-0003_formant_speed1.1
data/attacks/mp3-128k/3576-138058-0003_melvoc.wav,fake,attack,none,mp3-128k,mp3-128k,WHO IS TOUCHING ME AND UNTRUSSING ME,3576,2.504,16000,test,3576-138058-0003_melvoc_mp3-128k
data/attacks/mp3-64k/3576-138058-0003_melvoc.wav,fake,attack,none,mp3-64k,mp3-64k,WHO IS TOUCHING ME AND UNTRUSSING ME,3576,2.504,16000,test,3576-138058-0003_melvoc_mp3-64k
data/attacks/opus-32k/3576-138058-0003_melvoc.wav,fake,attack,none,opus-32k,opus-32k,WHO IS TOUCHING ME AND UNTRUSSING ME,3576,2.504,16000,test,3576-138058-0003_melvoc_opus-32k
data/attacks/g711-8k/3576-138058-0003_melvoc.wav,fake,attack,none,g711-8k,g711-8k,WHO IS TOUCHING ME AND UNTRUSSING ME,3576,2.504,16000,test,3576-138058-0003_melvoc_g711-8k
data/attacks/resample-8k/3576-138058-0003_melvoc.wav,fake,attack,none,resample-8k,8k-roundtrip,WHO IS TOUCHING ME AND UNTRUSSING ME,3576,2.504,16000,test,3576-138058-0003_melvoc_resample-8k
data/attacks/awgn-snr5/3576-138058-0003_melvoc.wav,fake,attack,none,awgn-snr5,snr5,WHO IS TOUCHING ME AND UNTRUSSING ME,3576,2.504,16000,test,3576-138058-0003_melvoc_awgn-snr5
data/attacks/awgn-snr10/3576-138058-0003_melvoc.wav,fake,attack,none,awgn-snr10,snr10,WHO IS TOUCHING ME AND UNTRUSSING ME,3576,2.504,16000,test,3576-138058-0003_melvoc_awgn-snr10
data/attacks/awgn-snr20/3576-138058-0003_melvoc.wav,fake,attack,none,awgn-snr20,snr20,WHO IS TOUCHING ME AND UNTRUSSING ME,3576,2.504,16000,test,3576-138058-0003_melvoc_awgn-snr20
data/attacks/bandpass-300-3400/3576-138058-0003_melvoc.wav,fake,attack,none,bandpass-300-3400,bandpass300-3400,WHO IS TOUCHING ME AND UNTRUSSING ME,3576,2.504,16000,test,3576-138058-0003_melvoc_bandpass-300-3400
data/attacks/reverb-rt60-0.2/3576-138058-0003_melvoc.wav,fake,attack,none,reverb-rt60-0.2,rt60-0.2,WHO IS TOUCHING ME AND UNTRUSSING ME,3576,2.504,16000,test,3576-138058-0003_melvoc_reverb-rt60-0.2
data/attacks/reverb-rt60-0.4/3576-138058-0003_melvoc.wav,fake,attack,none,reverb-rt60-0.4,rt60-0.4,WHO IS TOUCHING ME AND UNTRUSSING ME,3576,2.504,16000,test,3576-138058-0003_melvoc_reverb-rt60-0.4
data/attacks/reverb-rt60-0.8/3576-138058-0003_melvoc.wav,fake,attack,none,reverb-rt60-0.8,rt60-0.8,WHO IS TOUCHING ME AND UNTRUSSING ME,3576,2.504,16000,test,3576-138058-0003_melvoc_reverb-rt60-0.8
data/attacks/speed0.9/3576-138058-0003_melvoc.wav,fake,attack,none,speed0.9,speed0.9,WHO IS TOUCHING ME AND UNTRUSSING ME,3576,2.782,16000,test,3576-138058-0003_melvoc_speed0.9
data/attacks/speed1.1/3576-138058-0003_melvoc.wav,fake,attack,none,speed1.1,speed1.1,WHO IS TOUCHING ME AND UNTRUSSING ME,3576,2.276,16000,test,3576-138058-0003_melvoc_speed1.1
data/attacks/mp3-128k/3576-138058-0003_pitch.wav,fake,attack,none,mp3-128k,mp3-128k,WHO IS TOUCHING ME AND UNTRUSSING ME,3576,2.51,16000,test,3576-138058-0003_pitch_mp3-128k
data/attacks/mp3-64k/3576-138058-0003_pitch.wav,fake,attack,none,mp3-64k,mp3-64k,WHO IS TOUCHING ME AND UNTRUSSING ME,3576,2.51,16000,test,3576-138058-0003_pitch_mp3-64k
data/attacks/opus-32k/3576-138058-0003_pitch.wav,fake,attack,none,opus-32k,opus-32k,WHO IS TOUCHING ME AND UNTRUSSING ME,3576,2.51,16000,test,3576-138058-0003_pitch_opus-32k
data/attacks/g711-8k/3576-138058-0003_pitch.wav,fake,attack,none,g711-8k,g711-8k,WHO IS TOUCHING ME AND UNTRUSSING ME,3576,2.51,16000,test,3576-138058-0003_pitch_g711-8k
data/attacks/resample-8k/3576-138058-0003_pitch.wav,fake,attack,none,resample-8k,8k-roundtrip,WHO IS TOUCHING ME AND UNTRUSSING ME,3576,2.51,16000,test,3576-138058-0003_pitch_resample-8k
data/attacks/awgn-snr5/3576-138058-0003_pitch.wav,fake,attack,none,awgn-snr5,snr5,WHO IS TOUCHING ME AND UNTRUSSING ME,3576,2.51,16000,test,3576-138058-0003_pitch_awgn-snr5
data/attacks/awgn-snr10/3576-138058-0003_pitch.wav,fake,attack,none,awgn-snr10,snr10,WHO IS TOUCHING ME AND UNTRUSSING ME,3576,2.51,16000,test,3576-138058-0003_pitch_awgn-snr10
data/attacks/awgn-snr20/3576-138058-0003_pitch.wav,fake,attack,none,awgn-snr20,snr20,WHO IS TOUCHING ME AND UNTRUSSING ME,3576,2.51,16000,test,3576-138058-0003_pitch_awgn-snr20
data/attacks/bandpass-300-3400/3576-138058-0003_pitch.wav,fake,attack,none,bandpass-300-3400,bandpass300-3400,WHO IS TOUCHING ME AND UNTRUSSING ME,3576,2.51,16000,test,3576-138058-0003_pitch_bandpass-300-3400
data/attacks/reverb-rt60-0.2/3576-138058-0003_pitch.wav,fake,attack,none,reverb-rt60-0.2,rt60-0.2,WHO IS TOUCHING ME AND UNTRUSSING ME,3576,2.51,16000,test,3576-138058-0003_pitch_reverb-rt60-0.2
data/attacks/reverb-rt60-0.4/3576-138058-0003_pitch.wav,fake,attack,none,reverb-rt60-0.4,rt60-0.4,WHO IS TOUCHING ME AND UNTRUSSING ME,3576,2.51,16000,test,3576-138058-0003_pitch_reverb-rt60-0.4
data/attacks/reverb-rt60-0.8/3576-138058-0003_pitch.wav,fake,attack,none,reverb-rt60-0.8,rt60-0.8,WHO IS TOUCHING ME AND UNTRUSSING ME,3576,2.51,16000,test,3576-138058-0003_pitch_reverb-rt60-0.8
data/attacks/speed0.9/3576-138058-0003_pitch.wav,fake,attack,none,speed0.9,speed0.9,WHO IS TOUCHING ME AND UNTRUSSING ME,3576,2.789,16000,test,3576-138058-0003_pitch_speed0.9
data/attacks/speed1.1/3576-138058-0003_pitch.wav,fake,attack,none,speed1.1,speed1.1,WHO IS TOUCHING ME AND UNTRUSSING ME,3576,2.282,16000,test,3576-138058-0003_pitch_speed1.1
data/attacks/mp3-128k/3576-138058-0004_formant.wav,fake,attack,none,mp3-128k,mp3-128k,DULCINEA IS PERISHING THOU ART LIVING ON REGARDLESS I AM DYING OF HOPE DEFERRED THEREFORE UNTRUSS THYSELF WITH A GOOD WILL FOR MINE IT IS HERE IN THIS RETIRED SPOT TO GIVE THEE AT LEAST TWO THOUSAND LASHES,3576,16.56,16000,test,3576-138058-0004_formant_mp3-128k
data/attacks/mp3-64k/3576-138058-0004_formant.wav,fake,attack,none,mp3-64k,mp3-64k,DULCINEA IS PERISHING THOU ART LIVING ON REGARDLESS I AM DYING OF HOPE DEFERRED THEREFORE UNTRUSS THYSELF WITH A GOOD WILL FOR MINE IT IS HERE IN THIS RETIRED SPOT TO GIVE THEE AT LEAST TWO THOUSAND LASHES,3576,16.56,16000,test,3576-138058-0004_formant_mp3-64k
data/attacks/opus-32k/3576-138058-0004_formant.wav,fake,attack,none,opus-32k,opus-32k,DULCINEA IS PERISHING THOU ART LIVING ON REGARDLESS I AM DYING OF HOPE DEFERRED THEREFORE UNTRUSS THYSELF WITH A GOOD WILL FOR MINE IT IS HERE IN THIS RETIRED SPOT TO GIVE THEE AT LEAST TWO THOUSAND LASHES,3576,16.56,16000,test,3576-138058-0004_formant_opus-32k
data/attacks/g711-8k/3576-138058-0004_formant.wav,fake,attack,none,g711-8k,g711-8k,DULCINEA IS PERISHING THOU ART LIVING ON REGARDLESS I AM DYING OF HOPE DEFERRED THEREFORE UNTRUSS THYSELF WITH A GOOD WILL FOR MINE IT IS HERE IN THIS RETIRED SPOT TO GIVE THEE AT LEAST TWO THOUSAND LASHES,3576,16.56,16000,test,3576-138058-0004_formant_g711-8k
data/attacks/resample-8k/3576-138058-0004_formant.wav,fake,attack,none,resample-8k,8k-roundtrip,DULCINEA IS PERISHING THOU ART LIVING ON REGARDLESS I AM DYING OF HOPE DEFERRED THEREFORE UNTRUSS THYSELF WITH A GOOD WILL FOR MINE IT IS HERE IN THIS RETIRED SPOT TO GIVE THEE AT LEAST TWO THOUSAND LASHES,3576,16.56,16000,test,3576-138058-0004_formant_resample-8k
data/attacks/awgn-snr5/3576-138058-0004_formant.wav,fake,attack,none,awgn-snr5,snr5,DULCINEA IS PERISHING THOU ART LIVING ON REGARDLESS I AM DYING OF HOPE DEFERRED THEREFORE UNTRUSS THYSELF WITH A GOOD WILL FOR MINE IT IS HERE IN THIS RETIRED SPOT TO GIVE THEE AT LEAST TWO THOUSAND LASHES,3576,16.56,16000,test,3576-138058-0004_formant_awgn-snr5
data/attacks/awgn-snr10/3576-138058-0004_formant.wav,fake,attack,none,awgn-snr10,snr10,DULCINEA IS PERISHING THOU ART LIVING ON REGARDLESS I AM DYING OF HOPE DEFERRED THEREFORE UNTRUSS THYSELF WITH A GOOD WILL FOR MINE IT IS HERE IN THIS RETIRED SPOT TO GIVE THEE AT LEAST TWO THOUSAND LASHES,3576,16.56,16000,test,3576-138058-0004_formant_awgn-snr10
data/attacks/awgn-snr20/3576-138058-0004_formant.wav,fake,attack,none,awgn-snr20,snr20,DULCINEA IS PERISHING THOU ART LIVING ON REGARDLESS I AM DYING OF HOPE DEFERRED THEREFORE UNTRUSS THYSELF WITH A GOOD WILL FOR MINE IT IS HERE IN THIS RETIRED SPOT TO GIVE THEE AT LEAST TWO THOUSAND LASHES,3576,16.56,16000,test,3576-138058-0004_formant_awgn-snr20
data/attacks/bandpass-300-3400/3576-138058-0004_formant.wav,fake,attack,none,bandpass-300-3400,bandpass300-3400,DULCINEA IS PERISHING THOU ART LIVING ON REGARDLESS I AM DYING OF HOPE DEFERRED THEREFORE UNTRUSS THYSELF WITH A GOOD WILL FOR MINE IT IS HERE IN THIS RETIRED SPOT TO GIVE THEE AT LEAST TWO THOUSAND LASHES,3576,16.56,16000,test,3576-138058-0004_formant_bandpass-300-3400
data/attacks/reverb-rt60-0.2/3576-138058-0004_formant.wav,fake,attack,none,reverb-rt60-0.2,rt60-0.2,DULCINEA IS PERISHING THOU ART LIVING ON REGARDLESS I AM DYING OF HOPE DEFERRED THEREFORE UNTRUSS THYSELF WITH A GOOD WILL FOR MINE IT IS HERE IN THIS RETIRED SPOT TO GIVE THEE AT LEAST TWO THOUSAND LASHES,3576,16.56,16000,test,3576-138058-0004_formant_reverb-rt60-0.2
data/attacks/reverb-rt60-0.4/3576-138058-0004_formant.wav,fake,attack,none,reverb-rt60-0.4,rt60-0.4,DULCINEA IS PERISHING THOU ART LIVING ON REGARDLESS I AM DYING OF HOPE DEFERRED THEREFORE UNTRUSS THYSELF WITH A GOOD WILL FOR MINE IT IS HERE IN THIS RETIRED SPOT TO GIVE THEE AT LEAST TWO THOUSAND LASHES,3576,16.56,16000,test,3576-138058-0004_formant_reverb-rt60-0.4
data/attacks/reverb-rt60-0.8/3576-138058-0004_formant.wav,fake,attack,none,reverb-rt60-0.8,rt60-0.8,DULCINEA IS PERISHING THOU ART LIVING ON REGARDLESS I AM DYING OF HOPE DEFERRED THEREFORE UNTRUSS THYSELF WITH A GOOD WILL FOR MINE IT IS HERE IN THIS RETIRED SPOT TO GIVE THEE AT LEAST TWO THOUSAND LASHES,3576,16.56,16000,test,3576-138058-0004_formant_reverb-rt60-0.8
data/attacks/speed0.9/3576-138058-0004_formant.wav,fake,attack,none,speed0.9,speed0.9,DULCINEA IS PERISHING THOU ART LIVING ON REGARDLESS I AM DYING OF HOPE DEFERRED THEREFORE UNTRUSS THYSELF WITH A GOOD WILL FOR MINE IT IS HERE IN THIS RETIRED SPOT TO GIVE THEE AT LEAST TWO THOUSAND LASHES,3576,18.4,16000,test,3576-138058-0004_formant_speed0.9
data/attacks/speed1.1/3576-138058-0004_formant.wav,fake,attack,none,speed1.1,speed1.1,DULCINEA IS PERISHING THOU ART LIVING ON REGARDLESS I AM DYING OF HOPE DEFERRED THEREFORE UNTRUSS THYSELF WITH A GOOD WILL FOR MINE IT IS HERE IN THIS RETIRED SPOT TO GIVE THEE AT LEAST TWO THOUSAND LASHES,3576,15.055,16000,test,3576-138058-0004_formant_speed1.1
data/attacks/mp3-128k/3576-138058-0004_melvoc.wav,fake,attack,none,mp3-128k,mp3-128k,DULCINEA IS PERISHING THOU ART LIVING ON REGARDLESS I AM DYING OF HOPE DEFERRED THEREFORE UNTRUSS THYSELF WITH A GOOD WILL FOR MINE IT IS HERE IN THIS RETIRED SPOT TO GIVE THEE AT LEAST TWO THOUSAND LASHES,3576,16.56,16000,test,3576-138058-0004_melvoc_mp3-128k
data/attacks/mp3-64k/3576-138058-0004_melvoc.wav,fake,attack,none,mp3-64k,mp3-64k,DULCINEA IS PERISHING THOU ART LIVING ON REGARDLESS I AM DYING OF HOPE DEFERRED THEREFORE UNTRUSS THYSELF WITH A GOOD WILL FOR MINE IT IS HERE IN THIS RETIRED SPOT TO GIVE THEE AT LEAST TWO THOUSAND LASHES,3576,16.56,16000,test,3576-138058-0004_melvoc_mp3-64k
data/attacks/opus-32k/3576-138058-0004_melvoc.wav,fake,attack,none,opus-32k,opus-32k,DULCINEA IS PERISHING THOU ART LIVING ON REGARDLESS I AM DYING OF HOPE DEFERRED THEREFORE UNTRUSS THYSELF WITH A GOOD WILL FOR MINE IT IS HERE IN THIS RETIRED SPOT TO GIVE THEE AT LEAST TWO THOUSAND LASHES,3576,16.56,16000,test,3576-138058-0004_melvoc_opus-32k
data/attacks/g711-8k/3576-138058-0004_melvoc.wav,fake,attack,none,g711-8k,g711-8k,DULCINEA IS PERISHING THOU ART LIVING ON REGARDLESS I AM DYING OF HOPE DEFERRED THEREFORE UNTRUSS THYSELF WITH A GOOD WILL FOR MINE IT IS HERE IN THIS RETIRED SPOT TO GIVE THEE AT LEAST TWO THOUSAND LASHES,3576,16.56,16000,test,3576-138058-0004_melvoc_g711-8k
data/attacks/resample-8k/3576-138058-0004_melvoc.wav,fake,attack,none,resample-8k,8k-roundtrip,DULCINEA IS PERISHING THOU ART LIVING ON REGARDLESS I AM DYING OF HOPE DEFERRED THEREFORE UNTRUSS THYSELF WITH A GOOD WILL FOR MINE IT IS HERE IN THIS RETIRED SPOT TO GIVE THEE AT LEAST TWO THOUSAND LASHES,3576,16.56,16000,test,3576-138058-0004_melvoc_resample-8k
data/attacks/awgn-snr5/3576-138058-0004_melvoc.wav,fake,attack,none,awgn-snr5,snr5,DULCINEA IS PERISHING THOU ART LIVING ON REGARDLESS I AM DYING OF HOPE DEFERRED THEREFORE UNTRUSS THYSELF WITH A GOOD WILL FOR MINE IT IS HERE IN THIS RETIRED SPOT TO GIVE THEE AT LEAST TWO THOUSAND LASHES,3576,16.56,16000,test,3576-138058-0004_melvoc_awgn-snr5
data/attacks/awgn-snr10/3576-138058-0004_melvoc.wav,fake,attack,none,awgn-snr10,snr10,DULCINEA IS PERISHING THOU ART LIVING ON REGARDLESS I AM DYING OF HOPE DEFERRED THEREFORE UNTRUSS THYSELF WITH A GOOD WILL FOR MINE IT IS HERE IN THIS RETIRED SPOT TO GIVE THEE AT LEAST TWO THOUSAND LASHES,3576,16.56,16000,test,3576-138058-0004_melvoc_awgn-snr10
data/attacks/awgn-snr20/3576-138058-0004_melvoc.wav,fake,attack,none,awgn-snr20,snr20,DULCINEA IS PERISHING THOU ART LIVING ON REGARDLESS I AM DYING OF HOPE DEFERRED THEREFORE UNTRUSS THYSELF WITH A GOOD WILL FOR MINE IT IS HERE IN THIS RETIRED SPOT TO GIVE THEE AT LEAST TWO THOUSAND LASHES,3576,16.56,16000,test,3576-138058-0004_melvoc_awgn-snr20
data/attacks/bandpass-300-3400/3576-138058-0004_melvoc.wav,fake,attack,none,bandpass-300-3400,bandpass300-3400,DULCINEA IS PERISHING THOU ART LIVING ON REGARDLESS I AM DYING OF HOPE DEFERRED THEREFORE UNTRUSS THYSELF WITH A GOOD WILL FOR MINE IT IS HERE IN THIS RETIRED SPOT TO GIVE THEE AT LEAST TWO THOUSAND LASHES,3576,16.56,16000,test,3576-138058-0004_melvoc_bandpass-300-3400
data/attacks/reverb-rt60-0.2/3576-138058-0004_melvoc.wav,fake,attack,none,reverb-rt60-0.2,rt60-0.2,DULCINEA IS PERISHING THOU ART LIVING ON REGARDLESS I AM DYING OF HOPE DEFERRED THEREFORE UNTRUSS THYSELF WITH A GOOD WILL FOR MINE IT IS HERE IN THIS RETIRED SPOT TO GIVE THEE AT LEAST TWO THOUSAND LASHES,3576,16.56,16000,test,3576-138058-0004_melvoc_reverb-rt60-0.2
data/attacks/reverb-rt60-0.4/3576-138058-0004_melvoc.wav,fake,attack,none,reverb-rt60-0.4,rt60-0.4,DULCINEA IS PERISHING THOU ART LIVING ON REGARDLESS I AM DYING OF HOPE DEFERRED THEREFORE UNTRUSS THYSELF WITH A GOOD WILL FOR MINE IT IS HERE IN THIS RETIRED SPOT TO GIVE THEE AT LEAST TWO THOUSAND LASHES,3576,16.56,16000,test,3576-138058-0004_melvoc_reverb-rt60-0.4
data/attacks/reverb-rt60-0.8/3576-138058-0004_melvoc.wav,fake,attack,none,reverb-rt60-0.8,rt60-0.8,DULCINEA IS PERISHING THOU ART LIVING ON REGARDLESS I AM DYING OF HOPE DEFERRED THEREFORE UNTRUSS THYSELF WITH A GOOD WILL FOR MINE IT IS HERE IN THIS RETIRED SPOT TO GIVE THEE AT LEAST TWO THOUSAND LASHES,3576,16.56,16000,test,3576-138058-0004_melvoc_reverb-rt60-0.8
data/attacks/speed0.9/3576-138058-0004_melvoc.wav,fake,attack,none,speed0.9,speed0.9,DULCINEA IS PERISHING THOU ART LIVING ON REGARDLESS I AM DYING OF HOPE DEFERRED THEREFORE UNTRUSS THYSELF WITH A GOOD WILL FOR MINE IT IS HERE IN THIS RETIRED SPOT TO GIVE THEE AT LEAST TWO THOUSAND LASHES,3576,18.4,16000,test,3576-138058-0004_melvoc_speed0.9
data/attacks/speed1.1/3576-138058-0004_melvoc.wav,fake,attack,none,speed1.1,speed1.1,DULCINEA IS PERISHING THOU ART LIVING ON REGARDLESS I AM DYING OF HOPE DEFERRED THEREFORE UNTRUSS THYSELF WITH A GOOD WILL FOR MINE IT IS HERE IN THIS RETIRED SPOT TO GIVE THEE AT LEAST TWO THOUSAND LASHES,3576,15.055,16000,test,3576-138058-0004_melvoc_speed1.1
data/attacks/mp3-128k/3576-138058-0004_pitch.wav,fake,attack,none,mp3-128k,mp3-128k,DULCINEA IS PERISHING THOU ART LIVING ON REGARDLESS I AM DYING OF HOPE DEFERRED THEREFORE UNTRUSS THYSELF WITH A GOOD WILL FOR MINE IT IS HERE IN THIS RETIRED SPOT TO GIVE THEE AT LEAST TWO THOUSAND LASHES,3576,16.56,16000,test,3576-138058-0004_pitch_mp3-128k
data/attacks/mp3-64k/3576-138058-0004_pitch.wav,fake,attack,none,mp3-64k,mp3-64k,DULCINEA IS PERISHING THOU ART LIVING ON REGARDLESS I AM DYING OF HOPE DEFERRED THEREFORE UNTRUSS THYSELF WITH A GOOD WILL FOR MINE IT IS HERE IN THIS RETIRED SPOT TO GIVE THEE AT LEAST TWO THOUSAND LASHES,3576,16.56,16000,test,3576-138058-0004_pitch_mp3-64k
data/attacks/opus-32k/3576-138058-0004_pitch.wav,fake,attack,none,opus-32k,opus-32k,DULCINEA IS PERISHING THOU ART LIVING ON REGARDLESS I AM DYING OF HOPE DEFERRED THEREFORE UNTRUSS THYSELF WITH A GOOD WILL FOR MINE IT IS HERE IN THIS RETIRED SPOT TO GIVE THEE AT LEAST TWO THOUSAND LASHES,3576,16.56,16000,test,3576-138058-0004_pitch_opus-32k
data/attacks/g711-8k/3576-138058-0004_pitch.wav,fake,attack,none,g711-8k,g711-8k,DULCINEA IS PERISHING THOU ART LIVING ON REGARDLESS I AM DYING OF HOPE DEFERRED THEREFORE UNTRUSS THYSELF WITH A GOOD WILL FOR MINE IT IS HERE IN THIS RETIRED SPOT TO GIVE THEE AT LEAST TWO THOUSAND LASHES,3576,16.56,16000,test,3576-138058-0004_pitch_g711-8k
data/attacks/resample-8k/3576-138058-0004_pitch.wav,fake,attack,none,resample-8k,8k-roundtrip,DULCINEA IS PERISHING THOU ART LIVING ON REGARDLESS I AM DYING OF HOPE DEFERRED THEREFORE UNTRUSS THYSELF WITH A GOOD WILL FOR MINE IT IS HERE IN THIS RETIRED SPOT TO GIVE THEE AT LEAST TWO THOUSAND LASHES,3576,16.56,16000,test,3576-138058-0004_pitch_resample-8k
data/attacks/awgn-snr5/3576-138058-0004_pitch.wav,fake,attack,none,awgn-snr5,snr5,DULCINEA IS PERISHING THOU ART LIVING ON REGARDLESS I AM DYING OF HOPE DEFERRED THEREFORE UNTRUSS THYSELF WITH A GOOD WILL FOR MINE IT IS HERE IN THIS RETIRED SPOT TO GIVE THEE AT LEAST TWO THOUSAND LASHES,3576,16.56,16000,test,3576-138058-0004_pitch_awgn-snr5
data/attacks/awgn-snr10/3576-138058-0004_pitch.wav,fake,attack,none,awgn-snr10,snr10,DULCINEA IS PERISHING THOU ART LIVING ON REGARDLESS I AM DYING OF HOPE DEFERRED THEREFORE UNTRUSS THYSELF WITH A GOOD WILL FOR MINE IT IS HERE IN THIS RETIRED SPOT TO GIVE THEE AT LEAST TWO THOUSAND LASHES,3576,16.56,16000,test,3576-138058-0004_pitch_awgn-snr10
data/attacks/awgn-snr20/3576-138058-0004_pitch.wav,fake,attack,none,awgn-snr20,snr20,DULCINEA IS PERISHING THOU ART LIVING ON REGARDLESS I AM DYING OF HOPE DEFERRED THEREFORE UNTRUSS THYSELF WITH A GOOD WILL FOR MINE IT IS HERE IN THIS RETIRED SPOT TO GIVE THEE AT LEAST TWO THOUSAND LASHES,3576,16.56,16000,test,3576-138058-0004_pitch_awgn-snr20
data/attacks/bandpass-300-3400/3576-138058-0004_pitch.wav,fake,attack,none,bandpass-300-3400,bandpass300-3400,DULCINEA IS PERISHING THOU ART LIVING ON REGARDLESS I AM DYING OF HOPE DEFERRED THEREFORE UNTRUSS THYSELF WITH A GOOD WILL FOR MINE IT IS HERE IN THIS RETIRED SPOT TO GIVE THEE AT LEAST TWO THOUSAND LASHES,3576,16.56,16000,test,3576-138058-0004_pitch_bandpass-300-3400
data/attacks/reverb-rt60-0.2/3576-138058-0004_pitch.wav,fake,attack,none,reverb-rt60-0.2,rt60-0.2,DULCINEA IS PERISHING THOU ART LIVING ON REGARDLESS I AM DYING OF HOPE DEFERRED THEREFORE UNTRUSS THYSELF WITH A GOOD WILL FOR MINE IT IS HERE IN THIS RETIRED SPOT TO GIVE THEE AT LEAST TWO THOUSAND LASHES,3576,16.56,16000,test,3576-138058-0004_pitch_reverb-rt60-0.2
data/attacks/reverb-rt60-0.4/3576-138058-0004_pitch.wav,fake,attack,none,reverb-rt60-0.4,rt60-0.4,DULCINEA IS PERISHING THOU ART LIVING ON REGARDLESS I AM DYING OF HOPE DEFERRED THEREFORE UNTRUSS THYSELF WITH A GOOD WILL FOR MINE IT IS HERE IN THIS RETIRED SPOT TO GIVE THEE AT LEAST TWO THOUSAND LASHES,3576,16.56,16000,test,3576-138058-0004_pitch_reverb-rt60-0.4
data/attacks/reverb-rt60-0.8/3576-138058-0004_pitch.wav,fake,attack,none,reverb-rt60-0.8,rt60-0.8,DULCINEA IS PERISHING THOU ART LIVING ON REGARDLESS I AM DYING OF HOPE DEFERRED THEREFORE UNTRUSS THYSELF WITH A GOOD WILL FOR MINE IT IS HERE IN THIS RETIRED SPOT TO GIVE THEE AT LEAST TWO THOUSAND LASHES,3576,16.56,16000,test,3576-138058-0004_pitch_reverb-rt60-0.8
data/attacks/speed0.9/3576-138058-0004_pitch.wav,fake,attack,none,speed0.9,speed0.9,DULCINEA IS PERISHING THOU ART LIVING ON REGARDLESS I AM DYING OF HOPE DEFERRED THEREFORE UNTRUSS THYSELF WITH A GOOD WILL FOR MINE IT IS HERE IN THIS RETIRED SPOT TO GIVE THEE AT LEAST TWO THOUSAND LASHES,3576,18.4,16000,test,3576-138058-0004_pitch_speed0.9
data/attacks/speed1.1/3576-138058-0004_pitch.wav,fake,attack,none,speed1.1,speed1.1,DULCINEA IS PERISHING THOU ART LIVING ON REGARDLESS I AM DYING OF HOPE DEFERRED THEREFORE UNTRUSS THYSELF WITH A GOOD WILL FOR MINE IT IS HERE IN THIS RETIRED SPOT TO GIVE THEE AT LEAST TWO THOUSAND LASHES,3576,15.055,16000,test,3576-138058-0004_pitch_speed1.1
data/attacks/mp3-128k/3576-138058-0005_formant.wav,fake,attack,none,mp3-128k,mp3-128k,SEEING THIS SANCHO GOT UP AND GRAPPLING WITH HIS MASTER HE GRIPPED HIM WITH ALL HIS MIGHT IN HIS ARMS GIVING HIM A TRIP WITH THE HEEL STRETCHED HIM ON THE GROUND ON HIS BACK AND PRESSING HIS RIGHT KNEE ON HIS CHEST HELD HIS HANDS IN HIS OWN SO THAT HE COULD NEITHER MOVE NOR BREATHE,3576,16.655,16000,test,3576-138058-0005_formant_mp3-128k
data/attacks/mp3-64k/3576-138058-0005_formant.wav,fake,attack,none,mp3-64k,mp3-64k,SEEING THIS SANCHO GOT UP AND GRAPPLING WITH HIS MASTER HE GRIPPED HIM WITH ALL HIS MIGHT IN HIS ARMS GIVING HIM A TRIP WITH THE HEEL STRETCHED HIM ON THE GROUND ON HIS BACK AND PRESSING HIS RIGHT KNEE ON HIS CHEST HELD HIS HANDS IN HIS OWN SO THAT HE COULD NEITHER MOVE NOR BREATHE,3576,16.655,16000,test,3576-138058-0005_formant_mp3-64k
data/attacks/opus-32k/3576-138058-0005_formant.wav,fake,attack,none,opus-32k,opus-32k,SEEING THIS SANCHO GOT UP AND GRAPPLING WITH HIS MASTER HE GRIPPED HIM WITH ALL HIS MIGHT IN HIS ARMS GIVING HIM A TRIP WITH THE HEEL STRETCHED HIM ON THE GROUND ON HIS BACK AND PRESSING HIS RIGHT KNEE ON HIS CHEST HELD HIS HANDS IN HIS OWN SO THAT HE COULD NEITHER MOVE NOR BREATHE,3576,16.655,16000,test,3576-138058-0005_formant_opus-32k
data/attacks/g711-8k/3576-138058-0005_formant.wav,fake,attack,none,g711-8k,g711-8k,SEEING THIS SANCHO GOT UP AND GRAPPLING WITH HIS MASTER HE GRIPPED HIM WITH ALL HIS MIGHT IN HIS ARMS GIVING HIM A TRIP WITH THE HEEL STRETCHED HIM ON THE GROUND ON HIS BACK AND PRESSING HIS RIGHT KNEE ON HIS CHEST HELD HIS HANDS IN HIS OWN SO THAT HE COULD NEITHER MOVE NOR BREATHE,3576,16.655,16000,test,3576-138058-0005_formant_g711-8k
data/attacks/resample-8k/3576-138058-0005_formant.wav,fake,attack,none,resample-8k,8k-roundtrip,SEEING THIS SANCHO GOT UP AND GRAPPLING WITH HIS MASTER HE GRIPPED HIM WITH ALL HIS MIGHT IN HIS ARMS GIVING HIM A TRIP WITH THE HEEL STRETCHED HIM ON THE GROUND ON HIS BACK AND PRESSING HIS RIGHT KNEE ON HIS CHEST HELD HIS HANDS IN HIS OWN SO THAT HE COULD NEITHER MOVE NOR BREATHE,3576,16.655,16000,test,3576-138058-0005_formant_resample-8k
data/attacks/awgn-snr5/3576-138058-0005_formant.wav,fake,attack,none,awgn-snr5,snr5,SEEING THIS SANCHO GOT UP AND GRAPPLING WITH HIS MASTER HE GRIPPED HIM WITH ALL HIS MIGHT IN HIS ARMS GIVING HIM A TRIP WITH THE HEEL STRETCHED HIM ON THE GROUND ON HIS BACK AND PRESSING HIS RIGHT KNEE ON HIS CHEST HELD HIS HANDS IN HIS OWN SO THAT HE COULD NEITHER MOVE NOR BREATHE,3576,16.655,16000,test,3576-138058-0005_formant_awgn-snr5
data/attacks/awgn-snr10/3576-138058-0005_formant.wav,fake,attack,none,awgn-snr10,snr10,SEEING THIS SANCHO GOT UP AND GRAPPLING WITH HIS MASTER HE GRIPPED HIM WITH ALL HIS MIGHT IN HIS ARMS GIVING HIM A TRIP WITH THE HEEL STRETCHED HIM ON THE GROUND ON HIS BACK AND PRESSING HIS RIGHT KNEE ON HIS CHEST HELD HIS HANDS IN HIS OWN SO THAT HE COULD NEITHER MOVE NOR BREATHE,3576,16.655,16000,test,3576-138058-0005_formant_awgn-snr10
data/attacks/awgn-snr20/3576-138058-0005_formant.wav,fake,attack,none,awgn-snr20,snr20,SEEING THIS SANCHO GOT UP AND GRAPPLING WITH HIS MASTER HE GRIPPED HIM WITH ALL HIS MIGHT IN HIS ARMS GIVING HIM A TRIP WITH THE HEEL STRETCHED HIM ON THE GROUND ON HIS BACK AND PRESSING HIS RIGHT KNEE ON HIS CHEST HELD HIS HANDS IN HIS OWN SO THAT HE COULD NEITHER MOVE NOR BREATHE,3576,16.655,16000,test,3576-138058-0005_formant_awgn-snr20
data/attacks/bandpass-300-3400/3576-138058-0005_formant.wav,fake,attack,none,bandpass-300-3400,bandpass300-3400,SEEING THIS SANCHO GOT UP AND GRAPPLING WITH HIS MASTER HE GRIPPED HIM WITH ALL HIS MIGHT IN HIS ARMS GIVING HIM A TRIP WITH THE HEEL STRETCHED HIM ON THE GROUND ON HIS BACK AND PRESSING HIS RIGHT KNEE ON HIS CHEST HELD HIS HANDS IN HIS OWN SO THAT HE COULD NEITHER MOVE NOR BREATHE,3576,16.655,16000,test,3576-138058-0005_formant_bandpass-300-3400
data/attacks/reverb-rt60-0.2/3576-138058-0005_formant.wav,fake,attack,none,reverb-rt60-0.2,rt60-0.2,SEEING THIS SANCHO GOT UP AND GRAPPLING WITH HIS MASTER HE GRIPPED HIM WITH ALL HIS MIGHT IN HIS ARMS GIVING HIM A TRIP WITH THE HEEL STRETCHED HIM ON THE GROUND ON HIS BACK AND PRESSING HIS RIGHT KNEE ON HIS CHEST HELD HIS HANDS IN HIS OWN SO THAT HE COULD NEITHER MOVE NOR BREATHE,3576,16.655,16000,test,3576-138058-0005_formant_reverb-rt60-0.2
data/attacks/reverb-rt60-0.4/3576-138058-0005_formant.wav,fake,attack,none,reverb-rt60-0.4,rt60-0.4,SEEING THIS SANCHO GOT UP AND GRAPPLING WITH HIS MASTER HE GRIPPED HIM WITH ALL HIS MIGHT IN HIS ARMS GIVING HIM A TRIP WITH THE HEEL STRETCHED HIM ON THE GROUND ON HIS BACK AND PRESSING HIS RIGHT KNEE ON HIS CHEST HELD HIS HANDS IN HIS OWN SO THAT HE COULD NEITHER MOVE NOR BREATHE,3576,16.655,16000,test,3576-138058-0005_formant_reverb-rt60-0.4
data/attacks/reverb-rt60-0.8/3576-138058-0005_formant.wav,fake,attack,none,reverb-rt60-0.8,rt60-0.8,SEEING THIS SANCHO GOT UP AND GRAPPLING WITH HIS MASTER HE GRIPPED HIM WITH ALL HIS MIGHT IN HIS ARMS GIVING HIM A TRIP WITH THE HEEL STRETCHED HIM ON THE GROUND ON HIS BACK AND PRESSING HIS RIGHT KNEE ON HIS CHEST HELD HIS HANDS IN HIS OWN SO THAT HE COULD NEITHER MOVE NOR BREATHE,3576,16.655,16000,test,3576-138058-0005_formant_reverb-rt60-0.8
data/attacks/speed0.9/3576-138058-0005_formant.wav,fake,attack,none,speed0.9,speed0.9,SEEING THIS SANCHO GOT UP AND GRAPPLING WITH HIS MASTER HE GRIPPED HIM WITH ALL HIS MIGHT IN HIS ARMS GIVING HIM A TRIP WITH THE HEEL STRETCHED HIM ON THE GROUND ON HIS BACK AND PRESSING HIS RIGHT KNEE ON HIS CHEST HELD HIS HANDS IN HIS OWN SO THAT HE COULD NEITHER MOVE NOR BREATHE,3576,18.506,16000,test,3576-138058-0005_formant_speed0.9
data/attacks/speed1.1/3576-138058-0005_formant.wav,fake,attack,none,speed1.1,speed1.1,SEEING THIS SANCHO GOT UP AND GRAPPLING WITH HIS MASTER HE GRIPPED HIM WITH ALL HIS MIGHT IN HIS ARMS GIVING HIM A TRIP WITH THE HEEL STRETCHED HIM ON THE GROUND ON HIS BACK AND PRESSING HIS RIGHT KNEE ON HIS CHEST HELD HIS HANDS IN HIS OWN SO THAT HE COULD NEITHER MOVE NOR BREATHE,3576,15.141,16000,test,3576-138058-0005_formant_speed1.1
data/attacks/mp3-128k/3576-138058-0005_melvoc.wav,fake,attack,none,mp3-128k,mp3-128k,SEEING THIS SANCHO GOT UP AND GRAPPLING WITH HIS MASTER HE GRIPPED HIM WITH ALL HIS MIGHT IN HIS ARMS GIVING HIM A TRIP WITH THE HEEL STRETCHED HIM ON THE GROUND ON HIS BACK AND PRESSING HIS RIGHT KNEE ON HIS CHEST HELD HIS HANDS IN HIS OWN SO THAT HE COULD NEITHER MOVE NOR BREATHE,3576,16.648,16000,test,3576-138058-0005_melvoc_mp3-128k
data/attacks/mp3-64k/3576-138058-0005_melvoc.wav,fake,attack,none,mp3-64k,mp3-64k,SEEING THIS SANCHO GOT UP AND GRAPPLING WITH HIS MASTER HE GRIPPED HIM WITH ALL HIS MIGHT IN HIS ARMS GIVING HIM A TRIP WITH THE HEEL STRETCHED HIM ON THE GROUND ON HIS BACK AND PRESSING HIS RIGHT KNEE ON HIS CHEST HELD HIS HANDS IN HIS OWN SO THAT HE COULD NEITHER MOVE NOR BREATHE,3576,16.648,16000,test,3576-138058-0005_melvoc_mp3-64k
data/attacks/opus-32k/3576-138058-0005_melvoc.wav,fake,attack,none,opus-32k,opus-32k,SEEING THIS SANCHO GOT UP AND GRAPPLING WITH HIS MASTER HE GRIPPED HIM WITH ALL HIS MIGHT IN HIS ARMS GIVING HIM A TRIP WITH THE HEEL STRETCHED HIM ON THE GROUND ON HIS BACK AND PRESSING HIS RIGHT KNEE ON HIS CHEST HELD HIS HANDS IN HIS OWN SO THAT HE COULD NEITHER MOVE NOR BREATHE,3576,16.648,16000,test,3576-138058-0005_melvoc_opus-32k
data/attacks/g711-8k/3576-138058-0005_melvoc.wav,fake,attack,none,g711-8k,g711-8k,SEEING THIS SANCHO GOT UP AND GRAPPLING WITH HIS MASTER HE GRIPPED HIM WITH ALL HIS MIGHT IN HIS ARMS GIVING HIM A TRIP WITH THE HEEL STRETCHED HIM ON THE GROUND ON HIS BACK AND PRESSING HIS RIGHT KNEE ON HIS CHEST HELD HIS HANDS IN HIS OWN SO THAT HE COULD NEITHER MOVE NOR BREATHE,3576,16.648,16000,test,3576-138058-0005_melvoc_g711-8k
data/attacks/resample-8k/3576-138058-0005_melvoc.wav,fake,attack,none,resample-8k,8k-roundtrip,SEEING THIS SANCHO GOT UP AND GRAPPLING WITH HIS MASTER HE GRIPPED HIM WITH ALL HIS MIGHT IN HIS ARMS GIVING HIM A TRIP WITH THE HEEL STRETCHED HIM ON THE GROUND ON HIS BACK AND PRESSING HIS RIGHT KNEE ON HIS CHEST HELD HIS HANDS IN HIS OWN SO THAT HE COULD NEITHER MOVE NOR BREATHE,3576,16.648,16000,test,3576-138058-0005_melvoc_resample-8k
data/attacks/awgn-snr5/3576-138058-0005_melvoc.wav,fake,attack,none,awgn-snr5,snr5,SEEING THIS SANCHO GOT UP AND GRAPPLING WITH HIS MASTER HE GRIPPED HIM WITH ALL HIS MIGHT IN HIS ARMS GIVING HIM A TRIP WITH THE HEEL STRETCHED HIM ON THE GROUND ON HIS BACK AND PRESSING HIS RIGHT KNEE ON HIS CHEST HELD HIS HANDS IN HIS OWN SO THAT HE COULD NEITHER MOVE NOR BREATHE,3576,16.648,16000,test,3576-138058-0005_melvoc_awgn-snr5
data/attacks/awgn-snr10/3576-138058-0005_melvoc.wav,fake,attack,none,awgn-snr10,snr10,SEEING THIS SANCHO GOT UP AND GRAPPLING WITH HIS MASTER HE GRIPPED HIM WITH ALL HIS MIGHT IN HIS ARMS GIVING HIM A TRIP WITH THE HEEL STRETCHED HIM ON THE GROUND ON HIS BACK AND PRESSING HIS RIGHT KNEE ON HIS CHEST HELD HIS HANDS IN HIS OWN SO THAT HE COULD NEITHER MOVE NOR BREATHE,3576,16.648,16000,test,3576-138058-0005_melvoc_awgn-snr10
data/attacks/awgn-snr20/3576-138058-0005_melvoc.wav,fake,attack,none,awgn-snr20,snr20,SEEING THIS SANCHO GOT UP AND GRAPPLING WITH HIS MASTER HE GRIPPED HIM WITH ALL HIS MIGHT IN HIS ARMS GIVING HIM A TRIP WITH THE HEEL STRETCHED HIM ON THE GROUND ON HIS BACK AND PRESSING HIS RIGHT KNEE ON HIS CHEST HELD HIS HANDS IN HIS OWN SO THAT HE COULD NEITHER MOVE NOR BREATHE,3576,16.648,16000,test,3576-138058-0005_melvoc_awgn-snr20
data/attacks/bandpass-300-3400/3576-138058-0005_melvoc.wav,fake,attack,none,bandpass-300-3400,bandpass300-3400,SEEING THIS SANCHO GOT UP AND GRAPPLING WITH HIS MASTER HE GRIPPED HIM WITH ALL HIS MIGHT IN HIS ARMS GIVING HIM A TRIP WITH THE HEEL STRETCHED HIM ON THE GROUND ON HIS BACK AND PRESSING HIS RIGHT KNEE ON HIS CHEST HELD HIS HANDS IN HIS OWN SO THAT HE COULD NEITHER MOVE NOR BREATHE,3576,16.648,16000,test,3576-138058-0005_melvoc_bandpass-300-3400
data/attacks/reverb-rt60-0.2/3576-138058-0005_melvoc.wav,fake,attack,none,reverb-rt60-0.2,rt60-0.2,SEEING THIS SANCHO GOT UP AND GRAPPLING WITH HIS MASTER HE GRIPPED HIM WITH ALL HIS MIGHT IN HIS ARMS GIVING HIM A TRIP WITH THE HEEL STRETCHED HIM ON THE GROUND ON HIS BACK AND PRESSING HIS RIGHT KNEE ON HIS CHEST HELD HIS HANDS IN HIS OWN SO THAT HE COULD NEITHER MOVE NOR BREATHE,3576,16.648,16000,test,3576-138058-0005_melvoc_reverb-rt60-0.2
data/attacks/reverb-rt60-0.4/3576-138058-0005_melvoc.wav,fake,attack,none,reverb-rt60-0.4,rt60-0.4,SEEING THIS SANCHO GOT UP AND GRAPPLING WITH HIS MASTER HE GRIPPED HIM WITH ALL HIS MIGHT IN HIS ARMS GIVING HIM A TRIP WITH THE HEEL STRETCHED HIM ON THE GROUND ON HIS BACK AND PRESSING HIS RIGHT KNEE ON HIS CHEST HELD HIS HANDS IN HIS OWN SO THAT HE COULD NEITHER MOVE NOR BREATHE,3576,16.648,16000,test,3576-138058-0005_melvoc_reverb-rt60-0.4
data/attacks/reverb-rt60-0.8/3576-138058-0005_melvoc.wav,fake,attack,none,reverb-rt60-0.8,rt60-0.8,SEEING THIS SANCHO GOT UP AND GRAPPLING WITH HIS MASTER HE GRIPPED HIM WITH ALL HIS MIGHT IN HIS ARMS GIVING HIM A TRIP WITH THE HEEL STRETCHED HIM ON THE GROUND ON HIS BACK AND PRESSING HIS RIGHT KNEE ON HIS CHEST HELD HIS HANDS IN HIS OWN SO THAT HE COULD NEITHER MOVE NOR BREATHE,3576,16.648,16000,test,3576-138058-0005_melvoc_reverb-rt60-0.8
data/attacks/speed0.9/3576-138058-0005_melvoc.wav,fake,attack,none,speed0.9,speed0.9,SEEING THIS SANCHO GOT UP AND GRAPPLING WITH HIS MASTER HE GRIPPED HIM WITH ALL HIS MIGHT IN HIS ARMS GIVING HIM A TRIP WITH THE HEEL STRETCHED HIM ON THE GROUND ON HIS BACK AND PRESSING HIS RIGHT KNEE ON HIS CHEST HELD HIS HANDS IN HIS OWN SO THAT HE COULD NEITHER MOVE NOR BREATHE,3576,18.498,16000,test,3576-138058-0005_melvoc_speed0.9
data/attacks/speed1.1/3576-138058-0005_melvoc.wav,fake,attack,none,speed1.1,speed1.1,SEEING THIS SANCHO GOT UP AND GRAPPLING WITH HIS MASTER HE GRIPPED HIM WITH ALL HIS MIGHT IN HIS ARMS GIVING HIM A TRIP WITH THE HEEL STRETCHED HIM ON THE GROUND ON HIS BACK AND PRESSING HIS RIGHT KNEE ON HIS CHEST HELD HIS HANDS IN HIS OWN SO THAT HE COULD NEITHER MOVE NOR BREATHE,3576,15.135,16000,test,3576-138058-0005_melvoc_speed1.1
data/attacks/mp3-128k/3576-138058-0005_pitch.wav,fake,attack,none,mp3-128k,mp3-128k,SEEING THIS SANCHO GOT UP AND GRAPPLING WITH HIS MASTER HE GRIPPED HIM WITH ALL HIS MIGHT IN HIS ARMS GIVING HIM A TRIP WITH THE HEEL STRETCHED HIM ON THE GROUND ON HIS BACK AND PRESSING HIS RIGHT KNEE ON HIS CHEST HELD HIS HANDS IN HIS OWN SO THAT HE COULD NEITHER MOVE NOR BREATHE,3576,16.655,16000,test,3576-138058-0005_pitch_mp3-128k
data/attacks/mp3-64k/3576-138058-0005_pitch.wav,fake,attack,none,mp3-64k,mp3-64k,SEEING THIS SANCHO GOT UP AND GRAPPLING WITH HIS MASTER HE GRIPPED HIM WITH ALL HIS MIGHT IN HIS ARMS GIVING HIM A TRIP WITH THE HEEL STRETCHED HIM ON THE GROUND ON HIS BACK AND PRESSING HIS RIGHT KNEE ON HIS CHEST HELD HIS HANDS IN HIS OWN SO THAT HE COULD NEITHER MOVE NOR BREATHE,3576,16.655,16000,test,3576-138058-0005_pitch_mp3-64k
data/attacks/opus-32k/3576-138058-0005_pitch.wav,fake,attack,none,opus-32k,opus-32k,SEEING THIS SANCHO GOT UP AND GRAPPLING WITH HIS MASTER HE GRIPPED HIM WITH ALL HIS MIGHT IN HIS ARMS GIVING HIM A TRIP WITH THE HEEL STRETCHED HIM ON THE GROUND ON HIS BACK AND PRESSING HIS RIGHT KNEE ON HIS CHEST HELD HIS HANDS IN HIS OWN SO THAT HE COULD NEITHER MOVE NOR BREATHE,3576,16.655,16000,test,3576-138058-0005_pitch_opus-32k
data/attacks/g711-8k/3576-138058-0005_pitch.wav,fake,attack,none,g711-8k,g711-8k,SEEING THIS SANCHO GOT UP AND GRAPPLING WITH HIS MASTER HE GRIPPED HIM WITH ALL HIS MIGHT IN HIS ARMS GIVING HIM A TRIP WITH THE HEEL STRETCHED HIM ON THE GROUND ON HIS BACK AND PRESSING HIS RIGHT KNEE ON HIS CHEST HELD HIS HANDS IN HIS OWN SO THAT HE COULD NEITHER MOVE NOR BREATHE,3576,16.655,16000,test,3576-138058-0005_pitch_g711-8k
data/attacks/resample-8k/3576-138058-0005_pitch.wav,fake,attack,none,resample-8k,8k-roundtrip,SEEING THIS SANCHO GOT UP AND GRAPPLING WITH HIS MASTER HE GRIPPED HIM WITH ALL HIS MIGHT IN HIS ARMS GIVING HIM A TRIP WITH THE HEEL STRETCHED HIM ON THE GROUND ON HIS BACK AND PRESSING HIS RIGHT KNEE ON HIS CHEST HELD HIS HANDS IN HIS OWN SO THAT HE COULD NEITHER MOVE NOR BREATHE,3576,16.655,16000,test,3576-138058-0005_pitch_resample-8k
data/attacks/awgn-snr5/3576-138058-0005_pitch.wav,fake,attack,none,awgn-snr5,snr5,SEEING THIS SANCHO GOT UP AND GRAPPLING WITH HIS MASTER HE GRIPPED HIM WITH ALL HIS MIGHT IN HIS ARMS GIVING HIM A TRIP WITH THE HEEL STRETCHED HIM ON THE GROUND ON HIS BACK AND PRESSING HIS RIGHT KNEE ON HIS CHEST HELD HIS HANDS IN HIS OWN SO THAT HE COULD NEITHER MOVE NOR BREATHE,3576,16.655,16000,test,3576-138058-0005_pitch_awgn-snr5
data/attacks/awgn-snr10/3576-138058-0005_pitch.wav,fake,attack,none,awgn-snr10,snr10,SEEING THIS SANCHO GOT UP AND GRAPPLING WITH HIS MASTER HE GRIPPED HIM WITH ALL HIS MIGHT IN HIS ARMS GIVING HIM A TRIP WITH THE HEEL STRETCHED HIM ON THE GROUND ON HIS BACK AND PRESSING HIS RIGHT KNEE ON HIS CHEST HELD HIS HANDS IN HIS OWN SO THAT HE COULD NEITHER MOVE NOR BREATHE,3576,16.655,16000,test,3576-138058-0005_pitch_awgn-snr10
data/attacks/awgn-snr20/3576-138058-0005_pitch.wav,fake,attack,none,awgn-snr20,snr20,SEEING THIS SANCHO GOT UP AND GRAPPLING WITH HIS MASTER HE GRIPPED HIM WITH ALL HIS MIGHT IN HIS ARMS GIVING HIM A TRIP WITH THE HEEL STRETCHED HIM ON THE GROUND ON HIS BACK AND PRESSING HIS RIGHT KNEE ON HIS CHEST HELD HIS HANDS IN HIS OWN SO THAT HE COULD NEITHER MOVE NOR BREATHE,3576,16.655,16000,test,3576-138058-0005_pitch_awgn-snr20
data/attacks/bandpass-300-3400/3576-138058-0005_pitch.wav,fake,attack,none,bandpass-300-3400,bandpass300-3400,SEEING THIS SANCHO GOT UP AND GRAPPLING WITH HIS MASTER HE GRIPPED HIM WITH ALL HIS MIGHT IN HIS ARMS GIVING HIM A TRIP WITH THE HEEL STRETCHED HIM ON THE GROUND ON HIS BACK AND PRESSING HIS RIGHT KNEE ON HIS CHEST HELD HIS HANDS IN HIS OWN SO THAT HE COULD NEITHER MOVE NOR BREATHE,3576,16.655,16000,test,3576-138058-0005_pitch_bandpass-300-3400
data/attacks/reverb-rt60-0.2/3576-138058-0005_pitch.wav,fake,attack,none,reverb-rt60-0.2,rt60-0.2,SEEING THIS SANCHO GOT UP AND GRAPPLING WITH HIS MASTER HE GRIPPED HIM WITH ALL HIS MIGHT IN HIS ARMS GIVING HIM A TRIP WITH THE HEEL STRETCHED HIM ON THE GROUND ON HIS BACK AND PRESSING HIS RIGHT KNEE ON HIS CHEST HELD HIS HANDS IN HIS OWN SO THAT HE COULD NEITHER MOVE NOR BREATHE,3576,16.655,16000,test,3576-138058-0005_pitch_reverb-rt60-0.2
data/attacks/reverb-rt60-0.4/3576-138058-0005_pitch.wav,fake,attack,none,reverb-rt60-0.4,rt60-0.4,SEEING THIS SANCHO GOT UP AND GRAPPLING WITH HIS MASTER HE GRIPPED HIM WITH ALL HIS MIGHT IN HIS ARMS GIVING HIM A TRIP WITH THE HEEL STRETCHED HIM ON THE GROUND ON HIS BACK AND PRESSING HIS RIGHT KNEE ON HIS CHEST HELD HIS HANDS IN HIS OWN SO THAT HE COULD NEITHER MOVE NOR BREATHE,3576,16.655,16000,test,3576-138058-0005_pitch_reverb-rt60-0.4
data/attacks/reverb-rt60-0.8/3576-138058-0005_pitch.wav,fake,attack,none,reverb-rt60-0.8,rt60-0.8,SEEING THIS SANCHO GOT UP AND GRAPPLING WITH HIS MASTER HE GRIPPED HIM WITH ALL HIS MIGHT IN HIS ARMS GIVING HIM A TRIP WITH THE HEEL STRETCHED HIM ON THE GROUND ON HIS BACK AND PRESSING HIS RIGHT KNEE ON HIS CHEST HELD HIS HANDS IN HIS OWN SO THAT HE COULD NEITHER MOVE NOR BREATHE,3576,16.655,16000,test,3576-138058-0005_pitch_reverb-rt60-0.8
data/attacks/speed0.9/3576-138058-0005_pitch.wav,fake,attack,none,speed0.9,speed0.9,SEEING THIS SANCHO GOT UP AND GRAPPLING WITH HIS MASTER HE GRIPPED HIM WITH ALL HIS MIGHT IN HIS ARMS GIVING HIM A TRIP WITH THE HEEL STRETCHED HIM ON THE GROUND ON HIS BACK AND PRESSING HIS RIGHT KNEE ON HIS CHEST HELD HIS HANDS IN HIS OWN SO THAT HE COULD NEITHER MOVE NOR BREATHE,3576,18.506,16000,test,3576-138058-0005_pitch_speed0.9
data/attacks/speed1.1/3576-138058-0005_pitch.wav,fake,attack,none,speed1.1,speed1.1,SEEING THIS SANCHO GOT UP AND GRAPPLING WITH HIS MASTER HE GRIPPED HIM WITH ALL HIS MIGHT IN HIS ARMS GIVING HIM A TRIP WITH THE HEEL STRETCHED HIM ON THE GROUND ON HIS BACK AND PRESSING HIS RIGHT KNEE ON HIS CHEST HELD HIS HANDS IN HIS OWN SO THAT HE COULD NEITHER MOVE NOR BREATHE,3576,15.141,16000,test,3576-138058-0005_pitch_speed1.1
data/attacks/mp3-128k/3576-138058-0006_formant.wav,fake,attack,none,mp3-128k,mp3-128k,HOW NOW TRAITOR EXCLAIMED DON QUIXOTE,3576,3.945,16000,test,3576-138058-0006_formant_mp3-128k
data/attacks/mp3-64k/3576-138058-0006_formant.wav,fake,attack,none,mp3-64k,mp3-64k,HOW NOW TRAITOR EXCLAIMED DON QUIXOTE,3576,3.945,16000,test,3576-138058-0006_formant_mp3-64k
data/attacks/opus-32k/3576-138058-0006_formant.wav,fake,attack,none,opus-32k,opus-32k,HOW NOW TRAITOR EXCLAIMED DON QUIXOTE,3576,3.945,16000,test,3576-138058-0006_formant_opus-32k
data/attacks/g711-8k/3576-138058-0006_formant.wav,fake,attack,none,g711-8k,g711-8k,HOW NOW TRAITOR EXCLAIMED DON QUIXOTE,3576,3.945,16000,test,3576-138058-0006_formant_g711-8k
data/attacks/resample-8k/3576-138058-0006_formant.wav,fake,attack,none,resample-8k,8k-roundtrip,HOW NOW TRAITOR EXCLAIMED DON QUIXOTE,3576,3.945,16000,test,3576-138058-0006_formant_resample-8k
data/attacks/awgn-snr5/3576-138058-0006_formant.wav,fake,attack,none,awgn-snr5,snr5,HOW NOW TRAITOR EXCLAIMED DON QUIXOTE,3576,3.945,16000,test,3576-138058-0006_formant_awgn-snr5
data/attacks/awgn-snr10/3576-138058-0006_formant.wav,fake,attack,none,awgn-snr10,snr10,HOW NOW TRAITOR EXCLAIMED DON QUIXOTE,3576,3.945,16000,test,3576-138058-0006_formant_awgn-snr10
data/attacks/awgn-snr20/3576-138058-0006_formant.wav,fake,attack,none,awgn-snr20,snr20,HOW NOW TRAITOR EXCLAIMED DON QUIXOTE,3576,3.945,16000,test,3576-138058-0006_formant_awgn-snr20
data/attacks/bandpass-300-3400/3576-138058-0006_formant.wav,fake,attack,none,bandpass-300-3400,bandpass300-3400,HOW NOW TRAITOR EXCLAIMED DON QUIXOTE,3576,3.945,16000,test,3576-138058-0006_formant_bandpass-300-3400
data/attacks/reverb-rt60-0.2/3576-138058-0006_formant.wav,fake,attack,none,reverb-rt60-0.2,rt60-0.2,HOW NOW TRAITOR EXCLAIMED DON QUIXOTE,3576,3.945,16000,test,3576-138058-0006_formant_reverb-rt60-0.2
data/attacks/reverb-rt60-0.4/3576-138058-0006_formant.wav,fake,attack,none,reverb-rt60-0.4,rt60-0.4,HOW NOW TRAITOR EXCLAIMED DON QUIXOTE,3576,3.945,16000,test,3576-138058-0006_formant_reverb-rt60-0.4
data/attacks/reverb-rt60-0.8/3576-138058-0006_formant.wav,fake,attack,none,reverb-rt60-0.8,rt60-0.8,HOW NOW TRAITOR EXCLAIMED DON QUIXOTE,3576,3.945,16000,test,3576-138058-0006_formant_reverb-rt60-0.8
data/attacks/speed0.9/3576-138058-0006_formant.wav,fake,attack,none,speed0.9,speed0.9,HOW NOW TRAITOR EXCLAIMED DON QUIXOTE,3576,4.383,16000,test,3576-138058-0006_formant_speed0.9
data/attacks/speed1.1/3576-138058-0006_formant.wav,fake,attack,none,speed1.1,speed1.1,HOW NOW TRAITOR EXCLAIMED DON QUIXOTE,3576,3.586,16000,test,3576-138058-0006_formant_speed1.1
data/attacks/mp3-128k/3576-138058-0006_melvoc.wav,fake,attack,none,mp3-128k,mp3-128k,HOW NOW TRAITOR EXCLAIMED DON QUIXOTE,3576,3.944,16000,test,3576-138058-0006_melvoc_mp3-128k
data/attacks/mp3-64k/3576-138058-0006_melvoc.wav,fake,attack,none,mp3-64k,mp3-64k,HOW NOW TRAITOR EXCLAIMED DON QUIXOTE,3576,3.944,16000,test,3576-138058-0006_melvoc_mp3-64k
data/attacks/opus-32k/3576-138058-0006_melvoc.wav,fake,attack,none,opus-32k,opus-32k,HOW NOW TRAITOR EXCLAIMED DON QUIXOTE,3576,3.944,16000,test,3576-138058-0006_melvoc_opus-32k
data/attacks/g711-8k/3576-138058-0006_melvoc.wav,fake,attack,none,g711-8k,g711-8k,HOW NOW TRAITOR EXCLAIMED DON QUIXOTE,3576,3.944,16000,test,3576-138058-0006_melvoc_g711-8k
data/attacks/resample-8k/3576-138058-0006_melvoc.wav,fake,attack,none,resample-8k,8k-roundtrip,HOW NOW TRAITOR EXCLAIMED DON QUIXOTE,3576,3.944,16000,test,3576-138058-0006_melvoc_resample-8k
data/attacks/awgn-snr5/3576-138058-0006_melvoc.wav,fake,attack,none,awgn-snr5,snr5,HOW NOW TRAITOR EXCLAIMED DON QUIXOTE,3576,3.944,16000,test,3576-138058-0006_melvoc_awgn-snr5
data/attacks/awgn-snr10/3576-138058-0006_melvoc.wav,fake,attack,none,awgn-snr10,snr10,HOW NOW TRAITOR EXCLAIMED DON QUIXOTE,3576,3.944,16000,test,3576-138058-0006_melvoc_awgn-snr10
data/attacks/awgn-snr20/3576-138058-0006_melvoc.wav,fake,attack,none,awgn-snr20,snr20,HOW NOW TRAITOR EXCLAIMED DON QUIXOTE,3576,3.944,16000,test,3576-138058-0006_melvoc_awgn-snr20
data/attacks/bandpass-300-3400/3576-138058-0006_melvoc.wav,fake,attack,none,bandpass-300-3400,bandpass300-3400,HOW NOW TRAITOR EXCLAIMED DON QUIXOTE,3576,3.944,16000,test,3576-138058-0006_melvoc_bandpass-300-3400
data/attacks/reverb-rt60-0.2/3576-138058-0006_melvoc.wav,fake,attack,none,reverb-rt60-0.2,rt60-0.2,HOW NOW TRAITOR EXCLAIMED DON QUIXOTE,3576,3.944,16000,test,3576-138058-0006_melvoc_reverb-rt60-0.2
data/attacks/reverb-rt60-0.4/3576-138058-0006_melvoc.wav,fake,attack,none,reverb-rt60-0.4,rt60-0.4,HOW NOW TRAITOR EXCLAIMED DON QUIXOTE,3576,3.944,16000,test,3576-138058-0006_melvoc_reverb-rt60-0.4
data/attacks/reverb-rt60-0.8/3576-138058-0006_melvoc.wav,fake,attack,none,reverb-rt60-0.8,rt60-0.8,HOW NOW TRAITOR EXCLAIMED DON QUIXOTE,3576,3.944,16000,test,3576-138058-0006_melvoc_reverb-rt60-0.8
data/attacks/speed0.9/3576-138058-0006_melvoc.wav,fake,attack,none,speed0.9,speed0.9,HOW NOW TRAITOR EXCLAIMED DON QUIXOTE,3576,4.382,16000,test,3576-138058-0006_melvoc_speed0.9
data/attacks/speed1.1/3576-138058-0006_melvoc.wav,fake,attack,none,speed1.1,speed1.1,HOW NOW TRAITOR EXCLAIMED DON QUIXOTE,3576,3.585,16000,test,3576-138058-0006_melvoc_speed1.1
data/attacks/mp3-128k/3576-138058-0006_pitch.wav,fake,attack,none,mp3-128k,mp3-128k,HOW NOW TRAITOR EXCLAIMED DON QUIXOTE,3576,3.945,16000,test,3576-138058-0006_pitch_mp3-128k
data/attacks/mp3-64k/3576-138058-0006_pitch.wav,fake,attack,none,mp3-64k,mp3-64k,HOW NOW TRAITOR EXCLAIMED DON QUIXOTE,3576,3.945,16000,test,3576-138058-0006_pitch_mp3-64k
data/attacks/opus-32k/3576-138058-0006_pitch.wav,fake,attack,none,opus-32k,opus-32k,HOW NOW TRAITOR EXCLAIMED DON QUIXOTE,3576,3.945,16000,test,3576-138058-0006_pitch_opus-32k
data/attacks/g711-8k/3576-138058-0006_pitch.wav,fake,attack,none,g711-8k,g711-8k,HOW NOW TRAITOR EXCLAIMED DON QUIXOTE,3576,3.945,16000,test,3576-138058-0006_pitch_g711-8k
data/attacks/resample-8k/3576-138058-0006_pitch.wav,fake,attack,none,resample-8k,8k-roundtrip,HOW NOW TRAITOR EXCLAIMED DON QUIXOTE,3576,3.945,16000,test,3576-138058-0006_pitch_resample-8k
data/attacks/awgn-snr5/3576-138058-0006_pitch.wav,fake,attack,none,awgn-snr5,snr5,HOW NOW TRAITOR EXCLAIMED DON QUIXOTE,3576,3.945,16000,test,3576-138058-0006_pitch_awgn-snr5
data/attacks/awgn-snr10/3576-138058-0006_pitch.wav,fake,attack,none,awgn-snr10,snr10,HOW NOW TRAITOR EXCLAIMED DON QUIXOTE,3576,3.945,16000,test,3576-138058-0006_pitch_awgn-snr10
data/attacks/awgn-snr20/3576-138058-0006_pitch.wav,fake,attack,none,awgn-snr20,snr20,HOW NOW TRAITOR EXCLAIMED DON QUIXOTE,3576,3.945,16000,test,3576-138058-0006_pitch_awgn-snr20
data/attacks/bandpass-300-3400/3576-138058-0006_pitch.wav,fake,attack,none,bandpass-300-3400,bandpass300-3400,HOW NOW TRAITOR EXCLAIMED DON QUIXOTE,3576,3.945,16000,test,3576-138058-0006_pitch_bandpass-300-3400
data/attacks/reverb-rt60-0.2/3576-138058-0006_pitch.wav,fake,attack,none,reverb-rt60-0.2,rt60-0.2,HOW NOW TRAITOR EXCLAIMED DON QUIXOTE,3576,3.945,16000,test,3576-138058-0006_pitch_reverb-rt60-0.2
data/attacks/reverb-rt60-0.4/3576-138058-0006_pitch.wav,fake,attack,none,reverb-rt60-0.4,rt60-0.4,HOW NOW TRAITOR EXCLAIMED DON QUIXOTE,3576,3.945,16000,test,3576-138058-0006_pitch_reverb-rt60-0.4
data/attacks/reverb-rt60-0.8/3576-138058-0006_pitch.wav,fake,attack,none,reverb-rt60-0.8,rt60-0.8,HOW NOW TRAITOR EXCLAIMED DON QUIXOTE,3576,3.945,16000,test,3576-138058-0006_pitch_reverb-rt60-0.8
data/attacks/speed0.9/3576-138058-0006_pitch.wav,fake,attack,none,speed0.9,speed0.9,HOW NOW TRAITOR EXCLAIMED DON QUIXOTE,3576,4.383,16000,test,3576-138058-0006_pitch_speed0.9
data/attacks/speed1.1/3576-138058-0006_pitch.wav,fake,attack,none,speed1.1,speed1.1,HOW NOW TRAITOR EXCLAIMED DON QUIXOTE,3576,3.586,16000,test,3576-138058-0006_pitch_speed1.1
data/attacks/mp3-128k/3576-138058-0007_formant.wav,fake,attack,none,mp3-128k,mp3-128k,DOST THOU REVOLT AGAINST THY MASTER AND NATURAL LORD,3576,3.55,16000,test,3576-138058-0007_formant_mp3-128k
data/attacks/mp3-64k/3576-138058-0007_formant.wav,fake,attack,none,mp3-64k,mp3-64k,DOST THOU REVOLT AGAINST THY MASTER AND NATURAL LORD,3576,3.55,16000,test,3576-138058-0007_formant_mp3-64k
data/attacks/opus-32k/3576-138058-0007_formant.wav,fake,attack,none,opus-32k,opus-32k,DOST THOU REVOLT AGAINST THY MASTER AND NATURAL LORD,3576,3.55,16000,test,3576-138058-0007_formant_opus-32k
data/attacks/g711-8k/3576-138058-0007_formant.wav,fake,attack,none,g711-8k,g711-8k,DOST THOU REVOLT AGAINST THY MASTER AND NATURAL LORD,3576,3.55,16000,test,3576-138058-0007_formant_g711-8k
data/attacks/resample-8k/3576-138058-0007_formant.wav,fake,attack,none,resample-8k,8k-roundtrip,DOST THOU REVOLT AGAINST THY MASTER AND NATURAL LORD,3576,3.55,16000,test,3576-138058-0007_formant_resample-8k
data/attacks/awgn-snr5/3576-138058-0007_formant.wav,fake,attack,none,awgn-snr5,snr5,DOST THOU REVOLT AGAINST THY MASTER AND NATURAL LORD,3576,3.55,16000,test,3576-138058-0007_formant_awgn-snr5
data/attacks/awgn-snr10/3576-138058-0007_formant.wav,fake,attack,none,awgn-snr10,snr10,DOST THOU REVOLT AGAINST THY MASTER AND NATURAL LORD,3576,3.55,16000,test,3576-138058-0007_formant_awgn-snr10
data/attacks/awgn-snr20/3576-138058-0007_formant.wav,fake,attack,none,awgn-snr20,snr20,DOST THOU REVOLT AGAINST THY MASTER AND NATURAL LORD,3576,3.55,16000,test,3576-138058-0007_formant_awgn-snr20
data/attacks/bandpass-300-3400/3576-138058-0007_formant.wav,fake,attack,none,bandpass-300-3400,bandpass300-3400,DOST THOU REVOLT AGAINST THY MASTER AND NATURAL LORD,3576,3.55,16000,test,3576-138058-0007_formant_bandpass-300-3400
data/attacks/reverb-rt60-0.2/3576-138058-0007_formant.wav,fake,attack,none,reverb-rt60-0.2,rt60-0.2,DOST THOU REVOLT AGAINST THY MASTER AND NATURAL LORD,3576,3.55,16000,test,3576-138058-0007_formant_reverb-rt60-0.2
data/attacks/reverb-rt60-0.4/3576-138058-0007_formant.wav,fake,attack,none,reverb-rt60-0.4,rt60-0.4,DOST THOU REVOLT AGAINST THY MASTER AND NATURAL LORD,3576,3.55,16000,test,3576-138058-0007_formant_reverb-rt60-0.4
data/attacks/reverb-rt60-0.8/3576-138058-0007_formant.wav,fake,attack,none,reverb-rt60-0.8,rt60-0.8,DOST THOU REVOLT AGAINST THY MASTER AND NATURAL LORD,3576,3.55,16000,test,3576-138058-0007_formant_reverb-rt60-0.8
data/attacks/speed0.9/3576-138058-0007_formant.wav,fake,attack,none,speed0.9,speed0.9,DOST THOU REVOLT AGAINST THY MASTER AND NATURAL LORD,3576,3.944,16000,test,3576-138058-0007_formant_speed0.9
data/attacks/speed1.1/3576-138058-0007_formant.wav,fake,attack,none,speed1.1,speed1.1,DOST THOU REVOLT AGAINST THY MASTER AND NATURAL LORD,3576,3.227,16000,test,3576-138058-0007_formant_speed1.1
data/attacks/mp3-128k/3576-138058-0007_melvoc.wav,fake,attack,none,mp3-128k,mp3-128k,DOST THOU REVOLT AGAINST THY MASTER AND NATURAL LORD,3576,3.544,16000,test,3576-138058-0007_melvoc_mp3-128k
data/attacks/mp3-64k/3576-138058-0007_melvoc.wav,fake,attack,none,mp3-64k,mp3-64k,DOST THOU REVOLT AGAINST THY MASTER AND NATURAL LORD,3576,3.544,16000,test,3576-138058-0007_melvoc_mp3-64k
data/attacks/opus-32k/3576-138058-0007_melvoc.wav,fake,attack,none,opus-32k,opus-32k,DOST THOU REVOLT AGAINST THY MASTER AND NATURAL LORD,3576,3.544,16000,test,3576-138058-0007_melvoc_opus-32k
data/attacks/g711-8k/3576-138058-0007_melvoc.wav,fake,attack,none,g711-8k,g711-8k,DOST THOU REVOLT AGAINST THY MASTER AND NATURAL LORD,3576,3.544,16000,test,3576-138058-0007_melvoc_g711-8k
data/attacks/resample-8k/3576-138058-0007_melvoc.wav,fake,attack,none,resample-8k,8k-roundtrip,DOST THOU REVOLT AGAINST THY MASTER AND NATURAL LORD,3576,3.544,16000,test,3576-138058-0007_melvoc_resample-8k
data/attacks/awgn-snr5/3576-138058-0007_melvoc.wav,fake,attack,none,awgn-snr5,snr5,DOST THOU REVOLT AGAINST THY MASTER AND NATURAL LORD,3576,3.544,16000,test,3576-138058-0007_melvoc_awgn-snr5
data/attacks/awgn-snr10/3576-138058-0007_melvoc.wav,fake,attack,none,awgn-snr10,snr10,DOST THOU REVOLT AGAINST THY MASTER AND NATURAL LORD,3576,3.544,16000,test,3576-138058-0007_melvoc_awgn-snr10
data/attacks/awgn-snr20/3576-138058-0007_melvoc.wav,fake,attack,none,awgn-snr20,snr20,DOST THOU REVOLT AGAINST THY MASTER AND NATURAL LORD,3576,3.544,16000,test,3576-138058-0007_melvoc_awgn-snr20
data/attacks/bandpass-300-3400/3576-138058-0007_melvoc.wav,fake,attack,none,bandpass-300-3400,bandpass300-3400,DOST THOU REVOLT AGAINST THY MASTER AND NATURAL LORD,3576,3.544,16000,test,3576-138058-0007_melvoc_bandpass-300-3400
data/attacks/reverb-rt60-0.2/3576-138058-0007_melvoc.wav,fake,attack,none,reverb-rt60-0.2,rt60-0.2,DOST THOU REVOLT AGAINST THY MASTER AND NATURAL LORD,3576,3.544,16000,test,3576-138058-0007_melvoc_reverb-rt60-0.2
data/attacks/reverb-rt60-0.4/3576-138058-0007_melvoc.wav,fake,attack,none,reverb-rt60-0.4,rt60-0.4,DOST THOU REVOLT AGAINST THY MASTER AND NATURAL LORD,3576,3.544,16000,test,3576-138058-0007_melvoc_reverb-rt60-0.4
data/attacks/reverb-rt60-0.8/3576-138058-0007_melvoc.wav,fake,attack,none,reverb-rt60-0.8,rt60-0.8,DOST THOU REVOLT AGAINST THY MASTER AND NATURAL LORD,3576,3.544,16000,test,3576-138058-0007_melvoc_reverb-rt60-0.8
data/attacks/speed0.9/3576-138058-0007_melvoc.wav,fake,attack,none,speed0.9,speed0.9,DOST THOU REVOLT AGAINST THY MASTER AND NATURAL LORD,3576,3.938,16000,test,3576-138058-0007_melvoc_speed0.9
data/attacks/speed1.1/3576-138058-0007_melvoc.wav,fake,attack,none,speed1.1,speed1.1,DOST THOU REVOLT AGAINST THY MASTER AND NATURAL LORD,3576,3.222,16000,test,3576-138058-0007_melvoc_speed1.1
data/attacks/mp3-128k/3576-138058-0007_pitch.wav,fake,attack,none,mp3-128k,mp3-128k,DOST THOU REVOLT AGAINST THY MASTER AND NATURAL LORD,3576,3.55,16000,test,3576-138058-0007_pitch_mp3-128k
data/attacks/mp3-64k/3576-138058-0007_pitch.wav,fake,attack,none,mp3-64k,mp3-64k,DOST THOU REVOLT AGAINST THY MASTER AND NATURAL LORD,3576,3.55,16000,test,3576-138058-0007_pitch_mp3-64k
data/attacks/opus-32k/3576-138058-0007_pitch.wav,fake,attack,none,opus-32k,opus-32k,DOST THOU REVOLT AGAINST THY MASTER AND NATURAL LORD,3576,3.55,16000,test,3576-138058-0007_pitch_opus-32k
data/attacks/g711-8k/3576-138058-0007_pitch.wav,fake,attack,none,g711-8k,g711-8k,DOST THOU REVOLT AGAINST THY MASTER AND NATURAL LORD,3576,3.55,16000,test,3576-138058-0007_pitch_g711-8k
data/attacks/resample-8k/3576-138058-0007_pitch.wav,fake,attack,none,resample-8k,8k-roundtrip,DOST THOU REVOLT AGAINST THY MASTER AND NATURAL LORD,3576,3.55,16000,test,3576-138058-0007_pitch_resample-8k
data/attacks/awgn-snr5/3576-138058-0007_pitch.wav,fake,attack,none,awgn-snr5,snr5,DOST THOU REVOLT AGAINST THY MASTER AND NATURAL LORD,3576,3.55,16000,test,3576-138058-0007_pitch_awgn-snr5
data/attacks/awgn-snr10/3576-138058-0007_pitch.wav,fake,attack,none,awgn-snr10,snr10,DOST THOU REVOLT AGAINST THY MASTER AND NATURAL LORD,3576,3.55,16000,test,3576-138058-0007_pitch_awgn-snr10
data/attacks/awgn-snr20/3576-138058-0007_pitch.wav,fake,attack,none,awgn-snr20,snr20,DOST THOU REVOLT AGAINST THY MASTER AND NATURAL LORD,3576,3.55,16000,test,3576-138058-0007_pitch_awgn-snr20
data/attacks/bandpass-300-3400/3576-138058-0007_pitch.wav,fake,attack,none,bandpass-300-3400,bandpass300-3400,DOST THOU REVOLT AGAINST THY MASTER AND NATURAL LORD,3576,3.55,16000,test,3576-138058-0007_pitch_bandpass-300-3400
data/attacks/reverb-rt60-0.2/3576-138058-0007_pitch.wav,fake,attack,none,reverb-rt60-0.2,rt60-0.2,DOST THOU REVOLT AGAINST THY MASTER AND NATURAL LORD,3576,3.55,16000,test,3576-138058-0007_pitch_reverb-rt60-0.2
data/attacks/reverb-rt60-0.4/3576-138058-0007_pitch.wav,fake,attack,none,reverb-rt60-0.4,rt60-0.4,DOST THOU REVOLT AGAINST THY MASTER AND NATURAL LORD,3576,3.55,16000,test,3576-138058-0007_pitch_reverb-rt60-0.4
data/attacks/reverb-rt60-0.8/3576-138058-0007_pitch.wav,fake,attack,none,reverb-rt60-0.8,rt60-0.8,DOST THOU REVOLT AGAINST THY MASTER AND NATURAL LORD,3576,3.55,16000,test,3576-138058-0007_pitch_reverb-rt60-0.8
data/attacks/speed0.9/3576-138058-0007_pitch.wav,fake,attack,none,speed0.9,speed0.9,DOST THOU REVOLT AGAINST THY MASTER AND NATURAL LORD,3576,3.944,16000,test,3576-138058-0007_pitch_speed0.9
data/attacks/speed1.1/3576-138058-0007_pitch.wav,fake,attack,none,speed1.1,speed1.1,DOST THOU REVOLT AGAINST THY MASTER AND NATURAL LORD,3576,3.227,16000,test,3576-138058-0007_pitch_speed1.1
data/attacks/mp3-128k/3576-138058-0008_formant.wav,fake,attack,none,mp3-128k,mp3-128k,DOST THOU RISE AGAINST HIM WHO GIVES THEE HIS BREAD,3576,3.86,16000,test,3576-138058-0008_formant_mp3-128k
data/attacks/mp3-64k/3576-138058-0008_formant.wav,fake,attack,none,mp3-64k,mp3-64k,DOST THOU RISE AGAINST HIM WHO GIVES THEE HIS BREAD,3576,3.86,16000,test,3576-138058-0008_formant_mp3-64k
data/attacks/opus-32k/3576-138058-0008_formant.wav,fake,attack,none,opus-32k,opus-32k,DOST THOU RISE AGAINST HIM WHO GIVES THEE HIS BREAD,3576,3.86,16000,test,3576-138058-0008_formant_opus-32k
data/attacks/g711-8k/3576-138058-0008_formant.wav,fake,attack,none,g711-8k,g711-8k,DOST THOU RISE AGAINST HIM WHO GIVES THEE HIS BREAD,3576,3.86,16000,test,3576-138058-0008_formant_g711-8k
data/attacks/resample-8k/3576-138058-0008_formant.wav,fake,attack,none,resample-8k,8k-roundtrip,DOST THOU RISE AGAINST HIM WHO GIVES THEE HIS BREAD,3576,3.86,16000,test,3576-138058-0008_formant_resample-8k
data/attacks/awgn-snr5/3576-138058-0008_formant.wav,fake,attack,none,awgn-snr5,snr5,DOST THOU RISE AGAINST HIM WHO GIVES THEE HIS BREAD,3576,3.86,16000,test,3576-138058-0008_formant_awgn-snr5
data/attacks/awgn-snr10/3576-138058-0008_formant.wav,fake,attack,none,awgn-snr10,snr10,DOST THOU RISE AGAINST HIM WHO GIVES THEE HIS BREAD,3576,3.86,16000,test,3576-138058-0008_formant_awgn-snr10
data/attacks/awgn-snr20/3576-138058-0008_formant.wav,fake,attack,none,awgn-snr20,snr20,DOST THOU RISE AGAINST HIM WHO GIVES THEE HIS BREAD,3576,3.86,16000,test,3576-138058-0008_formant_awgn-snr20
data/attacks/bandpass-300-3400/3576-138058-0008_formant.wav,fake,attack,none,bandpass-300-3400,bandpass300-3400,DOST THOU RISE AGAINST HIM WHO GIVES THEE HIS BREAD,3576,3.86,16000,test,3576-138058-0008_formant_bandpass-300-3400
data/attacks/reverb-rt60-0.2/3576-138058-0008_formant.wav,fake,attack,none,reverb-rt60-0.2,rt60-0.2,DOST THOU RISE AGAINST HIM WHO GIVES THEE HIS BREAD,3576,3.86,16000,test,3576-138058-0008_formant_reverb-rt60-0.2
data/attacks/reverb-rt60-0.4/3576-138058-0008_formant.wav,fake,attack,none,reverb-rt60-0.4,rt60-0.4,DOST THOU RISE AGAINST HIM WHO GIVES THEE HIS BREAD,3576,3.86,16000,test,3576-138058-0008_formant_reverb-rt60-0.4
data/attacks/reverb-rt60-0.8/3576-138058-0008_formant.wav,fake,attack,none,reverb-rt60-0.8,rt60-0.8,DOST THOU RISE AGAINST HIM WHO GIVES THEE HIS BREAD,3576,3.86,16000,test,3576-138058-0008_formant_reverb-rt60-0.8
data/attacks/speed0.9/3576-138058-0008_formant.wav,fake,attack,none,speed0.9,speed0.9,DOST THOU RISE AGAINST HIM WHO GIVES THEE HIS BREAD,3576,4.289,16000,test,3576-138058-0008_formant_speed0.9
data/attacks/speed1.1/3576-138058-0008_formant.wav,fake,attack,none,speed1.1,speed1.1,DOST THOU RISE AGAINST HIM WHO GIVES THEE HIS BREAD,3576,3.509,16000,test,3576-138058-0008_formant_speed1.1
data/attacks/mp3-128k/5895-34615-0000_formant.wav,fake,attack,none,mp3-128k,mp3-128k,BUT IS LAUGHTER A SYNONYM OF JOY,5895,3.335,16000,test,5895-34615-0000_formant_mp3-128k
data/attacks/mp3-64k/5895-34615-0000_formant.wav,fake,attack,none,mp3-64k,mp3-64k,BUT IS LAUGHTER A SYNONYM OF JOY,5895,3.335,16000,test,5895-34615-0000_formant_mp3-64k
data/attacks/opus-32k/5895-34615-0000_formant.wav,fake,attack,none,opus-32k,opus-32k,BUT IS LAUGHTER A SYNONYM OF JOY,5895,3.335,16000,test,5895-34615-0000_formant_opus-32k
data/attacks/g711-8k/5895-34615-0000_formant.wav,fake,attack,none,g711-8k,g711-8k,BUT IS LAUGHTER A SYNONYM OF JOY,5895,3.335,16000,test,5895-34615-0000_formant_g711-8k
data/attacks/resample-8k/5895-34615-0000_formant.wav,fake,attack,none,resample-8k,8k-roundtrip,BUT IS LAUGHTER A SYNONYM OF JOY,5895,3.335,16000,test,5895-34615-0000_formant_resample-8k
data/attacks/awgn-snr5/5895-34615-0000_formant.wav,fake,attack,none,awgn-snr5,snr5,BUT IS LAUGHTER A SYNONYM OF JOY,5895,3.335,16000,test,5895-34615-0000_formant_awgn-snr5
data/attacks/awgn-snr10/5895-34615-0000_formant.wav,fake,attack,none,awgn-snr10,snr10,BUT IS LAUGHTER A SYNONYM OF JOY,5895,3.335,16000,test,5895-34615-0000_formant_awgn-snr10
data/attacks/awgn-snr20/5895-34615-0000_formant.wav,fake,attack,none,awgn-snr20,snr20,BUT IS LAUGHTER A SYNONYM OF JOY,5895,3.335,16000,test,5895-34615-0000_formant_awgn-snr20
data/attacks/bandpass-300-3400/5895-34615-0000_formant.wav,fake,attack,none,bandpass-300-3400,bandpass300-3400,BUT IS LAUGHTER A SYNONYM OF JOY,5895,3.335,16000,test,5895-34615-0000_formant_bandpass-300-3400
data/attacks/reverb-rt60-0.2/5895-34615-0000_formant.wav,fake,attack,none,reverb-rt60-0.2,rt60-0.2,BUT IS LAUGHTER A SYNONYM OF JOY,5895,3.335,16000,test,5895-34615-0000_formant_reverb-rt60-0.2
data/attacks/reverb-rt60-0.4/5895-34615-0000_formant.wav,fake,attack,none,reverb-rt60-0.4,rt60-0.4,BUT IS LAUGHTER A SYNONYM OF JOY,5895,3.335,16000,test,5895-34615-0000_formant_reverb-rt60-0.4
data/attacks/reverb-rt60-0.8/5895-34615-0000_formant.wav,fake,attack,none,reverb-rt60-0.8,rt60-0.8,BUT IS LAUGHTER A SYNONYM OF JOY,5895,3.335,16000,test,5895-34615-0000_formant_reverb-rt60-0.8
data/attacks/speed0.9/5895-34615-0000_formant.wav,fake,attack,none,speed0.9,speed0.9,BUT IS LAUGHTER A SYNONYM OF JOY,5895,3.706,16000,test,5895-34615-0000_formant_speed0.9
data/attacks/speed1.1/5895-34615-0000_formant.wav,fake,attack,none,speed1.1,speed1.1,BUT IS LAUGHTER A SYNONYM OF JOY,5895,3.032,16000,test,5895-34615-0000_formant_speed1.1
data/attacks/mp3-128k/5895-34615-0000_melvoc.wav,fake,attack,none,mp3-128k,mp3-128k,BUT IS LAUGHTER A SYNONYM OF JOY,5895,3.328,16000,test,5895-34615-0000_melvoc_mp3-128k
data/attacks/mp3-64k/5895-34615-0000_melvoc.wav,fake,attack,none,mp3-64k,mp3-64k,BUT IS LAUGHTER A SYNONYM OF JOY,5895,3.328,16000,test,5895-34615-0000_melvoc_mp3-64k
data/attacks/opus-32k/5895-34615-0000_melvoc.wav,fake,attack,none,opus-32k,opus-32k,BUT IS LAUGHTER A SYNONYM OF JOY,5895,3.328,16000,test,5895-34615-0000_melvoc_opus-32k
data/attacks/g711-8k/5895-34615-0000_melvoc.wav,fake,attack,none,g711-8k,g711-8k,BUT IS LAUGHTER A SYNONYM OF JOY,5895,3.328,16000,test,5895-34615-0000_melvoc_g711-8k
data/attacks/resample-8k/5895-34615-0000_melvoc.wav,fake,attack,none,resample-8k,8k-roundtrip,BUT IS LAUGHTER A SYNONYM OF JOY,5895,3.328,16000,test,5895-34615-0000_melvoc_resample-8k
data/attacks/awgn-snr5/5895-34615-0000_melvoc.wav,fake,attack,none,awgn-snr5,snr5,BUT IS LAUGHTER A SYNONYM OF JOY,5895,3.328,16000,test,5895-34615-0000_melvoc_awgn-snr5
data/attacks/awgn-snr10/5895-34615-0000_melvoc.wav,fake,attack,none,awgn-snr10,snr10,BUT IS LAUGHTER A SYNONYM OF JOY,5895,3.328,16000,test,5895-34615-0000_melvoc_awgn-snr10
data/attacks/awgn-snr20/5895-34615-0000_melvoc.wav,fake,attack,none,awgn-snr20,snr20,BUT IS LAUGHTER A SYNONYM OF JOY,5895,3.328,16000,test,5895-34615-0000_melvoc_awgn-snr20
data/attacks/bandpass-300-3400/5895-34615-0000_melvoc.wav,fake,attack,none,bandpass-300-3400,bandpass300-3400,BUT IS LAUGHTER A SYNONYM OF JOY,5895,3.328,16000,test,5895-34615-0000_melvoc_bandpass-300-3400
data/attacks/reverb-rt60-0.2/5895-34615-0000_melvoc.wav,fake,attack,none,reverb-rt60-0.2,rt60-0.2,BUT IS LAUGHTER A SYNONYM OF JOY,5895,3.328,16000,test,5895-34615-0000_melvoc_reverb-rt60-0.2
data/attacks/reverb-rt60-0.4/5895-34615-0000_melvoc.wav,fake,attack,none,reverb-rt60-0.4,rt60-0.4,BUT IS LAUGHTER A SYNONYM OF JOY,5895,3.328,16000,test,5895-34615-0000_melvoc_reverb-rt60-0.4
data/attacks/reverb-rt60-0.8/5895-34615-0000_melvoc.wav,fake,attack,none,reverb-rt60-0.8,rt60-0.8,BUT IS LAUGHTER A SYNONYM OF JOY,5895,3.328,16000,test,5895-34615-0000_melvoc_reverb-rt60-0.8
data/attacks/speed0.9/5895-34615-0000_melvoc.wav,fake,attack,none,speed0.9,speed0.9,BUT IS LAUGHTER A SYNONYM OF JOY,5895,3.698,16000,test,5895-34615-0000_melvoc_speed0.9
data/attacks/speed1.1/5895-34615-0000_melvoc.wav,fake,attack,none,speed1.1,speed1.1,BUT IS LAUGHTER A SYNONYM OF JOY,5895,3.025,16000,test,5895-34615-0000_melvoc_speed1.1
data/attacks/mp3-128k/5895-34615-0000_pitch.wav,fake,attack,none,mp3-128k,mp3-128k,BUT IS LAUGHTER A SYNONYM OF JOY,5895,3.335,16000,test,5895-34615-0000_pitch_mp3-128k
data/attacks/mp3-64k/5895-34615-0000_pitch.wav,fake,attack,none,mp3-64k,mp3-64k,BUT IS LAUGHTER A SYNONYM OF JOY,5895,3.335,16000,test,5895-34615-0000_pitch_mp3-64k
data/attacks/opus-32k/5895-34615-0000_pitch.wav,fake,attack,none,opus-32k,opus-32k,BUT IS LAUGHTER A SYNONYM OF JOY,5895,3.335,16000,test,5895-34615-0000_pitch_opus-32k
data/attacks/g711-8k/5895-34615-0000_pitch.wav,fake,attack,none,g711-8k,g711-8k,BUT IS LAUGHTER A SYNONYM OF JOY,5895,3.335,16000,test,5895-34615-0000_pitch_g711-8k
data/attacks/resample-8k/5895-34615-0000_pitch.wav,fake,attack,none,resample-8k,8k-roundtrip,BUT IS LAUGHTER A SYNONYM OF JOY,5895,3.335,16000,test,5895-34615-0000_pitch_resample-8k
data/attacks/awgn-snr5/5895-34615-0000_pitch.wav,fake,attack,none,awgn-snr5,snr5,BUT IS LAUGHTER A SYNONYM OF JOY,5895,3.335,16000,test,5895-34615-0000_pitch_awgn-snr5
data/attacks/awgn-snr10/5895-34615-0000_pitch.wav,fake,attack,none,awgn-snr10,snr10,BUT IS LAUGHTER A SYNONYM OF JOY,5895,3.335,16000,test,5895-34615-0000_pitch_awgn-snr10
data/attacks/awgn-snr20/5895-34615-0000_pitch.wav,fake,attack,none,awgn-snr20,snr20,BUT IS LAUGHTER A SYNONYM OF JOY,5895,3.335,16000,test,5895-34615-0000_pitch_awgn-snr20
data/attacks/bandpass-300-3400/5895-34615-0000_pitch.wav,fake,attack,none,bandpass-300-3400,bandpass300-3400,BUT IS LAUGHTER A SYNONYM OF JOY,5895,3.335,16000,test,5895-34615-0000_pitch_bandpass-300-3400
data/attacks/reverb-rt60-0.2/5895-34615-0000_pitch.wav,fake,attack,none,reverb-rt60-0.2,rt60-0.2,BUT IS LAUGHTER A SYNONYM OF JOY,5895,3.335,16000,test,5895-34615-0000_pitch_reverb-rt60-0.2
data/attacks/reverb-rt60-0.4/5895-34615-0000_pitch.wav,fake,attack,none,reverb-rt60-0.4,rt60-0.4,BUT IS LAUGHTER A SYNONYM OF JOY,5895,3.335,16000,test,5895-34615-0000_pitch_reverb-rt60-0.4
data/attacks/reverb-rt60-0.8/5895-34615-0000_pitch.wav,fake,attack,none,reverb-rt60-0.8,rt60-0.8,BUT IS LAUGHTER A SYNONYM OF JOY,5895,3.335,16000,test,5895-34615-0000_pitch_reverb-rt60-0.8
data/attacks/speed0.9/5895-34615-0000_pitch.wav,fake,attack,none,speed0.9,speed0.9,BUT IS LAUGHTER A SYNONYM OF JOY,5895,3.706,16000,test,5895-34615-0000_pitch_speed0.9
data/attacks/speed1.1/5895-34615-0000_pitch.wav,fake,attack,none,speed1.1,speed1.1,BUT IS LAUGHTER A SYNONYM OF JOY,5895,3.032,16000,test,5895-34615-0000_pitch_speed1.1
data/attacks/mp3-128k/5895-34615-0001_formant.wav,fake,attack,none,mp3-128k,mp3-128k,SUCH PERFECT COMPLETENESS IS NOT IN NATURE,5895,3.305,16000,test,5895-34615-0001_formant_mp3-128k
data/attacks/mp3-64k/5895-34615-0001_formant.wav,fake,attack,none,mp3-64k,mp3-64k,SUCH PERFECT COMPLETENESS IS NOT IN NATURE,5895,3.305,16000,test,5895-34615-0001_formant_mp3-64k
data/attacks/opus-32k/5895-34615-0001_formant.wav,fake,attack,none,opus-32k,opus-32k,SUCH PERFECT COMPLETENESS IS NOT IN NATURE,5895,3.305,16000,test,5895-34615-0001_formant_opus-32k
data/attacks/g711-8k/5895-34615-0001_formant.wav,fake,attack,none,g711-8k,g711-8k,SUCH PERFECT COMPLETENESS IS NOT IN NATURE,5895,3.305,16000,test,5895-34615-0001_formant_g711-8k
data/attacks/resample-8k/5895-34615-0001_formant.wav,fake,attack,none,resample-8k,8k-roundtrip,SUCH PERFECT COMPLETENESS IS NOT IN NATURE,5895,3.305,16000,test,5895-34615-0001_formant_resample-8k
data/attacks/awgn-snr5/5895-34615-0001_formant.wav,fake,attack,none,awgn-snr5,snr5,SUCH PERFECT COMPLETENESS IS NOT IN NATURE,5895,3.305,16000,test,5895-34615-0001_formant_awgn-snr5
data/attacks/awgn-snr10/5895-34615-0001_formant.wav,fake,attack,none,awgn-snr10,snr10,SUCH PERFECT COMPLETENESS IS NOT IN NATURE,5895,3.305,16000,test,5895-34615-0001_formant_awgn-snr10
data/attacks/awgn-snr20/5895-34615-0001_formant.wav,fake,attack,none,awgn-snr20,snr20,SUCH PERFECT COMPLETENESS IS NOT IN NATURE,5895,3.305,16000,test,5895-34615-0001_formant_awgn-snr20
data/attacks/bandpass-300-3400/5895-34615-0001_formant.wav,fake,attack,none,bandpass-300-3400,bandpass300-3400,SUCH PERFECT COMPLETENESS IS NOT IN NATURE,5895,3.305,16000,test,5895-34615-0001_formant_bandpass-300-3400
data/attacks/reverb-rt60-0.2/5895-34615-0001_formant.wav,fake,attack,none,reverb-rt60-0.2,rt60-0.2,SUCH PERFECT COMPLETENESS IS NOT IN NATURE,5895,3.305,16000,test,5895-34615-0001_formant_reverb-rt60-0.2
data/attacks/reverb-rt60-0.4/5895-34615-0001_formant.wav,fake,attack,none,reverb-rt60-0.4,rt60-0.4,SUCH PERFECT COMPLETENESS IS NOT IN NATURE,5895,3.305,16000,test,5895-34615-0001_formant_reverb-rt60-0.4
data/attacks/reverb-rt60-0.8/5895-34615-0001_formant.wav,fake,attack,none,reverb-rt60-0.8,rt60-0.8,SUCH PERFECT COMPLETENESS IS NOT IN NATURE,5895,3.305,16000,test,5895-34615-0001_formant_reverb-rt60-0.8
data/attacks/speed0.9/5895-34615-0001_formant.wav,fake,attack,none,speed0.9,speed0.9,SUCH PERFECT COMPLETENESS IS NOT IN NATURE,5895,3.672,16000,test,5895-34615-0001_formant_speed0.9
data/attacks/speed1.1/5895-34615-0001_formant.wav,fake,attack,none,speed1.1,speed1.1,SUCH PERFECT COMPLETENESS IS NOT IN NATURE,5895,3.005,16000,test,5895-34615-0001_formant_speed1.1
data/attacks/mp3-128k/5895-34615-0001_melvoc.wav,fake,attack,none,mp3-128k,mp3-128k,SUCH PERFECT COMPLETENESS IS NOT IN NATURE,5895,3.304,16000,test,5895-34615-0001_melvoc_mp3-128k
data/attacks/mp3-64k/5895-34615-0001_melvoc.wav,fake,attack,none,mp3-64k,mp3-64k,SUCH PERFECT COMPLETENESS IS NOT IN NATURE,5895,3.304,16000,test,5895-34615-0001_melvoc_mp3-64k
data/attacks/opus-32k/5895-34615-0001_melvoc.wav,fake,attack,none,opus-32k,opus-32k,SUCH PERFECT COMPLETENESS IS NOT IN NATURE,5895,3.304,16000,test,5895-34615-0001_melvoc_opus-32k
data/attacks/g711-8k/5895-34615-0001_melvoc.wav,fake,attack,none,g711-8k,g711-8k,SUCH PERFECT COMPLETENESS IS NOT IN NATURE,5895,3.304,16000,test,5895-34615-0001_melvoc_g711-8k
data/attacks/resample-8k/5895-34615-0001_melvoc.wav,fake,attack,none,resample-8k,8k-roundtrip,SUCH PERFECT COMPLETENESS IS NOT IN NATURE,5895,3.304,16000,test,5895-34615-0001_melvoc_resample-8k
data/attacks/awgn-snr5/5895-34615-0001_melvoc.wav,fake,attack,none,awgn-snr5,snr5,SUCH PERFECT COMPLETENESS IS NOT IN NATURE,5895,3.304,16000,test,5895-34615-0001_melvoc_awgn-snr5
data/attacks/awgn-snr10/5895-34615-0001_melvoc.wav,fake,attack,none,awgn-snr10,snr10,SUCH PERFECT COMPLETENESS IS NOT IN NATURE,5895,3.304,16000,test,5895-34615-0001_melvoc_awgn-snr10
data/attacks/awgn-snr20/5895-34615-0001_melvoc.wav,fake,attack,none,awgn-snr20,snr20,SUCH PERFECT COMPLETENESS IS NOT IN NATURE,5895,3.304,16000,test,5895-34615-0001_melvoc_awgn-snr20
data/attacks/bandpass-300-3400/5895-34615-0001_melvoc.wav,fake,attack,none,bandpass-300-3400,bandpass300-3400,SUCH PERFECT COMPLETENESS IS NOT IN NATURE,5895,3.304,16000,test,5895-34615-0001_melvoc_bandpass-300-3400
data/attacks/reverb-rt60-0.2/5895-34615-0001_melvoc.wav,fake,attack,none,reverb-rt60-0.2,rt60-0.2,SUCH PERFECT COMPLETENESS IS NOT IN NATURE,5895,3.304,16000,test,5895-34615-0001_melvoc_reverb-rt60-0.2
data/attacks/reverb-rt60-0.4/5895-34615-0001_melvoc.wav,fake,attack,none,reverb-rt60-0.4,rt60-0.4,SUCH PERFECT COMPLETENESS IS NOT IN NATURE,5895,3.304,16000,test,5895-34615-0001_melvoc_reverb-rt60-0.4
data/attacks/reverb-rt60-0.8/5895-34615-0001_melvoc.wav,fake,attack,none,reverb-rt60-0.8,rt60-0.8,SUCH PERFECT COMPLETENESS IS NOT IN NATURE,5895,3.304,16000,test,5895-34615-0001_melvoc_reverb-rt60-0.8
data/attacks/speed0.9/5895-34615-0001_melvoc.wav,fake,attack,none,speed0.9,speed0.9,SUCH PERFECT COMPLETENESS IS NOT IN NATURE,5895,3.671,16000,test,5895-34615-0001_melvoc_speed0.9
data/attacks/speed1.1/5895-34615-0001_melvoc.wav,fake,attack,none,speed1.1,speed1.1,SUCH PERFECT COMPLETENESS IS NOT IN NATURE,5895,3.004,16000,test,5895-34615-0001_melvoc_speed1.1
data/attacks/mp3-128k/5895-34615-0001_pitch.wav,fake,attack,none,mp3-128k,mp3-128k,SUCH PERFECT COMPLETENESS IS NOT IN NATURE,5895,3.305,16000,test,5895-34615-0001_pitch_mp3-128k
data/attacks/mp3-64k/5895-34615-0001_pitch.wav,fake,attack,none,mp3-64k,mp3-64k,SUCH PERFECT COMPLETENESS IS NOT IN NATURE,5895,3.305,16000,test,5895-34615-0001_pitch_mp3-64k
data/attacks/opus-32k/5895-34615-0001_pitch.wav,fake,attack,none,opus-32k,opus-32k,SUCH PERFECT COMPLETENESS IS NOT IN NATURE,5895,3.305,16000,test,5895-34615-0001_pitch_opus-32k
data/attacks/g711-8k/5895-34615-0001_pitch.wav,fake,attack,none,g711-8k,g711-8k,SUCH PERFECT COMPLETENESS IS NOT IN NATURE,5895,3.305,16000,test,5895-34615-0001_pitch_g711-8k
data/attacks/resample-8k/5895-34615-0001_pitch.wav,fake,attack,none,resample-8k,8k-roundtrip,SUCH PERFECT COMPLETENESS IS NOT IN NATURE,5895,3.305,16000,test,5895-34615-0001_pitch_resample-8k
data/attacks/awgn-snr5/5895-34615-0001_pitch.wav,fake,attack,none,awgn-snr5,snr5,SUCH PERFECT COMPLETENESS IS NOT IN NATURE,5895,3.305,16000,test,5895-34615-0001_pitch_awgn-snr5
data/attacks/awgn-snr10/5895-34615-0001_pitch.wav,fake,attack,none,awgn-snr10,snr10,SUCH PERFECT COMPLETENESS IS NOT IN NATURE,5895,3.305,16000,test,5895-34615-0001_pitch_awgn-snr10
data/attacks/awgn-snr20/5895-34615-0001_pitch.wav,fake,attack,none,awgn-snr20,snr20,SUCH PERFECT COMPLETENESS IS NOT IN NATURE,5895,3.305,16000,test,5895-34615-0001_pitch_awgn-snr20
data/attacks/bandpass-300-3400/5895-34615-0001_pitch.wav,fake,attack,none,bandpass-300-3400,bandpass300-3400,SUCH PERFECT COMPLETENESS IS NOT IN NATURE,5895,3.305,16000,test,5895-34615-0001_pitch_bandpass-300-3400
data/attacks/reverb-rt60-0.2/5895-34615-0001_pitch.wav,fake,attack,none,reverb-rt60-0.2,rt60-0.2,SUCH PERFECT COMPLETENESS IS NOT IN NATURE,5895,3.305,16000,test,5895-34615-0001_pitch_reverb-rt60-0.2
data/attacks/reverb-rt60-0.4/5895-34615-0001_pitch.wav,fake,attack,none,reverb-rt60-0.4,rt60-0.4,SUCH PERFECT COMPLETENESS IS NOT IN NATURE,5895,3.305,16000,test,5895-34615-0001_pitch_reverb-rt60-0.4
data/attacks/reverb-rt60-0.8/5895-34615-0001_pitch.wav,fake,attack,none,reverb-rt60-0.8,rt60-0.8,SUCH PERFECT COMPLETENESS IS NOT IN NATURE,5895,3.305,16000,test,5895-34615-0001_pitch_reverb-rt60-0.8
data/attacks/speed0.9/5895-34615-0001_pitch.wav,fake,attack,none,speed0.9,speed0.9,SUCH PERFECT COMPLETENESS IS NOT IN NATURE,5895,3.672,16000,test,5895-34615-0001_pitch_speed0.9
data/attacks/speed1.1/5895-34615-0001_pitch.wav,fake,attack,none,speed1.1,speed1.1,SUCH PERFECT COMPLETENESS IS NOT IN NATURE,5895,3.005,16000,test,5895-34615-0001_pitch_speed1.1
data/attacks/mp3-128k/5895-34615-0002_formant.wav,fake,attack,none,mp3-128k,mp3-128k,HAD GWYNPLAINE WHEN A CHILD BEEN SO WORTHY OF ATTENTION THAT HIS FACE HAD BEEN SUBJECTED TO TRANSMUTATION WHY NOT,5895,8.73,16000,test,5895-34615-0002_formant_mp3-128k
data/attacks/mp3-64k/5895-34615-0002_formant.wav,fake,attack,none,mp3-64k,mp3-64k,HAD GWYNPLAINE WHEN A CHILD BEEN SO WORTHY OF ATTENTION THAT HIS FACE HAD BEEN SUBJECTED TO TRANSMUTATION WHY NOT,5895,8.73,16000,test,5895-34615-0002_formant_mp3-64k
data/attacks/opus-32k/5895-34615-0002_formant.wav,fake,attack,none,opus-32k,opus-32k,HAD GWYNPLAINE WHEN A CHILD BEEN SO WORTHY OF ATTENTION THAT HIS FACE HAD BEEN SUBJECTED TO TRANSMUTATION WHY NOT,5895,8.73,16000,test,5895-34615-0002_formant_opus-32k
data/attacks/g711-8k/5895-34615-0002_formant.wav,fake,attack,none,g711-8k,g711-8k,HAD GWYNPLAINE WHEN A CHILD BEEN SO WORTHY OF ATTENTION THAT HIS FACE HAD BEEN SUBJECTED TO TRANSMUTATION WHY NOT,5895,8.73,16000,test,5895-34615-0002_formant_g711-8k
data/attacks/resample-8k/5895-34615-0002_formant.wav,fake,attack,none,resample-8k,8k-roundtrip,HAD GWYNPLAINE WHEN A CHILD BEEN SO WORTHY OF ATTENTION THAT HIS FACE HAD BEEN SUBJECTED TO TRANSMUTATION WHY NOT,5895,8.73,16000,test,5895-34615-0002_formant_resample-8k
data/attacks/awgn-snr5/5895-34615-0002_formant.wav,fake,attack,none,awgn-snr5,snr5,HAD GWYNPLAINE WHEN A CHILD BEEN SO WORTHY OF ATTENTION THAT HIS FACE HAD BEEN SUBJECTED TO TRANSMUTATION WHY NOT,5895,8.73,16000,test,5895-34615-0002_formant_awgn-snr5
data/attacks/awgn-snr10/5895-34615-0002_formant.wav,fake,attack,none,awgn-snr10,snr10,HAD GWYNPLAINE WHEN A CHILD BEEN SO WORTHY OF ATTENTION THAT HIS FACE HAD BEEN SUBJECTED TO TRANSMUTATION WHY NOT,5895,8.73,16000,test,5895-34615-0002_formant_awgn-snr10
data/attacks/awgn-snr20/5895-34615-0002_formant.wav,fake,attack,none,awgn-snr20,snr20,HAD GWYNPLAINE WHEN A CHILD BEEN SO WORTHY OF ATTENTION THAT HIS FACE HAD BEEN SUBJECTED TO TRANSMUTATION WHY NOT,5895,8.73,16000,test,5895-34615-0002_formant_awgn-snr20
data/attacks/bandpass-300-3400/5895-34615-0002_formant.wav,fake,attack,none,bandpass-300-3400,bandpass300-3400,HAD GWYNPLAINE WHEN A CHILD BEEN SO WORTHY OF ATTENTION THAT HIS FACE HAD BEEN SUBJECTED TO TRANSMUTATION WHY NOT,5895,8.73,16000,test,5895-34615-0002_formant_bandpass-300-3400
data/attacks/reverb-rt60-0.2/5895-34615-0002_formant.wav,fake,attack,none,reverb-rt60-0.2,rt60-0.2,HAD GWYNPLAINE WHEN A CHILD BEEN SO WORTHY OF ATTENTION THAT HIS FACE HAD BEEN SUBJECTED TO TRANSMUTATION WHY NOT,5895,8.73,16000,test,5895-34615-0002_formant_reverb-rt60-0.2
data/attacks/reverb-rt60-0.4/5895-34615-0002_formant.wav,fake,attack,none,reverb-rt60-0.4,rt60-0.4,HAD GWYNPLAINE WHEN A CHILD BEEN SO WORTHY OF ATTENTION THAT HIS FACE HAD BEEN SUBJECTED TO TRANSMUTATION WHY NOT,5895,8.73,16000,test,5895-34615-0002_formant_reverb-rt60-0.4
data/attacks/reverb-rt60-0.8/5895-34615-0002_formant.wav,fake,attack,none,reverb-rt60-0.8,rt60-0.8,HAD GWYNPLAINE WHEN A CHILD BEEN SO WORTHY OF ATTENTION THAT HIS FACE HAD BEEN SUBJECTED TO TRANSMUTATION WHY NOT,5895,8.73,16000,test,5895-34615-0002_formant_reverb-rt60-0.8
data/attacks/speed0.9/5895-34615-0002_formant.wav,fake,attack,none,speed0.9,speed0.9,HAD GWYNPLAINE WHEN A CHILD BEEN SO WORTHY OF ATTENTION THAT HIS FACE HAD BEEN SUBJECTED TO TRANSMUTATION WHY NOT,5895,9.7,16000,test,5895-34615-0002_formant_speed0.9
data/attacks/speed1.1/5895-34615-0002_formant.wav,fake,attack,none,speed1.1,speed1.1,HAD GWYNPLAINE WHEN A CHILD BEEN SO WORTHY OF ATTENTION THAT HIS FACE HAD BEEN SUBJECTED TO TRANSMUTATION WHY NOT,5895,7.936,16000,test,5895-34615-0002_formant_speed1.1
data/attacks/mp3-128k/5895-34615-0002_melvoc.wav,fake,attack,none,mp3-128k,mp3-128k,HAD GWYNPLAINE WHEN A CHILD BEEN SO WORTHY OF ATTENTION THAT HIS FACE HAD BEEN SUBJECTED TO TRANSMUTATION WHY NOT,5895,8.728,16000,test,5895-34615-0002_melvoc_mp3-128k
data/attacks/mp3-64k/5895-34615-0002_melvoc.wav,fake,attack,none,mp3-64k,mp3-64k,HAD GWYNPLAINE WHEN A CHILD BEEN SO WORTHY OF ATTENTION THAT HIS FACE HAD BEEN SUBJECTED TO TRANSMUTATION WHY NOT,5895,8.728,16000,test,5895-34615-0002_melvoc_mp3-64k
data/attacks/opus-32k/5895-34615-0002_melvoc.wav,fake,attack,none,opus-32k,opus-32k,HAD GWYNPLAINE WHEN A CHILD BEEN SO WORTHY OF ATTENTION THAT HIS FACE HAD BEEN SUBJECTED TO TRANSMUTATION WHY NOT,5895,8.728,16000,test,5895-34615-0002_melvoc_opus-32k
data/attacks/g711-8k/5895-34615-0002_melvoc.wav,fake,attack,none,g711-8k,g711-8k,HAD GWYNPLAINE WHEN A CHILD BEEN SO WORTHY OF ATTENTION THAT HIS FACE HAD BEEN SUBJECTED TO TRANSMUTATION WHY NOT,5895,8.728,16000,test,5895-34615-0002_melvoc_g711-8k
data/attacks/resample-8k/5895-34615-0002_melvoc.wav,fake,attack,none,resample-8k,8k-roundtrip,HAD GWYNPLAINE WHEN A CHILD BEEN SO WORTHY OF ATTENTION THAT HIS FACE HAD BEEN SUBJECTED TO TRANSMUTATION WHY NOT,5895,8.728,16000,test,5895-34615-0002_melvoc_resample-8k
data/attacks/awgn-snr5/5895-34615-0002_melvoc.wav,fake,attack,none,awgn-snr5,snr5,HAD GWYNPLAINE WHEN A CHILD BEEN SO WORTHY OF ATTENTION THAT HIS FACE HAD BEEN SUBJECTED TO TRANSMUTATION WHY NOT,5895,8.728,16000,test,5895-34615-0002_melvoc_awgn-snr5
data/attacks/awgn-snr10/5895-34615-0002_melvoc.wav,fake,attack,none,awgn-snr10,snr10,HAD GWYNPLAINE WHEN A CHILD BEEN SO WORTHY OF ATTENTION THAT HIS FACE HAD BEEN SUBJECTED TO TRANSMUTATION WHY NOT,5895,8.728,16000,test,5895-34615-0002_melvoc_awgn-snr10
data/attacks/awgn-snr20/5895-34615-0002_melvoc.wav,fake,attack,none,awgn-snr20,snr20,HAD GWYNPLAINE WHEN A CHILD BEEN SO WORTHY OF ATTENTION THAT HIS FACE HAD BEEN SUBJECTED TO TRANSMUTATION WHY NOT,5895,8.728,16000,test,5895-34615-0002_melvoc_awgn-snr20
data/attacks/bandpass-300-3400/5895-34615-0002_melvoc.wav,fake,attack,none,bandpass-300-3400,bandpass300-3400,HAD GWYNPLAINE WHEN A CHILD BEEN SO WORTHY OF ATTENTION THAT HIS FACE HAD BEEN SUBJECTED TO TRANSMUTATION WHY NOT,5895,8.728,16000,test,5895-34615-0002_melvoc_bandpass-300-3400
data/attacks/reverb-rt60-0.2/5895-34615-0002_melvoc.wav,fake,attack,none,reverb-rt60-0.2,rt60-0.2,HAD GWYNPLAINE WHEN A CHILD BEEN SO WORTHY OF ATTENTION THAT HIS FACE HAD BEEN SUBJECTED TO TRANSMUTATION WHY NOT,5895,8.728,16000,test,5895-34615-0002_melvoc_reverb-rt60-0.2
data/attacks/reverb-rt60-0.4/5895-34615-0002_melvoc.wav,fake,attack,none,reverb-rt60-0.4,rt60-0.4,HAD GWYNPLAINE WHEN A CHILD BEEN SO WORTHY OF ATTENTION THAT HIS FACE HAD BEEN SUBJECTED TO TRANSMUTATION WHY NOT,5895,8.728,16000,test,5895-34615-0002_melvoc_reverb-rt60-0.4
data/attacks/reverb-rt60-0.8/5895-34615-0002_melvoc.wav,fake,attack,none,reverb-rt60-0.8,rt60-0.8,HAD GWYNPLAINE WHEN A CHILD BEEN SO WORTHY OF ATTENTION THAT HIS FACE HAD BEEN SUBJECTED TO TRANSMUTATION WHY NOT,5895,8.728,16000,test,5895-34615-0002_melvoc_reverb-rt60-0.8
data/attacks/speed0.9/5895-34615-0002_melvoc.wav,fake,attack,none,speed0.9,speed0.9,HAD GWYNPLAINE WHEN A CHILD BEEN SO WORTHY OF ATTENTION THAT HIS FACE HAD BEEN SUBJECTED TO TRANSMUTATION WHY NOT,5895,9.698,16000,test,5895-34615-0002_melvoc_speed0.9
data/attacks/speed1.1/5895-34615-0002_melvoc.wav,fake,attack,none,speed1.1,speed1.1,HAD GWYNPLAINE WHEN A CHILD BEEN SO WORTHY OF ATTENTION THAT HIS FACE HAD BEEN SUBJECTED TO TRANSMUTATION WHY NOT,5895,7.935,16000,test,5895-34615-0002_melvoc_speed1.1
data/attacks/mp3-128k/5895-34615-0002_pitch.wav,fake,attack,none,mp3-128k,mp3-128k,HAD GWYNPLAINE WHEN A CHILD BEEN SO WORTHY OF ATTENTION THAT HIS FACE HAD BEEN SUBJECTED TO TRANSMUTATION WHY NOT,5895,8.73,16000,test,5895-34615-0002_pitch_mp3-128k
data/attacks/mp3-64k/5895-34615-0002_pitch.wav,fake,attack,none,mp3-64k,mp3-64k,HAD GWYNPLAINE WHEN A CHILD BEEN SO WORTHY OF ATTENTION THAT HIS FACE HAD BEEN SUBJECTED TO TRANSMUTATION WHY NOT,5895,8.73,16000,test,5895-34615-0002_pitch_mp3-64k
data/attacks/opus-32k/5895-34615-0002_pitch.wav,fake,attack,none,opus-32k,opus-32k,HAD GWYNPLAINE WHEN A CHILD BEEN SO WORTHY OF ATTENTION THAT HIS FACE HAD BEEN SUBJECTED TO TRANSMUTATION WHY NOT,5895,8.73,16000,test,5895-34615-0002_pitch_opus-32k
data/attacks/g711-8k/5895-34615-0002_pitch.wav,fake,attack,none,g711-8k,g711-8k,HAD GWYNPLAINE WHEN A CHILD BEEN SO WORTHY OF ATTENTION THAT HIS FACE HAD BEEN SUBJECTED TO TRANSMUTATION WHY NOT,5895,8.73,16000,test,5895-34615-0002_pitch_g711-8k
data/attacks/resample-8k/5895-34615-0002_pitch.wav,fake,attack,none,resample-8k,8k-roundtrip,HAD GWYNPLAINE WHEN A CHILD BEEN SO WORTHY OF ATTENTION THAT HIS FACE HAD BEEN SUBJECTED TO TRANSMUTATION WHY NOT,5895,8.73,16000,test,5895-34615-0002_pitch_resample-8k
data/attacks/awgn-snr5/5895-34615-0002_pitch.wav,fake,attack,none,awgn-snr5,snr5,HAD GWYNPLAINE WHEN A CHILD BEEN SO WORTHY OF ATTENTION THAT HIS FACE HAD BEEN SUBJECTED TO TRANSMUTATION WHY NOT,5895,8.73,16000,test,5895-34615-0002_pitch_awgn-snr5
data/attacks/awgn-snr10/5895-34615-0002_pitch.wav,fake,attack,none,awgn-snr10,snr10,HAD GWYNPLAINE WHEN A CHILD BEEN SO WORTHY OF ATTENTION THAT HIS FACE HAD BEEN SUBJECTED TO TRANSMUTATION WHY NOT,5895,8.73,16000,test,5895-34615-0002_pitch_awgn-snr10
data/attacks/awgn-snr20/5895-34615-0002_pitch.wav,fake,attack,none,awgn-snr20,snr20,HAD GWYNPLAINE WHEN A CHILD BEEN SO WORTHY OF ATTENTION THAT HIS FACE HAD BEEN SUBJECTED TO TRANSMUTATION WHY NOT,5895,8.73,16000,test,5895-34615-0002_pitch_awgn-snr20
data/attacks/bandpass-300-3400/5895-34615-0002_pitch.wav,fake,attack,none,bandpass-300-3400,bandpass300-3400,HAD GWYNPLAINE WHEN A CHILD BEEN SO WORTHY OF ATTENTION THAT HIS FACE HAD BEEN SUBJECTED TO TRANSMUTATION WHY NOT,5895,8.73,16000,test,5895-34615-0002_pitch_bandpass-300-3400
data/attacks/reverb-rt60-0.2/5895-34615-0002_pitch.wav,fake,attack,none,reverb-rt60-0.2,rt60-0.2,HAD GWYNPLAINE WHEN A CHILD BEEN SO WORTHY OF ATTENTION THAT HIS FACE HAD BEEN SUBJECTED TO TRANSMUTATION WHY NOT,5895,8.73,16000,test,5895-34615-0002_pitch_reverb-rt60-0.2
data/attacks/reverb-rt60-0.4/5895-34615-0002_pitch.wav,fake,attack,none,reverb-rt60-0.4,rt60-0.4,HAD GWYNPLAINE WHEN A CHILD BEEN SO WORTHY OF ATTENTION THAT HIS FACE HAD BEEN SUBJECTED TO TRANSMUTATION WHY NOT,5895,8.73,16000,test,5895-34615-0002_pitch_reverb-rt60-0.4
data/attacks/reverb-rt60-0.8/5895-34615-0002_pitch.wav,fake,attack,none,reverb-rt60-0.8,rt60-0.8,HAD GWYNPLAINE WHEN A CHILD BEEN SO WORTHY OF ATTENTION THAT HIS FACE HAD BEEN SUBJECTED TO TRANSMUTATION WHY NOT,5895,8.73,16000,test,5895-34615-0002_pitch_reverb-rt60-0.8
data/attacks/speed0.9/5895-34615-0002_pitch.wav,fake,attack,none,speed0.9,speed0.9,HAD GWYNPLAINE WHEN A CHILD BEEN SO WORTHY OF ATTENTION THAT HIS FACE HAD BEEN SUBJECTED TO TRANSMUTATION WHY NOT,5895,9.7,16000,test,5895-34615-0002_pitch_speed0.9
data/attacks/speed1.1/5895-34615-0002_pitch.wav,fake,attack,none,speed1.1,speed1.1,HAD GWYNPLAINE WHEN A CHILD BEEN SO WORTHY OF ATTENTION THAT HIS FACE HAD BEEN SUBJECTED TO TRANSMUTATION WHY NOT,5895,7.936,16000,test,5895-34615-0002_pitch_speed1.1
data/attacks/mp3-128k/5895-34615-0003_formant.wav,fake,attack,none,mp3-128k,mp3-128k,ACCORDING TO ALL APPEARANCE INDUSTRIOUS MANIPULATORS OF CHILDREN HAD WORKED UPON HIS FACE,5895,6.605,16000,test,5895-34615-0003_formant_mp3-128k
data/attacks/mp3-64k/5895-34615-0003_formant.wav,fake,attack,none,mp3-64k,mp3-64k,ACCORDING TO ALL APPEARANCE INDUSTRIOUS MANIPULATORS OF CHILDREN HAD WORKED UPON HIS FACE,5895,6.605,16000,test,5895-34615-0003_formant_mp3-64k
data/attacks/opus-32k/5895-34615-0003_formant.wav,fake,attack,none,opus-32k,opus-32k,ACCORDING TO ALL APPEARANCE INDUSTRIOUS MANIPULATORS OF CHILDREN HAD WORKED UPON HIS FACE,5895,6.605,16000,test,5895-34615-0003_formant_opus-32k
data/attacks/g711-8k/5895-34615-0003_formant.wav,fake,attack,none,g711-8k,g711-8k,ACCORDING TO ALL APPEARANCE INDUSTRIOUS MANIPULATORS OF CHILDREN HAD WORKED UPON HIS FACE,5895,6.605,16000,test,5895-34615-0003_formant_g711-8k
data/attacks/resample-8k/5895-34615-0003_formant.wav,fake,attack,none,resample-8k,8k-roundtrip,ACCORDING TO ALL APPEARANCE INDUSTRIOUS MANIPULATORS OF CHILDREN HAD WORKED UPON HIS FACE,5895,6.605,16000,test,5895-34615-0003_formant_resample-8k
data/attacks/awgn-snr5/5895-34615-0003_formant.wav,fake,attack,none,awgn-snr5,snr5,ACCORDING TO ALL APPEARANCE INDUSTRIOUS MANIPULATORS OF CHILDREN HAD WORKED UPON HIS FACE,5895,6.605,16000,test,5895-34615-0003_formant_awgn-snr5
data/attacks/awgn-snr10/5895-34615-0003_formant.wav,fake,attack,none,awgn-snr10,snr10,ACCORDING TO ALL APPEARANCE INDUSTRIOUS MANIPULATORS OF CHILDREN HAD WORKED UPON HIS FACE,5895,6.605,16000,test,5895-34615-0003_formant_awgn-snr10
data/attacks/awgn-snr20/5895-34615-0003_formant.wav,fake,attack,none,awgn-snr20,snr20,ACCORDING TO ALL APPEARANCE INDUSTRIOUS MANIPULATORS OF CHILDREN HAD WORKED UPON HIS FACE,5895,6.605,16000,test,5895-34615-0003_formant_awgn-snr20
data/attacks/bandpass-300-3400/5895-34615-0003_formant.wav,fake,attack,none,bandpass-300-3400,bandpass300-3400,ACCORDING TO ALL APPEARANCE INDUSTRIOUS MANIPULATORS OF CHILDREN HAD WORKED UPON HIS FACE,5895,6.605,16000,test,5895-34615-0003_formant_bandpass-300-3400
data/attacks/reverb-rt60-0.2/5895-34615-0003_formant.wav,fake,attack,none,reverb-rt60-0.2,rt60-0.2,ACCORDING TO ALL APPEARANCE INDUSTRIOUS MANIPULATORS OF CHILDREN HAD WORKED UPON HIS FACE,5895,6.605,16000,test,5895-34615-0003_formant_reverb-rt60-0.2
data/attacks/reverb-rt60-0.4/5895-34615-0003_formant.wav,fake,attack,none,reverb-rt60-0.4,rt60-0.4,ACCORDING TO ALL APPEARANCE INDUSTRIOUS MANIPULATORS OF CHILDREN HAD WORKED UPON HIS FACE,5895,6.605,16000,test,5895-34615-0003_formant_reverb-rt60-0.4
data/attacks/reverb-rt60-0.8/5895-34615-0003_formant.wav,fake,attack,none,reverb-rt60-0.8,rt60-0.8,ACCORDING TO ALL APPEARANCE INDUSTRIOUS MANIPULATORS OF CHILDREN HAD WORKED UPON HIS FACE,5895,6.605,16000,test,5895-34615-0003_formant_reverb-rt60-0.8
data/attacks/speed0.9/5895-34615-0003_formant.wav,fake,attack,none,speed0.9,speed0.9,ACCORDING TO ALL APPEARANCE INDUSTRIOUS MANIPULATORS OF CHILDREN HAD WORKED UPON HIS FACE,5895,7.339,16000,test,5895-34615-0003_formant_speed0.9
data/attacks/speed1.1/5895-34615-0003_formant.wav,fake,attack,none,speed1.1,speed1.1,ACCORDING TO ALL APPEARANCE INDUSTRIOUS MANIPULATORS OF CHILDREN HAD WORKED UPON HIS FACE,5895,6.005,16000,test,5895-34615-0003_formant_speed1.1
data/attacks/mp3-128k/5895-34615-0003_melvoc.wav,fake,attack,none,mp3-128k,mp3-128k,ACCORDING TO ALL APPEARANCE INDUSTRIOUS MANIPULATORS OF CHILDREN HAD WORKED UPON HIS FACE,5895,6.6,16000,test,5895-34615-0003_melvoc_mp3-128k
data/attacks/mp3-64k/5895-34615-0003_melvoc.wav,fake,attack,none,mp3-64k,mp3-64k,ACCORDING TO ALL APPEARANCE INDUSTRIOUS MANIPULATORS OF CHILDREN HAD WORKED UPON HIS FACE,5895,6.6,16000,test,5895-34615-0003_melvoc_mp3-64k
data/attacks/opus-32k/5895-34615-0003_melvoc.wav,fake,attack,none,opus-32k,opus-32k,ACCORDING TO ALL APPEARANCE INDUSTRIOUS MANIPULATORS OF CHILDREN HAD WORKED UPON HIS FACE,5895,6.6,16000,test,5895-34615-0003_melvoc_opus-32k
data/attacks/g711-8k/5895-34615-0003_melvoc.wav,fake,attack,none,g711-8k,g711-8k,ACCORDING TO ALL APPEARANCE INDUSTRIOUS MANIPULATORS OF CHILDREN HAD WORKED UPON HIS FACE,5895,6.6,16000,test,5895-34615-0003_melvoc_g711-8k
data/attacks/resample-8k/5895-34615-0003_melvoc.wav,fake,attack,none,resample-8k,8k-roundtrip,ACCORDING TO ALL APPEARANCE INDUSTRIOUS MANIPULATORS OF CHILDREN HAD WORKED UPON HIS FACE,5895,6.6,16000,test,5895-34615-0003_melvoc_resample-8k
data/attacks/awgn-snr5/5895-34615-0003_melvoc.wav,fake,attack,none,awgn-snr5,snr5,ACCORDING TO ALL APPEARANCE INDUSTRIOUS MANIPULATORS OF CHILDREN HAD WORKED UPON HIS FACE,5895,6.6,16000,test,5895-34615-0003_melvoc_awgn-snr5
data/attacks/awgn-snr10/5895-34615-0003_melvoc.wav,fake,attack,none,awgn-snr10,snr10,ACCORDING TO ALL APPEARANCE INDUSTRIOUS MANIPULATORS OF CHILDREN HAD WORKED UPON HIS FACE,5895,6.6,16000,test,5895-34615-0003_melvoc_awgn-snr10
data/attacks/awgn-snr20/5895-34615-0003_melvoc.wav,fake,attack,none,awgn-snr20,snr20,ACCORDING TO ALL APPEARANCE INDUSTRIOUS MANIPULATORS OF CHILDREN HAD WORKED UPON HIS FACE,5895,6.6,16000,test,5895-34615-0003_melvoc_awgn-snr20
data/attacks/bandpass-300-3400/5895-34615-0003_melvoc.wav,fake,attack,none,bandpass-300-3400,bandpass300-3400,ACCORDING TO ALL APPEARANCE INDUSTRIOUS MANIPULATORS OF CHILDREN HAD WORKED UPON HIS FACE,5895,6.6,16000,test,5895-34615-0003_melvoc_bandpass-300-3400
data/attacks/reverb-rt60-0.2/5895-34615-0003_melvoc.wav,fake,attack,none,reverb-rt60-0.2,rt60-0.2,ACCORDING TO ALL APPEARANCE INDUSTRIOUS MANIPULATORS OF CHILDREN HAD WORKED UPON HIS FACE,5895,6.6,16000,test,5895-34615-0003_melvoc_reverb-rt60-0.2
data/attacks/reverb-rt60-0.4/5895-34615-0003_melvoc.wav,fake,attack,none,reverb-rt60-0.4,rt60-0.4,ACCORDING TO ALL APPEARANCE INDUSTRIOUS MANIPULATORS OF CHILDREN HAD WORKED UPON HIS FACE,5895,6.6,16000,test,5895-34615-0003_melvoc_reverb-rt60-0.4
data/attacks/reverb-rt60-0.8/5895-34615-0003_melvoc.wav,fake,attack,none,reverb-rt60-0.8,rt60-0.8,ACCORDING TO ALL APPEARANCE INDUSTRIOUS MANIPULATORS OF CHILDREN HAD WORKED UPON HIS FACE,5895,6.6,16000,test,5895-34615-0003_melvoc_reverb-rt60-0.8
data/attacks/speed0.9/5895-34615-0003_melvoc.wav,fake,attack,none,speed0.9,speed0.9,ACCORDING TO ALL APPEARANCE INDUSTRIOUS MANIPULATORS OF CHILDREN HAD WORKED UPON HIS FACE,5895,7.333,16000,test,5895-34615-0003_melvoc_speed0.9
data/attacks/speed1.1/5895-34615-0003_melvoc.wav,fake,attack,none,speed1.1,speed1.1,ACCORDING TO ALL APPEARANCE INDUSTRIOUS MANIPULATORS OF CHILDREN HAD WORKED UPON HIS FACE,5895,6.0,16000,test,5895-34615-0003_melvoc_speed1.1
data/attacks/mp3-128k/5895-34615-0003_pitch.wav,fake,attack,none,mp3-128k,mp3-128k,ACCORDING TO ALL APPEARANCE INDUSTRIOUS MANIPULATORS OF CHILDREN HAD WORKED UPON HIS FACE,5895,6.605,16000,test,5895-34615-0003_pitch_mp3-128k
data/attacks/mp3-64k/5895-34615-0003_pitch.wav,fake,attack,none,mp3-64k,mp3-64k,ACCORDING TO ALL APPEARANCE INDUSTRIOUS MANIPULATORS OF CHILDREN HAD WORKED UPON HIS FACE,5895,6.605,16000,test,5895-34615-0003_pitch_mp3-64k
data/attacks/opus-32k/5895-34615-0003_pitch.wav,fake,attack,none,opus-32k,opus-32k,ACCORDING TO ALL APPEARANCE INDUSTRIOUS MANIPULATORS OF CHILDREN HAD WORKED UPON HIS FACE,5895,6.605,16000,test,5895-34615-0003_pitch_opus-32k
data/attacks/g711-8k/5895-34615-0003_pitch.wav,fake,attack,none,g711-8k,g711-8k,ACCORDING TO ALL APPEARANCE INDUSTRIOUS MANIPULATORS OF CHILDREN HAD WORKED UPON HIS FACE,5895,6.605,16000,test,5895-34615-0003_pitch_g711-8k
data/attacks/resample-8k/5895-34615-0003_pitch.wav,fake,attack,none,resample-8k,8k-roundtrip,ACCORDING TO ALL APPEARANCE INDUSTRIOUS MANIPULATORS OF CHILDREN HAD WORKED UPON HIS FACE,5895,6.605,16000,test,5895-34615-0003_pitch_resample-8k
data/attacks/awgn-snr5/5895-34615-0003_pitch.wav,fake,attack,none,awgn-snr5,snr5,ACCORDING TO ALL APPEARANCE INDUSTRIOUS MANIPULATORS OF CHILDREN HAD WORKED UPON HIS FACE,5895,6.605,16000,test,5895-34615-0003_pitch_awgn-snr5
data/attacks/awgn-snr10/5895-34615-0003_pitch.wav,fake,attack,none,awgn-snr10,snr10,ACCORDING TO ALL APPEARANCE INDUSTRIOUS MANIPULATORS OF CHILDREN HAD WORKED UPON HIS FACE,5895,6.605,16000,test,5895-34615-0003_pitch_awgn-snr10
data/attacks/awgn-snr20/5895-34615-0003_pitch.wav,fake,attack,none,awgn-snr20,snr20,ACCORDING TO ALL APPEARANCE INDUSTRIOUS MANIPULATORS OF CHILDREN HAD WORKED UPON HIS FACE,5895,6.605,16000,test,5895-34615-0003_pitch_awgn-snr20
data/attacks/bandpass-300-3400/5895-34615-0003_pitch.wav,fake,attack,none,bandpass-300-3400,bandpass300-3400,ACCORDING TO ALL APPEARANCE INDUSTRIOUS MANIPULATORS OF CHILDREN HAD WORKED UPON HIS FACE,5895,6.605,16000,test,5895-34615-0003_pitch_bandpass-300-3400
data/attacks/reverb-rt60-0.2/5895-34615-0003_pitch.wav,fake,attack,none,reverb-rt60-0.2,rt60-0.2,ACCORDING TO ALL APPEARANCE INDUSTRIOUS MANIPULATORS OF CHILDREN HAD WORKED UPON HIS FACE,5895,6.605,16000,test,5895-34615-0003_pitch_reverb-rt60-0.2
data/attacks/reverb-rt60-0.4/5895-34615-0003_pitch.wav,fake,attack,none,reverb-rt60-0.4,rt60-0.4,ACCORDING TO ALL APPEARANCE INDUSTRIOUS MANIPULATORS OF CHILDREN HAD WORKED UPON HIS FACE,5895,6.605,16000,test,5895-34615-0003_pitch_reverb-rt60-0.4
data/attacks/reverb-rt60-0.8/5895-34615-0003_pitch.wav,fake,attack,none,reverb-rt60-0.8,rt60-0.8,ACCORDING TO ALL APPEARANCE INDUSTRIOUS MANIPULATORS OF CHILDREN HAD WORKED UPON HIS FACE,5895,6.605,16000,test,5895-34615-0003_pitch_reverb-rt60-0.8
data/attacks/speed0.9/5895-34615-0003_pitch.wav,fake,attack,none,speed0.9,speed0.9,ACCORDING TO ALL APPEARANCE INDUSTRIOUS MANIPULATORS OF CHILDREN HAD WORKED UPON HIS FACE,5895,7.339,16000,test,5895-34615-0003_pitch_speed0.9
data/attacks/speed1.1/5895-34615-0003_pitch.wav,fake,attack,none,speed1.1,speed1.1,ACCORDING TO ALL APPEARANCE INDUSTRIOUS MANIPULATORS OF CHILDREN HAD WORKED UPON HIS FACE,5895,6.005,16000,test,5895-34615-0003_pitch_speed1.1
data/attacks/mp3-128k/5895-34615-0004_formant.wav,fake,attack,none,mp3-128k,mp3-128k,IT SEEMED EVIDENT THAT A MYSTERIOUS AND PROBABLY OCCULT SCIENCE WHICH WAS TO SURGERY WHAT ALCHEMY WAS TO CHEMISTRY HAD CHISELLED HIS FLESH EVIDENTLY AT A VERY TENDER AGE AND MANUFACTURED HIS COUNTENANCE WITH PREMEDITATION,5895,15.951,16000,test,5895-34615-0004_formant_mp3-128k
data/attacks/mp3-64k/5895-34615-0004_formant.wav,fake,attack,none,mp3-64k,mp3-64k,IT SEEMED EVIDENT THAT A MYSTERIOUS AND PROBABLY OCCULT SCIENCE WHICH WAS TO SURGERY WHAT ALCHEMY WAS TO CHEMISTRY HAD CHISELLED HIS FLESH EVIDENTLY AT A VERY TENDER AGE AND MANUFACTURED HIS COUNTENANCE WITH PREMEDITATION,5895,15.951,16000,test,5895-34615-0004_formant_mp3-64k
data/attacks/opus-32k/5895-34615-0004_formant.wav,fake,attack,none,opus-32k,opus-32k,IT SEEMED EVIDENT THAT A MYSTERIOUS AND PROBABLY OCCULT SCIENCE WHICH WAS TO SURGERY WHAT ALCHEMY WAS TO CHEMISTRY HAD CHISELLED HIS FLESH EVIDENTLY AT A VERY TENDER AGE AND MANUFACTURED HIS COUNTENANCE WITH PREMEDITATION,5895,15.95,16000,test,5895-34615-0004_formant_opus-32k
data/attacks/g711-8k/5895-34615-0004_formant.wav,fake,attack,none,g711-8k,g711-8k,IT SEEMED EVIDENT THAT A MYSTERIOUS AND PROBABLY OCCULT SCIENCE WHICH WAS TO SURGERY WHAT ALCHEMY WAS TO CHEMISTRY HAD CHISELLED HIS FLESH EVIDENTLY AT A VERY TENDER AGE AND MANUFACTURED HIS COUNTENANCE WITH PREMEDITATION,5895,15.95,16000,test,5895-34615-0004_formant_g711-8k
data/attacks/resample-8k/5895-34615-0004_formant.wav,fake,attack,none,resample-8k,8k-roundtrip,IT SEEMED EVIDENT THAT A MYSTERIOUS AND PROBABLY OCCULT SCIENCE WHICH WAS TO SURGERY WHAT ALCHEMY WAS TO CHEMISTRY HAD CHISELLED HIS FLESH EVIDENTLY AT A VERY TENDER AGE AND MANUFACTURED HIS COUNTENANCE WITH PREMEDITATION,5895,15.95,16000,test,5895-34615-0004_formant_resample-8k
data/attacks/awgn-snr5/5895-34615-0004_formant.wav,fake,attack,none,awgn-snr5,snr5,IT SEEMED EVIDENT THAT A MYSTERIOUS AND PROBABLY OCCULT SCIENCE WHICH WAS TO SURGERY WHAT ALCHEMY WAS TO CHEMISTRY HAD CHISELLED HIS FLESH EVIDENTLY AT A VERY TENDER AGE AND MANUFACTURED HIS COUNTENANCE WITH PREMEDITATION,5895,15.95,16000,test,5895-34615-0004_formant_awgn-snr5
data/attacks/awgn-snr10/5895-34615-0004_formant.wav,fake,attack,none,awgn-snr10,snr10,IT SEEMED EVIDENT THAT A MYSTERIOUS AND PROBABLY OCCULT SCIENCE WHICH WAS TO SURGERY WHAT ALCHEMY WAS TO CHEMISTRY HAD CHISELLED HIS FLESH EVIDENTLY AT A VERY TENDER AGE AND MANUFACTURED HIS COUNTENANCE WITH PREMEDITATION,5895,15.95,16000,test,5895-34615-0004_formant_awgn-snr10
data/attacks/awgn-snr20/5895-34615-0004_formant.wav,fake,attack,none,awgn-snr20,snr20,IT SEEMED EVIDENT THAT A MYSTERIOUS AND PROBABLY OCCULT SCIENCE WHICH WAS TO SURGERY WHAT ALCHEMY WAS TO CHEMISTRY HAD CHISELLED HIS FLESH EVIDENTLY AT A VERY TENDER AGE AND MANUFACTURED HIS COUNTENANCE WITH PREMEDITATION,5895,15.95,16000,test,5895-34615-0004_formant_awgn-snr20
data/attacks/bandpass-300-3400/5895-34615-0004_formant.wav,fake,attack,none,bandpass-300-3400,bandpass300-3400,IT SEEMED EVIDENT THAT A MYSTERIOUS AND PROBABLY OCCULT SCIENCE WHICH WAS TO SURGERY WHAT ALCHEMY WAS TO CHEMISTRY HAD CHISELLED HIS FLESH EVIDENTLY AT A VERY TENDER AGE AND MANUFACTURED HIS COUNTENANCE WITH PREMEDITATION,5895,15.95,16000,test,5895-34615-0004_formant_bandpass-300-3400
data/attacks/reverb-rt60-0.2/5895-34615-0004_formant.wav,fake,attack,none,reverb-rt60-0.2,rt60-0.2,IT SEEMED EVIDENT THAT A MYSTERIOUS AND PROBABLY OCCULT SCIENCE WHICH WAS TO SURGERY WHAT ALCHEMY WAS TO CHEMISTRY HAD CHISELLED HIS FLESH EVIDENTLY AT A VERY TENDER AGE AND MANUFACTURED HIS COUNTENANCE WITH PREMEDITATION,5895,15.95,16000,test,5895-34615-0004_formant_reverb-rt60-0.2
data/attacks/reverb-rt60-0.4/5895-34615-0004_formant.wav,fake,attack,none,reverb-rt60-0.4,rt60-0.4,IT SEEMED EVIDENT THAT A MYSTERIOUS AND PROBABLY OCCULT SCIENCE WHICH WAS TO SURGERY WHAT ALCHEMY WAS TO CHEMISTRY HAD CHISELLED HIS FLESH EVIDENTLY AT A VERY TENDER AGE AND MANUFACTURED HIS COUNTENANCE WITH PREMEDITATION,5895,15.95,16000,test,5895-34615-0004_formant_reverb-rt60-0.4
data/attacks/reverb-rt60-0.8/5895-34615-0004_formant.wav,fake,attack,none,reverb-rt60-0.8,rt60-0.8,IT SEEMED EVIDENT THAT A MYSTERIOUS AND PROBABLY OCCULT SCIENCE WHICH WAS TO SURGERY WHAT ALCHEMY WAS TO CHEMISTRY HAD CHISELLED HIS FLESH EVIDENTLY AT A VERY TENDER AGE AND MANUFACTURED HIS COUNTENANCE WITH PREMEDITATION,5895,15.95,16000,test,5895-34615-0004_formant_reverb-rt60-0.8
data/attacks/speed0.9/5895-34615-0004_formant.wav,fake,attack,none,speed0.9,speed0.9,IT SEEMED EVIDENT THAT A MYSTERIOUS AND PROBABLY OCCULT SCIENCE WHICH WAS TO SURGERY WHAT ALCHEMY WAS TO CHEMISTRY HAD CHISELLED HIS FLESH EVIDENTLY AT A VERY TENDER AGE AND MANUFACTURED HIS COUNTENANCE WITH PREMEDITATION,5895,17.722,16000,test,5895-34615-0004_formant_speed0.9
data/attacks/speed1.1/5895-34615-0004_formant.wav,fake,attack,none,speed1.1,speed1.1,IT SEEMED EVIDENT THAT A MYSTERIOUS AND PROBABLY OCCULT SCIENCE WHICH WAS TO SURGERY WHAT ALCHEMY WAS TO CHEMISTRY HAD CHISELLED HIS FLESH EVIDENTLY AT A VERY TENDER AGE AND MANUFACTURED HIS COUNTENANCE WITH PREMEDITATION,5895,14.5,16000,test,5895-34615-0004_formant_speed1.1
data/attacks/mp3-128k/5895-34615-0004_melvoc.wav,fake,attack,none,mp3-128k,mp3-128k,IT SEEMED EVIDENT THAT A MYSTERIOUS AND PROBABLY OCCULT SCIENCE WHICH WAS TO SURGERY WHAT ALCHEMY WAS TO CHEMISTRY HAD CHISELLED HIS FLESH EVIDENTLY AT A VERY TENDER AGE AND MANUFACTURED HIS COUNTENANCE WITH PREMEDITATION,5895,15.944,16000,test,5895-34615-0004_melvoc_mp3-128k
data/attacks/mp3-64k/5895-34615-0004_melvoc.wav,fake,attack,none,mp3-64k,mp3-64k,IT SEEMED EVIDENT THAT A MYSTERIOUS AND PROBABLY OCCULT SCIENCE WHICH WAS TO SURGERY WHAT ALCHEMY WAS TO CHEMISTRY HAD CHISELLED HIS FLESH EVIDENTLY AT A VERY TENDER AGE AND MANUFACTURED HIS COUNTENANCE WITH PREMEDITATION,5895,15.944,16000,test,5895-34615-0004_melvoc_mp3-64k
data/attacks/opus-32k/5895-34615-0004_melvoc.wav,fake,attack,none,opus-32k,opus-32k,IT SEEMED EVIDENT THAT A MYSTERIOUS AND PROBABLY OCCULT SCIENCE WHICH WAS TO SURGERY WHAT ALCHEMY WAS TO CHEMISTRY HAD CHISELLED HIS FLESH EVIDENTLY AT A VERY TENDER AGE AND MANUFACTURED HIS COUNTENANCE WITH PREMEDITATION,5895,15.944,16000,test,5895-34615-0004_melvoc_opus-32k
data/attacks/g711-8k/5895-34615-0004_melvoc.wav,fake,attack,none,g711-8k,g711-8k,IT SEEMED EVIDENT THAT A MYSTERIOUS AND PROBABLY OCCULT SCIENCE WHICH WAS TO SURGERY WHAT ALCHEMY WAS TO CHEMISTRY HAD CHISELLED HIS FLESH EVIDENTLY AT A VERY TENDER AGE AND MANUFACTURED HIS COUNTENANCE WITH PREMEDITATION,5895,15.944,16000,test,5895-34615-0004_melvoc_g711-8k
data/attacks/resample-8k/5895-34615-0004_melvoc.wav,fake,attack,none,resample-8k,8k-roundtrip,IT SEEMED EVIDENT THAT A MYSTERIOUS AND PROBABLY OCCULT SCIENCE WHICH WAS TO SURGERY WHAT ALCHEMY WAS TO CHEMISTRY HAD CHISELLED HIS FLESH EVIDENTLY AT A VERY TENDER AGE AND MANUFACTURED HIS COUNTENANCE WITH PREMEDITATION,5895,15.944,16000,test,5895-34615-0004_melvoc_resample-8k
data/attacks/awgn-snr5/5895-34615-0004_melvoc.wav,fake,attack,none,awgn-snr5,snr5,IT SEEMED EVIDENT THAT A MYSTERIOUS AND PROBABLY OCCULT SCIENCE WHICH WAS TO SURGERY WHAT ALCHEMY WAS TO CHEMISTRY HAD CHISELLED HIS FLESH EVIDENTLY AT A VERY TENDER AGE AND MANUFACTURED HIS COUNTENANCE WITH PREMEDITATION,5895,15.944,16000,test,5895-34615-0004_melvoc_awgn-snr5
data/attacks/awgn-snr10/5895-34615-0004_melvoc.wav,fake,attack,none,awgn-snr10,snr10,IT SEEMED EVIDENT THAT A MYSTERIOUS AND PROBABLY OCCULT SCIENCE WHICH WAS TO SURGERY WHAT ALCHEMY WAS TO CHEMISTRY HAD CHISELLED HIS FLESH EVIDENTLY AT A VERY TENDER AGE AND MANUFACTURED HIS COUNTENANCE WITH PREMEDITATION,5895,15.944,16000,test,5895-34615-0004_melvoc_awgn-snr10
data/attacks/awgn-snr20/5895-34615-0004_melvoc.wav,fake,attack,none,awgn-snr20,snr20,IT SEEMED EVIDENT THAT A MYSTERIOUS AND PROBABLY OCCULT SCIENCE WHICH WAS TO SURGERY WHAT ALCHEMY WAS TO CHEMISTRY HAD CHISELLED HIS FLESH EVIDENTLY AT A VERY TENDER AGE AND MANUFACTURED HIS COUNTENANCE WITH PREMEDITATION,5895,15.944,16000,test,5895-34615-0004_melvoc_awgn-snr20
data/attacks/bandpass-300-3400/5895-34615-0004_melvoc.wav,fake,attack,none,bandpass-300-3400,bandpass300-3400,IT SEEMED EVIDENT THAT A MYSTERIOUS AND PROBABLY OCCULT SCIENCE WHICH WAS TO SURGERY WHAT ALCHEMY WAS TO CHEMISTRY HAD CHISELLED HIS FLESH EVIDENTLY AT A VERY TENDER AGE AND MANUFACTURED HIS COUNTENANCE WITH PREMEDITATION,5895,15.944,16000,test,5895-34615-0004_melvoc_bandpass-300-3400
data/attacks/reverb-rt60-0.2/5895-34615-0004_melvoc.wav,fake,attack,none,reverb-rt60-0.2,rt60-0.2,IT SEEMED EVIDENT THAT A MYSTERIOUS AND PROBABLY OCCULT SCIENCE WHICH WAS TO SURGERY WHAT ALCHEMY WAS TO CHEMISTRY HAD CHISELLED HIS FLESH EVIDENTLY AT A VERY TENDER AGE AND MANUFACTURED HIS COUNTENANCE WITH PREMEDITATION,5895,15.944,16000,test,5895-34615-0004_melvoc_reverb-rt60-0.2
data/attacks/reverb-rt60-0.4/5895-34615-0004_melvoc.wav,fake,attack,none,reverb-rt60-0.4,rt60-0.4,IT SEEMED EVIDENT THAT A MYSTERIOUS AND PROBABLY OCCULT SCIENCE WHICH WAS TO SURGERY WHAT ALCHEMY WAS TO CHEMISTRY HAD CHISELLED HIS FLESH EVIDENTLY AT A VERY TENDER AGE AND MANUFACTURED HIS COUNTENANCE WITH PREMEDITATION,5895,15.944,16000,test,5895-34615-0004_melvoc_reverb-rt60-0.4
data/attacks/reverb-rt60-0.8/5895-34615-0004_melvoc.wav,fake,attack,none,reverb-rt60-0.8,rt60-0.8,IT SEEMED EVIDENT THAT A MYSTERIOUS AND PROBABLY OCCULT SCIENCE WHICH WAS TO SURGERY WHAT ALCHEMY WAS TO CHEMISTRY HAD CHISELLED HIS FLESH EVIDENTLY AT A VERY TENDER AGE AND MANUFACTURED HIS COUNTENANCE WITH PREMEDITATION,5895,15.944,16000,test,5895-34615-0004_melvoc_reverb-rt60-0.8
data/attacks/speed0.9/5895-34615-0004_melvoc.wav,fake,attack,none,speed0.9,speed0.9,IT SEEMED EVIDENT THAT A MYSTERIOUS AND PROBABLY OCCULT SCIENCE WHICH WAS TO SURGERY WHAT ALCHEMY WAS TO CHEMISTRY HAD CHISELLED HIS FLESH EVIDENTLY AT A VERY TENDER AGE AND MANUFACTURED HIS COUNTENANCE WITH PREMEDITATION,5895,17.716,16000,test,5895-34615-0004_melvoc_speed0.9
data/attacks/speed1.1/5895-34615-0004_melvoc.wav,fake,attack,none,speed1.1,speed1.1,IT SEEMED EVIDENT THAT A MYSTERIOUS AND PROBABLY OCCULT SCIENCE WHICH WAS TO SURGERY WHAT ALCHEMY WAS TO CHEMISTRY HAD CHISELLED HIS FLESH EVIDENTLY AT A VERY TENDER AGE AND MANUFACTURED HIS COUNTENANCE WITH PREMEDITATION,5895,14.495,16000,test,5895-34615-0004_melvoc_speed1.1
data/attacks/mp3-128k/5895-34615-0004_pitch.wav,fake,attack,none,mp3-128k,mp3-128k,IT SEEMED EVIDENT THAT A MYSTERIOUS AND PROBABLY OCCULT SCIENCE WHICH WAS TO SURGERY WHAT ALCHEMY WAS TO CHEMISTRY HAD CHISELLED HIS FLESH EVIDENTLY AT A VERY TENDER AGE AND MANUFACTURED HIS COUNTENANCE WITH PREMEDITATION,5895,15.951,16000,test,5895-34615-0004_pitch_mp3-128k
data/attacks/mp3-64k/5895-34615-0004_pitch.wav,fake,attack,none,mp3-64k,mp3-64k,IT SEEMED EVIDENT THAT A MYSTERIOUS AND PROBABLY OCCULT SCIENCE WHICH WAS TO SURGERY WHAT ALCHEMY WAS TO CHEMISTRY HAD CHISELLED HIS FLESH EVIDENTLY AT A VERY TENDER AGE AND MANUFACTURED HIS COUNTENANCE WITH PREMEDITATION,5895,15.951,16000,test,5895-34615-0004_pitch_mp3-64k
data/attacks/opus-32k/5895-34615-0004_pitch.wav,fake,attack,none,opus-32k,opus-32k,IT SEEMED EVIDENT THAT A MYSTERIOUS AND PROBABLY OCCULT SCIENCE WHICH WAS TO SURGERY WHAT ALCHEMY WAS TO CHEMISTRY HAD CHISELLED HIS FLESH EVIDENTLY AT A VERY TENDER AGE AND MANUFACTURED HIS COUNTENANCE WITH PREMEDITATION,5895,15.95,16000,test,5895-34615-0004_pitch_opus-32k
data/attacks/g711-8k/5895-34615-0004_pitch.wav,fake,attack,none,g711-8k,g711-8k,IT SEEMED EVIDENT THAT A MYSTERIOUS AND PROBABLY OCCULT SCIENCE WHICH WAS TO SURGERY WHAT ALCHEMY WAS TO CHEMISTRY HAD CHISELLED HIS FLESH EVIDENTLY AT A VERY TENDER AGE AND MANUFACTURED HIS COUNTENANCE WITH PREMEDITATION,5895,15.95,16000,test,5895-34615-0004_pitch_g711-8k
data/attacks/resample-8k/5895-34615-0004_pitch.wav,fake,attack,none,resample-8k,8k-roundtrip,IT SEEMED EVIDENT THAT A MYSTERIOUS AND PROBABLY OCCULT SCIENCE WHICH WAS TO SURGERY WHAT ALCHEMY WAS TO CHEMISTRY HAD CHISELLED HIS FLESH EVIDENTLY AT A VERY TENDER AGE AND MANUFACTURED HIS COUNTENANCE WITH PREMEDITATION,5895,15.95,16000,test,5895-34615-0004_pitch_resample-8k
data/attacks/awgn-snr5/5895-34615-0004_pitch.wav,fake,attack,none,awgn-snr5,snr5,IT SEEMED EVIDENT THAT A MYSTERIOUS AND PROBABLY OCCULT SCIENCE WHICH WAS TO SURGERY WHAT ALCHEMY WAS TO CHEMISTRY HAD CHISELLED HIS FLESH EVIDENTLY AT A VERY TENDER AGE AND MANUFACTURED HIS COUNTENANCE WITH PREMEDITATION,5895,15.95,16000,test,5895-34615-0004_pitch_awgn-snr5
data/attacks/awgn-snr10/5895-34615-0004_pitch.wav,fake,attack,none,awgn-snr10,snr10,IT SEEMED EVIDENT THAT A MYSTERIOUS AND PROBABLY OCCULT SCIENCE WHICH WAS TO SURGERY WHAT ALCHEMY WAS TO CHEMISTRY HAD CHISELLED HIS FLESH EVIDENTLY AT A VERY TENDER AGE AND MANUFACTURED HIS COUNTENANCE WITH PREMEDITATION,5895,15.95,16000,test,5895-34615-0004_pitch_awgn-snr10
data/attacks/awgn-snr20/5895-34615-0004_pitch.wav,fake,attack,none,awgn-snr20,snr20,IT SEEMED EVIDENT THAT A MYSTERIOUS AND PROBABLY OCCULT SCIENCE WHICH WAS TO SURGERY WHAT ALCHEMY WAS TO CHEMISTRY HAD CHISELLED HIS FLESH EVIDENTLY AT A VERY TENDER AGE AND MANUFACTURED HIS COUNTENANCE WITH PREMEDITATION,5895,15.95,16000,test,5895-34615-0004_pitch_awgn-snr20
data/attacks/bandpass-300-3400/5895-34615-0004_pitch.wav,fake,attack,none,bandpass-300-3400,bandpass300-3400,IT SEEMED EVIDENT THAT A MYSTERIOUS AND PROBABLY OCCULT SCIENCE WHICH WAS TO SURGERY WHAT ALCHEMY WAS TO CHEMISTRY HAD CHISELLED HIS FLESH EVIDENTLY AT A VERY TENDER AGE AND MANUFACTURED HIS COUNTENANCE WITH PREMEDITATION,5895,15.95,16000,test,5895-34615-0004_pitch_bandpass-300-3400
data/attacks/reverb-rt60-0.2/5895-34615-0004_pitch.wav,fake,attack,none,reverb-rt60-0.2,rt60-0.2,IT SEEMED EVIDENT THAT A MYSTERIOUS AND PROBABLY OCCULT SCIENCE WHICH WAS TO SURGERY WHAT ALCHEMY WAS TO CHEMISTRY HAD CHISELLED HIS FLESH EVIDENTLY AT A VERY TENDER AGE AND MANUFACTURED HIS COUNTENANCE WITH PREMEDITATION,5895,15.95,16000,test,5895-34615-0004_pitch_reverb-rt60-0.2
data/attacks/reverb-rt60-0.4/5895-34615-0004_pitch.wav,fake,attack,none,reverb-rt60-0.4,rt60-0.4,IT SEEMED EVIDENT THAT A MYSTERIOUS AND PROBABLY OCCULT SCIENCE WHICH WAS TO SURGERY WHAT ALCHEMY WAS TO CHEMISTRY HAD CHISELLED HIS FLESH EVIDENTLY AT A VERY TENDER AGE AND MANUFACTURED HIS COUNTENANCE WITH PREMEDITATION,5895,15.95,16000,test,5895-34615-0004_pitch_reverb-rt60-0.4
data/attacks/reverb-rt60-0.8/5895-34615-0004_pitch.wav,fake,attack,none,reverb-rt60-0.8,rt60-0.8,IT SEEMED EVIDENT THAT A MYSTERIOUS AND PROBABLY OCCULT SCIENCE WHICH WAS TO SURGERY WHAT ALCHEMY WAS TO CHEMISTRY HAD CHISELLED HIS FLESH EVIDENTLY AT A VERY TENDER AGE AND MANUFACTURED HIS COUNTENANCE WITH PREMEDITATION,5895,15.95,16000,test,5895-34615-0004_pitch_reverb-rt60-0.8
data/attacks/speed0.9/5895-34615-0004_pitch.wav,fake,attack,none,speed0.9,speed0.9,IT SEEMED EVIDENT THAT A MYSTERIOUS AND PROBABLY OCCULT SCIENCE WHICH WAS TO SURGERY WHAT ALCHEMY WAS TO CHEMISTRY HAD CHISELLED HIS FLESH EVIDENTLY AT A VERY TENDER AGE AND MANUFACTURED HIS COUNTENANCE WITH PREMEDITATION,5895,17.722,16000,test,5895-34615-0004_pitch_speed0.9
data/attacks/speed1.1/5895-34615-0004_pitch.wav,fake,attack,none,speed1.1,speed1.1,IT SEEMED EVIDENT THAT A MYSTERIOUS AND PROBABLY OCCULT SCIENCE WHICH WAS TO SURGERY WHAT ALCHEMY WAS TO CHEMISTRY HAD CHISELLED HIS FLESH EVIDENTLY AT A VERY TENDER AGE AND MANUFACTURED HIS COUNTENANCE WITH PREMEDITATION,5895,14.5,16000,test,5895-34615-0004_pitch_speed1.1
data/attacks/mp3-128k/5895-34615-0005_formant.wav,fake,attack,none,mp3-128k,mp3-128k,GWYNPLAINE WAS A MOUNTEBANK,5895,2.495,16000,test,5895-34615-0005_formant_mp3-128k
data/attacks/mp3-64k/5895-34615-0005_formant.wav,fake,attack,none,mp3-64k,mp3-64k,GWYNPLAINE WAS A MOUNTEBANK,5895,2.495,16000,test,5895-34615-0005_formant_mp3-64k
data/attacks/opus-32k/5895-34615-0005_formant.wav,fake,attack,none,opus-32k,opus-32k,GWYNPLAINE WAS A MOUNTEBANK,5895,2.495,16000,test,5895-34615-0005_formant_opus-32k
data/attacks/g711-8k/5895-34615-0005_formant.wav,fake,attack,none,g711-8k,g711-8k,GWYNPLAINE WAS A MOUNTEBANK,5895,2.495,16000,test,5895-34615-0005_formant_g711-8k
data/attacks/resample-8k/5895-34615-0005_formant.wav,fake,attack,none,resample-8k,8k-roundtrip,GWYNPLAINE WAS A MOUNTEBANK,5895,2.495,16000,test,5895-34615-0005_formant_resample-8k
data/attacks/awgn-snr5/5895-34615-0005_formant.wav,fake,attack,none,awgn-snr5,snr5,GWYNPLAINE WAS A MOUNTEBANK,5895,2.495,16000,test,5895-34615-0005_formant_awgn-snr5
data/attacks/awgn-snr10/5895-34615-0005_formant.wav,fake,attack,none,awgn-snr10,snr10,GWYNPLAINE WAS A MOUNTEBANK,5895,2.495,16000,test,5895-34615-0005_formant_awgn-snr10
data/attacks/awgn-snr20/5895-34615-0005_formant.wav,fake,attack,none,awgn-snr20,snr20,GWYNPLAINE WAS A MOUNTEBANK,5895,2.495,16000,test,5895-34615-0005_formant_awgn-snr20
data/attacks/bandpass-300-3400/5895-34615-0005_formant.wav,fake,attack,none,bandpass-300-3400,bandpass300-3400,GWYNPLAINE WAS A MOUNTEBANK,5895,2.495,16000,test,5895-34615-0005_formant_bandpass-300-3400
data/attacks/reverb-rt60-0.2/5895-34615-0005_formant.wav,fake,attack,none,reverb-rt60-0.2,rt60-0.2,GWYNPLAINE WAS A MOUNTEBANK,5895,2.495,16000,test,5895-34615-0005_formant_reverb-rt60-0.2
data/attacks/reverb-rt60-0.4/5895-34615-0005_formant.wav,fake,attack,none,reverb-rt60-0.4,rt60-0.4,GWYNPLAINE WAS A MOUNTEBANK,5895,2.495,16000,test,5895-34615-0005_formant_reverb-rt60-0.4
data/attacks/reverb-rt60-0.8/5895-34615-0005_formant.wav,fake,attack,none,reverb-rt60-0.8,rt60-0.8,GWYNPLAINE WAS A MOUNTEBANK,5895,2.495,16000,test,5895-34615-0005_formant_reverb-rt60-0.8
data/attacks/speed0.9/5895-34615-0005_formant.wav,fake,attack,none,speed0.9,speed0.9,GWYNPLAINE WAS A MOUNTEBANK,5895,2.772,16000,test,5895-34615-0005_formant_speed0.9
data/attacks/speed1.1/5895-34615-0005_formant.wav,fake,attack,none,speed1.1,speed1.1,GWYNPLAINE WAS A MOUNTEBANK,5895,2.268,16000,test,5895-34615-0005_formant_speed1.1
data/attacks/mp3-128k/5895-34615-0005_melvoc.wav,fake,attack,none,mp3-128k,mp3-128k,GWYNPLAINE WAS A MOUNTEBANK,5895,2.488,16000,test,5895-34615-0005_melvoc_mp3-128k
data/attacks/mp3-64k/5895-34615-0005_melvoc.wav,fake,attack,none,mp3-64k,mp3-64k,GWYNPLAINE WAS A MOUNTEBANK,5895,2.488,16000,test,5895-34615-0005_melvoc_mp3-64k
data/attacks/opus-32k/5895-34615-0005_melvoc.wav,fake,attack,none,opus-32k,opus-32k,GWYNPLAINE WAS A MOUNTEBANK,5895,2.488,16000,test,5895-34615-0005_melvoc_opus-32k
data/attacks/g711-8k/5895-34615-0005_melvoc.wav,fake,attack,none,g711-8k,g711-8k,GWYNPLAINE WAS A MOUNTEBANK,5895,2.488,16000,test,5895-34615-0005_melvoc_g711-8k
data/attacks/resample-8k/5895-34615-0005_melvoc.wav,fake,attack,none,resample-8k,8k-roundtrip,GWYNPLAINE WAS A MOUNTEBANK,5895,2.488,16000,test,5895-34615-0005_melvoc_resample-8k
data/attacks/awgn-snr5/5895-34615-0005_melvoc.wav,fake,attack,none,awgn-snr5,snr5,GWYNPLAINE WAS A MOUNTEBANK,5895,2.488,16000,test,5895-34615-0005_melvoc_awgn-snr5
data/attacks/awgn-snr10/5895-34615-0005_melvoc.wav,fake,attack,none,awgn-snr10,snr10,GWYNPLAINE WAS A MOUNTEBANK,5895,2.488,16000,test,5895-34615-0005_melvoc_awgn-snr10
data/attacks/awgn-snr20/5895-34615-0005_melvoc.wav,fake,attack,none,awgn-snr20,snr20,GWYNPLAINE WAS A MOUNTEBANK,5895,2.488,16000,test,5895-34615-0005_melvoc_awgn-snr20
data/attacks/bandpass-300-3400/5895-34615-0005_melvoc.wav,fake,attack,none,bandpass-300-3400,bandpass300-3400,GWYNPLAINE WAS A MOUNTEBANK,5895,2.488,16000,test,5895-34615-0005_melvoc_bandpass-300-3400
data/attacks/reverb-rt60-0.2/5895-34615-0005_melvoc.wav,fake,attack,none,reverb-rt60-0.2,rt60-0.2,GWYNPLAINE WAS A MOUNTEBANK,5895,2.488,16000,test,5895-34615-0005_melvoc_reverb-rt60-0.2
data/attacks/reverb-rt60-0.4/5895-34615-0005_melvoc.wav,fake,attack,none,reverb-rt60-0.4,rt60-0.4,GWYNPLAINE WAS A MOUNTEBANK,5895,2.488,16000,test,5895-34615-0005_melvoc_reverb-rt60-0.4
data/attacks/reverb-rt60-0.8/5895-34615-0005_melvoc.wav,fake,attack,none,reverb-rt60-0.8,rt60-0.8,GWYNPLAINE WAS A MOUNTEBANK,5895,2.488,16000,test,5895-34615-0005_melvoc_reverb-rt60-0.8
data/attacks/speed0.9/5895-34615-0005_melvoc.wav,fake,attack,none,speed0.9,speed0.9,GWYNPLAINE WAS A MOUNTEBANK,5895,2.764,16000,test,5895-34615-0005_melvoc_speed0.9
data/attacks/speed1.1/5895-34615-0005_melvoc.wav,fake,attack,none,speed1.1,speed1.1,GWYNPLAINE WAS A MOUNTEBANK,5895,2.262,16000,test,5895-34615-0005_melvoc_speed1.1
data/attacks/mp3-128k/5895-34615-0005_pitch.wav,fake,attack,none,mp3-128k,mp3-128k,GWYNPLAINE WAS A MOUNTEBANK,5895,2.495,16000,test,5895-34615-0005_pitch_mp3-128k
data/attacks/mp3-64k/5895-34615-0005_pitch.wav,fake,attack,none,mp3-64k,mp3-64k,GWYNPLAINE WAS A MOUNTEBANK,5895,2.495,16000,test,5895-34615-0005_pitch_mp3-64k
data/attacks/opus-32k/5895-34615-0005_pitch.wav,fake,attack,none,opus-32k,opus-32k,GWYNPLAINE WAS A MOUNTEBANK,5895,2.495,16000,test,5895-34615-0005_pitch_opus-32k
data/attacks/g711-8k/5895-34615-0005_pitch.wav,fake,attack,none,g711-8k,g711-8k,GWYNPLAINE WAS A MOUNTEBANK,5895,2.495,16000,test,5895-34615-0005_pitch_g711-8k
data/attacks/resample-8k/5895-34615-0005_pitch.wav,fake,attack,none,resample-8k,8k-roundtrip,GWYNPLAINE WAS A MOUNTEBANK,5895,2.495,16000,test,5895-34615-0005_pitch_resample-8k
data/attacks/awgn-snr5/5895-34615-0005_pitch.wav,fake,attack,none,awgn-snr5,snr5,GWYNPLAINE WAS A MOUNTEBANK,5895,2.495,16000,test,5895-34615-0005_pitch_awgn-snr5
data/attacks/awgn-snr10/5895-34615-0005_pitch.wav,fake,attack,none,awgn-snr10,snr10,GWYNPLAINE WAS A MOUNTEBANK,5895,2.495,16000,test,5895-34615-0005_pitch_awgn-snr10
data/attacks/awgn-snr20/5895-34615-0005_pitch.wav,fake,attack,none,awgn-snr20,snr20,GWYNPLAINE WAS A MOUNTEBANK,5895,2.495,16000,test,5895-34615-0005_pitch_awgn-snr20
data/attacks/bandpass-300-3400/5895-34615-0005_pitch.wav,fake,attack,none,bandpass-300-3400,bandpass300-3400,GWYNPLAINE WAS A MOUNTEBANK,5895,2.495,16000,test,5895-34615-0005_pitch_bandpass-300-3400
data/attacks/reverb-rt60-0.2/5895-34615-0005_pitch.wav,fake,attack,none,reverb-rt60-0.2,rt60-0.2,GWYNPLAINE WAS A MOUNTEBANK,5895,2.495,16000,test,5895-34615-0005_pitch_reverb-rt60-0.2
data/attacks/reverb-rt60-0.4/5895-34615-0005_pitch.wav,fake,attack,none,reverb-rt60-0.4,rt60-0.4,GWYNPLAINE WAS A MOUNTEBANK,5895,2.495,16000,test,5895-34615-0005_pitch_reverb-rt60-0.4
data/attacks/reverb-rt60-0.8/5895-34615-0005_pitch.wav,fake,attack,none,reverb-rt60-0.8,rt60-0.8,GWYNPLAINE WAS A MOUNTEBANK,5895,2.495,16000,test,5895-34615-0005_pitch_reverb-rt60-0.8
data/attacks/speed0.9/5895-34615-0005_pitch.wav,fake,attack,none,speed0.9,speed0.9,GWYNPLAINE WAS A MOUNTEBANK,5895,2.772,16000,test,5895-34615-0005_pitch_speed0.9
data/attacks/speed1.1/5895-34615-0005_pitch.wav,fake,attack,none,speed1.1,speed1.1,GWYNPLAINE WAS A MOUNTEBANK,5895,2.268,16000,test,5895-34615-0005_pitch_speed1.1
data/attacks/mp3-128k/5895-34615-0006_formant.wav,fake,attack,none,mp3-128k,mp3-128k,HE SHOWED HIMSELF ON THE PLATFORM,5895,2.525,16000,test,5895-34615-0006_formant_mp3-128k
data/attacks/mp3-64k/5895-34615-0006_formant.wav,fake,attack,none,mp3-64k,mp3-64k,HE SHOWED HIMSELF ON THE PLATFORM,5895,2.525,16000,test,5895-34615-0006_formant_mp3-64k
data/attacks/opus-32k/5895-34615-0006_formant.wav,fake,attack,none,opus-32k,opus-32k,HE SHOWED HIMSELF ON THE PLATFORM,5895,2.525,16000,test,5895-34615-0006_formant_opus-32k
data/attacks/g711-8k/5895-34615-0006_formant.wav,fake,attack,none,g711-8k,g711-8k,HE SHOWED HIMSELF ON THE PLATFORM,5895,2.525,16000,test,5895-34615-0006_formant_g711-8k
data/attacks/resample-8k/5895-34615-0006_formant.wav,fake,attack,none,resample-8k,8k-roundtrip,HE SHOWED HIMSELF ON THE PLATFORM,5895,2.525,16000,test,5895-34615-0006_formant_resample-8k
data/attacks/awgn-snr5/5895-34615-0006_formant.wav,fake,attack,none,awgn-snr5,snr5,HE SHOWED HIMSELF ON THE PLATFORM,5895,2.525,16000,test,5895-34615-0006_formant_awgn-snr5
data/attacks/awgn-snr10/5895-34615-0006_formant.wav,fake,attack,none,awgn-snr10,snr10,HE SHOWED HIMSELF ON THE PLATFORM,5895,2.525,16000,test,5895-34615-0006_formant_awgn-snr10
data/attacks/awgn-snr20/5895-34615-0006_formant.wav,fake,attack,none,awgn-snr20,snr20,HE SHOWED HIMSELF ON THE PLATFORM,5895,2.525,16000,test,5895-34615-0006_formant_awgn-snr20
data/attacks/bandpass-300-3400/5895-34615-0006_formant.wav,fake,attack,none,bandpass-300-3400,bandpass300-3400,HE SHOWED HIMSELF ON THE PLATFORM,5895,2.525,16000,test,5895-34615-0006_formant_bandpass-300-3400
data/attacks/reverb-rt60-0.2/5895-34615-0006_formant.wav,fake,attack,none,reverb-rt60-0.2,rt60-0.2,HE SHOWED HIMSELF ON THE PLATFORM,5895,2.525,16000,test,5895-34615-0006_formant_reverb-rt60-0.2
data/attacks/reverb-rt60-0.4/5895-34615-0006_formant.wav,fake,attack,none,reverb-rt60-0.4,rt60-0.4,HE SHOWED HIMSELF ON THE PLATFORM,5895,2.525,16000,test,5895-34615-0006_formant_reverb-rt60-0.4
data/attacks/reverb-rt60-0.8/5895-34615-0006_formant.wav,fake,attack,none,reverb-rt60-0.8,rt60-0.8,HE SHOWED HIMSELF ON THE PLATFORM,5895,2.525,16000,test,5895-34615-0006_formant_reverb-rt60-0.8
data/attacks/speed0.9/5895-34615-0006_formant.wav,fake,attack,none,speed0.9,speed0.9,HE SHOWED HIMSELF ON THE PLATFORM,5895,2.806,16000,test,5895-34615-0006_formant_speed0.9
data/attacks/speed1.1/5895-34615-0006_formant.wav,fake,attack,none,speed1.1,speed1.1,HE SHOWED HIMSELF ON THE PLATFORM,5895,2.295,16000,test,5895-34615-0006_formant_speed1.1
data/attacks/mp3-128k/5895-34615-0006_melvoc.wav,fake,attack,none,mp3-128k,mp3-128k,HE SHOWED HIMSELF ON THE PLATFORM,5895,2.52,16000,test,5895-34615-0006_melvoc_mp3-128k
data/attacks/mp3-64k/5895-34615-0006_melvoc.wav,fake,attack,none,mp3-64k,mp3-64k,HE SHOWED HIMSELF ON THE PLATFORM,5895,2.52,16000,test,5895-34615-0006_melvoc_mp3-64k
data/attacks/opus-32k/5895-34615-0006_melvoc.wav,fake,attack,none,opus-32k,opus-32k,HE SHOWED HIMSELF ON THE PLATFORM,5895,2.52,16000,test,5895-34615-0006_melvoc_opus-32k
data/attacks/g711-8k/5895-34615-0006_melvoc.wav,fake,attack,none,g711-8k,g711-8k,HE SHOWED HIMSELF ON THE PLATFORM,5895,2.52,16000,test,5895-34615-0006_melvoc_g711-8k
data/attacks/resample-8k/5895-34615-0006_melvoc.wav,fake,attack,none,resample-8k,8k-roundtrip,HE SHOWED HIMSELF ON THE PLATFORM,5895,2.52,16000,test,5895-34615-0006_melvoc_resample-8k
data/attacks/awgn-snr5/5895-34615-0006_melvoc.wav,fake,attack,none,awgn-snr5,snr5,HE SHOWED HIMSELF ON THE PLATFORM,5895,2.52,16000,test,5895-34615-0006_melvoc_awgn-snr5
data/attacks/awgn-snr10/5895-34615-0006_melvoc.wav,fake,attack,none,awgn-snr10,snr10,HE SHOWED HIMSELF ON THE PLATFORM,5895,2.52,16000,test,5895-34615-0006_melvoc_awgn-snr10
data/attacks/awgn-snr20/5895-34615-0006_melvoc.wav,fake,attack,none,awgn-snr20,snr20,HE SHOWED HIMSELF ON THE PLATFORM,5895,2.52,16000,test,5895-34615-0006_melvoc_awgn-snr20
data/attacks/bandpass-300-3400/5895-34615-0006_melvoc.wav,fake,attack,none,bandpass-300-3400,bandpass300-3400,HE SHOWED HIMSELF ON THE PLATFORM,5895,2.52,16000,test,5895-34615-0006_melvoc_bandpass-300-3400
data/attacks/reverb-rt60-0.2/5895-34615-0006_melvoc.wav,fake,attack,none,reverb-rt60-0.2,rt60-0.2,HE SHOWED HIMSELF ON THE PLATFORM,5895,2.52,16000,test,5895-34615-0006_melvoc_reverb-rt60-0.2
data/attacks/reverb-rt60-0.4/5895-34615-0006_melvoc.wav,fake,attack,none,reverb-rt60-0.4,rt60-0.4,HE SHOWED HIMSELF ON THE PLATFORM,5895,2.52,16000,test,5895-34615-0006_melvoc_reverb-rt60-0.4
data/attacks/reverb-rt60-0.8/5895-34615-0006_melvoc.wav,fake,attack,none,reverb-rt60-0.8,rt60-0.8,HE SHOWED HIMSELF ON THE PLATFORM,5895,2.52,16000,test,5895-34615-0006_melvoc_reverb-rt60-0.8
data/attacks/speed0.9/5895-34615-0006_melvoc.wav,fake,attack,none,speed0.9,speed0.9,HE SHOWED HIMSELF ON THE PLATFORM,5895,2.8,16000,test,5895-34615-0006_melvoc_speed0.9
data/attacks/speed1.1/5895-34615-0006_melvoc.wav,fake,attack,none,speed1.1,speed1.1,HE SHOWED HIMSELF ON THE PLATFORM,5895,2.291,16000,test,5895-34615-0006_melvoc_speed1.1
data/attacks/mp3-128k/5895-34615-0006_pitch.wav,fake,attack,none,mp3-128k,mp3-128k,HE SHOWED HIMSELF ON THE PLATFORM,5895,2.525,16000,test,5895-34615-0006_pitch_mp3-128k
data/attacks/mp3-64k/5895-34615-0006_pitch.wav,fake,attack,none,mp3-64k,mp3-64k,HE SHOWED HIMSELF ON THE PLATFORM,5895,2.525,16000,test,5895-34615-0006_pitch_mp3-64k
data/attacks/opus-32k/5895-34615-0006_pitch.wav,fake,attack,none,opus-32k,opus-32k,HE SHOWED HIMSELF ON THE PLATFORM,5895,2.525,16000,test,5895-34615-0006_pitch_opus-32k
data/attacks/g711-8k/5895-34615-0006_pitch.wav,fake,attack,none,g711-8k,g711-8k,HE SHOWED HIMSELF ON THE PLATFORM,5895,2.525,16000,test,5895-34615-0006_pitch_g711-8k
data/attacks/resample-8k/5895-34615-0006_pitch.wav,fake,attack,none,resample-8k,8k-roundtrip,HE SHOWED HIMSELF ON THE PLATFORM,5895,2.525,16000,test,5895-34615-0006_pitch_resample-8k
data/attacks/awgn-snr5/5895-34615-0006_pitch.wav,fake,attack,none,awgn-snr5,snr5,HE SHOWED HIMSELF ON THE PLATFORM,5895,2.525,16000,test,5895-34615-0006_pitch_awgn-snr5
data/attacks/awgn-snr10/5895-34615-0006_pitch.wav,fake,attack,none,awgn-snr10,snr10,HE SHOWED HIMSELF ON THE PLATFORM,5895,2.525,16000,test,5895-34615-0006_pitch_awgn-snr10
data/attacks/awgn-snr20/5895-34615-0006_pitch.wav,fake,attack,none,awgn-snr20,snr20,HE SHOWED HIMSELF ON THE PLATFORM,5895,2.525,16000,test,5895-34615-0006_pitch_awgn-snr20
data/attacks/bandpass-300-3400/5895-34615-0006_pitch.wav,fake,attack,none,bandpass-300-3400,bandpass300-3400,HE SHOWED HIMSELF ON THE PLATFORM,5895,2.525,16000,test,5895-34615-0006_pitch_bandpass-300-3400
data/attacks/reverb-rt60-0.2/5895-34615-0006_pitch.wav,fake,attack,none,reverb-rt60-0.2,rt60-0.2,HE SHOWED HIMSELF ON THE PLATFORM,5895,2.525,16000,test,5895-34615-0006_pitch_reverb-rt60-0.2
data/attacks/reverb-rt60-0.4/5895-34615-0006_pitch.wav,fake,attack,none,reverb-rt60-0.4,rt60-0.4,HE SHOWED HIMSELF ON THE PLATFORM,5895,2.525,16000,test,5895-34615-0006_pitch_reverb-rt60-0.4
data/attacks/reverb-rt60-0.8/5895-34615-0006_pitch.wav,fake,attack,none,reverb-rt60-0.8,rt60-0.8,HE SHOWED HIMSELF ON THE PLATFORM,5895,2.525,16000,test,5895-34615-0006_pitch_reverb-rt60-0.8
data/attacks/speed0.9/5895-34615-0006_pitch.wav,fake,attack,none,speed0.9,speed0.9,HE SHOWED HIMSELF ON THE PLATFORM,5895,2.806,16000,test,5895-34615-0006_pitch_speed0.9
data/attacks/speed1.1/5895-34615-0006_pitch.wav,fake,attack,none,speed1.1,speed1.1,HE SHOWED HIMSELF ON THE PLATFORM,5895,2.295,16000,test,5895-34615-0006_pitch_speed1.1
data/attacks/mp3-128k/5895-34615-0007_formant.wav,fake,attack,none,mp3-128k,mp3-128k,IT WAS GWYNPLAINE'S LAUGH WHICH CREATED THE LAUGHTER OF OTHERS YET HE DID NOT LAUGH HIMSELF,5895,5.705,16000,test,5895-34615-0007_formant_mp3-128k
data/attacks/mp3-64k/5895-34615-0007_formant.wav,fake,attack,none,mp3-64k,mp3-64k,IT WAS GWYNPLAINE'S LAUGH WHICH CREATED THE LAUGHTER OF OTHERS YET HE DID NOT LAUGH HIMSELF,5895,5.705,16000,test,5895-34615-0007_formant_mp3-64k
data/attacks/opus-32k/5895-34615-0007_formant.wav,fake,attack,none,opus-32k,opus-32k,IT WAS GWYNPLAINE'S LAUGH WHICH CREATED THE LAUGHTER OF OTHERS YET HE DID NOT LAUGH HIMSELF,5895,5.705,16000,test,5895-34615-0007_formant_opus-32k
data/attacks/g711-8k/5895-34615-0007_formant.wav,fake,attack,none,g711-8k,g711-8k,IT WAS GWYNPLAINE'S LAUGH WHICH CREATED THE LAUGHTER OF OTHERS YET HE DID NOT LAUGH HIMSELF,5895,5.705,16000,test,5895-34615-0007_formant_g711-8k
data/attacks/resample-8k/5895-34615-0007_formant.wav,fake,attack,none,resample-8k,8k-roundtrip,IT WAS GWYNPLAINE'S LAUGH WHICH CREATED THE LAUGHTER OF OTHERS YET HE DID NOT LAUGH HIMSELF,5895,5.705,16000,test,5895-34615-0007_formant_resample-8k
data/attacks/awgn-snr5/5895-34615-0007_formant.wav,fake,attack,none,awgn-snr5,snr5,IT WAS GWYNPLAINE'S LAUGH WHICH CREATED THE LAUGHTER OF OTHERS YET HE DID NOT LAUGH HIMSELF,5895,5.705,16000,test,5895-34615-0007_formant_awgn-snr5
data/attacks/awgn-snr10/5895-34615-0007_formant.wav,fake,attack,none,awgn-snr10,snr10,IT WAS GWYNPLAINE'S LAUGH WHICH CREATED THE LAUGHTER OF OTHERS YET HE DID NOT LAUGH HIMSELF,5895,5.705,16000,test,5895-34615-0007_formant_awgn-snr10
data/attacks/awgn-snr20/5895-34615-0007_formant.wav,fake,attack,none,awgn-snr20,snr20,IT WAS GWYNPLAINE'S LAUGH WHICH CREATED THE LAUGHTER OF OTHERS YET HE DID NOT LAUGH HIMSELF,5895,5.705,16000,test,5895-34615-0007_formant_awgn-snr20
data/attacks/bandpass-300-3400/5895-34615-0007_formant.wav,fake,attack,none,bandpass-300-3400,bandpass300-3400,IT WAS GWYNPLAINE'S LAUGH WHICH CREATED THE LAUGHTER OF OTHERS YET HE DID NOT LAUGH HIMSELF,5895,5.705,16000,test,5895-34615-0007_formant_bandpass-300-3400
data/attacks/reverb-rt60-0.2/5895-34615-0007_formant.wav,fake,attack,none,reverb-rt60-0.2,rt60-0.2,IT WAS GWYNPLAINE'S LAUGH WHICH CREATED THE LAUGHTER OF OTHERS YET HE DID NOT LAUGH HIMSELF,5895,5.705,16000,test,5895-34615-0007_formant_reverb-rt60-0.2
data/attacks/reverb-rt60-0.4/5895-34615-0007_formant.wav,fake,attack,none,reverb-rt60-0.4,rt60-0.4,IT WAS GWYNPLAINE'S LAUGH WHICH CREATED THE LAUGHTER OF OTHERS YET HE DID NOT LAUGH HIMSELF,5895,5.705,16000,test,5895-34615-0007_formant_reverb-rt60-0.4
data/attacks/reverb-rt60-0.8/5895-34615-0007_formant.wav,fake,attack,none,reverb-rt60-0.8,rt60-0.8,IT WAS GWYNPLAINE'S LAUGH WHICH CREATED THE LAUGHTER OF OTHERS YET HE DID NOT LAUGH HIMSELF,5895,5.705,16000,test,5895-34615-0007_formant_reverb-rt60-0.8
data/attacks/speed0.9/5895-34615-0007_formant.wav,fake,attack,none,speed0.9,speed0.9,IT WAS GWYNPLAINE'S LAUGH WHICH CREATED THE LAUGHTER OF OTHERS YET HE DID NOT LAUGH HIMSELF,5895,6.339,16000,test,5895-34615-0007_formant_speed0.9
data/attacks/speed1.1/5895-34615-0007_formant.wav,fake,attack,none,speed1.1,speed1.1,IT WAS GWYNPLAINE'S LAUGH WHICH CREATED THE LAUGHTER OF OTHERS YET HE DID NOT LAUGH HIMSELF,5895,5.186,16000,test,5895-34615-0007_formant_speed1.1
data/attacks/mp3-128k/5895-34615-0007_melvoc.wav,fake,attack,none,mp3-128k,mp3-128k,IT WAS GWYNPLAINE'S LAUGH WHICH CREATED THE LAUGHTER OF OTHERS YET HE DID NOT LAUGH HIMSELF,5895,5.704,16000,test,5895-34615-0007_melvoc_mp3-128k
data/attacks/mp3-64k/5895-34615-0007_melvoc.wav,fake,attack,none,mp3-64k,mp3-64k,IT WAS GWYNPLAINE'S LAUGH WHICH CREATED THE LAUGHTER OF OTHERS YET HE DID NOT LAUGH HIMSELF,5895,5.704,16000,test,5895-34615-0007_melvoc_mp3-64k
data/attacks/opus-32k/5895-34615-0007_melvoc.wav,fake,attack,none,opus-32k,opus-32k,IT WAS GWYNPLAINE'S LAUGH WHICH CREATED THE LAUGHTER OF OTHERS YET HE DID NOT LAUGH HIMSELF,5895,5.704,16000,test,5895-34615-0007_melvoc_opus-32k
data/attacks/g711-8k/5895-34615-0007_melvoc.wav,fake,attack,none,g711-8k,g711-8k,IT WAS GWYNPLAINE'S LAUGH WHICH CREATED THE LAUGHTER OF OTHERS YET HE DID NOT LAUGH HIMSELF,5895,5.704,16000,test,5895-34615-0007_melvoc_g711-8k
data/attacks/resample-8k/5895-34615-0007_melvoc.wav,fake,attack,none,resample-8k,8k-roundtrip,IT WAS GWYNPLAINE'S LAUGH WHICH CREATED THE LAUGHTER OF OTHERS YET HE DID NOT LAUGH HIMSELF,5895,5.704,16000,test,5895-34615-0007_melvoc_resample-8k
data/attacks/awgn-snr5/5895-34615-0007_melvoc.wav,fake,attack,none,awgn-snr5,snr5,IT WAS GWYNPLAINE'S LAUGH WHICH CREATED THE LAUGHTER OF OTHERS YET HE DID NOT LAUGH HIMSELF,5895,5.704,16000,test,5895-34615-0007_melvoc_awgn-snr5
data/attacks/awgn-snr10/5895-34615-0007_melvoc.wav,fake,attack,none,awgn-snr10,snr10,IT WAS GWYNPLAINE'S LAUGH WHICH CREATED THE LAUGHTER OF OTHERS YET HE DID NOT LAUGH HIMSELF,5895,5.704,16000,test,5895-34615-0007_melvoc_awgn-snr10
data/attacks/awgn-snr20/5895-34615-0007_melvoc.wav,fake,attack,none,awgn-snr20,snr20,IT WAS GWYNPLAINE'S LAUGH WHICH CREATED THE LAUGHTER OF OTHERS YET HE DID NOT LAUGH HIMSELF,5895,5.704,16000,test,5895-34615-0007_melvoc_awgn-snr20
data/attacks/bandpass-300-3400/5895-34615-0007_melvoc.wav,fake,attack,none,bandpass-300-3400,bandpass300-3400,IT WAS GWYNPLAINE'S LAUGH WHICH CREATED THE LAUGHTER OF OTHERS YET HE DID NOT LAUGH HIMSELF,5895,5.704,16000,test,5895-34615-0007_melvoc_bandpass-300-3400
data/attacks/reverb-rt60-0.2/5895-34615-0007_melvoc.wav,fake,attack,none,reverb-rt60-0.2,rt60-0.2,IT WAS GWYNPLAINE'S LAUGH WHICH CREATED THE LAUGHTER OF OTHERS YET HE DID NOT LAUGH HIMSELF,5895,5.704,16000,test,5895-34615-0007_melvoc_reverb-rt60-0.2
data/attacks/reverb-rt60-0.4/5895-34615-0007_melvoc.wav,fake,attack,none,reverb-rt60-0.4,rt60-0.4,IT WAS GWYNPLAINE'S LAUGH WHICH CREATED THE LAUGHTER OF OTHERS YET HE DID NOT LAUGH HIMSELF,5895,5.704,16000,test,5895-34615-0007_melvoc_reverb-rt60-0.4
data/attacks/reverb-rt60-0.8/5895-34615-0007_melvoc.wav,fake,attack,none,reverb-rt60-0.8,rt60-0.8,IT WAS GWYNPLAINE'S LAUGH WHICH CREATED THE LAUGHTER OF OTHERS YET HE DID NOT LAUGH HIMSELF,5895,5.704,16000,test,5895-34615-0007_melvoc_reverb-rt60-0.8
data/attacks/speed0.9/5895-34615-0007_melvoc.wav,fake,attack,none,speed0.9,speed0.9,IT WAS GWYNPLAINE'S LAUGH WHICH CREATED THE LAUGHTER OF OTHERS YET HE DID NOT LAUGH HIMSELF,5895,6.338,16000,test,5895-34615-0007_melvoc_speed0.9
data/attacks/speed1.1/5895-34615-0007_melvoc.wav,fake,attack,none,speed1.1,speed1.1,IT WAS GWYNPLAINE'S LAUGH WHICH CREATED THE LAUGHTER OF OTHERS YET HE DID NOT LAUGH HIMSELF,5895,5.185,16000,test,5895-34615-0007_melvoc_speed1.1
data/attacks/mp3-128k/5895-34615-0007_pitch.wav,fake,attack,none,mp3-128k,mp3-128k,IT WAS GWYNPLAINE'S LAUGH WHICH CREATED THE LAUGHTER OF OTHERS YET HE DID NOT LAUGH HIMSELF,5895,5.705,16000,test,5895-34615-0007_pitch_mp3-128k
data/attacks/mp3-64k/5895-34615-0007_pitch.wav,fake,attack,none,mp3-64k,mp3-64k,IT WAS GWYNPLAINE'S LAUGH WHICH CREATED THE LAUGHTER OF OTHERS YET HE DID NOT LAUGH HIMSELF,5895,5.705,16000,test,5895-34615-0007_pitch_mp3-64k
data/attacks/opus-32k/5895-34615-0007_pitch.wav,fake,attack,none,opus-32k,opus-32k,IT WAS GWYNPLAINE'S LAUGH WHICH CREATED THE LAUGHTER OF OTHERS YET HE DID NOT LAUGH HIMSELF,5895,5.705,16000,test,5895-34615-0007_pitch_opus-32k
data/attacks/g711-8k/5895-34615-0007_pitch.wav,fake,attack,none,g711-8k,g711-8k,IT WAS GWYNPLAINE'S LAUGH WHICH CREATED THE LAUGHTER OF OTHERS YET HE DID NOT LAUGH HIMSELF,5895,5.705,16000,test,5895-34615-0007_pitch_g711-8k
data/attacks/resample-8k/5895-34615-0007_pitch.wav,fake,attack,none,resample-8k,8k-roundtrip,IT WAS GWYNPLAINE'S LAUGH WHICH CREATED THE LAUGHTER OF OTHERS YET HE DID NOT LAUGH HIMSELF,5895,5.705,16000,test,5895-34615-0007_pitch_resample-8k
data/attacks/awgn-snr5/5895-34615-0007_pitch.wav,fake,attack,none,awgn-snr5,snr5,IT WAS GWYNPLAINE'S LAUGH WHICH CREATED THE LAUGHTER OF OTHERS YET HE DID NOT LAUGH HIMSELF,5895,5.705,16000,test,5895-34615-0007_pitch_awgn-snr5
data/attacks/awgn-snr10/5895-34615-0007_pitch.wav,fake,attack,none,awgn-snr10,snr10,IT WAS GWYNPLAINE'S LAUGH WHICH CREATED THE LAUGHTER OF OTHERS YET HE DID NOT LAUGH HIMSELF,5895,5.705,16000,test,5895-34615-0007_pitch_awgn-snr10
data/attacks/awgn-snr20/5895-34615-0007_pitch.wav,fake,attack,none,awgn-snr20,snr20,IT WAS GWYNPLAINE'S LAUGH WHICH CREATED THE LAUGHTER OF OTHERS YET HE DID NOT LAUGH HIMSELF,5895,5.705,16000,test,5895-34615-0007_pitch_awgn-snr20
data/attacks/bandpass-300-3400/5895-34615-0007_pitch.wav,fake,attack,none,bandpass-300-3400,bandpass300-3400,IT WAS GWYNPLAINE'S LAUGH WHICH CREATED THE LAUGHTER OF OTHERS YET HE DID NOT LAUGH HIMSELF,5895,5.705,16000,test,5895-34615-0007_pitch_bandpass-300-3400
data/attacks/reverb-rt60-0.2/5895-34615-0007_pitch.wav,fake,attack,none,reverb-rt60-0.2,rt60-0.2,IT WAS GWYNPLAINE'S LAUGH WHICH CREATED THE LAUGHTER OF OTHERS YET HE DID NOT LAUGH HIMSELF,5895,5.705,16000,test,5895-34615-0007_pitch_reverb-rt60-0.2
data/attacks/reverb-rt60-0.4/5895-34615-0007_pitch.wav,fake,attack,none,reverb-rt60-0.4,rt60-0.4,IT WAS GWYNPLAINE'S LAUGH WHICH CREATED THE LAUGHTER OF OTHERS YET HE DID NOT LAUGH HIMSELF,5895,5.705,16000,test,5895-34615-0007_pitch_reverb-rt60-0.4
data/attacks/reverb-rt60-0.8/5895-34615-0007_pitch.wav,fake,attack,none,reverb-rt60-0.8,rt60-0.8,IT WAS GWYNPLAINE'S LAUGH WHICH CREATED THE LAUGHTER OF OTHERS YET HE DID NOT LAUGH HIMSELF,5895,5.705,16000,test,5895-34615-0007_pitch_reverb-rt60-0.8
data/attacks/speed0.9/5895-34615-0007_pitch.wav,fake,attack,none,speed0.9,speed0.9,IT WAS GWYNPLAINE'S LAUGH WHICH CREATED THE LAUGHTER OF OTHERS YET HE DID NOT LAUGH HIMSELF,5895,6.339,16000,test,5895-34615-0007_pitch_speed0.9
data/attacks/speed1.1/5895-34615-0007_pitch.wav,fake,attack,none,speed1.1,speed1.1,IT WAS GWYNPLAINE'S LAUGH WHICH CREATED THE LAUGHTER OF OTHERS YET HE DID NOT LAUGH HIMSELF,5895,5.186,16000,test,5895-34615-0007_pitch_speed1.1
data/attacks/mp3-128k/5895-34615-0008_formant.wav,fake,attack,none,mp3-128k,mp3-128k,THE OUTSIDE DID NOT DEPEND ON THE INTERIOR,5895,3.055,16000,test,5895-34615-0008_formant_mp3-128k
data/attacks/mp3-64k/5895-34615-0008_formant.wav,fake,attack,none,mp3-64k,mp3-64k,THE OUTSIDE DID NOT DEPEND ON THE INTERIOR,5895,3.055,16000,test,5895-34615-0008_formant_mp3-64k
data/attacks/opus-32k/5895-34615-0008_formant.wav,fake,attack,none,opus-32k,opus-32k,THE OUTSIDE DID NOT DEPEND ON THE INTERIOR,5895,3.055,16000,test,5895-34615-0008_formant_opus-32k
data/attacks/g711-8k/5895-34615-0008_formant.wav,fake,attack,none,g711-8k,g711-8k,THE OUTSIDE DID NOT DEPEND ON THE INTERIOR,5895,3.055,16000,test,5895-34615-0008_formant_g711-8k
data/attacks/resample-8k/5895-34615-0008_formant.wav,fake,attack,none,resample-8k,8k-roundtrip,THE OUTSIDE DID NOT DEPEND ON THE INTERIOR,5895,3.055,16000,test,5895-34615-0008_formant_resample-8k
data/attacks/awgn-snr5/5895-34615-0008_formant.wav,fake,attack,none,awgn-snr5,snr5,THE OUTSIDE DID NOT DEPEND ON THE INTERIOR,5895,3.055,16000,test,5895-34615-0008_formant_awgn-snr5
data/attacks/awgn-snr10/5895-34615-0008_formant.wav,fake,attack,none,awgn-snr10,snr10,THE OUTSIDE DID NOT DEPEND ON THE INTERIOR,5895,3.055,16000,test,5895-34615-0008_formant_awgn-snr10
data/attacks/awgn-snr20/5895-34615-0008_formant.wav,fake,attack,none,awgn-snr20,snr20,THE OUTSIDE DID NOT DEPEND ON THE INTERIOR,5895,3.055,16000,test,5895-34615-0008_formant_awgn-snr20
data/attacks/bandpass-300-3400/5895-34615-0008_formant.wav,fake,attack,none,bandpass-300-3400,bandpass300-3400,THE OUTSIDE DID NOT DEPEND ON THE INTERIOR,5895,3.055,16000,test,5895-34615-0008_formant_bandpass-300-3400
data/attacks/reverb-rt60-0.2/5895-34615-0008_formant.wav,fake,attack,none,reverb-rt60-0.2,rt60-0.2,THE OUTSIDE DID NOT DEPEND ON THE INTERIOR,5895,3.055,16000,test,5895-34615-0008_formant_reverb-rt60-0.2
data/attacks/reverb-rt60-0.4/5895-34615-0008_formant.wav,fake,attack,none,reverb-rt60-0.4,rt60-0.4,THE OUTSIDE DID NOT DEPEND ON THE INTERIOR,5895,3.055,16000,test,5895-34615-0008_formant_reverb-rt60-0.4
data/attacks/reverb-rt60-0.8/5895-34615-0008_formant.wav,fake,attack,none,reverb-rt60-0.8,rt60-0.8,THE OUTSIDE DID NOT DEPEND ON THE INTERIOR,5895,3.055,16000,test,5895-34615-0008_formant_reverb-rt60-0.8
data/attacks/speed0.9/5895-34615-0008_formant.wav,fake,attack,none,speed0.9,speed0.9,THE OUTSIDE DID NOT DEPEND ON THE INTERIOR,5895,3.394,16000,test,5895-34615-0008_formant_speed0.9
data/attacks/speed1.1/5895-34615-0008_formant.wav,fake,attack,none,speed1.1,speed1.1,THE OUTSIDE DID NOT DEPEND ON THE INTERIOR,5895,2.777,16000,test,5895-34615-0008_formant_speed1.1
data/attacks/mp3-128k/6313-66125-0000_formant.wav,fake,attack,none,mp3-128k,mp3-128k,YOU'LL ALL BE OVER IF YOU DON'T HAVE A CARE,6313,2.355,16000,test,6313-66125-0000_formant_mp3-128k
data/attacks/mp3-64k/6313-66125-0000_formant.wav,fake,attack,none,mp3-64k,mp3-64k,YOU'LL ALL BE OVER IF YOU DON'T HAVE A CARE,6313,2.355,16000,test,6313-66125-0000_formant_mp3-64k
data/attacks/opus-32k/6313-66125-0000_formant.wav,fake,attack,none,opus-32k,opus-32k,YOU'LL ALL BE OVER IF YOU DON'T HAVE A CARE,6313,2.355,16000,test,6313-66125-0000_formant_opus-32k
data/attacks/g711-8k/6313-66125-0000_formant.wav,fake,attack,none,g711-8k,g711-8k,YOU'LL ALL BE OVER IF YOU DON'T HAVE A CARE,6313,2.355,16000,test,6313-66125-0000_formant_g711-8k
data/attacks/resample-8k/6313-66125-0000_formant.wav,fake,attack,none,resample-8k,8k-roundtrip,YOU'LL ALL BE OVER IF YOU DON'T HAVE A CARE,6313,2.355,16000,test,6313-66125-0000_formant_resample-8k
data/attacks/awgn-snr5/6313-66125-0000_formant.wav,fake,attack,none,awgn-snr5,snr5,YOU'LL ALL BE OVER IF YOU DON'T HAVE A CARE,6313,2.355,16000,test,6313-66125-0000_formant_awgn-snr5
data/attacks/awgn-snr10/6313-66125-0000_formant.wav,fake,attack,none,awgn-snr10,snr10,YOU'LL ALL BE OVER IF YOU DON'T HAVE A CARE,6313,2.355,16000,test,6313-66125-0000_formant_awgn-snr10
data/attacks/awgn-snr20/6313-66125-0000_formant.wav,fake,attack,none,awgn-snr20,snr20,YOU'LL ALL BE OVER IF YOU DON'T HAVE A CARE,6313,2.355,16000,test,6313-66125-0000_formant_awgn-snr20
data/attacks/bandpass-300-3400/6313-66125-0000_formant.wav,fake,attack,none,bandpass-300-3400,bandpass300-3400,YOU'LL ALL BE OVER IF YOU DON'T HAVE A CARE,6313,2.355,16000,test,6313-66125-0000_formant_bandpass-300-3400
data/attacks/reverb-rt60-0.2/6313-66125-0000_formant.wav,fake,attack,none,reverb-rt60-0.2,rt60-0.2,YOU'LL ALL BE OVER IF YOU DON'T HAVE A CARE,6313,2.355,16000,test,6313-66125-0000_formant_reverb-rt60-0.2
data/attacks/reverb-rt60-0.4/6313-66125-0000_formant.wav,fake,attack,none,reverb-rt60-0.4,rt60-0.4,YOU'LL ALL BE OVER IF YOU DON'T HAVE A CARE,6313,2.355,16000,test,6313-66125-0000_formant_reverb-rt60-0.4
data/attacks/reverb-rt60-0.8/6313-66125-0000_formant.wav,fake,attack,none,reverb-rt60-0.8,rt60-0.8,YOU'LL ALL BE OVER IF YOU DON'T HAVE A CARE,6313,2.355,16000,test,6313-66125-0000_formant_reverb-rt60-0.8
data/attacks/speed0.9/6313-66125-0000_formant.wav,fake,attack,none,speed0.9,speed0.9,YOU'LL ALL BE OVER IF YOU DON'T HAVE A CARE,6313,2.617,16000,test,6313-66125-0000_formant_speed0.9
data/attacks/speed1.1/6313-66125-0000_formant.wav,fake,attack,none,speed1.1,speed1.1,YOU'LL ALL BE OVER IF YOU DON'T HAVE A CARE,6313,2.141,16000,test,6313-66125-0000_formant_speed1.1
data/attacks/mp3-128k/6313-66125-0000_melvoc.wav,fake,attack,none,mp3-128k,mp3-128k,YOU'LL ALL BE OVER IF YOU DON'T HAVE A CARE,6313,2.352,16000,test,6313-66125-0000_melvoc_mp3-128k
data/attacks/mp3-64k/6313-66125-0000_melvoc.wav,fake,attack,none,mp3-64k,mp3-64k,YOU'LL ALL BE OVER IF YOU DON'T HAVE A CARE,6313,2.352,16000,test,6313-66125-0000_melvoc_mp3-64k
data/attacks/opus-32k/6313-66125-0000_melvoc.wav,fake,attack,none,opus-32k,opus-32k,YOU'LL ALL BE OVER IF YOU DON'T HAVE A CARE,6313,2.352,16000,test,6313-66125-0000_melvoc_opus-32k
data/attacks/g711-8k/6313-66125-0000_melvoc.wav,fake,attack,none,g711-8k,g711-8k,YOU'LL ALL BE OVER IF YOU DON'T HAVE A CARE,6313,2.352,16000,test,6313-66125-0000_melvoc_g711-8k
data/attacks/resample-8k/6313-66125-0000_melvoc.wav,fake,attack,none,resample-8k,8k-roundtrip,YOU'LL ALL BE OVER IF YOU DON'T HAVE A CARE,6313,2.352,16000,test,6313-66125-0000_melvoc_resample-8k
data/attacks/awgn-snr5/6313-66125-0000_melvoc.wav,fake,attack,none,awgn-snr5,snr5,YOU'LL ALL BE OVER IF YOU DON'T HAVE A CARE,6313,2.352,16000,test,6313-66125-0000_melvoc_awgn-snr5
data/attacks/awgn-snr10/6313-66125-0000_melvoc.wav,fake,attack,none,awgn-snr10,snr10,YOU'LL ALL BE OVER IF YOU DON'T HAVE A CARE,6313,2.352,16000,test,6313-66125-0000_melvoc_awgn-snr10
data/attacks/awgn-snr20/6313-66125-0000_melvoc.wav,fake,attack,none,awgn-snr20,snr20,YOU'LL ALL BE OVER IF YOU DON'T HAVE A CARE,6313,2.352,16000,test,6313-66125-0000_melvoc_awgn-snr20
data/attacks/bandpass-300-3400/6313-66125-0000_melvoc.wav,fake,attack,none,bandpass-300-3400,bandpass300-3400,YOU'LL ALL BE OVER IF YOU DON'T HAVE A CARE,6313,2.352,16000,test,6313-66125-0000_melvoc_bandpass-300-3400
data/attacks/reverb-rt60-0.2/6313-66125-0000_melvoc.wav,fake,attack,none,reverb-rt60-0.2,rt60-0.2,YOU'LL ALL BE OVER IF YOU DON'T HAVE A CARE,6313,2.352,16000,test,6313-66125-0000_melvoc_reverb-rt60-0.2
data/attacks/reverb-rt60-0.4/6313-66125-0000_melvoc.wav,fake,attack,none,reverb-rt60-0.4,rt60-0.4,YOU'LL ALL BE OVER IF YOU DON'T HAVE A CARE,6313,2.352,16000,test,6313-66125-0000_melvoc_reverb-rt60-0.4
data/attacks/reverb-rt60-0.8/6313-66125-0000_melvoc.wav,fake,attack,none,reverb-rt60-0.8,rt60-0.8,YOU'LL ALL BE OVER IF YOU DON'T HAVE A CARE,6313,2.352,16000,test,6313-66125-0000_melvoc_reverb-rt60-0.8
data/attacks/speed0.9/6313-66125-0000_melvoc.wav,fake,attack,none,speed0.9,speed0.9,YOU'LL ALL BE OVER IF YOU DON'T HAVE A CARE,6313,2.613,16000,test,6313-66125-0000_melvoc_speed0.9
data/attacks/speed1.1/6313-66125-0000_melvoc.wav,fake,attack,none,speed1.1,speed1.1,YOU'LL ALL BE OVER IF YOU DON'T HAVE A CARE,6313,2.138,16000,test,6313-66125-0000_melvoc_speed1.1
data/attacks/mp3-128k/6313-66125-0000_pitch.wav,fake,attack,none,mp3-128k,mp3-128k,YOU'LL ALL BE OVER IF YOU DON'T HAVE A CARE,6313,2.355,16000,test,6313-66125-0000_pitch_mp3-128k
data/attacks/mp3-64k/6313-66125-0000_pitch.wav,fake,attack,none,mp3-64k,mp3-64k,YOU'LL ALL BE OVER IF YOU DON'T HAVE A CARE,6313,2.355,16000,test,6313-66125-0000_pitch_mp3-64k
data/attacks/opus-32k/6313-66125-0000_pitch.wav,fake,attack,none,opus-32k,opus-32k,YOU'LL ALL BE OVER IF YOU DON'T HAVE A CARE,6313,2.355,16000,test,6313-66125-0000_pitch_opus-32k
data/attacks/g711-8k/6313-66125-0000_pitch.wav,fake,attack,none,g711-8k,g711-8k,YOU'LL ALL BE OVER IF YOU DON'T HAVE A CARE,6313,2.355,16000,test,6313-66125-0000_pitch_g711-8k
data/attacks/resample-8k/6313-66125-0000_pitch.wav,fake,attack,none,resample-8k,8k-roundtrip,YOU'LL ALL BE OVER IF YOU DON'T HAVE A CARE,6313,2.355,16000,test,6313-66125-0000_pitch_resample-8k
data/attacks/awgn-snr5/6313-66125-0000_pitch.wav,fake,attack,none,awgn-snr5,snr5,YOU'LL ALL BE OVER IF YOU DON'T HAVE A CARE,6313,2.355,16000,test,6313-66125-0000_pitch_awgn-snr5
data/attacks/awgn-snr10/6313-66125-0000_pitch.wav,fake,attack,none,awgn-snr10,snr10,YOU'LL ALL BE OVER IF YOU DON'T HAVE A CARE,6313,2.355,16000,test,6313-66125-0000_pitch_awgn-snr10
data/attacks/awgn-snr20/6313-66125-0000_pitch.wav,fake,attack,none,awgn-snr20,snr20,YOU'LL ALL BE OVER IF YOU DON'T HAVE A CARE,6313,2.355,16000,test,6313-66125-0000_pitch_awgn-snr20
data/attacks/bandpass-300-3400/6313-66125-0000_pitch.wav,fake,attack,none,bandpass-300-3400,bandpass300-3400,YOU'LL ALL BE OVER IF YOU DON'T HAVE A CARE,6313,2.355,16000,test,6313-66125-0000_pitch_bandpass-300-3400
data/attacks/reverb-rt60-0.2/6313-66125-0000_pitch.wav,fake,attack,none,reverb-rt60-0.2,rt60-0.2,YOU'LL ALL BE OVER IF YOU DON'T HAVE A CARE,6313,2.355,16000,test,6313-66125-0000_pitch_reverb-rt60-0.2
data/attacks/reverb-rt60-0.4/6313-66125-0000_pitch.wav,fake,attack,none,reverb-rt60-0.4,rt60-0.4,YOU'LL ALL BE OVER IF YOU DON'T HAVE A CARE,6313,2.355,16000,test,6313-66125-0000_pitch_reverb-rt60-0.4
data/attacks/reverb-rt60-0.8/6313-66125-0000_pitch.wav,fake,attack,none,reverb-rt60-0.8,rt60-0.8,YOU'LL ALL BE OVER IF YOU DON'T HAVE A CARE,6313,2.355,16000,test,6313-66125-0000_pitch_reverb-rt60-0.8
data/attacks/speed0.9/6313-66125-0000_pitch.wav,fake,attack,none,speed0.9,speed0.9,YOU'LL ALL BE OVER IF YOU DON'T HAVE A CARE,6313,2.617,16000,test,6313-66125-0000_pitch_speed0.9
data/attacks/speed1.1/6313-66125-0000_pitch.wav,fake,attack,none,speed1.1,speed1.1,YOU'LL ALL BE OVER IF YOU DON'T HAVE A CARE,6313,2.141,16000,test,6313-66125-0000_pitch_speed1.1
data/attacks/mp3-128k/6313-66125-0001_formant.wav,fake,attack,none,mp3-128k,mp3-128k,LOOKS LIKE A CLUMP OF BUSHES DOWN THERE BUT I AIN'T SURE CAN YOU MAKE IT OUT,6313,4.5,16000,test,6313-66125-0001_formant_mp3-128k
data/attacks/mp3-64k/6313-66125-0001_formant.wav,fake,attack,none,mp3-64k,mp3-64k,LOOKS LIKE A CLUMP OF BUSHES DOWN THERE BUT I AIN'T SURE CAN YOU MAKE IT OUT,6313,4.5,16000,test,6313-66125-0001_formant_mp3-64k
data/attacks/opus-32k/6313-66125-0001_formant.wav,fake,attack,none,opus-32k,opus-32k,LOOKS LIKE A CLUMP OF BUSHES DOWN THERE BUT I AIN'T SURE CAN YOU MAKE IT OUT,6313,4.5,16000,test,6313-66125-0001_formant_opus-32k
data/attacks/g711-8k/6313-66125-0001_formant.wav,fake,attack,none,g711-8k,g711-8k,LOOKS LIKE A CLUMP OF BUSHES DOWN THERE BUT I AIN'T SURE CAN YOU MAKE IT OUT,6313,4.5,16000,test,6313-66125-0001_formant_g711-8k
data/attacks/resample-8k/6313-66125-0001_formant.wav,fake,attack,none,resample-8k,8k-roundtrip,LOOKS LIKE A CLUMP OF BUSHES DOWN THERE BUT I AIN'T SURE CAN YOU MAKE IT OUT,6313,4.5,16000,test,6313-66125-0001_formant_resample-8k
data/attacks/awgn-snr5/6313-66125-0001_formant.wav,fake,attack,none,awgn-snr5,snr5,LOOKS LIKE A CLUMP OF BUSHES DOWN THERE BUT I AIN'T SURE CAN YOU MAKE IT OUT,6313,4.5,16000,test,6313-66125-0001_formant_awgn-snr5
data/attacks/awgn-snr10/6313-66125-0001_formant.wav,fake,attack,none,awgn-snr10,snr10,LOOKS LIKE A CLUMP OF BUSHES DOWN THERE BUT I AIN'T SURE CAN YOU MAKE IT OUT,6313,4.5,16000,test,6313-66125-0001_formant_awgn-snr10
data/attacks/awgn-snr20/6313-66125-0001_formant.wav,fake,attack,none,awgn-snr20,snr20,LOOKS LIKE A CLUMP OF BUSHES DOWN THERE BUT I AIN'T SURE CAN YOU MAKE IT OUT,6313,4.5,16000,test,6313-66125-0001_formant_awgn-snr20
data/attacks/bandpass-300-3400/6313-66125-0001_formant.wav,fake,attack,none,bandpass-300-3400,bandpass300-3400,LOOKS LIKE A CLUMP OF BUSHES DOWN THERE BUT I AIN'T SURE CAN YOU MAKE IT OUT,6313,4.5,16000,test,6313-66125-0001_formant_bandpass-300-3400
data/attacks/reverb-rt60-0.2/6313-66125-0001_formant.wav,fake,attack,none,reverb-rt60-0.2,rt60-0.2,LOOKS LIKE A CLUMP OF BUSHES DOWN THERE BUT I AIN'T SURE CAN YOU MAKE IT OUT,6313,4.5,16000,test,6313-66125-0001_formant_reverb-rt60-0.2
data/attacks/reverb-rt60-0.4/6313-66125-0001_formant.wav,fake,attack,none,reverb-rt60-0.4,rt60-0.4,LOOKS LIKE A CLUMP OF BUSHES DOWN THERE BUT I AIN'T SURE CAN YOU MAKE IT OUT,6313,4.5,16000,test,6313-66125-0001_formant_reverb-rt60-0.4
data/attacks/reverb-rt60-0.8/6313-66125-0001_formant.wav,fake,attack,none,reverb-rt60-0.8,rt60-0.8,LOOKS LIKE A CLUMP OF BUSHES DOWN THERE BUT I AIN'T SURE CAN YOU MAKE IT OUT,6313,4.5,16000,test,6313-66125-0001_formant_reverb-rt60-0.8
data/attacks/speed0.9/6313-66125-0001_formant.wav,fake,attack,none,speed0.9,speed0.9,LOOKS LIKE A CLUMP OF BUSHES DOWN THERE BUT I AIN'T SURE CAN YOU MAKE IT OUT,6313,5.0,16000,test,6313-66125-0001_formant_speed0.9
data/attacks/speed1.1/6313-66125-0001_formant.wav,fake,attack,none,speed1.1,speed1.1,LOOKS LIKE A CLUMP OF BUSHES DOWN THERE BUT I AIN'T SURE CAN YOU MAKE IT OUT,6313,4.091,16000,test,6313-66125-0001_formant_speed1.1
data/attacks/mp3-128k/6313-66125-0001_melvoc.wav,fake,attack,none,mp3-128k,mp3-128k,LOOKS LIKE A CLUMP OF BUSHES DOWN THERE BUT I AIN'T SURE CAN YOU MAKE IT OUT,6313,4.496,16000,test,6313-66125-0001_melvoc_mp3-128k
data/attacks/mp3-64k/6313-66125-0001_melvoc.wav,fake,attack,none,mp3-64k,mp3-64k,LOOKS LIKE A CLUMP OF BUSHES DOWN THERE BUT I AIN'T SURE CAN YOU MAKE IT OUT,6313,4.496,16000,test,6313-66125-0001_melvoc_mp3-64k
data/attacks/opus-32k/6313-66125-0001_melvoc.wav,fake,attack,none,opus-32k,opus-32k,LOOKS LIKE A CLUMP OF BUSHES DOWN THERE BUT I AIN'T SURE CAN YOU MAKE IT OUT,6313,4.496,16000,test,6313-66125-0001_melvoc_opus-32k
data/attacks/g711-8k/6313-66125-0001_melvoc.wav,fake,attack,none,g711-8k,g711-8k,LOOKS LIKE A CLUMP OF BUSHES DOWN THERE BUT I AIN'T SURE CAN YOU MAKE IT OUT,6313,4.496,16000,test,6313-66125-0001_melvoc_g711-8k
data/attacks/resample-8k/6313-66125-0001_melvoc.wav,fake,attack,none,resample-8k,8k-roundtrip,LOOKS LIKE A CLUMP OF BUSHES DOWN THERE BUT I AIN'T SURE CAN YOU MAKE IT OUT,6313,4.496,16000,test,6313-66125-0001_melvoc_resample-8k
data/attacks/awgn-snr5/6313-66125-0001_melvoc.wav,fake,attack,none,awgn-snr5,snr5,LOOKS LIKE A CLUMP OF BUSHES DOWN THERE BUT I AIN'T SURE CAN YOU MAKE IT OUT,6313,4.496,16000,test,6313-66125-0001_melvoc_awgn-snr5
data/attacks/awgn-snr10/6313-66125-0001_melvoc.wav,fake,attack,none,awgn-snr10,snr10,LOOKS LIKE A CLUMP OF BUSHES DOWN THERE BUT I AIN'T SURE CAN YOU MAKE IT OUT,6313,4.496,16000,test,6313-66125-0001_melvoc_awgn-snr10
data/attacks/awgn-snr20/6313-66125-0001_melvoc.wav,fake,attack,none,awgn-snr20,snr20,LOOKS LIKE A CLUMP OF BUSHES DOWN THERE BUT I AIN'T SURE CAN YOU MAKE IT OUT,6313,4.496,16000,test,6313-66125-0001_melvoc_awgn-snr20
data/attacks/bandpass-300-3400/6313-66125-0001_melvoc.wav,fake,attack,none,bandpass-300-3400,bandpass300-3400,LOOKS LIKE A CLUMP OF BUSHES DOWN THERE BUT I AIN'T SURE CAN YOU MAKE IT OUT,6313,4.496,16000,test,6313-66125-0001_melvoc_bandpass-300-3400
data/attacks/reverb-rt60-0.2/6313-66125-0001_melvoc.wav,fake,attack,none,reverb-rt60-0.2,rt60-0.2,LOOKS LIKE A CLUMP OF BUSHES DOWN THERE BUT I AIN'T SURE CAN YOU MAKE IT OUT,6313,4.496,16000,test,6313-66125-0001_melvoc_reverb-rt60-0.2
data/attacks/reverb-rt60-0.4/6313-66125-0001_melvoc.wav,fake,attack,none,reverb-rt60-0.4,rt60-0.4,LOOKS LIKE A CLUMP OF BUSHES DOWN THERE BUT I AIN'T SURE CAN YOU MAKE IT OUT,6313,4.496,16000,test,6313-66125-0001_melvoc_reverb-rt60-0.4
data/attacks/reverb-rt60-0.8/6313-66125-0001_melvoc.wav,fake,attack,none,reverb-rt60-0.8,rt60-0.8,LOOKS LIKE A CLUMP OF BUSHES DOWN THERE BUT I AIN'T SURE CAN YOU MAKE IT OUT,6313,4.496,16000,test,6313-66125-0001_melvoc_reverb-rt60-0.8
data/attacks/speed0.9/6313-66125-0001_melvoc.wav,fake,attack,none,speed0.9,speed0.9,LOOKS LIKE A CLUMP OF BUSHES DOWN THERE BUT I AIN'T SURE CAN YOU MAKE IT OUT,6313,4.996,16000,test,6313-66125-0001_melvoc_speed0.9
data/attacks/speed1.1/6313-66125-0001_melvoc.wav,fake,attack,none,speed1.1,speed1.1,LOOKS LIKE A CLUMP OF BUSHES DOWN THERE BUT I AIN'T SURE CAN YOU MAKE IT OUT,6313,4.087,16000,test,6313-66125-0001_melvoc_speed1.1
data/attacks/mp3-128k/6313-66125-0001_pitch.wav,fake,attack,none,mp3-128k,mp3-128k,LOOKS LIKE A CLUMP OF BUSHES DOWN THERE BUT I AIN'T SURE CAN YOU MAKE IT OUT,6313,4.5,16000,test,6313-66125-0001_pitch_mp3-128k
data/attacks/mp3-64k/6313-66125-0001_pitch.wav,fake,attack,none,mp3-64k,mp3-64k,LOOKS LIKE A CLUMP OF BUSHES DOWN THERE BUT I AIN'T SURE CAN YOU MAKE IT OUT,6313,4.5,16000,test,6313-66125-0001_pitch_mp3-64k
data/attacks/opus-32k/6313-66125-0001_pitch.wav,fake,attack,none,opus-32k,opus-32k,LOOKS LIKE A CLUMP OF BUSHES DOWN THERE BUT I AIN'T SURE CAN YOU MAKE IT OUT,6313,4.5,16000,test,6313-66125-0001_pitch_opus-32k
data/attacks/g711-8k/6313-66125-0001_pitch.wav,fake,attack,none,g711-8k,g711-8k,LOOKS LIKE A CLUMP OF BUSHES DOWN THERE BUT I AIN'T SURE CAN YOU MAKE IT OUT,6313,4.5,16000,test,6313-66125-0001_pitch_g711-8k
data/attacks/resample-8k/6313-66125-0001_pitch.wav,fake,attack,none,resample-8k,8k-roundtrip,LOOKS LIKE A CLUMP OF BUSHES DOWN THERE BUT I AIN'T SURE CAN YOU MAKE IT OUT,6313,4.5,16000,test,6313-66125-0001_pitch_resample-8k
data/attacks/awgn-snr5/6313-66125-0001_pitch.wav,fake,attack,none,awgn-snr5,snr5,LOOKS LIKE A CLUMP OF BUSHES DOWN THERE BUT I AIN'T SURE CAN YOU MAKE IT OUT,6313,4.5,16000,test,6313-66125-0001_pitch_awgn-snr5
data/attacks/awgn-snr10/6313-66125-0001_pitch.wav,fake,attack,none,awgn-snr10,snr10,LOOKS LIKE A CLUMP OF BUSHES DOWN THERE BUT I AIN'T SURE CAN YOU MAKE IT OUT,6313,4.5,16000,test,6313-66125-0001_pitch_awgn-snr10
data/attacks/awgn-snr20/6313-66125-0001_pitch.wav,fake,attack,none,awgn-snr20,snr20,LOOKS LIKE A CLUMP OF BUSHES DOWN THERE BUT I AIN'T SURE CAN YOU MAKE IT OUT,6313,4.5,16000,test,6313-66125-0001_pitch_awgn-snr20
data/attacks/bandpass-300-3400/6313-66125-0001_pitch.wav,fake,attack,none,bandpass-300-3400,bandpass300-3400,LOOKS LIKE A CLUMP OF BUSHES DOWN THERE BUT I AIN'T SURE CAN YOU MAKE IT OUT,6313,4.5,16000,test,6313-66125-0001_pitch_bandpass-300-3400
data/attacks/reverb-rt60-0.2/6313-66125-0001_pitch.wav,fake,attack,none,reverb-rt60-0.2,rt60-0.2,LOOKS LIKE A CLUMP OF BUSHES DOWN THERE BUT I AIN'T SURE CAN YOU MAKE IT OUT,6313,4.5,16000,test,6313-66125-0001_pitch_reverb-rt60-0.2
data/attacks/reverb-rt60-0.4/6313-66125-0001_pitch.wav,fake,attack,none,reverb-rt60-0.4,rt60-0.4,LOOKS LIKE A CLUMP OF BUSHES DOWN THERE BUT I AIN'T SURE CAN YOU MAKE IT OUT,6313,4.5,16000,test,6313-66125-0001_pitch_reverb-rt60-0.4
data/attacks/reverb-rt60-0.8/6313-66125-0001_pitch.wav,fake,attack,none,reverb-rt60-0.8,rt60-0.8,LOOKS LIKE A CLUMP OF BUSHES DOWN THERE BUT I AIN'T SURE CAN YOU MAKE IT OUT,6313,4.5,16000,test,6313-66125-0001_pitch_reverb-rt60-0.8
data/attacks/speed0.9/6313-66125-0001_pitch.wav,fake,attack,none,speed0.9,speed0.9,LOOKS LIKE A CLUMP OF BUSHES DOWN THERE BUT I AIN'T SURE CAN YOU MAKE IT OUT,6313,5.0,16000,test,6313-66125-0001_pitch_speed0.9
data/attacks/speed1.1/6313-66125-0001_pitch.wav,fake,attack,none,speed1.1,speed1.1,LOOKS LIKE A CLUMP OF BUSHES DOWN THERE BUT I AIN'T SURE CAN YOU MAKE IT OUT,6313,4.091,16000,test,6313-66125-0001_pitch_speed1.1
data/attacks/mp3-128k/6313-66125-0002_formant.wav,fake,attack,none,mp3-128k,mp3-128k,YES AGREED TAD THAT DOES LOOK LIKE BUSHES,6313,3.075,16000,test,6313-66125-0002_formant_mp3-128k
data/attacks/mp3-64k/6313-66125-0002_formant.wav,fake,attack,none,mp3-64k,mp3-64k,YES AGREED TAD THAT DOES LOOK LIKE BUSHES,6313,3.075,16000,test,6313-66125-0002_formant_mp3-64k
data/attacks/opus-32k/6313-66125-0002_formant.wav,fake,attack,none,opus-32k,opus-32k,YES AGREED TAD THAT DOES LOOK LIKE BUSHES,6313,3.075,16000,test,6313-66125-0002_formant_opus-32k
data/attacks/g711-8k/6313-66125-0002_formant.wav,fake,attack,none,g711-8k,g711-8k,YES AGREED TAD THAT DOES LOOK LIKE BUSHES,6313,3.075,16000,test,6313-66125-0002_formant_g711-8k
data/attacks/resample-8k/6313-66125-0002_formant.wav,fake,attack,none,resample-8k,8k-roundtrip,YES AGREED TAD THAT DOES LOOK LIKE BUSHES,6313,3.075,16000,test,6313-66125-0002_formant_resample-8k
data/attacks/awgn-snr5/6313-66125-0002_formant.wav,fake,attack,none,awgn-snr5,snr5,YES AGREED TAD THAT DOES LOOK LIKE BUSHES,6313,3.075,16000,test,6313-66125-0002_formant_awgn-snr5
data/attacks/awgn-snr10/6313-66125-0002_formant.wav,fake,attack,none,awgn-snr10,snr10,YES AGREED TAD THAT DOES LOOK LIKE BUSHES,6313,3.075,16000,test,6313-66125-0002_formant_awgn-snr10
data/attacks/awgn-snr20/6313-66125-0002_formant.wav,fake,attack,none,awgn-snr20,snr20,YES AGREED TAD THAT DOES LOOK LIKE BUSHES,6313,3.075,16000,test,6313-66125-0002_formant_awgn-snr20
data/attacks/bandpass-300-3400/6313-66125-0002_formant.wav,fake,attack,none,bandpass-300-3400,bandpass300-3400,YES AGREED TAD THAT DOES LOOK LIKE BUSHES,6313,3.075,16000,test,6313-66125-0002_formant_bandpass-300-3400
data/attacks/reverb-rt60-0.2/6313-66125-0002_formant.wav,fake,attack,none,reverb-rt60-0.2,rt60-0.2,YES AGREED TAD THAT DOES LOOK LIKE BUSHES,6313,3.075,16000,test,6313-66125-0002_formant_reverb-rt60-0.2
data/attacks/reverb-rt60-0.4/6313-66125-0002_formant.wav,fake,attack,none,reverb-rt60-0.4,rt60-0.4,YES AGREED TAD THAT DOES LOOK LIKE BUSHES,6313,3.075,16000,test,6313-66125-0002_formant_reverb-rt60-0.4
data/attacks/reverb-rt60-0.8/6313-66125-0002_formant.wav,fake,attack,none,reverb-rt60-0.8,rt60-0.8,YES AGREED TAD THAT DOES LOOK LIKE BUSHES,6313,3.075,16000,test,6313-66125-0002_formant_reverb-rt60-0.8
data/attacks/speed0.9/6313-66125-0002_formant.wav,fake,attack,none,speed0.9,speed0.9,YES AGREED TAD THAT DOES LOOK LIKE BUSHES,6313,3.417,16000,test,6313-66125-0002_formant_speed0.9
data/attacks/speed1.1/6313-66125-0002_formant.wav,fake,attack,none,speed1.1,speed1.1,YES AGREED TAD THAT DOES LOOK LIKE BUSHES,6313,2.795,16000,test,6313-66125-0002_formant_speed1.1
data/attacks/mp3-128k/6313-66125-0002_melvoc.wav,fake,attack,none,mp3-128k,mp3-128k,YES AGREED TAD THAT DOES LOOK LIKE BUSHES,6313,3.072,16000,test,6313-66125-0002_melvoc_mp3-128k
data/attacks/mp3-64k/6313-66125-0002_melvoc.wav,fake,attack,none,mp3-64k,mp3-64k,YES AGREED TAD THAT DOES LOOK LIKE BUSHES,6313,3.072,16000,test,6313-66125-0002_melvoc_mp3-64k
data/attacks/opus-32k/6313-66125-0002_melvoc.wav,fake,attack,none,opus-32k,opus-32k,YES AGREED TAD THAT DOES LOOK LIKE BUSHES,6313,3.072,16000,test,6313-66125-0002_melvoc_opus-32k
data/attacks/g711-8k/6313-66125-0002_melvoc.wav,fake,attack,none,g711-8k,g711-8k,YES AGREED TAD THAT DOES LOOK LIKE BUSHES,6313,3.072,16000,test,6313-66125-0002_melvoc_g711-8k
data/attacks/resample-8k/6313-66125-0002_melvoc.wav,fake,attack,none,resample-8k,8k-roundtrip,YES AGREED TAD THAT DOES LOOK LIKE BUSHES,6313,3.072,16000,test,6313-66125-0002_melvoc_resample-8k
data/attacks/awgn-snr5/6313-66125-0002_melvoc.wav,fake,attack,none,awgn-snr5,snr5,YES AGREED TAD THAT DOES LOOK LIKE BUSHES,6313,3.072,16000,test,6313-66125-0002_melvoc_awgn-snr5
data/attacks/awgn-snr10/6313-66125-0002_melvoc.wav,fake,attack,none,awgn-snr10,snr10,YES AGREED TAD THAT DOES LOOK LIKE BUSHES,6313,3.072,16000,test,6313-66125-0002_melvoc_awgn-snr10
data/attacks/awgn-snr20/6313-66125-0002_melvoc.wav,fake,attack,none,awgn-snr20,snr20,YES AGREED TAD THAT DOES LOOK LIKE BUSHES,6313,3.072,16000,test,6313-66125-0002_melvoc_awgn-snr20
data/attacks/bandpass-300-3400/6313-66125-0002_melvoc.wav,fake,attack,none,bandpass-300-3400,bandpass300-3400,YES AGREED TAD THAT DOES LOOK LIKE BUSHES,6313,3.072,16000,test,6313-66125-0002_melvoc_bandpass-300-3400
data/attacks/reverb-rt60-0.2/6313-66125-0002_melvoc.wav,fake,attack,none,reverb-rt60-0.2,rt60-0.2,YES AGREED TAD THAT DOES LOOK LIKE BUSHES,6313,3.072,16000,test,6313-66125-0002_melvoc_reverb-rt60-0.2
data/attacks/reverb-rt60-0.4/6313-66125-0002_melvoc.wav,fake,attack,none,reverb-rt60-0.4,rt60-0.4,YES AGREED TAD THAT DOES LOOK LIKE BUSHES,6313,3.072,16000,test,6313-66125-0002_melvoc_reverb-rt60-0.4
data/attacks/reverb-rt60-0.8/6313-66125-0002_melvoc.wav,fake,attack,none,reverb-rt60-0.8,rt60-0.8,YES AGREED TAD THAT DOES LOOK LIKE BUSHES,6313,3.072,16000,test,6313-66125-0002_melvoc_reverb-rt60-0.8
data/attacks/speed0.9/6313-66125-0002_melvoc.wav,fake,attack,none,speed0.9,speed0.9,YES AGREED TAD THAT DOES LOOK LIKE BUSHES,6313,3.413,16000,test,6313-66125-0002_melvoc_speed0.9
data/attacks/speed1.1/6313-66125-0002_melvoc.wav,fake,attack,none,speed1.1,speed1.1,YES AGREED TAD THAT DOES LOOK LIKE BUSHES,6313,2.793,16000,test,6313-66125-0002_melvoc_speed1.1
data/attacks/mp3-128k/6313-66125-0002_pitch.wav,fake,attack,none,mp3-128k,mp3-128k,YES AGREED TAD THAT DOES LOOK LIKE BUSHES,6313,3.075,16000,test,6313-66125-0002_pitch_mp3-128k
data/attacks/mp3-64k/6313-66125-0002_pitch.wav,fake,attack,none,mp3-64k,mp3-64k,YES AGREED TAD THAT DOES LOOK LIKE BUSHES,6313,3.075,16000,test,6313-66125-0002_pitch_mp3-64k
data/attacks/opus-32k/6313-66125-0002_pitch.wav,fake,attack,none,opus-32k,opus-32k,YES AGREED TAD THAT DOES LOOK LIKE BUSHES,6313,3.075,16000,test,6313-66125-0002_pitch_opus-32k
data/attacks/g711-8k/6313-66125-0002_pitch.wav,fake,attack,none,g711-8k,g711-8k,YES AGREED TAD THAT DOES LOOK LIKE BUSHES,6313,3.075,16000,test,6313-66125-0002_pitch_g711-8k
data/attacks/resample-8k/6313-66125-0002_pitch.wav,fake,attack,none,resample-8k,8k-roundtrip,YES AGREED TAD THAT DOES LOOK LIKE BUSHES,6313,3.075,16000,test,6313-66125-0002_pitch_resample-8k
data/attacks/awgn-snr5/6313-66125-0002_pitch.wav,fake,attack,none,awgn-snr5,snr5,YES AGREED TAD THAT DOES LOOK LIKE BUSHES,6313,3.075,16000,test,6313-66125-0002_pitch_awgn-snr5
data/attacks/awgn-snr10/6313-66125-0002_pitch.wav,fake,attack,none,awgn-snr10,snr10,YES AGREED TAD THAT DOES LOOK LIKE BUSHES,6313,3.075,16000,test,6313-66125-0002_pitch_awgn-snr10
data/attacks/awgn-snr20/6313-66125-0002_pitch.wav,fake,attack,none,awgn-snr20,snr20,YES AGREED TAD THAT DOES LOOK LIKE BUSHES,6313,3.075,16000,test,6313-66125-0002_pitch_awgn-snr20
data/attacks/bandpass-300-3400/6313-66125-0002_pitch.wav,fake,attack,none,bandpass-300-3400,bandpass300-3400,YES AGREED TAD THAT DOES LOOK LIKE BUSHES,6313,3.075,16000,test,6313-66125-0002_pitch_bandpass-300-3400
data/attacks/reverb-rt60-0.2/6313-66125-0002_pitch.wav,fake,attack,none,reverb-rt60-0.2,rt60-0.2,YES AGREED TAD THAT DOES LOOK LIKE BUSHES,6313,3.075,16000,test,6313-66125-0002_pitch_reverb-rt60-0.2
data/attacks/reverb-rt60-0.4/6313-66125-0002_pitch.wav,fake,attack,none,reverb-rt60-0.4,rt60-0.4,YES AGREED TAD THAT DOES LOOK LIKE BUSHES,6313,3.075,16000,test,6313-66125-0002_pitch_reverb-rt60-0.4
data/attacks/reverb-rt60-0.8/6313-66125-0002_pitch.wav,fake,attack,none,reverb-rt60-0.8,rt60-0.8,YES AGREED TAD THAT DOES LOOK LIKE BUSHES,6313,3.075,16000,test,6313-66125-0002_pitch_reverb-rt60-0.8
data/attacks/speed0.9/6313-66125-0002_pitch.wav,fake,attack,none,speed0.9,speed0.9,YES AGREED TAD THAT DOES LOOK LIKE BUSHES,6313,3.417,16000,test,6313-66125-0002_pitch_speed0.9
data/attacks/speed1.1/6313-66125-0002_pitch.wav,fake,attack,none,speed1.1,speed1.1,YES AGREED TAD THAT DOES LOOK LIKE BUSHES,6313,2.795,16000,test,6313-66125-0002_pitch_speed1.1
data/attacks/mp3-128k/6313-66125-0003_formant.wav,fake,attack,none,mp3-128k,mp3-128k,DON'T MOVE AROUND LIE PERFECTLY STILL WARNED THE GUIDE ARE YOU HURT,6313,4.58,16000,test,6313-66125-0003_formant_mp3-128k
data/attacks/mp3-64k/6313-66125-0003_formant.wav,fake,attack,none,mp3-64k,mp3-64k,DON'T MOVE AROUND LIE PERFECTLY STILL WARNED THE GUIDE ARE YOU HURT,6313,4.58,16000,test,6313-66125-0003_formant_mp3-64k
data/attacks/opus-32k/6313-66125-0003_formant.wav,fake,attack,none,opus-32k,opus-32k,DON'T MOVE AROUND LIE PERFECTLY STILL WARNED THE GUIDE ARE YOU HURT,6313,4.58,16000,test,6313-66125-0003_formant_opus-32k
data/attacks/g711-8k/6313-66125-0003_formant.wav,fake,attack,none,g711-8k,g711-8k,DON'T MOVE AROUND LIE PERFECTLY STILL WARNED THE GUIDE ARE YOU HURT,6313,4.58,16000,test,6313-66125-0003_formant_g711-8k
data/attacks/resample-8k/6313-66125-0003_formant.wav,fake,attack,none,resample-8k,8k-roundtrip,DON'T MOVE AROUND LIE PERFECTLY STILL WARNED THE GUIDE ARE YOU HURT,6313,4.58,16000,test,6313-66125-0003_formant_resample-8k
data/attacks/awgn-snr5/6313-66125-0003_formant.wav,fake,attack,none,awgn-snr5,snr5,DON'T MOVE AROUND LIE PERFECTLY STILL WARNED THE GUIDE ARE YOU HURT,6313,4.58,16000,test,6313-66125-0003_formant_awgn-snr5
data/attacks/awgn-snr10/6313-66125-0003_formant.wav,fake,attack,none,awgn-snr10,snr10,DON'T MOVE AROUND LIE PERFECTLY STILL WARNED THE GUIDE ARE YOU HURT,6313,4.58,16000,test,6313-66125-0003_formant_awgn-snr10
data/attacks/awgn-snr20/6313-66125-0003_formant.wav,fake,attack,none,awgn-snr20,snr20,DON'T MOVE AROUND LIE PERFECTLY STILL WARNED THE GUIDE ARE YOU HURT,6313,4.58,16000,test,6313-66125-0003_formant_awgn-snr20
data/attacks/bandpass-300-3400/6313-66125-0003_formant.wav,fake,attack,none,bandpass-300-3400,bandpass300-3400,DON'T MOVE AROUND LIE PERFECTLY STILL WARNED THE GUIDE ARE YOU HURT,6313,4.58,16000,test,6313-66125-0003_formant_bandpass-300-3400
data/attacks/reverb-rt60-0.2/6313-66125-0003_formant.wav,fake,attack,none,reverb-rt60-0.2,rt60-0.2,DON'T MOVE AROUND LIE PERFECTLY STILL WARNED THE GUIDE ARE YOU HURT,6313,4.58,16000,test,6313-66125-0003_formant_reverb-rt60-0.2
data/attacks/reverb-rt60-0.4/6313-66125-0003_formant.wav,fake,attack,none,reverb-rt60-0.4,rt60-0.4,DON'T MOVE AROUND LIE PERFECTLY STILL WARNED THE GUIDE ARE YOU HURT,6313,4.58,16000,test,6313-66125-0003_formant_reverb-rt60-0.4
data/attacks/reverb-rt60-0.8/6313-66125-0003_formant.wav,fake,attack,none,reverb-rt60-0.8,rt60-0.8,DON'T MOVE AROUND LIE PERFECTLY STILL WARNED THE GUIDE ARE YOU HURT,6313,4.58,16000,test,6313-66125-0003_formant_reverb-rt60-0.8
data/attacks/speed0.9/6313-66125-0003_formant.wav,fake,attack,none,speed0.9,speed0.9,DON'T MOVE AROUND LIE PERFECTLY STILL WARNED THE GUIDE ARE YOU HURT,6313,5.089,16000,test,6313-66125-0003_formant_speed0.9
data/attacks/speed1.1/6313-66125-0003_formant.wav,fake,attack,none,speed1.1,speed1.1,DON'T MOVE AROUND LIE PERFECTLY STILL WARNED THE GUIDE ARE YOU HURT,6313,4.164,16000,test,6313-66125-0003_formant_speed1.1
data/attacks/mp3-128k/6313-66125-0003_melvoc.wav,fake,attack,none,mp3-128k,mp3-128k,DON'T MOVE AROUND LIE PERFECTLY STILL WARNED THE GUIDE ARE YOU HURT,6313,4.576,16000,test,6313-66125-0003_melvoc_mp3-128k
data/attacks/mp3-64k/6313-66125-0003_melvoc.wav,fake,attack,none,mp3-64k,mp3-64k,DON'T MOVE AROUND LIE PERFECTLY STILL WARNED THE GUIDE ARE YOU HURT,6313,4.576,16000,test,6313-66125-0003_melvoc_mp3-64k
data/attacks/opus-32k/6313-66125-0003_melvoc.wav,fake,attack,none,opus-32k,opus-32k,DON'T MOVE AROUND LIE PERFECTLY STILL WARNED THE GUIDE ARE YOU HURT,6313,4.576,16000,test,6313-66125-0003_melvoc_opus-32k
data/attacks/g711-8k/6313-66125-0003_melvoc.wav,fake,attack,none,g711-8k,g711-8k,DON'T MOVE AROUND LIE PERFECTLY STILL WARNED THE GUIDE ARE YOU HURT,6313,4.576,16000,test,6313-66125-0003_melvoc_g711-8k
data/attacks/resample-8k/6313-66125-0003_melvoc.wav,fake,attack,none,resample-8k,8k-roundtrip,DON'T MOVE AROUND LIE PERFECTLY STILL WARNED THE GUIDE ARE YOU HURT,6313,4.576,16000,test,6313-66125-0003_melvoc_resample-8k
data/attacks/awgn-snr5/6313-66125-0003_melvoc.wav,fake,attack,none,awgn-snr5,snr5,DON'T MOVE AROUND LIE PERFECTLY STILL WARNED THE GUIDE ARE YOU HURT,6313,4.576,16000,test,6313-66125-0003_melvoc_awgn-snr5
data/attacks/awgn-snr10/6313-66125-0003_melvoc.wav,fake,attack,none,awgn-snr10,snr10,DON'T MOVE AROUND LIE PERFECTLY STILL WARNED THE GUIDE ARE YOU HURT,6313,4.576,16000,test,6313-66125-0003_melvoc_awgn-snr10
data/attacks/awgn-snr20/6313-66125-0003_melvoc.wav,fake,attack,none,awgn-snr20,snr20,DON'T MOVE AROUND LIE PERFECTLY STILL WARNED THE GUIDE ARE YOU HURT,6313,4.576,16000,test,6313-66125-0003_melvoc_awgn-snr20
data/attacks/bandpass-300-3400/6313-66125-0003_melvoc.wav,fake,attack,none,bandpass-300-3400,bandpass300-3400,DON'T MOVE AROUND LIE PERFECTLY STILL WARNED THE GUIDE ARE YOU HURT,6313,4.576,16000,test,6313-66125-0003_melvoc_bandpass-300-3400
data/attacks/reverb-rt60-0.2/6313-66125-0003_melvoc.wav,fake,attack,none,reverb-rt60-0.2,rt60-0.2,DON'T MOVE AROUND LIE PERFECTLY STILL WARNED THE GUIDE ARE YOU HURT,6313,4.576,16000,test,6313-66125-0003_melvoc_reverb-rt60-0.2
data/attacks/reverb-rt60-0.4/6313-66125-0003_melvoc.wav,fake,attack,none,reverb-rt60-0.4,rt60-0.4,DON'T MOVE AROUND LIE PERFECTLY STILL WARNED THE GUIDE ARE YOU HURT,6313,4.576,16000,test,6313-66125-0003_melvoc_reverb-rt60-0.4
data/attacks/reverb-rt60-0.8/6313-66125-0003_melvoc.wav,fake,attack,none,reverb-rt60-0.8,rt60-0.8,DON'T MOVE AROUND LIE PERFECTLY STILL WARNED THE GUIDE ARE YOU HURT,6313,4.576,16000,test,6313-66125-0003_melvoc_reverb-rt60-0.8
data/attacks/speed0.9/6313-66125-0003_melvoc.wav,fake,attack,none,speed0.9,speed0.9,DON'T MOVE AROUND LIE PERFECTLY STILL WARNED THE GUIDE ARE YOU HURT,6313,5.084,16000,test,6313-66125-0003_melvoc_speed0.9
data/attacks/speed1.1/6313-66125-0003_melvoc.wav,fake,attack,none,speed1.1,speed1.1,DON'T MOVE AROUND LIE PERFECTLY STILL WARNED THE GUIDE ARE YOU HURT,6313,4.16,16000,test,6313-66125-0003_melvoc_speed1.1
data/attacks/mp3-128k/6313-66125-0003_pitch.wav,fake,attack,none,mp3-128k,mp3-128k,DON'T MOVE AROUND LIE PERFECTLY STILL WARNED THE GUIDE ARE YOU HURT,6313,4.58,16000,test,6313-66125-0003_pitch_mp3-128k
data/attacks/mp3-64k/6313-66125-0003_pitch.wav,fake,attack,none,mp3-64k,mp3-64k,DON'T MOVE AROUND LIE PERFECTLY STILL WARNED THE GUIDE ARE YOU HURT,6313,4.58,16000,test,6313-66125-0003_pitch_mp3-64k
data/attacks/opus-32k/6313-66125-0003_pitch.wav,fake,attack,none,opus-32k,opus-32k,DON'T MOVE AROUND LIE PERFECTLY STILL WARNED THE GUIDE ARE YOU HURT,6313,4.58,16000,test,6313-66125-0003_pitch_opus-32k
data/attacks/g711-8k/6313-66125-0003_pitch.wav,fake,attack,none,g711-8k,g711-8k,DON'T MOVE AROUND LIE PERFECTLY STILL WARNED THE GUIDE ARE YOU HURT,6313,4.58,16000,test,6313-66125-0003_pitch_g711-8k
data/attacks/resample-8k/6313-66125-0003_pitch.wav,fake,attack,none,resample-8k,8k-roundtrip,DON'T MOVE AROUND LIE PERFECTLY STILL WARNED THE GUIDE ARE YOU HURT,6313,4.58,16000,test,6313-66125-0003_pitch_resample-8k
data/attacks/awgn-snr5/6313-66125-0003_pitch.wav,fake,attack,none,awgn-snr5,snr5,DON'T MOVE AROUND LIE PERFECTLY STILL WARNED THE GUIDE ARE YOU HURT,6313,4.58,16000,test,6313-66125-0003_pitch_awgn-snr5
data/attacks/awgn-snr10/6313-66125-0003_pitch.wav,fake,attack,none,awgn-snr10,snr10,DON'T MOVE AROUND LIE PERFECTLY STILL WARNED THE GUIDE ARE YOU HURT,6313,4.58,16000,test,6313-66125-0003_pitch_awgn-snr10
data/attacks/awgn-snr20/6313-66125-0003_pitch.wav,fake,attack,none,awgn-snr20,snr20,DON'T MOVE AROUND LIE PERFECTLY STILL WARNED THE GUIDE ARE YOU HURT,6313,4.58,16000,test,6313-66125-0003_pitch_awgn-snr20
data/attacks/bandpass-300-3400/6313-66125-0003_pitch.wav,fake,attack,none,bandpass-300-3400,bandpass300-3400,DON'T MOVE AROUND LIE PERFECTLY STILL WARNED THE GUIDE ARE YOU HURT,6313,4.58,16000,test,6313-66125-0003_pitch_bandpass-300-3400
data/attacks/reverb-rt60-0.2/6313-66125-0003_pitch.wav,fake,attack,none,reverb-rt60-0.2,rt60-0.2,DON'T MOVE AROUND LIE PERFECTLY STILL WARNED THE GUIDE ARE YOU HURT,6313,4.58,16000,test,6313-66125-0003_pitch_reverb-rt60-0.2
data/attacks/reverb-rt60-0.4/6313-66125-0003_pitch.wav,fake,attack,none,reverb-rt60-0.4,rt60-0.4,DON'T MOVE AROUND LIE PERFECTLY STILL WARNED THE GUIDE ARE YOU HURT,6313,4.58,16000,test,6313-66125-0003_pitch_reverb-rt60-0.4
data/attacks/reverb-rt60-0.8/6313-66125-0003_pitch.wav,fake,attack,none,reverb-rt60-0.8,rt60-0.8,DON'T MOVE AROUND LIE PERFECTLY STILL WARNED THE GUIDE ARE YOU HURT,6313,4.58,16000,test,6313-66125-0003_pitch_reverb-rt60-0.8
data/attacks/speed0.9/6313-66125-0003_pitch.wav,fake,attack,none,speed0.9,speed0.9,DON'T MOVE AROUND LIE PERFECTLY STILL WARNED THE GUIDE ARE YOU HURT,6313,5.089,16000,test,6313-66125-0003_pitch_speed0.9
data/attacks/speed1.1/6313-66125-0003_pitch.wav,fake,attack,none,speed1.1,speed1.1,DON'T MOVE AROUND LIE PERFECTLY STILL WARNED THE GUIDE ARE YOU HURT,6313,4.164,16000,test,6313-66125-0003_pitch_speed1.1
data/attacks/mp3-128k/6313-66125-0004_formant.wav,fake,attack,none,mp3-128k,mp3-128k,AND THAT TUMBLE'S ENOUGH TO KNOCK THE SENSE OUT OF A FULL GROWN MAN,6313,3.26,16000,test,6313-66125-0004_formant_mp3-128k
data/attacks/mp3-64k/6313-66125-0004_formant.wav,fake,attack,none,mp3-64k,mp3-64k,AND THAT TUMBLE'S ENOUGH TO KNOCK THE SENSE OUT OF A FULL GROWN MAN,6313,3.26,16000,test,6313-66125-0004_formant_mp3-64k
data/attacks/opus-32k/6313-66125-0004_formant.wav,fake,attack,none,opus-32k,opus-32k,AND THAT TUMBLE'S ENOUGH TO KNOCK THE SENSE OUT OF A FULL GROWN MAN,6313,3.26,16000,test,6313-66125-0004_formant_opus-32k
data/attacks/g711-8k/6313-66125-0004_formant.wav,fake,attack,none,g711-8k,g711-8k,AND THAT TUMBLE'S ENOUGH TO KNOCK THE SENSE OUT OF A FULL GROWN MAN,6313,3.26,16000,test,6313-66125-0004_formant_g711-8k
data/attacks/resample-8k/6313-66125-0004_formant.wav,fake,attack,none,resample-8k,8k-roundtrip,AND THAT TUMBLE'S ENOUGH TO KNOCK THE SENSE OUT OF A FULL GROWN MAN,6313,3.26,16000,test,6313-66125-0004_formant_resample-8k
data/attacks/awgn-snr5/6313-66125-0004_formant.wav,fake,attack,none,awgn-snr5,snr5,AND THAT TUMBLE'S ENOUGH TO KNOCK THE SENSE OUT OF A FULL GROWN MAN,6313,3.26,16000,test,6313-66125-0004_formant_awgn-snr5
data/attacks/awgn-snr10/6313-66125-0004_formant.wav,fake,attack,none,awgn-snr10,snr10,AND THAT TUMBLE'S ENOUGH TO KNOCK THE SENSE OUT OF A FULL GROWN MAN,6313,3.26,16000,test,6313-66125-0004_formant_awgn-snr10
data/attacks/awgn-snr20/6313-66125-0004_formant.wav,fake,attack,none,awgn-snr20,snr20,AND THAT TUMBLE'S ENOUGH TO KNOCK THE SENSE OUT OF A FULL GROWN MAN,6313,3.26,16000,test,6313-66125-0004_formant_awgn-snr20
data/attacks/bandpass-300-3400/6313-66125-0004_formant.wav,fake,attack,none,bandpass-300-3400,bandpass300-3400,AND THAT TUMBLE'S ENOUGH TO KNOCK THE SENSE OUT OF A FULL GROWN MAN,6313,3.26,16000,test,6313-66125-0004_formant_bandpass-300-3400
data/attacks/reverb-rt60-0.2/6313-66125-0004_formant.wav,fake,attack,none,reverb-rt60-0.2,rt60-0.2,AND THAT TUMBLE'S ENOUGH TO KNOCK THE SENSE OUT OF A FULL GROWN MAN,6313,3.26,16000,test,6313-66125-0004_formant_reverb-rt60-0.2
data/attacks/reverb-rt60-0.4/6313-66125-0004_formant.wav,fake,attack,none,reverb-rt60-0.4,rt60-0.4,AND THAT TUMBLE'S ENOUGH TO KNOCK THE SENSE OUT OF A FULL GROWN MAN,6313,3.26,16000,test,6313-66125-0004_formant_reverb-rt60-0.4
data/attacks/reverb-rt60-0.8/6313-66125-0004_formant.wav,fake,attack,none,reverb-rt60-0.8,rt60-0.8,AND THAT TUMBLE'S ENOUGH TO KNOCK THE SENSE OUT OF A FULL GROWN MAN,6313,3.26,16000,test,6313-66125-0004_formant_reverb-rt60-0.8
data/attacks/speed0.9/6313-66125-0004_formant.wav,fake,attack,none,speed0.9,speed0.9,AND THAT TUMBLE'S ENOUGH TO KNOCK THE SENSE OUT OF A FULL GROWN MAN,6313,3.622,16000,test,6313-66125-0004_formant_speed0.9
data/attacks/speed1.1/6313-66125-0004_formant.wav,fake,attack,none,speed1.1,speed1.1,AND THAT TUMBLE'S ENOUGH TO KNOCK THE SENSE OUT OF A FULL GROWN MAN,6313,2.964,16000,test,6313-66125-0004_formant_speed1.1
data/attacks/mp3-128k/6313-66125-0004_melvoc.wav,fake,attack,none,mp3-128k,mp3-128k,AND THAT TUMBLE'S ENOUGH TO KNOCK THE SENSE OUT OF A FULL GROWN MAN,6313,3.256,16000,test,6313-66125-0004_melvoc_mp3-128k
data/attacks/mp3-64k/6313-66125-0004_melvoc.wav,fake,attack,none,mp3-64k,mp3-64k,AND THAT TUMBLE'S ENOUGH TO KNOCK THE SENSE OUT OF A FULL GROWN MAN,6313,3.256,16000,test,6313-66125-0004_melvoc_mp3-64k
data/attacks/opus-32k/6313-66125-0004_melvoc.wav,fake,attack,none,opus-32k,opus-32k,AND THAT TUMBLE'S ENOUGH TO KNOCK THE SENSE OUT OF A FULL GROWN MAN,6313,3.256,16000,test,6313-66125-0004_melvoc_opus-32k
data/attacks/g711-8k/6313-66125-0004_melvoc.wav,fake,attack,none,g711-8k,g711-8k,AND THAT TUMBLE'S ENOUGH TO KNOCK THE SENSE OUT OF A FULL GROWN MAN,6313,3.256,16000,test,6313-66125-0004_melvoc_g711-8k
data/attacks/resample-8k/6313-66125-0004_melvoc.wav,fake,attack,none,resample-8k,8k-roundtrip,AND THAT TUMBLE'S ENOUGH TO KNOCK THE SENSE OUT OF A FULL GROWN MAN,6313,3.256,16000,test,6313-66125-0004_melvoc_resample-8k
data/attacks/awgn-snr5/6313-66125-0004_melvoc.wav,fake,attack,none,awgn-snr5,snr5,AND THAT TUMBLE'S ENOUGH TO KNOCK THE SENSE OUT OF A FULL GROWN MAN,6313,3.256,16000,test,6313-66125-0004_melvoc_awgn-snr5
data/attacks/awgn-snr10/6313-66125-0004_melvoc.wav,fake,attack,none,awgn-snr10,snr10,AND THAT TUMBLE'S ENOUGH TO KNOCK THE SENSE OUT OF A FULL GROWN MAN,6313,3.256,16000,test,6313-66125-0004_melvoc_awgn-snr10
data/attacks/awgn-snr20/6313-66125-0004_melvoc.wav,fake,attack,none,awgn-snr20,snr20,AND THAT TUMBLE'S ENOUGH TO KNOCK THE SENSE OUT OF A FULL GROWN MAN,6313,3.256,16000,test,6313-66125-0004_melvoc_awgn-snr20
data/attacks/bandpass-300-3400/6313-66125-0004_melvoc.wav,fake,attack,none,bandpass-300-3400,bandpass300-3400,AND THAT TUMBLE'S ENOUGH TO KNOCK THE SENSE OUT OF A FULL GROWN MAN,6313,3.256,16000,test,6313-66125-0004_melvoc_bandpass-300-3400
data/attacks/reverb-rt60-0.2/6313-66125-0004_melvoc.wav,fake,attack,none,reverb-rt60-0.2,rt60-0.2,AND THAT TUMBLE'S ENOUGH TO KNOCK THE SENSE OUT OF A FULL GROWN MAN,6313,3.256,16000,test,6313-66125-0004_melvoc_reverb-rt60-0.2
data/attacks/reverb-rt60-0.4/6313-66125-0004_melvoc.wav,fake,attack,none,reverb-rt60-0.4,rt60-0.4,AND THAT TUMBLE'S ENOUGH TO KNOCK THE SENSE OUT OF A FULL GROWN MAN,6313,3.256,16000,test,6313-66125-0004_melvoc_reverb-rt60-0.4
data/attacks/reverb-rt60-0.8/6313-66125-0004_melvoc.wav,fake,attack,none,reverb-rt60-0.8,rt60-0.8,AND THAT TUMBLE'S ENOUGH TO KNOCK THE SENSE OUT OF A FULL GROWN MAN,6313,3.256,16000,test,6313-66125-0004_melvoc_reverb-rt60-0.8
data/attacks/speed0.9/6313-66125-0004_melvoc.wav,fake,attack,none,speed0.9,speed0.9,AND THAT TUMBLE'S ENOUGH TO KNOCK THE SENSE OUT OF A FULL GROWN MAN,6313,3.618,16000,test,6313-66125-0004_melvoc_speed0.9
data/attacks/speed1.1/6313-66125-0004_melvoc.wav,fake,attack,none,speed1.1,speed1.1,AND THAT TUMBLE'S ENOUGH TO KNOCK THE SENSE OUT OF A FULL GROWN MAN,6313,2.96,16000,test,6313-66125-0004_melvoc_speed1.1
data/attacks/mp3-128k/6313-66125-0004_pitch.wav,fake,attack,none,mp3-128k,mp3-128k,AND THAT TUMBLE'S ENOUGH TO KNOCK THE SENSE OUT OF A FULL GROWN MAN,6313,3.26,16000,test,6313-66125-0004_pitch_mp3-128k
data/attacks/mp3-64k/6313-66125-0004_pitch.wav,fake,attack,none,mp3-64k,mp3-64k,AND THAT TUMBLE'S ENOUGH TO KNOCK THE SENSE OUT OF A FULL GROWN MAN,6313,3.26,16000,test,6313-66125-0004_pitch_mp3-64k
data/attacks/opus-32k/6313-66125-0004_pitch.wav,fake,attack,none,opus-32k,opus-32k,AND THAT TUMBLE'S ENOUGH TO KNOCK THE SENSE OUT OF A FULL GROWN MAN,6313,3.26,16000,test,6313-66125-0004_pitch_opus-32k
data/attacks/g711-8k/6313-66125-0004_pitch.wav,fake,attack,none,g711-8k,g711-8k,AND THAT TUMBLE'S ENOUGH TO KNOCK THE SENSE OUT OF A FULL GROWN MAN,6313,3.26,16000,test,6313-66125-0004_pitch_g711-8k
data/attacks/resample-8k/6313-66125-0004_pitch.wav,fake,attack,none,resample-8k,8k-roundtrip,AND THAT TUMBLE'S ENOUGH TO KNOCK THE SENSE OUT OF A FULL GROWN MAN,6313,3.26,16000,test,6313-66125-0004_pitch_resample-8k
data/attacks/awgn-snr5/6313-66125-0004_pitch.wav,fake,attack,none,awgn-snr5,snr5,AND THAT TUMBLE'S ENOUGH TO KNOCK THE SENSE OUT OF A FULL GROWN MAN,6313,3.26,16000,test,6313-66125-0004_pitch_awgn-snr5
data/attacks/awgn-snr10/6313-66125-0004_pitch.wav,fake,attack,none,awgn-snr10,snr10,AND THAT TUMBLE'S ENOUGH TO KNOCK THE SENSE OUT OF A FULL GROWN MAN,6313,3.26,16000,test,6313-66125-0004_pitch_awgn-snr10
data/attacks/awgn-snr20/6313-66125-0004_pitch.wav,fake,attack,none,awgn-snr20,snr20,AND THAT TUMBLE'S ENOUGH TO KNOCK THE SENSE OUT OF A FULL GROWN MAN,6313,3.26,16000,test,6313-66125-0004_pitch_awgn-snr20
data/attacks/bandpass-300-3400/6313-66125-0004_pitch.wav,fake,attack,none,bandpass-300-3400,bandpass300-3400,AND THAT TUMBLE'S ENOUGH TO KNOCK THE SENSE OUT OF A FULL GROWN MAN,6313,3.26,16000,test,6313-66125-0004_pitch_bandpass-300-3400
data/attacks/reverb-rt60-0.2/6313-66125-0004_pitch.wav,fake,attack,none,reverb-rt60-0.2,rt60-0.2,AND THAT TUMBLE'S ENOUGH TO KNOCK THE SENSE OUT OF A FULL GROWN MAN,6313,3.26,16000,test,6313-66125-0004_pitch_reverb-rt60-0.2
data/attacks/reverb-rt60-0.4/6313-66125-0004_pitch.wav,fake,attack,none,reverb-rt60-0.4,rt60-0.4,AND THAT TUMBLE'S ENOUGH TO KNOCK THE SENSE OUT OF A FULL GROWN MAN,6313,3.26,16000,test,6313-66125-0004_pitch_reverb-rt60-0.4
data/attacks/reverb-rt60-0.8/6313-66125-0004_pitch.wav,fake,attack,none,reverb-rt60-0.8,rt60-0.8,AND THAT TUMBLE'S ENOUGH TO KNOCK THE SENSE OUT OF A FULL GROWN MAN,6313,3.26,16000,test,6313-66125-0004_pitch_reverb-rt60-0.8
data/attacks/speed0.9/6313-66125-0004_pitch.wav,fake,attack,none,speed0.9,speed0.9,AND THAT TUMBLE'S ENOUGH TO KNOCK THE SENSE OUT OF A FULL GROWN MAN,6313,3.622,16000,test,6313-66125-0004_pitch_speed0.9
data/attacks/speed1.1/6313-66125-0004_pitch.wav,fake,attack,none,speed1.1,speed1.1,AND THAT TUMBLE'S ENOUGH TO KNOCK THE SENSE OUT OF A FULL GROWN MAN,6313,2.964,16000,test,6313-66125-0004_pitch_speed1.1
data/attacks/mp3-128k/6313-66125-0005_formant.wav,fake,attack,none,mp3-128k,mp3-128k,I COULD NOT THINK OF ALLOWING ANY OF MY CHARGES TO TAKE SO TERRIBLE A RISK AND,6313,4.64,16000,test,6313-66125-0005_formant_mp3-128k
data/attacks/mp3-64k/6313-66125-0005_formant.wav,fake,attack,none,mp3-64k,mp3-64k,I COULD NOT THINK OF ALLOWING ANY OF MY CHARGES TO TAKE SO TERRIBLE A RISK AND,6313,4.64,16000,test,6313-66125-0005_formant_mp3-64k
data/attacks/opus-32k/6313-66125-0005_formant.wav,fake,attack,none,opus-32k,opus-32k,I COULD NOT THINK OF ALLOWING ANY OF MY CHARGES TO TAKE SO TERRIBLE A RISK AND,6313,4.64,16000,test,6313-66125-0005_formant_opus-32k
data/attacks/g711-8k/6313-66125-0005_formant.wav,fake,attack,none,g711-8k,g711-8k,I COULD NOT THINK OF ALLOWING ANY OF MY CHARGES TO TAKE SO TERRIBLE A RISK AND,6313,4.64,16000,test,6313-66125-0005_formant_g711-8k
data/attacks/resample-8k/6313-66125-0005_formant.wav,fake,attack,none,resample-8k,8k-roundtrip,I COULD NOT THINK OF ALLOWING ANY OF MY CHARGES TO TAKE SO TERRIBLE A RISK AND,6313,4.64,16000,test,6313-66125-0005_formant_resample-8k
data/attacks/awgn-snr5/6313-66125-0005_formant.wav,fake,attack,none,awgn-snr5,snr5,I COULD NOT THINK OF ALLOWING ANY OF MY CHARGES TO TAKE SO TERRIBLE A RISK AND,6313,4.64,16000,test,6313-66125-0005_formant_awgn-snr5
data/attacks/awgn-snr10/6313-66125-0005_formant.wav,fake,attack,none,awgn-snr10,snr10,I COULD NOT THINK OF ALLOWING ANY OF MY CHARGES TO TAKE SO TERRIBLE A RISK AND,6313,4.64,16000,test,6313-66125-0005_formant_awgn-snr10
data/attacks/awgn-snr20/6313-66125-0005_formant.wav,fake,attack,none,awgn-snr20,snr20,I COULD NOT THINK OF ALLOWING ANY OF MY CHARGES TO TAKE SO TERRIBLE A RISK AND,6313,4.64,16000,test,6313-66125-0005_formant_awgn-snr20
data/attacks/bandpass-300-3400/6313-66125-0005_formant.wav,fake,attack,none,bandpass-300-3400,bandpass300-3400,I COULD NOT THINK OF ALLOWING ANY OF MY CHARGES TO TAKE SO TERRIBLE A RISK AND,6313,4.64,16000,test,6313-66125-0005_formant_bandpass-300-3400
data/attacks/reverb-rt60-0.2/6313-66125-0005_formant.wav,fake,attack,none,reverb-rt60-0.2,rt60-0.2,I COULD NOT THINK OF ALLOWING ANY OF MY CHARGES TO TAKE SO TERRIBLE A RISK AND,6313,4.64,16000,test,6313-66125-0005_formant_reverb-rt60-0.2
data/attacks/reverb-rt60-0.4/6313-66125-0005_formant.wav,fake,attack,none,reverb-rt60-0.4,rt60-0.4,I COULD NOT THINK OF ALLOWING ANY OF MY CHARGES TO TAKE SO TERRIBLE A RISK AND,6313,4.64,16000,test,6313-66125-0005_formant_reverb-rt60-0.4
data/attacks/reverb-rt60-0.8/6313-66125-0005_formant.wav,fake,attack,none,reverb-rt60-0.8,rt60-0.8,I COULD NOT THINK OF ALLOWING ANY OF MY CHARGES TO TAKE SO TERRIBLE A RISK AND,6313,4.64,16000,test,6313-66125-0005_formant_reverb-rt60-0.8
data/attacks/speed0.9/6313-66125-0005_formant.wav,fake,attack,none,speed0.9,speed0.9,I COULD NOT THINK OF ALLOWING ANY OF MY CHARGES TO TAKE SO TERRIBLE A RISK AND,6313,5.156,16000,test,6313-66125-0005_formant_speed0.9
data/attacks/speed1.1/6313-66125-0005_formant.wav,fake,attack,none,speed1.1,speed1.1,I COULD NOT THINK OF ALLOWING ANY OF MY CHARGES TO TAKE SO TERRIBLE A RISK AND,6313,4.218,16000,test,6313-66125-0005_formant_speed1.1
data/attacks/mp3-128k/6313-66125-0005_melvoc.wav,fake,attack,none,mp3-128k,mp3-128k,I COULD NOT THINK OF ALLOWING ANY OF MY CHARGES TO TAKE SO TERRIBLE A RISK AND,6313,4.64,16000,test,6313-66125-0005_melvoc_mp3-128k
data/attacks/mp3-64k/6313-66125-0005_melvoc.wav,fake,attack,none,mp3-64k,mp3-64k,I COULD NOT THINK OF ALLOWING ANY OF MY CHARGES TO TAKE SO TERRIBLE A RISK AND,6313,4.64,16000,test,6313-66125-0005_melvoc_mp3-64k
data/attacks/opus-32k/6313-66125-0005_melvoc.wav,fake,attack,none,opus-32k,opus-32k,I COULD NOT THINK OF ALLOWING ANY OF MY CHARGES TO TAKE SO TERRIBLE A RISK AND,6313,4.64,16000,test,6313-66125-0005_melvoc_opus-32k
data/attacks/g711-8k/6313-66125-0005_melvoc.wav,fake,attack,none,g711-8k,g711-8k,I COULD NOT THINK OF ALLOWING ANY OF MY CHARGES TO TAKE SO TERRIBLE A RISK AND,6313,4.64,16000,test,6313-66125-0005_melvoc_g711-8k
data/attacks/resample-8k/6313-66125-0005_melvoc.wav,fake,attack,none,resample-8k,8k-roundtrip,I COULD NOT THINK OF ALLOWING ANY OF MY CHARGES TO TAKE SO TERRIBLE A RISK AND,6313,4.64,16000,test,6313-66125-0005_melvoc_resample-8k
data/attacks/awgn-snr5/6313-66125-0005_melvoc.wav,fake,attack,none,awgn-snr5,snr5,I COULD NOT THINK OF ALLOWING ANY OF MY CHARGES TO TAKE SO TERRIBLE A RISK AND,6313,4.64,16000,test,6313-66125-0005_melvoc_awgn-snr5
data/attacks/awgn-snr10/6313-66125-0005_melvoc.wav,fake,attack,none,awgn-snr10,snr10,I COULD NOT THINK OF ALLOWING ANY OF MY CHARGES TO TAKE SO TERRIBLE A RISK AND,6313,4.64,16000,test,6313-66125-0005_melvoc_awgn-snr10
data/attacks/awgn-snr20/6313-66125-0005_melvoc.wav,fake,attack,none,awgn-snr20,snr20,I COULD NOT THINK OF ALLOWING ANY OF MY CHARGES TO TAKE SO TERRIBLE A RISK AND,6313,4.64,16000,test,6313-66125-0005_melvoc_awgn-snr20
data/attacks/bandpass-300-3400/6313-66125-0005_melvoc.wav,fake,attack,none,bandpass-300-3400,bandpass300-3400,I COULD NOT THINK OF ALLOWING ANY OF MY CHARGES TO TAKE SO TERRIBLE A RISK AND,6313,4.64,16000,test,6313-66125-0005_melvoc_bandpass-300-3400
data/attacks/reverb-rt60-0.2/6313-66125-0005_melvoc.wav,fake,attack,none,reverb-rt60-0.2,rt60-0.2,I COULD NOT THINK OF ALLOWING ANY OF MY CHARGES TO TAKE SO TERRIBLE A RISK AND,6313,4.64,16000,test,6313-66125-0005_melvoc_reverb-rt60-0.2
data/attacks/reverb-rt60-0.4/6313-66125-0005_melvoc.wav,fake,attack,none,reverb-rt60-0.4,rt60-0.4,I COULD NOT THINK OF ALLOWING ANY OF MY CHARGES TO TAKE SO TERRIBLE A RISK AND,6313,4.64,16000,test,6313-66125-0005_melvoc_reverb-rt60-0.4
data/attacks/reverb-rt60-0.8/6313-66125-0005_melvoc.wav,fake,attack,none,reverb-rt60-0.8,rt60-0.8,I COULD NOT THINK OF ALLOWING ANY OF MY CHARGES TO TAKE SO TERRIBLE A RISK AND,6313,4.64,16000,test,6313-66125-0005_melvoc_reverb-rt60-0.8
data/attacks/speed0.9/6313-66125-0005_melvoc.wav,fake,attack,none,speed0.9,speed0.9,I COULD NOT THINK OF ALLOWING ANY OF MY CHARGES TO TAKE SO TERRIBLE A RISK AND,6313,5.156,16000,test,6313-66125-0005_melvoc_speed0.9
data/attacks/speed1.1/6313-66125-0005_melvoc.wav,fake,attack,none,speed1.1,speed1.1,I COULD NOT THINK OF ALLOWING ANY OF MY CHARGES TO TAKE SO TERRIBLE A RISK AND,6313,4.218,16000,test,6313-66125-0005_melvoc_speed1.1
data/attacks/mp3-128k/6313-66125-0005_pitch.wav,fake,attack,none,mp3-128k,mp3-128k,I COULD NOT THINK OF ALLOWING ANY OF MY CHARGES TO TAKE SO TERRIBLE A RISK AND,6313,4.64,16000,test,6313-66125-0005_pitch_mp3-128k
data/attacks/mp3-64k/6313-66125-0005_pitch.wav,fake,attack,none,mp3-64k,mp3-64k,I COULD NOT THINK OF ALLOWING ANY OF MY CHARGES TO TAKE SO TERRIBLE A RISK AND,6313,4.64,16000,test,6313-66125-0005_pitch_mp3-64k
data/attacks/opus-32k/6313-66125-0005_pitch.wav,fake,attack,none,opus-32k,opus-32k,I COULD NOT THINK OF ALLOWING ANY OF MY CHARGES TO TAKE SO TERRIBLE A RISK AND,6313,4.64,16000,test,6313-66125-0005_pitch_opus-32k
data/attacks/g711-8k/6313-66125-0005_pitch.wav,fake,attack,none,g711-8k,g711-8k,I COULD NOT THINK OF ALLOWING ANY OF MY CHARGES TO TAKE SO TERRIBLE A RISK AND,6313,4.64,16000,test,6313-66125-0005_pitch_g711-8k
data/attacks/resample-8k/6313-66125-0005_pitch.wav,fake,attack,none,resample-8k,8k-roundtrip,I COULD NOT THINK OF ALLOWING ANY OF MY CHARGES TO TAKE SO TERRIBLE A RISK AND,6313,4.64,16000,test,6313-66125-0005_pitch_resample-8k
data/attacks/awgn-snr5/6313-66125-0005_pitch.wav,fake,attack,none,awgn-snr5,snr5,I COULD NOT THINK OF ALLOWING ANY OF MY CHARGES TO TAKE SO TERRIBLE A RISK AND,6313,4.64,16000,test,6313-66125-0005_pitch_awgn-snr5
data/attacks/awgn-snr10/6313-66125-0005_pitch.wav,fake,attack,none,awgn-snr10,snr10,I COULD NOT THINK OF ALLOWING ANY OF MY CHARGES TO TAKE SO TERRIBLE A RISK AND,6313,4.64,16000,test,6313-66125-0005_pitch_awgn-snr10
data/attacks/awgn-snr20/6313-66125-0005_pitch.wav,fake,attack,none,awgn-snr20,snr20,I COULD NOT THINK OF ALLOWING ANY OF MY CHARGES TO TAKE SO TERRIBLE A RISK AND,6313,4.64,16000,test,6313-66125-0005_pitch_awgn-snr20
data/attacks/bandpass-300-3400/6313-66125-0005_pitch.wav,fake,attack,none,bandpass-300-3400,bandpass300-3400,I COULD NOT THINK OF ALLOWING ANY OF MY CHARGES TO TAKE SO TERRIBLE A RISK AND,6313,4.64,16000,test,6313-66125-0005_pitch_bandpass-300-3400
data/attacks/reverb-rt60-0.2/6313-66125-0005_pitch.wav,fake,attack,none,reverb-rt60-0.2,rt60-0.2,I COULD NOT THINK OF ALLOWING ANY OF MY CHARGES TO TAKE SO TERRIBLE A RISK AND,6313,4.64,16000,test,6313-66125-0005_pitch_reverb-rt60-0.2
data/attacks/reverb-rt60-0.4/6313-66125-0005_pitch.wav,fake,attack,none,reverb-rt60-0.4,rt60-0.4,I COULD NOT THINK OF ALLOWING ANY OF MY CHARGES TO TAKE SO TERRIBLE A RISK AND,6313,4.64,16000,test,6313-66125-0005_pitch_reverb-rt60-0.4
data/attacks/reverb-rt60-0.8/6313-66125-0005_pitch.wav,fake,attack,none,reverb-rt60-0.8,rt60-0.8,I COULD NOT THINK OF ALLOWING ANY OF MY CHARGES TO TAKE SO TERRIBLE A RISK AND,6313,4.64,16000,test,6313-66125-0005_pitch_reverb-rt60-0.8
data/attacks/speed0.9/6313-66125-0005_pitch.wav,fake,attack,none,speed0.9,speed0.9,I COULD NOT THINK OF ALLOWING ANY OF MY CHARGES TO TAKE SO TERRIBLE A RISK AND,6313,5.156,16000,test,6313-66125-0005_pitch_speed0.9
data/attacks/speed1.1/6313-66125-0005_pitch.wav,fake,attack,none,speed1.1,speed1.1,I COULD NOT THINK OF ALLOWING ANY OF MY CHARGES TO TAKE SO TERRIBLE A RISK AND,6313,4.218,16000,test,6313-66125-0005_pitch_speed1.1
data/attacks/mp3-128k/6313-66125-0006_formant.wav,fake,attack,none,mp3-128k,mp3-128k,NO I AM THE LIGHTER OF THE TWO URGED TAD,6313,3.005,16000,test,6313-66125-0006_formant_mp3-128k
data/attacks/mp3-64k/6313-66125-0006_formant.wav,fake,attack,none,mp3-64k,mp3-64k,NO I AM THE LIGHTER OF THE TWO URGED TAD,6313,3.005,16000,test,6313-66125-0006_formant_mp3-64k
data/attacks/opus-32k/6313-66125-0006_formant.wav,fake,attack,none,opus-32k,opus-32k,NO I AM THE LIGHTER OF THE TWO URGED TAD,6313,3.005,16000,test,6313-66125-0006_formant_opus-32k
data/attacks/g711-8k/6313-66125-0006_formant.wav,fake,attack,none,g711-8k,g711-8k,NO I AM THE LIGHTER OF THE TWO URGED TAD,6313,3.005,16000,test,6313-66125-0006_formant_g711-8k
data/attacks/resample-8k/6313-66125-0006_formant.wav,fake,attack,none,resample-8k,8k-roundtrip,NO I AM THE LIGHTER OF THE TWO URGED TAD,6313,3.005,16000,test,6313-66125-0006_formant_resample-8k
data/attacks/awgn-snr5/6313-66125-0006_formant.wav,fake,attack,none,awgn-snr5,snr5,NO I AM THE LIGHTER OF THE TWO URGED TAD,6313,3.005,16000,test,6313-66125-0006_formant_awgn-snr5
data/attacks/awgn-snr10/6313-66125-0006_formant.wav,fake,attack,none,awgn-snr10,snr10,NO I AM THE LIGHTER OF THE TWO URGED TAD,6313,3.005,16000,test,6313-66125-0006_formant_awgn-snr10
data/attacks/awgn-snr20/6313-66125-0006_formant.wav,fake,attack,none,awgn-snr20,snr20,NO I AM THE LIGHTER OF THE TWO URGED TAD,6313,3.005,16000,test,6313-66125-0006_formant_awgn-snr20
data/attacks/bandpass-300-3400/6313-66125-0006_formant.wav,fake,attack,none,bandpass-300-3400,bandpass300-3400,NO I AM THE LIGHTER OF THE TWO URGED TAD,6313,3.005,16000,test,6313-66125-0006_formant_bandpass-300-3400
data/attacks/reverb-rt60-0.2/6313-66125-0006_formant.wav,fake,attack,none,reverb-rt60-0.2,rt60-0.2,NO I AM THE LIGHTER OF THE TWO URGED TAD,6313,3.005,16000,test,6313-66125-0006_formant_reverb-rt60-0.2
data/attacks/reverb-rt60-0.4/6313-66125-0006_formant.wav,fake,attack,none,reverb-rt60-0.4,rt60-0.4,NO I AM THE LIGHTER OF THE TWO URGED TAD,6313,3.005,16000,test,6313-66125-0006_formant_reverb-rt60-0.4
data/attacks/reverb-rt60-0.8/6313-66125-0006_formant.wav,fake,attack,none,reverb-rt60-0.8,rt60-0.8,NO I AM THE LIGHTER OF THE TWO URGED TAD,6313,3.005,16000,test,6313-66125-0006_formant_reverb-rt60-0.8
data/attacks/speed0.9/6313-66125-0006_formant.wav,fake,attack,none,speed0.9,speed0.9,NO I AM THE LIGHTER OF THE TWO URGED TAD,6313,3.339,16000,test,6313-66125-0006_formant_speed0.9
data/attacks/speed1.1/6313-66125-0006_formant.wav,fake,attack,none,speed1.1,speed1.1,NO I AM THE LIGHTER OF THE TWO URGED TAD,6313,2.732,16000,test,6313-66125-0006_formant_speed1.1
data/attacks/mp3-128k/6313-66125-0006_melvoc.wav,fake,attack,none,mp3-128k,mp3-128k,NO I AM THE LIGHTER OF THE TWO URGED TAD,6313,3.0,16000,test,6313-66125-0006_melvoc_mp3-128k
data/attacks/mp3-64k/6313-66125-0006_melvoc.wav,fake,attack,none,mp3-64k,mp3-64k,NO I AM THE LIGHTER OF THE TWO URGED TAD,6313,3.0,16000,test,6313-66125-0006_melvoc_mp3-64k
data/attacks/opus-32k/6313-66125-0006_melvoc.wav,fake,attack,none,opus-32k,opus-32k,NO I AM THE LIGHTER OF THE TWO URGED TAD,6313,3.0,16000,test,6313-66125-0006_melvoc_opus-32k
data/attacks/g711-8k/6313-66125-0006_melvoc.wav,fake,attack,none,g711-8k,g711-8k,NO I AM THE LIGHTER OF THE TWO URGED TAD,6313,3.0,16000,test,6313-66125-0006_melvoc_g711-8k
data/attacks/resample-8k/6313-66125-0006_melvoc.wav,fake,attack,none,resample-8k,8k-roundtrip,NO I AM THE LIGHTER OF THE TWO URGED TAD,6313,3.0,16000,test,6313-66125-0006_melvoc_resample-8k
data/attacks/awgn-snr5/6313-66125-0006_melvoc.wav,fake,attack,none,awgn-snr5,snr5,NO I AM THE LIGHTER OF THE TWO URGED TAD,6313,3.0,16000,test,6313-66125-0006_melvoc_awgn-snr5
data/attacks/awgn-snr10/6313-66125-0006_melvoc.wav,fake,attack,none,awgn-snr10,snr10,NO I AM THE LIGHTER OF THE TWO URGED TAD,6313,3.0,16000,test,6313-66125-0006_melvoc_awgn-snr10
data/attacks/awgn-snr20/6313-66125-0006_melvoc.wav,fake,attack,none,awgn-snr20,snr20,NO I AM THE LIGHTER OF THE TWO URGED TAD,6313,3.0,16000,test,6313-66125-0006_melvoc_awgn-snr20
data/attacks/bandpass-300-3400/6313-66125-0006_melvoc.wav,fake,attack,none,bandpass-300-3400,bandpass300-3400,NO I AM THE LIGHTER OF THE TWO URGED TAD,6313,3.0,16000,test,6313-66125-0006_melvoc_bandpass-300-3400
data/attacks/reverb-rt60-0.2/6313-66125-0006_melvoc.wav,fake,attack,none,reverb-rt60-0.2,rt60-0.2,NO I AM THE LIGHTER OF THE TWO URGED TAD,6313,3.0,16000,test,6313-66125-0006_melvoc_reverb-rt60-0.2
data/attacks/reverb-rt60-0.4/6313-66125-0006_melvoc.wav,fake,attack,none,reverb-rt60-0.4,rt60-0.4,NO I AM THE LIGHTER OF THE TWO URGED TAD,6313,3.0,16000,test,6313-66125-0006_melvoc_reverb-rt60-0.4
data/attacks/reverb-rt60-0.8/6313-66125-0006_melvoc.wav,fake,attack,none,reverb-rt60-0.8,rt60-0.8,NO I AM THE LIGHTER OF THE TWO URGED TAD,6313,3.0,16000,test,6313-66125-0006_melvoc_reverb-rt60-0.8
data/attacks/speed0.9/6313-66125-0006_melvoc.wav,fake,attack,none,speed0.9,speed0.9,NO I AM THE LIGHTER OF THE TWO URGED TAD,6313,3.333,16000,test,6313-66125-0006_melvoc_speed0.9
data/attacks/speed1.1/6313-66125-0006_melvoc.wav,fake,attack,none,speed1.1,speed1.1,NO I AM THE LIGHTER OF THE TWO URGED TAD,6313,2.727,16000,test,6313-66125-0006_melvoc_speed1.1
data/attacks/mp3-128k/6313-66125-0006_pitch.wav,fake,attack,none,mp3-128k,mp3-128k,NO I AM THE LIGHTER OF THE TWO URGED TAD,6313,3.005,16000,test,6313-66125-0006_pitch_mp3-128k
data/attacks/mp3-64k/6313-66125-0006_pitch.wav,fake,attack,none,mp3-64k,mp3-64k,NO I AM THE LIGHTER OF THE TWO URGED TAD,6313,3.005,16000,test,6313-66125-0006_pitch_mp3-64k
data/attacks/opus-32k/6313-66125-0006_pitch.wav,fake,attack,none,opus-32k,opus-32k,NO I AM THE LIGHTER OF THE TWO URGED TAD,6313,3.005,16000,test,6313-66125-0006_pitch_opus-32k
data/attacks/g711-8k/6313-66125-0006_pitch.wav,fake,attack,none,g711-8k,g711-8k,NO I AM THE LIGHTER OF THE TWO URGED TAD,6313,3.005,16000,test,6313-66125-0006_pitch_g711-8k
data/attacks/resample-8k/6313-66125-0006_pitch.wav,fake,attack,none,resample-8k,8k-roundtrip,NO I AM THE LIGHTER OF THE TWO URGED TAD,6313,3.005,16000,test,6313-66125-0006_pitch_resample-8k
data/attacks/awgn-snr5/6313-66125-0006_pitch.wav,fake,attack,none,awgn-snr5,snr5,NO I AM THE LIGHTER OF THE TWO URGED TAD,6313,3.005,16000,test,6313-66125-0006_pitch_awgn-snr5
data/attacks/awgn-snr10/6313-66125-0006_pitch.wav,fake,attack,none,awgn-snr10,snr10,NO I AM THE LIGHTER OF THE TWO URGED TAD,6313,3.005,16000,test,6313-66125-0006_pitch_awgn-snr10
data/attacks/awgn-snr20/6313-66125-0006_pitch.wav,fake,attack,none,awgn-snr20,snr20,NO I AM THE LIGHTER OF THE TWO URGED TAD,6313,3.005,16000,test,6313-66125-0006_pitch_awgn-snr20
data/attacks/bandpass-300-3400/6313-66125-0006_pitch.wav,fake,attack,none,bandpass-300-3400,bandpass300-3400,NO I AM THE LIGHTER OF THE TWO URGED TAD,6313,3.005,16000,test,6313-66125-0006_pitch_bandpass-300-3400
data/attacks/reverb-rt60-0.2/6313-66125-0006_pitch.wav,fake,attack,none,reverb-rt60-0.2,rt60-0.2,NO I AM THE LIGHTER OF THE TWO URGED TAD,6313,3.005,16000,test,6313-66125-0006_pitch_reverb-rt60-0.2
data/attacks/reverb-rt60-0.4/6313-66125-0006_pitch.wav,fake,attack,none,reverb-rt60-0.4,rt60-0.4,NO I AM THE LIGHTER OF THE TWO URGED TAD,6313,3.005,16000,test,6313-66125-0006_pitch_reverb-rt60-0.4
data/attacks/reverb-rt60-0.8/6313-66125-0006_pitch.wav,fake,attack,none,reverb-rt60-0.8,rt60-0.8,NO I AM THE LIGHTER OF THE TWO URGED TAD,6313,3.005,16000,test,6313-66125-0006_pitch_reverb-rt60-0.8
data/attacks/speed0.9/6313-66125-0006_pitch.wav,fake,attack,none,speed0.9,speed0.9,NO I AM THE LIGHTER OF THE TWO URGED TAD,6313,3.339,16000,test,6313-66125-0006_pitch_speed0.9
data/attacks/speed1.1/6313-66125-0006_pitch.wav,fake,attack,none,speed1.1,speed1.1,NO I AM THE LIGHTER OF THE TWO URGED TAD,6313,2.732,16000,test,6313-66125-0006_pitch_speed1.1
data/attacks/mp3-128k/6313-66125-0007_formant.wav,fake,attack,none,mp3-128k,mp3-128k,I AM THE ONE TO GO AFTER WALT IF ANYONE HAS TO I'LL GO DOWN MISTER THOMAS,6313,4.93,16000,test,6313-66125-0007_formant_mp3-128k
data/attacks/mp3-64k/6313-66125-0007_formant.wav,fake,attack,none,mp3-64k,mp3-64k,I AM THE ONE TO GO AFTER WALT IF ANYONE HAS TO I'LL GO DOWN MISTER THOMAS,6313,4.93,16000,test,6313-66125-0007_formant_mp3-64k
data/attacks/opus-32k/6313-66125-0007_formant.wav,fake,attack,none,opus-32k,opus-32k,I AM THE ONE TO GO AFTER WALT IF ANYONE HAS TO I'LL GO DOWN MISTER THOMAS,6313,4.93,16000,test,6313-66125-0007_formant_opus-32k
data/attacks/g711-8k/6313-66125-0007_formant.wav,fake,attack,none,g711-8k,g711-8k,I AM THE ONE TO GO AFTER WALT IF ANYONE HAS TO I'LL GO DOWN MISTER THOMAS,6313,4.93,16000,test,6313-66125-0007_formant_g711-8k
data/attacks/resample-8k/6313-66125-0007_formant.wav,fake,attack,none,resample-8k,8k-roundtrip,I AM THE ONE TO GO AFTER WALT IF ANYONE HAS TO I'LL GO DOWN MISTER THOMAS,6313,4.93,16000,test,6313-66125-0007_formant_resample-8k
data/attacks/awgn-snr5/6313-66125-0007_formant.wav,fake,attack,none,awgn-snr5,snr5,I AM THE ONE TO GO AFTER WALT IF ANYONE HAS TO I'LL GO DOWN MISTER THOMAS,6313,4.93,16000,test,6313-66125-0007_formant_awgn-snr5
data/attacks/awgn-snr10/6313-66125-0007_formant.wav,fake,attack,none,awgn-snr10,snr10,I AM THE ONE TO GO AFTER WALT IF ANYONE HAS TO I'LL GO DOWN MISTER THOMAS,6313,4.93,16000,test,6313-66125-0007_formant_awgn-snr10
data/attacks/awgn-snr20/6313-66125-0007_formant.wav,fake,attack,none,awgn-snr20,snr20,I AM THE ONE TO GO AFTER WALT IF ANYONE HAS TO I'LL GO DOWN MISTER THOMAS,6313,4.93,16000,test,6313-66125-0007_formant_awgn-snr20
data/attacks/bandpass-300-3400/6313-66125-0007_formant.wav,fake,attack,none,bandpass-300-3400,bandpass300-3400,I AM THE ONE TO GO AFTER WALT IF ANYONE HAS TO I'LL GO DOWN MISTER THOMAS,6313,4.93,16000,test,6313-66125-0007_formant_bandpass-300-3400
data/attacks/reverb-rt60-0.2/6313-66125-0007_formant.wav,fake,attack,none,reverb-rt60-0.2,rt60-0.2,I AM THE ONE TO GO AFTER WALT IF ANYONE HAS TO I'LL GO DOWN MISTER THOMAS,6313,4.93,16000,test,6313-66125-0007_formant_reverb-rt60-0.2
data/attacks/reverb-rt60-0.4/6313-66125-0007_formant.wav,fake,attack,none,reverb-rt60-0.4,rt60-0.4,I AM THE ONE TO GO AFTER WALT IF ANYONE HAS TO I'LL GO DOWN MISTER THOMAS,6313,4.93,16000,test,6313-66125-0007_formant_reverb-rt60-0.4
data/attacks/reverb-rt60-0.8/6313-66125-0007_formant.wav,fake,attack,none,reverb-rt60-0.8,rt60-0.8,I AM THE ONE TO GO AFTER WALT IF ANYONE HAS TO I'LL GO DOWN MISTER THOMAS,6313,4.93,16000,test,6313-66125-0007_formant_reverb-rt60-0.8
data/attacks/speed0.9/6313-66125-0007_formant.wav,fake,attack,none,speed0.9,speed0.9,I AM THE ONE TO GO AFTER WALT IF ANYONE HAS TO I'LL GO DOWN MISTER THOMAS,6313,5.478,16000,test,6313-66125-0007_formant_speed0.9
data/attacks/speed1.1/6313-66125-0007_formant.wav,fake,attack,none,speed1.1,speed1.1,I AM THE ONE TO GO AFTER WALT IF ANYONE HAS TO I'LL GO DOWN MISTER THOMAS,6313,4.482,16000,test,6313-66125-0007_formant_speed1.1
data/attacks/mp3-128k/6313-66125-0007_melvoc.wav,fake,attack,none,mp3-128k,mp3-128k,I AM THE ONE TO GO AFTER WALT IF ANYONE HAS TO I'LL GO DOWN MISTER THOMAS,6313,4.928,16000,test,6313-66125-0007_melvoc_mp3-128k
data/attacks/mp3-64k/6313-66125-0007_melvoc.wav,fake,attack,none,mp3-64k,mp3-64k,I AM THE ONE TO GO AFTER WALT IF ANYONE HAS TO I'LL GO DOWN MISTER THOMAS,6313,4.928,16000,test,6313-66125-0007_melvoc_mp3-64k
data/attacks/opus-32k/6313-66125-0007_melvoc.wav,fake,attack,none,opus-32k,opus-32k,I AM THE ONE TO GO AFTER WALT IF ANYONE HAS TO I'LL GO DOWN MISTER THOMAS,6313,4.928,16000,test,6313-66125-0007_melvoc_opus-32k
data/attacks/g711-8k/6313-66125-0007_melvoc.wav,fake,attack,none,g711-8k,g711-8k,I AM THE ONE TO GO AFTER WALT IF ANYONE HAS TO I'LL GO DOWN MISTER THOMAS,6313,4.928,16000,test,6313-66125-0007_melvoc_g711-8k
data/attacks/resample-8k/6313-66125-0007_melvoc.wav,fake,attack,none,resample-8k,8k-roundtrip,I AM THE ONE TO GO AFTER WALT IF ANYONE HAS TO I'LL GO DOWN MISTER THOMAS,6313,4.928,16000,test,6313-66125-0007_melvoc_resample-8k
data/attacks/awgn-snr5/6313-66125-0007_melvoc.wav,fake,attack,none,awgn-snr5,snr5,I AM THE ONE TO GO AFTER WALT IF ANYONE HAS TO I'LL GO DOWN MISTER THOMAS,6313,4.928,16000,test,6313-66125-0007_melvoc_awgn-snr5
data/attacks/awgn-snr10/6313-66125-0007_melvoc.wav,fake,attack,none,awgn-snr10,snr10,I AM THE ONE TO GO AFTER WALT IF ANYONE HAS TO I'LL GO DOWN MISTER THOMAS,6313,4.928,16000,test,6313-66125-0007_melvoc_awgn-snr10
data/attacks/awgn-snr20/6313-66125-0007_melvoc.wav,fake,attack,none,awgn-snr20,snr20,I AM THE ONE TO GO AFTER WALT IF ANYONE HAS TO I'LL GO DOWN MISTER THOMAS,6313,4.928,16000,test,6313-66125-0007_melvoc_awgn-snr20
data/attacks/bandpass-300-3400/6313-66125-0007_melvoc.wav,fake,attack,none,bandpass-300-3400,bandpass300-3400,I AM THE ONE TO GO AFTER WALT IF ANYONE HAS TO I'LL GO DOWN MISTER THOMAS,6313,4.928,16000,test,6313-66125-0007_melvoc_bandpass-300-3400
data/attacks/reverb-rt60-0.2/6313-66125-0007_melvoc.wav,fake,attack,none,reverb-rt60-0.2,rt60-0.2,I AM THE ONE TO GO AFTER WALT IF ANYONE HAS TO I'LL GO DOWN MISTER THOMAS,6313,4.928,16000,test,6313-66125-0007_melvoc_reverb-rt60-0.2
data/attacks/reverb-rt60-0.4/6313-66125-0007_melvoc.wav,fake,attack,none,reverb-rt60-0.4,rt60-0.4,I AM THE ONE TO GO AFTER WALT IF ANYONE HAS TO I'LL GO DOWN MISTER THOMAS,6313,4.928,16000,test,6313-66125-0007_melvoc_reverb-rt60-0.4
data/attacks/reverb-rt60-0.8/6313-66125-0007_melvoc.wav,fake,attack,none,reverb-rt60-0.8,rt60-0.8,I AM THE ONE TO GO AFTER WALT IF ANYONE HAS TO I'LL GO DOWN MISTER THOMAS,6313,4.928,16000,test,6313-66125-0007_melvoc_reverb-rt60-0.8
data/attacks/speed0.9/6313-66125-0007_melvoc.wav,fake,attack,none,speed0.9,speed0.9,I AM THE ONE TO GO AFTER WALT IF ANYONE HAS TO I'LL GO DOWN MISTER THOMAS,6313,5.476,16000,test,6313-66125-0007_melvoc_speed0.9
data/attacks/speed1.1/6313-66125-0007_melvoc.wav,fake,attack,none,speed1.1,speed1.1,I AM THE ONE TO GO AFTER WALT IF ANYONE HAS TO I'LL GO DOWN MISTER THOMAS,6313,4.48,16000,test,6313-66125-0007_melvoc_speed1.1
data/attacks/mp3-128k/6313-66125-0007_pitch.wav,fake,attack,none,mp3-128k,mp3-128k,I AM THE ONE TO GO AFTER WALT IF ANYONE HAS TO I'LL GO DOWN MISTER THOMAS,6313,4.93,16000,test,6313-66125-0007_pitch_mp3-128k
data/attacks/mp3-64k/6313-66125-0007_pitch.wav,fake,attack,none,mp3-64k,mp3-64k,I AM THE ONE TO GO AFTER WALT IF ANYONE HAS TO I'LL GO DOWN MISTER THOMAS,6313,4.93,16000,test,6313-66125-0007_pitch_mp3-64k
data/attacks/opus-32k/6313-66125-0007_pitch.wav,fake,attack,none,opus-32k,opus-32k,I AM THE ONE TO GO AFTER WALT IF ANYONE HAS TO I'LL GO DOWN MISTER THOMAS,6313,4.93,16000,test,6313-66125-0007_pitch_opus-32k
data/attacks/g711-8k/6313-66125-0007_pitch.wav,fake,attack,none,g711-8k,g711-8k,I AM THE ONE TO GO AFTER WALT IF ANYONE HAS TO I'LL GO DOWN MISTER THOMAS,6313,4.93,16000,test,6313-66125-0007_pitch_g711-8k
data/attacks/resample-8k/6313-66125-0007_pitch.wav,fake,attack,none,resample-8k,8k-roundtrip,I AM THE ONE TO GO AFTER WALT IF ANYONE HAS TO I'LL GO DOWN MISTER THOMAS,6313,4.93,16000,test,6313-66125-0007_pitch_resample-8k
data/attacks/awgn-snr5/6313-66125-0007_pitch.wav,fake,attack,none,awgn-snr5,snr5,I AM THE ONE TO GO AFTER WALT IF ANYONE HAS TO I'LL GO DOWN MISTER THOMAS,6313,4.93,16000,test,6313-66125-0007_pitch_awgn-snr5
data/attacks/awgn-snr10/6313-66125-0007_pitch.wav,fake,attack,none,awgn-snr10,snr10,I AM THE ONE TO GO AFTER WALT IF ANYONE HAS TO I'LL GO DOWN MISTER THOMAS,6313,4.93,16000,test,6313-66125-0007_pitch_awgn-snr10
data/attacks/awgn-snr20/6313-66125-0007_pitch.wav,fake,attack,none,awgn-snr20,snr20,I AM THE ONE TO GO AFTER WALT IF ANYONE HAS TO I'LL GO DOWN MISTER THOMAS,6313,4.93,16000,test,6313-66125-0007_pitch_awgn-snr20
data/attacks/bandpass-300-3400/6313-66125-0007_pitch.wav,fake,attack,none,bandpass-300-3400,bandpass300-3400,I AM THE ONE TO GO AFTER WALT IF ANYONE HAS TO I'LL GO DOWN MISTER THOMAS,6313,4.93,16000,test,6313-66125-0007_pitch_bandpass-300-3400
data/attacks/reverb-rt60-0.2/6313-66125-0007_pitch.wav,fake,attack,none,reverb-rt60-0.2,rt60-0.2,I AM THE ONE TO GO AFTER WALT IF ANYONE HAS TO I'LL GO DOWN MISTER THOMAS,6313,4.93,16000,test,6313-66125-0007_pitch_reverb-rt60-0.2
data/attacks/reverb-rt60-0.4/6313-66125-0007_pitch.wav,fake,attack,none,reverb-rt60-0.4,rt60-0.4,I AM THE ONE TO GO AFTER WALT IF ANYONE HAS TO I'LL GO DOWN MISTER THOMAS,6313,4.93,16000,test,6313-66125-0007_pitch_reverb-rt60-0.4
data/attacks/reverb-rt60-0.8/6313-66125-0007_pitch.wav,fake,attack,none,reverb-rt60-0.8,rt60-0.8,I AM THE ONE TO GO AFTER WALT IF ANYONE HAS TO I'LL GO DOWN MISTER THOMAS,6313,4.93,16000,test,6313-66125-0007_pitch_reverb-rt60-0.8
data/attacks/speed0.9/6313-66125-0007_pitch.wav,fake,attack,none,speed0.9,speed0.9,I AM THE ONE TO GO AFTER WALT IF ANYONE HAS TO I'LL GO DOWN MISTER THOMAS,6313,5.478,16000,test,6313-66125-0007_pitch_speed0.9
data/attacks/speed1.1/6313-66125-0007_pitch.wav,fake,attack,none,speed1.1,speed1.1,I AM THE ONE TO GO AFTER WALT IF ANYONE HAS TO I'LL GO DOWN MISTER THOMAS,6313,4.482,16000,test,6313-66125-0007_pitch_speed1.1
data/attacks/mp3-128k/6313-66125-0008_formant.wav,fake,attack,none,mp3-128k,mp3-128k,MASTER TAD IS RIGHT DECIDED THE GUIDE GAZING AT THE TWO BOYS APPROVINGLY,6313,4.49,16000,test,6313-66125-0008_formant_mp3-128k
data/attacks/mp3-64k/6313-66125-0008_formant.wav,fake,attack,none,mp3-64k,mp3-64k,MASTER TAD IS RIGHT DECIDED THE GUIDE GAZING AT THE TWO BOYS APPROVINGLY,6313,4.49,16000,test,6313-66125-0008_formant_mp3-64k
data/attacks/opus-32k/6313-66125-0008_formant.wav,fake,attack,none,opus-32k,opus-32k,MASTER TAD IS RIGHT DECIDED THE GUIDE GAZING AT THE TWO BOYS APPROVINGLY,6313,4.49,16000,test,6313-66125-0008_formant_opus-32k
data/attacks/g711-8k/6313-66125-0008_formant.wav,fake,attack,none,g711-8k,g711-8k,MASTER TAD IS RIGHT DECIDED THE GUIDE GAZING AT THE TWO BOYS APPROVINGLY,6313,4.49,16000,test,6313-66125-0008_formant_g711-8k
data/attacks/resample-8k/6313-66125-0008_formant.wav,fake,attack,none,resample-8k,8k-roundtrip,MASTER TAD IS RIGHT DECIDED THE GUIDE GAZING AT THE TWO BOYS APPROVINGLY,6313,4.49,16000,test,6313-66125-0008_formant_resample-8k
data/attacks/awgn-snr5/6313-66125-0008_formant.wav,fake,attack,none,awgn-snr5,snr5,MASTER TAD IS RIGHT DECIDED THE GUIDE GAZING AT THE TWO BOYS APPROVINGLY,6313,4.49,16000,test,6313-66125-0008_formant_awgn-snr5
data/attacks/awgn-snr10/6313-66125-0008_formant.wav,fake,attack,none,awgn-snr10,snr10,MASTER TAD IS RIGHT DECIDED THE GUIDE GAZING AT THE TWO BOYS APPROVINGLY,6313,4.49,16000,test,6313-66125-0008_formant_awgn-snr10
data/attacks/awgn-snr20/6313-66125-0008_formant.wav,fake,attack,none,awgn-snr20,snr20,MASTER TAD IS RIGHT DECIDED THE GUIDE GAZING AT THE TWO BOYS APPROVINGLY,6313,4.49,16000,test,6313-66125-0008_formant_awgn-snr20
data/attacks/bandpass-300-3400/6313-66125-0008_formant.wav,fake,attack,none,bandpass-300-3400,bandpass300-3400,MASTER TAD IS RIGHT DECIDED THE GUIDE GAZING AT THE TWO BOYS APPROVINGLY,6313,4.49,16000,test,6313-66125-0008_formant_bandpass-300-3400
data/attacks/reverb-rt60-0.2/6313-66125-0008_formant.wav,fake,attack,none,reverb-rt60-0.2,rt60-0.2,MASTER TAD IS RIGHT DECIDED THE GUIDE GAZING AT THE TWO BOYS APPROVINGLY,6313,4.49,16000,test,6313-66125-0008_formant_reverb-rt60-0.2
data/attacks/reverb-rt60-0.4/6313-66125-0008_formant.wav,fake,attack,none,reverb-rt60-0.4,rt60-0.4,MASTER TAD IS RIGHT DECIDED THE GUIDE GAZING AT THE TWO BOYS APPROVINGLY,6313,4.49,16000,test,6313-66125-0008_formant_reverb-rt60-0.4
data/attacks/reverb-rt60-0.8/6313-66125-0008_formant.wav,fake,attack,none,reverb-rt60-0.8,rt60-0.8,MASTER TAD IS RIGHT DECIDED THE GUIDE GAZING AT THE TWO BOYS APPROVINGLY,6313,4.49,16000,test,6313-66125-0008_formant_reverb-rt60-0.8
data/attacks/speed0.9/6313-66125-0008_formant.wav,fake,attack,none,speed0.9,speed0.9,MASTER TAD IS RIGHT DECIDED THE GUIDE GAZING AT THE TWO BOYS APPROVINGLY,6313,4.989,16000,test,6313-66125-0008_formant_speed0.9
data/attacks/speed1.1/6313-66125-0008_formant.wav,fake,attack,none,speed1.1,speed1.1,MASTER TAD IS RIGHT DECIDED THE GUIDE GAZING AT THE TWO BOYS APPROVINGLY,6313,4.082,16000,test,6313-66125-0008_formant_speed1.1
data/attacks/aac-128k/2078-142845-0000_formant.wav,fake,attack,none,aac-128k,aac-128k,KIRKLEATHAM YEAST,2078,2.24,16000,test,2078-142845-0000_formant_aac-128k
data/attacks/aac-128k/2078-142845-0000_melvoc.wav,fake,attack,none,aac-128k,aac-128k,KIRKLEATHAM YEAST,2078,2.24,16000,test,2078-142845-0000_melvoc_aac-128k
data/attacks/aac-128k/2078-142845-0000_pitch.wav,fake,attack,none,aac-128k,aac-128k,KIRKLEATHAM YEAST,2078,2.24,16000,test,2078-142845-0000_pitch_aac-128k
data/attacks/aac-128k/2078-142845-0001_formant.wav,fake,attack,none,aac-128k,aac-128k,SEVENTEEN SEVENTEEN,2078,2.176,16000,test,2078-142845-0001_formant_aac-128k
data/attacks/aac-128k/2078-142845-0001_melvoc.wav,fake,attack,none,aac-128k,aac-128k,SEVENTEEN SEVENTEEN,2078,2.176,16000,test,2078-142845-0001_melvoc_aac-128k
data/attacks/aac-128k/2078-142845-0001_pitch.wav,fake,attack,none,aac-128k,aac-128k,SEVENTEEN SEVENTEEN,2078,2.176,16000,test,2078-142845-0001_pitch_aac-128k
data/attacks/aac-128k/2078-142845-0002_formant.wav,fake,attack,none,aac-128k,aac-128k,TO MAKE GOOD HOME MADE BREAD,2078,2.944,16000,test,2078-142845-0002_formant_aac-128k
data/attacks/aac-128k/2078-142845-0002_melvoc.wav,fake,attack,none,aac-128k,aac-128k,TO MAKE GOOD HOME MADE BREAD,2078,2.944,16000,test,2078-142845-0002_melvoc_aac-128k
data/attacks/aac-128k/2078-142845-0002_pitch.wav,fake,attack,none,aac-128k,aac-128k,TO MAKE GOOD HOME MADE BREAD,2078,2.944,16000,test,2078-142845-0002_pitch_aac-128k
data/attacks/aac-128k/2078-142845-0003_formant.wav,fake,attack,none,aac-128k,aac-128k,SEVENTEEN EIGHTEEN,2078,2.112,16000,test,2078-142845-0003_formant_aac-128k
data/attacks/aac-128k/2078-142845-0003_melvoc.wav,fake,attack,none,aac-128k,aac-128k,SEVENTEEN EIGHTEEN,2078,2.112,16000,test,2078-142845-0003_melvoc_aac-128k
data/attacks/aac-128k/2078-142845-0003_pitch.wav,fake,attack,none,aac-128k,aac-128k,SEVENTEEN EIGHTEEN,2078,2.112,16000,test,2078-142845-0003_pitch_aac-128k
data/attacks/aac-128k/2078-142845-0004_formant.wav,fake,attack,none,aac-128k,aac-128k,MODE PUT THE FLOUR INTO A LARGE EARTHENWARE BOWL OR DEEP PAN THEN WITH A STRONG METAL OR WOODEN SPOON HOLLOW OUT THE MIDDLE BUT DO NOT CLEAR IT ENTIRELY AWAY FROM THE BOTTOM OF THE PAN AS IN THAT CASE THE SPONGE OR LEAVEN AS IT WAS FORMERLY TERMED WOULD STICK TO IT WHICH IT OUGHT NOT TO DO,2078,23.232,16000,test,2078-142845-0004_formant_aac-128k
data/attacks/aac-128k/2078-142845-0004_melvoc.wav,fake,attack,none,aac-128k,aac-128k,MODE PUT THE FLOUR INTO A LARGE EARTHENWARE BOWL OR DEEP PAN THEN WITH A STRONG METAL OR WOODEN SPOON HOLLOW OUT THE MIDDLE BUT DO NOT CLEAR IT ENTIRELY AWAY FROM THE BOTTOM OF THE PAN AS IN THAT CASE THE SPONGE OR LEAVEN AS IT WAS FORMERLY TERMED WOULD STICK TO IT WHICH IT OUGHT NOT TO DO,2078,23.168,16000,test,2078-142845-0004_melvoc_aac-128k
data/attacks/aac-128k/2078-142845-0004_pitch.wav,fake,attack,none,aac-128k,aac-128k,MODE PUT THE FLOUR INTO A LARGE EARTHENWARE BOWL OR DEEP PAN THEN WITH A STRONG METAL OR WOODEN SPOON HOLLOW OUT THE MIDDLE BUT DO NOT CLEAR IT ENTIRELY AWAY FROM THE BOTTOM OF THE PAN AS IN THAT CASE THE SPONGE OR LEAVEN AS IT WAS FORMERLY TERMED WOULD STICK TO IT WHICH IT OUGHT NOT TO DO,2078,23.232,16000,test,2078-142845-0004_pitch_aac-128k
data/attacks/aac-128k/2078-142845-0005_formant.wav,fake,attack,none,aac-128k,aac-128k,NEXT TAKE EITHER A LARGE TABLESPOONFUL OF BREWER'S YEAST WHICH HAS BEEN RENDERED SOLID BY MIXING IT WITH PLENTY OF COLD WATER AND LETTING IT AFTERWARDS STAND TO SETTLE FOR A DAY AND NIGHT OR NEARLY AN OUNCE OF GERMAN YEAST PUT IT INTO A LARGE BASIN AND PROCEED TO MIX IT SO THAT IT SHALL BE AS SMOOTH AS CREAM WITH THREE QUARTERS PINT OF WARM MILK AND WATER OR WITH WATER ONLY THOUGH EVEN A VERY LITTLE MILK WILL MUCH IMPROVE THE BREAD,2078,31.424,16000,test,2078-142845-0005_formant_aac-128k
data/attacks/aac-128k/2078-142845-0005_melvoc.wav,fake,attack,none,aac-128k,aac-128k,NEXT TAKE EITHER A LARGE TABLESPOONFUL OF BREWER'S YEAST WHICH HAS BEEN RENDERED SOLID BY MIXING IT WITH PLENTY OF COLD WATER AND LETTING IT AFTERWARDS STAND TO SETTLE FOR A DAY AND NIGHT OR NEARLY AN OUNCE OF GERMAN YEAST PUT IT INTO A LARGE BASIN AND PROCEED TO MIX IT SO THAT IT SHALL BE AS SMOOTH AS CREAM WITH THREE QUARTERS PINT OF WARM MILK AND WATER OR WITH WATER ONLY THOUGH EVEN A VERY LITTLE MILK WILL MUCH IMPROVE THE BREAD,2078,31.424,16000,test,2078-142845-0005_melvoc_aac-128k
data/attacks/aac-128k/2078-142845-0005_pitch.wav,fake,attack,none,aac-128k,aac-128k,NEXT TAKE EITHER A LARGE TABLESPOONFUL OF BREWER'S YEAST WHICH HAS BEEN RENDERED SOLID BY MIXING IT WITH PLENTY OF COLD WATER AND LETTING IT AFTERWARDS STAND TO SETTLE FOR A DAY AND NIGHT OR NEARLY AN OUNCE OF GERMAN YEAST PUT IT INTO A LARGE BASIN AND PROCEED TO MIX IT SO THAT IT SHALL BE AS SMOOTH AS CREAM WITH THREE QUARTERS PINT OF WARM MILK AND WATER OR WITH WATER ONLY THOUGH EVEN A VERY LITTLE MILK WILL MUCH IMPROVE THE BREAD,2078,31.424,16000,test,2078-142845-0005_pitch_aac-128k
data/attacks/aac-128k/2078-142845-0006_formant.wav,fake,attack,none,aac-128k,aac-128k,LOOK AT IT FROM TIME TO TIME WHEN IT HAS BEEN LAID FOR NEARLY AN HOUR AND WHEN THE YEAST HAS RISEN AND BROKEN THROUGH THE FLOUR SO THAT BUBBLES APPEAR IN IT YOU WILL KNOW THAT IT IS READY TO BE MADE UP INTO DOUGH,2078,14.656,16000,test,2078-142845-0006_formant_aac-128k
data/attacks/aac-128k/2078-142845-0006_melvoc.wav,fake,attack,none,aac-128k,aac-128k,LOOK AT IT FROM TIME TO TIME WHEN IT HAS BEEN LAID FOR NEARLY AN HOUR AND WHEN THE YEAST HAS RISEN AND BROKEN THROUGH THE FLOUR SO THAT BUBBLES APPEAR IN IT YOU WILL KNOW THAT IT IS READY TO BE MADE UP INTO DOUGH,2078,14.656,16000,test,2078-142845-0006_melvoc_aac-128k
data/attacks/aac-128k/2078-142845-0006_pitch.wav,fake,attack,none,aac-128k,aac-128k,LOOK AT IT FROM TIME TO TIME WHEN IT HAS BEEN LAID FOR NEARLY AN HOUR AND WHEN THE YEAST HAS RISEN AND BROKEN THROUGH THE FLOUR SO THAT BUBBLES APPEAR IN IT YOU WILL KNOW THAT IT IS READY TO BE MADE UP INTO DOUGH,2078,14.656,16000,test,2078-142845-0006_pitch_aac-128k
data/attacks/aac-128k/2078-142845-0007_formant.wav,fake,attack,none,aac-128k,aac-128k,THEN PLACE THE PAN ON A STRONG CHAIR OR DRESSER OR TABLE OF CONVENIENT HEIGHT POUR INTO THE SPONGE THE REMAINDER OF THE WARM MILK AND WATER STIR INTO IT AS MUCH OF THE FLOUR AS YOU CAN WITH THE SPOON THEN WIPE IT OUT CLEAN WITH YOUR FINGERS AND LAY IT ASIDE,2078,20.8,16000,test,2078-142845-0007_formant_aac-128k
data/attacks/aac-128k/2078-142845-0007_melvoc.wav,fake,attack,none,aac-128k,aac-128k,THEN PLACE THE PAN ON A STRONG CHAIR OR DRESSER OR TABLE OF CONVENIENT HEIGHT POUR INTO THE SPONGE THE REMAINDER OF THE WARM MILK AND WATER STIR INTO IT AS MUCH OF THE FLOUR AS YOU CAN WITH THE SPOON THEN WIPE IT OUT CLEAN WITH YOUR FINGERS AND LAY IT ASIDE,2078,20.736,16000,test,2078-142845-0007_melvoc_aac-128k
data/attacks/aac-128k/2078-142845-0007_pitch.wav,fake,attack,none,aac-128k,aac-128k,THEN PLACE THE PAN ON A STRONG CHAIR OR DRESSER OR TABLE OF CONVENIENT HEIGHT POUR INTO THE SPONGE THE REMAINDER OF THE WARM MILK AND WATER STIR INTO IT AS MUCH OF THE FLOUR AS YOU CAN WITH THE SPOON THEN WIPE IT OUT CLEAN WITH YOUR FINGERS AND LAY IT ASIDE,2078,20.8,16000,test,2078-142845-0007_pitch_aac-128k
data/attacks/aac-128k/2078-142845-0008_formant.wav,fake,attack,none,aac-128k,aac-128k,TURN IT THEN ON TO A PASTE BOARD OR VERY CLEAN DRESSER AND WITH A LARGE SHARP KNIFE DIVIDE IT IN TWO MAKE IT UP QUICKLY INTO LOAVES AND DISPATCH IT TO THE OVEN MAKE ONE OR TWO INCISIONS ACROSS THE TOPS OF THE LOAVES AS THEY WILL RISE MORE EASILY IF THIS BE DONE,2078,19.392,16000,test,2078-142845-0008_formant_aac-128k
data/attacks/aac-128k/2086-149214-0000_formant.wav,fake,attack,none,aac-128k,aac-128k,THE NARRATIVE IT MAY BE IS WOVEN OF SO HUMBLE A TEXTURE AS TO REQUIRE THIS ADVANTAGE AND AT THE SAME TIME TO RENDER IT THE MORE DIFFICULT OF ATTAINMENT,2086,9.856,16000,test,2086-149214-0000_formant_aac-128k
data/attacks/aac-128k/2086-149214-0000_melvoc.wav,fake,attack,none,aac-128k,aac-128k,THE NARRATIVE IT MAY BE IS WOVEN OF SO HUMBLE A TEXTURE AS TO REQUIRE THIS ADVANTAGE AND AT THE SAME TIME TO RENDER IT THE MORE DIFFICULT OF ATTAINMENT,2086,9.856,16000,test,2086-149214-0000_melvoc_aac-128k
data/attacks/aac-128k/2086-149214-0000_pitch.wav,fake,attack,none,aac-128k,aac-128k,THE NARRATIVE IT MAY BE IS WOVEN OF SO HUMBLE A TEXTURE AS TO REQUIRE THIS ADVANTAGE AND AT THE SAME TIME TO RENDER IT THE MORE DIFFICULT OF ATTAINMENT,2086,9.856,16000,test,2086-149214-0000_pitch_aac-128k
data/attacks/aac-128k/2086-149214-0001_formant.wav,fake,attack,none,aac-128k,aac-128k,IN GOOD FAITH HOWEVER HE IS NOT SUFFICIENTLY IMAGINATIVE TO FLATTER HIMSELF WITH THE SLIGHTEST HOPE OF THIS KIND,2086,6.976,16000,test,2086-149214-0001_formant_aac-128k
data/attacks/aac-128k/2086-149214-0001_melvoc.wav,fake,attack,none,aac-128k,aac-128k,IN GOOD FAITH HOWEVER HE IS NOT SUFFICIENTLY IMAGINATIVE TO FLATTER HIMSELF WITH THE SLIGHTEST HOPE OF THIS KIND,2086,6.976,16000,test,2086-149214-0001_melvoc_aac-128k
data/attacks/aac-128k/2086-149214-0001_pitch.wav,fake,attack,none,aac-128k,aac-128k,IN GOOD FAITH HOWEVER HE IS NOT SUFFICIENTLY IMAGINATIVE TO FLATTER HIMSELF WITH THE SLIGHTEST HOPE OF THIS KIND,2086,6.976,16000,test,2086-149214-0001_pitch_aac-128k
data/attacks/aac-128k/2086-149214-0002_formant.wav,fake,attack,none,aac-128k,aac-128k,THE AUTHOR HAS CONSIDERED IT HARDLY WORTH HIS WHILE THEREFORE RELENTLESSLY TO IMPALE THE STORY WITH ITS MORAL AS WITH AN IRON ROD OR RATHER AS BY STICKING A PIN THROUGH A BUTTERFLY THUS AT ONCE DEPRIVING IT OF LIFE AND CAUSING IT TO STIFFEN IN AN UNGAINLY AND UNNATURAL ATTITUDE,2086,16.768,16000,test,2086-149214-0002_formant_aac-128k
data/attacks/aac-128k/2086-149214-0002_melvoc.wav,fake,attack,none,aac-128k,aac-128k,THE AUTHOR HAS CONSIDERED IT HARDLY WORTH HIS WHILE THEREFORE RELENTLESSLY TO IMPALE THE STORY WITH ITS MORAL AS WITH AN IRON ROD OR RATHER AS BY STICKING A PIN THROUGH A BUTTERFLY THUS AT ONCE DEPRIVING IT OF LIFE AND CAUSING IT TO STIFFEN IN AN UNGAINLY AND UNNATURAL ATTITUDE,2086,16.768,16000,test,2086-149214-0002_melvoc_aac-128k
data/attacks/aac-128k/2086-149214-0002_pitch.wav,fake,attack,none,aac-128k,aac-128k,THE AUTHOR HAS CONSIDERED IT HARDLY WORTH HIS WHILE THEREFORE RELENTLESSLY TO IMPALE THE STORY WITH ITS MORAL AS WITH AN IRON ROD OR RATHER AS BY STICKING A PIN THROUGH A BUTTERFLY THUS AT ONCE DEPRIVING IT OF LIFE AND CAUSING IT TO STIFFEN IN AN UNGAINLY AND UNNATURAL ATTITUDE,2086,16.768,16000,test,2086-149214-0002_pitch_aac-128k
data/attacks/aac-128k/2086-149214-0003_formant.wav,fake,attack,none,aac-128k,aac-128k,IF PERMITTED BY THE HISTORICAL CONNECTION WHICH THOUGH SLIGHT WAS ESSENTIAL TO HIS PLAN THE AUTHOR WOULD VERY WILLINGLY HAVE AVOIDED ANYTHING OF THIS NATURE,2086,9.024,16000,test,2086-149214-0003_formant_aac-128k
data/attacks/aac-128k/2086-149214-0003_melvoc.wav,fake,attack,none,aac-128k,aac-128k,IF PERMITTED BY THE HISTORICAL CONNECTION WHICH THOUGH SLIGHT WAS ESSENTIAL TO HIS PLAN THE AUTHOR WOULD VERY WILLINGLY HAVE AVOIDED ANYTHING OF THIS NATURE,2086,9.024,16000,test,2086-149214-0003_melvoc_aac-128k
data/attacks/aac-128k/2086-149214-0003_pitch.wav,fake,attack,none,aac-128k,aac-128k,IF PERMITTED BY THE HISTORICAL CONNECTION WHICH THOUGH SLIGHT WAS ESSENTIAL TO HIS PLAN THE AUTHOR WOULD VERY WILLINGLY HAVE AVOIDED ANYTHING OF THIS NATURE,2086,9.024,16000,test,2086-149214-0003_pitch_aac-128k
data/attacks/aac-128k/2086-149214-0004_formant.wav,fake,attack,none,aac-128k,aac-128k,HE TRUSTS NOT TO BE CONSIDERED AS UNPARDONABLY OFFENDING BY LAYING OUT A STREET THAT INFRINGES UPON NOBODY'S PRIVATE RIGHTS AND APPROPRIATING A LOT OF LAND WHICH HAD NO VISIBLE OWNER AND BUILDING A HOUSE OF MATERIALS LONG IN USE FOR CONSTRUCTING CASTLES IN THE AIR,2086,15.232,16000,test,2086-149214-0004_formant_aac-128k
data/attacks/aac-128k/2086-149214-0004_melvoc.wav,fake,attack,none,aac-128k,aac-128k,HE TRUSTS NOT TO BE CONSIDERED AS UNPARDONABLY OFFENDING BY LAYING OUT A STREET THAT INFRINGES UPON NOBODY'S PRIVATE RIGHTS AND APPROPRIATING A LOT OF LAND WHICH HAD NO VISIBLE OWNER AND BUILDING A HOUSE OF MATERIALS LONG IN USE FOR CONSTRUCTING CASTLES IN THE AIR,2086,15.232,16000,test,2086-149214-0004_melvoc_aac-128k
data/attacks/aac-128k/2086-149214-0004_pitch.wav,fake,attack,none,aac-128k,aac-128k,HE TRUSTS NOT TO BE CONSIDERED AS UNPARDONABLY OFFENDING BY LAYING OUT A STREET THAT INFRINGES UPON NOBODY'S PRIVATE RIGHTS AND APPROPRIATING A LOT OF LAND WHICH HAD NO VISIBLE OWNER AND BUILDING A HOUSE OF MATERIALS LONG IN USE FOR CONSTRUCTING CASTLES IN THE AIR,2086,15.232,16000,test,2086-149214-0004_pitch_aac-128k
data/attacks/aac-128k/2086-149220-0000_formant.wav,fake,attack,none,aac-128k,aac-128k,THE ENCLOSURE HAD FORMERLY BEEN VERY EXTENSIVE BUT WAS NOW CONTRACTED WITHIN SMALL COMPASS AND HEMMED ABOUT PARTLY BY HIGH WOODEN FENCES AND PARTLY BY THE OUTBUILDINGS OF HOUSES THAT STOOD ON ANOTHER STREET,2086,12.096,16000,test,2086-149220-0000_formant_aac-128k
data/attacks/aac-128k/2086-149220-0000_melvoc.wav,fake,attack,none,aac-128k,aac-128k,THE ENCLOSURE HAD FORMERLY BEEN VERY EXTENSIVE BUT WAS NOW CONTRACTED WITHIN SMALL COMPASS AND HEMMED ABOUT PARTLY BY HIGH WOODEN FENCES AND PARTLY BY THE OUTBUILDINGS OF HOUSES THAT STOOD ON ANOTHER STREET,2086,12.096,16000,test,2086-149220-0000_melvoc_aac-128k
data/attacks/aac-128k/2086-149220-0000_pitch.wav,fake,attack,none,aac-128k,aac-128k,THE ENCLOSURE HAD FORMERLY BEEN VERY EXTENSIVE BUT WAS NOW CONTRACTED WITHIN SMALL COMPASS AND HEMMED ABOUT PARTLY BY HIGH WOODEN FENCES AND PARTLY BY THE OUTBUILDINGS OF HOUSES THAT STOOD ON ANOTHER STREET,2086,12.096,16000,test,2086-149220-0000_pitch_aac-128k
data/attacks/aac-128k/2086-149220-0001_formant.wav,fake,attack,none,aac-128k,aac-128k,THE WHITE DOUBLE ROSEBUSH HAD EVIDENTLY BEEN PROPPED UP ANEW AGAINST THE HOUSE SINCE THE COMMENCEMENT OF THE SEASON AND A PEAR TREE AND THREE DAMSON TREES WHICH EXCEPT A ROW OF CURRANT BUSHES CONSTITUTED THE ONLY VARIETIES OF FRUIT BORE MARKS OF THE RECENT AMPUTATION OF SEVERAL SUPERFLUOUS OR DEFECTIVE LIMBS,2086,19.84,16000,test,2086-149220-0001_formant_aac-128k
data/attacks/aac-128k/2086-149220-0001_melvoc.wav,fake,attack,none,aac-128k,aac-128k,THE WHITE DOUBLE ROSEBUSH HAD EVIDENTLY BEEN PROPPED UP ANEW AGAINST THE HOUSE SINCE THE COMMENCEMENT OF THE SEASON AND A PEAR TREE AND THREE DAMSON TREES WHICH EXCEPT A ROW OF CURRANT BUSHES CONSTITUTED THE ONLY VARIETIES OF FRUIT BORE MARKS OF THE RECENT AMPUTATION OF SEVERAL SUPERFLUOUS OR DEFECTIVE LIMBS,2086,19.776,16000,test,2086-149220-0001_melvoc_aac-128k
data/attacks/aac-128k/2086-149220-0001_pitch.wav,fake,attack,none,aac-128k,aac-128k,THE WHITE DOUBLE ROSEBUSH HAD EVIDENTLY BEEN PROPPED UP ANEW AGAINST THE HOUSE SINCE THE COMMENCEMENT OF THE SEASON AND A PEAR TREE AND THREE DAMSON TREES WHICH EXCEPT A ROW OF CURRANT BUSHES CONSTITUTED THE ONLY VARIETIES OF FRUIT BORE MARKS OF THE RECENT AMPUTATION OF SEVERAL SUPERFLUOUS OR DEFECTIVE LIMBS,2086,19.84,16000,test,2086-149220-0001_pitch_aac-128k
data/attacks/aac-128k/2086-149220-0002_formant.wav,fake,attack,none,aac-128k,aac-128k,THERE WERE ALSO A FEW SPECIES OF ANTIQUE AND HEREDITARY FLOWERS IN NO VERY FLOURISHING CONDITION BUT SCRUPULOUSLY WEEDED AS IF SOME PERSON EITHER OUT OF LOVE OR CURIOSITY HAD BEEN ANXIOUS TO BRING THEM TO SUCH PERFECTION AS THEY WERE CAPABLE OF ATTAINING,2086,16.064,16000,test,2086-149220-0002_formant_aac-128k
data/attacks/aac-128k/2086-149220-0002_melvoc.wav,fake,attack,none,aac-128k,aac-128k,THERE WERE ALSO A FEW SPECIES OF ANTIQUE AND HEREDITARY FLOWERS IN NO VERY FLOURISHING CONDITION BUT SCRUPULOUSLY WEEDED AS IF SOME PERSON EITHER OUT OF LOVE OR CURIOSITY HAD BEEN ANXIOUS TO BRING THEM TO SUCH PERFECTION AS THEY WERE CAPABLE OF ATTAINING,2086,16.064,16000,test,2086-149220-0002_melvoc_aac-128k
data/attacks/aac-128k/2086-149220-0002_pitch.wav,fake,attack,none,aac-128k,aac-128k,THERE WERE ALSO A FEW SPECIES OF ANTIQUE AND HEREDITARY FLOWERS IN NO VERY FLOURISHING CONDITION BUT SCRUPULOUSLY WEEDED AS IF SOME PERSON EITHER OUT OF LOVE OR CURIOSITY HAD BEEN ANXIOUS TO BRING THEM TO SUCH PERFECTION AS THEY WERE CAPABLE OF ATTAINING,2086,16.064,16000,test,2086-149220-0002_pitch_aac-128k
data/attacks/aac-128k/2086-149220-0003_formant.wav,fake,attack,none,aac-128k,aac-128k,SUMMER SQUASHES ALMOST IN THEIR GOLDEN BLOSSOM CUCUMBERS NOW EVINCING A TENDENCY TO SPREAD AWAY FROM THE MAIN STOCK AND RAMBLE FAR AND WIDE TWO OR THREE ROWS OF STRING BEANS AND AS MANY MORE THAT WERE ABOUT TO FESTOON THEMSELVES ON POLES TOMATOES OCCUPYING A SITE SO SHELTERED AND SUNNY THAT THE PLANTS WERE ALREADY GIGANTIC AND PROMISED AN EARLY AND ABUNDANT HARVEST,2086,22.848,16000,test,2086-149220-0003_formant_aac-128k
data/attacks/aac-128k/2428-83699-0000_formant.wav,fake,attack,none,aac-128k,aac-128k,I IMAGINE THERE WERE SEVERAL KINDS OF OLD FASHIONED CHRISTMASES BUT IT COULD HARDLY BE WORSE THAN A CHOP IN MY CHAMBERS OR HORROR OF HORRORS AT THE CLUB OR MY COUSIN LUCY'S NOTION OF WHAT SHE CALLS THE FESTIVE SEASON,2428,13.312,16000,test,2428-83699-0000_formant_aac-128k
data/attacks/aac-128k/2428-83699-0000_melvoc.wav,fake,attack,none,aac-128k,aac-128k,I IMAGINE THERE WERE SEVERAL KINDS OF OLD FASHIONED CHRISTMASES BUT IT COULD HARDLY BE WORSE THAN A CHOP IN MY CHAMBERS OR HORROR OF HORRORS AT THE CLUB OR MY COUSIN LUCY'S NOTION OF WHAT SHE CALLS THE FESTIVE SEASON,2428,13.312,16000,test,2428-83699-0000_melvoc_aac-128k
data/attacks/aac-128k/2428-83699-0000_pitch.wav,fake,attack,none,aac-128k,aac-128k,I IMAGINE THERE WERE SEVERAL KINDS OF OLD FASHIONED CHRISTMASES BUT IT COULD HARDLY BE WORSE THAN A CHOP IN MY CHAMBERS OR HORROR OF HORRORS AT THE CLUB OR MY COUSIN LUCY'S NOTION OF WHAT SHE CALLS THE FESTIVE SEASON,2428,13.312,16000,test,2428-83699-0000_pitch_aac-128k
data/attacks/aac-128k/2428-83699-0001_formant.wav,fake,attack,none,aac-128k,aac-128k,FESTIVE YES,2428,2.112,16000,test,2428-83699-0001_formant_aac-128k
data/attacks/aac-128k/2428-83699-0001_melvoc.wav,fake,attack,none,aac-128k,aac-128k,FESTIVE YES,2428,2.112,16000,test,2428-83699-0001_melvoc_aac-128k
data/attacks/aac-128k/2428-83699-0001_pitch.wav,fake,attack,none,aac-128k,aac-128k,FESTIVE YES,2428,2.112,16000,test,2428-83699-0001_pitch_aac-128k
data/attacks/aac-128k/2428-83699-0002_formant.wav,fake,attack,none,aac-128k,aac-128k,THE REPLY WAS WRITTEN IN A SPRAWLING FEMININE HAND IT WAS A LITTLE VAGUE,2428,4.288,16000,test,2428-83699-0002_formant_aac-128k
data/attacks/aac-128k/2428-83699-0002_melvoc.wav,fake,attack,none,aac-128k,aac-128k,THE REPLY WAS WRITTEN IN A SPRAWLING FEMININE HAND IT WAS A LITTLE VAGUE,2428,4.288,16000,test,2428-83699-0002_melvoc_aac-128k
data/attacks/aac-128k/2428-83699-0002_pitch.wav,fake,attack,none,aac-128k,aac-128k,THE REPLY WAS WRITTEN IN A SPRAWLING FEMININE HAND IT WAS A LITTLE VAGUE,2428,4.288,16000,test,2428-83699-0002_pitch_aac-128k
data/attacks/aac-128k/2428-83699-0003_formant.wav,fake,attack,none,aac-128k,aac-128k,IT APPEARED THAT THE TERMS WOULD BE FIVE GUINEAS BUT THERE WAS NO MENTION OF THE LENGTH OF TIME WHICH THAT FEE WOULD COVER,2428,6.272,16000,test,2428-83699-0003_formant_aac-128k
data/attacks/aac-128k/2428-83699-0003_melvoc.wav,fake,attack,none,aac-128k,aac-128k,IT APPEARED THAT THE TERMS WOULD BE FIVE GUINEAS BUT THERE WAS NO MENTION OF THE LENGTH OF TIME WHICH THAT FEE WOULD COVER,2428,6.272,16000,test,2428-83699-0003_melvoc_aac-128k
data/attacks/aac-128k/2428-83699-0003_pitch.wav,fake,attack,none,aac-128k,aac-128k,IT APPEARED THAT THE TERMS WOULD BE FIVE GUINEAS BUT THERE WAS NO MENTION OF THE LENGTH OF TIME WHICH THAT FEE WOULD COVER,2428,6.272,16000,test,2428-83699-0003_pitch_aac-128k
data/attacks/aac-128k/2428-83699-0004_formant.wav,fake,attack,none,aac-128k,aac-128k,THE WHOLE THING WAS A TRIFLE ODD,2428,1.92,16000,test,2428-83699-0004_formant_aac-128k
data/attacks/aac-128k/2428-83699-0004_melvoc.wav,fake,attack,none,aac-128k,aac-128k,THE WHOLE THING WAS A TRIFLE ODD,2428,1.92,16000,test,2428-83699-0004_melvoc_aac-128k
data/attacks/aac-128k/2428-83699-0004_pitch.wav,fake,attack,none,aac-128k,aac-128k,THE WHOLE THING WAS A TRIFLE ODD,2428,1.92,16000,test,2428-83699-0004_pitch_aac-128k
data/attacks/aac-128k/2428-83699-0005_formant.wav,fake,attack,none,aac-128k,aac-128k,THERE WAS NOTHING SAID ABOUT THE SORT OF ACCOMMODATION WHICH WOULD BE PROVIDED NOTHING ABOUT THE KIND OF ESTABLISHMENT WHICH WAS MAINTAINED OR THE TABLE WHICH WAS KEPT,2428,9.152,16000,test,2428-83699-0005_formant_aac-128k
data/attacks/aac-128k/2428-83699-0005_melvoc.wav,fake,attack,none,aac-128k,aac-128k,THERE WAS NOTHING SAID ABOUT THE SORT OF ACCOMMODATION WHICH WOULD BE PROVIDED NOTHING ABOUT THE KIND OF ESTABLISHMENT WHICH WAS MAINTAINED OR THE TABLE WHICH WAS KEPT,2428,9.088,16000,test,2428-83699-0005_melvoc_aac-128k
data/attacks/aac-128k/2428-83699-0005_pitch.wav,fake,attack,none,aac-128k,aac-128k,THERE WAS NOTHING SAID ABOUT THE SORT OF ACCOMMODATION WHICH WOULD BE PROVIDED NOTHING ABOUT THE KIND OF ESTABLISHMENT WHICH WAS MAINTAINED OR THE TABLE WHICH WAS KEPT,2428,9.152,16000,test,2428-83699-0005_pitch_aac-128k
data/attacks/aac-128k/2428-83699-0006_formant.wav,fake,attack,none,aac-128k,aac-128k,NOW IT IS A REMARKABLE THING THAT I HAVE ALWAYS HAD AN EXTRAORDINARY PREDILECTION FOR THE NAME MADGE I DO NOT KNOW WHY,2428,6.848,16000,test,2428-83699-0006_formant_aac-128k
data/attacks/aac-128k/2428-83699-0006_melvoc.wav,fake,attack,none,aac-128k,aac-128k,NOW IT IS A REMARKABLE THING THAT I HAVE ALWAYS HAD AN EXTRAORDINARY PREDILECTION FOR THE NAME MADGE I DO NOT KNOW WHY,2428,6.848,16000,test,2428-83699-0006_melvoc_aac-128k
data/attacks/aac-128k/2428-83699-0006_pitch.wav,fake,attack,none,aac-128k,aac-128k,NOW IT IS A REMARKABLE THING THAT I HAVE ALWAYS HAD AN EXTRAORDINARY PREDILECTION FOR THE NAME MADGE I DO NOT KNOW WHY,2428,6.848,16000,test,2428-83699-0006_pitch_aac-128k
data/attacks/aac-128k/2428-83699-0007_formant.wav,fake,attack,none,aac-128k,aac-128k,I HAVE NEVER KNOWN A MADGE AND YET FROM MY BOYHOOD UPWARD I HAVE DESIRED TO MEET ONE,2428,5.76,16000,test,2428-83699-0007_formant_aac-128k
data/attacks/aac-128k/2428-83699-0007_melvoc.wav,fake,attack,none,aac-128k,aac-128k,I HAVE NEVER KNOWN A MADGE AND YET FROM MY BOYHOOD UPWARD I HAVE DESIRED TO MEET ONE,2428,5.76,16000,test,2428-83699-0007_melvoc_aac-128k
data/attacks/aac-128k/2428-83699-0007_pitch.wav,fake,attack,none,aac-128k,aac-128k,I HAVE NEVER KNOWN A MADGE AND YET FROM MY BOYHOOD UPWARD I HAVE DESIRED TO MEET ONE,2428,5.76,16000,test,2428-83699-0007_pitch_aac-128k
data/attacks/aac-128k/2428-83699-0008_formant.wav,fake,attack,none,aac-128k,aac-128k,UNDER SUCH CIRCUMSTANCES SHE WAS HARDLY LIKELY TO BE LIVELY HERSELF BUT HER NAME WAS MADGE AND IT WAS THE ACCIDENT OF HER CHRISTIAN NAME WHICH DECIDED ME TO GO,2428,10.432,16000,test,2428-83699-0008_formant_aac-128k
data/attacks/aac-128k/3576-138058-0000_formant.wav,fake,attack,none,aac-128k,aac-128k,MASTER AND MAN DISMOUNTED FROM THEIR BEASTS AND AS SOON AS THEY HAD SETTLED THEMSELVES AT THE FOOT OF THE TREES SANCHO WHO HAD HAD A GOOD NOONTIDE MEAL THAT DAY LET HIMSELF WITHOUT MORE ADO PASS THE GATES OF SLEEP,3576,14.144,16000,test,3576-138058-0000_formant_aac-128k
data/attacks/aac-128k/3576-138058-0000_melvoc.wav,fake,attack,none,aac-128k,aac-128k,MASTER AND MAN DISMOUNTED FROM THEIR BEASTS AND AS SOON AS THEY HAD SETTLED THEMSELVES AT THE FOOT OF THE TREES SANCHO WHO HAD HAD A GOOD NOONTIDE MEAL THAT DAY LET HIMSELF WITHOUT MORE ADO PASS THE GATES OF SLEEP,3576,14.144,16000,test,3576-138058-0000_melvoc_aac-128k
data/attacks/aac-128k/3576-138058-0000_pitch.wav,fake,attack,none,aac-128k,aac-128k,MASTER AND MAN DISMOUNTED FROM THEIR BEASTS AND AS SOON AS THEY HAD SETTLED THEMSELVES AT THE FOOT OF THE TREES SANCHO WHO HAD HAD A GOOD NOONTIDE MEAL THAT DAY LET HIMSELF WITHOUT MORE ADO PASS THE GATES OF SLEEP,3576,14.144,16000,test,3576-138058-0000_pitch_aac-128k
data/attacks/aac-128k/3576-138058-0001_formant.wav,fake,attack,none,aac-128k,aac-128k,BUT DON QUIXOTE WHOM HIS THOUGHTS FAR MORE THAN HUNGER KEPT AWAKE COULD NOT CLOSE AN EYE AND ROAMED IN FANCY TO AND FRO THROUGH ALL SORTS OF PLACES,3576,10.816,16000,test,3576-138058-0001_formant_aac-128k
data/attacks/aac-128k/3576-138058-0001_melvoc.wav,fake,attack,none,aac-128k,aac-128k,BUT DON QUIXOTE WHOM HIS THOUGHTS FAR MORE THAN HUNGER KEPT AWAKE COULD NOT CLOSE AN EYE AND ROAMED IN FANCY TO AND FRO THROUGH ALL SORTS OF PLACES,3576,10.816,16000,test,3576-138058-0001_melvoc_aac-128k
data/attacks/aac-128k/3576-138058-0001_pitch.wav,fake,attack,none,aac-128k,aac-128k,BUT DON QUIXOTE WHOM HIS THOUGHTS FAR MORE THAN HUNGER KEPT AWAKE COULD NOT CLOSE AN EYE AND ROAMED IN FANCY TO AND FRO THROUGH ALL SORTS OF PLACES,3576,10.816,16000,test,3576-138058-0001_pitch_aac-128k
data/attacks/aac-128k/3576-138058-0002_formant.wav,fake,attack,none,aac-128k,aac-128k,AT ONE MOMENT IT SEEMED TO HIM THAT HE WAS IN THE CAVE OF MONTESINOS AND SAW DULCINEA TRANSFORMED INTO A COUNTRY WENCH SKIPPING AND MOUNTING UPON HER SHE ASS AGAIN THAT THE WORDS OF THE SAGE MERLIN WERE SOUNDING IN HIS EARS SETTING FORTH THE CONDITIONS TO BE OBSERVED AND THE EXERTIONS TO BE MADE FOR THE DISENCHANTMENT OF DULCINEA,3576,22.336,16000,test,3576-138058-0002_formant_aac-128k
data/attacks/aac-128k/3576-138058-0002_melvoc.wav,fake,attack,none,aac-128k,aac-128k,AT ONE MOMENT IT SEEMED TO HIM THAT HE WAS IN THE CAVE OF MONTESINOS AND SAW DULCINEA TRANSFORMED INTO A COUNTRY WENCH SKIPPING AND MOUNTING UPON HER SHE ASS AGAIN THAT THE WORDS OF THE SAGE MERLIN WERE SOUNDING IN HIS EARS SETTING FORTH THE CONDITIONS TO BE OBSERVED AND THE EXERTIONS TO BE MADE FOR THE DISENCHANTMENT OF DULCINEA,3576,22.336,16000,test,3576-138058-0002_melvoc_aac-128k
data/attacks/aac-128k/3576-138058-0002_pitch.wav,fake,attack,none,aac-128k,aac-128k,AT ONE MOMENT IT SEEMED TO HIM THAT HE WAS IN THE CAVE OF MONTESINOS AND SAW DULCINEA TRANSFORMED INTO A COUNTRY WENCH SKIPPING AND MOUNTING UPON HER SHE ASS AGAIN THAT THE WORDS OF THE SAGE MERLIN WERE SOUNDING IN HIS EARS SETTING FORTH THE CONDITIONS TO BE OBSERVED AND THE EXERTIONS TO BE MADE FOR THE DISENCHANTMENT OF DULCINEA,3576,22.336,16000,test,3576-138058-0002_pitch_aac-128k
data/attacks/aac-128k/3576-138058-0003_formant.wav,fake,attack,none,aac-128k,aac-128k,WHO IS TOUCHING ME AND UNTRUSSING ME,3576,2.56,16000,test,3576-138058-0003_formant_aac-128k
data/attacks/aac-128k/3576-138058-0003_melvoc.wav,fake,attack,none,aac-128k,aac-128k,WHO IS TOUCHING ME AND UNTRUSSING ME,3576,2.56,16000,test,3576-138058-0003_melvoc_aac-128k
data/attacks/aac-128k/3576-138058-0003_pitch.wav,fake,attack,none,aac-128k,aac-128k,WHO IS TOUCHING ME AND UNTRUSSING ME,3576,2.56,16000,test,3576-138058-0003_pitch_aac-128k
data/attacks/aac-128k/3576-138058-0004_formant.wav,fake,attack,none,aac-128k,aac-128k,DULCINEA IS PERISHING THOU ART LIVING ON REGARDLESS I AM DYING OF HOPE DEFERRED THEREFORE UNTRUSS THYSELF WITH A GOOD WILL FOR MINE IT IS HERE IN THIS RETIRED SPOT TO GIVE THEE AT LEAST TWO THOUSAND LASHES,3576,16.576,16000,test,3576-138058-0004_formant_aac-128k
data/attacks/aac-128k/3576-138058-0004_melvoc.wav,fake,attack,none,aac-128k,aac-128k,DULCINEA IS PERISHING THOU ART LIVING ON REGARDLESS I AM DYING OF HOPE DEFERRED THEREFORE UNTRUSS THYSELF WITH A GOOD WILL FOR MINE IT IS HERE IN THIS RETIRED SPOT TO GIVE THEE AT LEAST TWO THOUSAND LASHES,3576,16.576,16000,test,3576-138058-0004_melvoc_aac-128k
data/attacks/aac-128k/3576-138058-0004_pitch.wav,fake,attack,none,aac-128k,aac-128k,DULCINEA IS PERISHING THOU ART LIVING ON REGARDLESS I AM DYING OF HOPE DEFERRED THEREFORE UNTRUSS THYSELF WITH A GOOD WILL FOR MINE IT IS HERE IN THIS RETIRED SPOT TO GIVE THEE AT LEAST TWO THOUSAND LASHES,3576,16.576,16000,test,3576-138058-0004_pitch_aac-128k
data/attacks/aac-128k/3576-138058-0005_formant.wav,fake,attack,none,aac-128k,aac-128k,SEEING THIS SANCHO GOT UP AND GRAPPLING WITH HIS MASTER HE GRIPPED HIM WITH ALL HIS MIGHT IN HIS ARMS GIVING HIM A TRIP WITH THE HEEL STRETCHED HIM ON THE GROUND ON HIS BACK AND PRESSING HIS RIGHT KNEE ON HIS CHEST HELD HIS HANDS IN HIS OWN SO THAT HE COULD NEITHER MOVE NOR BREATHE,3576,16.704,16000,test,3576-138058-0005_formant_aac-128k
data/attacks/aac-128k/3576-138058-0005_melvoc.wav,fake,attack,none,aac-128k,aac-128k,SEEING THIS SANCHO GOT UP AND GRAPPLING WITH HIS MASTER HE GRIPPED HIM WITH ALL HIS MIGHT IN HIS ARMS GIVING HIM A TRIP WITH THE HEEL STRETCHED HIM ON THE GROUND ON HIS BACK AND PRESSING HIS RIGHT KNEE ON HIS CHEST HELD HIS HANDS IN HIS OWN SO THAT HE COULD NEITHER MOVE NOR BREATHE,3576,16.704,16000,test,3576-138058-0005_melvoc_aac-128k
data/attacks/aac-128k/3576-138058-0005_pitch.wav,fake,attack,none,aac-128k,aac-128k,SEEING THIS SANCHO GOT UP AND GRAPPLING WITH HIS MASTER HE GRIPPED HIM WITH ALL HIS MIGHT IN HIS ARMS GIVING HIM A TRIP WITH THE HEEL STRETCHED HIM ON THE GROUND ON HIS BACK AND PRESSING HIS RIGHT KNEE ON HIS CHEST HELD HIS HANDS IN HIS OWN SO THAT HE COULD NEITHER MOVE NOR BREATHE,3576,16.704,16000,test,3576-138058-0005_pitch_aac-128k
data/attacks/aac-128k/3576-138058-0006_formant.wav,fake,attack,none,aac-128k,aac-128k,HOW NOW TRAITOR EXCLAIMED DON QUIXOTE,3576,3.968,16000,test,3576-138058-0006_formant_aac-128k
data/attacks/aac-128k/3576-138058-0006_melvoc.wav,fake,attack,none,aac-128k,aac-128k,HOW NOW TRAITOR EXCLAIMED DON QUIXOTE,3576,3.968,16000,test,3576-138058-0006_melvoc_aac-128k
data/attacks/aac-128k/3576-138058-0006_pitch.wav,fake,attack,none,aac-128k,aac-128k,HOW NOW TRAITOR EXCLAIMED DON QUIXOTE,3576,3.968,16000,test,3576-138058-0006_pitch_aac-128k
data/attacks/aac-128k/3576-138058-0007_formant.wav,fake,attack,none,aac-128k,aac-128k,DOST THOU REVOLT AGAINST THY MASTER AND NATURAL LORD,3576,3.584,16000,test,3576-138058-0007_formant_aac-128k
data/attacks/aac-128k/3576-138058-0007_melvoc.wav,fake,attack,none,aac-128k,aac-128k,DOST THOU REVOLT AGAINST THY MASTER AND NATURAL LORD,3576,3.584,16000,test,3576-138058-0007_melvoc_aac-128k
data/attacks/aac-128k/3576-138058-0007_pitch.wav,fake,attack,none,aac-128k,aac-128k,DOST THOU REVOLT AGAINST THY MASTER AND NATURAL LORD,3576,3.584,16000,test,3576-138058-0007_pitch_aac-128k
data/attacks/aac-128k/3576-138058-0008_formant.wav,fake,attack,none,aac-128k,aac-128k,DOST THOU RISE AGAINST HIM WHO GIVES THEE HIS BREAD,3576,3.904,16000,test,3576-138058-0008_formant_aac-128k
data/attacks/aac-128k/5895-34615-0000_formant.wav,fake,attack,none,aac-128k,aac-128k,BUT IS LAUGHTER A SYNONYM OF JOY,5895,3.392,16000,test,5895-34615-0000_formant_aac-128k
data/attacks/aac-128k/5895-34615-0000_melvoc.wav,fake,attack,none,aac-128k,aac-128k,BUT IS LAUGHTER A SYNONYM OF JOY,5895,3.328,16000,test,5895-34615-0000_melvoc_aac-128k
data/attacks/aac-128k/5895-34615-0000_pitch.wav,fake,attack,none,aac-128k,aac-128k,BUT IS LAUGHTER A SYNONYM OF JOY,5895,3.392,16000,test,5895-34615-0000_pitch_aac-128k
data/attacks/aac-128k/5895-34615-0001_formant.wav,fake,attack,none,aac-128k,aac-128k,SUCH PERFECT COMPLETENESS IS NOT IN NATURE,5895,3.328,16000,test,5895-34615-0001_formant_aac-128k
data/attacks/aac-128k/5895-34615-0001_melvoc.wav,fake,attack,none,aac-128k,aac-128k,SUCH PERFECT COMPLETENESS IS NOT IN NATURE,5895,3.328,16000,test,5895-34615-0001_melvoc_aac-128k
data/attacks/aac-128k/5895-34615-0001_pitch.wav,fake,attack,none,aac-128k,aac-128k,SUCH PERFECT COMPLETENESS IS NOT IN NATURE,5895,3.328,16000,test,5895-34615-0001_pitch_aac-128k
data/attacks/aac-128k/5895-34615-0002_formant.wav,fake,attack,none,aac-128k,aac-128k,HAD GWYNPLAINE WHEN A CHILD BEEN SO WORTHY OF ATTENTION THAT HIS FACE HAD BEEN SUBJECTED TO TRANSMUTATION WHY NOT,5895,8.768,16000,test,5895-34615-0002_formant_aac-128k
data/attacks/aac-128k/5895-34615-0002_melvoc.wav,fake,attack,none,aac-128k,aac-128k,HAD GWYNPLAINE WHEN A CHILD BEEN SO WORTHY OF ATTENTION THAT HIS FACE HAD BEEN SUBJECTED TO TRANSMUTATION WHY NOT,5895,8.768,16000,test,5895-34615-0002_melvoc_aac-128k
data/attacks/aac-128k/5895-34615-0002_pitch.wav,fake,attack,none,aac-128k,aac-128k,HAD GWYNPLAINE WHEN A CHILD BEEN SO WORTHY OF ATTENTION THAT HIS FACE HAD BEEN SUBJECTED TO TRANSMUTATION WHY NOT,5895,8.768,16000,test,5895-34615-0002_pitch_aac-128k
data/attacks/aac-128k/5895-34615-0003_formant.wav,fake,attack,none,aac-128k,aac-128k,ACCORDING TO ALL APPEARANCE INDUSTRIOUS MANIPULATORS OF CHILDREN HAD WORKED UPON HIS FACE,5895,6.656,16000,test,5895-34615-0003_formant_aac-128k
data/attacks/aac-128k/5895-34615-0003_melvoc.wav,fake,attack,none,aac-128k,aac-128k,ACCORDING TO ALL APPEARANCE INDUSTRIOUS MANIPULATORS OF CHILDREN HAD WORKED UPON HIS FACE,5895,6.656,16000,test,5895-34615-0003_melvoc_aac-128k
data/attacks/aac-128k/5895-34615-0003_pitch.wav,fake,attack,none,aac-128k,aac-128k,ACCORDING TO ALL APPEARANCE INDUSTRIOUS MANIPULATORS OF CHILDREN HAD WORKED UPON HIS FACE,5895,6.656,16000,test,5895-34615-0003_pitch_aac-128k
data/attacks/aac-128k/5895-34615-0004_formant.wav,fake,attack,none,aac-128k,aac-128k,IT SEEMED EVIDENT THAT A MYSTERIOUS AND PROBABLY OCCULT SCIENCE WHICH WAS TO SURGERY WHAT ALCHEMY WAS TO CHEMISTRY HAD CHISELLED HIS FLESH EVIDENTLY AT A VERY TENDER AGE AND MANUFACTURED HIS COUNTENANCE WITH PREMEDITATION,5895,16.0,16000,test,5895-34615-0004_formant_aac-128k
data/attacks/aac-128k/5895-34615-0004_melvoc.wav,fake,attack,none,aac-128k,aac-128k,IT SEEMED EVIDENT THAT A MYSTERIOUS AND PROBABLY OCCULT SCIENCE WHICH WAS TO SURGERY WHAT ALCHEMY WAS TO CHEMISTRY HAD CHISELLED HIS FLESH EVIDENTLY AT A VERY TENDER AGE AND MANUFACTURED HIS COUNTENANCE WITH PREMEDITATION,5895,16.0,16000,test,5895-34615-0004_melvoc_aac-128k
data/attacks/aac-128k/5895-34615-0004_pitch.wav,fake,attack,none,aac-128k,aac-128k,IT SEEMED EVIDENT THAT A MYSTERIOUS AND PROBABLY OCCULT SCIENCE WHICH WAS TO SURGERY WHAT ALCHEMY WAS TO CHEMISTRY HAD CHISELLED HIS FLESH EVIDENTLY AT A VERY TENDER AGE AND MANUFACTURED HIS COUNTENANCE WITH PREMEDITATION,5895,16.0,16000,test,5895-34615-0004_pitch_aac-128k
data/attacks/aac-128k/5895-34615-0005_formant.wav,fake,attack,none,aac-128k,aac-128k,GWYNPLAINE WAS A MOUNTEBANK,5895,2.496,16000,test,5895-34615-0005_formant_aac-128k
data/attacks/aac-128k/5895-34615-0005_melvoc.wav,fake,attack,none,aac-128k,aac-128k,GWYNPLAINE WAS A MOUNTEBANK,5895,2.496,16000,test,5895-34615-0005_melvoc_aac-128k
data/attacks/aac-128k/5895-34615-0005_pitch.wav,fake,attack,none,aac-128k,aac-128k,GWYNPLAINE WAS A MOUNTEBANK,5895,2.496,16000,test,5895-34615-0005_pitch_aac-128k
data/attacks/aac-128k/5895-34615-0006_formant.wav,fake,attack,none,aac-128k,aac-128k,HE SHOWED HIMSELF ON THE PLATFORM,5895,2.56,16000,test,5895-34615-0006_formant_aac-128k
data/attacks/aac-128k/5895-34615-0006_melvoc.wav,fake,attack,none,aac-128k,aac-128k,HE SHOWED HIMSELF ON THE PLATFORM,5895,2.56,16000,test,5895-34615-0006_melvoc_aac-128k
data/attacks/aac-128k/5895-34615-0006_pitch.wav,fake,attack,none,aac-128k,aac-128k,HE SHOWED HIMSELF ON THE PLATFORM,5895,2.56,16000,test,5895-34615-0006_pitch_aac-128k
data/attacks/aac-128k/5895-34615-0007_formant.wav,fake,attack,none,aac-128k,aac-128k,IT WAS GWYNPLAINE'S LAUGH WHICH CREATED THE LAUGHTER OF OTHERS YET HE DID NOT LAUGH HIMSELF,5895,5.76,16000,test,5895-34615-0007_formant_aac-128k
data/attacks/aac-128k/5895-34615-0007_melvoc.wav,fake,attack,none,aac-128k,aac-128k,IT WAS GWYNPLAINE'S LAUGH WHICH CREATED THE LAUGHTER OF OTHERS YET HE DID NOT LAUGH HIMSELF,5895,5.76,16000,test,5895-34615-0007_melvoc_aac-128k
data/attacks/aac-128k/5895-34615-0007_pitch.wav,fake,attack,none,aac-128k,aac-128k,IT WAS GWYNPLAINE'S LAUGH WHICH CREATED THE LAUGHTER OF OTHERS YET HE DID NOT LAUGH HIMSELF,5895,5.76,16000,test,5895-34615-0007_pitch_aac-128k
data/attacks/aac-128k/5895-34615-0008_formant.wav,fake,attack,none,aac-128k,aac-128k,THE OUTSIDE DID NOT DEPEND ON THE INTERIOR,5895,3.072,16000,test,5895-34615-0008_formant_aac-128k
data/attacks/aac-128k/6313-66125-0000_formant.wav,fake,attack,none,aac-128k,aac-128k,YOU'LL ALL BE OVER IF YOU DON'T HAVE A CARE,6313,2.368,16000,test,6313-66125-0000_formant_aac-128k
data/attacks/aac-128k/6313-66125-0000_melvoc.wav,fake,attack,none,aac-128k,aac-128k,YOU'LL ALL BE OVER IF YOU DON'T HAVE A CARE,6313,2.368,16000,test,6313-66125-0000_melvoc_aac-128k
data/attacks/aac-128k/6313-66125-0000_pitch.wav,fake,attack,none,aac-128k,aac-128k,YOU'LL ALL BE OVER IF YOU DON'T HAVE A CARE,6313,2.368,16000,test,6313-66125-0000_pitch_aac-128k
data/attacks/aac-128k/6313-66125-0001_formant.wav,fake,attack,none,aac-128k,aac-128k,LOOKS LIKE A CLUMP OF BUSHES DOWN THERE BUT I AIN'T SURE CAN YOU MAKE IT OUT,6313,4.544,16000,test,6313-66125-0001_formant_aac-128k
data/attacks/aac-128k/6313-66125-0001_melvoc.wav,fake,attack,none,aac-128k,aac-128k,LOOKS LIKE A CLUMP OF BUSHES DOWN THERE BUT I AIN'T SURE CAN YOU MAKE IT OUT,6313,4.544,16000,test,6313-66125-0001_melvoc_aac-128k
data/attacks/aac-128k/6313-66125-0001_pitch.wav,fake,attack,none,aac-128k,aac-128k,LOOKS LIKE A CLUMP OF BUSHES DOWN THERE BUT I AIN'T SURE CAN YOU MAKE IT OUT,6313,4.544,16000,test,6313-66125-0001_pitch_aac-128k
data/attacks/aac-128k/6313-66125-0002_formant.wav,fake,attack,none,aac-128k,aac-128k,YES AGREED TAD THAT DOES LOOK LIKE BUSHES,6313,3.136,16000,test,6313-66125-0002_formant_aac-128k
data/attacks/aac-128k/6313-66125-0002_melvoc.wav,fake,attack,none,aac-128k,aac-128k,YES AGREED TAD THAT DOES LOOK LIKE BUSHES,6313,3.072,16000,test,6313-66125-0002_melvoc_aac-128k
data/attacks/aac-128k/6313-66125-0002_pitch.wav,fake,attack,none,aac-128k,aac-128k,YES AGREED TAD THAT DOES LOOK LIKE BUSHES,6313,3.136,16000,test,6313-66125-0002_pitch_aac-128k
data/attacks/aac-128k/6313-66125-0003_formant.wav,fake,attack,none,aac-128k,aac-128k,DON'T MOVE AROUND LIE PERFECTLY STILL WARNED THE GUIDE ARE YOU HURT,6313,4.608,16000,test,6313-66125-0003_formant_aac-128k
data/attacks/aac-128k/6313-66125-0003_melvoc.wav,fake,attack,none,aac-128k,aac-128k,DON'T MOVE AROUND LIE PERFECTLY STILL WARNED THE GUIDE ARE YOU HURT,6313,4.608,16000,test,6313-66125-0003_melvoc_aac-128k
data/attacks/aac-128k/6313-66125-0003_pitch.wav,fake,attack,none,aac-128k,aac-128k,DON'T MOVE AROUND LIE PERFECTLY STILL WARNED THE GUIDE ARE YOU HURT,6313,4.608,16000,test,6313-66125-0003_pitch_aac-128k
data/attacks/aac-128k/6313-66125-0004_formant.wav,fake,attack,none,aac-128k,aac-128k,AND THAT TUMBLE'S ENOUGH TO KNOCK THE SENSE OUT OF A FULL GROWN MAN,6313,3.264,16000,test,6313-66125-0004_formant_aac-128k
data/attacks/aac-128k/6313-66125-0004_melvoc.wav,fake,attack,none,aac-128k,aac-128k,AND THAT TUMBLE'S ENOUGH TO KNOCK THE SENSE OUT OF A FULL GROWN MAN,6313,3.264,16000,test,6313-66125-0004_melvoc_aac-128k
data/attacks/aac-128k/6313-66125-0004_pitch.wav,fake,attack,none,aac-128k,aac-128k,AND THAT TUMBLE'S ENOUGH TO KNOCK THE SENSE OUT OF A FULL GROWN MAN,6313,3.264,16000,test,6313-66125-0004_pitch_aac-128k
data/attacks/aac-128k/6313-66125-0005_formant.wav,fake,attack,none,aac-128k,aac-128k,I COULD NOT THINK OF ALLOWING ANY OF MY CHARGES TO TAKE SO TERRIBLE A RISK AND,6313,4.672,16000,test,6313-66125-0005_formant_aac-128k
data/attacks/aac-128k/6313-66125-0005_melvoc.wav,fake,attack,none,aac-128k,aac-128k,I COULD NOT THINK OF ALLOWING ANY OF MY CHARGES TO TAKE SO TERRIBLE A RISK AND,6313,4.672,16000,test,6313-66125-0005_melvoc_aac-128k
data/attacks/aac-128k/6313-66125-0005_pitch.wav,fake,attack,none,aac-128k,aac-128k,I COULD NOT THINK OF ALLOWING ANY OF MY CHARGES TO TAKE SO TERRIBLE A RISK AND,6313,4.672,16000,test,6313-66125-0005_pitch_aac-128k
data/attacks/aac-128k/6313-66125-0006_formant.wav,fake,attack,none,aac-128k,aac-128k,NO I AM THE LIGHTER OF THE TWO URGED TAD,6313,3.008,16000,test,6313-66125-0006_formant_aac-128k
data/attacks/aac-128k/6313-66125-0006_melvoc.wav,fake,attack,none,aac-128k,aac-128k,NO I AM THE LIGHTER OF THE TWO URGED TAD,6313,3.008,16000,test,6313-66125-0006_melvoc_aac-128k
data/attacks/aac-128k/6313-66125-0006_pitch.wav,fake,attack,none,aac-128k,aac-128k,NO I AM THE LIGHTER OF THE TWO URGED TAD,6313,3.008,16000,test,6313-66125-0006_pitch_aac-128k
data/attacks/aac-128k/6313-66125-0007_formant.wav,fake,attack,none,aac-128k,aac-128k,I AM THE ONE TO GO AFTER WALT IF ANYONE HAS TO I'LL GO DOWN MISTER THOMAS,6313,4.992,16000,test,6313-66125-0007_formant_aac-128k
data/attacks/aac-128k/6313-66125-0007_melvoc.wav,fake,attack,none,aac-128k,aac-128k,I AM THE ONE TO GO AFTER WALT IF ANYONE HAS TO I'LL GO DOWN MISTER THOMAS,6313,4.928,16000,test,6313-66125-0007_melvoc_aac-128k
data/attacks/aac-128k/6313-66125-0007_pitch.wav,fake,attack,none,aac-128k,aac-128k,I AM THE ONE TO GO AFTER WALT IF ANYONE HAS TO I'LL GO DOWN MISTER THOMAS,6313,4.992,16000,test,6313-66125-0007_pitch_aac-128k
data/attacks/aac-128k/6313-66125-0008_formant.wav,fake,attack,none,aac-128k,aac-128k,MASTER TAD IS RIGHT DECIDED THE GUIDE GAZING AT THE TWO BOYS APPROVINGLY,6313,4.544,16000,test,6313-66125-0008_formant_aac-128k
