utt_id,audio_path,label,source,clone_model,attack_type,attack_params,text,text_source,prompt_utt_id,speaker_id,sample_rate,duration,split,sha256
LA_E_3305029,data/asvspoof/test/LA_0001/LA_E_3305029.flac,real,asvspoof2019_la,none,none,na,na,na,na,LA_0001,16000,2.553,test,na
LA_E_6580034,data/asvspoof/test/LA_0001/LA_E_6580034.flac,real,asvspoof2019_la,none,none,na,na,na,na,LA_0001,16000,3.667,test,na
LA_E_5307744,data/asvspoof/test/LA_0002/LA_E_5307744.flac,real,asvspoof2019_la,none,none,na,na,na,na,LA_0002,16000,3.114,test,na
LA_E_7604296,data/asvspoof/test/LA_0002/LA_E_7604296.flac,real,asvspoof2019_la,none,none,na,na,na,na,LA_0002,16000,8.061,test,na
LA_E_9502086,data/asvspoof/test/LA_0003/LA_E_9502086.flac,real,asvspoof2019_la,none,none,na,na,na,na,LA_0003,16000,3.878,test,na
LA_E_4884352,data/asvspoof/test/LA_0003/LA_E_4884352.flac,real,asvspoof2019_la,none,none,na,na,na,na,LA_0003,16000,3.412,test,na
LA_E_2087578,data/asvspoof/test/LA_0004/LA_E_2087578.flac,real,asvspoof2019_la,none,none,na,na,na,na,LA_0004,16000,3.328,test,na
LA_E_1539224,data/asvspoof/test/LA_0004/LA_E_1539224.flac,real,asvspoof2019_la,none,none,na,na,na,na,LA_0004,16000,2.811,test,na
LA_E_5009719,data/asvspoof/test/LA_0004/LA_E_5009719.flac,real,asvspoof2019_la,none,none,na,na,na,na,LA_0004,16000,2.941,test,na
LA_E_3739591,data/asvspoof/test/LA_0004/LA_E_3739591.flac,real,asvspoof2019_la,none,none,na,na,na,na,LA_0004,16000,2.641,test,na
LA_E_4292147,data/asvspoof/test/LA_0005/LA_E_4292147.flac,real,asvspoof2019_la,none,none,na,na,na,na,LA_0005,16000,4.304,test,na
LA_E_9021464,data/asvspoof/test/LA_0005/LA_E_9021464.flac,real,asvspoof2019_la,none,none,na,na,na,na,LA_0005,16000,3.323,test,na
LA_E_3071430,data/asvspoof/test/LA_0006/LA_E_3071430.flac,real,asvspoof2019_la,none,none,na,na,na,na,LA_0006,16000,5.673,test,na
LA_E_2614442,data/asvspoof/test/LA_0006/LA_E_2614442.flac,real,asvspoof2019_la,none,none,na,na,na,na,LA_0006,16000,4.525,test,na
LA_E_3334364,data/asvspoof/test/LA_0006/LA_E_3334364.flac,real,asvspoof2019_la,none,none,na,na,na,na,LA_0006,16000,3.921,test,na
LA_E_1751798,data/asvspoof/test/LA_0006/LA_E_1751798.flac,real,asvspoof2019_la,none,none,na,na,na,na,LA_0006,16000,4.176,test,na
LA_E_7682639,data/asvspoof/test/LA_0007/LA_E_7682639.flac,real,asvspoof2019_la,none,none,na,na,na,na,LA_0007,16000,2.425,test,na
LA_E_1198781,data/asvspoof/test/LA_0007/LA_E_1198781.flac,real,asvspoof2019_la,none,none,na,na,na,na,LA_0007,16000,2.088,test,na
LA_E_6496136,data/asvspoof/test/LA_0008/LA_E_6496136.flac,real,asvspoof2019_la,none,none,na,na,na,na,LA_0008,16000,3.666,test,na
LA_E_1960467,data/asvspoof/test/LA_0008/LA_E_1960467.flac,real,asvspoof2019_la,none,none,na,na,na,na,LA_0008,16000,2.767,test,na
LA_E_7795320,data/asvspoof/test/LA_0008/LA_E_7795320.flac,real,asvspoof2019_la,none,none,na,na,na,na,LA_0008,16000,3.413,test,na
LA_E_3325588,data/asvspoof/test/LA_0008/LA_E_3325588.flac,real,asvspoof2019_la,none,none,na,na,na,na,LA_0008,16000,4.942,test,na
LA_E_6346279,data/asvspoof/test/LA_0009/LA_E_6346279.flac,real,asvspoof2019_la,none,none,na,na,na,na,LA_0009,16000,3.453,test,na
LA_E_9782835,data/asvspoof/test/LA_0009/LA_E_9782835.flac,real,asvspoof2019_la,none,none,na,na,na,na,LA_0009,16000,2.641,test,na
LA_E_3899422,data/asvspoof/test/LA_0009/LA_E_3899422.flac,real,asvspoof2019_la,none,none,na,na,na,na,LA_0009,16000,3.455,test,na
LA_E_1737745,data/asvspoof/test/LA_0009/LA_E_1737745.flac,real,asvspoof2019_la,none,none,na,na,na,na,LA_0009,16000,4.176,test,na
LA_E_6957133,data/asvspoof/test/LA_0010/LA_E_6957133.flac,real,asvspoof2019_la,none,none,na,na,na,na,LA_0010,16000,2.341,test,na
LA_E_6948141,data/asvspoof/test/LA_0010/LA_E_6948141.flac,real,asvspoof2019_la,none,none,na,na,na,na,LA_0010,16000,2.473,test,na
LA_E_6105359,data/asvspoof/test/LA_0010/LA_E_6105359.flac,real,asvspoof2019_la,none,none,na,na,na,na,LA_0010,16000,2.175,test,na
LA_E_5267373,data/asvspoof/test/LA_0010/LA_E_5267373.flac,real,asvspoof2019_la,none,none,na,na,na,na,LA_0010,16000,2.558,test,na
LA_E_9553950,data/asvspoof/test/LA_0011/LA_E_9553950.flac,real,asvspoof2019_la,none,none,na,na,na,na,LA_0011,16000,2.683,test,na
LA_E_8347876,data/asvspoof/test/LA_0011/LA_E_8347876.flac,real,asvspoof2019_la,none,none,na,na,na,na,LA_0011,16000,3.024,test,na
LA_E_5369873,data/asvspoof/test/LA_0012/LA_E_5369873.flac,real,asvspoof2019_la,none,none,na,na,na,na,LA_0012,16000,2.087,test,na
LA_E_1177031,data/asvspoof/test/LA_0012/LA_E_1177031.flac,real,asvspoof2019_la,none,none,na,na,na,na,LA_0012,16000,1.659,test,na
LA_E_2296362,data/asvspoof/test/LA_0012/LA_E_2296362.flac,real,asvspoof2019_la,none,none,na,na,na,na,LA_0012,16000,3.796,test,na
LA_E_9769305,data/asvspoof/test/LA_0012/LA_E_9769305.flac,real,asvspoof2019_la,none,none,na,na,na,na,LA_0012,16000,5.03,test,na
LA_E_5506628,data/asvspoof/test/LA_0013/LA_E_5506628.flac,real,asvspoof2019_la,none,none,na,na,na,na,LA_0013,16000,3.319,test,na
LA_E_3303674,data/asvspoof/test/LA_0013/LA_E_3303674.flac,real,asvspoof2019_la,none,none,na,na,na,na,LA_0013,16000,2.757,test,na
LA_E_8563758,data/asvspoof/test/LA_0014/LA_E_8563758.flac,real,asvspoof2019_la,none,none,na,na,na,na,LA_0014,16000,2.856,test,na
LA_E_4868247,data/asvspoof/test/LA_0014/LA_E_4868247.flac,real,asvspoof2019_la,none,none,na,na,na,na,LA_0014,16000,2.857,test,na
LA_E_8135416,data/asvspoof/test/LA_0014/LA_E_8135416.flac,real,asvspoof2019_la,none,none,na,na,na,na,LA_0014,16000,3.191,test,na
LA_E_2845462,data/asvspoof/test/LA_0014/LA_E_2845462.flac,real,asvspoof2019_la,none,none,na,na,na,na,LA_0014,16000,2.041,test,na
LA_E_2301244,data/asvspoof/test/LA_0015/LA_E_2301244.flac,real,asvspoof2019_la,none,none,na,na,na,na,LA_0015,16000,5.88,test,na
LA_E_4861467,data/asvspoof/test/LA_0015/LA_E_4861467.flac,real,asvspoof2019_la,none,none,na,na,na,na,LA_0015,16000,4.426,test,na
LA_E_4738131,data/asvspoof/test/LA_0016/LA_E_4738131.flac,real,asvspoof2019_la,none,none,na,na,na,na,LA_0016,16000,2.897,test,na
LA_E_8945666,data/asvspoof/test/LA_0016/LA_E_8945666.flac,real,asvspoof2019_la,none,none,na,na,na,na,LA_0016,16000,2.254,test,na
LA_E_1056200,data/asvspoof/test/LA_0016/LA_E_1056200.flac,real,asvspoof2019_la,none,none,na,na,na,na,LA_0016,16000,2.04,test,na
LA_E_4887012,data/asvspoof/test/LA_0016/LA_E_4887012.flac,real,asvspoof2019_la,none,none,na,na,na,na,LA_0016,16000,1.831,test,na
LA_E_6037005,data/asvspoof/test/LA_0017/LA_E_6037005.flac,real,asvspoof2019_la,none,none,na,na,na,na,LA_0017,16000,3.787,test,na
LA_E_3102565,data/asvspoof/test/LA_0017/LA_E_3102565.flac,real,asvspoof2019_la,none,none,na,na,na,na,LA_0017,16000,3.067,test,na
LA_E_9082189,data/asvspoof/test/LA_0017/LA_E_9082189.flac,real,asvspoof2019_la,none,none,na,na,na,na,LA_0017,16000,4.137,test,na
LA_E_2135071,data/asvspoof/test/LA_0017/LA_E_2135071.flac,real,asvspoof2019_la,none,none,na,na,na,na,LA_0017,16000,2.937,test,na
LA_E_7833085,data/asvspoof/test/LA_0018/LA_E_7833085.flac,real,asvspoof2019_la,none,none,na,na,na,na,LA_0018,16000,2.55,test,na
LA_E_4008479,data/asvspoof/test/LA_0018/LA_E_4008479.flac,real,asvspoof2019_la,none,none,na,na,na,na,LA_0018,16000,2.642,test,na
LA_E_2900914,data/asvspoof/test/LA_0019/LA_E_2900914.flac,real,asvspoof2019_la,none,none,na,na,na,na,LA_0019,16000,3.281,test,na
LA_E_1392652,data/asvspoof/test/LA_0019/LA_E_1392652.flac,real,asvspoof2019_la,none,none,na,na,na,na,LA_0019,16000,2.509,test,na
LA_E_7017025,data/asvspoof/test/LA_0019/LA_E_7017025.flac,real,asvspoof2019_la,none,none,na,na,na,na,LA_0019,16000,3.024,test,na
LA_E_5280127,data/asvspoof/test/LA_0019/LA_E_5280127.flac,real,asvspoof2019_la,none,none,na,na,na,na,LA_0019,16000,2.428,test,na
LA_E_8711637,data/asvspoof/test/LA_0020/LA_E_8711637.flac,real,asvspoof2019_la,none,none,na,na,na,na,LA_0020,16000,3.279,test,na
LA_E_1564490,data/asvspoof/test/LA_0020/LA_E_1564490.flac,real,asvspoof2019_la,none,none,na,na,na,na,LA_0020,16000,3.961,test,na
LA_E_9934853,data/asvspoof/test/LA_0020/LA_E_9934853.flac,real,asvspoof2019_la,none,none,na,na,na,na,LA_0020,16000,5.113,test,na
LA_E_3975772,data/asvspoof/test/LA_0020/LA_E_3975772.flac,real,asvspoof2019_la,none,none,na,na,na,na,LA_0020,16000,3.873,test,na
LA_E_3283004,data/asvspoof/test/LA_0021/LA_E_3283004.flac,real,asvspoof2019_la,none,none,na,na,na,na,LA_0021,16000,3.279,test,na
LA_E_5651802,data/asvspoof/test/LA_0021/LA_E_5651802.flac,real,asvspoof2019_la,none,none,na,na,na,na,LA_0021,16000,2.56,test,na
LA_E_5380898,data/asvspoof/test/LA_0022/LA_E_5380898.flac,real,asvspoof2019_la,none,none,na,na,na,na,LA_0022,16000,6.1,test,na
LA_E_7913626,data/asvspoof/test/LA_0022/LA_E_7913626.flac,real,asvspoof2019_la,none,none,na,na,na,na,LA_0022,16000,3.841,test,na
LA_E_3406513,data/asvspoof/test/LA_0022/LA_E_3406513.flac,real,asvspoof2019_la,none,none,na,na,na,na,LA_0022,16000,5.031,test,na
LA_E_7352998,data/asvspoof/test/LA_0022/LA_E_7352998.flac,real,asvspoof2019_la,none,none,na,na,na,na,LA_0022,16000,5.5,test,na
LA_E_5171892,data/asvspoof/test/LA_0023/LA_E_5171892.flac,real,asvspoof2019_la,none,none,na,na,na,na,LA_0023,16000,1.787,test,na
LA_E_3231617,data/asvspoof/test/LA_0023/LA_E_3231617.flac,real,asvspoof2019_la,none,none,na,na,na,na,LA_0023,16000,2.982,test,na
LA_E_8626389,data/asvspoof/test/LA_0024/LA_E_8626389.flac,real,asvspoof2019_la,none,none,na,na,na,na,LA_0024,16000,4.951,test,na
LA_E_2462935,data/asvspoof/test/LA_0024/LA_E_2462935.flac,real,asvspoof2019_la,none,none,na,na,na,na,LA_0024,16000,3.327,test,na
LA_E_4767145,data/asvspoof/test/LA_0024/LA_E_4767145.flac,real,asvspoof2019_la,none,none,na,na,na,na,LA_0024,16000,3.705,test,na
LA_E_8764798,data/asvspoof/test/LA_0024/LA_E_8764798.flac,real,asvspoof2019_la,none,none,na,na,na,na,LA_0024,16000,3.576,test,na
LA_E_6515051,data/asvspoof/test/LA_0025/LA_E_6515051.flac,real,asvspoof2019_la,none,none,na,na,na,na,LA_0025,16000,4.687,test,na
LA_E_5091845,data/asvspoof/test/LA_0025/LA_E_5091845.flac,real,asvspoof2019_la,none,none,na,na,na,na,LA_0025,16000,4.091,test,na
LA_E_6380031,data/asvspoof/test/LA_0026/LA_E_6380031.flac,real,asvspoof2019_la,none,none,na,na,na,na,LA_0026,16000,3.149,test,na
LA_E_1804143,data/asvspoof/test/LA_0026/LA_E_1804143.flac,real,asvspoof2019_la,none,none,na,na,na,na,LA_0026,16000,4.815,test,na
LA_E_4560400,data/asvspoof/test/LA_0026/LA_E_4560400.flac,real,asvspoof2019_la,none,none,na,na,na,na,LA_0026,16000,3.835,test,na
LA_E_4054306,data/asvspoof/test/LA_0026/LA_E_4054306.flac,real,asvspoof2019_la,none,none,na,na,na,na,LA_0026,16000,2.727,test,na
LA_E_5327849,data/asvspoof/test/LA_0027/LA_E_5327849.flac,real,asvspoof2019_la,none,none,na,na,na,na,LA_0027,16000,3.877,test,na
LA_E_9906132,data/asvspoof/test/LA_0027/LA_E_9906132.flac,real,asvspoof2019_la,none,none,na,na,na,na,LA_0027,16000,3.629,test,na
LA_E_1917255,data/asvspoof/test/LA_0027/LA_E_1917255.flac,real,asvspoof2019_la,none,none,na,na,na,na,LA_0027,16000,2.899,test,na
LA_E_7004519,data/asvspoof/test/LA_0027/LA_E_7004519.flac,real,asvspoof2019_la,none,none,na,na,na,na,LA_0027,16000,3.106,test,na
LA_E_8444573,data/asvspoof/test/LA_0028/LA_E_8444573.flac,real,asvspoof2019_la,none,none,na,na,na,na,LA_0028,16000,3.369,test,na
LA_E_6134868,data/asvspoof/test/LA_0028/LA_E_6134868.flac,real,asvspoof2019_la,none,none,na,na,na,na,LA_0028,16000,2.514,test,na
LA_E_7543874,data/asvspoof/test/LA_0029/LA_E_7543874.flac,real,asvspoof2019_la,none,none,na,na,na,na,LA_0029,16000,3.708,test,na
LA_E_7290282,data/asvspoof/test/LA_0029/LA_E_7290282.flac,real,asvspoof2019_la,none,none,na,na,na,na,LA_0029,16000,3.151,test,na
LA_E_1441284,data/asvspoof/test/LA_0029/LA_E_1441284.flac,real,asvspoof2019_la,none,none,na,na,na,na,LA_0029,16000,2.978,test,na
LA_E_1815191,data/asvspoof/test/LA_0029/LA_E_1815191.flac,real,asvspoof2019_la,none,none,na,na,na,na,LA_0029,16000,3.625,test,na
LA_E_9138143,data/asvspoof/test/LA_0030/LA_E_9138143.flac,real,asvspoof2019_la,none,none,na,na,na,na,LA_0030,16000,4.735,test,na
LA_E_3486569,data/asvspoof/test/LA_0030/LA_E_3486569.flac,real,asvspoof2019_la,none,none,na,na,na,na,LA_0030,16000,3.279,test,na
LA_E_8832325,data/asvspoof/test/LA_0031/LA_E_8832325.flac,real,asvspoof2019_la,none,none,na,na,na,na,LA_0031,16000,3.074,test,na
LA_E_2144572,data/asvspoof/test/LA_0031/LA_E_2144572.flac,real,asvspoof2019_la,none,none,na,na,na,na,LA_0031,16000,3.966,test,na
LA_E_5075675,data/asvspoof/test/LA_0031/LA_E_5075675.flac,real,asvspoof2019_la,none,none,na,na,na,na,LA_0031,16000,1.879,test,na
LA_E_3590990,data/asvspoof/test/LA_0031/LA_E_3590990.flac,real,asvspoof2019_la,none,none,na,na,na,na,LA_0031,16000,3.369,test,na
LA_E_6758527,data/asvspoof/test/LA_0032/LA_E_6758527.flac,real,asvspoof2019_la,none,none,na,na,na,na,LA_0032,16000,6.441,test,na
LA_E_2952558,data/asvspoof/test/LA_0032/LA_E_2952558.flac,real,asvspoof2019_la,none,none,na,na,na,na,LA_0032,16000,4.267,test,na
LA_E_3534890,data/asvspoof/test/LA_0033/LA_E_3534890.flac,real,asvspoof2019_la,none,none,na,na,na,na,LA_0033,16000,2.214,test,na
LA_E_6961006,data/asvspoof/test/LA_0033/LA_E_6961006.flac,real,asvspoof2019_la,none,none,na,na,na,na,LA_0033,16000,2.767,test,na
LA_E_2026661,data/asvspoof/test/LA_0033/LA_E_2026661.flac,real,asvspoof2019_la,none,none,na,na,na,na,LA_0033,16000,5.46,test,na
LA_E_3568970,data/asvspoof/test/LA_0033/LA_E_3568970.flac,real,asvspoof2019_la,none,none,na,na,na,na,LA_0033,16000,2.601,test,na
LA_E_1783411,data/asvspoof/test/LA_0034/LA_E_1783411.flac,real,asvspoof2019_la,none,none,na,na,na,na,LA_0034,16000,3.371,test,na
LA_E_9501461,data/asvspoof/test/LA_0034/LA_E_9501461.flac,real,asvspoof2019_la,none,none,na,na,na,na,LA_0034,16000,4.478,test,na
LA_E_6465809,data/asvspoof/test/LA_0034/LA_E_6465809.flac,real,asvspoof2019_la,none,none,na,na,na,na,LA_0034,16000,4.348,test,na
LA_E_8219414,data/asvspoof/test/LA_0034/LA_E_8219414.flac,real,asvspoof2019_la,none,none,na,na,na,na,LA_0034,16000,3.154,test,na
LA_E_6057217,data/asvspoof/test/LA_0035/LA_E_6057217.flac,real,asvspoof2019_la,none,none,na,na,na,na,LA_0035,16000,3.411,test,na
LA_E_9685531,data/asvspoof/test/LA_0035/LA_E_9685531.flac,real,asvspoof2019_la,none,none,na,na,na,na,LA_0035,16000,4.389,test,na
LA_E_5239519,data/asvspoof/test/LA_0035/LA_E_5239519.flac,real,asvspoof2019_la,none,none,na,na,na,na,LA_0035,16000,3.107,test,na
LA_E_1319921,data/asvspoof/test/LA_0035/LA_E_1319921.flac,real,asvspoof2019_la,none,none,na,na,na,na,LA_0035,16000,3.403,test,na
LA_E_4916170,data/asvspoof/test/LA_0036/LA_E_4916170.flac,real,asvspoof2019_la,none,none,na,na,na,na,LA_0036,16000,3.832,test,na
LA_E_8554579,data/asvspoof/test/LA_0036/LA_E_8554579.flac,real,asvspoof2019_la,none,none,na,na,na,na,LA_0036,16000,3.366,test,na
LA_E_4310858,data/asvspoof/test/LA_0037/LA_E_4310858.flac,real,asvspoof2019_la,none,none,na,na,na,na,LA_0037,16000,3.622,test,na
LA_E_5303704,data/asvspoof/test/LA_0037/LA_E_5303704.flac,real,asvspoof2019_la,none,none,na,na,na,na,LA_0037,16000,2.815,test,na
LA_E_6006583,data/asvspoof/test/LA_0037/LA_E_6006583.flac,real,asvspoof2019_la,none,none,na,na,na,na,LA_0037,16000,2.981,test,na
LA_E_8218457,data/asvspoof/test/LA_0037/LA_E_8218457.flac,real,asvspoof2019_la,none,none,na,na,na,na,LA_0037,16000,3.158,test,na
LA_E_4471017,data/asvspoof/test/LA_0038/LA_E_4471017.flac,real,asvspoof2019_la,none,none,na,na,na,na,LA_0038,16000,6.779,test,na
LA_E_7539391,data/asvspoof/test/LA_0038/LA_E_7539391.flac,real,asvspoof2019_la,none,none,na,na,na,na,LA_0038,16000,4.944,test,na
LA_E_6863548,data/asvspoof/test/LA_0039/LA_E_6863548.flac,real,asvspoof2019_la,none,none,na,na,na,na,LA_0039,16000,3.791,test,na
LA_E_9291955,data/asvspoof/test/LA_0039/LA_E_9291955.flac,real,asvspoof2019_la,none,none,na,na,na,na,LA_0039,16000,2.507,test,na
LA_E_7075719,data/asvspoof/test/LA_0039/LA_E_7075719.flac,real,asvspoof2019_la,none,none,na,na,na,na,LA_0039,16000,3.321,test,na
LA_E_1005795,data/asvspoof/test/LA_0039/LA_E_1005795.flac,real,asvspoof2019_la,none,none,na,na,na,na,LA_0039,16000,3.541,test,na
LA_E_2288295,data/asvspoof/test/LA_0040/LA_E_2288295.flac,real,asvspoof2019_la,none,none,na,na,na,na,LA_0040,16000,4.776,test,na
LA_E_7484191,data/asvspoof/test/LA_0040/LA_E_7484191.flac,real,asvspoof2019_la,none,none,na,na,na,na,LA_0040,16000,2.898,test,na
LA_E_2670831,data/asvspoof/test/LA_0041/LA_E_2670831.flac,real,asvspoof2019_la,none,none,na,na,na,na,LA_0041,16000,1.833,test,na
LA_E_2394889,data/asvspoof/test/LA_0041/LA_E_2394889.flac,real,asvspoof2019_la,none,none,na,na,na,na,LA_0041,16000,3.622,test,na
LA_E_6754209,data/asvspoof/test/LA_0041/LA_E_6754209.flac,real,asvspoof2019_la,none,none,na,na,na,na,LA_0041,16000,3.708,test,na
LA_E_6958235,data/asvspoof/test/LA_0041/LA_E_6958235.flac,real,asvspoof2019_la,none,none,na,na,na,na,LA_0041,16000,1.657,test,na
LA_E_1299659,data/asvspoof/test/LA_0042/LA_E_1299659.flac,real,asvspoof2019_la,none,none,na,na,na,na,LA_0042,16000,2.769,test,na
LA_E_2801699,data/asvspoof/test/LA_0042/LA_E_2801699.flac,real,asvspoof2019_la,none,none,na,na,na,na,LA_0042,16000,3.237,test,na
LA_E_6482354,data/asvspoof/test/LA_0042/LA_E_6482354.flac,real,asvspoof2019_la,none,none,na,na,na,na,LA_0042,16000,2.645,test,na
LA_E_7622296,data/asvspoof/test/LA_0042/LA_E_7622296.flac,real,asvspoof2019_la,none,none,na,na,na,na,LA_0042,16000,2.769,test,na
LA_E_4150719,data/asvspoof/test/LA_0043/LA_E_4150719.flac,real,asvspoof2019_la,none,none,na,na,na,na,LA_0043,16000,2.684,test,na
LA_E_3806263,data/asvspoof/test/LA_0043/LA_E_3806263.flac,real,asvspoof2019_la,none,none,na,na,na,na,LA_0043,16000,2.933,test,na
LA_E_8410941,data/asvspoof/test/LA_0043/LA_E_8410941.flac,real,asvspoof2019_la,none,none,na,na,na,na,LA_0043,16000,3.666,test,na
LA_E_7682962,data/asvspoof/test/LA_0043/LA_E_7682962.flac,real,asvspoof2019_la,none,none,na,na,na,na,LA_0043,16000,3.365,test,na
LA_E_5167923,data/asvspoof/test/LA_0044/LA_E_5167923.flac,real,asvspoof2019_la,none,none,na,na,na,na,LA_0044,16000,3.323,test,na
LA_E_5156636,data/asvspoof/test/LA_0044/LA_E_5156636.flac,real,asvspoof2019_la,none,none,na,na,na,na,LA_0044,16000,3.195,test,na
LA_E_9739458,data/asvspoof/test/LA_0045/LA_E_9739458.flac,real,asvspoof2019_la,none,none,na,na,na,na,LA_0045,16000,3.623,test,na
LA_E_3727595,data/asvspoof/test/LA_0045/LA_E_3727595.flac,real,asvspoof2019_la,none,none,na,na,na,na,LA_0045,16000,3.366,test,na
LA_E_6706975,data/asvspoof/test/LA_0045/LA_E_6706975.flac,real,asvspoof2019_la,none,none,na,na,na,na,LA_0045,16000,3.321,test,na
LA_E_7282079,data/asvspoof/test/LA_0045/LA_E_7282079.flac,real,asvspoof2019_la,none,none,na,na,na,na,LA_0045,16000,3.156,test,na
LA_E_9505288,data/asvspoof/test/LA_0046/LA_E_9505288.flac,real,asvspoof2019_la,none,none,na,na,na,na,LA_0046,16000,4.131,test,na
LA_E_5450657,data/asvspoof/test/LA_0046/LA_E_5450657.flac,real,asvspoof2019_la,none,none,na,na,na,na,LA_0046,16000,3.196,test,na
LA_E_7897801,data/asvspoof/test/LA_0047/LA_E_7897801.flac,real,asvspoof2019_la,none,none,na,na,na,na,LA_0047,16000,2.811,test,na
LA_E_1017049,data/asvspoof/test/LA_0047/LA_E_1017049.flac,real,asvspoof2019_la,none,none,na,na,na,na,LA_0047,16000,3.495,test,na
LA_E_2921332,data/asvspoof/test/LA_0047/LA_E_2921332.flac,real,asvspoof2019_la,none,none,na,na,na,na,LA_0047,16000,4.431,test,na
LA_E_6222625,data/asvspoof/test/LA_0047/LA_E_6222625.flac,real,asvspoof2019_la,none,none,na,na,na,na,LA_0047,16000,3.574,test,na
LA_E_7318100,data/asvspoof/test/LA_0048/LA_E_7318100.flac,real,asvspoof2019_la,none,none,na,na,na,na,LA_0048,16000,4.136,test,na
LA_E_9687809,data/asvspoof/test/LA_0048/LA_E_9687809.flac,real,asvspoof2019_la,none,none,na,na,na,na,LA_0048,16000,5.027,test,na
LA_E_2987280,data/asvspoof/test/LA_0049/LA_E_2987280.flac,real,asvspoof2019_la,none,none,na,na,na,na,LA_0049,16000,3.024,test,na
LA_E_9954768,data/asvspoof/test/LA_0049/LA_E_9954768.flac,real,asvspoof2019_la,none,none,na,na,na,na,LA_0049,16000,2.94,test,na
LA_E_7563039,data/asvspoof/test/LA_0049/LA_E_7563039.flac,real,asvspoof2019_la,none,none,na,na,na,na,LA_0049,16000,2.942,test,na
LA_E_4845413,data/asvspoof/test/LA_0050/LA_E_4845413.flac,real,asvspoof2019_la,none,none,na,na,na,na,LA_0050,16000,4.054,test,na
LA_E_5269639,data/asvspoof/test/LA_0050/LA_E_5269639.flac,real,asvspoof2019_la,none,none,na,na,na,na,LA_0050,16000,3.751,test,na
LA_E_7277286,data/asvspoof/test/LA_0050/LA_E_7277286.flac,real,asvspoof2019_la,none,none,na,na,na,na,LA_0050,16000,3.246,test,na
LA_E_6740771,data/asvspoof/test/LA_0051/LA_E_6740771.flac,real,asvspoof2019_la,none,none,na,na,na,na,LA_0051,16000,4.69,test,na
LA_E_3997720,data/asvspoof/test/LA_0051/LA_E_3997720.flac,real,asvspoof2019_la,none,none,na,na,na,na,LA_0051,16000,2.088,test,na
LA_E_6237402,data/asvspoof/test/LA_0051/LA_E_6237402.flac,real,asvspoof2019_la,none,none,na,na,na,na,LA_0051,16000,4.047,test,na
LA_E_1696904,data/asvspoof/test/LA_0052/LA_E_1696904.flac,real,asvspoof2019_la,none,none,na,na,na,na,LA_0052,16000,3.883,test,na
LA_E_7769419,data/asvspoof/test/LA_0052/LA_E_7769419.flac,real,asvspoof2019_la,none,none,na,na,na,na,LA_0052,16000,3.918,test,na
LA_E_2061550,data/asvspoof/test/LA_0052/LA_E_2061550.flac,real,asvspoof2019_la,none,none,na,na,na,na,LA_0052,16000,3.582,test,na
LA_E_5645003,data/asvspoof/test/LA_0053/LA_E_5645003.flac,real,asvspoof2019_la,none,none,na,na,na,na,LA_0053,16000,2.726,test,na
LA_E_9722693,data/asvspoof/test/LA_0053/LA_E_9722693.flac,real,asvspoof2019_la,none,none,na,na,na,na,LA_0053,16000,3.88,test,na
LA_E_4723892,data/asvspoof/test/LA_0053/LA_E_4723892.flac,real,asvspoof2019_la,none,none,na,na,na,na,LA_0053,16000,2.849,test,na
LA_E_7264581,data/asvspoof/test/LA_0054/LA_E_7264581.flac,real,asvspoof2019_la,none,none,na,na,na,na,LA_0054,16000,2.855,test,na
LA_E_4359358,data/asvspoof/test/LA_0054/LA_E_4359358.flac,real,asvspoof2019_la,none,none,na,na,na,na,LA_0054,16000,2.217,test,na
LA_E_2239510,data/asvspoof/test/LA_0054/LA_E_2239510.flac,real,asvspoof2019_la,none,none,na,na,na,na,LA_0054,16000,3.029,test,na
LA_E_1092011,data/asvspoof/test/LA_0055/LA_E_1092011.flac,real,asvspoof2019_la,none,none,na,na,na,na,LA_0055,16000,4.859,test,na
LA_E_7602365,data/asvspoof/test/LA_0055/LA_E_7602365.flac,real,asvspoof2019_la,none,none,na,na,na,na,LA_0055,16000,4.779,test,na
LA_E_4850441,data/asvspoof/test/LA_0055/LA_E_4850441.flac,real,asvspoof2019_la,none,none,na,na,na,na,LA_0055,16000,2.557,test,na
LA_E_5356954,data/asvspoof/test/LA_0056/LA_E_5356954.flac,real,asvspoof2019_la,none,none,na,na,na,na,LA_0056,16000,3.234,test,na
LA_E_8687725,data/asvspoof/test/LA_0056/LA_E_8687725.flac,real,asvspoof2019_la,none,none,na,na,na,na,LA_0056,16000,2.468,test,na
LA_E_1253524,data/asvspoof/test/LA_0056/LA_E_1253524.flac,real,asvspoof2019_la,none,none,na,na,na,na,LA_0056,16000,2.683,test,na
LA_E_5731886,data/asvspoof/test/LA_0057/LA_E_5731886.flac,real,asvspoof2019_la,none,none,na,na,na,na,LA_0057,16000,2.515,test,na
LA_E_7304633,data/asvspoof/test/LA_0057/LA_E_7304633.flac,real,asvspoof2019_la,none,none,na,na,na,na,LA_0057,16000,2.049,test,na
LA_E_8462873,data/asvspoof/test/LA_0057/LA_E_8462873.flac,real,asvspoof2019_la,none,none,na,na,na,na,LA_0057,16000,1.962,test,na
LA_E_2366626,data/asvspoof/test/LA_0058/LA_E_2366626.flac,real,asvspoof2019_la,none,none,na,na,na,na,LA_0058,16000,2.47,test,na
LA_E_2362333,data/asvspoof/test/LA_0058/LA_E_2362333.flac,real,asvspoof2019_la,none,none,na,na,na,na,LA_0058,16000,2.982,test,na
LA_E_6679260,data/asvspoof/test/LA_0058/LA_E_6679260.flac,real,asvspoof2019_la,none,none,na,na,na,na,LA_0058,16000,3.365,test,na
LA_E_7437876,data/asvspoof/test/LA_0059/LA_E_7437876.flac,real,asvspoof2019_la,none,none,na,na,na,na,LA_0059,16000,4.008,test,na
LA_E_7605406,data/asvspoof/test/LA_0059/LA_E_7605406.flac,real,asvspoof2019_la,none,none,na,na,na,na,LA_0059,16000,3.837,test,na
LA_E_5397934,data/asvspoof/test/LA_0059/LA_E_5397934.flac,real,asvspoof2019_la,none,none,na,na,na,na,LA_0059,16000,4.218,test,na
LA_E_4001999,data/asvspoof/test/LA_0060/LA_E_4001999.flac,real,asvspoof2019_la,none,none,na,na,na,na,LA_0060,16000,2.772,test,na
LA_E_5033229,data/asvspoof/test/LA_0060/LA_E_5033229.flac,real,asvspoof2019_la,none,none,na,na,na,na,LA_0060,16000,3.412,test,na
LA_E_5163080,data/asvspoof/test/LA_0060/LA_E_5163080.flac,real,asvspoof2019_la,none,none,na,na,na,na,LA_0060,16000,3.066,test,na
LA_E_6373923,data/asvspoof/test/LA_0061/LA_E_6373923.flac,real,asvspoof2019_la,none,none,na,na,na,na,LA_0061,16000,2.128,test,na
LA_E_3105878,data/asvspoof/test/LA_0061/LA_E_3105878.flac,real,asvspoof2019_la,none,none,na,na,na,na,LA_0061,16000,2.389,test,na
LA_E_9377307,data/asvspoof/test/LA_0061/LA_E_9377307.flac,real,asvspoof2019_la,none,none,na,na,na,na,LA_0061,16000,2.728,test,na
LA_E_6217699,data/asvspoof/test/LA_0063/LA_E_6217699.flac,real,asvspoof2019_la,none,none,na,na,na,na,LA_0063,16000,2.474,test,na
LA_E_3902702,data/asvspoof/test/LA_0063/LA_E_3902702.flac,real,asvspoof2019_la,none,none,na,na,na,na,LA_0063,16000,3.404,test,na
LA_E_1439904,data/asvspoof/test/LA_0063/LA_E_1439904.flac,real,asvspoof2019_la,none,none,na,na,na,na,LA_0063,16000,3.535,test,na
LA_E_9757127,data/asvspoof/test/LA_0064/LA_E_9757127.flac,real,asvspoof2019_la,none,none,na,na,na,na,LA_0064,16000,3.41,test,na
LA_E_2165709,data/asvspoof/test/LA_0064/LA_E_2165709.flac,real,asvspoof2019_la,none,none,na,na,na,na,LA_0064,16000,2.553,test,na
LA_E_9223764,data/asvspoof/test/LA_0064/LA_E_9223764.flac,real,asvspoof2019_la,none,none,na,na,na,na,LA_0064,16000,2.596,test,na
LA_E_3088318,data/asvspoof/test/LA_0065/LA_E_3088318.flac,real,asvspoof2019_la,none,none,na,na,na,na,LA_0065,16000,2.769,test,na
LA_E_7603920,data/asvspoof/test/LA_0065/LA_E_7603920.flac,real,asvspoof2019_la,none,none,na,na,na,na,LA_0065,16000,2.894,test,na
LA_E_8151959,data/asvspoof/test/LA_0065/LA_E_8151959.flac,real,asvspoof2019_la,none,none,na,na,na,na,LA_0065,16000,3.834,test,na
LA_E_4537790,data/asvspoof/test/LA_0066/LA_E_4537790.flac,real,asvspoof2019_la,none,none,na,na,na,na,LA_0066,16000,6.104,test,na
LA_E_7482442,data/asvspoof/test/LA_0066/LA_E_7482442.flac,real,asvspoof2019_la,none,none,na,na,na,na,LA_0066,16000,6.527,test,na
LA_E_7819448,data/asvspoof/test/LA_0003/LA_E_7819448.flac,fake,asvspoof2019_la,A07,A07,na,na,na,na,LA_0003,16000,1.284,test,na
LA_E_1350026,data/asvspoof/test/LA_0040/LA_E_1350026.flac,fake,asvspoof2019_la,A07,A07,na,na,na,na,LA_0040,16000,3.459,test,na
LA_E_9314539,data/asvspoof/test/LA_0016/LA_E_9314539.flac,fake,asvspoof2019_la,A07,A07,na,na,na,na,LA_0016,16000,3.646,test,na
LA_E_9214210,data/asvspoof/test/LA_0039/LA_E_9214210.flac,fake,asvspoof2019_la,A07,A07,na,na,na,na,LA_0039,16000,1.387,test,na
LA_E_6217305,data/asvspoof/test/LA_0039/LA_E_6217305.flac,fake,asvspoof2019_la,A07,A07,na,na,na,na,LA_0039,16000,1.582,test,na
LA_E_9508397,data/asvspoof/test/LA_0033/LA_E_9508397.flac,fake,asvspoof2019_la,A07,A07,na,na,na,na,LA_0033,16000,1.265,test,na
LA_E_4156936,data/asvspoof/test/LA_0036/LA_E_4156936.flac,fake,asvspoof2019_la,A07,A07,na,na,na,na,LA_0036,16000,3.233,test,na
LA_E_3187156,data/asvspoof/test/LA_0021/LA_E_3187156.flac,fake,asvspoof2019_la,A07,A07,na,na,na,na,LA_0021,16000,4.06,test,na
LA_E_1008103,data/asvspoof/test/LA_0011/LA_E_1008103.flac,fake,asvspoof2019_la,A07,A07,na,na,na,na,LA_0011,16000,2.491,test,na
LA_E_3326267,data/asvspoof/test/LA_0005/LA_E_3326267.flac,fake,asvspoof2019_la,A07,A07,na,na,na,na,LA_0005,16000,1.294,test,na
LA_E_4231938,data/asvspoof/test/LA_0047/LA_E_4231938.flac,fake,asvspoof2019_la,A07,A07,na,na,na,na,LA_0047,16000,1.828,test,na
LA_E_5035508,data/asvspoof/test/LA_0042/LA_E_5035508.flac,fake,asvspoof2019_la,A07,A07,na,na,na,na,LA_0042,16000,2.232,test,na
LA_E_1120293,data/asvspoof/test/LA_0039/LA_E_1120293.flac,fake,asvspoof2019_la,A07,A07,na,na,na,na,LA_0039,16000,1.313,test,na
LA_E_6865971,data/asvspoof/test/LA_0016/LA_E_6865971.flac,fake,asvspoof2019_la,A07,A07,na,na,na,na,LA_0016,16000,0.944,test,na
LA_E_8979943,data/asvspoof/test/LA_0025/LA_E_8979943.flac,fake,asvspoof2019_la,A07,A07,na,na,na,na,LA_0025,16000,5.583,test,na
LA_E_9148294,data/asvspoof/test/LA_0010/LA_E_9148294.flac,fake,asvspoof2019_la,A07,A07,na,na,na,na,LA_0010,16000,2.414,test,na
LA_E_6111497,data/asvspoof/test/LA_0032/LA_E_6111497.flac,fake,asvspoof2019_la,A07,A07,na,na,na,na,LA_0032,16000,0.924,test,na
LA_E_1866015,data/asvspoof/test/LA_0048/LA_E_1866015.flac,fake,asvspoof2019_la,A07,A07,na,na,na,na,LA_0048,16000,2.251,test,na
LA_E_5138700,data/asvspoof/test/LA_0046/LA_E_5138700.flac,fake,asvspoof2019_la,A07,A07,na,na,na,na,LA_0046,16000,6.198,test,na
LA_E_2864769,data/asvspoof/test/LA_0004/LA_E_2864769.flac,fake,asvspoof2019_la,A07,A07,na,na,na,na,LA_0004,16000,4.802,test,na
LA_E_9497523,data/asvspoof/test/LA_0048/LA_E_9497523.flac,fake,asvspoof2019_la,A07,A07,na,na,na,na,LA_0048,16000,1.707,test,na
LA_E_2576560,data/asvspoof/test/LA_0037/LA_E_2576560.flac,fake,asvspoof2019_la,A07,A07,na,na,na,na,LA_0037,16000,0.611,test,na
LA_E_9886283,data/asvspoof/test/LA_0029/LA_E_9886283.flac,fake,asvspoof2019_la,A07,A07,na,na,na,na,LA_0029,16000,1.876,test,na
LA_E_8192030,data/asvspoof/test/LA_0013/LA_E_8192030.flac,fake,asvspoof2019_la,A07,A07,na,na,na,na,LA_0013,16000,2.239,test,na
LA_E_2415884,data/asvspoof/test/LA_0012/LA_E_2415884.flac,fake,asvspoof2019_la,A07,A07,na,na,na,na,LA_0012,16000,3.512,test,na
LA_E_3676306,data/asvspoof/test/LA_0010/LA_E_3676306.flac,fake,asvspoof2019_la,A07,A07,na,na,na,na,LA_0010,16000,1.303,test,na
LA_E_3066196,data/asvspoof/test/LA_0011/LA_E_3066196.flac,fake,asvspoof2019_la,A07,A07,na,na,na,na,LA_0011,16000,2.674,test,na
LA_E_3851895,data/asvspoof/test/LA_0043/LA_E_3851895.flac,fake,asvspoof2019_la,A07,A07,na,na,na,na,LA_0043,16000,6.207,test,na
LA_E_6551836,data/asvspoof/test/LA_0008/LA_E_6551836.flac,fake,asvspoof2019_la,A07,A07,na,na,na,na,LA_0008,16000,5.21,test,na
LA_E_5932984,data/asvspoof/test/LA_0040/LA_E_5932984.flac,fake,asvspoof2019_la,A07,A07,na,na,na,na,LA_0040,16000,1.409,test,na
LA_E_9849373,data/asvspoof/test/LA_0047/LA_E_9849373.flac,fake,asvspoof2019_la,A07,A07,na,na,na,na,LA_0047,16000,1.519,test,na
LA_E_6355518,data/asvspoof/test/LA_0025/LA_E_6355518.flac,fake,asvspoof2019_la,A07,A07,na,na,na,na,LA_0025,16000,2.815,test,na
LA_E_2788082,data/asvspoof/test/LA_0041/LA_E_2788082.flac,fake,asvspoof2019_la,A07,A07,na,na,na,na,LA_0041,16000,4.763,test,na
LA_E_8141376,data/asvspoof/test/LA_0030/LA_E_8141376.flac,fake,asvspoof2019_la,A07,A07,na,na,na,na,LA_0030,16000,2.697,test,na
LA_E_3468697,data/asvspoof/test/LA_0026/LA_E_3468697.flac,fake,asvspoof2019_la,A07,A07,na,na,na,na,LA_0026,16000,1.062,test,na
LA_E_5319618,data/asvspoof/test/LA_0014/LA_E_5319618.flac,fake,asvspoof2019_la,A07,A07,na,na,na,na,LA_0014,16000,1.97,test,na
LA_E_3852709,data/asvspoof/test/LA_0008/LA_E_3852709.flac,fake,asvspoof2019_la,A07,A07,na,na,na,na,LA_0008,16000,1.216,test,na
LA_E_1619258,data/asvspoof/test/LA_0040/LA_E_1619258.flac,fake,asvspoof2019_la,A07,A07,na,na,na,na,LA_0040,16000,1.388,test,na
LA_E_6189839,data/asvspoof/test/LA_0012/LA_E_6189839.flac,fake,asvspoof2019_la,A07,A07,na,na,na,na,LA_0012,16000,2.533,test,na
LA_E_3715486,data/asvspoof/test/LA_0025/LA_E_3715486.flac,fake,asvspoof2019_la,A07,A07,na,na,na,na,LA_0025,16000,3.442,test,na
LA_E_2007952,data/asvspoof/test/LA_0040/LA_E_2007952.flac,fake,asvspoof2019_la,A07,A07,na,na,na,na,LA_0040,16000,2.271,test,na
LA_E_5762914,data/asvspoof/test/LA_0020/LA_E_5762914.flac,fake,asvspoof2019_la,A07,A07,na,na,na,na,LA_0020,16000,1.367,test,na
LA_E_4805267,data/asvspoof/test/LA_0045/LA_E_4805267.flac,fake,asvspoof2019_la,A07,A07,na,na,na,na,LA_0045,16000,4.32,test,na
LA_E_7935310,data/asvspoof/test/LA_0027/LA_E_7935310.flac,fake,asvspoof2019_la,A07,A07,na,na,na,na,LA_0027,16000,3.382,test,na
LA_E_8350398,data/asvspoof/test/LA_0018/LA_E_8350398.flac,fake,asvspoof2019_la,A07,A07,na,na,na,na,LA_0018,16000,3.209,test,na
LA_E_5141706,data/asvspoof/test/LA_0048/LA_E_5141706.flac,fake,asvspoof2019_la,A07,A07,na,na,na,na,LA_0048,16000,4.846,test,na
LA_E_1290540,data/asvspoof/test/LA_0031/LA_E_1290540.flac,fake,asvspoof2019_la,A08,A08,na,na,na,na,LA_0031,16000,1.288,test,na
LA_E_3606086,data/asvspoof/test/LA_0019/LA_E_3606086.flac,fake,asvspoof2019_la,A08,A08,na,na,na,na,LA_0019,16000,2.957,test,na
LA_E_4482875,data/asvspoof/test/LA_0034/LA_E_4482875.flac,fake,asvspoof2019_la,A08,A08,na,na,na,na,LA_0034,16000,1.093,test,na
LA_E_9558246,data/asvspoof/test/LA_0023/LA_E_9558246.flac,fake,asvspoof2019_la,A08,A08,na,na,na,na,LA_0023,16000,1.103,test,na
LA_E_2599167,data/asvspoof/test/LA_0045/LA_E_2599167.flac,fake,asvspoof2019_la,A08,A08,na,na,na,na,LA_0045,16000,2.124,test,na
LA_E_7148584,data/asvspoof/test/LA_0030/LA_E_7148584.flac,fake,asvspoof2019_la,A08,A08,na,na,na,na,LA_0030,16000,2.035,test,na
LA_E_8357076,data/asvspoof/test/LA_0031/LA_E_8357076.flac,fake,asvspoof2019_la,A08,A08,na,na,na,na,LA_0031,16000,1.809,test,na
LA_E_2276337,data/asvspoof/test/LA_0027/LA_E_2276337.flac,fake,asvspoof2019_la,A08,A08,na,na,na,na,LA_0027,16000,2.688,test,na
LA_E_6717910,data/asvspoof/test/LA_0021/LA_E_6717910.flac,fake,asvspoof2019_la,A08,A08,na,na,na,na,LA_0021,16000,2.648,test,na
LA_E_7649028,data/asvspoof/test/LA_0020/LA_E_7649028.flac,fake,asvspoof2019_la,A08,A08,na,na,na,na,LA_0020,16000,1.812,test,na
LA_E_7344414,data/asvspoof/test/LA_0037/LA_E_7344414.flac,fake,asvspoof2019_la,A08,A08,na,na,na,na,LA_0037,16000,2.186,test,na
LA_E_3909862,data/asvspoof/test/LA_0016/LA_E_3909862.flac,fake,asvspoof2019_la,A08,A08,na,na,na,na,LA_0016,16000,1.731,test,na
LA_E_2327055,data/asvspoof/test/LA_0046/LA_E_2327055.flac,fake,asvspoof2019_la,A08,A08,na,na,na,na,LA_0046,16000,2.101,test,na
LA_E_2450154,data/asvspoof/test/LA_0019/LA_E_2450154.flac,fake,asvspoof2019_la,A08,A08,na,na,na,na,LA_0019,16000,4.761,test,na
LA_E_1485961,data/asvspoof/test/LA_0026/LA_E_1485961.flac,fake,asvspoof2019_la,A08,A08,na,na,na,na,LA_0026,16000,5.918,test,na
LA_E_1325068,data/asvspoof/test/LA_0034/LA_E_1325068.flac,fake,asvspoof2019_la,A08,A08,na,na,na,na,LA_0034,16000,3.874,test,na
LA_E_7672436,data/asvspoof/test/LA_0008/LA_E_7672436.flac,fake,asvspoof2019_la,A08,A08,na,na,na,na,LA_0008,16000,0.87,test,na
LA_E_4430865,data/asvspoof/test/LA_0043/LA_E_4430865.flac,fake,asvspoof2019_la,A08,A08,na,na,na,na,LA_0043,16000,2.469,test,na
LA_E_2338642,data/asvspoof/test/LA_0036/LA_E_2338642.flac,fake,asvspoof2019_la,A08,A08,na,na,na,na,LA_0036,16000,3.18,test,na
LA_E_2598056,data/asvspoof/test/LA_0017/LA_E_2598056.flac,fake,asvspoof2019_la,A08,A08,na,na,na,na,LA_0017,16000,6.197,test,na
LA_E_7568404,data/asvspoof/test/LA_0037/LA_E_7568404.flac,fake,asvspoof2019_la,A08,A08,na,na,na,na,LA_0037,16000,2.506,test,na
LA_E_5796279,data/asvspoof/test/LA_0009/LA_E_5796279.flac,fake,asvspoof2019_la,A08,A08,na,na,na,na,LA_0009,16000,4.376,test,na
LA_E_2705435,data/asvspoof/test/LA_0022/LA_E_2705435.flac,fake,asvspoof2019_la,A08,A08,na,na,na,na,LA_0022,16000,2.018,test,na
LA_E_8010808,data/asvspoof/test/LA_0021/LA_E_8010808.flac,fake,asvspoof2019_la,A08,A08,na,na,na,na,LA_0021,16000,1.112,test,na
LA_E_3951410,data/asvspoof/test/LA_0005/LA_E_3951410.flac,fake,asvspoof2019_la,A08,A08,na,na,na,na,LA_0005,16000,3.372,test,na
LA_E_8339277,data/asvspoof/test/LA_0045/LA_E_8339277.flac,fake,asvspoof2019_la,A08,A08,na,na,na,na,LA_0045,16000,2.622,test,na
LA_E_9586482,data/asvspoof/test/LA_0045/LA_E_9586482.flac,fake,asvspoof2019_la,A08,A08,na,na,na,na,LA_0045,16000,2.497,test,na
LA_E_8410320,data/asvspoof/test/LA_0007/LA_E_8410320.flac,fake,asvspoof2019_la,A08,A08,na,na,na,na,LA_0007,16000,3.351,test,na
LA_E_1432178,data/asvspoof/test/LA_0010/LA_E_1432178.flac,fake,asvspoof2019_la,A08,A08,na,na,na,na,LA_0010,16000,2.843,test,na
LA_E_5282234,data/asvspoof/test/LA_0044/LA_E_5282234.flac,fake,asvspoof2019_la,A08,A08,na,na,na,na,LA_0044,16000,4.031,test,na
LA_E_1085160,data/asvspoof/test/LA_0012/LA_E_1085160.flac,fake,asvspoof2019_la,A08,A08,na,na,na,na,LA_0012,16000,3.079,test,na
LA_E_1482185,data/asvspoof/test/LA_0019/LA_E_1482185.flac,fake,asvspoof2019_la,A08,A08,na,na,na,na,LA_0019,16000,1.013,test,na
LA_E_5014178,data/asvspoof/test/LA_0015/LA_E_5014178.flac,fake,asvspoof2019_la,A08,A08,na,na,na,na,LA_0015,16000,2.823,test,na
LA_E_3759500,data/asvspoof/test/LA_0042/LA_E_3759500.flac,fake,asvspoof2019_la,A08,A08,na,na,na,na,LA_0042,16000,3.936,test,na
LA_E_4029572,data/asvspoof/test/LA_0047/LA_E_4029572.flac,fake,asvspoof2019_la,A08,A08,na,na,na,na,LA_0047,16000,3.561,test,na
LA_E_9037285,data/asvspoof/test/LA_0045/LA_E_9037285.flac,fake,asvspoof2019_la,A08,A08,na,na,na,na,LA_0045,16000,2.037,test,na
LA_E_8556190,data/asvspoof/test/LA_0020/LA_E_8556190.flac,fake,asvspoof2019_la,A08,A08,na,na,na,na,LA_0020,16000,2.594,test,na
LA_E_9894302,data/asvspoof/test/LA_0021/LA_E_9894302.flac,fake,asvspoof2019_la,A08,A08,na,na,na,na,LA_0021,16000,2.633,test,na
LA_E_2671418,data/asvspoof/test/LA_0012/LA_E_2671418.flac,fake,asvspoof2019_la,A08,A08,na,na,na,na,LA_0012,16000,2.898,test,na
LA_E_4543364,data/asvspoof/test/LA_0022/LA_E_4543364.flac,fake,asvspoof2019_la,A08,A08,na,na,na,na,LA_0022,16000,1.458,test,na
LA_E_1882518,data/asvspoof/test/LA_0006/LA_E_1882518.flac,fake,asvspoof2019_la,A08,A08,na,na,na,na,LA_0006,16000,2.716,test,na
LA_E_9329367,data/asvspoof/test/LA_0026/LA_E_9329367.flac,fake,asvspoof2019_la,A08,A08,na,na,na,na,LA_0026,16000,1.54,test,na
LA_E_2153356,data/asvspoof/test/LA_0021/LA_E_2153356.flac,fake,asvspoof2019_la,A08,A08,na,na,na,na,LA_0021,16000,4.314,test,na
LA_E_1737979,data/asvspoof/test/LA_0021/LA_E_1737979.flac,fake,asvspoof2019_la,A08,A08,na,na,na,na,LA_0021,16000,1.414,test,na
LA_E_2091775,data/asvspoof/test/LA_0036/LA_E_2091775.flac,fake,asvspoof2019_la,A08,A08,na,na,na,na,LA_0036,16000,5.374,test,na
LA_E_9687232,data/asvspoof/test/LA_0011/LA_E_9687232.flac,fake,asvspoof2019_la,A08,A08,na,na,na,na,LA_0011,16000,3.557,test,na
LA_E_7611313,data/asvspoof/test/LA_0042/LA_E_7611313.flac,fake,asvspoof2019_la,A09,A09,na,na,na,na,LA_0042,16000,1.362,test,na
LA_E_6533240,data/asvspoof/test/LA_0039/LA_E_6533240.flac,fake,asvspoof2019_la,A09,A09,na,na,na,na,LA_0039,16000,2.699,test,na
LA_E_5994236,data/asvspoof/test/LA_0018/LA_E_5994236.flac,fake,asvspoof2019_la,A09,A09,na,na,na,na,LA_0018,16000,2.585,test,na
LA_E_3866050,data/asvspoof/test/LA_0009/LA_E_3866050.flac,fake,asvspoof2019_la,A09,A09,na,na,na,na,LA_0009,16000,2.415,test,na
LA_E_1249523,data/asvspoof/test/LA_0004/LA_E_1249523.flac,fake,asvspoof2019_la,A09,A09,na,na,na,na,LA_0004,16000,4.019,test,na
LA_E_1100866,data/asvspoof/test/LA_0012/LA_E_1100866.flac,fake,asvspoof2019_la,A09,A09,na,na,na,na,LA_0012,16000,4.966,test,na
LA_E_5199773,data/asvspoof/test/LA_0025/LA_E_5199773.flac,fake,asvspoof2019_la,A09,A09,na,na,na,na,LA_0025,16000,2.744,test,na
LA_E_2004751,data/asvspoof/test/LA_0022/LA_E_2004751.flac,fake,asvspoof2019_la,A09,A09,na,na,na,na,LA_0022,16000,2.3,test,na
LA_E_4551406,data/asvspoof/test/LA_0017/LA_E_4551406.flac,fake,asvspoof2019_la,A09,A09,na,na,na,na,LA_0017,16000,1.17,test,na
LA_E_9336393,data/asvspoof/test/LA_0028/LA_E_9336393.flac,fake,asvspoof2019_la,A09,A09,na,na,na,na,LA_0028,16000,0.934,test,na
LA_E_1940786,data/asvspoof/test/LA_0022/LA_E_1940786.flac,fake,asvspoof2019_la,A09,A09,na,na,na,na,LA_0022,16000,2.941,test,na
LA_E_3915302,data/asvspoof/test/LA_0027/LA_E_3915302.flac,fake,asvspoof2019_la,A09,A09,na,na,na,na,LA_0027,16000,5.704,test,na
LA_E_9725707,data/asvspoof/test/LA_0001/LA_E_9725707.flac,fake,asvspoof2019_la,A09,A09,na,na,na,na,LA_0001,16000,0.863,test,na
LA_E_1672645,data/asvspoof/test/LA_0029/LA_E_1672645.flac,fake,asvspoof2019_la,A09,A09,na,na,na,na,LA_0029,16000,1.729,test,na
LA_E_9811156,data/asvspoof/test/LA_0031/LA_E_9811156.flac,fake,asvspoof2019_la,A09,A09,na,na,na,na,LA_0031,16000,1.765,test,na
LA_E_1167299,data/asvspoof/test/LA_0047/LA_E_1167299.flac,fake,asvspoof2019_la,A09,A09,na,na,na,na,LA_0047,16000,4.327,test,na
LA_E_8929354,data/asvspoof/test/LA_0020/LA_E_8929354.flac,fake,asvspoof2019_la,A09,A09,na,na,na,na,LA_0020,16000,5.73,test,na
LA_E_3264738,data/asvspoof/test/LA_0020/LA_E_3264738.flac,fake,asvspoof2019_la,A09,A09,na,na,na,na,LA_0020,16000,2.097,test,na
LA_E_2121248,data/asvspoof/test/LA_0019/LA_E_2121248.flac,fake,asvspoof2019_la,A09,A09,na,na,na,na,LA_0019,16000,2.902,test,na
LA_E_4023030,data/asvspoof/test/LA_0033/LA_E_4023030.flac,fake,asvspoof2019_la,A09,A09,na,na,na,na,LA_0033,16000,2.051,test,na
LA_E_5689554,data/asvspoof/test/LA_0017/LA_E_5689554.flac,fake,asvspoof2019_la,A09,A09,na,na,na,na,LA_0017,16000,1.004,test,na
LA_E_3551370,data/asvspoof/test/LA_0024/LA_E_3551370.flac,fake,asvspoof2019_la,A09,A09,na,na,na,na,LA_0024,16000,8.141,test,na
LA_E_9882148,data/asvspoof/test/LA_0017/LA_E_9882148.flac,fake,asvspoof2019_la,A09,A09,na,na,na,na,LA_0017,16000,1.882,test,na
LA_E_1757468,data/asvspoof/test/LA_0034/LA_E_1757468.flac,fake,asvspoof2019_la,A09,A09,na,na,na,na,LA_0034,16000,1.607,test,na
LA_E_7454925,data/asvspoof/test/LA_0019/LA_E_7454925.flac,fake,asvspoof2019_la,A09,A09,na,na,na,na,LA_0019,16000,3.249,test,na
LA_E_3493170,data/asvspoof/test/LA_0039/LA_E_3493170.flac,fake,asvspoof2019_la,A09,A09,na,na,na,na,LA_0039,16000,3.46,test,na
LA_E_5869818,data/asvspoof/test/LA_0033/LA_E_5869818.flac,fake,asvspoof2019_la,A09,A09,na,na,na,na,LA_0033,16000,1.825,test,na
LA_E_3091003,data/asvspoof/test/LA_0029/LA_E_3091003.flac,fake,asvspoof2019_la,A09,A09,na,na,na,na,LA_0029,16000,2.564,test,na
LA_E_6101088,data/asvspoof/test/LA_0020/LA_E_6101088.flac,fake,asvspoof2019_la,A09,A09,na,na,na,na,LA_0020,16000,3.142,test,na
LA_E_8021657,data/asvspoof/test/LA_0001/LA_E_8021657.flac,fake,asvspoof2019_la,A09,A09,na,na,na,na,LA_0001,16000,1.418,test,na
LA_E_7770701,data/asvspoof/test/LA_0021/LA_E_7770701.flac,fake,asvspoof2019_la,A09,A09,na,na,na,na,LA_0021,16000,4.798,test,na
LA_E_5397807,data/asvspoof/test/LA_0029/LA_E_5397807.flac,fake,asvspoof2019_la,A09,A09,na,na,na,na,LA_0029,16000,2.307,test,na
LA_E_1780040,data/asvspoof/test/LA_0025/LA_E_1780040.flac,fake,asvspoof2019_la,A09,A09,na,na,na,na,LA_0025,16000,2.611,test,na
LA_E_7099824,data/asvspoof/test/LA_0007/LA_E_7099824.flac,fake,asvspoof2019_la,A09,A09,na,na,na,na,LA_0007,16000,2.206,test,na
LA_E_2919755,data/asvspoof/test/LA_0037/LA_E_2919755.flac,fake,asvspoof2019_la,A09,A09,na,na,na,na,LA_0037,16000,4.482,test,na
LA_E_2789785,data/asvspoof/test/LA_0014/LA_E_2789785.flac,fake,asvspoof2019_la,A09,A09,na,na,na,na,LA_0014,16000,1.443,test,na
LA_E_8926639,data/asvspoof/test/LA_0035/LA_E_8926639.flac,fake,asvspoof2019_la,A09,A09,na,na,na,na,LA_0035,16000,2.056,test,na
LA_E_2120724,data/asvspoof/test/LA_0013/LA_E_2120724.flac,fake,asvspoof2019_la,A09,A09,na,na,na,na,LA_0013,16000,6.717,test,na
LA_E_8725541,data/asvspoof/test/LA_0035/LA_E_8725541.flac,fake,asvspoof2019_la,A09,A09,na,na,na,na,LA_0035,16000,1.446,test,na
LA_E_1332769,data/asvspoof/test/LA_0027/LA_E_1332769.flac,fake,asvspoof2019_la,A09,A09,na,na,na,na,LA_0027,16000,2.438,test,na
LA_E_4158600,data/asvspoof/test/LA_0017/LA_E_4158600.flac,fake,asvspoof2019_la,A09,A09,na,na,na,na,LA_0017,16000,5.045,test,na
LA_E_4288383,data/asvspoof/test/LA_0028/LA_E_4288383.flac,fake,asvspoof2019_la,A09,A09,na,na,na,na,LA_0028,16000,2.636,test,na
LA_E_9739277,data/asvspoof/test/LA_0033/LA_E_9739277.flac,fake,asvspoof2019_la,A09,A09,na,na,na,na,LA_0033,16000,3.913,test,na
LA_E_6648471,data/asvspoof/test/LA_0035/LA_E_6648471.flac,fake,asvspoof2019_la,A09,A09,na,na,na,na,LA_0035,16000,2.103,test,na
LA_E_8322998,data/asvspoof/test/LA_0010/LA_E_8322998.flac,fake,asvspoof2019_la,A09,A09,na,na,na,na,LA_0010,16000,3.787,test,na
LA_E_9404275,data/asvspoof/test/LA_0032/LA_E_9404275.flac,fake,asvspoof2019_la,A09,A09,na,na,na,na,LA_0032,16000,1.244,test,na
LA_E_3319317,data/asvspoof/test/LA_0037/LA_E_3319317.flac,fake,asvspoof2019_la,A10,A10,na,na,na,na,LA_0037,16000,2.216,test,na
LA_E_2317638,data/asvspoof/test/LA_0027/LA_E_2317638.flac,fake,asvspoof2019_la,A10,A10,na,na,na,na,LA_0027,16000,1.908,test,na
LA_E_8343193,data/asvspoof/test/LA_0031/LA_E_8343193.flac,fake,asvspoof2019_la,A10,A10,na,na,na,na,LA_0031,16000,2.006,test,na
LA_E_2436752,data/asvspoof/test/LA_0039/LA_E_2436752.flac,fake,asvspoof2019_la,A10,A10,na,na,na,na,LA_0039,16000,1.882,test,na
LA_E_3090904,data/asvspoof/test/LA_0006/LA_E_3090904.flac,fake,asvspoof2019_la,A10,A10,na,na,na,na,LA_0006,16000,1.781,test,na
LA_E_5152024,data/asvspoof/test/LA_0010/LA_E_5152024.flac,fake,asvspoof2019_la,A10,A10,na,na,na,na,LA_0010,16000,0.96,test,na
LA_E_7605852,data/asvspoof/test/LA_0024/LA_E_7605852.flac,fake,asvspoof2019_la,A10,A10,na,na,na,na,LA_0024,16000,1.259,test,na
LA_E_7729952,data/asvspoof/test/LA_0040/LA_E_7729952.flac,fake,asvspoof2019_la,A10,A10,na,na,na,na,LA_0040,16000,2.378,test,na
LA_E_9538541,data/asvspoof/test/LA_0015/LA_E_9538541.flac,fake,asvspoof2019_la,A10,A10,na,na,na,na,LA_0015,16000,1.943,test,na
LA_E_6310353,data/asvspoof/test/LA_0005/LA_E_6310353.flac,fake,asvspoof2019_la,A10,A10,na,na,na,na,LA_0005,16000,5.78,test,na
LA_E_3763197,data/asvspoof/test/LA_0016/LA_E_3763197.flac,fake,asvspoof2019_la,A10,A10,na,na,na,na,LA_0016,16000,2.879,test,na
LA_E_5522885,data/asvspoof/test/LA_0032/LA_E_5522885.flac,fake,asvspoof2019_la,A10,A10,na,na,na,na,LA_0032,16000,3.331,test,na
LA_E_7364537,data/asvspoof/test/LA_0008/LA_E_7364537.flac,fake,asvspoof2019_la,A10,A10,na,na,na,na,LA_0008,16000,4.16,test,na
LA_E_2890155,data/asvspoof/test/LA_0026/LA_E_2890155.flac,fake,asvspoof2019_la,A10,A10,na,na,na,na,LA_0026,16000,1.167,test,na
LA_E_4209664,data/asvspoof/test/LA_0042/LA_E_4209664.flac,fake,asvspoof2019_la,A10,A10,na,na,na,na,LA_0042,16000,1.603,test,na
LA_E_2507557,data/asvspoof/test/LA_0025/LA_E_2507557.flac,fake,asvspoof2019_la,A10,A10,na,na,na,na,LA_0025,16000,1.04,test,na
LA_E_8813173,data/asvspoof/test/LA_0007/LA_E_8813173.flac,fake,asvspoof2019_la,A10,A10,na,na,na,na,LA_0007,16000,1.345,test,na
LA_E_4133659,data/asvspoof/test/LA_0013/LA_E_4133659.flac,fake,asvspoof2019_la,A10,A10,na,na,na,na,LA_0013,16000,2.429,test,na
LA_E_6719096,data/asvspoof/test/LA_0030/LA_E_6719096.flac,fake,asvspoof2019_la,A10,A10,na,na,na,na,LA_0030,16000,2.596,test,na
LA_E_2980248,data/asvspoof/test/LA_0027/LA_E_2980248.flac,fake,asvspoof2019_la,A10,A10,na,na,na,na,LA_0027,16000,2.135,test,na
LA_E_2214168,data/asvspoof/test/LA_0041/LA_E_2214168.flac,fake,asvspoof2019_la,A10,A10,na,na,na,na,LA_0041,16000,1.132,test,na
LA_E_4156462,data/asvspoof/test/LA_0033/LA_E_4156462.flac,fake,asvspoof2019_la,A10,A10,na,na,na,na,LA_0033,16000,1.667,test,na
LA_E_5923174,data/asvspoof/test/LA_0036/LA_E_5923174.flac,fake,asvspoof2019_la,A10,A10,na,na,na,na,LA_0036,16000,3.018,test,na
LA_E_7923890,data/asvspoof/test/LA_0014/LA_E_7923890.flac,fake,asvspoof2019_la,A10,A10,na,na,na,na,LA_0014,16000,3.103,test,na
LA_E_7351500,data/asvspoof/test/LA_0014/LA_E_7351500.flac,fake,asvspoof2019_la,A10,A10,na,na,na,na,LA_0014,16000,1.458,test,na
LA_E_8145561,data/asvspoof/test/LA_0006/LA_E_8145561.flac,fake,asvspoof2019_la,A10,A10,na,na,na,na,LA_0006,16000,5.229,test,na
LA_E_5145916,data/asvspoof/test/LA_0026/LA_E_5145916.flac,fake,asvspoof2019_la,A10,A10,na,na,na,na,LA_0026,16000,4.31,test,na
LA_E_3579160,data/asvspoof/test/LA_0017/LA_E_3579160.flac,fake,asvspoof2019_la,A10,A10,na,na,na,na,LA_0017,16000,1.48,test,na
LA_E_1281318,data/asvspoof/test/LA_0033/LA_E_1281318.flac,fake,asvspoof2019_la,A10,A10,na,na,na,na,LA_0033,16000,1.541,test,na
LA_E_8265152,data/asvspoof/test/LA_0041/LA_E_8265152.flac,fake,asvspoof2019_la,A10,A10,na,na,na,na,LA_0041,16000,2.702,test,na
LA_E_5473415,data/asvspoof/test/LA_0039/LA_E_5473415.flac,fake,asvspoof2019_la,A10,A10,na,na,na,na,LA_0039,16000,1.218,test,na
LA_E_5352427,data/asvspoof/test/LA_0005/LA_E_5352427.flac,fake,asvspoof2019_la,A10,A10,na,na,na,na,LA_0005,16000,1.703,test,na
LA_E_1906848,data/asvspoof/test/LA_0010/LA_E_1906848.flac,fake,asvspoof2019_la,A10,A10,na,na,na,na,LA_0010,16000,1.103,test,na
LA_E_5045771,data/asvspoof/test/LA_0045/LA_E_5045771.flac,fake,asvspoof2019_la,A10,A10,na,na,na,na,LA_0045,16000,2.943,test,na
LA_E_3153303,data/asvspoof/test/LA_0017/LA_E_3153303.flac,fake,asvspoof2019_la,A10,A10,na,na,na,na,LA_0017,16000,6.008,test,na
LA_E_2497100,data/asvspoof/test/LA_0027/LA_E_2497100.flac,fake,asvspoof2019_la,A10,A10,na,na,na,na,LA_0027,16000,3.432,test,na
LA_E_4131689,data/asvspoof/test/LA_0009/LA_E_4131689.flac,fake,asvspoof2019_la,A10,A10,na,na,na,na,LA_0009,16000,6.842,test,na
LA_E_2347695,data/asvspoof/test/LA_0043/LA_E_2347695.flac,fake,asvspoof2019_la,A10,A10,na,na,na,na,LA_0043,16000,3.32,test,na
LA_E_3641471,data/asvspoof/test/LA_0020/LA_E_3641471.flac,fake,asvspoof2019_la,A10,A10,na,na,na,na,LA_0020,16000,1.551,test,na
LA_E_9039825,data/asvspoof/test/LA_0031/LA_E_9039825.flac,fake,asvspoof2019_la,A10,A10,na,na,na,na,LA_0031,16000,2.219,test,na
LA_E_5744980,data/asvspoof/test/LA_0005/LA_E_5744980.flac,fake,asvspoof2019_la,A10,A10,na,na,na,na,LA_0005,16000,1.17,test,na
LA_E_6237060,data/asvspoof/test/LA_0041/LA_E_6237060.flac,fake,asvspoof2019_la,A10,A10,na,na,na,na,LA_0041,16000,1.406,test,na
LA_E_8678037,data/asvspoof/test/LA_0012/LA_E_8678037.flac,fake,asvspoof2019_la,A10,A10,na,na,na,na,LA_0012,16000,4.478,test,na
LA_E_4651137,data/asvspoof/test/LA_0044/LA_E_4651137.flac,fake,asvspoof2019_la,A10,A10,na,na,na,na,LA_0044,16000,1.969,test,na
LA_E_1639424,data/asvspoof/test/LA_0033/LA_E_1639424.flac,fake,asvspoof2019_la,A10,A10,na,na,na,na,LA_0033,16000,2.656,test,na
LA_E_6585767,data/asvspoof/test/LA_0006/LA_E_6585767.flac,fake,asvspoof2019_la,A10,A10,na,na,na,na,LA_0006,16000,5.231,test,na
LA_E_5844689,data/asvspoof/test/LA_0026/LA_E_5844689.flac,fake,asvspoof2019_la,A11,A11,na,na,na,na,LA_0026,16000,1.48,test,na
LA_E_7997360,data/asvspoof/test/LA_0015/LA_E_7997360.flac,fake,asvspoof2019_la,A11,A11,na,na,na,na,LA_0015,16000,2.757,test,na
LA_E_6164478,data/asvspoof/test/LA_0032/LA_E_6164478.flac,fake,asvspoof2019_la,A11,A11,na,na,na,na,LA_0032,16000,1.346,test,na
LA_E_4166104,data/asvspoof/test/LA_0002/LA_E_4166104.flac,fake,asvspoof2019_la,A11,A11,na,na,na,na,LA_0002,16000,1.181,test,na
LA_E_3146024,data/asvspoof/test/LA_0031/LA_E_3146024.flac,fake,asvspoof2019_la,A11,A11,na,na,na,na,LA_0031,16000,4.047,test,na
LA_E_2367733,data/asvspoof/test/LA_0019/LA_E_2367733.flac,fake,asvspoof2019_la,A11,A11,na,na,na,na,LA_0019,16000,3.216,test,na
LA_E_6032118,data/asvspoof/test/LA_0016/LA_E_6032118.flac,fake,asvspoof2019_la,A11,A11,na,na,na,na,LA_0016,16000,1.585,test,na
LA_E_9184768,data/asvspoof/test/LA_0016/LA_E_9184768.flac,fake,asvspoof2019_la,A11,A11,na,na,na,na,LA_0016,16000,0.69,test,na
LA_E_3230861,data/asvspoof/test/LA_0033/LA_E_3230861.flac,fake,asvspoof2019_la,A11,A11,na,na,na,na,LA_0033,16000,2.769,test,na
LA_E_4798713,data/asvspoof/test/LA_0040/LA_E_4798713.flac,fake,asvspoof2019_la,A11,A11,na,na,na,na,LA_0040,16000,0.996,test,na
LA_E_1865954,data/asvspoof/test/LA_0045/LA_E_1865954.flac,fake,asvspoof2019_la,A11,A11,na,na,na,na,LA_0045,16000,2.28,test,na
LA_E_6128784,data/asvspoof/test/LA_0039/LA_E_6128784.flac,fake,asvspoof2019_la,A11,A11,na,na,na,na,LA_0039,16000,1.917,test,na
LA_E_5837696,data/asvspoof/test/LA_0029/LA_E_5837696.flac,fake,asvspoof2019_la,A11,A11,na,na,na,na,LA_0029,16000,3.697,test,na
LA_E_7931244,data/asvspoof/test/LA_0013/LA_E_7931244.flac,fake,asvspoof2019_la,A11,A11,na,na,na,na,LA_0013,16000,1.652,test,na
LA_E_9875023,data/asvspoof/test/LA_0024/LA_E_9875023.flac,fake,asvspoof2019_la,A11,A11,na,na,na,na,LA_0024,16000,2.395,test,na
LA_E_3444673,data/asvspoof/test/LA_0015/LA_E_3444673.flac,fake,asvspoof2019_la,A11,A11,na,na,na,na,LA_0015,16000,2.633,test,na
LA_E_9624633,data/asvspoof/test/LA_0022/LA_E_9624633.flac,fake,asvspoof2019_la,A11,A11,na,na,na,na,LA_0022,16000,2.129,test,na
LA_E_4218849,data/asvspoof/test/LA_0038/LA_E_4218849.flac,fake,asvspoof2019_la,A11,A11,na,na,na,na,LA_0038,16000,1.983,test,na
LA_E_1658897,data/asvspoof/test/LA_0016/LA_E_1658897.flac,fake,asvspoof2019_la,A11,A11,na,na,na,na,LA_0016,16000,1.992,test,na
LA_E_9256377,data/asvspoof/test/LA_0012/LA_E_9256377.flac,fake,asvspoof2019_la,A11,A11,na,na,na,na,LA_0012,16000,4.168,test,na
LA_E_4939131,data/asvspoof/test/LA_0029/LA_E_4939131.flac,fake,asvspoof2019_la,A11,A11,na,na,na,na,LA_0029,16000,2.446,test,na
LA_E_7230082,data/asvspoof/test/LA_0032/LA_E_7230082.flac,fake,asvspoof2019_la,A11,A11,na,na,na,na,LA_0032,16000,3.005,test,na
LA_E_6808570,data/asvspoof/test/LA_0029/LA_E_6808570.flac,fake,asvspoof2019_la,A11,A11,na,na,na,na,LA_0029,16000,4.431,test,na
LA_E_8503346,data/asvspoof/test/LA_0021/LA_E_8503346.flac,fake,asvspoof2019_la,A11,A11,na,na,na,na,LA_0021,16000,2.304,test,na
LA_E_5267223,data/asvspoof/test/LA_0037/LA_E_5267223.flac,fake,asvspoof2019_la,A11,A11,na,na,na,na,LA_0037,16000,2.719,test,na
LA_E_6345957,data/asvspoof/test/LA_0034/LA_E_6345957.flac,fake,asvspoof2019_la,A11,A11,na,na,na,na,LA_0034,16000,2.021,test,na
LA_E_1674948,data/asvspoof/test/LA_0045/LA_E_1674948.flac,fake,asvspoof2019_la,A11,A11,na,na,na,na,LA_0045,16000,3.581,test,na
LA_E_3727699,data/asvspoof/test/LA_0006/LA_E_3727699.flac,fake,asvspoof2019_la,A11,A11,na,na,na,na,LA_0006,16000,3.101,test,na
LA_E_9489426,data/asvspoof/test/LA_0029/LA_E_9489426.flac,fake,asvspoof2019_la,A11,A11,na,na,na,na,LA_0029,16000,1.554,test,na
LA_E_9979969,data/asvspoof/test/LA_0027/LA_E_9979969.flac,fake,asvspoof2019_la,A11,A11,na,na,na,na,LA_0027,16000,2.852,test,na
LA_E_2028861,data/asvspoof/test/LA_0048/LA_E_2028861.flac,fake,asvspoof2019_la,A11,A11,na,na,na,na,LA_0048,16000,1.103,test,na
LA_E_4380701,data/asvspoof/test/LA_0008/LA_E_4380701.flac,fake,asvspoof2019_la,A11,A11,na,na,na,na,LA_0008,16000,1.182,test,na
LA_E_5258523,data/asvspoof/test/LA_0010/LA_E_5258523.flac,fake,asvspoof2019_la,A11,A11,na,na,na,na,LA_0010,16000,1.513,test,na
LA_E_8822188,data/asvspoof/test/LA_0006/LA_E_8822188.flac,fake,asvspoof2019_la,A11,A11,na,na,na,na,LA_0006,16000,3.309,test,na
LA_E_6979198,data/asvspoof/test/LA_0026/LA_E_6979198.flac,fake,asvspoof2019_la,A11,A11,na,na,na,na,LA_0026,16000,3.166,test,na
LA_E_8763778,data/asvspoof/test/LA_0019/LA_E_8763778.flac,fake,asvspoof2019_la,A11,A11,na,na,na,na,LA_0019,16000,1.645,test,na
LA_E_6531018,data/asvspoof/test/LA_0024/LA_E_6531018.flac,fake,asvspoof2019_la,A11,A11,na,na,na,na,LA_0024,16000,1.71,test,na
LA_E_4797980,data/asvspoof/test/LA_0002/LA_E_4797980.flac,fake,asvspoof2019_la,A11,A11,na,na,na,na,LA_0002,16000,2.539,test,na
LA_E_1492874,data/asvspoof/test/LA_0026/LA_E_1492874.flac,fake,asvspoof2019_la,A11,A11,na,na,na,na,LA_0026,16000,1.918,test,na
LA_E_3785019,data/asvspoof/test/LA_0016/LA_E_3785019.flac,fake,asvspoof2019_la,A11,A11,na,na,na,na,LA_0016,16000,1.092,test,na
LA_E_3182207,data/asvspoof/test/LA_0004/LA_E_3182207.flac,fake,asvspoof2019_la,A11,A11,na,na,na,na,LA_0004,16000,2.831,test,na
LA_E_3802666,data/asvspoof/test/LA_0042/LA_E_3802666.flac,fake,asvspoof2019_la,A11,A11,na,na,na,na,LA_0042,16000,2.084,test,na
LA_E_9769442,data/asvspoof/test/LA_0034/LA_E_9769442.flac,fake,asvspoof2019_la,A11,A11,na,na,na,na,LA_0034,16000,1.033,test,na
LA_E_6807724,data/asvspoof/test/LA_0004/LA_E_6807724.flac,fake,asvspoof2019_la,A11,A11,na,na,na,na,LA_0004,16000,0.881,test,na
LA_E_6546330,data/asvspoof/test/LA_0026/LA_E_6546330.flac,fake,asvspoof2019_la,A11,A11,na,na,na,na,LA_0026,16000,4.016,test,na
LA_E_9145765,data/asvspoof/test/LA_0048/LA_E_9145765.flac,fake,asvspoof2019_la,A11,A11,na,na,na,na,LA_0048,16000,7.205,test,na
LA_E_7834091,data/asvspoof/test/LA_0017/LA_E_7834091.flac,fake,asvspoof2019_la,A12,A12,na,na,na,na,LA_0017,16000,4.256,test,na
LA_E_3773272,data/asvspoof/test/LA_0001/LA_E_3773272.flac,fake,asvspoof2019_la,A12,A12,na,na,na,na,LA_0001,16000,3.616,test,na
LA_E_9358707,data/asvspoof/test/LA_0047/LA_E_9358707.flac,fake,asvspoof2019_la,A12,A12,na,na,na,na,LA_0047,16000,1.601,test,na
LA_E_2660448,data/asvspoof/test/LA_0015/LA_E_2660448.flac,fake,asvspoof2019_la,A12,A12,na,na,na,na,LA_0015,16000,1.698,test,na
LA_E_8735198,data/asvspoof/test/LA_0001/LA_E_8735198.flac,fake,asvspoof2019_la,A12,A12,na,na,na,na,LA_0001,16000,2.057,test,na
LA_E_8674515,data/asvspoof/test/LA_0043/LA_E_8674515.flac,fake,asvspoof2019_la,A12,A12,na,na,na,na,LA_0043,16000,3.817,test,na
LA_E_8857868,data/asvspoof/test/LA_0042/LA_E_8857868.flac,fake,asvspoof2019_la,A12,A12,na,na,na,na,LA_0042,16000,6.594,test,na
LA_E_1766205,data/asvspoof/test/LA_0039/LA_E_1766205.flac,fake,asvspoof2019_la,A12,A12,na,na,na,na,LA_0039,16000,1.528,test,na
LA_E_8736528,data/asvspoof/test/LA_0027/LA_E_8736528.flac,fake,asvspoof2019_la,A12,A12,na,na,na,na,LA_0027,16000,6.597,test,na
LA_E_1480537,data/asvspoof/test/LA_0014/LA_E_1480537.flac,fake,asvspoof2019_la,A12,A12,na,na,na,na,LA_0014,16000,4.016,test,na
LA_E_4504284,data/asvspoof/test/LA_0027/LA_E_4504284.flac,fake,asvspoof2019_la,A12,A12,na,na,na,na,LA_0027,16000,8.237,test,na
LA_E_8447249,data/asvspoof/test/LA_0031/LA_E_8447249.flac,fake,asvspoof2019_la,A12,A12,na,na,na,na,LA_0031,16000,3.335,test,na
LA_E_7515966,data/asvspoof/test/LA_0008/LA_E_7515966.flac,fake,asvspoof2019_la,A12,A12,na,na,na,na,LA_0008,16000,4.456,test,na
LA_E_9727494,data/asvspoof/test/LA_0034/LA_E_9727494.flac,fake,asvspoof2019_la,A12,A12,na,na,na,na,LA_0034,16000,3.446,test,na
LA_E_3906203,data/asvspoof/test/LA_0005/LA_E_3906203.flac,fake,asvspoof2019_la,A12,A12,na,na,na,na,LA_0005,16000,2.131,test,na
LA_E_8662827,data/asvspoof/test/LA_0030/LA_E_8662827.flac,fake,asvspoof2019_la,A12,A12,na,na,na,na,LA_0030,16000,2.069,test,na
LA_E_4113759,data/asvspoof/test/LA_0038/LA_E_4113759.flac,fake,asvspoof2019_la,A12,A12,na,na,na,na,LA_0038,16000,1.986,test,na
LA_E_4333147,data/asvspoof/test/LA_0020/LA_E_4333147.flac,fake,asvspoof2019_la,A12,A12,na,na,na,na,LA_0020,16000,1.987,test,na
LA_E_7159190,data/asvspoof/test/LA_0037/LA_E_7159190.flac,fake,asvspoof2019_la,A12,A12,na,na,na,na,LA_0037,16000,1.876,test,na
LA_E_3383947,data/asvspoof/test/LA_0027/LA_E_3383947.flac,fake,asvspoof2019_la,A12,A12,na,na,na,na,LA_0027,16000,5.799,test,na
LA_E_8265795,data/asvspoof/test/LA_0022/LA_E_8265795.flac,fake,asvspoof2019_la,A12,A12,na,na,na,na,LA_0022,16000,2.236,test,na
LA_E_5969426,data/asvspoof/test/LA_0008/LA_E_5969426.flac,fake,asvspoof2019_la,A12,A12,na,na,na,na,LA_0008,16000,2.864,test,na
LA_E_1982122,data/asvspoof/test/LA_0024/LA_E_1982122.flac,fake,asvspoof2019_la,A12,A12,na,na,na,na,LA_0024,16000,2.235,test,na
LA_E_9310782,data/asvspoof/test/LA_0005/LA_E_9310782.flac,fake,asvspoof2019_la,A12,A12,na,na,na,na,LA_0005,16000,3.249,test,na
LA_E_7530461,data/asvspoof/test/LA_0002/LA_E_7530461.flac,fake,asvspoof2019_la,A12,A12,na,na,na,na,LA_0002,16000,2.998,test,na
LA_E_1640357,data/asvspoof/test/LA_0012/LA_E_1640357.flac,fake,asvspoof2019_la,A12,A12,na,na,na,na,LA_0012,16000,1.64,test,na
LA_E_7253163,data/asvspoof/test/LA_0047/LA_E_7253163.flac,fake,asvspoof2019_la,A12,A12,na,na,na,na,LA_0047,16000,1.495,test,na
LA_E_6612099,data/asvspoof/test/LA_0025/LA_E_6612099.flac,fake,asvspoof2019_la,A12,A12,na,na,na,na,LA_0025,16000,2.081,test,na
LA_E_2493804,data/asvspoof/test/LA_0013/LA_E_2493804.flac,fake,asvspoof2019_la,A12,A12,na,na,na,na,LA_0013,16000,0.946,test,na
LA_E_8321614,data/asvspoof/test/LA_0042/LA_E_8321614.flac,fake,asvspoof2019_la,A12,A12,na,na,na,na,LA_0042,16000,2.03,test,na
LA_E_7321881,data/asvspoof/test/LA_0031/LA_E_7321881.flac,fake,asvspoof2019_la,A12,A12,na,na,na,na,LA_0031,16000,3.165,test,na
LA_E_4832938,data/asvspoof/test/LA_0029/LA_E_4832938.flac,fake,asvspoof2019_la,A12,A12,na,na,na,na,LA_0029,16000,3.947,test,na
LA_E_9495720,data/asvspoof/test/LA_0031/LA_E_9495720.flac,fake,asvspoof2019_la,A12,A12,na,na,na,na,LA_0031,16000,1.913,test,na
LA_E_3813275,data/asvspoof/test/LA_0029/LA_E_3813275.flac,fake,asvspoof2019_la,A12,A12,na,na,na,na,LA_0029,16000,4.357,test,na
LA_E_3767180,data/asvspoof/test/LA_0043/LA_E_3767180.flac,fake,asvspoof2019_la,A12,A12,na,na,na,na,LA_0043,16000,0.924,test,na
LA_E_9506714,data/asvspoof/test/LA_0015/LA_E_9506714.flac,fake,asvspoof2019_la,A12,A12,na,na,na,na,LA_0015,16000,5.928,test,na
LA_E_9087832,data/asvspoof/test/LA_0016/LA_E_9087832.flac,fake,asvspoof2019_la,A12,A12,na,na,na,na,LA_0016,16000,1.522,test,na
LA_E_6470526,data/asvspoof/test/LA_0027/LA_E_6470526.flac,fake,asvspoof2019_la,A12,A12,na,na,na,na,LA_0027,16000,3.106,test,na
LA_E_7961627,data/asvspoof/test/LA_0035/LA_E_7961627.flac,fake,asvspoof2019_la,A12,A12,na,na,na,na,LA_0035,16000,2.521,test,na
LA_E_3468564,data/asvspoof/test/LA_0029/LA_E_3468564.flac,fake,asvspoof2019_la,A12,A12,na,na,na,na,LA_0029,16000,3.976,test,na
LA_E_9423261,data/asvspoof/test/LA_0031/LA_E_9423261.flac,fake,asvspoof2019_la,A12,A12,na,na,na,na,LA_0031,16000,1.94,test,na
LA_E_3872590,data/asvspoof/test/LA_0007/LA_E_3872590.flac,fake,asvspoof2019_la,A12,A12,na,na,na,na,LA_0007,16000,2.415,test,na
LA_E_7535167,data/asvspoof/test/LA_0027/LA_E_7535167.flac,fake,asvspoof2019_la,A12,A12,na,na,na,na,LA_0027,16000,6.548,test,na
LA_E_8952376,data/asvspoof/test/LA_0028/LA_E_8952376.flac,fake,asvspoof2019_la,A12,A12,na,na,na,na,LA_0028,16000,4.824,test,na
LA_E_8977989,data/asvspoof/test/LA_0032/LA_E_8977989.flac,fake,asvspoof2019_la,A12,A12,na,na,na,na,LA_0032,16000,2.005,test,na
LA_E_1041335,data/asvspoof/test/LA_0034/LA_E_1041335.flac,fake,asvspoof2019_la,A12,A12,na,na,na,na,LA_0034,16000,1.197,test,na
LA_E_3243947,data/asvspoof/test/LA_0007/LA_E_3243947.flac,fake,asvspoof2019_la,A13,A13,na,na,na,na,LA_0007,16000,2.196,test,na
LA_E_3376499,data/asvspoof/test/LA_0045/LA_E_3376499.flac,fake,asvspoof2019_la,A13,A13,na,na,na,na,LA_0045,16000,1.299,test,na
LA_E_4234955,data/asvspoof/test/LA_0011/LA_E_4234955.flac,fake,asvspoof2019_la,A13,A13,na,na,na,na,LA_0011,16000,1.279,test,na
LA_E_8987134,data/asvspoof/test/LA_0021/LA_E_8987134.flac,fake,asvspoof2019_la,A13,A13,na,na,na,na,LA_0021,16000,4.601,test,na
LA_E_6642202,data/asvspoof/test/LA_0043/LA_E_6642202.flac,fake,asvspoof2019_la,A13,A13,na,na,na,na,LA_0043,16000,1.572,test,na
LA_E_7413935,data/asvspoof/test/LA_0022/LA_E_7413935.flac,fake,asvspoof2019_la,A13,A13,na,na,na,na,LA_0022,16000,2.216,test,na
LA_E_1184739,data/asvspoof/test/LA_0009/LA_E_1184739.flac,fake,asvspoof2019_la,A13,A13,na,na,na,na,LA_0009,16000,1.604,test,na
LA_E_1038872,data/asvspoof/test/LA_0029/LA_E_1038872.flac,fake,asvspoof2019_la,A13,A13,na,na,na,na,LA_0029,16000,2.152,test,na
LA_E_7683623,data/asvspoof/test/LA_0043/LA_E_7683623.flac,fake,asvspoof2019_la,A13,A13,na,na,na,na,LA_0043,16000,1.525,test,na
LA_E_1630994,data/asvspoof/test/LA_0038/LA_E_1630994.flac,fake,asvspoof2019_la,A13,A13,na,na,na,na,LA_0038,16000,3.353,test,na
LA_E_1313687,data/asvspoof/test/LA_0022/LA_E_1313687.flac,fake,asvspoof2019_la,A13,A13,na,na,na,na,LA_0022,16000,2.698,test,na
LA_E_4961402,data/asvspoof/test/LA_0033/LA_E_4961402.flac,fake,asvspoof2019_la,A13,A13,na,na,na,na,LA_0033,16000,3.411,test,na
LA_E_1727903,data/asvspoof/test/LA_0043/LA_E_1727903.flac,fake,asvspoof2019_la,A13,A13,na,na,na,na,LA_0043,16000,2.862,test,na
LA_E_5667445,data/asvspoof/test/LA_0017/LA_E_5667445.flac,fake,asvspoof2019_la,A13,A13,na,na,na,na,LA_0017,16000,1.984,test,na
LA_E_5194812,data/asvspoof/test/LA_0021/LA_E_5194812.flac,fake,asvspoof2019_la,A13,A13,na,na,na,na,LA_0021,16000,3.908,test,na
LA_E_9549082,data/asvspoof/test/LA_0008/LA_E_9549082.flac,fake,asvspoof2019_la,A13,A13,na,na,na,na,LA_0008,16000,2.768,test,na
LA_E_7598410,data/asvspoof/test/LA_0005/LA_E_7598410.flac,fake,asvspoof2019_la,A13,A13,na,na,na,na,LA_0005,16000,1.916,test,na
LA_E_8190458,data/asvspoof/test/LA_0026/LA_E_8190458.flac,fake,asvspoof2019_la,A13,A13,na,na,na,na,LA_0026,16000,1.27,test,na
LA_E_5116667,data/asvspoof/test/LA_0047/LA_E_5116667.flac,fake,asvspoof2019_la,A13,A13,na,na,na,na,LA_0047,16000,1.265,test,na
LA_E_6206146,data/asvspoof/test/LA_0008/LA_E_6206146.flac,fake,asvspoof2019_la,A13,A13,na,na,na,na,LA_0008,16000,2.781,test,na
LA_E_6909822,data/asvspoof/test/LA_0017/LA_E_6909822.flac,fake,asvspoof2019_la,A13,A13,na,na,na,na,LA_0017,16000,2.76,test,na
LA_E_6458340,data/asvspoof/test/LA_0015/LA_E_6458340.flac,fake,asvspoof2019_la,A13,A13,na,na,na,na,LA_0015,16000,2.33,test,na
LA_E_2018252,data/asvspoof/test/LA_0024/LA_E_2018252.flac,fake,asvspoof2019_la,A13,A13,na,na,na,na,LA_0024,16000,3.064,test,na
LA_E_7643607,data/asvspoof/test/LA_0042/LA_E_7643607.flac,fake,asvspoof2019_la,A13,A13,na,na,na,na,LA_0042,16000,2.126,test,na
LA_E_5140015,data/asvspoof/test/LA_0019/LA_E_5140015.flac,fake,asvspoof2019_la,A13,A13,na,na,na,na,LA_0019,16000,1.609,test,na
LA_E_4837871,data/asvspoof/test/LA_0020/LA_E_4837871.flac,fake,asvspoof2019_la,A13,A13,na,na,na,na,LA_0020,16000,3.071,test,na
LA_E_5218586,data/asvspoof/test/LA_0037/LA_E_5218586.flac,fake,asvspoof2019_la,A13,A13,na,na,na,na,LA_0037,16000,2.417,test,na
LA_E_1418069,data/asvspoof/test/LA_0043/LA_E_1418069.flac,fake,asvspoof2019_la,A13,A13,na,na,na,na,LA_0043,16000,0.819,test,na
LA_E_5535365,data/asvspoof/test/LA_0018/LA_E_5535365.flac,fake,asvspoof2019_la,A13,A13,na,na,na,na,LA_0018,16000,3.473,test,na
LA_E_8012022,data/asvspoof/test/LA_0016/LA_E_8012022.flac,fake,asvspoof2019_la,A13,A13,na,na,na,na,LA_0016,16000,3.48,test,na
LA_E_9367807,data/asvspoof/test/LA_0022/LA_E_9367807.flac,fake,asvspoof2019_la,A13,A13,na,na,na,na,LA_0022,16000,2.272,test,na
LA_E_1013283,data/asvspoof/test/LA_0046/LA_E_1013283.flac,fake,asvspoof2019_la,A13,A13,na,na,na,na,LA_0046,16000,1.868,test,na
LA_E_7697189,data/asvspoof/test/LA_0008/LA_E_7697189.flac,fake,asvspoof2019_la,A13,A13,na,na,na,na,LA_0008,16000,2.061,test,na
LA_E_3089374,data/asvspoof/test/LA_0028/LA_E_3089374.flac,fake,asvspoof2019_la,A13,A13,na,na,na,na,LA_0028,16000,1.913,test,na
LA_E_5836910,data/asvspoof/test/LA_0024/LA_E_5836910.flac,fake,asvspoof2019_la,A13,A13,na,na,na,na,LA_0024,16000,4.754,test,na
LA_E_3975328,data/asvspoof/test/LA_0005/LA_E_3975328.flac,fake,asvspoof2019_la,A13,A13,na,na,na,na,LA_0005,16000,1.323,test,na
LA_E_6314270,data/asvspoof/test/LA_0026/LA_E_6314270.flac,fake,asvspoof2019_la,A13,A13,na,na,na,na,LA_0026,16000,4.564,test,na
LA_E_5716164,data/asvspoof/test/LA_0009/LA_E_5716164.flac,fake,asvspoof2019_la,A13,A13,na,na,na,na,LA_0009,16000,1.933,test,na
LA_E_9023948,data/asvspoof/test/LA_0015/LA_E_9023948.flac,fake,asvspoof2019_la,A13,A13,na,na,na,na,LA_0015,16000,3.272,test,na
LA_E_4451359,data/asvspoof/test/LA_0001/LA_E_4451359.flac,fake,asvspoof2019_la,A13,A13,na,na,na,na,LA_0001,16000,3.711,test,na
LA_E_3134434,data/asvspoof/test/LA_0021/LA_E_3134434.flac,fake,asvspoof2019_la,A13,A13,na,na,na,na,LA_0021,16000,1.412,test,na
LA_E_4202470,data/asvspoof/test/LA_0024/LA_E_4202470.flac,fake,asvspoof2019_la,A13,A13,na,na,na,na,LA_0024,16000,4.695,test,na
LA_E_2766523,data/asvspoof/test/LA_0039/LA_E_2766523.flac,fake,asvspoof2019_la,A13,A13,na,na,na,na,LA_0039,16000,1.77,test,na
LA_E_2633179,data/asvspoof/test/LA_0031/LA_E_2633179.flac,fake,asvspoof2019_la,A13,A13,na,na,na,na,LA_0031,16000,2.434,test,na
LA_E_7628812,data/asvspoof/test/LA_0018/LA_E_7628812.flac,fake,asvspoof2019_la,A13,A13,na,na,na,na,LA_0018,16000,1.7,test,na
LA_E_5127695,data/asvspoof/test/LA_0025/LA_E_5127695.flac,fake,asvspoof2019_la,A13,A13,na,na,na,na,LA_0025,16000,5.011,test,na
LA_E_4990703,data/asvspoof/test/LA_0013/LA_E_4990703.flac,fake,asvspoof2019_la,A14,A14,na,na,na,na,LA_0013,16000,5.096,test,na
LA_E_2518291,data/asvspoof/test/LA_0012/LA_E_2518291.flac,fake,asvspoof2019_la,A14,A14,na,na,na,na,LA_0012,16000,6.057,test,na
LA_E_7727108,data/asvspoof/test/LA_0025/LA_E_7727108.flac,fake,asvspoof2019_la,A14,A14,na,na,na,na,LA_0025,16000,6.457,test,na
LA_E_6959030,data/asvspoof/test/LA_0041/LA_E_6959030.flac,fake,asvspoof2019_la,A14,A14,na,na,na,na,LA_0041,16000,2.541,test,na
LA_E_6071807,data/asvspoof/test/LA_0032/LA_E_6071807.flac,fake,asvspoof2019_la,A14,A14,na,na,na,na,LA_0032,16000,1.695,test,na
LA_E_7111931,data/asvspoof/test/LA_0027/LA_E_7111931.flac,fake,asvspoof2019_la,A14,A14,na,na,na,na,LA_0027,16000,1.18,test,na
LA_E_1268398,data/asvspoof/test/LA_0024/LA_E_1268398.flac,fake,asvspoof2019_la,A14,A14,na,na,na,na,LA_0024,16000,1.78,test,na
LA_E_5028718,data/asvspoof/test/LA_0016/LA_E_5028718.flac,fake,asvspoof2019_la,A14,A14,na,na,na,na,LA_0016,16000,1.498,test,na
LA_E_7078034,data/asvspoof/test/LA_0048/LA_E_7078034.flac,fake,asvspoof2019_la,A14,A14,na,na,na,na,LA_0048,16000,2.421,test,na
LA_E_9960399,data/asvspoof/test/LA_0014/LA_E_9960399.flac,fake,asvspoof2019_la,A14,A14,na,na,na,na,LA_0014,16000,1.94,test,na
LA_E_8275337,data/asvspoof/test/LA_0026/LA_E_8275337.flac,fake,asvspoof2019_la,A14,A14,na,na,na,na,LA_0026,16000,2.1,test,na
LA_E_2207289,data/asvspoof/test/LA_0015/LA_E_2207289.flac,fake,asvspoof2019_la,A14,A14,na,na,na,na,LA_0015,16000,4.415,test,na
LA_E_6304654,data/asvspoof/test/LA_0045/LA_E_6304654.flac,fake,asvspoof2019_la,A14,A14,na,na,na,na,LA_0045,16000,2.378,test,na
LA_E_1721353,data/asvspoof/test/LA_0014/LA_E_1721353.flac,fake,asvspoof2019_la,A14,A14,na,na,na,na,LA_0014,16000,2.539,test,na
LA_E_1557386,data/asvspoof/test/LA_0017/LA_E_1557386.flac,fake,asvspoof2019_la,A14,A14,na,na,na,na,LA_0017,16000,3.539,test,na
LA_E_1539405,data/asvspoof/test/LA_0029/LA_E_1539405.flac,fake,asvspoof2019_la,A14,A14,na,na,na,na,LA_0029,16000,3.897,test,na
LA_E_7800602,data/asvspoof/test/LA_0022/LA_E_7800602.flac,fake,asvspoof2019_la,A14,A14,na,na,na,na,LA_0022,16000,3.216,test,na
LA_E_8383115,data/asvspoof/test/LA_0027/LA_E_8383115.flac,fake,asvspoof2019_la,A14,A14,na,na,na,na,LA_0027,16000,1.581,test,na
LA_E_3412239,data/asvspoof/test/LA_0002/LA_E_3412239.flac,fake,asvspoof2019_la,A14,A14,na,na,na,na,LA_0002,16000,2.495,test,na
LA_E_3735818,data/asvspoof/test/LA_0044/LA_E_3735818.flac,fake,asvspoof2019_la,A14,A14,na,na,na,na,LA_0044,16000,3.181,test,na
LA_E_9675066,data/asvspoof/test/LA_0045/LA_E_9675066.flac,fake,asvspoof2019_la,A14,A14,na,na,na,na,LA_0045,16000,6.695,test,na
LA_E_6545531,data/asvspoof/test/LA_0019/LA_E_6545531.flac,fake,asvspoof2019_la,A14,A14,na,na,na,na,LA_0019,16000,1.657,test,na
LA_E_4090564,data/asvspoof/test/LA_0033/LA_E_4090564.flac,fake,asvspoof2019_la,A14,A14,na,na,na,na,LA_0033,16000,1.898,test,na
LA_E_7709896,data/asvspoof/test/LA_0015/LA_E_7709896.flac,fake,asvspoof2019_la,A14,A14,na,na,na,na,LA_0015,16000,4.302,test,na
LA_E_3746354,data/asvspoof/test/LA_0004/LA_E_3746354.flac,fake,asvspoof2019_la,A14,A14,na,na,na,na,LA_0004,16000,5.376,test,na
LA_E_6345178,data/asvspoof/test/LA_0041/LA_E_6345178.flac,fake,asvspoof2019_la,A14,A14,na,na,na,na,LA_0041,16000,4.218,test,na
LA_E_3637268,data/asvspoof/test/LA_0021/LA_E_3637268.flac,fake,asvspoof2019_la,A14,A14,na,na,na,na,LA_0021,16000,2.02,test,na
LA_E_1465478,data/asvspoof/test/LA_0036/LA_E_1465478.flac,fake,asvspoof2019_la,A14,A14,na,na,na,na,LA_0036,16000,3.343,test,na
LA_E_3283491,data/asvspoof/test/LA_0045/LA_E_3283491.flac,fake,asvspoof2019_la,A14,A14,na,na,na,na,LA_0045,16000,2.978,test,na
LA_E_1987230,data/asvspoof/test/LA_0031/LA_E_1987230.flac,fake,asvspoof2019_la,A14,A14,na,na,na,na,LA_0031,16000,4.175,test,na
LA_E_7019192,data/asvspoof/test/LA_0007/LA_E_7019192.flac,fake,asvspoof2019_la,A14,A14,na,na,na,na,LA_0007,16000,2.815,test,na
LA_E_3965387,data/asvspoof/test/LA_0006/LA_E_3965387.flac,fake,asvspoof2019_la,A14,A14,na,na,na,na,LA_0006,16000,3.416,test,na
LA_E_1735006,data/asvspoof/test/LA_0033/LA_E_1735006.flac,fake,asvspoof2019_la,A14,A14,na,na,na,na,LA_0033,16000,1.814,test,na
LA_E_2674212,data/asvspoof/test/LA_0046/LA_E_2674212.flac,fake,asvspoof2019_la,A14,A14,na,na,na,na,LA_0046,16000,2.299,test,na
LA_E_6062314,data/asvspoof/test/LA_0035/LA_E_6062314.flac,fake,asvspoof2019_la,A14,A14,na,na,na,na,LA_0035,16000,2.739,test,na
LA_E_6081941,data/asvspoof/test/LA_0008/LA_E_6081941.flac,fake,asvspoof2019_la,A14,A14,na,na,na,na,LA_0008,16000,2.378,test,na
LA_E_5131904,data/asvspoof/test/LA_0026/LA_E_5131904.flac,fake,asvspoof2019_la,A14,A14,na,na,na,na,LA_0026,16000,3.54,test,na
LA_E_5116620,data/asvspoof/test/LA_0014/LA_E_5116620.flac,fake,asvspoof2019_la,A14,A14,na,na,na,na,LA_0014,16000,2.778,test,na
LA_E_5751969,data/asvspoof/test/LA_0018/LA_E_5751969.flac,fake,asvspoof2019_la,A14,A14,na,na,na,na,LA_0018,16000,1.577,test,na
LA_E_5455160,data/asvspoof/test/LA_0009/LA_E_5455160.flac,fake,asvspoof2019_la,A14,A14,na,na,na,na,LA_0009,16000,2.5,test,na
LA_E_1227963,data/asvspoof/test/LA_0002/LA_E_1227963.flac,fake,asvspoof2019_la,A14,A14,na,na,na,na,LA_0002,16000,2.458,test,na
LA_E_6144947,data/asvspoof/test/LA_0044/LA_E_6144947.flac,fake,asvspoof2019_la,A14,A14,na,na,na,na,LA_0044,16000,1.894,test,na
LA_E_8680650,data/asvspoof/test/LA_0018/LA_E_8680650.flac,fake,asvspoof2019_la,A14,A14,na,na,na,na,LA_0018,16000,3.735,test,na
LA_E_8745234,data/asvspoof/test/LA_0022/LA_E_8745234.flac,fake,asvspoof2019_la,A14,A14,na,na,na,na,LA_0022,16000,5.381,test,na
LA_E_9035772,data/asvspoof/test/LA_0035/LA_E_9035772.flac,fake,asvspoof2019_la,A14,A14,na,na,na,na,LA_0035,16000,5.656,test,na
LA_E_6877255,data/asvspoof/test/LA_0024/LA_E_6877255.flac,fake,asvspoof2019_la,A14,A14,na,na,na,na,LA_0024,16000,2.255,test,na
LA_E_1075085,data/asvspoof/test/LA_0047/LA_E_1075085.flac,fake,asvspoof2019_la,A15,A15,na,na,na,na,LA_0047,16000,2.865,test,na
LA_E_2135881,data/asvspoof/test/LA_0039/LA_E_2135881.flac,fake,asvspoof2019_la,A15,A15,na,na,na,na,LA_0039,16000,2.024,test,na
LA_E_6110704,data/asvspoof/test/LA_0034/LA_E_6110704.flac,fake,asvspoof2019_la,A15,A15,na,na,na,na,LA_0034,16000,2.143,test,na
LA_E_3369622,data/asvspoof/test/LA_0020/LA_E_3369622.flac,fake,asvspoof2019_la,A15,A15,na,na,na,na,LA_0020,16000,1.905,test,na
LA_E_8215071,data/asvspoof/test/LA_0026/LA_E_8215071.flac,fake,asvspoof2019_la,A15,A15,na,na,na,na,LA_0026,16000,1.623,test,na
LA_E_7696344,data/asvspoof/test/LA_0021/LA_E_7696344.flac,fake,asvspoof2019_la,A15,A15,na,na,na,na,LA_0021,16000,2.183,test,na
LA_E_1853966,data/asvspoof/test/LA_0035/LA_E_1853966.flac,fake,asvspoof2019_la,A15,A15,na,na,na,na,LA_0035,16000,3.104,test,na
LA_E_6204844,data/asvspoof/test/LA_0012/LA_E_6204844.flac,fake,asvspoof2019_la,A15,A15,na,na,na,na,LA_0012,16000,1.662,test,na
LA_E_3963839,data/asvspoof/test/LA_0027/LA_E_3963839.flac,fake,asvspoof2019_la,A15,A15,na,na,na,na,LA_0027,16000,4.178,test,na
LA_E_2349486,data/asvspoof/test/LA_0034/LA_E_2349486.flac,fake,asvspoof2019_la,A15,A15,na,na,na,na,LA_0034,16000,3.743,test,na
LA_E_3409285,data/asvspoof/test/LA_0042/LA_E_3409285.flac,fake,asvspoof2019_la,A15,A15,na,na,na,na,LA_0042,16000,2.147,test,na
LA_E_4773943,data/asvspoof/test/LA_0020/LA_E_4773943.flac,fake,asvspoof2019_la,A15,A15,na,na,na,na,LA_0020,16000,1.945,test,na
LA_E_1464270,data/asvspoof/test/LA_0047/LA_E_1464270.flac,fake,asvspoof2019_la,A15,A15,na,na,na,na,LA_0047,16000,4.423,test,na
LA_E_2858106,data/asvspoof/test/LA_0008/LA_E_2858106.flac,fake,asvspoof2019_la,A15,A15,na,na,na,na,LA_0008,16000,4.464,test,na
LA_E_3699872,data/asvspoof/test/LA_0023/LA_E_3699872.flac,fake,asvspoof2019_la,A15,A15,na,na,na,na,LA_0023,16000,3.623,test,na
LA_E_3152301,data/asvspoof/test/LA_0028/LA_E_3152301.flac,fake,asvspoof2019_la,A15,A15,na,na,na,na,LA_0028,16000,2.266,test,na
LA_E_3533868,data/asvspoof/test/LA_0004/LA_E_3533868.flac,fake,asvspoof2019_la,A15,A15,na,na,na,na,LA_0004,16000,1.702,test,na
LA_E_7544782,data/asvspoof/test/LA_0019/LA_E_7544782.flac,fake,asvspoof2019_la,A15,A15,na,na,na,na,LA_0019,16000,5.585,test,na
LA_E_6374635,data/asvspoof/test/LA_0037/LA_E_6374635.flac,fake,asvspoof2019_la,A15,A15,na,na,na,na,LA_0037,16000,8.78,test,na
LA_E_6088603,data/asvspoof/test/LA_0047/LA_E_6088603.flac,fake,asvspoof2019_la,A15,A15,na,na,na,na,LA_0047,16000,1.903,test,na
LA_E_9485596,data/asvspoof/test/LA_0032/LA_E_9485596.flac,fake,asvspoof2019_la,A15,A15,na,na,na,na,LA_0032,16000,1.702,test,na
LA_E_7826347,data/asvspoof/test/LA_0013/LA_E_7826347.flac,fake,asvspoof2019_la,A15,A15,na,na,na,na,LA_0013,16000,1.744,test,na
LA_E_1289287,data/asvspoof/test/LA_0041/LA_E_1289287.flac,fake,asvspoof2019_la,A15,A15,na,na,na,na,LA_0041,16000,2.463,test,na
LA_E_5794518,data/asvspoof/test/LA_0008/LA_E_5794518.flac,fake,asvspoof2019_la,A15,A15,na,na,na,na,LA_0008,16000,2.019,test,na
LA_E_9872189,data/asvspoof/test/LA_0026/LA_E_9872189.flac,fake,asvspoof2019_la,A15,A15,na,na,na,na,LA_0026,16000,4.468,test,na
LA_E_6573166,data/asvspoof/test/LA_0017/LA_E_6573166.flac,fake,asvspoof2019_la,A15,A15,na,na,na,na,LA_0017,16000,1.944,test,na
LA_E_3205369,data/asvspoof/test/LA_0012/LA_E_3205369.flac,fake,asvspoof2019_la,A15,A15,na,na,na,na,LA_0012,16000,3.302,test,na
LA_E_4822814,data/asvspoof/test/LA_0014/LA_E_4822814.flac,fake,asvspoof2019_la,A15,A15,na,na,na,na,LA_0014,16000,5.221,test,na
LA_E_8570557,data/asvspoof/test/LA_0015/LA_E_8570557.flac,fake,asvspoof2019_la,A15,A15,na,na,na,na,LA_0015,16000,2.904,test,na
LA_E_3624263,data/asvspoof/test/LA_0004/LA_E_3624263.flac,fake,asvspoof2019_la,A15,A15,na,na,na,na,LA_0004,16000,2.907,test,na
LA_E_9763363,data/asvspoof/test/LA_0016/LA_E_9763363.flac,fake,asvspoof2019_la,A15,A15,na,na,na,na,LA_0016,16000,8.023,test,na
LA_E_3511537,data/asvspoof/test/LA_0022/LA_E_3511537.flac,fake,asvspoof2019_la,A15,A15,na,na,na,na,LA_0022,16000,5.664,test,na
LA_E_5588898,data/asvspoof/test/LA_0034/LA_E_5588898.flac,fake,asvspoof2019_la,A15,A15,na,na,na,na,LA_0034,16000,2.663,test,na
LA_E_9767632,data/asvspoof/test/LA_0010/LA_E_9767632.flac,fake,asvspoof2019_la,A15,A15,na,na,na,na,LA_0010,16000,4.183,test,na
LA_E_5686088,data/asvspoof/test/LA_0015/LA_E_5686088.flac,fake,asvspoof2019_la,A15,A15,na,na,na,na,LA_0015,16000,1.659,test,na
LA_E_2986022,data/asvspoof/test/LA_0037/LA_E_2986022.flac,fake,asvspoof2019_la,A15,A15,na,na,na,na,LA_0037,16000,3.664,test,na
LA_E_9504206,data/asvspoof/test/LA_0008/LA_E_9504206.flac,fake,asvspoof2019_la,A15,A15,na,na,na,na,LA_0008,16000,2.3,test,na
LA_E_1720398,data/asvspoof/test/LA_0020/LA_E_1720398.flac,fake,asvspoof2019_la,A15,A15,na,na,na,na,LA_0020,16000,2.184,test,na
LA_E_1027501,data/asvspoof/test/LA_0039/LA_E_1027501.flac,fake,asvspoof2019_la,A15,A15,na,na,na,na,LA_0039,16000,2.261,test,na
LA_E_4641066,data/asvspoof/test/LA_0045/LA_E_4641066.flac,fake,asvspoof2019_la,A15,A15,na,na,na,na,LA_0045,16000,2.262,test,na
LA_E_5691574,data/asvspoof/test/LA_0009/LA_E_5691574.flac,fake,asvspoof2019_la,A15,A15,na,na,na,na,LA_0009,16000,3.944,test,na
LA_E_8810729,data/asvspoof/test/LA_0009/LA_E_8810729.flac,fake,asvspoof2019_la,A15,A15,na,na,na,na,LA_0009,16000,2.624,test,na
LA_E_4075951,data/asvspoof/test/LA_0022/LA_E_4075951.flac,fake,asvspoof2019_la,A15,A15,na,na,na,na,LA_0022,16000,7.063,test,na
LA_E_1275393,data/asvspoof/test/LA_0023/LA_E_1275393.flac,fake,asvspoof2019_la,A15,A15,na,na,na,na,LA_0023,16000,2.78,test,na
LA_E_9824846,data/asvspoof/test/LA_0032/LA_E_9824846.flac,fake,asvspoof2019_la,A15,A15,na,na,na,na,LA_0032,16000,4.101,test,na
LA_E_1551395,data/asvspoof/test/LA_0016/LA_E_1551395.flac,fake,asvspoof2019_la,A15,A15,na,na,na,na,LA_0016,16000,1.778,test,na
LA_E_8024525,data/asvspoof/test/LA_0015/LA_E_8024525.flac,fake,asvspoof2019_la,A16,A16,na,na,na,na,LA_0015,16000,3.588,test,na
LA_E_4890504,data/asvspoof/test/LA_0006/LA_E_4890504.flac,fake,asvspoof2019_la,A16,A16,na,na,na,na,LA_0006,16000,5.042,test,na
LA_E_5496015,data/asvspoof/test/LA_0048/LA_E_5496015.flac,fake,asvspoof2019_la,A16,A16,na,na,na,na,LA_0048,16000,3.59,test,na
LA_E_4285322,data/asvspoof/test/LA_0007/LA_E_4285322.flac,fake,asvspoof2019_la,A16,A16,na,na,na,na,LA_0007,16000,2.681,test,na
LA_E_2168903,data/asvspoof/test/LA_0020/LA_E_2168903.flac,fake,asvspoof2019_la,A16,A16,na,na,na,na,LA_0020,16000,3.597,test,na
LA_E_9420063,data/asvspoof/test/LA_0023/LA_E_9420063.flac,fake,asvspoof2019_la,A16,A16,na,na,na,na,LA_0023,16000,2.904,test,na
LA_E_6930441,data/asvspoof/test/LA_0004/LA_E_6930441.flac,fake,asvspoof2019_la,A16,A16,na,na,na,na,LA_0004,16000,1.818,test,na
LA_E_4148661,data/asvspoof/test/LA_0026/LA_E_4148661.flac,fake,asvspoof2019_la,A16,A16,na,na,na,na,LA_0026,16000,1.544,test,na
LA_E_4599722,data/asvspoof/test/LA_0007/LA_E_4599722.flac,fake,asvspoof2019_la,A16,A16,na,na,na,na,LA_0007,16000,1.461,test,na
LA_E_4399777,data/asvspoof/test/LA_0029/LA_E_4399777.flac,fake,asvspoof2019_la,A16,A16,na,na,na,na,LA_0029,16000,3.4,test,na
LA_E_5755187,data/asvspoof/test/LA_0048/LA_E_5755187.flac,fake,asvspoof2019_la,A16,A16,na,na,na,na,LA_0048,16000,3.794,test,na
LA_E_5267982,data/asvspoof/test/LA_0041/LA_E_5267982.flac,fake,asvspoof2019_la,A16,A16,na,na,na,na,LA_0041,16000,2.088,test,na
LA_E_7553136,data/asvspoof/test/LA_0039/LA_E_7553136.flac,fake,asvspoof2019_la,A16,A16,na,na,na,na,LA_0039,16000,2.388,test,na
LA_E_9778251,data/asvspoof/test/LA_0027/LA_E_9778251.flac,fake,asvspoof2019_la,A16,A16,na,na,na,na,LA_0027,16000,3.895,test,na
LA_E_3841871,data/asvspoof/test/LA_0024/LA_E_3841871.flac,fake,asvspoof2019_la,A16,A16,na,na,na,na,LA_0024,16000,3.072,test,na
LA_E_7093558,data/asvspoof/test/LA_0009/LA_E_7093558.flac,fake,asvspoof2019_la,A16,A16,na,na,na,na,LA_0009,16000,2.519,test,na
LA_E_9025385,data/asvspoof/test/LA_0008/LA_E_9025385.flac,fake,asvspoof2019_la,A16,A16,na,na,na,na,LA_0008,16000,5.005,test,na
LA_E_2166410,data/asvspoof/test/LA_0006/LA_E_2166410.flac,fake,asvspoof2019_la,A16,A16,na,na,na,na,LA_0006,16000,7.522,test,na
LA_E_9053264,data/asvspoof/test/LA_0043/LA_E_9053264.flac,fake,asvspoof2019_la,A16,A16,na,na,na,na,LA_0043,16000,2.975,test,na
LA_E_8635358,data/asvspoof/test/LA_0008/LA_E_8635358.flac,fake,asvspoof2019_la,A16,A16,na,na,na,na,LA_0008,16000,6.632,test,na
LA_E_2601971,data/asvspoof/test/LA_0032/LA_E_2601971.flac,fake,asvspoof2019_la,A16,A16,na,na,na,na,LA_0032,16000,1.568,test,na
LA_E_7338300,data/asvspoof/test/LA_0012/LA_E_7338300.flac,fake,asvspoof2019_la,A16,A16,na,na,na,na,LA_0012,16000,2.309,test,na
LA_E_8324829,data/asvspoof/test/LA_0009/LA_E_8324829.flac,fake,asvspoof2019_la,A16,A16,na,na,na,na,LA_0009,16000,3.567,test,na
LA_E_8438777,data/asvspoof/test/LA_0046/LA_E_8438777.flac,fake,asvspoof2019_la,A16,A16,na,na,na,na,LA_0046,16000,2.745,test,na
LA_E_8459532,data/asvspoof/test/LA_0038/LA_E_8459532.flac,fake,asvspoof2019_la,A16,A16,na,na,na,na,LA_0038,16000,1.346,test,na
LA_E_1876255,data/asvspoof/test/LA_0026/LA_E_1876255.flac,fake,asvspoof2019_la,A16,A16,na,na,na,na,LA_0026,16000,4.413,test,na
LA_E_4132518,data/asvspoof/test/LA_0013/LA_E_4132518.flac,fake,asvspoof2019_la,A16,A16,na,na,na,na,LA_0013,16000,4.041,test,na
LA_E_9067234,data/asvspoof/test/LA_0010/LA_E_9067234.flac,fake,asvspoof2019_la,A16,A16,na,na,na,na,LA_0010,16000,2.773,test,na
LA_E_4764930,data/asvspoof/test/LA_0045/LA_E_4764930.flac,fake,asvspoof2019_la,A16,A16,na,na,na,na,LA_0045,16000,1.767,test,na
LA_E_6395435,data/asvspoof/test/LA_0044/LA_E_6395435.flac,fake,asvspoof2019_la,A16,A16,na,na,na,na,LA_0044,16000,2.588,test,na
LA_E_1152760,data/asvspoof/test/LA_0021/LA_E_1152760.flac,fake,asvspoof2019_la,A16,A16,na,na,na,na,LA_0021,16000,3.073,test,na
LA_E_9073394,data/asvspoof/test/LA_0010/LA_E_9073394.flac,fake,asvspoof2019_la,A16,A16,na,na,na,na,LA_0010,16000,1.606,test,na
LA_E_9413678,data/asvspoof/test/LA_0029/LA_E_9413678.flac,fake,asvspoof2019_la,A16,A16,na,na,na,na,LA_0029,16000,2.182,test,na
LA_E_2805605,data/asvspoof/test/LA_0025/LA_E_2805605.flac,fake,asvspoof2019_la,A16,A16,na,na,na,na,LA_0025,16000,1.166,test,na
LA_E_8575648,data/asvspoof/test/LA_0019/LA_E_8575648.flac,fake,asvspoof2019_la,A16,A16,na,na,na,na,LA_0019,16000,2.535,test,na
LA_E_8487804,data/asvspoof/test/LA_0038/LA_E_8487804.flac,fake,asvspoof2019_la,A16,A16,na,na,na,na,LA_0038,16000,1.418,test,na
LA_E_8553820,data/asvspoof/test/LA_0024/LA_E_8553820.flac,fake,asvspoof2019_la,A16,A16,na,na,na,na,LA_0024,16000,2.705,test,na
LA_E_8565295,data/asvspoof/test/LA_0025/LA_E_8565295.flac,fake,asvspoof2019_la,A16,A16,na,na,na,na,LA_0025,16000,3.751,test,na
LA_E_1154445,data/asvspoof/test/LA_0005/LA_E_1154445.flac,fake,asvspoof2019_la,A16,A16,na,na,na,na,LA_0005,16000,1.704,test,na
LA_E_7056612,data/asvspoof/test/LA_0014/LA_E_7056612.flac,fake,asvspoof2019_la,A16,A16,na,na,na,na,LA_0014,16000,2.132,test,na
LA_E_1782836,data/asvspoof/test/LA_0016/LA_E_1782836.flac,fake,asvspoof2019_la,A16,A16,na,na,na,na,LA_0016,16000,7.416,test,na
LA_E_4343579,data/asvspoof/test/LA_0035/LA_E_4343579.flac,fake,asvspoof2019_la,A16,A16,na,na,na,na,LA_0035,16000,2.818,test,na
LA_E_4260492,data/asvspoof/test/LA_0034/LA_E_4260492.flac,fake,asvspoof2019_la,A16,A16,na,na,na,na,LA_0034,16000,2.068,test,na
LA_E_8241451,data/asvspoof/test/LA_0010/LA_E_8241451.flac,fake,asvspoof2019_la,A16,A16,na,na,na,na,LA_0010,16000,2.851,test,na
LA_E_5899270,data/asvspoof/test/LA_0038/LA_E_5899270.flac,fake,asvspoof2019_la,A16,A16,na,na,na,na,LA_0038,16000,2.359,test,na
LA_E_4412913,data/asvspoof/test/LA_0027/LA_E_4412913.flac,fake,asvspoof2019_la,A16,A16,na,na,na,na,LA_0027,16000,2.458,test,na
LA_E_3588214,data/asvspoof/test/LA_0017/LA_E_3588214.flac,fake,asvspoof2019_la,A17,A17,na,na,na,na,LA_0017,16000,3.754,test,na
LA_E_2592987,data/asvspoof/test/LA_0007/LA_E_2592987.flac,fake,asvspoof2019_la,A17,A17,na,na,na,na,LA_0007,16000,3.539,test,na
LA_E_1783200,data/asvspoof/test/LA_0037/LA_E_1783200.flac,fake,asvspoof2019_la,A17,A17,na,na,na,na,LA_0037,16000,3.534,test,na
LA_E_5801788,data/asvspoof/test/LA_0037/LA_E_5801788.flac,fake,asvspoof2019_la,A17,A17,na,na,na,na,LA_0037,16000,2.899,test,na
LA_E_2464257,data/asvspoof/test/LA_0012/LA_E_2464257.flac,fake,asvspoof2019_la,A17,A17,na,na,na,na,LA_0012,16000,2.088,test,na
LA_E_8666909,data/asvspoof/test/LA_0008/LA_E_8666909.flac,fake,asvspoof2019_la,A17,A17,na,na,na,na,LA_0008,16000,2.979,test,na
LA_E_9953458,data/asvspoof/test/LA_0024/LA_E_9953458.flac,fake,asvspoof2019_la,A17,A17,na,na,na,na,LA_0024,16000,3.194,test,na
LA_E_8535825,data/asvspoof/test/LA_0031/LA_E_8535825.flac,fake,asvspoof2019_la,A17,A17,na,na,na,na,LA_0031,16000,3.873,test,na
LA_E_3791749,data/asvspoof/test/LA_0043/LA_E_3791749.flac,fake,asvspoof2019_la,A17,A17,na,na,na,na,LA_0043,16000,4.261,test,na
LA_E_7510779,data/asvspoof/test/LA_0043/LA_E_7510779.flac,fake,asvspoof2019_la,A17,A17,na,na,na,na,LA_0043,16000,3.243,test,na
LA_E_4633675,data/asvspoof/test/LA_0006/LA_E_4633675.flac,fake,asvspoof2019_la,A17,A17,na,na,na,na,LA_0006,16000,1.874,test,na
LA_E_6865189,data/asvspoof/test/LA_0007/LA_E_6865189.flac,fake,asvspoof2019_la,A17,A17,na,na,na,na,LA_0007,16000,2.469,test,na
LA_E_2136819,data/asvspoof/test/LA_0029/LA_E_2136819.flac,fake,asvspoof2019_la,A17,A17,na,na,na,na,LA_0029,16000,4.986,test,na
LA_E_5029170,data/asvspoof/test/LA_0046/LA_E_5029170.flac,fake,asvspoof2019_la,A17,A17,na,na,na,na,LA_0046,16000,2.339,test,na
LA_E_2656865,data/asvspoof/test/LA_0006/LA_E_2656865.flac,fake,asvspoof2019_la,A17,A17,na,na,na,na,LA_0006,16000,3.664,test,na
LA_E_5071475,data/asvspoof/test/LA_0020/LA_E_5071475.flac,fake,asvspoof2019_la,A17,A17,na,na,na,na,LA_0020,16000,3.666,test,na
LA_E_1659962,data/asvspoof/test/LA_0041/LA_E_1659962.flac,fake,asvspoof2019_la,A17,A17,na,na,na,na,LA_0041,16000,3.24,test,na
LA_E_2956395,data/asvspoof/test/LA_0033/LA_E_2956395.flac,fake,asvspoof2019_la,A17,A17,na,na,na,na,LA_0033,16000,3.41,test,na
LA_E_2734854,data/asvspoof/test/LA_0031/LA_E_2734854.flac,fake,asvspoof2019_la,A17,A17,na,na,na,na,LA_0031,16000,3.193,test,na
LA_E_9881948,data/asvspoof/test/LA_0007/LA_E_9881948.flac,fake,asvspoof2019_la,A17,A17,na,na,na,na,LA_0007,16000,4.093,test,na
LA_E_6643326,data/asvspoof/test/LA_0034/LA_E_6643326.flac,fake,asvspoof2019_la,A17,A17,na,na,na,na,LA_0034,16000,3.411,test,na
LA_E_3597358,data/asvspoof/test/LA_0037/LA_E_3597358.flac,fake,asvspoof2019_la,A17,A17,na,na,na,na,LA_0037,16000,2.339,test,na
LA_E_5474769,data/asvspoof/test/LA_0030/LA_E_5474769.flac,fake,asvspoof2019_la,A17,A17,na,na,na,na,LA_0030,16000,5.372,test,na
LA_E_1725075,data/asvspoof/test/LA_0027/LA_E_1725075.flac,fake,asvspoof2019_la,A17,A17,na,na,na,na,LA_0027,16000,2.511,test,na
LA_E_3567749,data/asvspoof/test/LA_0012/LA_E_3567749.flac,fake,asvspoof2019_la,A17,A17,na,na,na,na,LA_0012,16000,2.431,test,na
LA_E_9551219,data/asvspoof/test/LA_0004/LA_E_9551219.flac,fake,asvspoof2019_la,A17,A17,na,na,na,na,LA_0004,16000,2.473,test,na
LA_E_7511669,data/asvspoof/test/LA_0045/LA_E_7511669.flac,fake,asvspoof2019_la,A17,A17,na,na,na,na,LA_0045,16000,3.492,test,na
LA_E_4229201,data/asvspoof/test/LA_0008/LA_E_4229201.flac,fake,asvspoof2019_la,A17,A17,na,na,na,na,LA_0008,16000,5.457,test,na
LA_E_1540585,data/asvspoof/test/LA_0016/LA_E_1540585.flac,fake,asvspoof2019_la,A17,A17,na,na,na,na,LA_0016,16000,3.922,test,na
LA_E_2745718,data/asvspoof/test/LA_0009/LA_E_2745718.flac,fake,asvspoof2019_la,A17,A17,na,na,na,na,LA_0009,16000,2.298,test,na
LA_E_9685917,data/asvspoof/test/LA_0003/LA_E_9685917.flac,fake,asvspoof2019_la,A17,A17,na,na,na,na,LA_0003,16000,3.068,test,na
LA_E_2048743,data/asvspoof/test/LA_0019/LA_E_2048743.flac,fake,asvspoof2019_la,A17,A17,na,na,na,na,LA_0019,16000,3.282,test,na
LA_E_2955210,data/asvspoof/test/LA_0027/LA_E_2955210.flac,fake,asvspoof2019_la,A17,A17,na,na,na,na,LA_0027,16000,4.009,test,na
LA_E_1204271,data/asvspoof/test/LA_0026/LA_E_1204271.flac,fake,asvspoof2019_la,A17,A17,na,na,na,na,LA_0026,16000,3.705,test,na
LA_E_7998690,data/asvspoof/test/LA_0018/LA_E_7998690.flac,fake,asvspoof2019_la,A17,A17,na,na,na,na,LA_0018,16000,2.64,test,na
LA_E_6935122,data/asvspoof/test/LA_0027/LA_E_6935122.flac,fake,asvspoof2019_la,A17,A17,na,na,na,na,LA_0027,16000,5.715,test,na
LA_E_5802610,data/asvspoof/test/LA_0015/LA_E_5802610.flac,fake,asvspoof2019_la,A17,A17,na,na,na,na,LA_0015,16000,2.856,test,na
LA_E_1262697,data/asvspoof/test/LA_0048/LA_E_1262697.flac,fake,asvspoof2019_la,A17,A17,na,na,na,na,LA_0048,16000,2.898,test,na
LA_E_7991108,data/asvspoof/test/LA_0043/LA_E_7991108.flac,fake,asvspoof2019_la,A17,A17,na,na,na,na,LA_0043,16000,3.621,test,na
LA_E_1591243,data/asvspoof/test/LA_0034/LA_E_1591243.flac,fake,asvspoof2019_la,A17,A17,na,na,na,na,LA_0034,16000,2.681,test,na
LA_E_1698227,data/asvspoof/test/LA_0035/LA_E_1698227.flac,fake,asvspoof2019_la,A17,A17,na,na,na,na,LA_0035,16000,4.474,test,na
LA_E_5230679,data/asvspoof/test/LA_0031/LA_E_5230679.flac,fake,asvspoof2019_la,A17,A17,na,na,na,na,LA_0031,16000,2.98,test,na
LA_E_5634892,data/asvspoof/test/LA_0043/LA_E_5634892.flac,fake,asvspoof2019_la,A17,A17,na,na,na,na,LA_0043,16000,2.429,test,na
LA_E_9052228,data/asvspoof/test/LA_0028/LA_E_9052228.flac,fake,asvspoof2019_la,A17,A17,na,na,na,na,LA_0028,16000,4.098,test,na
LA_E_5633538,data/asvspoof/test/LA_0006/LA_E_5633538.flac,fake,asvspoof2019_la,A17,A17,na,na,na,na,LA_0006,16000,2.596,test,na
LA_E_6195702,data/asvspoof/test/LA_0028/LA_E_6195702.flac,fake,asvspoof2019_la,A17,A17,na,na,na,na,LA_0028,16000,4.774,test,na
LA_E_1034166,data/asvspoof/test/LA_0038/LA_E_1034166.flac,fake,asvspoof2019_la,A18,A18,na,na,na,na,LA_0038,16000,4.476,test,na
LA_E_3413192,data/asvspoof/test/LA_0020/LA_E_3413192.flac,fake,asvspoof2019_la,A18,A18,na,na,na,na,LA_0020,16000,4.691,test,na
LA_E_5433183,data/asvspoof/test/LA_0023/LA_E_5433183.flac,fake,asvspoof2019_la,A18,A18,na,na,na,na,LA_0023,16000,3.84,test,na
LA_E_5234174,data/asvspoof/test/LA_0018/LA_E_5234174.flac,fake,asvspoof2019_la,A18,A18,na,na,na,na,LA_0018,16000,3.629,test,na
LA_E_5173337,data/asvspoof/test/LA_0013/LA_E_5173337.flac,fake,asvspoof2019_la,A18,A18,na,na,na,na,LA_0013,16000,4.395,test,na
LA_E_9831475,data/asvspoof/test/LA_0011/LA_E_9831475.flac,fake,asvspoof2019_la,A18,A18,na,na,na,na,LA_0011,16000,2.387,test,na
LA_E_6969845,data/asvspoof/test/LA_0045/LA_E_6969845.flac,fake,asvspoof2019_la,A18,A18,na,na,na,na,LA_0045,16000,4.993,test,na
LA_E_5834463,data/asvspoof/test/LA_0006/LA_E_5834463.flac,fake,asvspoof2019_la,A18,A18,na,na,na,na,LA_0006,16000,4.054,test,na
LA_E_8542896,data/asvspoof/test/LA_0020/LA_E_8542896.flac,fake,asvspoof2019_la,A18,A18,na,na,na,na,LA_0020,16000,8.354,test,na
LA_E_5867643,data/asvspoof/test/LA_0019/LA_E_5867643.flac,fake,asvspoof2019_la,A18,A18,na,na,na,na,LA_0019,16000,3.414,test,na
LA_E_9276334,data/asvspoof/test/LA_0039/LA_E_9276334.flac,fake,asvspoof2019_la,A18,A18,na,na,na,na,LA_0039,16000,2.645,test,na
LA_E_4260351,data/asvspoof/test/LA_0024/LA_E_4260351.flac,fake,asvspoof2019_la,A18,A18,na,na,na,na,LA_0024,16000,3.195,test,na
LA_E_5037079,data/asvspoof/test/LA_0002/LA_E_5037079.flac,fake,asvspoof2019_la,A18,A18,na,na,na,na,LA_0002,16000,3.796,test,na
LA_E_4117922,data/asvspoof/test/LA_0031/LA_E_4117922.flac,fake,asvspoof2019_la,A18,A18,na,na,na,na,LA_0031,16000,2.559,test,na
LA_E_5010511,data/asvspoof/test/LA_0045/LA_E_5010511.flac,fake,asvspoof2019_la,A18,A18,na,na,na,na,LA_0045,16000,3.03,test,na
LA_E_6958941,data/asvspoof/test/LA_0024/LA_E_6958941.flac,fake,asvspoof2019_la,A18,A18,na,na,na,na,LA_0024,16000,3.926,test,na
LA_E_5947196,data/asvspoof/test/LA_0045/LA_E_5947196.flac,fake,asvspoof2019_la,A18,A18,na,na,na,na,LA_0045,16000,3.499,test,na
LA_E_4431249,data/asvspoof/test/LA_0042/LA_E_4431249.flac,fake,asvspoof2019_la,A18,A18,na,na,na,na,LA_0042,16000,4.268,test,na
LA_E_6938874,data/asvspoof/test/LA_0017/LA_E_6938874.flac,fake,asvspoof2019_la,A18,A18,na,na,na,na,LA_0017,16000,3.714,test,na
LA_E_1384444,data/asvspoof/test/LA_0040/LA_E_1384444.flac,fake,asvspoof2019_la,A18,A18,na,na,na,na,LA_0040,16000,3.885,test,na
LA_E_5752993,data/asvspoof/test/LA_0020/LA_E_5752993.flac,fake,asvspoof2019_la,A18,A18,na,na,na,na,LA_0020,16000,4.31,test,na
LA_E_8558923,data/asvspoof/test/LA_0025/LA_E_8558923.flac,fake,asvspoof2019_la,A18,A18,na,na,na,na,LA_0025,16000,3.622,test,na
LA_E_5911806,data/asvspoof/test/LA_0045/LA_E_5911806.flac,fake,asvspoof2019_la,A18,A18,na,na,na,na,LA_0045,16000,6.361,test,na
LA_E_4365287,data/asvspoof/test/LA_0017/LA_E_4365287.flac,fake,asvspoof2019_la,A18,A18,na,na,na,na,LA_0017,16000,3.283,test,na
LA_E_8506023,data/asvspoof/test/LA_0008/LA_E_8506023.flac,fake,asvspoof2019_la,A18,A18,na,na,na,na,LA_0008,16000,4.993,test,na
LA_E_2044672,data/asvspoof/test/LA_0025/LA_E_2044672.flac,fake,asvspoof2019_la,A18,A18,na,na,na,na,LA_0025,16000,7.165,test,na
LA_E_7023965,data/asvspoof/test/LA_0027/LA_E_7023965.flac,fake,asvspoof2019_la,A18,A18,na,na,na,na,LA_0027,16000,2.137,test,na
LA_E_8414488,data/asvspoof/test/LA_0047/LA_E_8414488.flac,fake,asvspoof2019_la,A18,A18,na,na,na,na,LA_0047,16000,3.197,test,na
LA_E_5725535,data/asvspoof/test/LA_0017/LA_E_5725535.flac,fake,asvspoof2019_la,A18,A18,na,na,na,na,LA_0017,16000,2.256,test,na
LA_E_6398447,data/asvspoof/test/LA_0038/LA_E_6398447.flac,fake,asvspoof2019_la,A18,A18,na,na,na,na,LA_0038,16000,2.944,test,na
LA_E_2898188,data/asvspoof/test/LA_0006/LA_E_2898188.flac,fake,asvspoof2019_la,A18,A18,na,na,na,na,LA_0006,16000,4.861,test,na
LA_E_4725821,data/asvspoof/test/LA_0026/LA_E_4725821.flac,fake,asvspoof2019_la,A18,A18,na,na,na,na,LA_0026,16000,2.9,test,na
LA_E_6913602,data/asvspoof/test/LA_0043/LA_E_6913602.flac,fake,asvspoof2019_la,A18,A18,na,na,na,na,LA_0043,16000,3.11,test,na
LA_E_7852529,data/asvspoof/test/LA_0034/LA_E_7852529.flac,fake,asvspoof2019_la,A18,A18,na,na,na,na,LA_0034,16000,2.598,test,na
LA_E_8708549,data/asvspoof/test/LA_0007/LA_E_8708549.flac,fake,asvspoof2019_la,A18,A18,na,na,na,na,LA_0007,16000,2.692,test,na
LA_E_9385021,data/asvspoof/test/LA_0042/LA_E_9385021.flac,fake,asvspoof2019_la,A18,A18,na,na,na,na,LA_0042,16000,3.072,test,na
LA_E_3226590,data/asvspoof/test/LA_0021/LA_E_3226590.flac,fake,asvspoof2019_la,A18,A18,na,na,na,na,LA_0021,16000,2.988,test,na
LA_E_7267718,data/asvspoof/test/LA_0038/LA_E_7267718.flac,fake,asvspoof2019_la,A18,A18,na,na,na,na,LA_0038,16000,3.114,test,na
LA_E_7801497,data/asvspoof/test/LA_0037/LA_E_7801497.flac,fake,asvspoof2019_la,A18,A18,na,na,na,na,LA_0037,16000,2.898,test,na
LA_E_8248762,data/asvspoof/test/LA_0029/LA_E_8248762.flac,fake,asvspoof2019_la,A18,A18,na,na,na,na,LA_0029,16000,3.715,test,na
LA_E_4148716,data/asvspoof/test/LA_0030/LA_E_4148716.flac,fake,asvspoof2019_la,A18,A18,na,na,na,na,LA_0030,16000,2.901,test,na
LA_E_8899248,data/asvspoof/test/LA_0037/LA_E_8899248.flac,fake,asvspoof2019_la,A18,A18,na,na,na,na,LA_0037,16000,2.816,test,na
LA_E_2304162,data/asvspoof/test/LA_0043/LA_E_2304162.flac,fake,asvspoof2019_la,A18,A18,na,na,na,na,LA_0043,16000,2.983,test,na
LA_E_2123726,data/asvspoof/test/LA_0028/LA_E_2123726.flac,fake,asvspoof2019_la,A18,A18,na,na,na,na,LA_0028,16000,3.585,test,na
LA_E_7552326,data/asvspoof/test/LA_0010/LA_E_7552326.flac,fake,asvspoof2019_la,A18,A18,na,na,na,na,LA_0010,16000,4.046,test,na
LA_E_1100892,data/asvspoof/test/LA_0024/LA_E_1100892.flac,fake,asvspoof2019_la,A18,A18,na,na,na,na,LA_0024,16000,4.053,test,na
LA_E_9544302,data/asvspoof/test/LA_0035/LA_E_9544302.flac,fake,asvspoof2019_la,A19,A19,na,na,na,na,LA_0035,16000,2.216,test,na
LA_E_8521940,data/asvspoof/test/LA_0038/LA_E_8521940.flac,fake,asvspoof2019_la,A19,A19,na,na,na,na,LA_0038,16000,2.333,test,na
LA_E_9412593,data/asvspoof/test/LA_0043/LA_E_9412593.flac,fake,asvspoof2019_la,A19,A19,na,na,na,na,LA_0043,16000,2.553,test,na
LA_E_3645341,data/asvspoof/test/LA_0020/LA_E_3645341.flac,fake,asvspoof2019_la,A19,A19,na,na,na,na,LA_0020,16000,3.325,test,na
LA_E_3114727,data/asvspoof/test/LA_0047/LA_E_3114727.flac,fake,asvspoof2019_la,A19,A19,na,na,na,na,LA_0047,16000,3.155,test,na
LA_E_1651670,data/asvspoof/test/LA_0035/LA_E_1651670.flac,fake,asvspoof2019_la,A19,A19,na,na,na,na,LA_0035,16000,4.092,test,na
LA_E_7244977,data/asvspoof/test/LA_0009/LA_E_7244977.flac,fake,asvspoof2019_la,A19,A19,na,na,na,na,LA_0009,16000,2.682,test,na
LA_E_1314422,data/asvspoof/test/LA_0044/LA_E_1314422.flac,fake,asvspoof2019_la,A19,A19,na,na,na,na,LA_0044,16000,1.826,test,na
LA_E_5167144,data/asvspoof/test/LA_0042/LA_E_5167144.flac,fake,asvspoof2019_la,A19,A19,na,na,na,na,LA_0042,16000,3.363,test,na
LA_E_2475423,data/asvspoof/test/LA_0039/LA_E_2475423.flac,fake,asvspoof2019_la,A19,A19,na,na,na,na,LA_0039,16000,2.804,test,na
LA_E_2213262,data/asvspoof/test/LA_0046/LA_E_2213262.flac,fake,asvspoof2019_la,A19,A19,na,na,na,na,LA_0046,16000,4.641,test,na
LA_E_1850968,data/asvspoof/test/LA_0027/LA_E_1850968.flac,fake,asvspoof2019_la,A19,A19,na,na,na,na,LA_0027,16000,2.383,test,na
LA_E_4771537,data/asvspoof/test/LA_0037/LA_E_4771537.flac,fake,asvspoof2019_la,A19,A19,na,na,na,na,LA_0037,16000,3.022,test,na
LA_E_2442152,data/asvspoof/test/LA_0046/LA_E_2442152.flac,fake,asvspoof2019_la,A19,A19,na,na,na,na,LA_0046,16000,8.012,test,na
LA_E_7411264,data/asvspoof/test/LA_0002/LA_E_7411264.flac,fake,asvspoof2019_la,A19,A19,na,na,na,na,LA_0002,16000,2.985,test,na
LA_E_4825898,data/asvspoof/test/LA_0002/LA_E_4825898.flac,fake,asvspoof2019_la,A19,A19,na,na,na,na,LA_0002,16000,2.553,test,na
LA_E_8049103,data/asvspoof/test/LA_0023/LA_E_8049103.flac,fake,asvspoof2019_la,A19,A19,na,na,na,na,LA_0023,16000,4.005,test,na
LA_E_5721457,data/asvspoof/test/LA_0037/LA_E_5721457.flac,fake,asvspoof2019_la,A19,A19,na,na,na,na,LA_0037,16000,3.613,test,na
LA_E_3437343,data/asvspoof/test/LA_0039/LA_E_3437343.flac,fake,asvspoof2019_la,A19,A19,na,na,na,na,LA_0039,16000,3.192,test,na
LA_E_1647542,data/asvspoof/test/LA_0010/LA_E_1647542.flac,fake,asvspoof2019_la,A19,A19,na,na,na,na,LA_0010,16000,2.97,test,na
LA_E_5106231,data/asvspoof/test/LA_0016/LA_E_5106231.flac,fake,asvspoof2019_la,A19,A19,na,na,na,na,LA_0016,16000,4.644,test,na
LA_E_4645291,data/asvspoof/test/LA_0047/LA_E_4645291.flac,fake,asvspoof2019_la,A19,A19,na,na,na,na,LA_0047,16000,5.923,test,na
LA_E_6302978,data/asvspoof/test/LA_0026/LA_E_6302978.flac,fake,asvspoof2019_la,A19,A19,na,na,na,na,LA_0026,16000,2.857,test,na
LA_E_2504709,data/asvspoof/test/LA_0024/LA_E_2504709.flac,fake,asvspoof2019_la,A19,A19,na,na,na,na,LA_0024,16000,2.124,test,na
LA_E_8937932,data/asvspoof/test/LA_0032/LA_E_8937932.flac,fake,asvspoof2019_la,A19,A19,na,na,na,na,LA_0032,16000,5.962,test,na
LA_E_2297843,data/asvspoof/test/LA_0031/LA_E_2297843.flac,fake,asvspoof2019_la,A19,A19,na,na,na,na,LA_0031,16000,4.045,test,na
LA_E_3147623,data/asvspoof/test/LA_0025/LA_E_3147623.flac,fake,asvspoof2019_la,A19,A19,na,na,na,na,LA_0025,16000,2.426,test,na
LA_E_8302699,data/asvspoof/test/LA_0019/LA_E_8302699.flac,fake,asvspoof2019_la,A19,A19,na,na,na,na,LA_0019,16000,4.559,test,na
LA_E_4427981,data/asvspoof/test/LA_0041/LA_E_4427981.flac,fake,asvspoof2019_la,A19,A19,na,na,na,na,LA_0041,16000,3.324,test,na
LA_E_8845954,data/asvspoof/test/LA_0017/LA_E_8845954.flac,fake,asvspoof2019_la,A19,A19,na,na,na,na,LA_0017,16000,3.698,test,na
LA_E_1466962,data/asvspoof/test/LA_0037/LA_E_1466962.flac,fake,asvspoof2019_la,A19,A19,na,na,na,na,LA_0037,16000,4.253,test,na
LA_E_4170381,data/asvspoof/test/LA_0020/LA_E_4170381.flac,fake,asvspoof2019_la,A19,A19,na,na,na,na,LA_0020,16000,3.615,test,na
LA_E_4133781,data/asvspoof/test/LA_0039/LA_E_4133781.flac,fake,asvspoof2019_la,A19,A19,na,na,na,na,LA_0039,16000,4.041,test,na
LA_E_5570998,data/asvspoof/test/LA_0022/LA_E_5570998.flac,fake,asvspoof2019_la,A19,A19,na,na,na,na,LA_0022,16000,2.553,test,na
LA_E_3675433,data/asvspoof/test/LA_0016/LA_E_3675433.flac,fake,asvspoof2019_la,A19,A19,na,na,na,na,LA_0016,16000,3.103,test,na
LA_E_7069418,data/asvspoof/test/LA_0037/LA_E_7069418.flac,fake,asvspoof2019_la,A19,A19,na,na,na,na,LA_0037,16000,2.842,test,na
LA_E_2134315,data/asvspoof/test/LA_0001/LA_E_2134315.flac,fake,asvspoof2019_la,A19,A19,na,na,na,na,LA_0001,16000,2.596,test,na
LA_E_1870403,data/asvspoof/test/LA_0026/LA_E_1870403.flac,fake,asvspoof2019_la,A19,A19,na,na,na,na,LA_0026,16000,4.644,test,na
LA_E_1580018,data/asvspoof/test/LA_0020/LA_E_1580018.flac,fake,asvspoof2019_la,A19,A19,na,na,na,na,LA_0020,16000,2.283,test,na
LA_E_3482694,data/asvspoof/test/LA_0012/LA_E_3482694.flac,fake,asvspoof2019_la,A19,A19,na,na,na,na,LA_0012,16000,3.324,test,na
LA_E_5024332,data/asvspoof/test/LA_0014/LA_E_5024332.flac,fake,asvspoof2019_la,A19,A19,na,na,na,na,LA_0014,16000,5.796,test,na
LA_E_9547825,data/asvspoof/test/LA_0047/LA_E_9547825.flac,fake,asvspoof2019_la,A19,A19,na,na,na,na,LA_0047,16000,4.682,test,na
LA_E_2381589,data/asvspoof/test/LA_0003/LA_E_2381589.flac,fake,asvspoof2019_la,A19,A19,na,na,na,na,LA_0003,16000,4.215,test,na
LA_E_8064700,data/asvspoof/test/LA_0027/LA_E_8064700.flac,fake,asvspoof2019_la,A19,A19,na,na,na,na,LA_0027,16000,3.193,test,na
LA_E_7256174,data/asvspoof/test/LA_0033/LA_E_7256174.flac,fake,asvspoof2019_la,A19,A19,na,na,na,na,LA_0033,16000,2.043,test,na
LA_E_1432875,data/asvspoof/test/LA_0028/LA_E_1432875.flac,fake,asvspoof2019_la,A19,A19,na,na,na,na,LA_0028,16000,5.076,test,na
