audio_path,label,source,clone_model,attack_type,attack_params,text,speaker_id,duration,sample_rate,split,utt_id
data/attacks/mp3-64k/LA_E_7819448.wav,fake,la_p4fix,none,mp3-64k,mp3-64k,na,LA_0003,1.284,16000,test,LA_E_7819448_mp3-64k
data/attacks/aac-128k/LA_E_7819448.wav,fake,la_p4fix,none,aac-128k,aac-128k,na,LA_0003,1.344,16000,test,LA_E_7819448_aac-128k
data/attacks/opus-32k/LA_E_7819448.wav,fake,la_p4fix,none,opus-32k,opus-32k,na,LA_0003,1.284,16000,test,LA_E_7819448_opus-32k
data/attacks/g711-8k/LA_E_7819448.wav,fake,la_p4fix,none,g711-8k,g711-8k,na,LA_0003,1.284,16000,test,LA_E_7819448_g711-8k
data/attacks/awgn-snr5/LA_E_7819448.wav,fake,la_p4fix,none,awgn-snr5,snr5,na,LA_0003,1.284,16000,test,LA_E_7819448_awgn-snr5
data/attacks/awgn-snr10/LA_E_7819448.wav,fake,la_p4fix,none,awgn-snr10,snr10,na,LA_0003,1.284,16000,test,LA_E_7819448_awgn-snr10
data/attacks/bandpass-300-3400/LA_E_7819448.wav,fake,la_p4fix,none,bandpass-300-3400,bandpass300-3400,na,LA_0003,1.284,16000,test,LA_E_7819448_bandpass-300-3400
data/attacks/reverb-rt60-0.4/LA_E_7819448.wav,fake,la_p4fix,none,reverb-rt60-0.4,rt60-0.4,na,LA_0003,1.284,16000,test,LA_E_7819448_reverb-rt60-0.4
data/attacks/speed0.9/LA_E_7819448.wav,fake,la_p4fix,none,speed0.9,speed0.9,na,LA_0003,1.426,16000,test,LA_E_7819448_speed0.9
data/attacks/mp3-64k/LA_E_1350026.wav,fake,la_p4fix,none,mp3-64k,mp3-64k,na,LA_0040,3.459,16000,test,LA_E_1350026_mp3-64k
data/attacks/aac-128k/LA_E_1350026.wav,fake,la_p4fix,none,aac-128k,aac-128k,na,LA_0040,3.52,16000,test,LA_E_1350026_aac-128k
data/attacks/opus-32k/LA_E_1350026.wav,fake,la_p4fix,none,opus-32k,opus-32k,na,LA_0040,3.459,16000,test,LA_E_1350026_opus-32k
data/attacks/g711-8k/LA_E_1350026.wav,fake,la_p4fix,none,g711-8k,g711-8k,na,LA_0040,3.459,16000,test,LA_E_1350026_g711-8k
data/attacks/awgn-snr5/LA_E_1350026.wav,fake,la_p4fix,none,awgn-snr5,snr5,na,LA_0040,3.459,16000,test,LA_E_1350026_awgn-snr5
data/attacks/awgn-snr10/LA_E_1350026.wav,fake,la_p4fix,none,awgn-snr10,snr10,na,LA_0040,3.459,16000,test,LA_E_1350026_awgn-snr10
data/attacks/bandpass-300-3400/LA_E_1350026.wav,fake,la_p4fix,none,bandpass-300-3400,bandpass300-3400,na,LA_0040,3.459,16000,test,LA_E_1350026_bandpass-300-3400
data/attacks/reverb-rt60-0.4/LA_E_1350026.wav,fake,la_p4fix,none,reverb-rt60-0.4,rt60-0.4,na,LA_0040,3.459,16000,test,LA_E_1350026_reverb-rt60-0.4
data/attacks/speed0.9/LA_E_1350026.wav,fake,la_p4fix,none,speed0.9,speed0.9,na,LA_0040,3.843,16000,test,LA_E_1350026_speed0.9
data/attacks/mp3-64k/LA_E_9314539.wav,fake,la_p4fix,none,mp3-64k,mp3-64k,na,LA_0016,3.646,16000,test,LA_E_9314539_mp3-64k
data/attacks/aac-128k/LA_E_9314539.wav,fake,la_p4fix,none,aac-128k,aac-128k,na,LA_0016,3.648,16000,test,LA_E_9314539_aac-128k
data/attacks/opus-32k/LA_E_9314539.wav,fake,la_p4fix,none,opus-32k,opus-32k,na,LA_0016,3.646,16000,test,LA_E_9314539_opus-32k
data/attacks/g711-8k/LA_E_9314539.wav,fake,la_p4fix,none,g711-8k,g711-8k,na,LA_0016,3.646,16000,test,LA_E_9314539_g711-8k
data/attacks/awgn-snr5/LA_E_9314539.wav,fake,la_p4fix,none,awgn-snr5,snr5,na,LA_0016,3.646,16000,test,LA_E_9314539_awgn-snr5
data/attacks/awgn-snr10/LA_E_9314539.wav,fake,la_p4fix,none,awgn-snr10,snr10,na,LA_0016,3.646,16000,test,LA_E_9314539_awgn-snr10
data/attacks/bandpass-300-3400/LA_E_9314539.wav,fake,la_p4fix,none,bandpass-300-3400,bandpass300-3400,na,LA_0016,3.646,16000,test,LA_E_9314539_bandpass-300-3400
data/attacks/reverb-rt60-0.4/LA_E_9314539.wav,fake,la_p4fix,none,reverb-rt60-0.4,rt60-0.4,na,LA_0016,3.646,16000,test,LA_E_9314539_reverb-rt60-0.4
data/attacks/speed0.9/LA_E_9314539.wav,fake,la_p4fix,none,speed0.9,speed0.9,na,LA_0016,4.051,16000,test,LA_E_9314539_speed0.9
data/attacks/mp3-64k/LA_E_9214210.wav,fake,la_p4fix,none,mp3-64k,mp3-64k,na,LA_0039,1.387,16000,test,LA_E_9214210_mp3-64k
data/attacks/aac-128k/LA_E_9214210.wav,fake,la_p4fix,none,aac-128k,aac-128k,na,LA_0039,1.408,16000,test,LA_E_9214210_aac-128k
data/attacks/opus-32k/LA_E_9214210.wav,fake,la_p4fix,none,opus-32k,opus-32k,na,LA_0039,1.387,16000,test,LA_E_9214210_opus-32k
data/attacks/g711-8k/LA_E_9214210.wav,fake,la_p4fix,none,g711-8k,g711-8k,na,LA_0039,1.387,16000,test,LA_E_9214210_g711-8k
data/attacks/awgn-snr5/LA_E_9214210.wav,fake,la_p4fix,none,awgn-snr5,snr5,na,LA_0039,1.387,16000,test,LA_E_9214210_awgn-snr5
data/attacks/awgn-snr10/LA_E_9214210.wav,fake,la_p4fix,none,awgn-snr10,snr10,na,LA_0039,1.387,16000,test,LA_E_9214210_awgn-snr10
data/attacks/bandpass-300-3400/LA_E_9214210.wav,fake,la_p4fix,none,bandpass-300-3400,bandpass300-3400,na,LA_0039,1.387,16000,test,LA_E_9214210_bandpass-300-3400
data/attacks/reverb-rt60-0.4/LA_E_9214210.wav,fake,la_p4fix,none,reverb-rt60-0.4,rt60-0.4,na,LA_0039,1.387,16000,test,LA_E_9214210_reverb-rt60-0.4
data/attacks/speed0.9/LA_E_9214210.wav,fake,la_p4fix,none,speed0.9,speed0.9,na,LA_0039,1.542,16000,test,LA_E_9214210_speed0.9
data/attacks/mp3-64k/LA_E_6217305.wav,fake,la_p4fix,none,mp3-64k,mp3-64k,na,LA_0039,1.582,16000,test,LA_E_6217305_mp3-64k
data/attacks/aac-128k/LA_E_6217305.wav,fake,la_p4fix,none,aac-128k,aac-128k,na,LA_0039,1.6,16000,test,LA_E_6217305_aac-128k
data/attacks/opus-32k/LA_E_6217305.wav,fake,la_p4fix,none,opus-32k,opus-32k,na,LA_0039,1.582,16000,test,LA_E_6217305_opus-32k
data/attacks/g711-8k/LA_E_6217305.wav,fake,la_p4fix,none,g711-8k,g711-8k,na,LA_0039,1.582,16000,test,LA_E_6217305_g711-8k
data/attacks/awgn-snr5/LA_E_6217305.wav,fake,la_p4fix,none,awgn-snr5,snr5,na,LA_0039,1.582,16000,test,LA_E_6217305_awgn-snr5
data/attacks/awgn-snr10/LA_E_6217305.wav,fake,la_p4fix,none,awgn-snr10,snr10,na,LA_0039,1.582,16000,test,LA_E_6217305_awgn-snr10
data/attacks/bandpass-300-3400/LA_E_6217305.wav,fake,la_p4fix,none,bandpass-300-3400,bandpass300-3400,na,LA_0039,1.582,16000,test,LA_E_6217305_bandpass-300-3400
data/attacks/reverb-rt60-0.4/LA_E_6217305.wav,fake,la_p4fix,none,reverb-rt60-0.4,rt60-0.4,na,LA_0039,1.582,16000,test,LA_E_6217305_reverb-rt60-0.4
data/attacks/speed0.9/LA_E_6217305.wav,fake,la_p4fix,none,speed0.9,speed0.9,na,LA_0039,1.758,16000,test,LA_E_6217305_speed0.9
data/attacks/mp3-64k/LA_E_9508397.wav,fake,la_p4fix,none,mp3-64k,mp3-64k,na,LA_0033,1.265,16000,test,LA_E_9508397_mp3-64k
data/attacks/aac-128k/LA_E_9508397.wav,fake,la_p4fix,none,aac-128k,aac-128k,na,LA_0033,1.28,16000,test,LA_E_9508397_aac-128k
data/attacks/opus-32k/LA_E_9508397.wav,fake,la_p4fix,none,opus-32k,opus-32k,na,LA_0033,1.265,16000,test,LA_E_9508397_opus-32k
data/attacks/g711-8k/LA_E_9508397.wav,fake,la_p4fix,none,g711-8k,g711-8k,na,LA_0033,1.265,16000,test,LA_E_9508397_g711-8k
data/attacks/awgn-snr5/LA_E_9508397.wav,fake,la_p4fix,none,awgn-snr5,snr5,na,LA_0033,1.265,16000,test,LA_E_9508397_awgn-snr5
data/attacks/awgn-snr10/LA_E_9508397.wav,fake,la_p4fix,none,awgn-snr10,snr10,na,LA_0033,1.265,16000,test,LA_E_9508397_awgn-snr10
data/attacks/bandpass-300-3400/LA_E_9508397.wav,fake,la_p4fix,none,bandpass-300-3400,bandpass300-3400,na,LA_0033,1.265,16000,test,LA_E_9508397_bandpass-300-3400
data/attacks/reverb-rt60-0.4/LA_E_9508397.wav,fake,la_p4fix,none,reverb-rt60-0.4,rt60-0.4,na,LA_0033,1.265,16000,test,LA_E_9508397_reverb-rt60-0.4
data/attacks/speed0.9/LA_E_9508397.wav,fake,la_p4fix,none,speed0.9,speed0.9,na,LA_0033,1.406,16000,test,LA_E_9508397_speed0.9
data/attacks/mp3-64k/LA_E_4156936.wav,fake,la_p4fix,none,mp3-64k,mp3-64k,na,LA_0036,3.233,16000,test,LA_E_4156936_mp3-64k
data/attacks/aac-128k/LA_E_4156936.wav,fake,la_p4fix,none,aac-128k,aac-128k,na,LA_0036,3.264,16000,test,LA_E_4156936_aac-128k
data/attacks/opus-32k/LA_E_4156936.wav,fake,la_p4fix,none,opus-32k,opus-32k,na,LA_0036,3.233,16000,test,LA_E_4156936_opus-32k
data/attacks/g711-8k/LA_E_4156936.wav,fake,la_p4fix,none,g711-8k,g711-8k,na,LA_0036,3.233,16000,test,LA_E_4156936_g711-8k
data/attacks/awgn-snr5/LA_E_4156936.wav,fake,la_p4fix,none,awgn-snr5,snr5,na,LA_0036,3.233,16000,test,LA_E_4156936_awgn-snr5
data/attacks/awgn-snr10/LA_E_4156936.wav,fake,la_p4fix,none,awgn-snr10,snr10,na,LA_0036,3.233,16000,test,LA_E_4156936_awgn-snr10
data/attacks/bandpass-300-3400/LA_E_4156936.wav,fake,la_p4fix,none,bandpass-300-3400,bandpass300-3400,na,LA_0036,3.233,16000,test,LA_E_4156936_bandpass-300-3400
data/attacks/reverb-rt60-0.4/LA_E_4156936.wav,fake,la_p4fix,none,reverb-rt60-0.4,rt60-0.4,na,LA_0036,3.233,16000,test,LA_E_4156936_reverb-rt60-0.4
data/attacks/speed0.9/LA_E_4156936.wav,fake,la_p4fix,none,speed0.9,speed0.9,na,LA_0036,3.592,16000,test,LA_E_4156936_speed0.9
data/attacks/mp3-64k/LA_E_3187156.wav,fake,la_p4fix,none,mp3-64k,mp3-64k,na,LA_0021,4.06,16000,test,LA_E_3187156_mp3-64k
data/attacks/aac-128k/LA_E_3187156.wav,fake,la_p4fix,none,aac-128k,aac-128k,na,LA_0021,4.096,16000,test,LA_E_3187156_aac-128k
data/attacks/opus-32k/LA_E_3187156.wav,fake,la_p4fix,none,opus-32k,opus-32k,na,LA_0021,4.06,16000,test,LA_E_3187156_opus-32k
data/attacks/g711-8k/LA_E_3187156.wav,fake,la_p4fix,none,g711-8k,g711-8k,na,LA_0021,4.06,16000,test,LA_E_3187156_g711-8k
data/attacks/awgn-snr5/LA_E_3187156.wav,fake,la_p4fix,none,awgn-snr5,snr5,na,LA_0021,4.06,16000,test,LA_E_3187156_awgn-snr5
data/attacks/awgn-snr10/LA_E_3187156.wav,fake,la_p4fix,none,awgn-snr10,snr10,na,LA_0021,4.06,16000,test,LA_E_3187156_awgn-snr10
data/attacks/bandpass-300-3400/LA_E_3187156.wav,fake,la_p4fix,none,bandpass-300-3400,bandpass300-3400,na,LA_0021,4.06,16000,test,LA_E_3187156_bandpass-300-3400
data/attacks/reverb-rt60-0.4/LA_E_3187156.wav,fake,la_p4fix,none,reverb-rt60-0.4,rt60-0.4,na,LA_0021,4.06,16000,test,LA_E_3187156_reverb-rt60-0.4
data/attacks/speed0.9/LA_E_3187156.wav,fake,la_p4fix,none,speed0.9,speed0.9,na,LA_0021,4.511,16000,test,LA_E_3187156_speed0.9
data/attacks/mp3-64k/LA_E_1008103.wav,fake,la_p4fix,none,mp3-64k,mp3-64k,na,LA_0011,2.491,16000,test,LA_E_1008103_mp3-64k
data/attacks/aac-128k/LA_E_1008103.wav,fake,la_p4fix,none,aac-128k,aac-128k,na,LA_0011,2.496,16000,test,LA_E_1008103_aac-128k
data/attacks/opus-32k/LA_E_1008103.wav,fake,la_p4fix,none,opus-32k,opus-32k,na,LA_0011,2.491,16000,test,LA_E_1008103_opus-32k
data/attacks/g711-8k/LA_E_1008103.wav,fake,la_p4fix,none,g711-8k,g711-8k,na,LA_0011,2.491,16000,test,LA_E_1008103_g711-8k
data/attacks/awgn-snr5/LA_E_1008103.wav,fake,la_p4fix,none,awgn-snr5,snr5,na,LA_0011,2.491,16000,test,LA_E_1008103_awgn-snr5
data/attacks/awgn-snr10/LA_E_1008103.wav,fake,la_p4fix,none,awgn-snr10,snr10,na,LA_0011,2.491,16000,test,LA_E_1008103_awgn-snr10
data/attacks/bandpass-300-3400/LA_E_1008103.wav,fake,la_p4fix,none,bandpass-300-3400,bandpass300-3400,na,LA_0011,2.491,16000,test,LA_E_1008103_bandpass-300-3400
data/attacks/reverb-rt60-0.4/LA_E_1008103.wav,fake,la_p4fix,none,reverb-rt60-0.4,rt60-0.4,na,LA_0011,2.491,16000,test,LA_E_1008103_reverb-rt60-0.4
data/attacks/speed0.9/LA_E_1008103.wav,fake,la_p4fix,none,speed0.9,speed0.9,na,LA_0011,2.768,16000,test,LA_E_1008103_speed0.9
data/attacks/mp3-64k/LA_E_3326267.wav,fake,la_p4fix,none,mp3-64k,mp3-64k,na,LA_0005,1.294,16000,test,LA_E_3326267_mp3-64k
data/attacks/aac-128k/LA_E_3326267.wav,fake,la_p4fix,none,aac-128k,aac-128k,na,LA_0005,1.344,16000,test,LA_E_3326267_aac-128k
data/attacks/opus-32k/LA_E_3326267.wav,fake,la_p4fix,none,opus-32k,opus-32k,na,LA_0005,1.294,16000,test,LA_E_3326267_opus-32k
data/attacks/g711-8k/LA_E_3326267.wav,fake,la_p4fix,none,g711-8k,g711-8k,na,LA_0005,1.294,16000,test,LA_E_3326267_g711-8k
data/attacks/awgn-snr5/LA_E_3326267.wav,fake,la_p4fix,none,awgn-snr5,snr5,na,LA_0005,1.294,16000,test,LA_E_3326267_awgn-snr5
data/attacks/awgn-snr10/LA_E_3326267.wav,fake,la_p4fix,none,awgn-snr10,snr10,na,LA_0005,1.294,16000,test,LA_E_3326267_awgn-snr10
data/attacks/bandpass-300-3400/LA_E_3326267.wav,fake,la_p4fix,none,bandpass-300-3400,bandpass300-3400,na,LA_0005,1.294,16000,test,LA_E_3326267_bandpass-300-3400
data/attacks/reverb-rt60-0.4/LA_E_3326267.wav,fake,la_p4fix,none,reverb-rt60-0.4,rt60-0.4,na,LA_0005,1.294,16000,test,LA_E_3326267_reverb-rt60-0.4
data/attacks/speed0.9/LA_E_3326267.wav,fake,la_p4fix,none,speed0.9,speed0.9,na,LA_0005,1.438,16000,test,LA_E_3326267_speed0.9
data/attacks/mp3-64k/LA_E_4231938.wav,fake,la_p4fix,none,mp3-64k,mp3-64k,na,LA_0047,1.828,16000,test,LA_E_4231938_mp3-64k
data/attacks/aac-128k/LA_E_4231938.wav,fake,la_p4fix,none,aac-128k,aac-128k,na,LA_0047,1.856,16000,test,LA_E_4231938_aac-128k
data/attacks/opus-32k/LA_E_4231938.wav,fake,la_p4fix,none,opus-32k,opus-32k,na,LA_0047,1.828,16000,test,LA_E_4231938_opus-32k
data/attacks/g711-8k/LA_E_4231938.wav,fake,la_p4fix,none,g711-8k,g711-8k,na,LA_0047,1.828,16000,test,LA_E_4231938_g711-8k
data/attacks/awgn-snr5/LA_E_4231938.wav,fake,la_p4fix,none,awgn-snr5,snr5,na,LA_0047,1.828,16000,test,LA_E_4231938_awgn-snr5
data/attacks/awgn-snr10/LA_E_4231938.wav,fake,la_p4fix,none,awgn-snr10,snr10,na,LA_0047,1.828,16000,test,LA_E_4231938_awgn-snr10
data/attacks/bandpass-300-3400/LA_E_4231938.wav,fake,la_p4fix,none,bandpass-300-3400,bandpass300-3400,na,LA_0047,1.828,16000,test,LA_E_4231938_bandpass-300-3400
data/attacks/reverb-rt60-0.4/LA_E_4231938.wav,fake,la_p4fix,none,reverb-rt60-0.4,rt60-0.4,na,LA_0047,1.828,16000,test,LA_E_4231938_reverb-rt60-0.4
data/attacks/speed0.9/LA_E_4231938.wav,fake,la_p4fix,none,speed0.9,speed0.9,na,LA_0047,2.031,16000,test,LA_E_4231938_speed0.9
data/attacks/mp3-64k/LA_E_5035508.wav,fake,la_p4fix,none,mp3-64k,mp3-64k,na,LA_0042,2.232,16000,test,LA_E_5035508_mp3-64k
data/attacks/aac-128k/LA_E_5035508.wav,fake,la_p4fix,none,aac-128k,aac-128k,na,LA_0042,2.24,16000,test,LA_E_5035508_aac-128k
data/attacks/opus-32k/LA_E_5035508.wav,fake,la_p4fix,none,opus-32k,opus-32k,na,LA_0042,2.232,16000,test,LA_E_5035508_opus-32k
data/attacks/g711-8k/LA_E_5035508.wav,fake,la_p4fix,none,g711-8k,g711-8k,na,LA_0042,2.232,16000,test,LA_E_5035508_g711-8k
data/attacks/awgn-snr5/LA_E_5035508.wav,fake,la_p4fix,none,awgn-snr5,snr5,na,LA_0042,2.232,16000,test,LA_E_5035508_awgn-snr5
data/attacks/awgn-snr10/LA_E_5035508.wav,fake,la_p4fix,none,awgn-snr10,snr10,na,LA_0042,2.232,16000,test,LA_E_5035508_awgn-snr10
data/attacks/bandpass-300-3400/LA_E_5035508.wav,fake,la_p4fix,none,bandpass-300-3400,bandpass300-3400,na,LA_0042,2.232,16000,test,LA_E_5035508_bandpass-300-3400
data/attacks/reverb-rt60-0.4/LA_E_5035508.wav,fake,la_p4fix,none,reverb-rt60-0.4,rt60-0.4,na,LA_0042,2.232,16000,test,LA_E_5035508_reverb-rt60-0.4
data/attacks/speed0.9/LA_E_5035508.wav,fake,la_p4fix,none,speed0.9,speed0.9,na,LA_0042,2.48,16000,test,LA_E_5035508_speed0.9
data/attacks/mp3-64k/LA_E_1120293.wav,fake,la_p4fix,none,mp3-64k,mp3-64k,na,LA_0039,1.313,16000,test,LA_E_1120293_mp3-64k
data/attacks/aac-128k/LA_E_1120293.wav,fake,la_p4fix,none,aac-128k,aac-128k,na,LA_0039,1.344,16000,test,LA_E_1120293_aac-128k
data/attacks/opus-32k/LA_E_1120293.wav,fake,la_p4fix,none,opus-32k,opus-32k,na,LA_0039,1.313,16000,test,LA_E_1120293_opus-32k
data/attacks/g711-8k/LA_E_1120293.wav,fake,la_p4fix,none,g711-8k,g711-8k,na,LA_0039,1.313,16000,test,LA_E_1120293_g711-8k
data/attacks/awgn-snr5/LA_E_1120293.wav,fake,la_p4fix,none,awgn-snr5,snr5,na,LA_0039,1.313,16000,test,LA_E_1120293_awgn-snr5
data/attacks/awgn-snr10/LA_E_1120293.wav,fake,la_p4fix,none,awgn-snr10,snr10,na,LA_0039,1.313,16000,test,LA_E_1120293_awgn-snr10
data/attacks/bandpass-300-3400/LA_E_1120293.wav,fake,la_p4fix,none,bandpass-300-3400,bandpass300-3400,na,LA_0039,1.313,16000,test,LA_E_1120293_bandpass-300-3400
data/attacks/reverb-rt60-0.4/LA_E_1120293.wav,fake,la_p4fix,none,reverb-rt60-0.4,rt60-0.4,na,LA_0039,1.313,16000,test,LA_E_1120293_reverb-rt60-0.4
data/attacks/speed0.9/LA_E_1120293.wav,fake,la_p4fix,none,speed0.9,speed0.9,na,LA_0039,1.458,16000,test,LA_E_1120293_speed0.9
data/attacks/mp3-64k/LA_E_6865971.wav,fake,la_p4fix,none,mp3-64k,mp3-64k,na,LA_0016,0.944,16000,test,LA_E_6865971_mp3-64k
data/attacks/aac-128k/LA_E_6865971.wav,fake,la_p4fix,none,aac-128k,aac-128k,na,LA_0016,0.96,16000,test,LA_E_6865971_aac-128k
data/attacks/opus-32k/LA_E_6865971.wav,fake,la_p4fix,none,opus-32k,opus-32k,na,LA_0016,0.944,16000,test,LA_E_6865971_opus-32k
data/attacks/g711-8k/LA_E_6865971.wav,fake,la_p4fix,none,g711-8k,g711-8k,na,LA_0016,0.945,16000,test,LA_E_6865971_g711-8k
data/attacks/awgn-snr5/LA_E_6865971.wav,fake,la_p4fix,none,awgn-snr5,snr5,na,LA_0016,0.944,16000,test,LA_E_6865971_awgn-snr5
data/attacks/awgn-snr10/LA_E_6865971.wav,fake,la_p4fix,none,awgn-snr10,snr10,na,LA_0016,0.944,16000,test,LA_E_6865971_awgn-snr10
data/attacks/bandpass-300-3400/LA_E_6865971.wav,fake,la_p4fix,none,bandpass-300-3400,bandpass300-3400,na,LA_0016,0.944,16000,test,LA_E_6865971_bandpass-300-3400
data/attacks/reverb-rt60-0.4/LA_E_6865971.wav,fake,la_p4fix,none,reverb-rt60-0.4,rt60-0.4,na,LA_0016,0.944,16000,test,LA_E_6865971_reverb-rt60-0.4
data/attacks/speed0.9/LA_E_6865971.wav,fake,la_p4fix,none,speed0.9,speed0.9,na,LA_0016,1.049,16000,test,LA_E_6865971_speed0.9
data/attacks/mp3-64k/LA_E_8979943.wav,fake,la_p4fix,none,mp3-64k,mp3-64k,na,LA_0025,5.583,16000,test,LA_E_8979943_mp3-64k
data/attacks/aac-128k/LA_E_8979943.wav,fake,la_p4fix,none,aac-128k,aac-128k,na,LA_0025,5.632,16000,test,LA_E_8979943_aac-128k
data/attacks/opus-32k/LA_E_8979943.wav,fake,la_p4fix,none,opus-32k,opus-32k,na,LA_0025,5.583,16000,test,LA_E_8979943_opus-32k
data/attacks/g711-8k/LA_E_8979943.wav,fake,la_p4fix,none,g711-8k,g711-8k,na,LA_0025,5.583,16000,test,LA_E_8979943_g711-8k
data/attacks/awgn-snr5/LA_E_8979943.wav,fake,la_p4fix,none,awgn-snr5,snr5,na,LA_0025,5.583,16000,test,LA_E_8979943_awgn-snr5
data/attacks/awgn-snr10/LA_E_8979943.wav,fake,la_p4fix,none,awgn-snr10,snr10,na,LA_0025,5.583,16000,test,LA_E_8979943_awgn-snr10
data/attacks/bandpass-300-3400/LA_E_8979943.wav,fake,la_p4fix,none,bandpass-300-3400,bandpass300-3400,na,LA_0025,5.583,16000,test,LA_E_8979943_bandpass-300-3400
data/attacks/reverb-rt60-0.4/LA_E_8979943.wav,fake,la_p4fix,none,reverb-rt60-0.4,rt60-0.4,na,LA_0025,5.583,16000,test,LA_E_8979943_reverb-rt60-0.4
data/attacks/speed0.9/LA_E_8979943.wav,fake,la_p4fix,none,speed0.9,speed0.9,na,LA_0025,6.203,16000,test,LA_E_8979943_speed0.9
data/attacks/mp3-64k/LA_E_9148294.wav,fake,la_p4fix,none,mp3-64k,mp3-64k,na,LA_0010,2.415,16000,test,LA_E_9148294_mp3-64k
data/attacks/aac-128k/LA_E_9148294.wav,fake,la_p4fix,none,aac-128k,aac-128k,na,LA_0010,2.432,16000,test,LA_E_9148294_aac-128k
data/attacks/opus-32k/LA_E_9148294.wav,fake,la_p4fix,none,opus-32k,opus-32k,na,LA_0010,2.414,16000,test,LA_E_9148294_opus-32k
data/attacks/g711-8k/LA_E_9148294.wav,fake,la_p4fix,none,g711-8k,g711-8k,na,LA_0010,2.414,16000,test,LA_E_9148294_g711-8k
data/attacks/awgn-snr5/LA_E_9148294.wav,fake,la_p4fix,none,awgn-snr5,snr5,na,LA_0010,2.414,16000,test,LA_E_9148294_awgn-snr5
data/attacks/awgn-snr10/LA_E_9148294.wav,fake,la_p4fix,none,awgn-snr10,snr10,na,LA_0010,2.414,16000,test,LA_E_9148294_awgn-snr10
data/attacks/bandpass-300-3400/LA_E_9148294.wav,fake,la_p4fix,none,bandpass-300-3400,bandpass300-3400,na,LA_0010,2.414,16000,test,LA_E_9148294_bandpass-300-3400
data/attacks/reverb-rt60-0.4/LA_E_9148294.wav,fake,la_p4fix,none,reverb-rt60-0.4,rt60-0.4,na,LA_0010,2.414,16000,test,LA_E_9148294_reverb-rt60-0.4
data/attacks/speed0.9/LA_E_9148294.wav,fake,la_p4fix,none,speed0.9,speed0.9,na,LA_0010,2.683,16000,test,LA_E_9148294_speed0.9
data/attacks/mp3-64k/LA_E_6111497.wav,fake,la_p4fix,none,mp3-64k,mp3-64k,na,LA_0032,0.924,16000,test,LA_E_6111497_mp3-64k
data/attacks/aac-128k/LA_E_6111497.wav,fake,la_p4fix,none,aac-128k,aac-128k,na,LA_0032,0.96,16000,test,LA_E_6111497_aac-128k
data/attacks/opus-32k/LA_E_6111497.wav,fake,la_p4fix,none,opus-32k,opus-32k,na,LA_0032,0.924,16000,test,LA_E_6111497_opus-32k
data/attacks/g711-8k/LA_E_6111497.wav,fake,la_p4fix,none,g711-8k,g711-8k,na,LA_0032,0.924,16000,test,LA_E_6111497_g711-8k
data/attacks/awgn-snr5/LA_E_6111497.wav,fake,la_p4fix,none,awgn-snr5,snr5,na,LA_0032,0.924,16000,test,LA_E_6111497_awgn-snr5
data/attacks/awgn-snr10/LA_E_6111497.wav,fake,la_p4fix,none,awgn-snr10,snr10,na,LA_0032,0.924,16000,test,LA_E_6111497_awgn-snr10
data/attacks/bandpass-300-3400/LA_E_6111497.wav,fake,la_p4fix,none,bandpass-300-3400,bandpass300-3400,na,LA_0032,0.924,16000,test,LA_E_6111497_bandpass-300-3400
data/attacks/reverb-rt60-0.4/LA_E_6111497.wav,fake,la_p4fix,none,reverb-rt60-0.4,rt60-0.4,na,LA_0032,0.924,16000,test,LA_E_6111497_reverb-rt60-0.4
data/attacks/speed0.9/LA_E_6111497.wav,fake,la_p4fix,none,speed0.9,speed0.9,na,LA_0032,1.027,16000,test,LA_E_6111497_speed0.9
data/attacks/mp3-64k/LA_E_1866015.wav,fake,la_p4fix,none,mp3-64k,mp3-64k,na,LA_0048,2.251,16000,test,LA_E_1866015_mp3-64k
data/attacks/aac-128k/LA_E_1866015.wav,fake,la_p4fix,none,aac-128k,aac-128k,na,LA_0048,2.304,16000,test,LA_E_1866015_aac-128k
data/attacks/opus-32k/LA_E_1866015.wav,fake,la_p4fix,none,opus-32k,opus-32k,na,LA_0048,2.251,16000,test,LA_E_1866015_opus-32k
data/attacks/g711-8k/LA_E_1866015.wav,fake,la_p4fix,none,g711-8k,g711-8k,na,LA_0048,2.251,16000,test,LA_E_1866015_g711-8k
data/attacks/awgn-snr5/LA_E_1866015.wav,fake,la_p4fix,none,awgn-snr5,snr5,na,LA_0048,2.251,16000,test,LA_E_1866015_awgn-snr5
data/attacks/awgn-snr10/LA_E_1866015.wav,fake,la_p4fix,none,awgn-snr10,snr10,na,LA_0048,2.251,16000,test,LA_E_1866015_awgn-snr10
data/attacks/bandpass-300-3400/LA_E_1866015.wav,fake,la_p4fix,none,bandpass-300-3400,bandpass300-3400,na,LA_0048,2.251,16000,test,LA_E_1866015_bandpass-300-3400
data/attacks/reverb-rt60-0.4/LA_E_1866015.wav,fake,la_p4fix,none,reverb-rt60-0.4,rt60-0.4,na,LA_0048,2.251,16000,test,LA_E_1866015_reverb-rt60-0.4
data/attacks/speed0.9/LA_E_1866015.wav,fake,la_p4fix,none,speed0.9,speed0.9,na,LA_0048,2.501,16000,test,LA_E_1866015_speed0.9
data/attacks/mp3-64k/LA_E_5138700.wav,fake,la_p4fix,none,mp3-64k,mp3-64k,na,LA_0046,6.198,16000,test,LA_E_5138700_mp3-64k
data/attacks/aac-128k/LA_E_5138700.wav,fake,la_p4fix,none,aac-128k,aac-128k,na,LA_0046,6.208,16000,test,LA_E_5138700_aac-128k
data/attacks/opus-32k/LA_E_5138700.wav,fake,la_p4fix,none,opus-32k,opus-32k,na,LA_0046,6.198,16000,test,LA_E_5138700_opus-32k
data/attacks/g711-8k/LA_E_5138700.wav,fake,la_p4fix,none,g711-8k,g711-8k,na,LA_0046,6.199,16000,test,LA_E_5138700_g711-8k
data/attacks/awgn-snr5/LA_E_5138700.wav,fake,la_p4fix,none,awgn-snr5,snr5,na,LA_0046,6.198,16000,test,LA_E_5138700_awgn-snr5
data/attacks/awgn-snr10/LA_E_5138700.wav,fake,la_p4fix,none,awgn-snr10,snr10,na,LA_0046,6.198,16000,test,LA_E_5138700_awgn-snr10
data/attacks/bandpass-300-3400/LA_E_5138700.wav,fake,la_p4fix,none,bandpass-300-3400,bandpass300-3400,na,LA_0046,6.198,16000,test,LA_E_5138700_bandpass-300-3400
data/attacks/reverb-rt60-0.4/LA_E_5138700.wav,fake,la_p4fix,none,reverb-rt60-0.4,rt60-0.4,na,LA_0046,6.198,16000,test,LA_E_5138700_reverb-rt60-0.4
data/attacks/speed0.9/LA_E_5138700.wav,fake,la_p4fix,none,speed0.9,speed0.9,na,LA_0046,6.887,16000,test,LA_E_5138700_speed0.9
data/attacks/mp3-64k/LA_E_2864769.wav,fake,la_p4fix,none,mp3-64k,mp3-64k,na,LA_0004,4.802,16000,test,LA_E_2864769_mp3-64k
data/attacks/aac-128k/LA_E_2864769.wav,fake,la_p4fix,none,aac-128k,aac-128k,na,LA_0004,4.864,16000,test,LA_E_2864769_aac-128k
data/attacks/opus-32k/LA_E_2864769.wav,fake,la_p4fix,none,opus-32k,opus-32k,na,LA_0004,4.802,16000,test,LA_E_2864769_opus-32k
data/attacks/g711-8k/LA_E_2864769.wav,fake,la_p4fix,none,g711-8k,g711-8k,na,LA_0004,4.802,16000,test,LA_E_2864769_g711-8k
data/attacks/awgn-snr5/LA_E_2864769.wav,fake,la_p4fix,none,awgn-snr5,snr5,na,LA_0004,4.802,16000,test,LA_E_2864769_awgn-snr5
data/attacks/awgn-snr10/LA_E_2864769.wav,fake,la_p4fix,none,awgn-snr10,snr10,na,LA_0004,4.802,16000,test,LA_E_2864769_awgn-snr10
data/attacks/bandpass-300-3400/LA_E_2864769.wav,fake,la_p4fix,none,bandpass-300-3400,bandpass300-3400,na,LA_0004,4.802,16000,test,LA_E_2864769_bandpass-300-3400
data/attacks/reverb-rt60-0.4/LA_E_2864769.wav,fake,la_p4fix,none,reverb-rt60-0.4,rt60-0.4,na,LA_0004,4.802,16000,test,LA_E_2864769_reverb-rt60-0.4
data/attacks/speed0.9/LA_E_2864769.wav,fake,la_p4fix,none,speed0.9,speed0.9,na,LA_0004,5.335,16000,test,LA_E_2864769_speed0.9
data/attacks/mp3-64k/LA_E_9497523.wav,fake,la_p4fix,none,mp3-64k,mp3-64k,na,LA_0048,1.707,16000,test,LA_E_9497523_mp3-64k
data/attacks/aac-128k/LA_E_9497523.wav,fake,la_p4fix,none,aac-128k,aac-128k,na,LA_0048,1.728,16000,test,LA_E_9497523_aac-128k
data/attacks/opus-32k/LA_E_9497523.wav,fake,la_p4fix,none,opus-32k,opus-32k,na,LA_0048,1.707,16000,test,LA_E_9497523_opus-32k
data/attacks/g711-8k/LA_E_9497523.wav,fake,la_p4fix,none,g711-8k,g711-8k,na,LA_0048,1.707,16000,test,LA_E_9497523_g711-8k
data/attacks/awgn-snr5/LA_E_9497523.wav,fake,la_p4fix,none,awgn-snr5,snr5,na,LA_0048,1.707,16000,test,LA_E_9497523_awgn-snr5
data/attacks/awgn-snr10/LA_E_9497523.wav,fake,la_p4fix,none,awgn-snr10,snr10,na,LA_0048,1.707,16000,test,LA_E_9497523_awgn-snr10
data/attacks/bandpass-300-3400/LA_E_9497523.wav,fake,la_p4fix,none,bandpass-300-3400,bandpass300-3400,na,LA_0048,1.707,16000,test,LA_E_9497523_bandpass-300-3400
data/attacks/reverb-rt60-0.4/LA_E_9497523.wav,fake,la_p4fix,none,reverb-rt60-0.4,rt60-0.4,na,LA_0048,1.707,16000,test,LA_E_9497523_reverb-rt60-0.4
data/attacks/speed0.9/LA_E_9497523.wav,fake,la_p4fix,none,speed0.9,speed0.9,na,LA_0048,1.897,16000,test,LA_E_9497523_speed0.9
data/attacks/mp3-64k/LA_E_2576560.wav,fake,la_p4fix,none,mp3-64k,mp3-64k,na,LA_0037,0.611,16000,test,LA_E_2576560_mp3-64k
data/attacks/aac-128k/LA_E_2576560.wav,fake,la_p4fix,none,aac-128k,aac-128k,na,LA_0037,0.64,16000,test,LA_E_2576560_aac-128k
data/attacks/opus-32k/LA_E_2576560.wav,fake,la_p4fix,none,opus-32k,opus-32k,na,LA_0037,0.611,16000,test,LA_E_2576560_opus-32k
data/attacks/g711-8k/LA_E_2576560.wav,fake,la_p4fix,none,g711-8k,g711-8k,na,LA_0037,0.611,16000,test,LA_E_2576560_g711-8k
data/attacks/awgn-snr5/LA_E_2576560.wav,fake,la_p4fix,none,awgn-snr5,snr5,na,LA_0037,0.611,16000,test,LA_E_2576560_awgn-snr5
data/attacks/awgn-snr10/LA_E_2576560.wav,fake,la_p4fix,none,awgn-snr10,snr10,na,LA_0037,0.611,16000,test,LA_E_2576560_awgn-snr10
data/attacks/bandpass-300-3400/LA_E_2576560.wav,fake,la_p4fix,none,bandpass-300-3400,bandpass300-3400,na,LA_0037,0.611,16000,test,LA_E_2576560_bandpass-300-3400
data/attacks/reverb-rt60-0.4/LA_E_2576560.wav,fake,la_p4fix,none,reverb-rt60-0.4,rt60-0.4,na,LA_0037,0.611,16000,test,LA_E_2576560_reverb-rt60-0.4
data/attacks/speed0.9/LA_E_2576560.wav,fake,la_p4fix,none,speed0.9,speed0.9,na,LA_0037,0.679,16000,test,LA_E_2576560_speed0.9
data/attacks/mp3-64k/LA_E_9886283.wav,fake,la_p4fix,none,mp3-64k,mp3-64k,na,LA_0029,1.876,16000,test,LA_E_9886283_mp3-64k
data/attacks/aac-128k/LA_E_9886283.wav,fake,la_p4fix,none,aac-128k,aac-128k,na,LA_0029,1.92,16000,test,LA_E_9886283_aac-128k
data/attacks/opus-32k/LA_E_9886283.wav,fake,la_p4fix,none,opus-32k,opus-32k,na,LA_0029,1.876,16000,test,LA_E_9886283_opus-32k
data/attacks/g711-8k/LA_E_9886283.wav,fake,la_p4fix,none,g711-8k,g711-8k,na,LA_0029,1.876,16000,test,LA_E_9886283_g711-8k
data/attacks/awgn-snr5/LA_E_9886283.wav,fake,la_p4fix,none,awgn-snr5,snr5,na,LA_0029,1.876,16000,test,LA_E_9886283_awgn-snr5
data/attacks/awgn-snr10/LA_E_9886283.wav,fake,la_p4fix,none,awgn-snr10,snr10,na,LA_0029,1.876,16000,test,LA_E_9886283_awgn-snr10
data/attacks/bandpass-300-3400/LA_E_9886283.wav,fake,la_p4fix,none,bandpass-300-3400,bandpass300-3400,na,LA_0029,1.876,16000,test,LA_E_9886283_bandpass-300-3400
data/attacks/reverb-rt60-0.4/LA_E_9886283.wav,fake,la_p4fix,none,reverb-rt60-0.4,rt60-0.4,na,LA_0029,1.876,16000,test,LA_E_9886283_reverb-rt60-0.4
data/attacks/speed0.9/LA_E_9886283.wav,fake,la_p4fix,none,speed0.9,speed0.9,na,LA_0029,2.085,16000,test,LA_E_9886283_speed0.9
data/attacks/mp3-64k/LA_E_8192030.wav,fake,la_p4fix,none,mp3-64k,mp3-64k,na,LA_0013,2.239,16000,test,LA_E_8192030_mp3-64k
data/attacks/aac-128k/LA_E_8192030.wav,fake,la_p4fix,none,aac-128k,aac-128k,na,LA_0013,2.24,16000,test,LA_E_8192030_aac-128k
data/attacks/opus-32k/LA_E_8192030.wav,fake,la_p4fix,none,opus-32k,opus-32k,na,LA_0013,2.239,16000,test,LA_E_8192030_opus-32k
data/attacks/g711-8k/LA_E_8192030.wav,fake,la_p4fix,none,g711-8k,g711-8k,na,LA_0013,2.239,16000,test,LA_E_8192030_g711-8k
data/attacks/awgn-snr5/LA_E_8192030.wav,fake,la_p4fix,none,awgn-snr5,snr5,na,LA_0013,2.239,16000,test,LA_E_8192030_awgn-snr5
data/attacks/awgn-snr10/LA_E_8192030.wav,fake,la_p4fix,none,awgn-snr10,snr10,na,LA_0013,2.239,16000,test,LA_E_8192030_awgn-snr10
data/attacks/bandpass-300-3400/LA_E_8192030.wav,fake,la_p4fix,none,bandpass-300-3400,bandpass300-3400,na,LA_0013,2.239,16000,test,LA_E_8192030_bandpass-300-3400
data/attacks/reverb-rt60-0.4/LA_E_8192030.wav,fake,la_p4fix,none,reverb-rt60-0.4,rt60-0.4,na,LA_0013,2.239,16000,test,LA_E_8192030_reverb-rt60-0.4
data/attacks/speed0.9/LA_E_8192030.wav,fake,la_p4fix,none,speed0.9,speed0.9,na,LA_0013,2.488,16000,test,LA_E_8192030_speed0.9
data/attacks/mp3-64k/LA_E_2415884.wav,fake,la_p4fix,none,mp3-64k,mp3-64k,na,LA_0012,3.512,16000,test,LA_E_2415884_mp3-64k
data/attacks/aac-128k/LA_E_2415884.wav,fake,la_p4fix,none,aac-128k,aac-128k,na,LA_0012,3.52,16000,test,LA_E_2415884_aac-128k
data/attacks/opus-32k/LA_E_2415884.wav,fake,la_p4fix,none,opus-32k,opus-32k,na,LA_0012,3.512,16000,test,LA_E_2415884_opus-32k
data/attacks/g711-8k/LA_E_2415884.wav,fake,la_p4fix,none,g711-8k,g711-8k,na,LA_0012,3.512,16000,test,LA_E_2415884_g711-8k
data/attacks/awgn-snr5/LA_E_2415884.wav,fake,la_p4fix,none,awgn-snr5,snr5,na,LA_0012,3.512,16000,test,LA_E_2415884_awgn-snr5
data/attacks/awgn-snr10/LA_E_2415884.wav,fake,la_p4fix,none,awgn-snr10,snr10,na,LA_0012,3.512,16000,test,LA_E_2415884_awgn-snr10
data/attacks/bandpass-300-3400/LA_E_2415884.wav,fake,la_p4fix,none,bandpass-300-3400,bandpass300-3400,na,LA_0012,3.512,16000,test,LA_E_2415884_bandpass-300-3400
data/attacks/reverb-rt60-0.4/LA_E_2415884.wav,fake,la_p4fix,none,reverb-rt60-0.4,rt60-0.4,na,LA_0012,3.512,16000,test,LA_E_2415884_reverb-rt60-0.4
data/attacks/speed0.9/LA_E_2415884.wav,fake,la_p4fix,none,speed0.9,speed0.9,na,LA_0012,3.902,16000,test,LA_E_2415884_speed0.9
data/attacks/mp3-64k/LA_E_3676306.wav,fake,la_p4fix,none,mp3-64k,mp3-64k,na,LA_0010,1.303,16000,test,LA_E_3676306_mp3-64k
data/attacks/aac-128k/LA_E_3676306.wav,fake,la_p4fix,none,aac-128k,aac-128k,na,LA_0010,1.344,16000,test,LA_E_3676306_aac-128k
data/attacks/opus-32k/LA_E_3676306.wav,fake,la_p4fix,none,opus-32k,opus-32k,na,LA_0010,1.303,16000,test,LA_E_3676306_opus-32k
data/attacks/g711-8k/LA_E_3676306.wav,fake,la_p4fix,none,g711-8k,g711-8k,na,LA_0010,1.303,16000,test,LA_E_3676306_g711-8k
data/attacks/awgn-snr5/LA_E_3676306.wav,fake,la_p4fix,none,awgn-snr5,snr5,na,LA_0010,1.303,16000,test,LA_E_3676306_awgn-snr5
data/attacks/awgn-snr10/LA_E_3676306.wav,fake,la_p4fix,none,awgn-snr10,snr10,na,LA_0010,1.303,16000,test,LA_E_3676306_awgn-snr10
data/attacks/bandpass-300-3400/LA_E_3676306.wav,fake,la_p4fix,none,bandpass-300-3400,bandpass300-3400,na,LA_0010,1.303,16000,test,LA_E_3676306_bandpass-300-3400
data/attacks/reverb-rt60-0.4/LA_E_3676306.wav,fake,la_p4fix,none,reverb-rt60-0.4,rt60-0.4,na,LA_0010,1.303,16000,test,LA_E_3676306_reverb-rt60-0.4
data/attacks/speed0.9/LA_E_3676306.wav,fake,la_p4fix,none,speed0.9,speed0.9,na,LA_0010,1.448,16000,test,LA_E_3676306_speed0.9
data/attacks/mp3-64k/LA_E_3066196.wav,fake,la_p4fix,none,mp3-64k,mp3-64k,na,LA_0011,2.674,16000,test,LA_E_3066196_mp3-64k
data/attacks/aac-128k/LA_E_3066196.wav,fake,la_p4fix,none,aac-128k,aac-128k,na,LA_0011,2.688,16000,test,LA_E_3066196_aac-128k
data/attacks/opus-32k/LA_E_3066196.wav,fake,la_p4fix,none,opus-32k,opus-32k,na,LA_0011,2.674,16000,test,LA_E_3066196_opus-32k
data/attacks/g711-8k/LA_E_3066196.wav,fake,la_p4fix,none,g711-8k,g711-8k,na,LA_0011,2.674,16000,test,LA_E_3066196_g711-8k
data/attacks/awgn-snr5/LA_E_3066196.wav,fake,la_p4fix,none,awgn-snr5,snr5,na,LA_0011,2.674,16000,test,LA_E_3066196_awgn-snr5
data/attacks/awgn-snr10/LA_E_3066196.wav,fake,la_p4fix,none,awgn-snr10,snr10,na,LA_0011,2.674,16000,test,LA_E_3066196_awgn-snr10
data/attacks/bandpass-300-3400/LA_E_3066196.wav,fake,la_p4fix,none,bandpass-300-3400,bandpass300-3400,na,LA_0011,2.674,16000,test,LA_E_3066196_bandpass-300-3400
data/attacks/reverb-rt60-0.4/LA_E_3066196.wav,fake,la_p4fix,none,reverb-rt60-0.4,rt60-0.4,na,LA_0011,2.674,16000,test,LA_E_3066196_reverb-rt60-0.4
data/attacks/speed0.9/LA_E_3066196.wav,fake,la_p4fix,none,speed0.9,speed0.9,na,LA_0011,2.971,16000,test,LA_E_3066196_speed0.9
data/attacks/mp3-64k/LA_E_3851895.wav,fake,la_p4fix,none,mp3-64k,mp3-64k,na,LA_0043,6.207,16000,test,LA_E_3851895_mp3-64k
data/attacks/aac-128k/LA_E_3851895.wav,fake,la_p4fix,none,aac-128k,aac-128k,na,LA_0043,6.208,16000,test,LA_E_3851895_aac-128k
data/attacks/opus-32k/LA_E_3851895.wav,fake,la_p4fix,none,opus-32k,opus-32k,na,LA_0043,6.207,16000,test,LA_E_3851895_opus-32k
data/attacks/g711-8k/LA_E_3851895.wav,fake,la_p4fix,none,g711-8k,g711-8k,na,LA_0043,6.207,16000,test,LA_E_3851895_g711-8k
data/attacks/awgn-snr5/LA_E_3851895.wav,fake,la_p4fix,none,awgn-snr5,snr5,na,LA_0043,6.207,16000,test,LA_E_3851895_awgn-snr5
data/attacks/awgn-snr10/LA_E_3851895.wav,fake,la_p4fix,none,awgn-snr10,snr10,na,LA_0043,6.207,16000,test,LA_E_3851895_awgn-snr10
data/attacks/bandpass-300-3400/LA_E_3851895.wav,fake,la_p4fix,none,bandpass-300-3400,bandpass300-3400,na,LA_0043,6.207,16000,test,LA_E_3851895_bandpass-300-3400
data/attacks/reverb-rt60-0.4/LA_E_3851895.wav,fake,la_p4fix,none,reverb-rt60-0.4,rt60-0.4,na,LA_0043,6.207,16000,test,LA_E_3851895_reverb-rt60-0.4
data/attacks/speed0.9/LA_E_3851895.wav,fake,la_p4fix,none,speed0.9,speed0.9,na,LA_0043,6.897,16000,test,LA_E_3851895_speed0.9
data/attacks/mp3-64k/LA_E_6551836.wav,fake,la_p4fix,none,mp3-64k,mp3-64k,na,LA_0008,5.21,16000,test,LA_E_6551836_mp3-64k
data/attacks/aac-128k/LA_E_6551836.wav,fake,la_p4fix,none,aac-128k,aac-128k,na,LA_0008,5.248,16000,test,LA_E_6551836_aac-128k
data/attacks/opus-32k/LA_E_6551836.wav,fake,la_p4fix,none,opus-32k,opus-32k,na,LA_0008,5.21,16000,test,LA_E_6551836_opus-32k
data/attacks/g711-8k/LA_E_6551836.wav,fake,la_p4fix,none,g711-8k,g711-8k,na,LA_0008,5.21,16000,test,LA_E_6551836_g711-8k
data/attacks/awgn-snr5/LA_E_6551836.wav,fake,la_p4fix,none,awgn-snr5,snr5,na,LA_0008,5.21,16000,test,LA_E_6551836_awgn-snr5
data/attacks/awgn-snr10/LA_E_6551836.wav,fake,la_p4fix,none,awgn-snr10,snr10,na,LA_0008,5.21,16000,test,LA_E_6551836_awgn-snr10
data/attacks/bandpass-300-3400/LA_E_6551836.wav,fake,la_p4fix,none,bandpass-300-3400,bandpass300-3400,na,LA_0008,5.21,16000,test,LA_E_6551836_bandpass-300-3400
data/attacks/reverb-rt60-0.4/LA_E_6551836.wav,fake,la_p4fix,none,reverb-rt60-0.4,rt60-0.4,na,LA_0008,5.21,16000,test,LA_E_6551836_reverb-rt60-0.4
data/attacks/speed0.9/LA_E_6551836.wav,fake,la_p4fix,none,speed0.9,speed0.9,na,LA_0008,5.789,16000,test,LA_E_6551836_speed0.9
data/attacks/mp3-64k/LA_E_5932984.wav,fake,la_p4fix,none,mp3-64k,mp3-64k,na,LA_0040,1.409,16000,test,LA_E_5932984_mp3-64k
data/attacks/aac-128k/LA_E_5932984.wav,fake,la_p4fix,none,aac-128k,aac-128k,na,LA_0040,1.472,16000,test,LA_E_5932984_aac-128k
data/attacks/opus-32k/LA_E_5932984.wav,fake,la_p4fix,none,opus-32k,opus-32k,na,LA_0040,1.409,16000,test,LA_E_5932984_opus-32k
data/attacks/g711-8k/LA_E_5932984.wav,fake,la_p4fix,none,g711-8k,g711-8k,na,LA_0040,1.409,16000,test,LA_E_5932984_g711-8k
data/attacks/awgn-snr5/LA_E_5932984.wav,fake,la_p4fix,none,awgn-snr5,snr5,na,LA_0040,1.409,16000,test,LA_E_5932984_awgn-snr5
data/attacks/awgn-snr10/LA_E_5932984.wav,fake,la_p4fix,none,awgn-snr10,snr10,na,LA_0040,1.409,16000,test,LA_E_5932984_awgn-snr10
data/attacks/bandpass-300-3400/LA_E_5932984.wav,fake,la_p4fix,none,bandpass-300-3400,bandpass300-3400,na,LA_0040,1.409,16000,test,LA_E_5932984_bandpass-300-3400
data/attacks/reverb-rt60-0.4/LA_E_5932984.wav,fake,la_p4fix,none,reverb-rt60-0.4,rt60-0.4,na,LA_0040,1.409,16000,test,LA_E_5932984_reverb-rt60-0.4
data/attacks/speed0.9/LA_E_5932984.wav,fake,la_p4fix,none,speed0.9,speed0.9,na,LA_0040,1.566,16000,test,LA_E_5932984_speed0.9
data/attacks/mp3-64k/LA_E_9849373.wav,fake,la_p4fix,none,mp3-64k,mp3-64k,na,LA_0047,1.519,16000,test,LA_E_9849373_mp3-64k
data/attacks/aac-128k/LA_E_9849373.wav,fake,la_p4fix,none,aac-128k,aac-128k,na,LA_0047,1.536,16000,test,LA_E_9849373_aac-128k
data/attacks/opus-32k/LA_E_9849373.wav,fake,la_p4fix,none,opus-32k,opus-32k,na,LA_0047,1.519,16000,test,LA_E_9849373_opus-32k
data/attacks/g711-8k/LA_E_9849373.wav,fake,la_p4fix,none,g711-8k,g711-8k,na,LA_0047,1.519,16000,test,LA_E_9849373_g711-8k
data/attacks/awgn-snr5/LA_E_9849373.wav,fake,la_p4fix,none,awgn-snr5,snr5,na,LA_0047,1.519,16000,test,LA_E_9849373_awgn-snr5
data/attacks/awgn-snr10/LA_E_9849373.wav,fake,la_p4fix,none,awgn-snr10,snr10,na,LA_0047,1.519,16000,test,LA_E_9849373_awgn-snr10
data/attacks/bandpass-300-3400/LA_E_9849373.wav,fake,la_p4fix,none,bandpass-300-3400,bandpass300-3400,na,LA_0047,1.519,16000,test,LA_E_9849373_bandpass-300-3400
data/attacks/reverb-rt60-0.4/LA_E_9849373.wav,fake,la_p4fix,none,reverb-rt60-0.4,rt60-0.4,na,LA_0047,1.519,16000,test,LA_E_9849373_reverb-rt60-0.4
data/attacks/speed0.9/LA_E_9849373.wav,fake,la_p4fix,none,speed0.9,speed0.9,na,LA_0047,1.688,16000,test,LA_E_9849373_speed0.9
data/attacks/mp3-64k/LA_E_6355518.wav,fake,la_p4fix,none,mp3-64k,mp3-64k,na,LA_0025,2.815,16000,test,LA_E_6355518_mp3-64k
data/attacks/aac-128k/LA_E_6355518.wav,fake,la_p4fix,none,aac-128k,aac-128k,na,LA_0025,2.816,16000,test,LA_E_6355518_aac-128k
data/attacks/opus-32k/LA_E_6355518.wav,fake,la_p4fix,none,opus-32k,opus-32k,na,LA_0025,2.815,16000,test,LA_E_6355518_opus-32k
data/attacks/g711-8k/LA_E_6355518.wav,fake,la_p4fix,none,g711-8k,g711-8k,na,LA_0025,2.815,16000,test,LA_E_6355518_g711-8k
data/attacks/awgn-snr5/LA_E_6355518.wav,fake,la_p4fix,none,awgn-snr5,snr5,na,LA_0025,2.815,16000,test,LA_E_6355518_awgn-snr5
data/attacks/awgn-snr10/LA_E_6355518.wav,fake,la_p4fix,none,awgn-snr10,snr10,na,LA_0025,2.815,16000,test,LA_E_6355518_awgn-snr10
data/attacks/bandpass-300-3400/LA_E_6355518.wav,fake,la_p4fix,none,bandpass-300-3400,bandpass300-3400,na,LA_0025,2.815,16000,test,LA_E_6355518_bandpass-300-3400
data/attacks/reverb-rt60-0.4/LA_E_6355518.wav,fake,la_p4fix,none,reverb-rt60-0.4,rt60-0.4,na,LA_0025,2.815,16000,test,LA_E_6355518_reverb-rt60-0.4
data/attacks/speed0.9/LA_E_6355518.wav,fake,la_p4fix,none,speed0.9,speed0.9,na,LA_0025,3.128,16000,test,LA_E_6355518_speed0.9
data/attacks/mp3-64k/LA_E_2788082.wav,fake,la_p4fix,none,mp3-64k,mp3-64k,na,LA_0041,4.763,16000,test,LA_E_2788082_mp3-64k
data/attacks/aac-128k/LA_E_2788082.wav,fake,la_p4fix,none,aac-128k,aac-128k,na,LA_0041,4.8,16000,test,LA_E_2788082_aac-128k
data/attacks/opus-32k/LA_E_2788082.wav,fake,la_p4fix,none,opus-32k,opus-32k,na,LA_0041,4.763,16000,test,LA_E_2788082_opus-32k
data/attacks/g711-8k/LA_E_2788082.wav,fake,la_p4fix,none,g711-8k,g711-8k,na,LA_0041,4.763,16000,test,LA_E_2788082_g711-8k
data/attacks/awgn-snr5/LA_E_2788082.wav,fake,la_p4fix,none,awgn-snr5,snr5,na,LA_0041,4.763,16000,test,LA_E_2788082_awgn-snr5
data/attacks/awgn-snr10/LA_E_2788082.wav,fake,la_p4fix,none,awgn-snr10,snr10,na,LA_0041,4.763,16000,test,LA_E_2788082_awgn-snr10
data/attacks/bandpass-300-3400/LA_E_2788082.wav,fake,la_p4fix,none,bandpass-300-3400,bandpass300-3400,na,LA_0041,4.763,16000,test,LA_E_2788082_bandpass-300-3400
data/attacks/reverb-rt60-0.4/LA_E_2788082.wav,fake,la_p4fix,none,reverb-rt60-0.4,rt60-0.4,na,LA_0041,4.763,16000,test,LA_E_2788082_reverb-rt60-0.4
data/attacks/speed0.9/LA_E_2788082.wav,fake,la_p4fix,none,speed0.9,speed0.9,na,LA_0041,5.293,16000,test,LA_E_2788082_speed0.9
data/attacks/mp3-64k/LA_E_8141376.wav,fake,la_p4fix,none,mp3-64k,mp3-64k,na,LA_0030,2.697,16000,test,LA_E_8141376_mp3-64k
data/attacks/aac-128k/LA_E_8141376.wav,fake,la_p4fix,none,aac-128k,aac-128k,na,LA_0030,2.752,16000,test,LA_E_8141376_aac-128k
data/attacks/opus-32k/LA_E_8141376.wav,fake,la_p4fix,none,opus-32k,opus-32k,na,LA_0030,2.697,16000,test,LA_E_8141376_opus-32k
data/attacks/g711-8k/LA_E_8141376.wav,fake,la_p4fix,none,g711-8k,g711-8k,na,LA_0030,2.697,16000,test,LA_E_8141376_g711-8k
data/attacks/awgn-snr5/LA_E_8141376.wav,fake,la_p4fix,none,awgn-snr5,snr5,na,LA_0030,2.697,16000,test,LA_E_8141376_awgn-snr5
data/attacks/awgn-snr10/LA_E_8141376.wav,fake,la_p4fix,none,awgn-snr10,snr10,na,LA_0030,2.697,16000,test,LA_E_8141376_awgn-snr10
data/attacks/bandpass-300-3400/LA_E_8141376.wav,fake,la_p4fix,none,bandpass-300-3400,bandpass300-3400,na,LA_0030,2.697,16000,test,LA_E_8141376_bandpass-300-3400
data/attacks/reverb-rt60-0.4/LA_E_8141376.wav,fake,la_p4fix,none,reverb-rt60-0.4,rt60-0.4,na,LA_0030,2.697,16000,test,LA_E_8141376_reverb-rt60-0.4
data/attacks/speed0.9/LA_E_8141376.wav,fake,la_p4fix,none,speed0.9,speed0.9,na,LA_0030,2.996,16000,test,LA_E_8141376_speed0.9
data/attacks/mp3-64k/LA_E_3468697.wav,fake,la_p4fix,none,mp3-64k,mp3-64k,na,LA_0026,1.062,16000,test,LA_E_3468697_mp3-64k
data/attacks/aac-128k/LA_E_3468697.wav,fake,la_p4fix,none,aac-128k,aac-128k,na,LA_0026,1.088,16000,test,LA_E_3468697_aac-128k
data/attacks/opus-32k/LA_E_3468697.wav,fake,la_p4fix,none,opus-32k,opus-32k,na,LA_0026,1.062,16000,test,LA_E_3468697_opus-32k
data/attacks/g711-8k/LA_E_3468697.wav,fake,la_p4fix,none,g711-8k,g711-8k,na,LA_0026,1.062,16000,test,LA_E_3468697_g711-8k
data/attacks/awgn-snr5/LA_E_3468697.wav,fake,la_p4fix,none,awgn-snr5,snr5,na,LA_0026,1.062,16000,test,LA_E_3468697_awgn-snr5
data/attacks/awgn-snr10/LA_E_3468697.wav,fake,la_p4fix,none,awgn-snr10,snr10,na,LA_0026,1.062,16000,test,LA_E_3468697_awgn-snr10
data/attacks/bandpass-300-3400/LA_E_3468697.wav,fake,la_p4fix,none,bandpass-300-3400,bandpass300-3400,na,LA_0026,1.062,16000,test,LA_E_3468697_bandpass-300-3400
data/attacks/reverb-rt60-0.4/LA_E_3468697.wav,fake,la_p4fix,none,reverb-rt60-0.4,rt60-0.4,na,LA_0026,1.062,16000,test,LA_E_3468697_reverb-rt60-0.4
data/attacks/speed0.9/LA_E_3468697.wav,fake,la_p4fix,none,speed0.9,speed0.9,na,LA_0026,1.18,16000,test,LA_E_3468697_speed0.9
data/attacks/mp3-64k/LA_E_5319618.wav,fake,la_p4fix,none,mp3-64k,mp3-64k,na,LA_0014,1.97,16000,test,LA_E_5319618_mp3-64k
data/attacks/aac-128k/LA_E_5319618.wav,fake,la_p4fix,none,aac-128k,aac-128k,na,LA_0014,1.984,16000,test,LA_E_5319618_aac-128k
data/attacks/opus-32k/LA_E_5319618.wav,fake,la_p4fix,none,opus-32k,opus-32k,na,LA_0014,1.97,16000,test,LA_E_5319618_opus-32k
data/attacks/g711-8k/LA_E_5319618.wav,fake,la_p4fix,none,g711-8k,g711-8k,na,LA_0014,1.97,16000,test,LA_E_5319618_g711-8k
data/attacks/awgn-snr5/LA_E_5319618.wav,fake,la_p4fix,none,awgn-snr5,snr5,na,LA_0014,1.97,16000,test,LA_E_5319618_awgn-snr5
data/attacks/awgn-snr10/LA_E_5319618.wav,fake,la_p4fix,none,awgn-snr10,snr10,na,LA_0014,1.97,16000,test,LA_E_5319618_awgn-snr10
data/attacks/bandpass-300-3400/LA_E_5319618.wav,fake,la_p4fix,none,bandpass-300-3400,bandpass300-3400,na,LA_0014,1.97,16000,test,LA_E_5319618_bandpass-300-3400
data/attacks/reverb-rt60-0.4/LA_E_5319618.wav,fake,la_p4fix,none,reverb-rt60-0.4,rt60-0.4,na,LA_0014,1.97,16000,test,LA_E_5319618_reverb-rt60-0.4
data/attacks/speed0.9/LA_E_5319618.wav,fake,la_p4fix,none,speed0.9,speed0.9,na,LA_0014,2.188,16000,test,LA_E_5319618_speed0.9
data/attacks/mp3-64k/LA_E_3852709.wav,fake,la_p4fix,none,mp3-64k,mp3-64k,na,LA_0008,1.216,16000,test,LA_E_3852709_mp3-64k
data/attacks/aac-128k/LA_E_3852709.wav,fake,la_p4fix,none,aac-128k,aac-128k,na,LA_0008,1.28,16000,test,LA_E_3852709_aac-128k
data/attacks/opus-32k/LA_E_3852709.wav,fake,la_p4fix,none,opus-32k,opus-32k,na,LA_0008,1.216,16000,test,LA_E_3852709_opus-32k
data/attacks/g711-8k/LA_E_3852709.wav,fake,la_p4fix,none,g711-8k,g711-8k,na,LA_0008,1.216,16000,test,LA_E_3852709_g711-8k
data/attacks/awgn-snr5/LA_E_3852709.wav,fake,la_p4fix,none,awgn-snr5,snr5,na,LA_0008,1.216,16000,test,LA_E_3852709_awgn-snr5
data/attacks/awgn-snr10/LA_E_3852709.wav,fake,la_p4fix,none,awgn-snr10,snr10,na,LA_0008,1.216,16000,test,LA_E_3852709_awgn-snr10
data/attacks/bandpass-300-3400/LA_E_3852709.wav,fake,la_p4fix,none,bandpass-300-3400,bandpass300-3400,na,LA_0008,1.216,16000,test,LA_E_3852709_bandpass-300-3400
data/attacks/reverb-rt60-0.4/LA_E_3852709.wav,fake,la_p4fix,none,reverb-rt60-0.4,rt60-0.4,na,LA_0008,1.216,16000,test,LA_E_3852709_reverb-rt60-0.4
data/attacks/speed0.9/LA_E_3852709.wav,fake,la_p4fix,none,speed0.9,speed0.9,na,LA_0008,1.352,16000,test,LA_E_3852709_speed0.9
data/attacks/mp3-64k/LA_E_1619258.wav,fake,la_p4fix,none,mp3-64k,mp3-64k,na,LA_0040,1.388,16000,test,LA_E_1619258_mp3-64k
data/attacks/aac-128k/LA_E_1619258.wav,fake,la_p4fix,none,aac-128k,aac-128k,na,LA_0040,1.408,16000,test,LA_E_1619258_aac-128k
data/attacks/opus-32k/LA_E_1619258.wav,fake,la_p4fix,none,opus-32k,opus-32k,na,LA_0040,1.388,16000,test,LA_E_1619258_opus-32k
data/attacks/g711-8k/LA_E_1619258.wav,fake,la_p4fix,none,g711-8k,g711-8k,na,LA_0040,1.388,16000,test,LA_E_1619258_g711-8k
data/attacks/awgn-snr5/LA_E_1619258.wav,fake,la_p4fix,none,awgn-snr5,snr5,na,LA_0040,1.388,16000,test,LA_E_1619258_awgn-snr5
data/attacks/awgn-snr10/LA_E_1619258.wav,fake,la_p4fix,none,awgn-snr10,snr10,na,LA_0040,1.388,16000,test,LA_E_1619258_awgn-snr10
data/attacks/bandpass-300-3400/LA_E_1619258.wav,fake,la_p4fix,none,bandpass-300-3400,bandpass300-3400,na,LA_0040,1.388,16000,test,LA_E_1619258_bandpass-300-3400
data/attacks/reverb-rt60-0.4/LA_E_1619258.wav,fake,la_p4fix,none,reverb-rt60-0.4,rt60-0.4,na,LA_0040,1.388,16000,test,LA_E_1619258_reverb-rt60-0.4
data/attacks/speed0.9/LA_E_1619258.wav,fake,la_p4fix,none,speed0.9,speed0.9,na,LA_0040,1.542,16000,test,LA_E_1619258_speed0.9
data/attacks/mp3-64k/LA_E_6189839.wav,fake,la_p4fix,none,mp3-64k,mp3-64k,na,LA_0012,2.533,16000,test,LA_E_6189839_mp3-64k
data/attacks/aac-128k/LA_E_6189839.wav,fake,la_p4fix,none,aac-128k,aac-128k,na,LA_0012,2.56,16000,test,LA_E_6189839_aac-128k
data/attacks/opus-32k/LA_E_6189839.wav,fake,la_p4fix,none,opus-32k,opus-32k,na,LA_0012,2.533,16000,test,LA_E_6189839_opus-32k
data/attacks/g711-8k/LA_E_6189839.wav,fake,la_p4fix,none,g711-8k,g711-8k,na,LA_0012,2.533,16000,test,LA_E_6189839_g711-8k
data/attacks/awgn-snr5/LA_E_6189839.wav,fake,la_p4fix,none,awgn-snr5,snr5,na,LA_0012,2.533,16000,test,LA_E_6189839_awgn-snr5
data/attacks/awgn-snr10/LA_E_6189839.wav,fake,la_p4fix,none,awgn-snr10,snr10,na,LA_0012,2.533,16000,test,LA_E_6189839_awgn-snr10
data/attacks/bandpass-300-3400/LA_E_6189839.wav,fake,la_p4fix,none,bandpass-300-3400,bandpass300-3400,na,LA_0012,2.533,16000,test,LA_E_6189839_bandpass-300-3400
data/attacks/reverb-rt60-0.4/LA_E_6189839.wav,fake,la_p4fix,none,reverb-rt60-0.4,rt60-0.4,na,LA_0012,2.533,16000,test,LA_E_6189839_reverb-rt60-0.4
data/attacks/speed0.9/LA_E_6189839.wav,fake,la_p4fix,none,speed0.9,speed0.9,na,LA_0012,2.814,16000,test,LA_E_6189839_speed0.9
data/attacks/mp3-64k/LA_E_3715486.wav,fake,la_p4fix,none,mp3-64k,mp3-64k,na,LA_0025,3.442,16000,test,LA_E_3715486_mp3-64k
data/attacks/aac-128k/LA_E_3715486.wav,fake,la_p4fix,none,aac-128k,aac-128k,na,LA_0025,3.456,16000,test,LA_E_3715486_aac-128k
data/attacks/opus-32k/LA_E_3715486.wav,fake,la_p4fix,none,opus-32k,opus-32k,na,LA_0025,3.442,16000,test,LA_E_3715486_opus-32k
data/attacks/g711-8k/LA_E_3715486.wav,fake,la_p4fix,none,g711-8k,g711-8k,na,LA_0025,3.442,16000,test,LA_E_3715486_g711-8k
data/attacks/awgn-snr5/LA_E_3715486.wav,fake,la_p4fix,none,awgn-snr5,snr5,na,LA_0025,3.442,16000,test,LA_E_3715486_awgn-snr5
data/attacks/awgn-snr10/LA_E_3715486.wav,fake,la_p4fix,none,awgn-snr10,snr10,na,LA_0025,3.442,16000,test,LA_E_3715486_awgn-snr10
data/attacks/bandpass-300-3400/LA_E_3715486.wav,fake,la_p4fix,none,bandpass-300-3400,bandpass300-3400,na,LA_0025,3.442,16000,test,LA_E_3715486_bandpass-300-3400
data/attacks/reverb-rt60-0.4/LA_E_3715486.wav,fake,la_p4fix,none,reverb-rt60-0.4,rt60-0.4,na,LA_0025,3.442,16000,test,LA_E_3715486_reverb-rt60-0.4
data/attacks/speed0.9/LA_E_3715486.wav,fake,la_p4fix,none,speed0.9,speed0.9,na,LA_0025,3.824,16000,test,LA_E_3715486_speed0.9
data/attacks/mp3-64k/LA_E_2007952.wav,fake,la_p4fix,none,mp3-64k,mp3-64k,na,LA_0040,2.271,16000,test,LA_E_2007952_mp3-64k
data/attacks/aac-128k/LA_E_2007952.wav,fake,la_p4fix,none,aac-128k,aac-128k,na,LA_0040,2.304,16000,test,LA_E_2007952_aac-128k
data/attacks/opus-32k/LA_E_2007952.wav,fake,la_p4fix,none,opus-32k,opus-32k,na,LA_0040,2.271,16000,test,LA_E_2007952_opus-32k
data/attacks/g711-8k/LA_E_2007952.wav,fake,la_p4fix,none,g711-8k,g711-8k,na,LA_0040,2.271,16000,test,LA_E_2007952_g711-8k
data/attacks/awgn-snr5/LA_E_2007952.wav,fake,la_p4fix,none,awgn-snr5,snr5,na,LA_0040,2.271,16000,test,LA_E_2007952_awgn-snr5
data/attacks/awgn-snr10/LA_E_2007952.wav,fake,la_p4fix,none,awgn-snr10,snr10,na,LA_0040,2.271,16000,test,LA_E_2007952_awgn-snr10
data/attacks/bandpass-300-3400/LA_E_2007952.wav,fake,la_p4fix,none,bandpass-300-3400,bandpass300-3400,na,LA_0040,2.271,16000,test,LA_E_2007952_bandpass-300-3400
data/attacks/reverb-rt60-0.4/LA_E_2007952.wav,fake,la_p4fix,none,reverb-rt60-0.4,rt60-0.4,na,LA_0040,2.271,16000,test,LA_E_2007952_reverb-rt60-0.4
data/attacks/speed0.9/LA_E_2007952.wav,fake,la_p4fix,none,speed0.9,speed0.9,na,LA_0040,2.523,16000,test,LA_E_2007952_speed0.9
data/attacks/mp3-64k/LA_E_5762914.wav,fake,la_p4fix,none,mp3-64k,mp3-64k,na,LA_0020,1.367,16000,test,LA_E_5762914_mp3-64k
data/attacks/aac-128k/LA_E_5762914.wav,fake,la_p4fix,none,aac-128k,aac-128k,na,LA_0020,1.408,16000,test,LA_E_5762914_aac-128k
data/attacks/opus-32k/LA_E_5762914.wav,fake,la_p4fix,none,opus-32k,opus-32k,na,LA_0020,1.367,16000,test,LA_E_5762914_opus-32k
data/attacks/g711-8k/LA_E_5762914.wav,fake,la_p4fix,none,g711-8k,g711-8k,na,LA_0020,1.367,16000,test,LA_E_5762914_g711-8k
data/attacks/awgn-snr5/LA_E_5762914.wav,fake,la_p4fix,none,awgn-snr5,snr5,na,LA_0020,1.367,16000,test,LA_E_5762914_awgn-snr5
data/attacks/awgn-snr10/LA_E_5762914.wav,fake,la_p4fix,none,awgn-snr10,snr10,na,LA_0020,1.367,16000,test,LA_E_5762914_awgn-snr10
data/attacks/bandpass-300-3400/LA_E_5762914.wav,fake,la_p4fix,none,bandpass-300-3400,bandpass300-3400,na,LA_0020,1.367,16000,test,LA_E_5762914_bandpass-300-3400
data/attacks/reverb-rt60-0.4/LA_E_5762914.wav,fake,la_p4fix,none,reverb-rt60-0.4,rt60-0.4,na,LA_0020,1.367,16000,test,LA_E_5762914_reverb-rt60-0.4
data/attacks/speed0.9/LA_E_5762914.wav,fake,la_p4fix,none,speed0.9,speed0.9,na,LA_0020,1.519,16000,test,LA_E_5762914_speed0.9
data/attacks/mp3-64k/LA_E_4805267.wav,fake,la_p4fix,none,mp3-64k,mp3-64k,na,LA_0045,4.32,16000,test,LA_E_4805267_mp3-64k
data/attacks/aac-128k/LA_E_4805267.wav,fake,la_p4fix,none,aac-128k,aac-128k,na,LA_0045,4.352,16000,test,LA_E_4805267_aac-128k
data/attacks/opus-32k/LA_E_4805267.wav,fake,la_p4fix,none,opus-32k,opus-32k,na,LA_0045,4.32,16000,test,LA_E_4805267_opus-32k
data/attacks/g711-8k/LA_E_4805267.wav,fake,la_p4fix,none,g711-8k,g711-8k,na,LA_0045,4.32,16000,test,LA_E_4805267_g711-8k
data/attacks/awgn-snr5/LA_E_4805267.wav,fake,la_p4fix,none,awgn-snr5,snr5,na,LA_0045,4.32,16000,test,LA_E_4805267_awgn-snr5
data/attacks/awgn-snr10/LA_E_4805267.wav,fake,la_p4fix,none,awgn-snr10,snr10,na,LA_0045,4.32,16000,test,LA_E_4805267_awgn-snr10
data/attacks/bandpass-300-3400/LA_E_4805267.wav,fake,la_p4fix,none,bandpass-300-3400,bandpass300-3400,na,LA_0045,4.32,16000,test,LA_E_4805267_bandpass-300-3400
data/attacks/reverb-rt60-0.4/LA_E_4805267.wav,fake,la_p4fix,none,reverb-rt60-0.4,rt60-0.4,na,LA_0045,4.32,16000,test,LA_E_4805267_reverb-rt60-0.4
data/attacks/speed0.9/LA_E_4805267.wav,fake,la_p4fix,none,speed0.9,speed0.9,na,LA_0045,4.8,16000,test,LA_E_4805267_speed0.9
data/attacks/mp3-64k/LA_E_7935310.wav,fake,la_p4fix,none,mp3-64k,mp3-64k,na,LA_0027,3.382,16000,test,LA_E_7935310_mp3-64k
data/attacks/aac-128k/LA_E_7935310.wav,fake,la_p4fix,none,aac-128k,aac-128k,na,LA_0027,3.392,16000,test,LA_E_7935310_aac-128k
data/attacks/opus-32k/LA_E_7935310.wav,fake,la_p4fix,none,opus-32k,opus-32k,na,LA_0027,3.382,16000,test,LA_E_7935310_opus-32k
data/attacks/g711-8k/LA_E_7935310.wav,fake,la_p4fix,none,g711-8k,g711-8k,na,LA_0027,3.382,16000,test,LA_E_7935310_g711-8k
data/attacks/awgn-snr5/LA_E_7935310.wav,fake,la_p4fix,none,awgn-snr5,snr5,na,LA_0027,3.382,16000,test,LA_E_7935310_awgn-snr5
data/attacks/awgn-snr10/LA_E_7935310.wav,fake,la_p4fix,none,awgn-snr10,snr10,na,LA_0027,3.382,16000,test,LA_E_7935310_awgn-snr10
data/attacks/bandpass-300-3400/LA_E_7935310.wav,fake,la_p4fix,none,bandpass-300-3400,bandpass300-3400,na,LA_0027,3.382,16000,test,LA_E_7935310_bandpass-300-3400
data/attacks/reverb-rt60-0.4/LA_E_7935310.wav,fake,la_p4fix,none,reverb-rt60-0.4,rt60-0.4,na,LA_0027,3.382,16000,test,LA_E_7935310_reverb-rt60-0.4
data/attacks/speed0.9/LA_E_7935310.wav,fake,la_p4fix,none,speed0.9,speed0.9,na,LA_0027,3.758,16000,test,LA_E_7935310_speed0.9
data/attacks/mp3-64k/LA_E_8350398.wav,fake,la_p4fix,none,mp3-64k,mp3-64k,na,LA_0018,3.209,16000,test,LA_E_8350398_mp3-64k
data/attacks/aac-128k/LA_E_8350398.wav,fake,la_p4fix,none,aac-128k,aac-128k,na,LA_0018,3.264,16000,test,LA_E_8350398_aac-128k
data/attacks/opus-32k/LA_E_8350398.wav,fake,la_p4fix,none,opus-32k,opus-32k,na,LA_0018,3.209,16000,test,LA_E_8350398_opus-32k
data/attacks/g711-8k/LA_E_8350398.wav,fake,la_p4fix,none,g711-8k,g711-8k,na,LA_0018,3.209,16000,test,LA_E_8350398_g711-8k
data/attacks/awgn-snr5/LA_E_8350398.wav,fake,la_p4fix,none,awgn-snr5,snr5,na,LA_0018,3.209,16000,test,LA_E_8350398_awgn-snr5
data/attacks/awgn-snr10/LA_E_8350398.wav,fake,la_p4fix,none,awgn-snr10,snr10,na,LA_0018,3.209,16000,test,LA_E_8350398_awgn-snr10
data/attacks/bandpass-300-3400/LA_E_8350398.wav,fake,la_p4fix,none,bandpass-300-3400,bandpass300-3400,na,LA_0018,3.209,16000,test,LA_E_8350398_bandpass-300-3400
data/attacks/reverb-rt60-0.4/LA_E_8350398.wav,fake,la_p4fix,none,reverb-rt60-0.4,rt60-0.4,na,LA_0018,3.209,16000,test,LA_E_8350398_reverb-rt60-0.4
data/attacks/speed0.9/LA_E_8350398.wav,fake,la_p4fix,none,speed0.9,speed0.9,na,LA_0018,3.566,16000,test,LA_E_8350398_speed0.9
data/attacks/mp3-64k/LA_E_5141706.wav,fake,la_p4fix,none,mp3-64k,mp3-64k,na,LA_0048,4.846,16000,test,LA_E_5141706_mp3-64k
data/attacks/aac-128k/LA_E_5141706.wav,fake,la_p4fix,none,aac-128k,aac-128k,na,LA_0048,4.864,16000,test,LA_E_5141706_aac-128k
data/attacks/opus-32k/LA_E_5141706.wav,fake,la_p4fix,none,opus-32k,opus-32k,na,LA_0048,4.846,16000,test,LA_E_5141706_opus-32k
data/attacks/g711-8k/LA_E_5141706.wav,fake,la_p4fix,none,g711-8k,g711-8k,na,LA_0048,4.846,16000,test,LA_E_5141706_g711-8k
data/attacks/awgn-snr5/LA_E_5141706.wav,fake,la_p4fix,none,awgn-snr5,snr5,na,LA_0048,4.846,16000,test,LA_E_5141706_awgn-snr5
data/attacks/awgn-snr10/LA_E_5141706.wav,fake,la_p4fix,none,awgn-snr10,snr10,na,LA_0048,4.846,16000,test,LA_E_5141706_awgn-snr10
data/attacks/bandpass-300-3400/LA_E_5141706.wav,fake,la_p4fix,none,bandpass-300-3400,bandpass300-3400,na,LA_0048,4.846,16000,test,LA_E_5141706_bandpass-300-3400
data/attacks/reverb-rt60-0.4/LA_E_5141706.wav,fake,la_p4fix,none,reverb-rt60-0.4,rt60-0.4,na,LA_0048,4.846,16000,test,LA_E_5141706_reverb-rt60-0.4
data/attacks/speed0.9/LA_E_5141706.wav,fake,la_p4fix,none,speed0.9,speed0.9,na,LA_0048,5.384,16000,test,LA_E_5141706_speed0.9
data/attacks/mp3-64k/LA_E_1290540.wav,fake,la_p4fix,none,mp3-64k,mp3-64k,na,LA_0031,1.288,16000,test,LA_E_1290540_mp3-64k
data/attacks/aac-128k/LA_E_1290540.wav,fake,la_p4fix,none,aac-128k,aac-128k,na,LA_0031,1.344,16000,test,LA_E_1290540_aac-128k
data/attacks/opus-32k/LA_E_1290540.wav,fake,la_p4fix,none,opus-32k,opus-32k,na,LA_0031,1.288,16000,test,LA_E_1290540_opus-32k
data/attacks/g711-8k/LA_E_1290540.wav,fake,la_p4fix,none,g711-8k,g711-8k,na,LA_0031,1.288,16000,test,LA_E_1290540_g711-8k
data/attacks/awgn-snr5/LA_E_1290540.wav,fake,la_p4fix,none,awgn-snr5,snr5,na,LA_0031,1.288,16000,test,LA_E_1290540_awgn-snr5
data/attacks/awgn-snr10/LA_E_1290540.wav,fake,la_p4fix,none,awgn-snr10,snr10,na,LA_0031,1.288,16000,test,LA_E_1290540_awgn-snr10
data/attacks/bandpass-300-3400/LA_E_1290540.wav,fake,la_p4fix,none,bandpass-300-3400,bandpass300-3400,na,LA_0031,1.288,16000,test,LA_E_1290540_bandpass-300-3400
data/attacks/reverb-rt60-0.4/LA_E_1290540.wav,fake,la_p4fix,none,reverb-rt60-0.4,rt60-0.4,na,LA_0031,1.288,16000,test,LA_E_1290540_reverb-rt60-0.4
data/attacks/speed0.9/LA_E_1290540.wav,fake,la_p4fix,none,speed0.9,speed0.9,na,LA_0031,1.431,16000,test,LA_E_1290540_speed0.9
data/attacks/mp3-64k/LA_E_3606086.wav,fake,la_p4fix,none,mp3-64k,mp3-64k,na,LA_0019,2.957,16000,test,LA_E_3606086_mp3-64k
data/attacks/aac-128k/LA_E_3606086.wav,fake,la_p4fix,none,aac-128k,aac-128k,na,LA_0019,3.008,16000,test,LA_E_3606086_aac-128k
data/attacks/opus-32k/LA_E_3606086.wav,fake,la_p4fix,none,opus-32k,opus-32k,na,LA_0019,2.957,16000,test,LA_E_3606086_opus-32k
data/attacks/g711-8k/LA_E_3606086.wav,fake,la_p4fix,none,g711-8k,g711-8k,na,LA_0019,2.957,16000,test,LA_E_3606086_g711-8k
data/attacks/awgn-snr5/LA_E_3606086.wav,fake,la_p4fix,none,awgn-snr5,snr5,na,LA_0019,2.957,16000,test,LA_E_3606086_awgn-snr5
data/attacks/awgn-snr10/LA_E_3606086.wav,fake,la_p4fix,none,awgn-snr10,snr10,na,LA_0019,2.957,16000,test,LA_E_3606086_awgn-snr10
data/attacks/bandpass-300-3400/LA_E_3606086.wav,fake,la_p4fix,none,bandpass-300-3400,bandpass300-3400,na,LA_0019,2.957,16000,test,LA_E_3606086_bandpass-300-3400
data/attacks/reverb-rt60-0.4/LA_E_3606086.wav,fake,la_p4fix,none,reverb-rt60-0.4,rt60-0.4,na,LA_0019,2.957,16000,test,LA_E_3606086_reverb-rt60-0.4
data/attacks/speed0.9/LA_E_3606086.wav,fake,la_p4fix,none,speed0.9,speed0.9,na,LA_0019,3.285,16000,test,LA_E_3606086_speed0.9
data/attacks/mp3-64k/LA_E_4482875.wav,fake,la_p4fix,none,mp3-64k,mp3-64k,na,LA_0034,1.093,16000,test,LA_E_4482875_mp3-64k
data/attacks/aac-128k/LA_E_4482875.wav,fake,la_p4fix,none,aac-128k,aac-128k,na,LA_0034,1.152,16000,test,LA_E_4482875_aac-128k
data/attacks/opus-32k/LA_E_4482875.wav,fake,la_p4fix,none,opus-32k,opus-32k,na,LA_0034,1.093,16000,test,LA_E_4482875_opus-32k
data/attacks/g711-8k/LA_E_4482875.wav,fake,la_p4fix,none,g711-8k,g711-8k,na,LA_0034,1.093,16000,test,LA_E_4482875_g711-8k
data/attacks/awgn-snr5/LA_E_4482875.wav,fake,la_p4fix,none,awgn-snr5,snr5,na,LA_0034,1.093,16000,test,LA_E_4482875_awgn-snr5
data/attacks/awgn-snr10/LA_E_4482875.wav,fake,la_p4fix,none,awgn-snr10,snr10,na,LA_0034,1.093,16000,test,LA_E_4482875_awgn-snr10
data/attacks/bandpass-300-3400/LA_E_4482875.wav,fake,la_p4fix,none,bandpass-300-3400,bandpass300-3400,na,LA_0034,1.093,16000,test,LA_E_4482875_bandpass-300-3400
data/attacks/reverb-rt60-0.4/LA_E_4482875.wav,fake,la_p4fix,none,reverb-rt60-0.4,rt60-0.4,na,LA_0034,1.093,16000,test,LA_E_4482875_reverb-rt60-0.4
data/attacks/speed0.9/LA_E_4482875.wav,fake,la_p4fix,none,speed0.9,speed0.9,na,LA_0034,1.214,16000,test,LA_E_4482875_speed0.9
data/attacks/mp3-64k/LA_E_9558246.wav,fake,la_p4fix,none,mp3-64k,mp3-64k,na,LA_0023,1.103,16000,test,LA_E_9558246_mp3-64k
data/attacks/aac-128k/LA_E_9558246.wav,fake,la_p4fix,none,aac-128k,aac-128k,na,LA_0023,1.152,16000,test,LA_E_9558246_aac-128k
data/attacks/opus-32k/LA_E_9558246.wav,fake,la_p4fix,none,opus-32k,opus-32k,na,LA_0023,1.103,16000,test,LA_E_9558246_opus-32k
data/attacks/g711-8k/LA_E_9558246.wav,fake,la_p4fix,none,g711-8k,g711-8k,na,LA_0023,1.103,16000,test,LA_E_9558246_g711-8k
data/attacks/awgn-snr5/LA_E_9558246.wav,fake,la_p4fix,none,awgn-snr5,snr5,na,LA_0023,1.103,16000,test,LA_E_9558246_awgn-snr5
data/attacks/awgn-snr10/LA_E_9558246.wav,fake,la_p4fix,none,awgn-snr10,snr10,na,LA_0023,1.103,16000,test,LA_E_9558246_awgn-snr10
data/attacks/bandpass-300-3400/LA_E_9558246.wav,fake,la_p4fix,none,bandpass-300-3400,bandpass300-3400,na,LA_0023,1.103,16000,test,LA_E_9558246_bandpass-300-3400
data/attacks/reverb-rt60-0.4/LA_E_9558246.wav,fake,la_p4fix,none,reverb-rt60-0.4,rt60-0.4,na,LA_0023,1.103,16000,test,LA_E_9558246_reverb-rt60-0.4
data/attacks/speed0.9/LA_E_9558246.wav,fake,la_p4fix,none,speed0.9,speed0.9,na,LA_0023,1.225,16000,test,LA_E_9558246_speed0.9
data/attacks/mp3-64k/LA_E_2599167.wav,fake,la_p4fix,none,mp3-64k,mp3-64k,na,LA_0045,2.124,16000,test,LA_E_2599167_mp3-64k
data/attacks/aac-128k/LA_E_2599167.wav,fake,la_p4fix,none,aac-128k,aac-128k,na,LA_0045,2.176,16000,test,LA_E_2599167_aac-128k
data/attacks/opus-32k/LA_E_2599167.wav,fake,la_p4fix,none,opus-32k,opus-32k,na,LA_0045,2.124,16000,test,LA_E_2599167_opus-32k
data/attacks/g711-8k/LA_E_2599167.wav,fake,la_p4fix,none,g711-8k,g711-8k,na,LA_0045,2.124,16000,test,LA_E_2599167_g711-8k
data/attacks/awgn-snr5/LA_E_2599167.wav,fake,la_p4fix,none,awgn-snr5,snr5,na,LA_0045,2.124,16000,test,LA_E_2599167_awgn-snr5
data/attacks/awgn-snr10/LA_E_2599167.wav,fake,la_p4fix,none,awgn-snr10,snr10,na,LA_0045,2.124,16000,test,LA_E_2599167_awgn-snr10
data/attacks/bandpass-300-3400/LA_E_2599167.wav,fake,la_p4fix,none,bandpass-300-3400,bandpass300-3400,na,LA_0045,2.124,16000,test,LA_E_2599167_bandpass-300-3400
data/attacks/reverb-rt60-0.4/LA_E_2599167.wav,fake,la_p4fix,none,reverb-rt60-0.4,rt60-0.4,na,LA_0045,2.124,16000,test,LA_E_2599167_reverb-rt60-0.4
data/attacks/speed0.9/LA_E_2599167.wav,fake,la_p4fix,none,speed0.9,speed0.9,na,LA_0045,2.36,16000,test,LA_E_2599167_speed0.9
data/attacks/mp3-64k/LA_E_7148584.wav,fake,la_p4fix,none,mp3-64k,mp3-64k,na,LA_0030,2.035,16000,test,LA_E_7148584_mp3-64k
data/attacks/aac-128k/LA_E_7148584.wav,fake,la_p4fix,none,aac-128k,aac-128k,na,LA_0030,2.048,16000,test,LA_E_7148584_aac-128k
data/attacks/opus-32k/LA_E_7148584.wav,fake,la_p4fix,none,opus-32k,opus-32k,na,LA_0030,2.035,16000,test,LA_E_7148584_opus-32k
data/attacks/g711-8k/LA_E_7148584.wav,fake,la_p4fix,none,g711-8k,g711-8k,na,LA_0030,2.035,16000,test,LA_E_7148584_g711-8k
data/attacks/awgn-snr5/LA_E_7148584.wav,fake,la_p4fix,none,awgn-snr5,snr5,na,LA_0030,2.035,16000,test,LA_E_7148584_awgn-snr5
data/attacks/awgn-snr10/LA_E_7148584.wav,fake,la_p4fix,none,awgn-snr10,snr10,na,LA_0030,2.035,16000,test,LA_E_7148584_awgn-snr10
data/attacks/bandpass-300-3400/LA_E_7148584.wav,fake,la_p4fix,none,bandpass-300-3400,bandpass300-3400,na,LA_0030,2.035,16000,test,LA_E_7148584_bandpass-300-3400
data/attacks/reverb-rt60-0.4/LA_E_7148584.wav,fake,la_p4fix,none,reverb-rt60-0.4,rt60-0.4,na,LA_0030,2.035,16000,test,LA_E_7148584_reverb-rt60-0.4
data/attacks/speed0.9/LA_E_7148584.wav,fake,la_p4fix,none,speed0.9,speed0.9,na,LA_0030,2.262,16000,test,LA_E_7148584_speed0.9
data/attacks/mp3-64k/LA_E_8357076.wav,fake,la_p4fix,none,mp3-64k,mp3-64k,na,LA_0031,1.809,16000,test,LA_E_8357076_mp3-64k
data/attacks/aac-128k/LA_E_8357076.wav,fake,la_p4fix,none,aac-128k,aac-128k,na,LA_0031,1.856,16000,test,LA_E_8357076_aac-128k
data/attacks/opus-32k/LA_E_8357076.wav,fake,la_p4fix,none,opus-32k,opus-32k,na,LA_0031,1.809,16000,test,LA_E_8357076_opus-32k
data/attacks/g711-8k/LA_E_8357076.wav,fake,la_p4fix,none,g711-8k,g711-8k,na,LA_0031,1.809,16000,test,LA_E_8357076_g711-8k
data/attacks/awgn-snr5/LA_E_8357076.wav,fake,la_p4fix,none,awgn-snr5,snr5,na,LA_0031,1.809,16000,test,LA_E_8357076_awgn-snr5
data/attacks/awgn-snr10/LA_E_8357076.wav,fake,la_p4fix,none,awgn-snr10,snr10,na,LA_0031,1.809,16000,test,LA_E_8357076_awgn-snr10
data/attacks/bandpass-300-3400/LA_E_8357076.wav,fake,la_p4fix,none,bandpass-300-3400,bandpass300-3400,na,LA_0031,1.809,16000,test,LA_E_8357076_bandpass-300-3400
data/attacks/reverb-rt60-0.4/LA_E_8357076.wav,fake,la_p4fix,none,reverb-rt60-0.4,rt60-0.4,na,LA_0031,1.809,16000,test,LA_E_8357076_reverb-rt60-0.4
data/attacks/speed0.9/LA_E_8357076.wav,fake,la_p4fix,none,speed0.9,speed0.9,na,LA_0031,2.01,16000,test,LA_E_8357076_speed0.9
data/attacks/mp3-64k/LA_E_2276337.wav,fake,la_p4fix,none,mp3-64k,mp3-64k,na,LA_0027,2.688,16000,test,LA_E_2276337_mp3-64k
data/attacks/aac-128k/LA_E_2276337.wav,fake,la_p4fix,none,aac-128k,aac-128k,na,LA_0027,2.752,16000,test,LA_E_2276337_aac-128k
data/attacks/opus-32k/LA_E_2276337.wav,fake,la_p4fix,none,opus-32k,opus-32k,na,LA_0027,2.688,16000,test,LA_E_2276337_opus-32k
data/attacks/g711-8k/LA_E_2276337.wav,fake,la_p4fix,none,g711-8k,g711-8k,na,LA_0027,2.688,16000,test,LA_E_2276337_g711-8k
data/attacks/awgn-snr5/LA_E_2276337.wav,fake,la_p4fix,none,awgn-snr5,snr5,na,LA_0027,2.688,16000,test,LA_E_2276337_awgn-snr5
data/attacks/awgn-snr10/LA_E_2276337.wav,fake,la_p4fix,none,awgn-snr10,snr10,na,LA_0027,2.688,16000,test,LA_E_2276337_awgn-snr10
data/attacks/bandpass-300-3400/LA_E_2276337.wav,fake,la_p4fix,none,bandpass-300-3400,bandpass300-3400,na,LA_0027,2.688,16000,test,LA_E_2276337_bandpass-300-3400
data/attacks/reverb-rt60-0.4/LA_E_2276337.wav,fake,la_p4fix,none,reverb-rt60-0.4,rt60-0.4,na,LA_0027,2.688,16000,test,LA_E_2276337_reverb-rt60-0.4
data/attacks/speed0.9/LA_E_2276337.wav,fake,la_p4fix,none,speed0.9,speed0.9,na,LA_0027,2.987,16000,test,LA_E_2276337_speed0.9
data/attacks/mp3-64k/LA_E_6717910.wav,fake,la_p4fix,none,mp3-64k,mp3-64k,na,LA_0021,2.648,16000,test,LA_E_6717910_mp3-64k
data/attacks/aac-128k/LA_E_6717910.wav,fake,la_p4fix,none,aac-128k,aac-128k,na,LA_0021,2.688,16000,test,LA_E_6717910_aac-128k
data/attacks/opus-32k/LA_E_6717910.wav,fake,la_p4fix,none,opus-32k,opus-32k,na,LA_0021,2.648,16000,test,LA_E_6717910_opus-32k
data/attacks/g711-8k/LA_E_6717910.wav,fake,la_p4fix,none,g711-8k,g711-8k,na,LA_0021,2.648,16000,test,LA_E_6717910_g711-8k
data/attacks/awgn-snr5/LA_E_6717910.wav,fake,la_p4fix,none,awgn-snr5,snr5,na,LA_0021,2.648,16000,test,LA_E_6717910_awgn-snr5
data/attacks/awgn-snr10/LA_E_6717910.wav,fake,la_p4fix,none,awgn-snr10,snr10,na,LA_0021,2.648,16000,test,LA_E_6717910_awgn-snr10
data/attacks/bandpass-300-3400/LA_E_6717910.wav,fake,la_p4fix,none,bandpass-300-3400,bandpass300-3400,na,LA_0021,2.648,16000,test,LA_E_6717910_bandpass-300-3400
data/attacks/reverb-rt60-0.4/LA_E_6717910.wav,fake,la_p4fix,none,reverb-rt60-0.4,rt60-0.4,na,LA_0021,2.648,16000,test,LA_E_6717910_reverb-rt60-0.4
data/attacks/speed0.9/LA_E_6717910.wav,fake,la_p4fix,none,speed0.9,speed0.9,na,LA_0021,2.942,16000,test,LA_E_6717910_speed0.9
data/attacks/mp3-64k/LA_E_7649028.wav,fake,la_p4fix,none,mp3-64k,mp3-64k,na,LA_0020,1.812,16000,test,LA_E_7649028_mp3-64k
data/attacks/aac-128k/LA_E_7649028.wav,fake,la_p4fix,none,aac-128k,aac-128k,na,LA_0020,1.856,16000,test,LA_E_7649028_aac-128k
data/attacks/opus-32k/LA_E_7649028.wav,fake,la_p4fix,none,opus-32k,opus-32k,na,LA_0020,1.812,16000,test,LA_E_7649028_opus-32k
data/attacks/g711-8k/LA_E_7649028.wav,fake,la_p4fix,none,g711-8k,g711-8k,na,LA_0020,1.812,16000,test,LA_E_7649028_g711-8k
data/attacks/awgn-snr5/LA_E_7649028.wav,fake,la_p4fix,none,awgn-snr5,snr5,na,LA_0020,1.812,16000,test,LA_E_7649028_awgn-snr5
data/attacks/awgn-snr10/LA_E_7649028.wav,fake,la_p4fix,none,awgn-snr10,snr10,na,LA_0020,1.812,16000,test,LA_E_7649028_awgn-snr10
data/attacks/bandpass-300-3400/LA_E_7649028.wav,fake,la_p4fix,none,bandpass-300-3400,bandpass300-3400,na,LA_0020,1.812,16000,test,LA_E_7649028_bandpass-300-3400
data/attacks/reverb-rt60-0.4/LA_E_7649028.wav,fake,la_p4fix,none,reverb-rt60-0.4,rt60-0.4,na,LA_0020,1.812,16000,test,LA_E_7649028_reverb-rt60-0.4
data/attacks/speed0.9/LA_E_7649028.wav,fake,la_p4fix,none,speed0.9,speed0.9,na,LA_0020,2.013,16000,test,LA_E_7649028_speed0.9
data/attacks/mp3-64k/LA_E_7344414.wav,fake,la_p4fix,none,mp3-64k,mp3-64k,na,LA_0037,2.186,16000,test,LA_E_7344414_mp3-64k
data/attacks/aac-128k/LA_E_7344414.wav,fake,la_p4fix,none,aac-128k,aac-128k,na,LA_0037,2.24,16000,test,LA_E_7344414_aac-128k
data/attacks/opus-32k/LA_E_7344414.wav,fake,la_p4fix,none,opus-32k,opus-32k,na,LA_0037,2.186,16000,test,LA_E_7344414_opus-32k
data/attacks/g711-8k/LA_E_7344414.wav,fake,la_p4fix,none,g711-8k,g711-8k,na,LA_0037,2.186,16000,test,LA_E_7344414_g711-8k
data/attacks/awgn-snr5/LA_E_7344414.wav,fake,la_p4fix,none,awgn-snr5,snr5,na,LA_0037,2.186,16000,test,LA_E_7344414_awgn-snr5
data/attacks/awgn-snr10/LA_E_7344414.wav,fake,la_p4fix,none,awgn-snr10,snr10,na,LA_0037,2.186,16000,test,LA_E_7344414_awgn-snr10
data/attacks/bandpass-300-3400/LA_E_7344414.wav,fake,la_p4fix,none,bandpass-300-3400,bandpass300-3400,na,LA_0037,2.186,16000,test,LA_E_7344414_bandpass-300-3400
data/attacks/reverb-rt60-0.4/LA_E_7344414.wav,fake,la_p4fix,none,reverb-rt60-0.4,rt60-0.4,na,LA_0037,2.186,16000,test,LA_E_7344414_reverb-rt60-0.4
data/attacks/speed0.9/LA_E_7344414.wav,fake,la_p4fix,none,speed0.9,speed0.9,na,LA_0037,2.429,16000,test,LA_E_7344414_speed0.9
data/attacks/mp3-64k/LA_E_3909862.wav,fake,la_p4fix,none,mp3-64k,mp3-64k,na,LA_0016,1.731,16000,test,LA_E_3909862_mp3-64k
data/attacks/aac-128k/LA_E_3909862.wav,fake,la_p4fix,none,aac-128k,aac-128k,na,LA_0016,1.792,16000,test,LA_E_3909862_aac-128k
data/attacks/opus-32k/LA_E_3909862.wav,fake,la_p4fix,none,opus-32k,opus-32k,na,LA_0016,1.731,16000,test,LA_E_3909862_opus-32k
data/attacks/g711-8k/LA_E_3909862.wav,fake,la_p4fix,none,g711-8k,g711-8k,na,LA_0016,1.731,16000,test,LA_E_3909862_g711-8k
data/attacks/awgn-snr5/LA_E_3909862.wav,fake,la_p4fix,none,awgn-snr5,snr5,na,LA_0016,1.731,16000,test,LA_E_3909862_awgn-snr5
data/attacks/awgn-snr10/LA_E_3909862.wav,fake,la_p4fix,none,awgn-snr10,snr10,na,LA_0016,1.731,16000,test,LA_E_3909862_awgn-snr10
data/attacks/bandpass-300-3400/LA_E_3909862.wav,fake,la_p4fix,none,bandpass-300-3400,bandpass300-3400,na,LA_0016,1.731,16000,test,LA_E_3909862_bandpass-300-3400
data/attacks/reverb-rt60-0.4/LA_E_3909862.wav,fake,la_p4fix,none,reverb-rt60-0.4,rt60-0.4,na,LA_0016,1.731,16000,test,LA_E_3909862_reverb-rt60-0.4
data/attacks/speed0.9/LA_E_3909862.wav,fake,la_p4fix,none,speed0.9,speed0.9,na,LA_0016,1.923,16000,test,LA_E_3909862_speed0.9
data/attacks/mp3-64k/LA_E_2327055.wav,fake,la_p4fix,none,mp3-64k,mp3-64k,na,LA_0046,2.101,16000,test,LA_E_2327055_mp3-64k
data/attacks/aac-128k/LA_E_2327055.wav,fake,la_p4fix,none,aac-128k,aac-128k,na,LA_0046,2.112,16000,test,LA_E_2327055_aac-128k
data/attacks/opus-32k/LA_E_2327055.wav,fake,la_p4fix,none,opus-32k,opus-32k,na,LA_0046,2.101,16000,test,LA_E_2327055_opus-32k
data/attacks/g711-8k/LA_E_2327055.wav,fake,la_p4fix,none,g711-8k,g711-8k,na,LA_0046,2.101,16000,test,LA_E_2327055_g711-8k
data/attacks/awgn-snr5/LA_E_2327055.wav,fake,la_p4fix,none,awgn-snr5,snr5,na,LA_0046,2.101,16000,test,LA_E_2327055_awgn-snr5
data/attacks/awgn-snr10/LA_E_2327055.wav,fake,la_p4fix,none,awgn-snr10,snr10,na,LA_0046,2.101,16000,test,LA_E_2327055_awgn-snr10
data/attacks/bandpass-300-3400/LA_E_2327055.wav,fake,la_p4fix,none,bandpass-300-3400,bandpass300-3400,na,LA_0046,2.101,16000,test,LA_E_2327055_bandpass-300-3400
data/attacks/reverb-rt60-0.4/LA_E_2327055.wav,fake,la_p4fix,none,reverb-rt60-0.4,rt60-0.4,na,LA_0046,2.101,16000,test,LA_E_2327055_reverb-rt60-0.4
data/attacks/speed0.9/LA_E_2327055.wav,fake,la_p4fix,none,speed0.9,speed0.9,na,LA_0046,2.334,16000,test,LA_E_2327055_speed0.9
data/attacks/mp3-64k/LA_E_2450154.wav,fake,la_p4fix,none,mp3-64k,mp3-64k,na,LA_0019,4.761,16000,test,LA_E_2450154_mp3-64k
data/attacks/aac-128k/LA_E_2450154.wav,fake,la_p4fix,none,aac-128k,aac-128k,na,LA_0019,4.8,16000,test,LA_E_2450154_aac-128k
data/attacks/opus-32k/LA_E_2450154.wav,fake,la_p4fix,none,opus-32k,opus-32k,na,LA_0019,4.761,16000,test,LA_E_2450154_opus-32k
data/attacks/g711-8k/LA_E_2450154.wav,fake,la_p4fix,none,g711-8k,g711-8k,na,LA_0019,4.761,16000,test,LA_E_2450154_g711-8k
data/attacks/awgn-snr5/LA_E_2450154.wav,fake,la_p4fix,none,awgn-snr5,snr5,na,LA_0019,4.761,16000,test,LA_E_2450154_awgn-snr5
data/attacks/awgn-snr10/LA_E_2450154.wav,fake,la_p4fix,none,awgn-snr10,snr10,na,LA_0019,4.761,16000,test,LA_E_2450154_awgn-snr10
data/attacks/bandpass-300-3400/LA_E_2450154.wav,fake,la_p4fix,none,bandpass-300-3400,bandpass300-3400,na,LA_0019,4.761,16000,test,LA_E_2450154_bandpass-300-3400
data/attacks/reverb-rt60-0.4/LA_E_2450154.wav,fake,la_p4fix,none,reverb-rt60-0.4,rt60-0.4,na,LA_0019,4.761,16000,test,LA_E_2450154_reverb-rt60-0.4
data/attacks/speed0.9/LA_E_2450154.wav,fake,la_p4fix,none,speed0.9,speed0.9,na,LA_0019,5.291,16000,test,LA_E_2450154_speed0.9
data/attacks/mp3-64k/LA_E_1485961.wav,fake,la_p4fix,none,mp3-64k,mp3-64k,na,LA_0026,5.918,16000,test,LA_E_1485961_mp3-64k
data/attacks/aac-128k/LA_E_1485961.wav,fake,la_p4fix,none,aac-128k,aac-128k,na,LA_0026,5.952,16000,test,LA_E_1485961_aac-128k
data/attacks/opus-32k/LA_E_1485961.wav,fake,la_p4fix,none,opus-32k,opus-32k,na,LA_0026,5.918,16000,test,LA_E_1485961_opus-32k
data/attacks/g711-8k/LA_E_1485961.wav,fake,la_p4fix,none,g711-8k,g711-8k,na,LA_0026,5.918,16000,test,LA_E_1485961_g711-8k
data/attacks/awgn-snr5/LA_E_1485961.wav,fake,la_p4fix,none,awgn-snr5,snr5,na,LA_0026,5.918,16000,test,LA_E_1485961_awgn-snr5
data/attacks/awgn-snr10/LA_E_1485961.wav,fake,la_p4fix,none,awgn-snr10,snr10,na,LA_0026,5.918,16000,test,LA_E_1485961_awgn-snr10
data/attacks/bandpass-300-3400/LA_E_1485961.wav,fake,la_p4fix,none,bandpass-300-3400,bandpass300-3400,na,LA_0026,5.918,16000,test,LA_E_1485961_bandpass-300-3400
data/attacks/reverb-rt60-0.4/LA_E_1485961.wav,fake,la_p4fix,none,reverb-rt60-0.4,rt60-0.4,na,LA_0026,5.918,16000,test,LA_E_1485961_reverb-rt60-0.4
data/attacks/speed0.9/LA_E_1485961.wav,fake,la_p4fix,none,speed0.9,speed0.9,na,LA_0026,6.575,16000,test,LA_E_1485961_speed0.9
data/attacks/mp3-64k/LA_E_1325068.wav,fake,la_p4fix,none,mp3-64k,mp3-64k,na,LA_0034,3.874,16000,test,LA_E_1325068_mp3-64k
data/attacks/aac-128k/LA_E_1325068.wav,fake,la_p4fix,none,aac-128k,aac-128k,na,LA_0034,3.904,16000,test,LA_E_1325068_aac-128k
data/attacks/opus-32k/LA_E_1325068.wav,fake,la_p4fix,none,opus-32k,opus-32k,na,LA_0034,3.874,16000,test,LA_E_1325068_opus-32k
data/attacks/g711-8k/LA_E_1325068.wav,fake,la_p4fix,none,g711-8k,g711-8k,na,LA_0034,3.874,16000,test,LA_E_1325068_g711-8k
data/attacks/awgn-snr5/LA_E_1325068.wav,fake,la_p4fix,none,awgn-snr5,snr5,na,LA_0034,3.874,16000,test,LA_E_1325068_awgn-snr5
data/attacks/awgn-snr10/LA_E_1325068.wav,fake,la_p4fix,none,awgn-snr10,snr10,na,LA_0034,3.874,16000,test,LA_E_1325068_awgn-snr10
data/attacks/bandpass-300-3400/LA_E_1325068.wav,fake,la_p4fix,none,bandpass-300-3400,bandpass300-3400,na,LA_0034,3.874,16000,test,LA_E_1325068_bandpass-300-3400
data/attacks/reverb-rt60-0.4/LA_E_1325068.wav,fake,la_p4fix,none,reverb-rt60-0.4,rt60-0.4,na,LA_0034,3.874,16000,test,LA_E_1325068_reverb-rt60-0.4
data/attacks/speed0.9/LA_E_1325068.wav,fake,la_p4fix,none,speed0.9,speed0.9,na,LA_0034,4.304,16000,test,LA_E_1325068_speed0.9
data/attacks/mp3-64k/LA_E_7672436.wav,fake,la_p4fix,none,mp3-64k,mp3-64k,na,LA_0008,0.87,16000,test,LA_E_7672436_mp3-64k
data/attacks/aac-128k/LA_E_7672436.wav,fake,la_p4fix,none,aac-128k,aac-128k,na,LA_0008,0.896,16000,test,LA_E_7672436_aac-128k
data/attacks/opus-32k/LA_E_7672436.wav,fake,la_p4fix,none,opus-32k,opus-32k,na,LA_0008,0.87,16000,test,LA_E_7672436_opus-32k
data/attacks/g711-8k/LA_E_7672436.wav,fake,la_p4fix,none,g711-8k,g711-8k,na,LA_0008,0.87,16000,test,LA_E_7672436_g711-8k
data/attacks/awgn-snr5/LA_E_7672436.wav,fake,la_p4fix,none,awgn-snr5,snr5,na,LA_0008,0.87,16000,test,LA_E_7672436_awgn-snr5
data/attacks/awgn-snr10/LA_E_7672436.wav,fake,la_p4fix,none,awgn-snr10,snr10,na,LA_0008,0.87,16000,test,LA_E_7672436_awgn-snr10
data/attacks/bandpass-300-3400/LA_E_7672436.wav,fake,la_p4fix,none,bandpass-300-3400,bandpass300-3400,na,LA_0008,0.87,16000,test,LA_E_7672436_bandpass-300-3400
data/attacks/reverb-rt60-0.4/LA_E_7672436.wav,fake,la_p4fix,none,reverb-rt60-0.4,rt60-0.4,na,LA_0008,0.87,16000,test,LA_E_7672436_reverb-rt60-0.4
data/attacks/speed0.9/LA_E_7672436.wav,fake,la_p4fix,none,speed0.9,speed0.9,na,LA_0008,0.967,16000,test,LA_E_7672436_speed0.9
data/attacks/mp3-64k/LA_E_4430865.wav,fake,la_p4fix,none,mp3-64k,mp3-64k,na,LA_0043,2.469,16000,test,LA_E_4430865_mp3-64k
data/attacks/aac-128k/LA_E_4430865.wav,fake,la_p4fix,none,aac-128k,aac-128k,na,LA_0043,2.496,16000,test,LA_E_4430865_aac-128k
data/attacks/opus-32k/LA_E_4430865.wav,fake,la_p4fix,none,opus-32k,opus-32k,na,LA_0043,2.469,16000,test,LA_E_4430865_opus-32k
data/attacks/g711-8k/LA_E_4430865.wav,fake,la_p4fix,none,g711-8k,g711-8k,na,LA_0043,2.47,16000,test,LA_E_4430865_g711-8k
data/attacks/awgn-snr5/LA_E_4430865.wav,fake,la_p4fix,none,awgn-snr5,snr5,na,LA_0043,2.469,16000,test,LA_E_4430865_awgn-snr5
data/attacks/awgn-snr10/LA_E_4430865.wav,fake,la_p4fix,none,awgn-snr10,snr10,na,LA_0043,2.469,16000,test,LA_E_4430865_awgn-snr10
data/attacks/bandpass-300-3400/LA_E_4430865.wav,fake,la_p4fix,none,bandpass-300-3400,bandpass300-3400,na,LA_0043,2.469,16000,test,LA_E_4430865_bandpass-300-3400
data/attacks/reverb-rt60-0.4/LA_E_4430865.wav,fake,la_p4fix,none,reverb-rt60-0.4,rt60-0.4,na,LA_0043,2.469,16000,test,LA_E_4430865_reverb-rt60-0.4
data/attacks/speed0.9/LA_E_4430865.wav,fake,la_p4fix,none,speed0.9,speed0.9,na,LA_0043,2.744,16000,test,LA_E_4430865_speed0.9
data/attacks/mp3-64k/LA_E_2338642.wav,fake,la_p4fix,none,mp3-64k,mp3-64k,na,LA_0036,3.18,16000,test,LA_E_2338642_mp3-64k
data/attacks/aac-128k/LA_E_2338642.wav,fake,la_p4fix,none,aac-128k,aac-128k,na,LA_0036,3.2,16000,test,LA_E_2338642_aac-128k
data/attacks/opus-32k/LA_E_2338642.wav,fake,la_p4fix,none,opus-32k,opus-32k,na,LA_0036,3.18,16000,test,LA_E_2338642_opus-32k
data/attacks/g711-8k/LA_E_2338642.wav,fake,la_p4fix,none,g711-8k,g711-8k,na,LA_0036,3.18,16000,test,LA_E_2338642_g711-8k
data/attacks/awgn-snr5/LA_E_2338642.wav,fake,la_p4fix,none,awgn-snr5,snr5,na,LA_0036,3.18,16000,test,LA_E_2338642_awgn-snr5
data/attacks/awgn-snr10/LA_E_2338642.wav,fake,la_p4fix,none,awgn-snr10,snr10,na,LA_0036,3.18,16000,test,LA_E_2338642_awgn-snr10
data/attacks/bandpass-300-3400/LA_E_2338642.wav,fake,la_p4fix,none,bandpass-300-3400,bandpass300-3400,na,LA_0036,3.18,16000,test,LA_E_2338642_bandpass-300-3400
data/attacks/reverb-rt60-0.4/LA_E_2338642.wav,fake,la_p4fix,none,reverb-rt60-0.4,rt60-0.4,na,LA_0036,3.18,16000,test,LA_E_2338642_reverb-rt60-0.4
data/attacks/speed0.9/LA_E_2338642.wav,fake,la_p4fix,none,speed0.9,speed0.9,na,LA_0036,3.533,16000,test,LA_E_2338642_speed0.9
data/attacks/mp3-64k/LA_E_2598056.wav,fake,la_p4fix,none,mp3-64k,mp3-64k,na,LA_0017,6.197,16000,test,LA_E_2598056_mp3-64k
data/attacks/aac-128k/LA_E_2598056.wav,fake,la_p4fix,none,aac-128k,aac-128k,na,LA_0017,6.208,16000,test,LA_E_2598056_aac-128k
data/attacks/opus-32k/LA_E_2598056.wav,fake,la_p4fix,none,opus-32k,opus-32k,na,LA_0017,6.197,16000,test,LA_E_2598056_opus-32k
data/attacks/g711-8k/LA_E_2598056.wav,fake,la_p4fix,none,g711-8k,g711-8k,na,LA_0017,6.197,16000,test,LA_E_2598056_g711-8k
data/attacks/awgn-snr5/LA_E_2598056.wav,fake,la_p4fix,none,awgn-snr5,snr5,na,LA_0017,6.197,16000,test,LA_E_2598056_awgn-snr5
data/attacks/awgn-snr10/LA_E_2598056.wav,fake,la_p4fix,none,awgn-snr10,snr10,na,LA_0017,6.197,16000,test,LA_E_2598056_awgn-snr10
data/attacks/bandpass-300-3400/LA_E_2598056.wav,fake,la_p4fix,none,bandpass-300-3400,bandpass300-3400,na,LA_0017,6.197,16000,test,LA_E_2598056_bandpass-300-3400
data/attacks/reverb-rt60-0.4/LA_E_2598056.wav,fake,la_p4fix,none,reverb-rt60-0.4,rt60-0.4,na,LA_0017,6.197,16000,test,LA_E_2598056_reverb-rt60-0.4
data/attacks/speed0.9/LA_E_2598056.wav,fake,la_p4fix,none,speed0.9,speed0.9,na,LA_0017,6.886,16000,test,LA_E_2598056_speed0.9
data/attacks/mp3-64k/LA_E_7568404.wav,fake,la_p4fix,none,mp3-64k,mp3-64k,na,LA_0037,2.506,16000,test,LA_E_7568404_mp3-64k
data/attacks/aac-128k/LA_E_7568404.wav,fake,la_p4fix,none,aac-128k,aac-128k,na,LA_0037,2.56,16000,test,LA_E_7568404_aac-128k
data/attacks/opus-32k/LA_E_7568404.wav,fake,la_p4fix,none,opus-32k,opus-32k,na,LA_0037,2.506,16000,test,LA_E_7568404_opus-32k
data/attacks/g711-8k/LA_E_7568404.wav,fake,la_p4fix,none,g711-8k,g711-8k,na,LA_0037,2.506,16000,test,LA_E_7568404_g711-8k
data/attacks/awgn-snr5/LA_E_7568404.wav,fake,la_p4fix,none,awgn-snr5,snr5,na,LA_0037,2.506,16000,test,LA_E_7568404_awgn-snr5
data/attacks/awgn-snr10/LA_E_7568404.wav,fake,la_p4fix,none,awgn-snr10,snr10,na,LA_0037,2.506,16000,test,LA_E_7568404_awgn-snr10
data/attacks/bandpass-300-3400/LA_E_7568404.wav,fake,la_p4fix,none,bandpass-300-3400,bandpass300-3400,na,LA_0037,2.506,16000,test,LA_E_7568404_bandpass-300-3400
data/attacks/reverb-rt60-0.4/LA_E_7568404.wav,fake,la_p4fix,none,reverb-rt60-0.4,rt60-0.4,na,LA_0037,2.506,16000,test,LA_E_7568404_reverb-rt60-0.4
data/attacks/speed0.9/LA_E_7568404.wav,fake,la_p4fix,none,speed0.9,speed0.9,na,LA_0037,2.785,16000,test,LA_E_7568404_speed0.9
data/attacks/mp3-64k/LA_E_5796279.wav,fake,la_p4fix,none,mp3-64k,mp3-64k,na,LA_0009,4.376,16000,test,LA_E_5796279_mp3-64k
data/attacks/aac-128k/LA_E_5796279.wav,fake,la_p4fix,none,aac-128k,aac-128k,na,LA_0009,4.416,16000,test,LA_E_5796279_aac-128k
data/attacks/opus-32k/LA_E_5796279.wav,fake,la_p4fix,none,opus-32k,opus-32k,na,LA_0009,4.376,16000,test,LA_E_5796279_opus-32k
data/attacks/g711-8k/LA_E_5796279.wav,fake,la_p4fix,none,g711-8k,g711-8k,na,LA_0009,4.376,16000,test,LA_E_5796279_g711-8k
data/attacks/awgn-snr5/LA_E_5796279.wav,fake,la_p4fix,none,awgn-snr5,snr5,na,LA_0009,4.376,16000,test,LA_E_5796279_awgn-snr5
data/attacks/awgn-snr10/LA_E_5796279.wav,fake,la_p4fix,none,awgn-snr10,snr10,na,LA_0009,4.376,16000,test,LA_E_5796279_awgn-snr10
data/attacks/bandpass-300-3400/LA_E_5796279.wav,fake,la_p4fix,none,bandpass-300-3400,bandpass300-3400,na,LA_0009,4.376,16000,test,LA_E_5796279_bandpass-300-3400
data/attacks/reverb-rt60-0.4/LA_E_5796279.wav,fake,la_p4fix,none,reverb-rt60-0.4,rt60-0.4,na,LA_0009,4.376,16000,test,LA_E_5796279_reverb-rt60-0.4
data/attacks/speed0.9/LA_E_5796279.wav,fake,la_p4fix,none,speed0.9,speed0.9,na,LA_0009,4.862,16000,test,LA_E_5796279_speed0.9
data/attacks/mp3-64k/LA_E_2705435.wav,fake,la_p4fix,none,mp3-64k,mp3-64k,na,LA_0022,2.019,16000,test,LA_E_2705435_mp3-64k
data/attacks/aac-128k/LA_E_2705435.wav,fake,la_p4fix,none,aac-128k,aac-128k,na,LA_0022,2.048,16000,test,LA_E_2705435_aac-128k
data/attacks/opus-32k/LA_E_2705435.wav,fake,la_p4fix,none,opus-32k,opus-32k,na,LA_0022,2.018,16000,test,LA_E_2705435_opus-32k
data/attacks/g711-8k/LA_E_2705435.wav,fake,la_p4fix,none,g711-8k,g711-8k,na,LA_0022,2.018,16000,test,LA_E_2705435_g711-8k
data/attacks/awgn-snr5/LA_E_2705435.wav,fake,la_p4fix,none,awgn-snr5,snr5,na,LA_0022,2.018,16000,test,LA_E_2705435_awgn-snr5
data/attacks/awgn-snr10/LA_E_2705435.wav,fake,la_p4fix,none,awgn-snr10,snr10,na,LA_0022,2.018,16000,test,LA_E_2705435_awgn-snr10
data/attacks/bandpass-300-3400/LA_E_2705435.wav,fake,la_p4fix,none,bandpass-300-3400,bandpass300-3400,na,LA_0022,2.018,16000,test,LA_E_2705435_bandpass-300-3400
data/attacks/reverb-rt60-0.4/LA_E_2705435.wav,fake,la_p4fix,none,reverb-rt60-0.4,rt60-0.4,na,LA_0022,2.018,16000,test,LA_E_2705435_reverb-rt60-0.4
data/attacks/speed0.9/LA_E_2705435.wav,fake,la_p4fix,none,speed0.9,speed0.9,na,LA_0022,2.242,16000,test,LA_E_2705435_speed0.9
data/attacks/mp3-64k/LA_E_8010808.wav,fake,la_p4fix,none,mp3-64k,mp3-64k,na,LA_0021,1.112,16000,test,LA_E_8010808_mp3-64k
data/attacks/aac-128k/LA_E_8010808.wav,fake,la_p4fix,none,aac-128k,aac-128k,na,LA_0021,1.152,16000,test,LA_E_8010808_aac-128k
data/attacks/opus-32k/LA_E_8010808.wav,fake,la_p4fix,none,opus-32k,opus-32k,na,LA_0021,1.112,16000,test,LA_E_8010808_opus-32k
data/attacks/g711-8k/LA_E_8010808.wav,fake,la_p4fix,none,g711-8k,g711-8k,na,LA_0021,1.112,16000,test,LA_E_8010808_g711-8k
data/attacks/awgn-snr5/LA_E_8010808.wav,fake,la_p4fix,none,awgn-snr5,snr5,na,LA_0021,1.112,16000,test,LA_E_8010808_awgn-snr5
data/attacks/awgn-snr10/LA_E_8010808.wav,fake,la_p4fix,none,awgn-snr10,snr10,na,LA_0021,1.112,16000,test,LA_E_8010808_awgn-snr10
data/attacks/bandpass-300-3400/LA_E_8010808.wav,fake,la_p4fix,none,bandpass-300-3400,bandpass300-3400,na,LA_0021,1.112,16000,test,LA_E_8010808_bandpass-300-3400
data/attacks/reverb-rt60-0.4/LA_E_8010808.wav,fake,la_p4fix,none,reverb-rt60-0.4,rt60-0.4,na,LA_0021,1.112,16000,test,LA_E_8010808_reverb-rt60-0.4
data/attacks/speed0.9/LA_E_8010808.wav,fake,la_p4fix,none,speed0.9,speed0.9,na,LA_0021,1.236,16000,test,LA_E_8010808_speed0.9
data/attacks/mp3-64k/LA_E_3951410.wav,fake,la_p4fix,none,mp3-64k,mp3-64k,na,LA_0005,3.372,16000,test,LA_E_3951410_mp3-64k
data/attacks/aac-128k/LA_E_3951410.wav,fake,la_p4fix,none,aac-128k,aac-128k,na,LA_0005,3.392,16000,test,LA_E_3951410_aac-128k
data/attacks/opus-32k/LA_E_3951410.wav,fake,la_p4fix,none,opus-32k,opus-32k,na,LA_0005,3.372,16000,test,LA_E_3951410_opus-32k
data/attacks/g711-8k/LA_E_3951410.wav,fake,la_p4fix,none,g711-8k,g711-8k,na,LA_0005,3.372,16000,test,LA_E_3951410_g711-8k
data/attacks/awgn-snr5/LA_E_3951410.wav,fake,la_p4fix,none,awgn-snr5,snr5,na,LA_0005,3.372,16000,test,LA_E_3951410_awgn-snr5
data/attacks/awgn-snr10/LA_E_3951410.wav,fake,la_p4fix,none,awgn-snr10,snr10,na,LA_0005,3.372,16000,test,LA_E_3951410_awgn-snr10
data/attacks/bandpass-300-3400/LA_E_3951410.wav,fake,la_p4fix,none,bandpass-300-3400,bandpass300-3400,na,LA_0005,3.372,16000,test,LA_E_3951410_bandpass-300-3400
data/attacks/reverb-rt60-0.4/LA_E_3951410.wav,fake,la_p4fix,none,reverb-rt60-0.4,rt60-0.4,na,LA_0005,3.372,16000,test,LA_E_3951410_reverb-rt60-0.4
data/attacks/speed0.9/LA_E_3951410.wav,fake,la_p4fix,none,speed0.9,speed0.9,na,LA_0005,3.747,16000,test,LA_E_3951410_speed0.9
data/attacks/mp3-64k/LA_E_8339277.wav,fake,la_p4fix,none,mp3-64k,mp3-64k,na,LA_0045,2.622,16000,test,LA_E_8339277_mp3-64k
data/attacks/aac-128k/LA_E_8339277.wav,fake,la_p4fix,none,aac-128k,aac-128k,na,LA_0045,2.624,16000,test,LA_E_8339277_aac-128k
data/attacks/opus-32k/LA_E_8339277.wav,fake,la_p4fix,none,opus-32k,opus-32k,na,LA_0045,2.622,16000,test,LA_E_8339277_opus-32k
data/attacks/g711-8k/LA_E_8339277.wav,fake,la_p4fix,none,g711-8k,g711-8k,na,LA_0045,2.622,16000,test,LA_E_8339277_g711-8k
data/attacks/awgn-snr5/LA_E_8339277.wav,fake,la_p4fix,none,awgn-snr5,snr5,na,LA_0045,2.622,16000,test,LA_E_8339277_awgn-snr5
data/attacks/awgn-snr10/LA_E_8339277.wav,fake,la_p4fix,none,awgn-snr10,snr10,na,LA_0045,2.622,16000,test,LA_E_8339277_awgn-snr10
data/attacks/bandpass-300-3400/LA_E_8339277.wav,fake,la_p4fix,none,bandpass-300-3400,bandpass300-3400,na,LA_0045,2.622,16000,test,LA_E_8339277_bandpass-300-3400
data/attacks/reverb-rt60-0.4/LA_E_8339277.wav,fake,la_p4fix,none,reverb-rt60-0.4,rt60-0.4,na,LA_0045,2.622,16000,test,LA_E_8339277_reverb-rt60-0.4
data/attacks/speed0.9/LA_E_8339277.wav,fake,la_p4fix,none,speed0.9,speed0.9,na,LA_0045,2.913,16000,test,LA_E_8339277_speed0.9
data/attacks/mp3-64k/LA_E_9586482.wav,fake,la_p4fix,none,mp3-64k,mp3-64k,na,LA_0045,2.497,16000,test,LA_E_9586482_mp3-64k
data/attacks/aac-128k/LA_E_9586482.wav,fake,la_p4fix,none,aac-128k,aac-128k,na,LA_0045,2.56,16000,test,LA_E_9586482_aac-128k
data/attacks/opus-32k/LA_E_9586482.wav,fake,la_p4fix,none,opus-32k,opus-32k,na,LA_0045,2.497,16000,test,LA_E_9586482_opus-32k
data/attacks/g711-8k/LA_E_9586482.wav,fake,la_p4fix,none,g711-8k,g711-8k,na,LA_0045,2.497,16000,test,LA_E_9586482_g711-8k
data/attacks/awgn-snr5/LA_E_9586482.wav,fake,la_p4fix,none,awgn-snr5,snr5,na,LA_0045,2.497,16000,test,LA_E_9586482_awgn-snr5
data/attacks/awgn-snr10/LA_E_9586482.wav,fake,la_p4fix,none,awgn-snr10,snr10,na,LA_0045,2.497,16000,test,LA_E_9586482_awgn-snr10
data/attacks/bandpass-300-3400/LA_E_9586482.wav,fake,la_p4fix,none,bandpass-300-3400,bandpass300-3400,na,LA_0045,2.497,16000,test,LA_E_9586482_bandpass-300-3400
data/attacks/reverb-rt60-0.4/LA_E_9586482.wav,fake,la_p4fix,none,reverb-rt60-0.4,rt60-0.4,na,LA_0045,2.497,16000,test,LA_E_9586482_reverb-rt60-0.4
data/attacks/speed0.9/LA_E_9586482.wav,fake,la_p4fix,none,speed0.9,speed0.9,na,LA_0045,2.774,16000,test,LA_E_9586482_speed0.9
data/attacks/mp3-64k/LA_E_8410320.wav,fake,la_p4fix,none,mp3-64k,mp3-64k,na,LA_0007,3.351,16000,test,LA_E_8410320_mp3-64k
data/attacks/aac-128k/LA_E_8410320.wav,fake,la_p4fix,none,aac-128k,aac-128k,na,LA_0007,3.392,16000,test,LA_E_8410320_aac-128k
data/attacks/opus-32k/LA_E_8410320.wav,fake,la_p4fix,none,opus-32k,opus-32k,na,LA_0007,3.351,16000,test,LA_E_8410320_opus-32k
data/attacks/g711-8k/LA_E_8410320.wav,fake,la_p4fix,none,g711-8k,g711-8k,na,LA_0007,3.351,16000,test,LA_E_8410320_g711-8k
data/attacks/awgn-snr5/LA_E_8410320.wav,fake,la_p4fix,none,awgn-snr5,snr5,na,LA_0007,3.351,16000,test,LA_E_8410320_awgn-snr5
data/attacks/awgn-snr10/LA_E_8410320.wav,fake,la_p4fix,none,awgn-snr10,snr10,na,LA_0007,3.351,16000,test,LA_E_8410320_awgn-snr10
data/attacks/bandpass-300-3400/LA_E_8410320.wav,fake,la_p4fix,none,bandpass-300-3400,bandpass300-3400,na,LA_0007,3.351,16000,test,LA_E_8410320_bandpass-300-3400
data/attacks/reverb-rt60-0.4/LA_E_8410320.wav,fake,la_p4fix,none,reverb-rt60-0.4,rt60-0.4,na,LA_0007,3.351,16000,test,LA_E_8410320_reverb-rt60-0.4
data/attacks/speed0.9/LA_E_8410320.wav,fake,la_p4fix,none,speed0.9,speed0.9,na,LA_0007,3.723,16000,test,LA_E_8410320_speed0.9
data/attacks/mp3-64k/LA_E_1432178.wav,fake,la_p4fix,none,mp3-64k,mp3-64k,na,LA_0010,2.843,16000,test,LA_E_1432178_mp3-64k
data/attacks/aac-128k/LA_E_1432178.wav,fake,la_p4fix,none,aac-128k,aac-128k,na,LA_0010,2.88,16000,test,LA_E_1432178_aac-128k
data/attacks/opus-32k/LA_E_1432178.wav,fake,la_p4fix,none,opus-32k,opus-32k,na,LA_0010,2.843,16000,test,LA_E_1432178_opus-32k
data/attacks/g711-8k/LA_E_1432178.wav,fake,la_p4fix,none,g711-8k,g711-8k,na,LA_0010,2.843,16000,test,LA_E_1432178_g711-8k
data/attacks/awgn-snr5/LA_E_1432178.wav,fake,la_p4fix,none,awgn-snr5,snr5,na,LA_0010,2.843,16000,test,LA_E_1432178_awgn-snr5
data/attacks/awgn-snr10/LA_E_1432178.wav,fake,la_p4fix,none,awgn-snr10,snr10,na,LA_0010,2.843,16000,test,LA_E_1432178_awgn-snr10
data/attacks/bandpass-300-3400/LA_E_1432178.wav,fake,la_p4fix,none,bandpass-300-3400,bandpass300-3400,na,LA_0010,2.843,16000,test,LA_E_1432178_bandpass-300-3400
data/attacks/reverb-rt60-0.4/LA_E_1432178.wav,fake,la_p4fix,none,reverb-rt60-0.4,rt60-0.4,na,LA_0010,2.843,16000,test,LA_E_1432178_reverb-rt60-0.4
data/attacks/speed0.9/LA_E_1432178.wav,fake,la_p4fix,none,speed0.9,speed0.9,na,LA_0010,3.159,16000,test,LA_E_1432178_speed0.9
data/attacks/mp3-64k/LA_E_5282234.wav,fake,la_p4fix,none,mp3-64k,mp3-64k,na,LA_0044,4.031,16000,test,LA_E_5282234_mp3-64k
data/attacks/aac-128k/LA_E_5282234.wav,fake,la_p4fix,none,aac-128k,aac-128k,na,LA_0044,4.032,16000,test,LA_E_5282234_aac-128k
data/attacks/opus-32k/LA_E_5282234.wav,fake,la_p4fix,none,opus-32k,opus-32k,na,LA_0044,4.031,16000,test,LA_E_5282234_opus-32k
data/attacks/g711-8k/LA_E_5282234.wav,fake,la_p4fix,none,g711-8k,g711-8k,na,LA_0044,4.031,16000,test,LA_E_5282234_g711-8k
data/attacks/awgn-snr5/LA_E_5282234.wav,fake,la_p4fix,none,awgn-snr5,snr5,na,LA_0044,4.031,16000,test,LA_E_5282234_awgn-snr5
data/attacks/awgn-snr10/LA_E_5282234.wav,fake,la_p4fix,none,awgn-snr10,snr10,na,LA_0044,4.031,16000,test,LA_E_5282234_awgn-snr10
data/attacks/bandpass-300-3400/LA_E_5282234.wav,fake,la_p4fix,none,bandpass-300-3400,bandpass300-3400,na,LA_0044,4.031,16000,test,LA_E_5282234_bandpass-300-3400
data/attacks/reverb-rt60-0.4/LA_E_5282234.wav,fake,la_p4fix,none,reverb-rt60-0.4,rt60-0.4,na,LA_0044,4.031,16000,test,LA_E_5282234_reverb-rt60-0.4
data/attacks/speed0.9/LA_E_5282234.wav,fake,la_p4fix,none,speed0.9,speed0.9,na,LA_0044,4.479,16000,test,LA_E_5282234_speed0.9
data/attacks/mp3-64k/LA_E_1085160.wav,fake,la_p4fix,none,mp3-64k,mp3-64k,na,LA_0012,3.079,16000,test,LA_E_1085160_mp3-64k
data/attacks/aac-128k/LA_E_1085160.wav,fake,la_p4fix,none,aac-128k,aac-128k,na,LA_0012,3.136,16000,test,LA_E_1085160_aac-128k
data/attacks/opus-32k/LA_E_1085160.wav,fake,la_p4fix,none,opus-32k,opus-32k,na,LA_0012,3.079,16000,test,LA_E_1085160_opus-32k
data/attacks/g711-8k/LA_E_1085160.wav,fake,la_p4fix,none,g711-8k,g711-8k,na,LA_0012,3.079,16000,test,LA_E_1085160_g711-8k
data/attacks/awgn-snr5/LA_E_1085160.wav,fake,la_p4fix,none,awgn-snr5,snr5,na,LA_0012,3.079,16000,test,LA_E_1085160_awgn-snr5
data/attacks/awgn-snr10/LA_E_1085160.wav,fake,la_p4fix,none,awgn-snr10,snr10,na,LA_0012,3.079,16000,test,LA_E_1085160_awgn-snr10
data/attacks/bandpass-300-3400/LA_E_1085160.wav,fake,la_p4fix,none,bandpass-300-3400,bandpass300-3400,na,LA_0012,3.079,16000,test,LA_E_1085160_bandpass-300-3400
data/attacks/reverb-rt60-0.4/LA_E_1085160.wav,fake,la_p4fix,none,reverb-rt60-0.4,rt60-0.4,na,LA_0012,3.079,16000,test,LA_E_1085160_reverb-rt60-0.4
data/attacks/speed0.9/LA_E_1085160.wav,fake,la_p4fix,none,speed0.9,speed0.9,na,LA_0012,3.421,16000,test,LA_E_1085160_speed0.9
data/attacks/mp3-64k/LA_E_1482185.wav,fake,la_p4fix,none,mp3-64k,mp3-64k,na,LA_0019,1.013,16000,test,LA_E_1482185_mp3-64k
data/attacks/aac-128k/LA_E_1482185.wav,fake,la_p4fix,none,aac-128k,aac-128k,na,LA_0019,1.024,16000,test,LA_E_1482185_aac-128k
data/attacks/opus-32k/LA_E_1482185.wav,fake,la_p4fix,none,opus-32k,opus-32k,na,LA_0019,1.013,16000,test,LA_E_1482185_opus-32k
data/attacks/g711-8k/LA_E_1482185.wav,fake,la_p4fix,none,g711-8k,g711-8k,na,LA_0019,1.013,16000,test,LA_E_1482185_g711-8k
data/attacks/awgn-snr5/LA_E_1482185.wav,fake,la_p4fix,none,awgn-snr5,snr5,na,LA_0019,1.013,16000,test,LA_E_1482185_awgn-snr5
data/attacks/awgn-snr10/LA_E_1482185.wav,fake,la_p4fix,none,awgn-snr10,snr10,na,LA_0019,1.013,16000,test,LA_E_1482185_awgn-snr10
data/attacks/bandpass-300-3400/LA_E_1482185.wav,fake,la_p4fix,none,bandpass-300-3400,bandpass300-3400,na,LA_0019,1.013,16000,test,LA_E_1482185_bandpass-300-3400
data/attacks/reverb-rt60-0.4/LA_E_1482185.wav,fake,la_p4fix,none,reverb-rt60-0.4,rt60-0.4,na,LA_0019,1.013,16000,test,LA_E_1482185_reverb-rt60-0.4
data/attacks/speed0.9/LA_E_1482185.wav,fake,la_p4fix,none,speed0.9,speed0.9,na,LA_0019,1.126,16000,test,LA_E_1482185_speed0.9
data/attacks/mp3-64k/LA_E_5014178.wav,fake,la_p4fix,none,mp3-64k,mp3-64k,na,LA_0015,2.823,16000,test,LA_E_5014178_mp3-64k
data/attacks/aac-128k/LA_E_5014178.wav,fake,la_p4fix,none,aac-128k,aac-128k,na,LA_0015,2.88,16000,test,LA_E_5014178_aac-128k
data/attacks/opus-32k/LA_E_5014178.wav,fake,la_p4fix,none,opus-32k,opus-32k,na,LA_0015,2.823,16000,test,LA_E_5014178_opus-32k
data/attacks/g711-8k/LA_E_5014178.wav,fake,la_p4fix,none,g711-8k,g711-8k,na,LA_0015,2.823,16000,test,LA_E_5014178_g711-8k
data/attacks/awgn-snr5/LA_E_5014178.wav,fake,la_p4fix,none,awgn-snr5,snr5,na,LA_0015,2.823,16000,test,LA_E_5014178_awgn-snr5
data/attacks/awgn-snr10/LA_E_5014178.wav,fake,la_p4fix,none,awgn-snr10,snr10,na,LA_0015,2.823,16000,test,LA_E_5014178_awgn-snr10
data/attacks/bandpass-300-3400/LA_E_5014178.wav,fake,la_p4fix,none,bandpass-300-3400,bandpass300-3400,na,LA_0015,2.823,16000,test,LA_E_5014178_bandpass-300-3400
data/attacks/reverb-rt60-0.4/LA_E_5014178.wav,fake,la_p4fix,none,reverb-rt60-0.4,rt60-0.4,na,LA_0015,2.823,16000,test,LA_E_5014178_reverb-rt60-0.4
data/attacks/speed0.9/LA_E_5014178.wav,fake,la_p4fix,none,speed0.9,speed0.9,na,LA_0015,3.137,16000,test,LA_E_5014178_speed0.9
data/attacks/mp3-64k/LA_E_3759500.wav,fake,la_p4fix,none,mp3-64k,mp3-64k,na,LA_0042,3.936,16000,test,LA_E_3759500_mp3-64k
data/attacks/aac-128k/LA_E_3759500.wav,fake,la_p4fix,none,aac-128k,aac-128k,na,LA_0042,3.968,16000,test,LA_E_3759500_aac-128k
data/attacks/opus-32k/LA_E_3759500.wav,fake,la_p4fix,none,opus-32k,opus-32k,na,LA_0042,3.936,16000,test,LA_E_3759500_opus-32k
data/attacks/g711-8k/LA_E_3759500.wav,fake,la_p4fix,none,g711-8k,g711-8k,na,LA_0042,3.936,16000,test,LA_E_3759500_g711-8k
data/attacks/awgn-snr5/LA_E_3759500.wav,fake,la_p4fix,none,awgn-snr5,snr5,na,LA_0042,3.936,16000,test,LA_E_3759500_awgn-snr5
data/attacks/awgn-snr10/LA_E_3759500.wav,fake,la_p4fix,none,awgn-snr10,snr10,na,LA_0042,3.936,16000,test,LA_E_3759500_awgn-snr10
data/attacks/bandpass-300-3400/LA_E_3759500.wav,fake,la_p4fix,none,bandpass-300-3400,bandpass300-3400,na,LA_0042,3.936,16000,test,LA_E_3759500_bandpass-300-3400
data/attacks/reverb-rt60-0.4/LA_E_3759500.wav,fake,la_p4fix,none,reverb-rt60-0.4,rt60-0.4,na,LA_0042,3.936,16000,test,LA_E_3759500_reverb-rt60-0.4
data/attacks/speed0.9/LA_E_3759500.wav,fake,la_p4fix,none,speed0.9,speed0.9,na,LA_0042,4.373,16000,test,LA_E_3759500_speed0.9
data/attacks/mp3-64k/LA_E_4029572.wav,fake,la_p4fix,none,mp3-64k,mp3-64k,na,LA_0047,3.561,16000,test,LA_E_4029572_mp3-64k
data/attacks/aac-128k/LA_E_4029572.wav,fake,la_p4fix,none,aac-128k,aac-128k,na,LA_0047,3.584,16000,test,LA_E_4029572_aac-128k
data/attacks/opus-32k/LA_E_4029572.wav,fake,la_p4fix,none,opus-32k,opus-32k,na,LA_0047,3.561,16000,test,LA_E_4029572_opus-32k
data/attacks/g711-8k/LA_E_4029572.wav,fake,la_p4fix,none,g711-8k,g711-8k,na,LA_0047,3.561,16000,test,LA_E_4029572_g711-8k
data/attacks/awgn-snr5/LA_E_4029572.wav,fake,la_p4fix,none,awgn-snr5,snr5,na,LA_0047,3.561,16000,test,LA_E_4029572_awgn-snr5
data/attacks/awgn-snr10/LA_E_4029572.wav,fake,la_p4fix,none,awgn-snr10,snr10,na,LA_0047,3.561,16000,test,LA_E_4029572_awgn-snr10
data/attacks/bandpass-300-3400/LA_E_4029572.wav,fake,la_p4fix,none,bandpass-300-3400,bandpass300-3400,na,LA_0047,3.561,16000,test,LA_E_4029572_bandpass-300-3400
data/attacks/reverb-rt60-0.4/LA_E_4029572.wav,fake,la_p4fix,none,reverb-rt60-0.4,rt60-0.4,na,LA_0047,3.561,16000,test,LA_E_4029572_reverb-rt60-0.4
data/attacks/speed0.9/LA_E_4029572.wav,fake,la_p4fix,none,speed0.9,speed0.9,na,LA_0047,3.957,16000,test,LA_E_4029572_speed0.9
data/attacks/mp3-64k/LA_E_9037285.wav,fake,la_p4fix,none,mp3-64k,mp3-64k,na,LA_0045,2.037,16000,test,LA_E_9037285_mp3-64k
data/attacks/aac-128k/LA_E_9037285.wav,fake,la_p4fix,none,aac-128k,aac-128k,na,LA_0045,2.048,16000,test,LA_E_9037285_aac-128k
data/attacks/opus-32k/LA_E_9037285.wav,fake,la_p4fix,none,opus-32k,opus-32k,na,LA_0045,2.037,16000,test,LA_E_9037285_opus-32k
data/attacks/g711-8k/LA_E_9037285.wav,fake,la_p4fix,none,g711-8k,g711-8k,na,LA_0045,2.037,16000,test,LA_E_9037285_g711-8k
data/attacks/awgn-snr5/LA_E_9037285.wav,fake,la_p4fix,none,awgn-snr5,snr5,na,LA_0045,2.037,16000,test,LA_E_9037285_awgn-snr5
data/attacks/awgn-snr10/LA_E_9037285.wav,fake,la_p4fix,none,awgn-snr10,snr10,na,LA_0045,2.037,16000,test,LA_E_9037285_awgn-snr10
data/attacks/bandpass-300-3400/LA_E_9037285.wav,fake,la_p4fix,none,bandpass-300-3400,bandpass300-3400,na,LA_0045,2.037,16000,test,LA_E_9037285_bandpass-300-3400
data/attacks/reverb-rt60-0.4/LA_E_9037285.wav,fake,la_p4fix,none,reverb-rt60-0.4,rt60-0.4,na,LA_0045,2.037,16000,test,LA_E_9037285_reverb-rt60-0.4
data/attacks/speed0.9/LA_E_9037285.wav,fake,la_p4fix,none,speed0.9,speed0.9,na,LA_0045,2.263,16000,test,LA_E_9037285_speed0.9
data/attacks/mp3-64k/LA_E_8556190.wav,fake,la_p4fix,none,mp3-64k,mp3-64k,na,LA_0020,2.595,16000,test,LA_E_8556190_mp3-64k
data/attacks/aac-128k/LA_E_8556190.wav,fake,la_p4fix,none,aac-128k,aac-128k,na,LA_0020,2.624,16000,test,LA_E_8556190_aac-128k
data/attacks/opus-32k/LA_E_8556190.wav,fake,la_p4fix,none,opus-32k,opus-32k,na,LA_0020,2.594,16000,test,LA_E_8556190_opus-32k
data/attacks/g711-8k/LA_E_8556190.wav,fake,la_p4fix,none,g711-8k,g711-8k,na,LA_0020,2.594,16000,test,LA_E_8556190_g711-8k
data/attacks/awgn-snr5/LA_E_8556190.wav,fake,la_p4fix,none,awgn-snr5,snr5,na,LA_0020,2.594,16000,test,LA_E_8556190_awgn-snr5
data/attacks/awgn-snr10/LA_E_8556190.wav,fake,la_p4fix,none,awgn-snr10,snr10,na,LA_0020,2.594,16000,test,LA_E_8556190_awgn-snr10
data/attacks/bandpass-300-3400/LA_E_8556190.wav,fake,la_p4fix,none,bandpass-300-3400,bandpass300-3400,na,LA_0020,2.594,16000,test,LA_E_8556190_bandpass-300-3400
data/attacks/reverb-rt60-0.4/LA_E_8556190.wav,fake,la_p4fix,none,reverb-rt60-0.4,rt60-0.4,na,LA_0020,2.594,16000,test,LA_E_8556190_reverb-rt60-0.4
data/attacks/speed0.9/LA_E_8556190.wav,fake,la_p4fix,none,speed0.9,speed0.9,na,LA_0020,2.882,16000,test,LA_E_8556190_speed0.9
data/attacks/mp3-64k/LA_E_9894302.wav,fake,la_p4fix,none,mp3-64k,mp3-64k,na,LA_0021,2.633,16000,test,LA_E_9894302_mp3-64k
data/attacks/aac-128k/LA_E_9894302.wav,fake,la_p4fix,none,aac-128k,aac-128k,na,LA_0021,2.688,16000,test,LA_E_9894302_aac-128k
data/attacks/opus-32k/LA_E_9894302.wav,fake,la_p4fix,none,opus-32k,opus-32k,na,LA_0021,2.633,16000,test,LA_E_9894302_opus-32k
data/attacks/g711-8k/LA_E_9894302.wav,fake,la_p4fix,none,g711-8k,g711-8k,na,LA_0021,2.633,16000,test,LA_E_9894302_g711-8k
data/attacks/awgn-snr5/LA_E_9894302.wav,fake,la_p4fix,none,awgn-snr5,snr5,na,LA_0021,2.633,16000,test,LA_E_9894302_awgn-snr5
data/attacks/awgn-snr10/LA_E_9894302.wav,fake,la_p4fix,none,awgn-snr10,snr10,na,LA_0021,2.633,16000,test,LA_E_9894302_awgn-snr10
data/attacks/bandpass-300-3400/LA_E_9894302.wav,fake,la_p4fix,none,bandpass-300-3400,bandpass300-3400,na,LA_0021,2.633,16000,test,LA_E_9894302_bandpass-300-3400
data/attacks/reverb-rt60-0.4/LA_E_9894302.wav,fake,la_p4fix,none,reverb-rt60-0.4,rt60-0.4,na,LA_0021,2.633,16000,test,LA_E_9894302_reverb-rt60-0.4
data/attacks/speed0.9/LA_E_9894302.wav,fake,la_p4fix,none,speed0.9,speed0.9,na,LA_0021,2.926,16000,test,LA_E_9894302_speed0.9
data/attacks/mp3-64k/LA_E_2671418.wav,fake,la_p4fix,none,mp3-64k,mp3-64k,na,LA_0012,2.898,16000,test,LA_E_2671418_mp3-64k
data/attacks/aac-128k/LA_E_2671418.wav,fake,la_p4fix,none,aac-128k,aac-128k,na,LA_0012,2.944,16000,test,LA_E_2671418_aac-128k
data/attacks/opus-32k/LA_E_2671418.wav,fake,la_p4fix,none,opus-32k,opus-32k,na,LA_0012,2.898,16000,test,LA_E_2671418_opus-32k
data/attacks/g711-8k/LA_E_2671418.wav,fake,la_p4fix,none,g711-8k,g711-8k,na,LA_0012,2.898,16000,test,LA_E_2671418_g711-8k
data/attacks/awgn-snr5/LA_E_2671418.wav,fake,la_p4fix,none,awgn-snr5,snr5,na,LA_0012,2.898,16000,test,LA_E_2671418_awgn-snr5
data/attacks/awgn-snr10/LA_E_2671418.wav,fake,la_p4fix,none,awgn-snr10,snr10,na,LA_0012,2.898,16000,test,LA_E_2671418_awgn-snr10
data/attacks/bandpass-300-3400/LA_E_2671418.wav,fake,la_p4fix,none,bandpass-300-3400,bandpass300-3400,na,LA_0012,2.898,16000,test,LA_E_2671418_bandpass-300-3400
data/attacks/reverb-rt60-0.4/LA_E_2671418.wav,fake,la_p4fix,none,reverb-rt60-0.4,rt60-0.4,na,LA_0012,2.898,16000,test,LA_E_2671418_reverb-rt60-0.4
data/attacks/speed0.9/LA_E_2671418.wav,fake,la_p4fix,none,speed0.9,speed0.9,na,LA_0012,3.221,16000,test,LA_E_2671418_speed0.9
data/attacks/mp3-64k/LA_E_4543364.wav,fake,la_p4fix,none,mp3-64k,mp3-64k,na,LA_0022,1.458,16000,test,LA_E_4543364_mp3-64k
data/attacks/aac-128k/LA_E_4543364.wav,fake,la_p4fix,none,aac-128k,aac-128k,na,LA_0022,1.472,16000,test,LA_E_4543364_aac-128k
data/attacks/opus-32k/LA_E_4543364.wav,fake,la_p4fix,none,opus-32k,opus-32k,na,LA_0022,1.458,16000,test,LA_E_4543364_opus-32k
data/attacks/g711-8k/LA_E_4543364.wav,fake,la_p4fix,none,g711-8k,g711-8k,na,LA_0022,1.458,16000,test,LA_E_4543364_g711-8k
data/attacks/awgn-snr5/LA_E_4543364.wav,fake,la_p4fix,none,awgn-snr5,snr5,na,LA_0022,1.458,16000,test,LA_E_4543364_awgn-snr5
data/attacks/awgn-snr10/LA_E_4543364.wav,fake,la_p4fix,none,awgn-snr10,snr10,na,LA_0022,1.458,16000,test,LA_E_4543364_awgn-snr10
data/attacks/bandpass-300-3400/LA_E_4543364.wav,fake,la_p4fix,none,bandpass-300-3400,bandpass300-3400,na,LA_0022,1.458,16000,test,LA_E_4543364_bandpass-300-3400
data/attacks/reverb-rt60-0.4/LA_E_4543364.wav,fake,la_p4fix,none,reverb-rt60-0.4,rt60-0.4,na,LA_0022,1.458,16000,test,LA_E_4543364_reverb-rt60-0.4
data/attacks/speed0.9/LA_E_4543364.wav,fake,la_p4fix,none,speed0.9,speed0.9,na,LA_0022,1.62,16000,test,LA_E_4543364_speed0.9
data/attacks/mp3-64k/LA_E_1882518.wav,fake,la_p4fix,none,mp3-64k,mp3-64k,na,LA_0006,2.716,16000,test,LA_E_1882518_mp3-64k
data/attacks/aac-128k/LA_E_1882518.wav,fake,la_p4fix,none,aac-128k,aac-128k,na,LA_0006,2.752,16000,test,LA_E_1882518_aac-128k
data/attacks/opus-32k/LA_E_1882518.wav,fake,la_p4fix,none,opus-32k,opus-32k,na,LA_0006,2.716,16000,test,LA_E_1882518_opus-32k
data/attacks/g711-8k/LA_E_1882518.wav,fake,la_p4fix,none,g711-8k,g711-8k,na,LA_0006,2.716,16000,test,LA_E_1882518_g711-8k
data/attacks/awgn-snr5/LA_E_1882518.wav,fake,la_p4fix,none,awgn-snr5,snr5,na,LA_0006,2.716,16000,test,LA_E_1882518_awgn-snr5
data/attacks/awgn-snr10/LA_E_1882518.wav,fake,la_p4fix,none,awgn-snr10,snr10,na,LA_0006,2.716,16000,test,LA_E_1882518_awgn-snr10
data/attacks/bandpass-300-3400/LA_E_1882518.wav,fake,la_p4fix,none,bandpass-300-3400,bandpass300-3400,na,LA_0006,2.716,16000,test,LA_E_1882518_bandpass-300-3400
data/attacks/reverb-rt60-0.4/LA_E_1882518.wav,fake,la_p4fix,none,reverb-rt60-0.4,rt60-0.4,na,LA_0006,2.716,16000,test,LA_E_1882518_reverb-rt60-0.4
data/attacks/speed0.9/LA_E_1882518.wav,fake,la_p4fix,none,speed0.9,speed0.9,na,LA_0006,3.017,16000,test,LA_E_1882518_speed0.9
data/attacks/mp3-64k/LA_E_9329367.wav,fake,la_p4fix,none,mp3-64k,mp3-64k,na,LA_0026,1.54,16000,test,LA_E_9329367_mp3-64k
data/attacks/aac-128k/LA_E_9329367.wav,fake,la_p4fix,none,aac-128k,aac-128k,na,LA_0026,1.6,16000,test,LA_E_9329367_aac-128k
data/attacks/opus-32k/LA_E_9329367.wav,fake,la_p4fix,none,opus-32k,opus-32k,na,LA_0026,1.54,16000,test,LA_E_9329367_opus-32k
data/attacks/g711-8k/LA_E_9329367.wav,fake,la_p4fix,none,g711-8k,g711-8k,na,LA_0026,1.54,16000,test,LA_E_9329367_g711-8k
data/attacks/awgn-snr5/LA_E_9329367.wav,fake,la_p4fix,none,awgn-snr5,snr5,na,LA_0026,1.54,16000,test,LA_E_9329367_awgn-snr5
data/attacks/awgn-snr10/LA_E_9329367.wav,fake,la_p4fix,none,awgn-snr10,snr10,na,LA_0026,1.54,16000,test,LA_E_9329367_awgn-snr10
data/attacks/bandpass-300-3400/LA_E_9329367.wav,fake,la_p4fix,none,bandpass-300-3400,bandpass300-3400,na,LA_0026,1.54,16000,test,LA_E_9329367_bandpass-300-3400
data/attacks/reverb-rt60-0.4/LA_E_9329367.wav,fake,la_p4fix,none,reverb-rt60-0.4,rt60-0.4,na,LA_0026,1.54,16000,test,LA_E_9329367_reverb-rt60-0.4
data/attacks/speed0.9/LA_E_9329367.wav,fake,la_p4fix,none,speed0.9,speed0.9,na,LA_0026,1.712,16000,test,LA_E_9329367_speed0.9
data/attacks/mp3-64k/LA_E_2153356.wav,fake,la_p4fix,none,mp3-64k,mp3-64k,na,LA_0021,4.314,16000,test,LA_E_2153356_mp3-64k
data/attacks/aac-128k/LA_E_2153356.wav,fake,la_p4fix,none,aac-128k,aac-128k,na,LA_0021,4.352,16000,test,LA_E_2153356_aac-128k
data/attacks/opus-32k/LA_E_2153356.wav,fake,la_p4fix,none,opus-32k,opus-32k,na,LA_0021,4.314,16000,test,LA_E_2153356_opus-32k
data/attacks/g711-8k/LA_E_2153356.wav,fake,la_p4fix,none,g711-8k,g711-8k,na,LA_0021,4.314,16000,test,LA_E_2153356_g711-8k
data/attacks/awgn-snr5/LA_E_2153356.wav,fake,la_p4fix,none,awgn-snr5,snr5,na,LA_0021,4.314,16000,test,LA_E_2153356_awgn-snr5
data/attacks/awgn-snr10/LA_E_2153356.wav,fake,la_p4fix,none,awgn-snr10,snr10,na,LA_0021,4.314,16000,test,LA_E_2153356_awgn-snr10
data/attacks/bandpass-300-3400/LA_E_2153356.wav,fake,la_p4fix,none,bandpass-300-3400,bandpass300-3400,na,LA_0021,4.314,16000,test,LA_E_2153356_bandpass-300-3400
data/attacks/reverb-rt60-0.4/LA_E_2153356.wav,fake,la_p4fix,none,reverb-rt60-0.4,rt60-0.4,na,LA_0021,4.314,16000,test,LA_E_2153356_reverb-rt60-0.4
data/attacks/speed0.9/LA_E_2153356.wav,fake,la_p4fix,none,speed0.9,speed0.9,na,LA_0021,4.793,16000,test,LA_E_2153356_speed0.9
data/attacks/mp3-64k/LA_E_1737979.wav,fake,la_p4fix,none,mp3-64k,mp3-64k,na,LA_0021,1.414,16000,test,LA_E_1737979_mp3-64k
data/attacks/aac-128k/LA_E_1737979.wav,fake,la_p4fix,none,aac-128k,aac-128k,na,LA_0021,1.472,16000,test,LA_E_1737979_aac-128k
data/attacks/opus-32k/LA_E_1737979.wav,fake,la_p4fix,none,opus-32k,opus-32k,na,LA_0021,1.414,16000,test,LA_E_1737979_opus-32k
data/attacks/g711-8k/LA_E_1737979.wav,fake,la_p4fix,none,g711-8k,g711-8k,na,LA_0021,1.414,16000,test,LA_E_1737979_g711-8k
data/attacks/awgn-snr5/LA_E_1737979.wav,fake,la_p4fix,none,awgn-snr5,snr5,na,LA_0021,1.414,16000,test,LA_E_1737979_awgn-snr5
data/attacks/awgn-snr10/LA_E_1737979.wav,fake,la_p4fix,none,awgn-snr10,snr10,na,LA_0021,1.414,16000,test,LA_E_1737979_awgn-snr10
data/attacks/bandpass-300-3400/LA_E_1737979.wav,fake,la_p4fix,none,bandpass-300-3400,bandpass300-3400,na,LA_0021,1.414,16000,test,LA_E_1737979_bandpass-300-3400
data/attacks/reverb-rt60-0.4/LA_E_1737979.wav,fake,la_p4fix,none,reverb-rt60-0.4,rt60-0.4,na,LA_0021,1.414,16000,test,LA_E_1737979_reverb-rt60-0.4
data/attacks/speed0.9/LA_E_1737979.wav,fake,la_p4fix,none,speed0.9,speed0.9,na,LA_0021,1.571,16000,test,LA_E_1737979_speed0.9
data/attacks/mp3-64k/LA_E_2091775.wav,fake,la_p4fix,none,mp3-64k,mp3-64k,na,LA_0036,5.374,16000,test,LA_E_2091775_mp3-64k
data/attacks/aac-128k/LA_E_2091775.wav,fake,la_p4fix,none,aac-128k,aac-128k,na,LA_0036,5.376,16000,test,LA_E_2091775_aac-128k
data/attacks/opus-32k/LA_E_2091775.wav,fake,la_p4fix,none,opus-32k,opus-32k,na,LA_0036,5.374,16000,test,LA_E_2091775_opus-32k
data/attacks/g711-8k/LA_E_2091775.wav,fake,la_p4fix,none,g711-8k,g711-8k,na,LA_0036,5.374,16000,test,LA_E_2091775_g711-8k
data/attacks/awgn-snr5/LA_E_2091775.wav,fake,la_p4fix,none,awgn-snr5,snr5,na,LA_0036,5.374,16000,test,LA_E_2091775_awgn-snr5
data/attacks/awgn-snr10/LA_E_2091775.wav,fake,la_p4fix,none,awgn-snr10,snr10,na,LA_0036,5.374,16000,test,LA_E_2091775_awgn-snr10
data/attacks/bandpass-300-3400/LA_E_2091775.wav,fake,la_p4fix,none,bandpass-300-3400,bandpass300-3400,na,LA_0036,5.374,16000,test,LA_E_2091775_bandpass-300-3400
data/attacks/reverb-rt60-0.4/LA_E_2091775.wav,fake,la_p4fix,none,reverb-rt60-0.4,rt60-0.4,na,LA_0036,5.374,16000,test,LA_E_2091775_reverb-rt60-0.4
data/attacks/speed0.9/LA_E_2091775.wav,fake,la_p4fix,none,speed0.9,speed0.9,na,LA_0036,5.971,16000,test,LA_E_2091775_speed0.9
data/attacks/mp3-64k/LA_E_9687232.wav,fake,la_p4fix,none,mp3-64k,mp3-64k,na,LA_0011,3.557,16000,test,LA_E_9687232_mp3-64k
data/attacks/aac-128k/LA_E_9687232.wav,fake,la_p4fix,none,aac-128k,aac-128k,na,LA_0011,3.584,16000,test,LA_E_9687232_aac-128k
data/attacks/opus-32k/LA_E_9687232.wav,fake,la_p4fix,none,opus-32k,opus-32k,na,LA_0011,3.557,16000,test,LA_E_9687232_opus-32k
data/attacks/g711-8k/LA_E_9687232.wav,fake,la_p4fix,none,g711-8k,g711-8k,na,LA_0011,3.557,16000,test,LA_E_9687232_g711-8k
data/attacks/awgn-snr5/LA_E_9687232.wav,fake,la_p4fix,none,awgn-snr5,snr5,na,LA_0011,3.557,16000,test,LA_E_9687232_awgn-snr5
data/attacks/awgn-snr10/LA_E_9687232.wav,fake,la_p4fix,none,awgn-snr10,snr10,na,LA_0011,3.557,16000,test,LA_E_9687232_awgn-snr10
data/attacks/bandpass-300-3400/LA_E_9687232.wav,fake,la_p4fix,none,bandpass-300-3400,bandpass300-3400,na,LA_0011,3.557,16000,test,LA_E_9687232_bandpass-300-3400
data/attacks/reverb-rt60-0.4/LA_E_9687232.wav,fake,la_p4fix,none,reverb-rt60-0.4,rt60-0.4,na,LA_0011,3.557,16000,test,LA_E_9687232_reverb-rt60-0.4
data/attacks/speed0.9/LA_E_9687232.wav,fake,la_p4fix,none,speed0.9,speed0.9,na,LA_0011,3.952,16000,test,LA_E_9687232_speed0.9
data/attacks/mp3-64k/LA_E_7611313.wav,fake,la_p4fix,none,mp3-64k,mp3-64k,na,LA_0042,1.362,16000,test,LA_E_7611313_mp3-64k
data/attacks/aac-128k/LA_E_7611313.wav,fake,la_p4fix,none,aac-128k,aac-128k,na,LA_0042,1.408,16000,test,LA_E_7611313_aac-128k
data/attacks/opus-32k/LA_E_7611313.wav,fake,la_p4fix,none,opus-32k,opus-32k,na,LA_0042,1.362,16000,test,LA_E_7611313_opus-32k
data/attacks/g711-8k/LA_E_7611313.wav,fake,la_p4fix,none,g711-8k,g711-8k,na,LA_0042,1.362,16000,test,LA_E_7611313_g711-8k
data/attacks/awgn-snr5/LA_E_7611313.wav,fake,la_p4fix,none,awgn-snr5,snr5,na,LA_0042,1.362,16000,test,LA_E_7611313_awgn-snr5
data/attacks/awgn-snr10/LA_E_7611313.wav,fake,la_p4fix,none,awgn-snr10,snr10,na,LA_0042,1.362,16000,test,LA_E_7611313_awgn-snr10
data/attacks/bandpass-300-3400/LA_E_7611313.wav,fake,la_p4fix,none,bandpass-300-3400,bandpass300-3400,na,LA_0042,1.362,16000,test,LA_E_7611313_bandpass-300-3400
data/attacks/reverb-rt60-0.4/LA_E_7611313.wav,fake,la_p4fix,none,reverb-rt60-0.4,rt60-0.4,na,LA_0042,1.362,16000,test,LA_E_7611313_reverb-rt60-0.4
data/attacks/speed0.9/LA_E_7611313.wav,fake,la_p4fix,none,speed0.9,speed0.9,na,LA_0042,1.514,16000,test,LA_E_7611313_speed0.9
data/attacks/mp3-64k/LA_E_6533240.wav,fake,la_p4fix,none,mp3-64k,mp3-64k,na,LA_0039,2.699,16000,test,LA_E_6533240_mp3-64k
data/attacks/aac-128k/LA_E_6533240.wav,fake,la_p4fix,none,aac-128k,aac-128k,na,LA_0039,2.752,16000,test,LA_E_6533240_aac-128k
data/attacks/opus-32k/LA_E_6533240.wav,fake,la_p4fix,none,opus-32k,opus-32k,na,LA_0039,2.699,16000,test,LA_E_6533240_opus-32k
data/attacks/g711-8k/LA_E_6533240.wav,fake,la_p4fix,none,g711-8k,g711-8k,na,LA_0039,2.699,16000,test,LA_E_6533240_g711-8k
data/attacks/awgn-snr5/LA_E_6533240.wav,fake,la_p4fix,none,awgn-snr5,snr5,na,LA_0039,2.699,16000,test,LA_E_6533240_awgn-snr5
data/attacks/awgn-snr10/LA_E_6533240.wav,fake,la_p4fix,none,awgn-snr10,snr10,na,LA_0039,2.699,16000,test,LA_E_6533240_awgn-snr10
data/attacks/bandpass-300-3400/LA_E_6533240.wav,fake,la_p4fix,none,bandpass-300-3400,bandpass300-3400,na,LA_0039,2.699,16000,test,LA_E_6533240_bandpass-300-3400
data/attacks/reverb-rt60-0.4/LA_E_6533240.wav,fake,la_p4fix,none,reverb-rt60-0.4,rt60-0.4,na,LA_0039,2.699,16000,test,LA_E_6533240_reverb-rt60-0.4
data/attacks/speed0.9/LA_E_6533240.wav,fake,la_p4fix,none,speed0.9,speed0.9,na,LA_0039,2.998,16000,test,LA_E_6533240_speed0.9
data/attacks/mp3-64k/LA_E_5994236.wav,fake,la_p4fix,none,mp3-64k,mp3-64k,na,LA_0018,2.585,16000,test,LA_E_5994236_mp3-64k
data/attacks/aac-128k/LA_E_5994236.wav,fake,la_p4fix,none,aac-128k,aac-128k,na,LA_0018,2.624,16000,test,LA_E_5994236_aac-128k
data/attacks/opus-32k/LA_E_5994236.wav,fake,la_p4fix,none,opus-32k,opus-32k,na,LA_0018,2.585,16000,test,LA_E_5994236_opus-32k
data/attacks/g711-8k/LA_E_5994236.wav,fake,la_p4fix,none,g711-8k,g711-8k,na,LA_0018,2.585,16000,test,LA_E_5994236_g711-8k
data/attacks/awgn-snr5/LA_E_5994236.wav,fake,la_p4fix,none,awgn-snr5,snr5,na,LA_0018,2.585,16000,test,LA_E_5994236_awgn-snr5
data/attacks/awgn-snr10/LA_E_5994236.wav,fake,la_p4fix,none,awgn-snr10,snr10,na,LA_0018,2.585,16000,test,LA_E_5994236_awgn-snr10
data/attacks/bandpass-300-3400/LA_E_5994236.wav,fake,la_p4fix,none,bandpass-300-3400,bandpass300-3400,na,LA_0018,2.585,16000,test,LA_E_5994236_bandpass-300-3400
data/attacks/reverb-rt60-0.4/LA_E_5994236.wav,fake,la_p4fix,none,reverb-rt60-0.4,rt60-0.4,na,LA_0018,2.585,16000,test,LA_E_5994236_reverb-rt60-0.4
data/attacks/speed0.9/LA_E_5994236.wav,fake,la_p4fix,none,speed0.9,speed0.9,na,LA_0018,2.872,16000,test,LA_E_5994236_speed0.9
data/attacks/mp3-64k/LA_E_3866050.wav,fake,la_p4fix,none,mp3-64k,mp3-64k,na,LA_0009,2.415,16000,test,LA_E_3866050_mp3-64k
data/attacks/aac-128k/LA_E_3866050.wav,fake,la_p4fix,none,aac-128k,aac-128k,na,LA_0009,2.432,16000,test,LA_E_3866050_aac-128k
data/attacks/opus-32k/LA_E_3866050.wav,fake,la_p4fix,none,opus-32k,opus-32k,na,LA_0009,2.415,16000,test,LA_E_3866050_opus-32k
data/attacks/g711-8k/LA_E_3866050.wav,fake,la_p4fix,none,g711-8k,g711-8k,na,LA_0009,2.415,16000,test,LA_E_3866050_g711-8k
data/attacks/awgn-snr5/LA_E_3866050.wav,fake,la_p4fix,none,awgn-snr5,snr5,na,LA_0009,2.415,16000,test,LA_E_3866050_awgn-snr5
data/attacks/awgn-snr10/LA_E_3866050.wav,fake,la_p4fix,none,awgn-snr10,snr10,na,LA_0009,2.415,16000,test,LA_E_3866050_awgn-snr10
data/attacks/bandpass-300-3400/LA_E_3866050.wav,fake,la_p4fix,none,bandpass-300-3400,bandpass300-3400,na,LA_0009,2.415,16000,test,LA_E_3866050_bandpass-300-3400
data/attacks/reverb-rt60-0.4/LA_E_3866050.wav,fake,la_p4fix,none,reverb-rt60-0.4,rt60-0.4,na,LA_0009,2.415,16000,test,LA_E_3866050_reverb-rt60-0.4
data/attacks/speed0.9/LA_E_3866050.wav,fake,la_p4fix,none,speed0.9,speed0.9,na,LA_0009,2.683,16000,test,LA_E_3866050_speed0.9
data/attacks/mp3-64k/LA_E_1249523.wav,fake,la_p4fix,none,mp3-64k,mp3-64k,na,LA_0004,4.019,16000,test,LA_E_1249523_mp3-64k
data/attacks/aac-128k/LA_E_1249523.wav,fake,la_p4fix,none,aac-128k,aac-128k,na,LA_0004,4.032,16000,test,LA_E_1249523_aac-128k
data/attacks/opus-32k/LA_E_1249523.wav,fake,la_p4fix,none,opus-32k,opus-32k,na,LA_0004,4.019,16000,test,LA_E_1249523_opus-32k
data/attacks/g711-8k/LA_E_1249523.wav,fake,la_p4fix,none,g711-8k,g711-8k,na,LA_0004,4.019,16000,test,LA_E_1249523_g711-8k
data/attacks/awgn-snr5/LA_E_1249523.wav,fake,la_p4fix,none,awgn-snr5,snr5,na,LA_0004,4.019,16000,test,LA_E_1249523_awgn-snr5
data/attacks/awgn-snr10/LA_E_1249523.wav,fake,la_p4fix,none,awgn-snr10,snr10,na,LA_0004,4.019,16000,test,LA_E_1249523_awgn-snr10
data/attacks/bandpass-300-3400/LA_E_1249523.wav,fake,la_p4fix,none,bandpass-300-3400,bandpass300-3400,na,LA_0004,4.019,16000,test,LA_E_1249523_bandpass-300-3400
data/attacks/reverb-rt60-0.4/LA_E_1249523.wav,fake,la_p4fix,none,reverb-rt60-0.4,rt60-0.4,na,LA_0004,4.019,16000,test,LA_E_1249523_reverb-rt60-0.4
data/attacks/speed0.9/LA_E_1249523.wav,fake,la_p4fix,none,speed0.9,speed0.9,na,LA_0004,4.465,16000,test,LA_E_1249523_speed0.9
data/attacks/mp3-64k/LA_E_1100866.wav,fake,la_p4fix,none,mp3-64k,mp3-64k,na,LA_0012,4.966,16000,test,LA_E_1100866_mp3-64k
data/attacks/aac-128k/LA_E_1100866.wav,fake,la_p4fix,none,aac-128k,aac-128k,na,LA_0012,4.992,16000,test,LA_E_1100866_aac-128k
data/attacks/opus-32k/LA_E_1100866.wav,fake,la_p4fix,none,opus-32k,opus-32k,na,LA_0012,4.966,16000,test,LA_E_1100866_opus-32k
data/attacks/g711-8k/LA_E_1100866.wav,fake,la_p4fix,none,g711-8k,g711-8k,na,LA_0012,4.966,16000,test,LA_E_1100866_g711-8k
data/attacks/awgn-snr5/LA_E_1100866.wav,fake,la_p4fix,none,awgn-snr5,snr5,na,LA_0012,4.966,16000,test,LA_E_1100866_awgn-snr5
data/attacks/awgn-snr10/LA_E_1100866.wav,fake,la_p4fix,none,awgn-snr10,snr10,na,LA_0012,4.966,16000,test,LA_E_1100866_awgn-snr10
data/attacks/bandpass-300-3400/LA_E_1100866.wav,fake,la_p4fix,none,bandpass-300-3400,bandpass300-3400,na,LA_0012,4.966,16000,test,LA_E_1100866_bandpass-300-3400
data/attacks/reverb-rt60-0.4/LA_E_1100866.wav,fake,la_p4fix,none,reverb-rt60-0.4,rt60-0.4,na,LA_0012,4.966,16000,test,LA_E_1100866_reverb-rt60-0.4
data/attacks/speed0.9/LA_E_1100866.wav,fake,la_p4fix,none,speed0.9,speed0.9,na,LA_0012,5.518,16000,test,LA_E_1100866_speed0.9
data/attacks/mp3-64k/LA_E_5199773.wav,fake,la_p4fix,none,mp3-64k,mp3-64k,na,LA_0025,2.744,16000,test,LA_E_5199773_mp3-64k
data/attacks/aac-128k/LA_E_5199773.wav,fake,la_p4fix,none,aac-128k,aac-128k,na,LA_0025,2.752,16000,test,LA_E_5199773_aac-128k
data/attacks/opus-32k/LA_E_5199773.wav,fake,la_p4fix,none,opus-32k,opus-32k,na,LA_0025,2.744,16000,test,LA_E_5199773_opus-32k
data/attacks/g711-8k/LA_E_5199773.wav,fake,la_p4fix,none,g711-8k,g711-8k,na,LA_0025,2.744,16000,test,LA_E_5199773_g711-8k
data/attacks/awgn-snr5/LA_E_5199773.wav,fake,la_p4fix,none,awgn-snr5,snr5,na,LA_0025,2.744,16000,test,LA_E_5199773_awgn-snr5
data/attacks/awgn-snr10/LA_E_5199773.wav,fake,la_p4fix,none,awgn-snr10,snr10,na,LA_0025,2.744,16000,test,LA_E_5199773_awgn-snr10
data/attacks/bandpass-300-3400/LA_E_5199773.wav,fake,la_p4fix,none,bandpass-300-3400,bandpass300-3400,na,LA_0025,2.744,16000,test,LA_E_5199773_bandpass-300-3400
data/attacks/reverb-rt60-0.4/LA_E_5199773.wav,fake,la_p4fix,none,reverb-rt60-0.4,rt60-0.4,na,LA_0025,2.744,16000,test,LA_E_5199773_reverb-rt60-0.4
data/attacks/speed0.9/LA_E_5199773.wav,fake,la_p4fix,none,speed0.9,speed0.9,na,LA_0025,3.049,16000,test,LA_E_5199773_speed0.9
data/attacks/mp3-64k/LA_E_2004751.wav,fake,la_p4fix,none,mp3-64k,mp3-64k,na,LA_0022,2.3,16000,test,LA_E_2004751_mp3-64k
data/attacks/aac-128k/LA_E_2004751.wav,fake,la_p4fix,none,aac-128k,aac-128k,na,LA_0022,2.304,16000,test,LA_E_2004751_aac-128k
data/attacks/opus-32k/LA_E_2004751.wav,fake,la_p4fix,none,opus-32k,opus-32k,na,LA_0022,2.3,16000,test,LA_E_2004751_opus-32k
data/attacks/g711-8k/LA_E_2004751.wav,fake,la_p4fix,none,g711-8k,g711-8k,na,LA_0022,2.3,16000,test,LA_E_2004751_g711-8k
data/attacks/awgn-snr5/LA_E_2004751.wav,fake,la_p4fix,none,awgn-snr5,snr5,na,LA_0022,2.3,16000,test,LA_E_2004751_awgn-snr5
data/attacks/awgn-snr10/LA_E_2004751.wav,fake,la_p4fix,none,awgn-snr10,snr10,na,LA_0022,2.3,16000,test,LA_E_2004751_awgn-snr10
data/attacks/bandpass-300-3400/LA_E_2004751.wav,fake,la_p4fix,none,bandpass-300-3400,bandpass300-3400,na,LA_0022,2.3,16000,test,LA_E_2004751_bandpass-300-3400
data/attacks/reverb-rt60-0.4/LA_E_2004751.wav,fake,la_p4fix,none,reverb-rt60-0.4,rt60-0.4,na,LA_0022,2.3,16000,test,LA_E_2004751_reverb-rt60-0.4
data/attacks/speed0.9/LA_E_2004751.wav,fake,la_p4fix,none,speed0.9,speed0.9,na,LA_0022,2.555,16000,test,LA_E_2004751_speed0.9
data/attacks/mp3-64k/LA_E_4551406.wav,fake,la_p4fix,none,mp3-64k,mp3-64k,na,LA_0017,1.17,16000,test,LA_E_4551406_mp3-64k
data/attacks/aac-128k/LA_E_4551406.wav,fake,la_p4fix,none,aac-128k,aac-128k,na,LA_0017,1.216,16000,test,LA_E_4551406_aac-128k
data/attacks/opus-32k/LA_E_4551406.wav,fake,la_p4fix,none,opus-32k,opus-32k,na,LA_0017,1.17,16000,test,LA_E_4551406_opus-32k
data/attacks/g711-8k/LA_E_4551406.wav,fake,la_p4fix,none,g711-8k,g711-8k,na,LA_0017,1.17,16000,test,LA_E_4551406_g711-8k
data/attacks/awgn-snr5/LA_E_4551406.wav,fake,la_p4fix,none,awgn-snr5,snr5,na,LA_0017,1.17,16000,test,LA_E_4551406_awgn-snr5
data/attacks/awgn-snr10/LA_E_4551406.wav,fake,la_p4fix,none,awgn-snr10,snr10,na,LA_0017,1.17,16000,test,LA_E_4551406_awgn-snr10
data/attacks/bandpass-300-3400/LA_E_4551406.wav,fake,la_p4fix,none,bandpass-300-3400,bandpass300-3400,na,LA_0017,1.17,16000,test,LA_E_4551406_bandpass-300-3400
data/attacks/reverb-rt60-0.4/LA_E_4551406.wav,fake,la_p4fix,none,reverb-rt60-0.4,rt60-0.4,na,LA_0017,1.17,16000,test,LA_E_4551406_reverb-rt60-0.4
data/attacks/speed0.9/LA_E_4551406.wav,fake,la_p4fix,none,speed0.9,speed0.9,na,LA_0017,1.3,16000,test,LA_E_4551406_speed0.9
data/attacks/mp3-64k/LA_E_9336393.wav,fake,la_p4fix,none,mp3-64k,mp3-64k,na,LA_0028,0.934,16000,test,LA_E_9336393_mp3-64k
data/attacks/aac-128k/LA_E_9336393.wav,fake,la_p4fix,none,aac-128k,aac-128k,na,LA_0028,0.96,16000,test,LA_E_9336393_aac-128k
data/attacks/opus-32k/LA_E_9336393.wav,fake,la_p4fix,none,opus-32k,opus-32k,na,LA_0028,0.934,16000,test,LA_E_9336393_opus-32k
data/attacks/g711-8k/LA_E_9336393.wav,fake,la_p4fix,none,g711-8k,g711-8k,na,LA_0028,0.934,16000,test,LA_E_9336393_g711-8k
data/attacks/awgn-snr5/LA_E_9336393.wav,fake,la_p4fix,none,awgn-snr5,snr5,na,LA_0028,0.934,16000,test,LA_E_9336393_awgn-snr5
data/attacks/awgn-snr10/LA_E_9336393.wav,fake,la_p4fix,none,awgn-snr10,snr10,na,LA_0028,0.934,16000,test,LA_E_9336393_awgn-snr10
data/attacks/bandpass-300-3400/LA_E_9336393.wav,fake,la_p4fix,none,bandpass-300-3400,bandpass300-3400,na,LA_0028,0.934,16000,test,LA_E_9336393_bandpass-300-3400
data/attacks/reverb-rt60-0.4/LA_E_9336393.wav,fake,la_p4fix,none,reverb-rt60-0.4,rt60-0.4,na,LA_0028,0.934,16000,test,LA_E_9336393_reverb-rt60-0.4
data/attacks/speed0.9/LA_E_9336393.wav,fake,la_p4fix,none,speed0.9,speed0.9,na,LA_0028,1.038,16000,test,LA_E_9336393_speed0.9
data/attacks/mp3-64k/LA_E_1940786.wav,fake,la_p4fix,none,mp3-64k,mp3-64k,na,LA_0022,2.941,16000,test,LA_E_1940786_mp3-64k
data/attacks/aac-128k/LA_E_1940786.wav,fake,la_p4fix,none,aac-128k,aac-128k,na,LA_0022,2.944,16000,test,LA_E_1940786_aac-128k
data/attacks/opus-32k/LA_E_1940786.wav,fake,la_p4fix,none,opus-32k,opus-32k,na,LA_0022,2.941,16000,test,LA_E_1940786_opus-32k
data/attacks/g711-8k/LA_E_1940786.wav,fake,la_p4fix,none,g711-8k,g711-8k,na,LA_0022,2.941,16000,test,LA_E_1940786_g711-8k
data/attacks/awgn-snr5/LA_E_1940786.wav,fake,la_p4fix,none,awgn-snr5,snr5,na,LA_0022,2.941,16000,test,LA_E_1940786_awgn-snr5
data/attacks/awgn-snr10/LA_E_1940786.wav,fake,la_p4fix,none,awgn-snr10,snr10,na,LA_0022,2.941,16000,test,LA_E_1940786_awgn-snr10
data/attacks/bandpass-300-3400/LA_E_1940786.wav,fake,la_p4fix,none,bandpass-300-3400,bandpass300-3400,na,LA_0022,2.941,16000,test,LA_E_1940786_bandpass-300-3400
data/attacks/reverb-rt60-0.4/LA_E_1940786.wav,fake,la_p4fix,none,reverb-rt60-0.4,rt60-0.4,na,LA_0022,2.941,16000,test,LA_E_1940786_reverb-rt60-0.4
data/attacks/speed0.9/LA_E_1940786.wav,fake,la_p4fix,none,speed0.9,speed0.9,na,LA_0022,3.267,16000,test,LA_E_1940786_speed0.9
data/attacks/mp3-64k/LA_E_3915302.wav,fake,la_p4fix,none,mp3-64k,mp3-64k,na,LA_0027,5.704,16000,test,LA_E_3915302_mp3-64k
data/attacks/aac-128k/LA_E_3915302.wav,fake,la_p4fix,none,aac-128k,aac-128k,na,LA_0027,5.76,16000,test,LA_E_3915302_aac-128k
data/attacks/opus-32k/LA_E_3915302.wav,fake,la_p4fix,none,opus-32k,opus-32k,na,LA_0027,5.704,16000,test,LA_E_3915302_opus-32k
data/attacks/g711-8k/LA_E_3915302.wav,fake,la_p4fix,none,g711-8k,g711-8k,na,LA_0027,5.704,16000,test,LA_E_3915302_g711-8k
data/attacks/awgn-snr5/LA_E_3915302.wav,fake,la_p4fix,none,awgn-snr5,snr5,na,LA_0027,5.704,16000,test,LA_E_3915302_awgn-snr5
data/attacks/awgn-snr10/LA_E_3915302.wav,fake,la_p4fix,none,awgn-snr10,snr10,na,LA_0027,5.704,16000,test,LA_E_3915302_awgn-snr10
data/attacks/bandpass-300-3400/LA_E_3915302.wav,fake,la_p4fix,none,bandpass-300-3400,bandpass300-3400,na,LA_0027,5.704,16000,test,LA_E_3915302_bandpass-300-3400
data/attacks/reverb-rt60-0.4/LA_E_3915302.wav,fake,la_p4fix,none,reverb-rt60-0.4,rt60-0.4,na,LA_0027,5.704,16000,test,LA_E_3915302_reverb-rt60-0.4
data/attacks/speed0.9/LA_E_3915302.wav,fake,la_p4fix,none,speed0.9,speed0.9,na,LA_0027,6.338,16000,test,LA_E_3915302_speed0.9
data/attacks/mp3-64k/LA_E_9725707.wav,fake,la_p4fix,none,mp3-64k,mp3-64k,na,LA_0001,0.863,16000,test,LA_E_9725707_mp3-64k
data/attacks/aac-128k/LA_E_9725707.wav,fake,la_p4fix,none,aac-128k,aac-128k,na,LA_0001,0.896,16000,test,LA_E_9725707_aac-128k
data/attacks/opus-32k/LA_E_9725707.wav,fake,la_p4fix,none,opus-32k,opus-32k,na,LA_0001,0.863,16000,test,LA_E_9725707_opus-32k
data/attacks/g711-8k/LA_E_9725707.wav,fake,la_p4fix,none,g711-8k,g711-8k,na,LA_0001,0.863,16000,test,LA_E_9725707_g711-8k
data/attacks/awgn-snr5/LA_E_9725707.wav,fake,la_p4fix,none,awgn-snr5,snr5,na,LA_0001,0.863,16000,test,LA_E_9725707_awgn-snr5
data/attacks/awgn-snr10/LA_E_9725707.wav,fake,la_p4fix,none,awgn-snr10,snr10,na,LA_0001,0.863,16000,test,LA_E_9725707_awgn-snr10
data/attacks/bandpass-300-3400/LA_E_9725707.wav,fake,la_p4fix,none,bandpass-300-3400,bandpass300-3400,na,LA_0001,0.863,16000,test,LA_E_9725707_bandpass-300-3400
data/attacks/reverb-rt60-0.4/LA_E_9725707.wav,fake,la_p4fix,none,reverb-rt60-0.4,rt60-0.4,na,LA_0001,0.863,16000,test,LA_E_9725707_reverb-rt60-0.4
data/attacks/speed0.9/LA_E_9725707.wav,fake,la_p4fix,none,speed0.9,speed0.9,na,LA_0001,0.959,16000,test,LA_E_9725707_speed0.9
data/attacks/mp3-64k/LA_E_1672645.wav,fake,la_p4fix,none,mp3-64k,mp3-64k,na,LA_0029,1.731,16000,test,LA_E_1672645_mp3-64k
data/attacks/aac-128k/LA_E_1672645.wav,fake,la_p4fix,none,aac-128k,aac-128k,na,LA_0029,1.792,16000,test,LA_E_1672645_aac-128k
data/attacks/opus-32k/LA_E_1672645.wav,fake,la_p4fix,none,opus-32k,opus-32k,na,LA_0029,1.729,16000,test,LA_E_1672645_opus-32k
data/attacks/g711-8k/LA_E_1672645.wav,fake,la_p4fix,none,g711-8k,g711-8k,na,LA_0029,1.729,16000,test,LA_E_1672645_g711-8k
data/attacks/awgn-snr5/LA_E_1672645.wav,fake,la_p4fix,none,awgn-snr5,snr5,na,LA_0029,1.729,16000,test,LA_E_1672645_awgn-snr5
data/attacks/awgn-snr10/LA_E_1672645.wav,fake,la_p4fix,none,awgn-snr10,snr10,na,LA_0029,1.729,16000,test,LA_E_1672645_awgn-snr10
data/attacks/bandpass-300-3400/LA_E_1672645.wav,fake,la_p4fix,none,bandpass-300-3400,bandpass300-3400,na,LA_0029,1.729,16000,test,LA_E_1672645_bandpass-300-3400
data/attacks/reverb-rt60-0.4/LA_E_1672645.wav,fake,la_p4fix,none,reverb-rt60-0.4,rt60-0.4,na,LA_0029,1.729,16000,test,LA_E_1672645_reverb-rt60-0.4
data/attacks/speed0.9/LA_E_1672645.wav,fake,la_p4fix,none,speed0.9,speed0.9,na,LA_0029,1.921,16000,test,LA_E_1672645_speed0.9
data/attacks/mp3-64k/LA_E_9811156.wav,fake,la_p4fix,none,mp3-64k,mp3-64k,na,LA_0031,1.767,16000,test,LA_E_9811156_mp3-64k
data/attacks/aac-128k/LA_E_9811156.wav,fake,la_p4fix,none,aac-128k,aac-128k,na,LA_0031,1.792,16000,test,LA_E_9811156_aac-128k
data/attacks/opus-32k/LA_E_9811156.wav,fake,la_p4fix,none,opus-32k,opus-32k,na,LA_0031,1.765,16000,test,LA_E_9811156_opus-32k
data/attacks/g711-8k/LA_E_9811156.wav,fake,la_p4fix,none,g711-8k,g711-8k,na,LA_0031,1.765,16000,test,LA_E_9811156_g711-8k
data/attacks/awgn-snr5/LA_E_9811156.wav,fake,la_p4fix,none,awgn-snr5,snr5,na,LA_0031,1.765,16000,test,LA_E_9811156_awgn-snr5
data/attacks/awgn-snr10/LA_E_9811156.wav,fake,la_p4fix,none,awgn-snr10,snr10,na,LA_0031,1.765,16000,test,LA_E_9811156_awgn-snr10
data/attacks/bandpass-300-3400/LA_E_9811156.wav,fake,la_p4fix,none,bandpass-300-3400,bandpass300-3400,na,LA_0031,1.765,16000,test,LA_E_9811156_bandpass-300-3400
data/attacks/reverb-rt60-0.4/LA_E_9811156.wav,fake,la_p4fix,none,reverb-rt60-0.4,rt60-0.4,na,LA_0031,1.765,16000,test,LA_E_9811156_reverb-rt60-0.4
data/attacks/speed0.9/LA_E_9811156.wav,fake,la_p4fix,none,speed0.9,speed0.9,na,LA_0031,1.961,16000,test,LA_E_9811156_speed0.9
data/attacks/mp3-64k/LA_E_1167299.wav,fake,la_p4fix,none,mp3-64k,mp3-64k,na,LA_0047,4.327,16000,test,LA_E_1167299_mp3-64k
data/attacks/aac-128k/LA_E_1167299.wav,fake,la_p4fix,none,aac-128k,aac-128k,na,LA_0047,4.352,16000,test,LA_E_1167299_aac-128k
data/attacks/opus-32k/LA_E_1167299.wav,fake,la_p4fix,none,opus-32k,opus-32k,na,LA_0047,4.327,16000,test,LA_E_1167299_opus-32k
data/attacks/g711-8k/LA_E_1167299.wav,fake,la_p4fix,none,g711-8k,g711-8k,na,LA_0047,4.327,16000,test,LA_E_1167299_g711-8k
data/attacks/awgn-snr5/LA_E_1167299.wav,fake,la_p4fix,none,awgn-snr5,snr5,na,LA_0047,4.327,16000,test,LA_E_1167299_awgn-snr5
data/attacks/awgn-snr10/LA_E_1167299.wav,fake,la_p4fix,none,awgn-snr10,snr10,na,LA_0047,4.327,16000,test,LA_E_1167299_awgn-snr10
data/attacks/bandpass-300-3400/LA_E_1167299.wav,fake,la_p4fix,none,bandpass-300-3400,bandpass300-3400,na,LA_0047,4.327,16000,test,LA_E_1167299_bandpass-300-3400
data/attacks/reverb-rt60-0.4/LA_E_1167299.wav,fake,la_p4fix,none,reverb-rt60-0.4,rt60-0.4,na,LA_0047,4.327,16000,test,LA_E_1167299_reverb-rt60-0.4
data/attacks/speed0.9/LA_E_1167299.wav,fake,la_p4fix,none,speed0.9,speed0.9,na,LA_0047,4.808,16000,test,LA_E_1167299_speed0.9
data/attacks/mp3-64k/LA_E_8929354.wav,fake,la_p4fix,none,mp3-64k,mp3-64k,na,LA_0020,5.73,16000,test,LA_E_8929354_mp3-64k
data/attacks/aac-128k/LA_E_8929354.wav,fake,la_p4fix,none,aac-128k,aac-128k,na,LA_0020,5.76,16000,test,LA_E_8929354_aac-128k
data/attacks/opus-32k/LA_E_8929354.wav,fake,la_p4fix,none,opus-32k,opus-32k,na,LA_0020,5.73,16000,test,LA_E_8929354_opus-32k
data/attacks/g711-8k/LA_E_8929354.wav,fake,la_p4fix,none,g711-8k,g711-8k,na,LA_0020,5.73,16000,test,LA_E_8929354_g711-8k
data/attacks/awgn-snr5/LA_E_8929354.wav,fake,la_p4fix,none,awgn-snr5,snr5,na,LA_0020,5.73,16000,test,LA_E_8929354_awgn-snr5
data/attacks/awgn-snr10/LA_E_8929354.wav,fake,la_p4fix,none,awgn-snr10,snr10,na,LA_0020,5.73,16000,test,LA_E_8929354_awgn-snr10
data/attacks/bandpass-300-3400/LA_E_8929354.wav,fake,la_p4fix,none,bandpass-300-3400,bandpass300-3400,na,LA_0020,5.73,16000,test,LA_E_8929354_bandpass-300-3400
data/attacks/reverb-rt60-0.4/LA_E_8929354.wav,fake,la_p4fix,none,reverb-rt60-0.4,rt60-0.4,na,LA_0020,5.73,16000,test,LA_E_8929354_reverb-rt60-0.4
data/attacks/speed0.9/LA_E_8929354.wav,fake,la_p4fix,none,speed0.9,speed0.9,na,LA_0020,6.367,16000,test,LA_E_8929354_speed0.9
data/attacks/mp3-64k/LA_E_3264738.wav,fake,la_p4fix,none,mp3-64k,mp3-64k,na,LA_0020,2.097,16000,test,LA_E_3264738_mp3-64k
data/attacks/aac-128k/LA_E_3264738.wav,fake,la_p4fix,none,aac-128k,aac-128k,na,LA_0020,2.112,16000,test,LA_E_3264738_aac-128k
data/attacks/opus-32k/LA_E_3264738.wav,fake,la_p4fix,none,opus-32k,opus-32k,na,LA_0020,2.097,16000,test,LA_E_3264738_opus-32k
data/attacks/g711-8k/LA_E_3264738.wav,fake,la_p4fix,none,g711-8k,g711-8k,na,LA_0020,2.097,16000,test,LA_E_3264738_g711-8k
data/attacks/awgn-snr5/LA_E_3264738.wav,fake,la_p4fix,none,awgn-snr5,snr5,na,LA_0020,2.097,16000,test,LA_E_3264738_awgn-snr5
data/attacks/awgn-snr10/LA_E_3264738.wav,fake,la_p4fix,none,awgn-snr10,snr10,na,LA_0020,2.097,16000,test,LA_E_3264738_awgn-snr10
data/attacks/bandpass-300-3400/LA_E_3264738.wav,fake,la_p4fix,none,bandpass-300-3400,bandpass300-3400,na,LA_0020,2.097,16000,test,LA_E_3264738_bandpass-300-3400
data/attacks/reverb-rt60-0.4/LA_E_3264738.wav,fake,la_p4fix,none,reverb-rt60-0.4,rt60-0.4,na,LA_0020,2.097,16000,test,LA_E_3264738_reverb-rt60-0.4
data/attacks/speed0.9/LA_E_3264738.wav,fake,la_p4fix,none,speed0.9,speed0.9,na,LA_0020,2.33,16000,test,LA_E_3264738_speed0.9
data/attacks/mp3-64k/LA_E_2121248.wav,fake,la_p4fix,none,mp3-64k,mp3-64k,na,LA_0019,2.902,16000,test,LA_E_2121248_mp3-64k
data/attacks/aac-128k/LA_E_2121248.wav,fake,la_p4fix,none,aac-128k,aac-128k,na,LA_0019,2.944,16000,test,LA_E_2121248_aac-128k
data/attacks/opus-32k/LA_E_2121248.wav,fake,la_p4fix,none,opus-32k,opus-32k,na,LA_0019,2.902,16000,test,LA_E_2121248_opus-32k
data/attacks/g711-8k/LA_E_2121248.wav,fake,la_p4fix,none,g711-8k,g711-8k,na,LA_0019,2.902,16000,test,LA_E_2121248_g711-8k
data/attacks/awgn-snr5/LA_E_2121248.wav,fake,la_p4fix,none,awgn-snr5,snr5,na,LA_0019,2.902,16000,test,LA_E_2121248_awgn-snr5
data/attacks/awgn-snr10/LA_E_2121248.wav,fake,la_p4fix,none,awgn-snr10,snr10,na,LA_0019,2.902,16000,test,LA_E_2121248_awgn-snr10
data/attacks/bandpass-300-3400/LA_E_2121248.wav,fake,la_p4fix,none,bandpass-300-3400,bandpass300-3400,na,LA_0019,2.902,16000,test,LA_E_2121248_bandpass-300-3400
data/attacks/reverb-rt60-0.4/LA_E_2121248.wav,fake,la_p4fix,none,reverb-rt60-0.4,rt60-0.4,na,LA_0019,2.902,16000,test,LA_E_2121248_reverb-rt60-0.4
data/attacks/speed0.9/LA_E_2121248.wav,fake,la_p4fix,none,speed0.9,speed0.9,na,LA_0019,3.224,16000,test,LA_E_2121248_speed0.9
data/attacks/mp3-64k/LA_E_4023030.wav,fake,la_p4fix,none,mp3-64k,mp3-64k,na,LA_0033,2.051,16000,test,LA_E_4023030_mp3-64k
data/attacks/aac-128k/LA_E_4023030.wav,fake,la_p4fix,none,aac-128k,aac-128k,na,LA_0033,2.112,16000,test,LA_E_4023030_aac-128k
data/attacks/opus-32k/LA_E_4023030.wav,fake,la_p4fix,none,opus-32k,opus-32k,na,LA_0033,2.051,16000,test,LA_E_4023030_opus-32k
data/attacks/g711-8k/LA_E_4023030.wav,fake,la_p4fix,none,g711-8k,g711-8k,na,LA_0033,2.051,16000,test,LA_E_4023030_g711-8k
data/attacks/awgn-snr5/LA_E_4023030.wav,fake,la_p4fix,none,awgn-snr5,snr5,na,LA_0033,2.051,16000,test,LA_E_4023030_awgn-snr5
data/attacks/awgn-snr10/LA_E_4023030.wav,fake,la_p4fix,none,awgn-snr10,snr10,na,LA_0033,2.051,16000,test,LA_E_4023030_awgn-snr10
data/attacks/bandpass-300-3400/LA_E_4023030.wav,fake,la_p4fix,none,bandpass-300-3400,bandpass300-3400,na,LA_0033,2.051,16000,test,LA_E_4023030_bandpass-300-3400
data/attacks/reverb-rt60-0.4/LA_E_4023030.wav,fake,la_p4fix,none,reverb-rt60-0.4,rt60-0.4,na,LA_0033,2.051,16000,test,LA_E_4023030_reverb-rt60-0.4
data/attacks/speed0.9/LA_E_4023030.wav,fake,la_p4fix,none,speed0.9,speed0.9,na,LA_0033,2.279,16000,test,LA_E_4023030_speed0.9
data/attacks/mp3-64k/LA_E_5689554.wav,fake,la_p4fix,none,mp3-64k,mp3-64k,na,LA_0017,1.004,16000,test,LA_E_5689554_mp3-64k
data/attacks/aac-128k/LA_E_5689554.wav,fake,la_p4fix,none,aac-128k,aac-128k,na,LA_0017,1.024,16000,test,LA_E_5689554_aac-128k
data/attacks/opus-32k/LA_E_5689554.wav,fake,la_p4fix,none,opus-32k,opus-32k,na,LA_0017,1.004,16000,test,LA_E_5689554_opus-32k
data/attacks/g711-8k/LA_E_5689554.wav,fake,la_p4fix,none,g711-8k,g711-8k,na,LA_0017,1.004,16000,test,LA_E_5689554_g711-8k
data/attacks/awgn-snr5/LA_E_5689554.wav,fake,la_p4fix,none,awgn-snr5,snr5,na,LA_0017,1.004,16000,test,LA_E_5689554_awgn-snr5
data/attacks/awgn-snr10/LA_E_5689554.wav,fake,la_p4fix,none,awgn-snr10,snr10,na,LA_0017,1.004,16000,test,LA_E_5689554_awgn-snr10
data/attacks/bandpass-300-3400/LA_E_5689554.wav,fake,la_p4fix,none,bandpass-300-3400,bandpass300-3400,na,LA_0017,1.004,16000,test,LA_E_5689554_bandpass-300-3400
data/attacks/reverb-rt60-0.4/LA_E_5689554.wav,fake,la_p4fix,none,reverb-rt60-0.4,rt60-0.4,na,LA_0017,1.004,16000,test,LA_E_5689554_reverb-rt60-0.4
data/attacks/speed0.9/LA_E_5689554.wav,fake,la_p4fix,none,speed0.9,speed0.9,na,LA_0017,1.116,16000,test,LA_E_5689554_speed0.9
data/attacks/mp3-64k/LA_E_3551370.wav,fake,la_p4fix,none,mp3-64k,mp3-64k,na,LA_0024,8.141,16000,test,LA_E_3551370_mp3-64k
data/attacks/aac-128k/LA_E_3551370.wav,fake,la_p4fix,none,aac-128k,aac-128k,na,LA_0024,8.192,16000,test,LA_E_3551370_aac-128k
data/attacks/opus-32k/LA_E_3551370.wav,fake,la_p4fix,none,opus-32k,opus-32k,na,LA_0024,8.141,16000,test,LA_E_3551370_opus-32k
data/attacks/g711-8k/LA_E_3551370.wav,fake,la_p4fix,none,g711-8k,g711-8k,na,LA_0024,8.141,16000,test,LA_E_3551370_g711-8k
data/attacks/awgn-snr5/LA_E_3551370.wav,fake,la_p4fix,none,awgn-snr5,snr5,na,LA_0024,8.141,16000,test,LA_E_3551370_awgn-snr5
data/attacks/awgn-snr10/LA_E_3551370.wav,fake,la_p4fix,none,awgn-snr10,snr10,na,LA_0024,8.141,16000,test,LA_E_3551370_awgn-snr10
data/attacks/bandpass-300-3400/LA_E_3551370.wav,fake,la_p4fix,none,bandpass-300-3400,bandpass300-3400,na,LA_0024,8.141,16000,test,LA_E_3551370_bandpass-300-3400
data/attacks/reverb-rt60-0.4/LA_E_3551370.wav,fake,la_p4fix,none,reverb-rt60-0.4,rt60-0.4,na,LA_0024,8.141,16000,test,LA_E_3551370_reverb-rt60-0.4
data/attacks/speed0.9/LA_E_3551370.wav,fake,la_p4fix,none,speed0.9,speed0.9,na,LA_0024,9.045,16000,test,LA_E_3551370_speed0.9
data/attacks/mp3-64k/LA_E_9882148.wav,fake,la_p4fix,none,mp3-64k,mp3-64k,na,LA_0017,1.882,16000,test,LA_E_9882148_mp3-64k
data/attacks/aac-128k/LA_E_9882148.wav,fake,la_p4fix,none,aac-128k,aac-128k,na,LA_0017,1.92,16000,test,LA_E_9882148_aac-128k
data/attacks/opus-32k/LA_E_9882148.wav,fake,la_p4fix,none,opus-32k,opus-32k,na,LA_0017,1.882,16000,test,LA_E_9882148_opus-32k
data/attacks/g711-8k/LA_E_9882148.wav,fake,la_p4fix,none,g711-8k,g711-8k,na,LA_0017,1.882,16000,test,LA_E_9882148_g711-8k
data/attacks/awgn-snr5/LA_E_9882148.wav,fake,la_p4fix,none,awgn-snr5,snr5,na,LA_0017,1.882,16000,test,LA_E_9882148_awgn-snr5
data/attacks/awgn-snr10/LA_E_9882148.wav,fake,la_p4fix,none,awgn-snr10,snr10,na,LA_0017,1.882,16000,test,LA_E_9882148_awgn-snr10
data/attacks/bandpass-300-3400/LA_E_9882148.wav,fake,la_p4fix,none,bandpass-300-3400,bandpass300-3400,na,LA_0017,1.882,16000,test,LA_E_9882148_bandpass-300-3400
data/attacks/reverb-rt60-0.4/LA_E_9882148.wav,fake,la_p4fix,none,reverb-rt60-0.4,rt60-0.4,na,LA_0017,1.882,16000,test,LA_E_9882148_reverb-rt60-0.4
data/attacks/speed0.9/LA_E_9882148.wav,fake,la_p4fix,none,speed0.9,speed0.9,na,LA_0017,2.091,16000,test,LA_E_9882148_speed0.9
data/attacks/mp3-64k/LA_E_1757468.wav,fake,la_p4fix,none,mp3-64k,mp3-64k,na,LA_0034,1.607,16000,test,LA_E_1757468_mp3-64k
data/attacks/aac-128k/LA_E_1757468.wav,fake,la_p4fix,none,aac-128k,aac-128k,na,LA_0034,1.664,16000,test,LA_E_1757468_aac-128k
data/attacks/opus-32k/LA_E_1757468.wav,fake,la_p4fix,none,opus-32k,opus-32k,na,LA_0034,1.607,16000,test,LA_E_1757468_opus-32k
data/attacks/g711-8k/LA_E_1757468.wav,fake,la_p4fix,none,g711-8k,g711-8k,na,LA_0034,1.607,16000,test,LA_E_1757468_g711-8k
data/attacks/awgn-snr5/LA_E_1757468.wav,fake,la_p4fix,none,awgn-snr5,snr5,na,LA_0034,1.607,16000,test,LA_E_1757468_awgn-snr5
data/attacks/awgn-snr10/LA_E_1757468.wav,fake,la_p4fix,none,awgn-snr10,snr10,na,LA_0034,1.607,16000,test,LA_E_1757468_awgn-snr10
data/attacks/bandpass-300-3400/LA_E_1757468.wav,fake,la_p4fix,none,bandpass-300-3400,bandpass300-3400,na,LA_0034,1.607,16000,test,LA_E_1757468_bandpass-300-3400
data/attacks/reverb-rt60-0.4/LA_E_1757468.wav,fake,la_p4fix,none,reverb-rt60-0.4,rt60-0.4,na,LA_0034,1.607,16000,test,LA_E_1757468_reverb-rt60-0.4
data/attacks/speed0.9/LA_E_1757468.wav,fake,la_p4fix,none,speed0.9,speed0.9,na,LA_0034,1.785,16000,test,LA_E_1757468_speed0.9
data/attacks/mp3-64k/LA_E_7454925.wav,fake,la_p4fix,none,mp3-64k,mp3-64k,na,LA_0019,3.249,16000,test,LA_E_7454925_mp3-64k
data/attacks/aac-128k/LA_E_7454925.wav,fake,la_p4fix,none,aac-128k,aac-128k,na,LA_0019,3.264,16000,test,LA_E_7454925_aac-128k
data/attacks/opus-32k/LA_E_7454925.wav,fake,la_p4fix,none,opus-32k,opus-32k,na,LA_0019,3.249,16000,test,LA_E_7454925_opus-32k
data/attacks/g711-8k/LA_E_7454925.wav,fake,la_p4fix,none,g711-8k,g711-8k,na,LA_0019,3.249,16000,test,LA_E_7454925_g711-8k
data/attacks/awgn-snr5/LA_E_7454925.wav,fake,la_p4fix,none,awgn-snr5,snr5,na,LA_0019,3.249,16000,test,LA_E_7454925_awgn-snr5
data/attacks/awgn-snr10/LA_E_7454925.wav,fake,la_p4fix,none,awgn-snr10,snr10,na,LA_0019,3.249,16000,test,LA_E_7454925_awgn-snr10
data/attacks/bandpass-300-3400/LA_E_7454925.wav,fake,la_p4fix,none,bandpass-300-3400,bandpass300-3400,na,LA_0019,3.249,16000,test,LA_E_7454925_bandpass-300-3400
data/attacks/reverb-rt60-0.4/LA_E_7454925.wav,fake,la_p4fix,none,reverb-rt60-0.4,rt60-0.4,na,LA_0019,3.249,16000,test,LA_E_7454925_reverb-rt60-0.4
data/attacks/speed0.9/LA_E_7454925.wav,fake,la_p4fix,none,speed0.9,speed0.9,na,LA_0019,3.61,16000,test,LA_E_7454925_speed0.9
data/attacks/mp3-64k/LA_E_3493170.wav,fake,la_p4fix,none,mp3-64k,mp3-64k,na,LA_0039,3.46,16000,test,LA_E_3493170_mp3-64k
data/attacks/aac-128k/LA_E_3493170.wav,fake,la_p4fix,none,aac-128k,aac-128k,na,LA_0039,3.52,16000,test,LA_E_3493170_aac-128k
data/attacks/opus-32k/LA_E_3493170.wav,fake,la_p4fix,none,opus-32k,opus-32k,na,LA_0039,3.46,16000,test,LA_E_3493170_opus-32k
data/attacks/g711-8k/LA_E_3493170.wav,fake,la_p4fix,none,g711-8k,g711-8k,na,LA_0039,3.46,16000,test,LA_E_3493170_g711-8k
data/attacks/awgn-snr5/LA_E_3493170.wav,fake,la_p4fix,none,awgn-snr5,snr5,na,LA_0039,3.46,16000,test,LA_E_3493170_awgn-snr5
data/attacks/awgn-snr10/LA_E_3493170.wav,fake,la_p4fix,none,awgn-snr10,snr10,na,LA_0039,3.46,16000,test,LA_E_3493170_awgn-snr10
data/attacks/bandpass-300-3400/LA_E_3493170.wav,fake,la_p4fix,none,bandpass-300-3400,bandpass300-3400,na,LA_0039,3.46,16000,test,LA_E_3493170_bandpass-300-3400
data/attacks/reverb-rt60-0.4/LA_E_3493170.wav,fake,la_p4fix,none,reverb-rt60-0.4,rt60-0.4,na,LA_0039,3.46,16000,test,LA_E_3493170_reverb-rt60-0.4
data/attacks/speed0.9/LA_E_3493170.wav,fake,la_p4fix,none,speed0.9,speed0.9,na,LA_0039,3.844,16000,test,LA_E_3493170_speed0.9
data/attacks/mp3-64k/LA_E_5869818.wav,fake,la_p4fix,none,mp3-64k,mp3-64k,na,LA_0033,1.825,16000,test,LA_E_5869818_mp3-64k
data/attacks/aac-128k/LA_E_5869818.wav,fake,la_p4fix,none,aac-128k,aac-128k,na,LA_0033,1.856,16000,test,LA_E_5869818_aac-128k
data/attacks/opus-32k/LA_E_5869818.wav,fake,la_p4fix,none,opus-32k,opus-32k,na,LA_0033,1.825,16000,test,LA_E_5869818_opus-32k
data/attacks/g711-8k/LA_E_5869818.wav,fake,la_p4fix,none,g711-8k,g711-8k,na,LA_0033,1.825,16000,test,LA_E_5869818_g711-8k
data/attacks/awgn-snr5/LA_E_5869818.wav,fake,la_p4fix,none,awgn-snr5,snr5,na,LA_0033,1.825,16000,test,LA_E_5869818_awgn-snr5
data/attacks/awgn-snr10/LA_E_5869818.wav,fake,la_p4fix,none,awgn-snr10,snr10,na,LA_0033,1.825,16000,test,LA_E_5869818_awgn-snr10
data/attacks/bandpass-300-3400/LA_E_5869818.wav,fake,la_p4fix,none,bandpass-300-3400,bandpass300-3400,na,LA_0033,1.825,16000,test,LA_E_5869818_bandpass-300-3400
data/attacks/reverb-rt60-0.4/LA_E_5869818.wav,fake,la_p4fix,none,reverb-rt60-0.4,rt60-0.4,na,LA_0033,1.825,16000,test,LA_E_5869818_reverb-rt60-0.4
data/attacks/speed0.9/LA_E_5869818.wav,fake,la_p4fix,none,speed0.9,speed0.9,na,LA_0033,2.028,16000,test,LA_E_5869818_speed0.9
data/attacks/mp3-64k/LA_E_3091003.wav,fake,la_p4fix,none,mp3-64k,mp3-64k,na,LA_0029,2.564,16000,test,LA_E_3091003_mp3-64k
data/attacks/aac-128k/LA_E_3091003.wav,fake,la_p4fix,none,aac-128k,aac-128k,na,LA_0029,2.624,16000,test,LA_E_3091003_aac-128k
data/attacks/opus-32k/LA_E_3091003.wav,fake,la_p4fix,none,opus-32k,opus-32k,na,LA_0029,2.564,16000,test,LA_E_3091003_opus-32k
data/attacks/g711-8k/LA_E_3091003.wav,fake,la_p4fix,none,g711-8k,g711-8k,na,LA_0029,2.564,16000,test,LA_E_3091003_g711-8k
data/attacks/awgn-snr5/LA_E_3091003.wav,fake,la_p4fix,none,awgn-snr5,snr5,na,LA_0029,2.564,16000,test,LA_E_3091003_awgn-snr5
data/attacks/awgn-snr10/LA_E_3091003.wav,fake,la_p4fix,none,awgn-snr10,snr10,na,LA_0029,2.564,16000,test,LA_E_3091003_awgn-snr10
data/attacks/bandpass-300-3400/LA_E_3091003.wav,fake,la_p4fix,none,bandpass-300-3400,bandpass300-3400,na,LA_0029,2.564,16000,test,LA_E_3091003_bandpass-300-3400
data/attacks/reverb-rt60-0.4/LA_E_3091003.wav,fake,la_p4fix,none,reverb-rt60-0.4,rt60-0.4,na,LA_0029,2.564,16000,test,LA_E_3091003_reverb-rt60-0.4
data/attacks/speed0.9/LA_E_3091003.wav,fake,la_p4fix,none,speed0.9,speed0.9,na,LA_0029,2.849,16000,test,LA_E_3091003_speed0.9
data/attacks/mp3-64k/LA_E_6101088.wav,fake,la_p4fix,none,mp3-64k,mp3-64k,na,LA_0020,3.142,16000,test,LA_E_6101088_mp3-64k
data/attacks/aac-128k/LA_E_6101088.wav,fake,la_p4fix,none,aac-128k,aac-128k,na,LA_0020,3.2,16000,test,LA_E_6101088_aac-128k
data/attacks/opus-32k/LA_E_6101088.wav,fake,la_p4fix,none,opus-32k,opus-32k,na,LA_0020,3.142,16000,test,LA_E_6101088_opus-32k
data/attacks/g711-8k/LA_E_6101088.wav,fake,la_p4fix,none,g711-8k,g711-8k,na,LA_0020,3.142,16000,test,LA_E_6101088_g711-8k
data/attacks/awgn-snr5/LA_E_6101088.wav,fake,la_p4fix,none,awgn-snr5,snr5,na,LA_0020,3.142,16000,test,LA_E_6101088_awgn-snr5
data/attacks/awgn-snr10/LA_E_6101088.wav,fake,la_p4fix,none,awgn-snr10,snr10,na,LA_0020,3.142,16000,test,LA_E_6101088_awgn-snr10
data/attacks/bandpass-300-3400/LA_E_6101088.wav,fake,la_p4fix,none,bandpass-300-3400,bandpass300-3400,na,LA_0020,3.142,16000,test,LA_E_6101088_bandpass-300-3400
data/attacks/reverb-rt60-0.4/LA_E_6101088.wav,fake,la_p4fix,none,reverb-rt60-0.4,rt60-0.4,na,LA_0020,3.142,16000,test,LA_E_6101088_reverb-rt60-0.4
data/attacks/speed0.9/LA_E_6101088.wav,fake,la_p4fix,none,speed0.9,speed0.9,na,LA_0020,3.491,16000,test,LA_E_6101088_speed0.9
data/attacks/mp3-64k/LA_E_8021657.wav,fake,la_p4fix,none,mp3-64k,mp3-64k,na,LA_0001,1.418,16000,test,LA_E_8021657_mp3-64k
data/attacks/aac-128k/LA_E_8021657.wav,fake,la_p4fix,none,aac-128k,aac-128k,na,LA_0001,1.472,16000,test,LA_E_8021657_aac-128k
data/attacks/opus-32k/LA_E_8021657.wav,fake,la_p4fix,none,opus-32k,opus-32k,na,LA_0001,1.418,16000,test,LA_E_8021657_opus-32k
data/attacks/g711-8k/LA_E_8021657.wav,fake,la_p4fix,none,g711-8k,g711-8k,na,LA_0001,1.418,16000,test,LA_E_8021657_g711-8k
data/attacks/awgn-snr5/LA_E_8021657.wav,fake,la_p4fix,none,awgn-snr5,snr5,na,LA_0001,1.418,16000,test,LA_E_8021657_awgn-snr5
data/attacks/awgn-snr10/LA_E_8021657.wav,fake,la_p4fix,none,awgn-snr10,snr10,na,LA_0001,1.418,16000,test,LA_E_8021657_awgn-snr10
data/attacks/bandpass-300-3400/LA_E_8021657.wav,fake,la_p4fix,none,bandpass-300-3400,bandpass300-3400,na,LA_0001,1.418,16000,test,LA_E_8021657_bandpass-300-3400
data/attacks/reverb-rt60-0.4/LA_E_8021657.wav,fake,la_p4fix,none,reverb-rt60-0.4,rt60-0.4,na,LA_0001,1.418,16000,test,LA_E_8021657_reverb-rt60-0.4
data/attacks/speed0.9/LA_E_8021657.wav,fake,la_p4fix,none,speed0.9,speed0.9,na,LA_0001,1.576,16000,test,LA_E_8021657_speed0.9
data/attacks/mp3-64k/LA_E_7770701.wav,fake,la_p4fix,none,mp3-64k,mp3-64k,na,LA_0021,4.798,16000,test,LA_E_7770701_mp3-64k
data/attacks/aac-128k/LA_E_7770701.wav,fake,la_p4fix,none,aac-128k,aac-128k,na,LA_0021,4.8,16000,test,LA_E_7770701_aac-128k
data/attacks/opus-32k/LA_E_7770701.wav,fake,la_p4fix,none,opus-32k,opus-32k,na,LA_0021,4.798,16000,test,LA_E_7770701_opus-32k
data/attacks/g711-8k/LA_E_7770701.wav,fake,la_p4fix,none,g711-8k,g711-8k,na,LA_0021,4.798,16000,test,LA_E_7770701_g711-8k
data/attacks/awgn-snr5/LA_E_7770701.wav,fake,la_p4fix,none,awgn-snr5,snr5,na,LA_0021,4.798,16000,test,LA_E_7770701_awgn-snr5
data/attacks/awgn-snr10/LA_E_7770701.wav,fake,la_p4fix,none,awgn-snr10,snr10,na,LA_0021,4.798,16000,test,LA_E_7770701_awgn-snr10
data/attacks/bandpass-300-3400/LA_E_7770701.wav,fake,la_p4fix,none,bandpass-300-3400,bandpass300-3400,na,LA_0021,4.798,16000,test,LA_E_7770701_bandpass-300-3400
data/attacks/reverb-rt60-0.4/LA_E_7770701.wav,fake,la_p4fix,none,reverb-rt60-0.4,rt60-0.4,na,LA_0021,4.798,16000,test,LA_E_7770701_reverb-rt60-0.4
data/attacks/speed0.9/LA_E_7770701.wav,fake,la_p4fix,none,speed0.9,speed0.9,na,LA_0021,5.331,16000,test,LA_E_7770701_speed0.9
data/attacks/mp3-64k/LA_E_5397807.wav,fake,la_p4fix,none,mp3-64k,mp3-64k,na,LA_0029,2.307,16000,test,LA_E_5397807_mp3-64k
data/attacks/aac-128k/LA_E_5397807.wav,fake,la_p4fix,none,aac-128k,aac-128k,na,LA_0029,2.368,16000,test,LA_E_5397807_aac-128k
data/attacks/opus-32k/LA_E_5397807.wav,fake,la_p4fix,none,opus-32k,opus-32k,na,LA_0029,2.307,16000,test,LA_E_5397807_opus-32k
data/attacks/g711-8k/LA_E_5397807.wav,fake,la_p4fix,none,g711-8k,g711-8k,na,LA_0029,2.307,16000,test,LA_E_5397807_g711-8k
data/attacks/awgn-snr5/LA_E_5397807.wav,fake,la_p4fix,none,awgn-snr5,snr5,na,LA_0029,2.307,16000,test,LA_E_5397807_awgn-snr5
data/attacks/awgn-snr10/LA_E_5397807.wav,fake,la_p4fix,none,awgn-snr10,snr10,na,LA_0029,2.307,16000,test,LA_E_5397807_awgn-snr10
data/attacks/bandpass-300-3400/LA_E_5397807.wav,fake,la_p4fix,none,bandpass-300-3400,bandpass300-3400,na,LA_0029,2.307,16000,test,LA_E_5397807_bandpass-300-3400
data/attacks/reverb-rt60-0.4/LA_E_5397807.wav,fake,la_p4fix,none,reverb-rt60-0.4,rt60-0.4,na,LA_0029,2.307,16000,test,LA_E_5397807_reverb-rt60-0.4
data/attacks/speed0.9/LA_E_5397807.wav,fake,la_p4fix,none,speed0.9,speed0.9,na,LA_0029,2.563,16000,test,LA_E_5397807_speed0.9
data/attacks/mp3-64k/LA_E_1780040.wav,fake,la_p4fix,none,mp3-64k,mp3-64k,na,LA_0025,2.611,16000,test,LA_E_1780040_mp3-64k
data/attacks/aac-128k/LA_E_1780040.wav,fake,la_p4fix,none,aac-128k,aac-128k,na,LA_0025,2.624,16000,test,LA_E_1780040_aac-128k
data/attacks/opus-32k/LA_E_1780040.wav,fake,la_p4fix,none,opus-32k,opus-32k,na,LA_0025,2.611,16000,test,LA_E_1780040_opus-32k
data/attacks/g711-8k/LA_E_1780040.wav,fake,la_p4fix,none,g711-8k,g711-8k,na,LA_0025,2.611,16000,test,LA_E_1780040_g711-8k
data/attacks/awgn-snr5/LA_E_1780040.wav,fake,la_p4fix,none,awgn-snr5,snr5,na,LA_0025,2.611,16000,test,LA_E_1780040_awgn-snr5
data/attacks/awgn-snr10/LA_E_1780040.wav,fake,la_p4fix,none,awgn-snr10,snr10,na,LA_0025,2.611,16000,test,LA_E_1780040_awgn-snr10
data/attacks/bandpass-300-3400/LA_E_1780040.wav,fake,la_p4fix,none,bandpass-300-3400,bandpass300-3400,na,LA_0025,2.611,16000,test,LA_E_1780040_bandpass-300-3400
data/attacks/reverb-rt60-0.4/LA_E_1780040.wav,fake,la_p4fix,none,reverb-rt60-0.4,rt60-0.4,na,LA_0025,2.611,16000,test,LA_E_1780040_reverb-rt60-0.4
data/attacks/speed0.9/LA_E_1780040.wav,fake,la_p4fix,none,speed0.9,speed0.9,na,LA_0025,2.901,16000,test,LA_E_1780040_speed0.9
data/attacks/mp3-64k/LA_E_7099824.wav,fake,la_p4fix,none,mp3-64k,mp3-64k,na,LA_0007,2.206,16000,test,LA_E_7099824_mp3-64k
data/attacks/aac-128k/LA_E_7099824.wav,fake,la_p4fix,none,aac-128k,aac-128k,na,LA_0007,2.24,16000,test,LA_E_7099824_aac-128k
data/attacks/opus-32k/LA_E_7099824.wav,fake,la_p4fix,none,opus-32k,opus-32k,na,LA_0007,2.206,16000,test,LA_E_7099824_opus-32k
data/attacks/g711-8k/LA_E_7099824.wav,fake,la_p4fix,none,g711-8k,g711-8k,na,LA_0007,2.206,16000,test,LA_E_7099824_g711-8k
data/attacks/awgn-snr5/LA_E_7099824.wav,fake,la_p4fix,none,awgn-snr5,snr5,na,LA_0007,2.206,16000,test,LA_E_7099824_awgn-snr5
data/attacks/awgn-snr10/LA_E_7099824.wav,fake,la_p4fix,none,awgn-snr10,snr10,na,LA_0007,2.206,16000,test,LA_E_7099824_awgn-snr10
data/attacks/bandpass-300-3400/LA_E_7099824.wav,fake,la_p4fix,none,bandpass-300-3400,bandpass300-3400,na,LA_0007,2.206,16000,test,LA_E_7099824_bandpass-300-3400
data/attacks/reverb-rt60-0.4/LA_E_7099824.wav,fake,la_p4fix,none,reverb-rt60-0.4,rt60-0.4,na,LA_0007,2.206,16000,test,LA_E_7099824_reverb-rt60-0.4
data/attacks/speed0.9/LA_E_7099824.wav,fake,la_p4fix,none,speed0.9,speed0.9,na,LA_0007,2.451,16000,test,LA_E_7099824_speed0.9
data/attacks/mp3-64k/LA_E_2919755.wav,fake,la_p4fix,none,mp3-64k,mp3-64k,na,LA_0037,4.482,16000,test,LA_E_2919755_mp3-64k
data/attacks/aac-128k/LA_E_2919755.wav,fake,la_p4fix,none,aac-128k,aac-128k,na,LA_0037,4.544,16000,test,LA_E_2919755_aac-128k
data/attacks/opus-32k/LA_E_2919755.wav,fake,la_p4fix,none,opus-32k,opus-32k,na,LA_0037,4.482,16000,test,LA_E_2919755_opus-32k
data/attacks/g711-8k/LA_E_2919755.wav,fake,la_p4fix,none,g711-8k,g711-8k,na,LA_0037,4.482,16000,test,LA_E_2919755_g711-8k
data/attacks/awgn-snr5/LA_E_2919755.wav,fake,la_p4fix,none,awgn-snr5,snr5,na,LA_0037,4.482,16000,test,LA_E_2919755_awgn-snr5
data/attacks/awgn-snr10/LA_E_2919755.wav,fake,la_p4fix,none,awgn-snr10,snr10,na,LA_0037,4.482,16000,test,LA_E_2919755_awgn-snr10
data/attacks/bandpass-300-3400/LA_E_2919755.wav,fake,la_p4fix,none,bandpass-300-3400,bandpass300-3400,na,LA_0037,4.482,16000,test,LA_E_2919755_bandpass-300-3400
data/attacks/reverb-rt60-0.4/LA_E_2919755.wav,fake,la_p4fix,none,reverb-rt60-0.4,rt60-0.4,na,LA_0037,4.482,16000,test,LA_E_2919755_reverb-rt60-0.4
data/attacks/speed0.9/LA_E_2919755.wav,fake,la_p4fix,none,speed0.9,speed0.9,na,LA_0037,4.98,16000,test,LA_E_2919755_speed0.9
data/attacks/mp3-64k/LA_E_2789785.wav,fake,la_p4fix,none,mp3-64k,mp3-64k,na,LA_0014,1.443,16000,test,LA_E_2789785_mp3-64k
data/attacks/aac-128k/LA_E_2789785.wav,fake,la_p4fix,none,aac-128k,aac-128k,na,LA_0014,1.472,16000,test,LA_E_2789785_aac-128k
data/attacks/opus-32k/LA_E_2789785.wav,fake,la_p4fix,none,opus-32k,opus-32k,na,LA_0014,1.443,16000,test,LA_E_2789785_opus-32k
data/attacks/g711-8k/LA_E_2789785.wav,fake,la_p4fix,none,g711-8k,g711-8k,na,LA_0014,1.443,16000,test,LA_E_2789785_g711-8k
data/attacks/awgn-snr5/LA_E_2789785.wav,fake,la_p4fix,none,awgn-snr5,snr5,na,LA_0014,1.443,16000,test,LA_E_2789785_awgn-snr5
data/attacks/awgn-snr10/LA_E_2789785.wav,fake,la_p4fix,none,awgn-snr10,snr10,na,LA_0014,1.443,16000,test,LA_E_2789785_awgn-snr10
data/attacks/bandpass-300-3400/LA_E_2789785.wav,fake,la_p4fix,none,bandpass-300-3400,bandpass300-3400,na,LA_0014,1.443,16000,test,LA_E_2789785_bandpass-300-3400
data/attacks/reverb-rt60-0.4/LA_E_2789785.wav,fake,la_p4fix,none,reverb-rt60-0.4,rt60-0.4,na,LA_0014,1.443,16000,test,LA_E_2789785_reverb-rt60-0.4
data/attacks/speed0.9/LA_E_2789785.wav,fake,la_p4fix,none,speed0.9,speed0.9,na,LA_0014,1.604,16000,test,LA_E_2789785_speed0.9
data/attacks/mp3-64k/LA_E_8926639.wav,fake,la_p4fix,none,mp3-64k,mp3-64k,na,LA_0035,2.056,16000,test,LA_E_8926639_mp3-64k
data/attacks/aac-128k/LA_E_8926639.wav,fake,la_p4fix,none,aac-128k,aac-128k,na,LA_0035,2.112,16000,test,LA_E_8926639_aac-128k
data/attacks/opus-32k/LA_E_8926639.wav,fake,la_p4fix,none,opus-32k,opus-32k,na,LA_0035,2.056,16000,test,LA_E_8926639_opus-32k
data/attacks/g711-8k/LA_E_8926639.wav,fake,la_p4fix,none,g711-8k,g711-8k,na,LA_0035,2.056,16000,test,LA_E_8926639_g711-8k
data/attacks/awgn-snr5/LA_E_8926639.wav,fake,la_p4fix,none,awgn-snr5,snr5,na,LA_0035,2.056,16000,test,LA_E_8926639_awgn-snr5
data/attacks/awgn-snr10/LA_E_8926639.wav,fake,la_p4fix,none,awgn-snr10,snr10,na,LA_0035,2.056,16000,test,LA_E_8926639_awgn-snr10
data/attacks/bandpass-300-3400/LA_E_8926639.wav,fake,la_p4fix,none,bandpass-300-3400,bandpass300-3400,na,LA_0035,2.056,16000,test,LA_E_8926639_bandpass-300-3400
data/attacks/reverb-rt60-0.4/LA_E_8926639.wav,fake,la_p4fix,none,reverb-rt60-0.4,rt60-0.4,na,LA_0035,2.056,16000,test,LA_E_8926639_reverb-rt60-0.4
data/attacks/speed0.9/LA_E_8926639.wav,fake,la_p4fix,none,speed0.9,speed0.9,na,LA_0035,2.285,16000,test,LA_E_8926639_speed0.9
data/attacks/mp3-64k/LA_E_2120724.wav,fake,la_p4fix,none,mp3-64k,mp3-64k,na,LA_0013,6.717,16000,test,LA_E_2120724_mp3-64k
data/attacks/aac-128k/LA_E_2120724.wav,fake,la_p4fix,none,aac-128k,aac-128k,na,LA_0013,6.72,16000,test,LA_E_2120724_aac-128k
data/attacks/opus-32k/LA_E_2120724.wav,fake,la_p4fix,none,opus-32k,opus-32k,na,LA_0013,6.717,16000,test,LA_E_2120724_opus-32k
data/attacks/g711-8k/LA_E_2120724.wav,fake,la_p4fix,none,g711-8k,g711-8k,na,LA_0013,6.717,16000,test,LA_E_2120724_g711-8k
data/attacks/awgn-snr5/LA_E_2120724.wav,fake,la_p4fix,none,awgn-snr5,snr5,na,LA_0013,6.717,16000,test,LA_E_2120724_awgn-snr5
data/attacks/awgn-snr10/LA_E_2120724.wav,fake,la_p4fix,none,awgn-snr10,snr10,na,LA_0013,6.717,16000,test,LA_E_2120724_awgn-snr10
data/attacks/bandpass-300-3400/LA_E_2120724.wav,fake,la_p4fix,none,bandpass-300-3400,bandpass300-3400,na,LA_0013,6.717,16000,test,LA_E_2120724_bandpass-300-3400
data/attacks/reverb-rt60-0.4/LA_E_2120724.wav,fake,la_p4fix,none,reverb-rt60-0.4,rt60-0.4,na,LA_0013,6.717,16000,test,LA_E_2120724_reverb-rt60-0.4
data/attacks/speed0.9/LA_E_2120724.wav,fake,la_p4fix,none,speed0.9,speed0.9,na,LA_0013,7.464,16000,test,LA_E_2120724_speed0.9
data/attacks/mp3-64k/LA_E_8725541.wav,fake,la_p4fix,none,mp3-64k,mp3-64k,na,LA_0035,1.446,16000,test,LA_E_8725541_mp3-64k
data/attacks/aac-128k/LA_E_8725541.wav,fake,la_p4fix,none,aac-128k,aac-128k,na,LA_0035,1.472,16000,test,LA_E_8725541_aac-128k
data/attacks/opus-32k/LA_E_8725541.wav,fake,la_p4fix,none,opus-32k,opus-32k,na,LA_0035,1.446,16000,test,LA_E_8725541_opus-32k
data/attacks/g711-8k/LA_E_8725541.wav,fake,la_p4fix,none,g711-8k,g711-8k,na,LA_0035,1.446,16000,test,LA_E_8725541_g711-8k
data/attacks/awgn-snr5/LA_E_8725541.wav,fake,la_p4fix,none,awgn-snr5,snr5,na,LA_0035,1.446,16000,test,LA_E_8725541_awgn-snr5
data/attacks/awgn-snr10/LA_E_8725541.wav,fake,la_p4fix,none,awgn-snr10,snr10,na,LA_0035,1.446,16000,test,LA_E_8725541_awgn-snr10
data/attacks/bandpass-300-3400/LA_E_8725541.wav,fake,la_p4fix,none,bandpass-300-3400,bandpass300-3400,na,LA_0035,1.446,16000,test,LA_E_8725541_bandpass-300-3400
data/attacks/reverb-rt60-0.4/LA_E_8725541.wav,fake,la_p4fix,none,reverb-rt60-0.4,rt60-0.4,na,LA_0035,1.446,16000,test,LA_E_8725541_reverb-rt60-0.4
data/attacks/speed0.9/LA_E_8725541.wav,fake,la_p4fix,none,speed0.9,speed0.9,na,LA_0035,1.606,16000,test,LA_E_8725541_speed0.9
data/attacks/mp3-64k/LA_E_1332769.wav,fake,la_p4fix,none,mp3-64k,mp3-64k,na,LA_0027,2.438,16000,test,LA_E_1332769_mp3-64k
data/attacks/aac-128k/LA_E_1332769.wav,fake,la_p4fix,none,aac-128k,aac-128k,na,LA_0027,2.496,16000,test,LA_E_1332769_aac-128k
data/attacks/opus-32k/LA_E_1332769.wav,fake,la_p4fix,none,opus-32k,opus-32k,na,LA_0027,2.438,16000,test,LA_E_1332769_opus-32k
data/attacks/g711-8k/LA_E_1332769.wav,fake,la_p4fix,none,g711-8k,g711-8k,na,LA_0027,2.438,16000,test,LA_E_1332769_g711-8k
data/attacks/awgn-snr5/LA_E_1332769.wav,fake,la_p4fix,none,awgn-snr5,snr5,na,LA_0027,2.438,16000,test,LA_E_1332769_awgn-snr5
data/attacks/awgn-snr10/LA_E_1332769.wav,fake,la_p4fix,none,awgn-snr10,snr10,na,LA_0027,2.438,16000,test,LA_E_1332769_awgn-snr10
data/attacks/bandpass-300-3400/LA_E_1332769.wav,fake,la_p4fix,none,bandpass-300-3400,bandpass300-3400,na,LA_0027,2.438,16000,test,LA_E_1332769_bandpass-300-3400
data/attacks/reverb-rt60-0.4/LA_E_1332769.wav,fake,la_p4fix,none,reverb-rt60-0.4,rt60-0.4,na,LA_0027,2.438,16000,test,LA_E_1332769_reverb-rt60-0.4
data/attacks/speed0.9/LA_E_1332769.wav,fake,la_p4fix,none,speed0.9,speed0.9,na,LA_0027,2.709,16000,test,LA_E_1332769_speed0.9
data/attacks/mp3-64k/LA_E_4158600.wav,fake,la_p4fix,none,mp3-64k,mp3-64k,na,LA_0017,5.045,16000,test,LA_E_4158600_mp3-64k
data/attacks/aac-128k/LA_E_4158600.wav,fake,la_p4fix,none,aac-128k,aac-128k,na,LA_0017,5.056,16000,test,LA_E_4158600_aac-128k
data/attacks/opus-32k/LA_E_4158600.wav,fake,la_p4fix,none,opus-32k,opus-32k,na,LA_0017,5.045,16000,test,LA_E_4158600_opus-32k
data/attacks/g711-8k/LA_E_4158600.wav,fake,la_p4fix,none,g711-8k,g711-8k,na,LA_0017,5.045,16000,test,LA_E_4158600_g711-8k
data/attacks/awgn-snr5/LA_E_4158600.wav,fake,la_p4fix,none,awgn-snr5,snr5,na,LA_0017,5.045,16000,test,LA_E_4158600_awgn-snr5
data/attacks/awgn-snr10/LA_E_4158600.wav,fake,la_p4fix,none,awgn-snr10,snr10,na,LA_0017,5.045,16000,test,LA_E_4158600_awgn-snr10
data/attacks/bandpass-300-3400/LA_E_4158600.wav,fake,la_p4fix,none,bandpass-300-3400,bandpass300-3400,na,LA_0017,5.045,16000,test,LA_E_4158600_bandpass-300-3400
data/attacks/reverb-rt60-0.4/LA_E_4158600.wav,fake,la_p4fix,none,reverb-rt60-0.4,rt60-0.4,na,LA_0017,5.045,16000,test,LA_E_4158600_reverb-rt60-0.4
data/attacks/speed0.9/LA_E_4158600.wav,fake,la_p4fix,none,speed0.9,speed0.9,na,LA_0017,5.606,16000,test,LA_E_4158600_speed0.9
data/attacks/mp3-64k/LA_E_4288383.wav,fake,la_p4fix,none,mp3-64k,mp3-64k,na,LA_0028,2.636,16000,test,LA_E_4288383_mp3-64k
data/attacks/aac-128k/LA_E_4288383.wav,fake,la_p4fix,none,aac-128k,aac-128k,na,LA_0028,2.688,16000,test,LA_E_4288383_aac-128k
data/attacks/opus-32k/LA_E_4288383.wav,fake,la_p4fix,none,opus-32k,opus-32k,na,LA_0028,2.636,16000,test,LA_E_4288383_opus-32k
data/attacks/g711-8k/LA_E_4288383.wav,fake,la_p4fix,none,g711-8k,g711-8k,na,LA_0028,2.636,16000,test,LA_E_4288383_g711-8k
data/attacks/awgn-snr5/LA_E_4288383.wav,fake,la_p4fix,none,awgn-snr5,snr5,na,LA_0028,2.636,16000,test,LA_E_4288383_awgn-snr5
data/attacks/awgn-snr10/LA_E_4288383.wav,fake,la_p4fix,none,awgn-snr10,snr10,na,LA_0028,2.636,16000,test,LA_E_4288383_awgn-snr10
data/attacks/bandpass-300-3400/LA_E_4288383.wav,fake,la_p4fix,none,bandpass-300-3400,bandpass300-3400,na,LA_0028,2.636,16000,test,LA_E_4288383_bandpass-300-3400
data/attacks/reverb-rt60-0.4/LA_E_4288383.wav,fake,la_p4fix,none,reverb-rt60-0.4,rt60-0.4,na,LA_0028,2.636,16000,test,LA_E_4288383_reverb-rt60-0.4
data/attacks/speed0.9/LA_E_4288383.wav,fake,la_p4fix,none,speed0.9,speed0.9,na,LA_0028,2.929,16000,test,LA_E_4288383_speed0.9
data/attacks/mp3-64k/LA_E_9739277.wav,fake,la_p4fix,none,mp3-64k,mp3-64k,na,LA_0033,3.913,16000,test,LA_E_9739277_mp3-64k
data/attacks/aac-128k/LA_E_9739277.wav,fake,la_p4fix,none,aac-128k,aac-128k,na,LA_0033,3.968,16000,test,LA_E_9739277_aac-128k
data/attacks/opus-32k/LA_E_9739277.wav,fake,la_p4fix,none,opus-32k,opus-32k,na,LA_0033,3.913,16000,test,LA_E_9739277_opus-32k
data/attacks/g711-8k/LA_E_9739277.wav,fake,la_p4fix,none,g711-8k,g711-8k,na,LA_0033,3.913,16000,test,LA_E_9739277_g711-8k
data/attacks/awgn-snr5/LA_E_9739277.wav,fake,la_p4fix,none,awgn-snr5,snr5,na,LA_0033,3.913,16000,test,LA_E_9739277_awgn-snr5
data/attacks/awgn-snr10/LA_E_9739277.wav,fake,la_p4fix,none,awgn-snr10,snr10,na,LA_0033,3.913,16000,test,LA_E_9739277_awgn-snr10
data/attacks/bandpass-300-3400/LA_E_9739277.wav,fake,la_p4fix,none,bandpass-300-3400,bandpass300-3400,na,LA_0033,3.913,16000,test,LA_E_9739277_bandpass-300-3400
data/attacks/reverb-rt60-0.4/LA_E_9739277.wav,fake,la_p4fix,none,reverb-rt60-0.4,rt60-0.4,na,LA_0033,3.913,16000,test,LA_E_9739277_reverb-rt60-0.4
data/attacks/speed0.9/LA_E_9739277.wav,fake,la_p4fix,none,speed0.9,speed0.9,na,LA_0033,4.347,16000,test,LA_E_9739277_speed0.9
data/attacks/mp3-64k/LA_E_6648471.wav,fake,la_p4fix,none,mp3-64k,mp3-64k,na,LA_0035,2.103,16000,test,LA_E_6648471_mp3-64k
data/attacks/aac-128k/LA_E_6648471.wav,fake,la_p4fix,none,aac-128k,aac-128k,na,LA_0035,2.112,16000,test,LA_E_6648471_aac-128k
data/attacks/opus-32k/LA_E_6648471.wav,fake,la_p4fix,none,opus-32k,opus-32k,na,LA_0035,2.103,16000,test,LA_E_6648471_opus-32k
data/attacks/g711-8k/LA_E_6648471.wav,fake,la_p4fix,none,g711-8k,g711-8k,na,LA_0035,2.103,16000,test,LA_E_6648471_g711-8k
data/attacks/awgn-snr5/LA_E_6648471.wav,fake,la_p4fix,none,awgn-snr5,snr5,na,LA_0035,2.103,16000,test,LA_E_6648471_awgn-snr5
data/attacks/awgn-snr10/LA_E_6648471.wav,fake,la_p4fix,none,awgn-snr10,snr10,na,LA_0035,2.103,16000,test,LA_E_6648471_awgn-snr10
data/attacks/bandpass-300-3400/LA_E_6648471.wav,fake,la_p4fix,none,bandpass-300-3400,bandpass300-3400,na,LA_0035,2.103,16000,test,LA_E_6648471_bandpass-300-3400
data/attacks/reverb-rt60-0.4/LA_E_6648471.wav,fake,la_p4fix,none,reverb-rt60-0.4,rt60-0.4,na,LA_0035,2.103,16000,test,LA_E_6648471_reverb-rt60-0.4
data/attacks/speed0.9/LA_E_6648471.wav,fake,la_p4fix,none,speed0.9,speed0.9,na,LA_0035,2.337,16000,test,LA_E_6648471_speed0.9
data/attacks/mp3-64k/LA_E_8322998.wav,fake,la_p4fix,none,mp3-64k,mp3-64k,na,LA_0010,3.787,16000,test,LA_E_8322998_mp3-64k
data/attacks/aac-128k/LA_E_8322998.wav,fake,la_p4fix,none,aac-128k,aac-128k,na,LA_0010,3.84,16000,test,LA_E_8322998_aac-128k
data/attacks/opus-32k/LA_E_8322998.wav,fake,la_p4fix,none,opus-32k,opus-32k,na,LA_0010,3.787,16000,test,LA_E_8322998_opus-32k
data/attacks/g711-8k/LA_E_8322998.wav,fake,la_p4fix,none,g711-8k,g711-8k,na,LA_0010,3.787,16000,test,LA_E_8322998_g711-8k
data/attacks/awgn-snr5/LA_E_8322998.wav,fake,la_p4fix,none,awgn-snr5,snr5,na,LA_0010,3.787,16000,test,LA_E_8322998_awgn-snr5
data/attacks/awgn-snr10/LA_E_8322998.wav,fake,la_p4fix,none,awgn-snr10,snr10,na,LA_0010,3.787,16000,test,LA_E_8322998_awgn-snr10
data/attacks/bandpass-300-3400/LA_E_8322998.wav,fake,la_p4fix,none,bandpass-300-3400,bandpass300-3400,na,LA_0010,3.787,16000,test,LA_E_8322998_bandpass-300-3400
data/attacks/reverb-rt60-0.4/LA_E_8322998.wav,fake,la_p4fix,none,reverb-rt60-0.4,rt60-0.4,na,LA_0010,3.787,16000,test,LA_E_8322998_reverb-rt60-0.4
data/attacks/speed0.9/LA_E_8322998.wav,fake,la_p4fix,none,speed0.9,speed0.9,na,LA_0010,4.208,16000,test,LA_E_8322998_speed0.9
data/attacks/mp3-64k/LA_E_9404275.wav,fake,la_p4fix,none,mp3-64k,mp3-64k,na,LA_0032,1.244,16000,test,LA_E_9404275_mp3-64k
data/attacks/aac-128k/LA_E_9404275.wav,fake,la_p4fix,none,aac-128k,aac-128k,na,LA_0032,1.28,16000,test,LA_E_9404275_aac-128k
data/attacks/opus-32k/LA_E_9404275.wav,fake,la_p4fix,none,opus-32k,opus-32k,na,LA_0032,1.244,16000,test,LA_E_9404275_opus-32k
data/attacks/g711-8k/LA_E_9404275.wav,fake,la_p4fix,none,g711-8k,g711-8k,na,LA_0032,1.244,16000,test,LA_E_9404275_g711-8k
data/attacks/awgn-snr5/LA_E_9404275.wav,fake,la_p4fix,none,awgn-snr5,snr5,na,LA_0032,1.244,16000,test,LA_E_9404275_awgn-snr5
data/attacks/awgn-snr10/LA_E_9404275.wav,fake,la_p4fix,none,awgn-snr10,snr10,na,LA_0032,1.244,16000,test,LA_E_9404275_awgn-snr10
data/attacks/bandpass-300-3400/LA_E_9404275.wav,fake,la_p4fix,none,bandpass-300-3400,bandpass300-3400,na,LA_0032,1.244,16000,test,LA_E_9404275_bandpass-300-3400
data/attacks/reverb-rt60-0.4/LA_E_9404275.wav,fake,la_p4fix,none,reverb-rt60-0.4,rt60-0.4,na,LA_0032,1.244,16000,test,LA_E_9404275_reverb-rt60-0.4
data/attacks/speed0.9/LA_E_9404275.wav,fake,la_p4fix,none,speed0.9,speed0.9,na,LA_0032,1.382,16000,test,LA_E_9404275_speed0.9
data/attacks/mp3-64k/LA_E_3319317.wav,fake,la_p4fix,none,mp3-64k,mp3-64k,na,LA_0037,2.216,16000,test,LA_E_3319317_mp3-64k
data/attacks/aac-128k/LA_E_3319317.wav,fake,la_p4fix,none,aac-128k,aac-128k,na,LA_0037,2.24,16000,test,LA_E_3319317_aac-128k
data/attacks/opus-32k/LA_E_3319317.wav,fake,la_p4fix,none,opus-32k,opus-32k,na,LA_0037,2.216,16000,test,LA_E_3319317_opus-32k
data/attacks/g711-8k/LA_E_3319317.wav,fake,la_p4fix,none,g711-8k,g711-8k,na,LA_0037,2.216,16000,test,LA_E_3319317_g711-8k
data/attacks/awgn-snr5/LA_E_3319317.wav,fake,la_p4fix,none,awgn-snr5,snr5,na,LA_0037,2.216,16000,test,LA_E_3319317_awgn-snr5
data/attacks/awgn-snr10/LA_E_3319317.wav,fake,la_p4fix,none,awgn-snr10,snr10,na,LA_0037,2.216,16000,test,LA_E_3319317_awgn-snr10
data/attacks/bandpass-300-3400/LA_E_3319317.wav,fake,la_p4fix,none,bandpass-300-3400,bandpass300-3400,na,LA_0037,2.216,16000,test,LA_E_3319317_bandpass-300-3400
data/attacks/reverb-rt60-0.4/LA_E_3319317.wav,fake,la_p4fix,none,reverb-rt60-0.4,rt60-0.4,na,LA_0037,2.216,16000,test,LA_E_3319317_reverb-rt60-0.4
data/attacks/speed0.9/LA_E_3319317.wav,fake,la_p4fix,none,speed0.9,speed0.9,na,LA_0037,2.463,16000,test,LA_E_3319317_speed0.9
data/attacks/mp3-64k/LA_E_2317638.wav,fake,la_p4fix,none,mp3-64k,mp3-64k,na,LA_0027,1.908,16000,test,LA_E_2317638_mp3-64k
data/attacks/aac-128k/LA_E_2317638.wav,fake,la_p4fix,none,aac-128k,aac-128k,na,LA_0027,1.92,16000,test,LA_E_2317638_aac-128k
data/attacks/opus-32k/LA_E_2317638.wav,fake,la_p4fix,none,opus-32k,opus-32k,na,LA_0027,1.908,16000,test,LA_E_2317638_opus-32k
data/attacks/g711-8k/LA_E_2317638.wav,fake,la_p4fix,none,g711-8k,g711-8k,na,LA_0027,1.908,16000,test,LA_E_2317638_g711-8k
data/attacks/awgn-snr5/LA_E_2317638.wav,fake,la_p4fix,none,awgn-snr5,snr5,na,LA_0027,1.908,16000,test,LA_E_2317638_awgn-snr5
data/attacks/awgn-snr10/LA_E_2317638.wav,fake,la_p4fix,none,awgn-snr10,snr10,na,LA_0027,1.908,16000,test,LA_E_2317638_awgn-snr10
data/attacks/bandpass-300-3400/LA_E_2317638.wav,fake,la_p4fix,none,bandpass-300-3400,bandpass300-3400,na,LA_0027,1.908,16000,test,LA_E_2317638_bandpass-300-3400
data/attacks/reverb-rt60-0.4/LA_E_2317638.wav,fake,la_p4fix,none,reverb-rt60-0.4,rt60-0.4,na,LA_0027,1.908,16000,test,LA_E_2317638_reverb-rt60-0.4
data/attacks/speed0.9/LA_E_2317638.wav,fake,la_p4fix,none,speed0.9,speed0.9,na,LA_0027,2.12,16000,test,LA_E_2317638_speed0.9
data/attacks/mp3-64k/LA_E_8343193.wav,fake,la_p4fix,none,mp3-64k,mp3-64k,na,LA_0031,2.006,16000,test,LA_E_8343193_mp3-64k
data/attacks/aac-128k/LA_E_8343193.wav,fake,la_p4fix,none,aac-128k,aac-128k,na,LA_0031,2.048,16000,test,LA_E_8343193_aac-128k
data/attacks/opus-32k/LA_E_8343193.wav,fake,la_p4fix,none,opus-32k,opus-32k,na,LA_0031,2.006,16000,test,LA_E_8343193_opus-32k
data/attacks/g711-8k/LA_E_8343193.wav,fake,la_p4fix,none,g711-8k,g711-8k,na,LA_0031,2.006,16000,test,LA_E_8343193_g711-8k
data/attacks/awgn-snr5/LA_E_8343193.wav,fake,la_p4fix,none,awgn-snr5,snr5,na,LA_0031,2.006,16000,test,LA_E_8343193_awgn-snr5
data/attacks/awgn-snr10/LA_E_8343193.wav,fake,la_p4fix,none,awgn-snr10,snr10,na,LA_0031,2.006,16000,test,LA_E_8343193_awgn-snr10
data/attacks/bandpass-300-3400/LA_E_8343193.wav,fake,la_p4fix,none,bandpass-300-3400,bandpass300-3400,na,LA_0031,2.006,16000,test,LA_E_8343193_bandpass-300-3400
data/attacks/reverb-rt60-0.4/LA_E_8343193.wav,fake,la_p4fix,none,reverb-rt60-0.4,rt60-0.4,na,LA_0031,2.006,16000,test,LA_E_8343193_reverb-rt60-0.4
data/attacks/speed0.9/LA_E_8343193.wav,fake,la_p4fix,none,speed0.9,speed0.9,na,LA_0031,2.229,16000,test,LA_E_8343193_speed0.9
data/attacks/mp3-64k/LA_E_2436752.wav,fake,la_p4fix,none,mp3-64k,mp3-64k,na,LA_0039,1.882,16000,test,LA_E_2436752_mp3-64k
data/attacks/aac-128k/LA_E_2436752.wav,fake,la_p4fix,none,aac-128k,aac-128k,na,LA_0039,1.92,16000,test,LA_E_2436752_aac-128k
data/attacks/opus-32k/LA_E_2436752.wav,fake,la_p4fix,none,opus-32k,opus-32k,na,LA_0039,1.882,16000,test,LA_E_2436752_opus-32k
data/attacks/g711-8k/LA_E_2436752.wav,fake,la_p4fix,none,g711-8k,g711-8k,na,LA_0039,1.882,16000,test,LA_E_2436752_g711-8k
data/attacks/awgn-snr5/LA_E_2436752.wav,fake,la_p4fix,none,awgn-snr5,snr5,na,LA_0039,1.882,16000,test,LA_E_2436752_awgn-snr5
data/attacks/awgn-snr10/LA_E_2436752.wav,fake,la_p4fix,none,awgn-snr10,snr10,na,LA_0039,1.882,16000,test,LA_E_2436752_awgn-snr10
data/attacks/bandpass-300-3400/LA_E_2436752.wav,fake,la_p4fix,none,bandpass-300-3400,bandpass300-3400,na,LA_0039,1.882,16000,test,LA_E_2436752_bandpass-300-3400
data/attacks/reverb-rt60-0.4/LA_E_2436752.wav,fake,la_p4fix,none,reverb-rt60-0.4,rt60-0.4,na,LA_0039,1.882,16000,test,LA_E_2436752_reverb-rt60-0.4
data/attacks/speed0.9/LA_E_2436752.wav,fake,la_p4fix,none,speed0.9,speed0.9,na,LA_0039,2.091,16000,test,LA_E_2436752_speed0.9
data/attacks/mp3-64k/LA_E_3090904.wav,fake,la_p4fix,none,mp3-64k,mp3-64k,na,LA_0006,1.781,16000,test,LA_E_3090904_mp3-64k
data/attacks/aac-128k/LA_E_3090904.wav,fake,la_p4fix,none,aac-128k,aac-128k,na,LA_0006,1.792,16000,test,LA_E_3090904_aac-128k
data/attacks/opus-32k/LA_E_3090904.wav,fake,la_p4fix,none,opus-32k,opus-32k,na,LA_0006,1.781,16000,test,LA_E_3090904_opus-32k
data/attacks/g711-8k/LA_E_3090904.wav,fake,la_p4fix,none,g711-8k,g711-8k,na,LA_0006,1.781,16000,test,LA_E_3090904_g711-8k
data/attacks/awgn-snr5/LA_E_3090904.wav,fake,la_p4fix,none,awgn-snr5,snr5,na,LA_0006,1.781,16000,test,LA_E_3090904_awgn-snr5
data/attacks/awgn-snr10/LA_E_3090904.wav,fake,la_p4fix,none,awgn-snr10,snr10,na,LA_0006,1.781,16000,test,LA_E_3090904_awgn-snr10
data/attacks/bandpass-300-3400/LA_E_3090904.wav,fake,la_p4fix,none,bandpass-300-3400,bandpass300-3400,na,LA_0006,1.781,16000,test,LA_E_3090904_bandpass-300-3400
data/attacks/reverb-rt60-0.4/LA_E_3090904.wav,fake,la_p4fix,none,reverb-rt60-0.4,rt60-0.4,na,LA_0006,1.781,16000,test,LA_E_3090904_reverb-rt60-0.4
data/attacks/speed0.9/LA_E_3090904.wav,fake,la_p4fix,none,speed0.9,speed0.9,na,LA_0006,1.978,16000,test,LA_E_3090904_speed0.9
data/attacks/mp3-64k/LA_E_5152024.wav,fake,la_p4fix,none,mp3-64k,mp3-64k,na,LA_0010,0.96,16000,test,LA_E_5152024_mp3-64k
data/attacks/aac-128k/LA_E_5152024.wav,fake,la_p4fix,none,aac-128k,aac-128k,na,LA_0010,0.96,16000,test,LA_E_5152024_aac-128k
data/attacks/opus-32k/LA_E_5152024.wav,fake,la_p4fix,none,opus-32k,opus-32k,na,LA_0010,0.96,16000,test,LA_E_5152024_opus-32k
data/attacks/g711-8k/LA_E_5152024.wav,fake,la_p4fix,none,g711-8k,g711-8k,na,LA_0010,0.96,16000,test,LA_E_5152024_g711-8k
data/attacks/awgn-snr5/LA_E_5152024.wav,fake,la_p4fix,none,awgn-snr5,snr5,na,LA_0010,0.96,16000,test,LA_E_5152024_awgn-snr5
data/attacks/awgn-snr10/LA_E_5152024.wav,fake,la_p4fix,none,awgn-snr10,snr10,na,LA_0010,0.96,16000,test,LA_E_5152024_awgn-snr10
data/attacks/bandpass-300-3400/LA_E_5152024.wav,fake,la_p4fix,none,bandpass-300-3400,bandpass300-3400,na,LA_0010,0.96,16000,test,LA_E_5152024_bandpass-300-3400
data/attacks/reverb-rt60-0.4/LA_E_5152024.wav,fake,la_p4fix,none,reverb-rt60-0.4,rt60-0.4,na,LA_0010,0.96,16000,test,LA_E_5152024_reverb-rt60-0.4
data/attacks/speed0.9/LA_E_5152024.wav,fake,la_p4fix,none,speed0.9,speed0.9,na,LA_0010,1.067,16000,test,LA_E_5152024_speed0.9
data/attacks/mp3-64k/LA_E_7605852.wav,fake,la_p4fix,none,mp3-64k,mp3-64k,na,LA_0024,1.259,16000,test,LA_E_7605852_mp3-64k
data/attacks/aac-128k/LA_E_7605852.wav,fake,la_p4fix,none,aac-128k,aac-128k,na,LA_0024,1.28,16000,test,LA_E_7605852_aac-128k
data/attacks/opus-32k/LA_E_7605852.wav,fake,la_p4fix,none,opus-32k,opus-32k,na,LA_0024,1.259,16000,test,LA_E_7605852_opus-32k
data/attacks/g711-8k/LA_E_7605852.wav,fake,la_p4fix,none,g711-8k,g711-8k,na,LA_0024,1.259,16000,test,LA_E_7605852_g711-8k
data/attacks/awgn-snr5/LA_E_7605852.wav,fake,la_p4fix,none,awgn-snr5,snr5,na,LA_0024,1.259,16000,test,LA_E_7605852_awgn-snr5
data/attacks/awgn-snr10/LA_E_7605852.wav,fake,la_p4fix,none,awgn-snr10,snr10,na,LA_0024,1.259,16000,test,LA_E_7605852_awgn-snr10
data/attacks/bandpass-300-3400/LA_E_7605852.wav,fake,la_p4fix,none,bandpass-300-3400,bandpass300-3400,na,LA_0024,1.259,16000,test,LA_E_7605852_bandpass-300-3400
data/attacks/reverb-rt60-0.4/LA_E_7605852.wav,fake,la_p4fix,none,reverb-rt60-0.4,rt60-0.4,na,LA_0024,1.259,16000,test,LA_E_7605852_reverb-rt60-0.4
data/attacks/speed0.9/LA_E_7605852.wav,fake,la_p4fix,none,speed0.9,speed0.9,na,LA_0024,1.399,16000,test,LA_E_7605852_speed0.9
data/attacks/mp3-64k/LA_E_7729952.wav,fake,la_p4fix,none,mp3-64k,mp3-64k,na,LA_0040,2.379,16000,test,LA_E_7729952_mp3-64k
data/attacks/aac-128k/LA_E_7729952.wav,fake,la_p4fix,none,aac-128k,aac-128k,na,LA_0040,2.432,16000,test,LA_E_7729952_aac-128k
data/attacks/opus-32k/LA_E_7729952.wav,fake,la_p4fix,none,opus-32k,opus-32k,na,LA_0040,2.378,16000,test,LA_E_7729952_opus-32k
data/attacks/g711-8k/LA_E_7729952.wav,fake,la_p4fix,none,g711-8k,g711-8k,na,LA_0040,2.378,16000,test,LA_E_7729952_g711-8k
data/attacks/awgn-snr5/LA_E_7729952.wav,fake,la_p4fix,none,awgn-snr5,snr5,na,LA_0040,2.378,16000,test,LA_E_7729952_awgn-snr5
data/attacks/awgn-snr10/LA_E_7729952.wav,fake,la_p4fix,none,awgn-snr10,snr10,na,LA_0040,2.378,16000,test,LA_E_7729952_awgn-snr10
data/attacks/bandpass-300-3400/LA_E_7729952.wav,fake,la_p4fix,none,bandpass-300-3400,bandpass300-3400,na,LA_0040,2.378,16000,test,LA_E_7729952_bandpass-300-3400
data/attacks/reverb-rt60-0.4/LA_E_7729952.wav,fake,la_p4fix,none,reverb-rt60-0.4,rt60-0.4,na,LA_0040,2.378,16000,test,LA_E_7729952_reverb-rt60-0.4
data/attacks/speed0.9/LA_E_7729952.wav,fake,la_p4fix,none,speed0.9,speed0.9,na,LA_0040,2.643,16000,test,LA_E_7729952_speed0.9
data/attacks/mp3-64k/LA_E_9538541.wav,fake,la_p4fix,none,mp3-64k,mp3-64k,na,LA_0015,1.943,16000,test,LA_E_9538541_mp3-64k
data/attacks/aac-128k/LA_E_9538541.wav,fake,la_p4fix,none,aac-128k,aac-128k,na,LA_0015,1.984,16000,test,LA_E_9538541_aac-128k
data/attacks/opus-32k/LA_E_9538541.wav,fake,la_p4fix,none,opus-32k,opus-32k,na,LA_0015,1.943,16000,test,LA_E_9538541_opus-32k
data/attacks/g711-8k/LA_E_9538541.wav,fake,la_p4fix,none,g711-8k,g711-8k,na,LA_0015,1.943,16000,test,LA_E_9538541_g711-8k
data/attacks/awgn-snr5/LA_E_9538541.wav,fake,la_p4fix,none,awgn-snr5,snr5,na,LA_0015,1.943,16000,test,LA_E_9538541_awgn-snr5
data/attacks/awgn-snr10/LA_E_9538541.wav,fake,la_p4fix,none,awgn-snr10,snr10,na,LA_0015,1.943,16000,test,LA_E_9538541_awgn-snr10
data/attacks/bandpass-300-3400/LA_E_9538541.wav,fake,la_p4fix,none,bandpass-300-3400,bandpass300-3400,na,LA_0015,1.943,16000,test,LA_E_9538541_bandpass-300-3400
data/attacks/reverb-rt60-0.4/LA_E_9538541.wav,fake,la_p4fix,none,reverb-rt60-0.4,rt60-0.4,na,LA_0015,1.943,16000,test,LA_E_9538541_reverb-rt60-0.4
data/attacks/speed0.9/LA_E_9538541.wav,fake,la_p4fix,none,speed0.9,speed0.9,na,LA_0015,2.159,16000,test,LA_E_9538541_speed0.9
data/attacks/mp3-64k/LA_E_6310353.wav,fake,la_p4fix,none,mp3-64k,mp3-64k,na,LA_0005,5.78,16000,test,LA_E_6310353_mp3-64k
data/attacks/aac-128k/LA_E_6310353.wav,fake,la_p4fix,none,aac-128k,aac-128k,na,LA_0005,5.824,16000,test,LA_E_6310353_aac-128k
data/attacks/opus-32k/LA_E_6310353.wav,fake,la_p4fix,none,opus-32k,opus-32k,na,LA_0005,5.78,16000,test,LA_E_6310353_opus-32k
data/attacks/g711-8k/LA_E_6310353.wav,fake,la_p4fix,none,g711-8k,g711-8k,na,LA_0005,5.78,16000,test,LA_E_6310353_g711-8k
data/attacks/awgn-snr5/LA_E_6310353.wav,fake,la_p4fix,none,awgn-snr5,snr5,na,LA_0005,5.78,16000,test,LA_E_6310353_awgn-snr5
data/attacks/awgn-snr10/LA_E_6310353.wav,fake,la_p4fix,none,awgn-snr10,snr10,na,LA_0005,5.78,16000,test,LA_E_6310353_awgn-snr10
data/attacks/bandpass-300-3400/LA_E_6310353.wav,fake,la_p4fix,none,bandpass-300-3400,bandpass300-3400,na,LA_0005,5.78,16000,test,LA_E_6310353_bandpass-300-3400
data/attacks/reverb-rt60-0.4/LA_E_6310353.wav,fake,la_p4fix,none,reverb-rt60-0.4,rt60-0.4,na,LA_0005,5.78,16000,test,LA_E_6310353_reverb-rt60-0.4
data/attacks/speed0.9/LA_E_6310353.wav,fake,la_p4fix,none,speed0.9,speed0.9,na,LA_0005,6.422,16000,test,LA_E_6310353_speed0.9
data/attacks/mp3-64k/LA_E_3763197.wav,fake,la_p4fix,none,mp3-64k,mp3-64k,na,LA_0016,2.879,16000,test,LA_E_3763197_mp3-64k
data/attacks/aac-128k/LA_E_3763197.wav,fake,la_p4fix,none,aac-128k,aac-128k,na,LA_0016,2.88,16000,test,LA_E_3763197_aac-128k
data/attacks/opus-32k/LA_E_3763197.wav,fake,la_p4fix,none,opus-32k,opus-32k,na,LA_0016,2.879,16000,test,LA_E_3763197_opus-32k
data/attacks/g711-8k/LA_E_3763197.wav,fake,la_p4fix,none,g711-8k,g711-8k,na,LA_0016,2.879,16000,test,LA_E_3763197_g711-8k
data/attacks/awgn-snr5/LA_E_3763197.wav,fake,la_p4fix,none,awgn-snr5,snr5,na,LA_0016,2.879,16000,test,LA_E_3763197_awgn-snr5
data/attacks/awgn-snr10/LA_E_3763197.wav,fake,la_p4fix,none,awgn-snr10,snr10,na,LA_0016,2.879,16000,test,LA_E_3763197_awgn-snr10
data/attacks/bandpass-300-3400/LA_E_3763197.wav,fake,la_p4fix,none,bandpass-300-3400,bandpass300-3400,na,LA_0016,2.879,16000,test,LA_E_3763197_bandpass-300-3400
data/attacks/reverb-rt60-0.4/LA_E_3763197.wav,fake,la_p4fix,none,reverb-rt60-0.4,rt60-0.4,na,LA_0016,2.879,16000,test,LA_E_3763197_reverb-rt60-0.4
data/attacks/speed0.9/LA_E_3763197.wav,fake,la_p4fix,none,speed0.9,speed0.9,na,LA_0016,3.199,16000,test,LA_E_3763197_speed0.9
data/attacks/mp3-64k/LA_E_5522885.wav,fake,la_p4fix,none,mp3-64k,mp3-64k,na,LA_0032,3.331,16000,test,LA_E_5522885_mp3-64k
data/attacks/aac-128k/LA_E_5522885.wav,fake,la_p4fix,none,aac-128k,aac-128k,na,LA_0032,3.392,16000,test,LA_E_5522885_aac-128k
data/attacks/opus-32k/LA_E_5522885.wav,fake,la_p4fix,none,opus-32k,opus-32k,na,LA_0032,3.331,16000,test,LA_E_5522885_opus-32k
data/attacks/g711-8k/LA_E_5522885.wav,fake,la_p4fix,none,g711-8k,g711-8k,na,LA_0032,3.331,16000,test,LA_E_5522885_g711-8k
data/attacks/awgn-snr5/LA_E_5522885.wav,fake,la_p4fix,none,awgn-snr5,snr5,na,LA_0032,3.331,16000,test,LA_E_5522885_awgn-snr5
data/attacks/awgn-snr10/LA_E_5522885.wav,fake,la_p4fix,none,awgn-snr10,snr10,na,LA_0032,3.331,16000,test,LA_E_5522885_awgn-snr10
data/attacks/bandpass-300-3400/LA_E_5522885.wav,fake,la_p4fix,none,bandpass-300-3400,bandpass300-3400,na,LA_0032,3.331,16000,test,LA_E_5522885_bandpass-300-3400
data/attacks/reverb-rt60-0.4/LA_E_5522885.wav,fake,la_p4fix,none,reverb-rt60-0.4,rt60-0.4,na,LA_0032,3.331,16000,test,LA_E_5522885_reverb-rt60-0.4
data/attacks/speed0.9/LA_E_5522885.wav,fake,la_p4fix,none,speed0.9,speed0.9,na,LA_0032,3.701,16000,test,LA_E_5522885_speed0.9
data/attacks/mp3-64k/LA_E_7364537.wav,fake,la_p4fix,none,mp3-64k,mp3-64k,na,LA_0008,4.16,16000,test,LA_E_7364537_mp3-64k
data/attacks/aac-128k/LA_E_7364537.wav,fake,la_p4fix,none,aac-128k,aac-128k,na,LA_0008,4.16,16000,test,LA_E_7364537_aac-128k
data/attacks/opus-32k/LA_E_7364537.wav,fake,la_p4fix,none,opus-32k,opus-32k,na,LA_0008,4.16,16000,test,LA_E_7364537_opus-32k
data/attacks/g711-8k/LA_E_7364537.wav,fake,la_p4fix,none,g711-8k,g711-8k,na,LA_0008,4.16,16000,test,LA_E_7364537_g711-8k
data/attacks/awgn-snr5/LA_E_7364537.wav,fake,la_p4fix,none,awgn-snr5,snr5,na,LA_0008,4.16,16000,test,LA_E_7364537_awgn-snr5
data/attacks/awgn-snr10/LA_E_7364537.wav,fake,la_p4fix,none,awgn-snr10,snr10,na,LA_0008,4.16,16000,test,LA_E_7364537_awgn-snr10
data/attacks/bandpass-300-3400/LA_E_7364537.wav,fake,la_p4fix,none,bandpass-300-3400,bandpass300-3400,na,LA_0008,4.16,16000,test,LA_E_7364537_bandpass-300-3400
data/attacks/reverb-rt60-0.4/LA_E_7364537.wav,fake,la_p4fix,none,reverb-rt60-0.4,rt60-0.4,na,LA_0008,4.16,16000,test,LA_E_7364537_reverb-rt60-0.4
data/attacks/speed0.9/LA_E_7364537.wav,fake,la_p4fix,none,speed0.9,speed0.9,na,LA_0008,4.622,16000,test,LA_E_7364537_speed0.9
data/attacks/mp3-64k/LA_E_2890155.wav,fake,la_p4fix,none,mp3-64k,mp3-64k,na,LA_0026,1.167,16000,test,LA_E_2890155_mp3-64k
data/attacks/aac-128k/LA_E_2890155.wav,fake,la_p4fix,none,aac-128k,aac-128k,na,LA_0026,1.216,16000,test,LA_E_2890155_aac-128k
data/attacks/opus-32k/LA_E_2890155.wav,fake,la_p4fix,none,opus-32k,opus-32k,na,LA_0026,1.167,16000,test,LA_E_2890155_opus-32k
data/attacks/g711-8k/LA_E_2890155.wav,fake,la_p4fix,none,g711-8k,g711-8k,na,LA_0026,1.167,16000,test,LA_E_2890155_g711-8k
data/attacks/awgn-snr5/LA_E_2890155.wav,fake,la_p4fix,none,awgn-snr5,snr5,na,LA_0026,1.167,16000,test,LA_E_2890155_awgn-snr5
data/attacks/awgn-snr10/LA_E_2890155.wav,fake,la_p4fix,none,awgn-snr10,snr10,na,LA_0026,1.167,16000,test,LA_E_2890155_awgn-snr10
data/attacks/bandpass-300-3400/LA_E_2890155.wav,fake,la_p4fix,none,bandpass-300-3400,bandpass300-3400,na,LA_0026,1.167,16000,test,LA_E_2890155_bandpass-300-3400
data/attacks/reverb-rt60-0.4/LA_E_2890155.wav,fake,la_p4fix,none,reverb-rt60-0.4,rt60-0.4,na,LA_0026,1.167,16000,test,LA_E_2890155_reverb-rt60-0.4
data/attacks/speed0.9/LA_E_2890155.wav,fake,la_p4fix,none,speed0.9,speed0.9,na,LA_0026,1.296,16000,test,LA_E_2890155_speed0.9
data/attacks/mp3-64k/LA_E_4209664.wav,fake,la_p4fix,none,mp3-64k,mp3-64k,na,LA_0042,1.603,16000,test,LA_E_4209664_mp3-64k
data/attacks/aac-128k/LA_E_4209664.wav,fake,la_p4fix,none,aac-128k,aac-128k,na,LA_0042,1.664,16000,test,LA_E_4209664_aac-128k
data/attacks/opus-32k/LA_E_4209664.wav,fake,la_p4fix,none,opus-32k,opus-32k,na,LA_0042,1.603,16000,test,LA_E_4209664_opus-32k
data/attacks/g711-8k/LA_E_4209664.wav,fake,la_p4fix,none,g711-8k,g711-8k,na,LA_0042,1.603,16000,test,LA_E_4209664_g711-8k
data/attacks/awgn-snr5/LA_E_4209664.wav,fake,la_p4fix,none,awgn-snr5,snr5,na,LA_0042,1.603,16000,test,LA_E_4209664_awgn-snr5
data/attacks/awgn-snr10/LA_E_4209664.wav,fake,la_p4fix,none,awgn-snr10,snr10,na,LA_0042,1.603,16000,test,LA_E_4209664_awgn-snr10
data/attacks/bandpass-300-3400/LA_E_4209664.wav,fake,la_p4fix,none,bandpass-300-3400,bandpass300-3400,na,LA_0042,1.603,16000,test,LA_E_4209664_bandpass-300-3400
data/attacks/reverb-rt60-0.4/LA_E_4209664.wav,fake,la_p4fix,none,reverb-rt60-0.4,rt60-0.4,na,LA_0042,1.603,16000,test,LA_E_4209664_reverb-rt60-0.4
data/attacks/speed0.9/LA_E_4209664.wav,fake,la_p4fix,none,speed0.9,speed0.9,na,LA_0042,1.782,16000,test,LA_E_4209664_speed0.9
data/attacks/mp3-64k/LA_E_2507557.wav,fake,la_p4fix,none,mp3-64k,mp3-64k,na,LA_0025,1.04,16000,test,LA_E_2507557_mp3-64k
data/attacks/aac-128k/LA_E_2507557.wav,fake,la_p4fix,none,aac-128k,aac-128k,na,LA_0025,1.088,16000,test,LA_E_2507557_aac-128k
data/attacks/opus-32k/LA_E_2507557.wav,fake,la_p4fix,none,opus-32k,opus-32k,na,LA_0025,1.04,16000,test,LA_E_2507557_opus-32k
data/attacks/g711-8k/LA_E_2507557.wav,fake,la_p4fix,none,g711-8k,g711-8k,na,LA_0025,1.04,16000,test,LA_E_2507557_g711-8k
data/attacks/awgn-snr5/LA_E_2507557.wav,fake,la_p4fix,none,awgn-snr5,snr5,na,LA_0025,1.04,16000,test,LA_E_2507557_awgn-snr5
data/attacks/awgn-snr10/LA_E_2507557.wav,fake,la_p4fix,none,awgn-snr10,snr10,na,LA_0025,1.04,16000,test,LA_E_2507557_awgn-snr10
data/attacks/bandpass-300-3400/LA_E_2507557.wav,fake,la_p4fix,none,bandpass-300-3400,bandpass300-3400,na,LA_0025,1.04,16000,test,LA_E_2507557_bandpass-300-3400
data/attacks/reverb-rt60-0.4/LA_E_2507557.wav,fake,la_p4fix,none,reverb-rt60-0.4,rt60-0.4,na,LA_0025,1.04,16000,test,LA_E_2507557_reverb-rt60-0.4
data/attacks/speed0.9/LA_E_2507557.wav,fake,la_p4fix,none,speed0.9,speed0.9,na,LA_0025,1.155,16000,test,LA_E_2507557_speed0.9
data/attacks/mp3-64k/LA_E_8813173.wav,fake,la_p4fix,none,mp3-64k,mp3-64k,na,LA_0007,1.345,16000,test,LA_E_8813173_mp3-64k
data/attacks/aac-128k/LA_E_8813173.wav,fake,la_p4fix,none,aac-128k,aac-128k,na,LA_0007,1.408,16000,test,LA_E_8813173_aac-128k
data/attacks/opus-32k/LA_E_8813173.wav,fake,la_p4fix,none,opus-32k,opus-32k,na,LA_0007,1.345,16000,test,LA_E_8813173_opus-32k
data/attacks/g711-8k/LA_E_8813173.wav,fake,la_p4fix,none,g711-8k,g711-8k,na,LA_0007,1.345,16000,test,LA_E_8813173_g711-8k
data/attacks/awgn-snr5/LA_E_8813173.wav,fake,la_p4fix,none,awgn-snr5,snr5,na,LA_0007,1.345,16000,test,LA_E_8813173_awgn-snr5
data/attacks/awgn-snr10/LA_E_8813173.wav,fake,la_p4fix,none,awgn-snr10,snr10,na,LA_0007,1.345,16000,test,LA_E_8813173_awgn-snr10
data/attacks/bandpass-300-3400/LA_E_8813173.wav,fake,la_p4fix,none,bandpass-300-3400,bandpass300-3400,na,LA_0007,1.345,16000,test,LA_E_8813173_bandpass-300-3400
data/attacks/reverb-rt60-0.4/LA_E_8813173.wav,fake,la_p4fix,none,reverb-rt60-0.4,rt60-0.4,na,LA_0007,1.345,16000,test,LA_E_8813173_reverb-rt60-0.4
data/attacks/speed0.9/LA_E_8813173.wav,fake,la_p4fix,none,speed0.9,speed0.9,na,LA_0007,1.494,16000,test,LA_E_8813173_speed0.9
data/attacks/mp3-64k/LA_E_4133659.wav,fake,la_p4fix,none,mp3-64k,mp3-64k,na,LA_0013,2.429,16000,test,LA_E_4133659_mp3-64k
data/attacks/aac-128k/LA_E_4133659.wav,fake,la_p4fix,none,aac-128k,aac-128k,na,LA_0013,2.432,16000,test,LA_E_4133659_aac-128k
data/attacks/opus-32k/LA_E_4133659.wav,fake,la_p4fix,none,opus-32k,opus-32k,na,LA_0013,2.429,16000,test,LA_E_4133659_opus-32k
data/attacks/g711-8k/LA_E_4133659.wav,fake,la_p4fix,none,g711-8k,g711-8k,na,LA_0013,2.429,16000,test,LA_E_4133659_g711-8k
data/attacks/awgn-snr5/LA_E_4133659.wav,fake,la_p4fix,none,awgn-snr5,snr5,na,LA_0013,2.429,16000,test,LA_E_4133659_awgn-snr5
data/attacks/awgn-snr10/LA_E_4133659.wav,fake,la_p4fix,none,awgn-snr10,snr10,na,LA_0013,2.429,16000,test,LA_E_4133659_awgn-snr10
data/attacks/bandpass-300-3400/LA_E_4133659.wav,fake,la_p4fix,none,bandpass-300-3400,bandpass300-3400,na,LA_0013,2.429,16000,test,LA_E_4133659_bandpass-300-3400
data/attacks/reverb-rt60-0.4/LA_E_4133659.wav,fake,la_p4fix,none,reverb-rt60-0.4,rt60-0.4,na,LA_0013,2.429,16000,test,LA_E_4133659_reverb-rt60-0.4
data/attacks/speed0.9/LA_E_4133659.wav,fake,la_p4fix,none,speed0.9,speed0.9,na,LA_0013,2.699,16000,test,LA_E_4133659_speed0.9
data/attacks/mp3-64k/LA_E_6719096.wav,fake,la_p4fix,none,mp3-64k,mp3-64k,na,LA_0030,2.596,16000,test,LA_E_6719096_mp3-64k
data/attacks/aac-128k/LA_E_6719096.wav,fake,la_p4fix,none,aac-128k,aac-128k,na,LA_0030,2.624,16000,test,LA_E_6719096_aac-128k
data/attacks/opus-32k/LA_E_6719096.wav,fake,la_p4fix,none,opus-32k,opus-32k,na,LA_0030,2.596,16000,test,LA_E_6719096_opus-32k
data/attacks/g711-8k/LA_E_6719096.wav,fake,la_p4fix,none,g711-8k,g711-8k,na,LA_0030,2.596,16000,test,LA_E_6719096_g711-8k
data/attacks/awgn-snr5/LA_E_6719096.wav,fake,la_p4fix,none,awgn-snr5,snr5,na,LA_0030,2.596,16000,test,LA_E_6719096_awgn-snr5
data/attacks/awgn-snr10/LA_E_6719096.wav,fake,la_p4fix,none,awgn-snr10,snr10,na,LA_0030,2.596,16000,test,LA_E_6719096_awgn-snr10
data/attacks/bandpass-300-3400/LA_E_6719096.wav,fake,la_p4fix,none,bandpass-300-3400,bandpass300-3400,na,LA_0030,2.596,16000,test,LA_E_6719096_bandpass-300-3400
data/attacks/reverb-rt60-0.4/LA_E_6719096.wav,fake,la_p4fix,none,reverb-rt60-0.4,rt60-0.4,na,LA_0030,2.596,16000,test,LA_E_6719096_reverb-rt60-0.4
data/attacks/speed0.9/LA_E_6719096.wav,fake,la_p4fix,none,speed0.9,speed0.9,na,LA_0030,2.885,16000,test,LA_E_6719096_speed0.9
data/attacks/mp3-64k/LA_E_2980248.wav,fake,la_p4fix,none,mp3-64k,mp3-64k,na,LA_0027,2.135,16000,test,LA_E_2980248_mp3-64k
data/attacks/aac-128k/LA_E_2980248.wav,fake,la_p4fix,none,aac-128k,aac-128k,na,LA_0027,2.176,16000,test,LA_E_2980248_aac-128k
data/attacks/opus-32k/LA_E_2980248.wav,fake,la_p4fix,none,opus-32k,opus-32k,na,LA_0027,2.135,16000,test,LA_E_2980248_opus-32k
data/attacks/g711-8k/LA_E_2980248.wav,fake,la_p4fix,none,g711-8k,g711-8k,na,LA_0027,2.135,16000,test,LA_E_2980248_g711-8k
data/attacks/awgn-snr5/LA_E_2980248.wav,fake,la_p4fix,none,awgn-snr5,snr5,na,LA_0027,2.135,16000,test,LA_E_2980248_awgn-snr5
data/attacks/awgn-snr10/LA_E_2980248.wav,fake,la_p4fix,none,awgn-snr10,snr10,na,LA_0027,2.135,16000,test,LA_E_2980248_awgn-snr10
data/attacks/bandpass-300-3400/LA_E_2980248.wav,fake,la_p4fix,none,bandpass-300-3400,bandpass300-3400,na,LA_0027,2.135,16000,test,LA_E_2980248_bandpass-300-3400
data/attacks/reverb-rt60-0.4/LA_E_2980248.wav,fake,la_p4fix,none,reverb-rt60-0.4,rt60-0.4,na,LA_0027,2.135,16000,test,LA_E_2980248_reverb-rt60-0.4
data/attacks/speed0.9/LA_E_2980248.wav,fake,la_p4fix,none,speed0.9,speed0.9,na,LA_0027,2.373,16000,test,LA_E_2980248_speed0.9
data/attacks/mp3-64k/LA_E_2214168.wav,fake,la_p4fix,none,mp3-64k,mp3-64k,na,LA_0041,1.132,16000,test,LA_E_2214168_mp3-64k
data/attacks/aac-128k/LA_E_2214168.wav,fake,la_p4fix,none,aac-128k,aac-128k,na,LA_0041,1.152,16000,test,LA_E_2214168_aac-128k
data/attacks/opus-32k/LA_E_2214168.wav,fake,la_p4fix,none,opus-32k,opus-32k,na,LA_0041,1.132,16000,test,LA_E_2214168_opus-32k
data/attacks/g711-8k/LA_E_2214168.wav,fake,la_p4fix,none,g711-8k,g711-8k,na,LA_0041,1.133,16000,test,LA_E_2214168_g711-8k
data/attacks/awgn-snr5/LA_E_2214168.wav,fake,la_p4fix,none,awgn-snr5,snr5,na,LA_0041,1.132,16000,test,LA_E_2214168_awgn-snr5
data/attacks/awgn-snr10/LA_E_2214168.wav,fake,la_p4fix,none,awgn-snr10,snr10,na,LA_0041,1.132,16000,test,LA_E_2214168_awgn-snr10
data/attacks/bandpass-300-3400/LA_E_2214168.wav,fake,la_p4fix,none,bandpass-300-3400,bandpass300-3400,na,LA_0041,1.132,16000,test,LA_E_2214168_bandpass-300-3400
data/attacks/reverb-rt60-0.4/LA_E_2214168.wav,fake,la_p4fix,none,reverb-rt60-0.4,rt60-0.4,na,LA_0041,1.132,16000,test,LA_E_2214168_reverb-rt60-0.4
data/attacks/speed0.9/LA_E_2214168.wav,fake,la_p4fix,none,speed0.9,speed0.9,na,LA_0041,1.258,16000,test,LA_E_2214168_speed0.9
data/attacks/mp3-64k/LA_E_4156462.wav,fake,la_p4fix,none,mp3-64k,mp3-64k,na,LA_0033,1.667,16000,test,LA_E_4156462_mp3-64k
data/attacks/aac-128k/LA_E_4156462.wav,fake,la_p4fix,none,aac-128k,aac-128k,na,LA_0033,1.728,16000,test,LA_E_4156462_aac-128k
data/attacks/opus-32k/LA_E_4156462.wav,fake,la_p4fix,none,opus-32k,opus-32k,na,LA_0033,1.667,16000,test,LA_E_4156462_opus-32k
data/attacks/g711-8k/LA_E_4156462.wav,fake,la_p4fix,none,g711-8k,g711-8k,na,LA_0033,1.667,16000,test,LA_E_4156462_g711-8k
data/attacks/awgn-snr5/LA_E_4156462.wav,fake,la_p4fix,none,awgn-snr5,snr5,na,LA_0033,1.667,16000,test,LA_E_4156462_awgn-snr5
data/attacks/awgn-snr10/LA_E_4156462.wav,fake,la_p4fix,none,awgn-snr10,snr10,na,LA_0033,1.667,16000,test,LA_E_4156462_awgn-snr10
data/attacks/bandpass-300-3400/LA_E_4156462.wav,fake,la_p4fix,none,bandpass-300-3400,bandpass300-3400,na,LA_0033,1.667,16000,test,LA_E_4156462_bandpass-300-3400
data/attacks/reverb-rt60-0.4/LA_E_4156462.wav,fake,la_p4fix,none,reverb-rt60-0.4,rt60-0.4,na,LA_0033,1.667,16000,test,LA_E_4156462_reverb-rt60-0.4
data/attacks/speed0.9/LA_E_4156462.wav,fake,la_p4fix,none,speed0.9,speed0.9,na,LA_0033,1.852,16000,test,LA_E_4156462_speed0.9
data/attacks/mp3-64k/LA_E_5923174.wav,fake,la_p4fix,none,mp3-64k,mp3-64k,na,LA_0036,3.018,16000,test,LA_E_5923174_mp3-64k
data/attacks/aac-128k/LA_E_5923174.wav,fake,la_p4fix,none,aac-128k,aac-128k,na,LA_0036,3.072,16000,test,LA_E_5923174_aac-128k
data/attacks/opus-32k/LA_E_5923174.wav,fake,la_p4fix,none,opus-32k,opus-32k,na,LA_0036,3.018,16000,test,LA_E_5923174_opus-32k
data/attacks/g711-8k/LA_E_5923174.wav,fake,la_p4fix,none,g711-8k,g711-8k,na,LA_0036,3.018,16000,test,LA_E_5923174_g711-8k
data/attacks/awgn-snr5/LA_E_5923174.wav,fake,la_p4fix,none,awgn-snr5,snr5,na,LA_0036,3.018,16000,test,LA_E_5923174_awgn-snr5
data/attacks/awgn-snr10/LA_E_5923174.wav,fake,la_p4fix,none,awgn-snr10,snr10,na,LA_0036,3.018,16000,test,LA_E_5923174_awgn-snr10
data/attacks/bandpass-300-3400/LA_E_5923174.wav,fake,la_p4fix,none,bandpass-300-3400,bandpass300-3400,na,LA_0036,3.018,16000,test,LA_E_5923174_bandpass-300-3400
data/attacks/reverb-rt60-0.4/LA_E_5923174.wav,fake,la_p4fix,none,reverb-rt60-0.4,rt60-0.4,na,LA_0036,3.018,16000,test,LA_E_5923174_reverb-rt60-0.4
data/attacks/speed0.9/LA_E_5923174.wav,fake,la_p4fix,none,speed0.9,speed0.9,na,LA_0036,3.353,16000,test,LA_E_5923174_speed0.9
data/attacks/mp3-64k/LA_E_7923890.wav,fake,la_p4fix,none,mp3-64k,mp3-64k,na,LA_0014,3.103,16000,test,LA_E_7923890_mp3-64k
data/attacks/aac-128k/LA_E_7923890.wav,fake,la_p4fix,none,aac-128k,aac-128k,na,LA_0014,3.136,16000,test,LA_E_7923890_aac-128k
data/attacks/opus-32k/LA_E_7923890.wav,fake,la_p4fix,none,opus-32k,opus-32k,na,LA_0014,3.103,16000,test,LA_E_7923890_opus-32k
data/attacks/g711-8k/LA_E_7923890.wav,fake,la_p4fix,none,g711-8k,g711-8k,na,LA_0014,3.103,16000,test,LA_E_7923890_g711-8k
data/attacks/awgn-snr5/LA_E_7923890.wav,fake,la_p4fix,none,awgn-snr5,snr5,na,LA_0014,3.103,16000,test,LA_E_7923890_awgn-snr5
data/attacks/awgn-snr10/LA_E_7923890.wav,fake,la_p4fix,none,awgn-snr10,snr10,na,LA_0014,3.103,16000,test,LA_E_7923890_awgn-snr10
data/attacks/bandpass-300-3400/LA_E_7923890.wav,fake,la_p4fix,none,bandpass-300-3400,bandpass300-3400,na,LA_0014,3.103,16000,test,LA_E_7923890_bandpass-300-3400
data/attacks/reverb-rt60-0.4/LA_E_7923890.wav,fake,la_p4fix,none,reverb-rt60-0.4,rt60-0.4,na,LA_0014,3.103,16000,test,LA_E_7923890_reverb-rt60-0.4
data/attacks/speed0.9/LA_E_7923890.wav,fake,la_p4fix,none,speed0.9,speed0.9,na,LA_0014,3.448,16000,test,LA_E_7923890_speed0.9
data/attacks/mp3-64k/LA_E_7351500.wav,fake,la_p4fix,none,mp3-64k,mp3-64k,na,LA_0014,1.458,16000,test,LA_E_7351500_mp3-64k
data/attacks/aac-128k/LA_E_7351500.wav,fake,la_p4fix,none,aac-128k,aac-128k,na,LA_0014,1.472,16000,test,LA_E_7351500_aac-128k
data/attacks/opus-32k/LA_E_7351500.wav,fake,la_p4fix,none,opus-32k,opus-32k,na,LA_0014,1.458,16000,test,LA_E_7351500_opus-32k
data/attacks/g711-8k/LA_E_7351500.wav,fake,la_p4fix,none,g711-8k,g711-8k,na,LA_0014,1.458,16000,test,LA_E_7351500_g711-8k
data/attacks/awgn-snr5/LA_E_7351500.wav,fake,la_p4fix,none,awgn-snr5,snr5,na,LA_0014,1.458,16000,test,LA_E_7351500_awgn-snr5
data/attacks/awgn-snr10/LA_E_7351500.wav,fake,la_p4fix,none,awgn-snr10,snr10,na,LA_0014,1.458,16000,test,LA_E_7351500_awgn-snr10
data/attacks/bandpass-300-3400/LA_E_7351500.wav,fake,la_p4fix,none,bandpass-300-3400,bandpass300-3400,na,LA_0014,1.458,16000,test,LA_E_7351500_bandpass-300-3400
data/attacks/reverb-rt60-0.4/LA_E_7351500.wav,fake,la_p4fix,none,reverb-rt60-0.4,rt60-0.4,na,LA_0014,1.458,16000,test,LA_E_7351500_reverb-rt60-0.4
data/attacks/speed0.9/LA_E_7351500.wav,fake,la_p4fix,none,speed0.9,speed0.9,na,LA_0014,1.619,16000,test,LA_E_7351500_speed0.9
data/attacks/mp3-64k/LA_E_8145561.wav,fake,la_p4fix,none,mp3-64k,mp3-64k,na,LA_0006,5.229,16000,test,LA_E_8145561_mp3-64k
data/attacks/aac-128k/LA_E_8145561.wav,fake,la_p4fix,none,aac-128k,aac-128k,na,LA_0006,5.248,16000,test,LA_E_8145561_aac-128k
data/attacks/opus-32k/LA_E_8145561.wav,fake,la_p4fix,none,opus-32k,opus-32k,na,LA_0006,5.229,16000,test,LA_E_8145561_opus-32k
data/attacks/g711-8k/LA_E_8145561.wav,fake,la_p4fix,none,g711-8k,g711-8k,na,LA_0006,5.229,16000,test,LA_E_8145561_g711-8k
data/attacks/awgn-snr5/LA_E_8145561.wav,fake,la_p4fix,none,awgn-snr5,snr5,na,LA_0006,5.229,16000,test,LA_E_8145561_awgn-snr5
data/attacks/awgn-snr10/LA_E_8145561.wav,fake,la_p4fix,none,awgn-snr10,snr10,na,LA_0006,5.229,16000,test,LA_E_8145561_awgn-snr10
data/attacks/bandpass-300-3400/LA_E_8145561.wav,fake,la_p4fix,none,bandpass-300-3400,bandpass300-3400,na,LA_0006,5.229,16000,test,LA_E_8145561_bandpass-300-3400
data/attacks/reverb-rt60-0.4/LA_E_8145561.wav,fake,la_p4fix,none,reverb-rt60-0.4,rt60-0.4,na,LA_0006,5.229,16000,test,LA_E_8145561_reverb-rt60-0.4
data/attacks/speed0.9/LA_E_8145561.wav,fake,la_p4fix,none,speed0.9,speed0.9,na,LA_0006,5.81,16000,test,LA_E_8145561_speed0.9
data/attacks/mp3-64k/LA_E_5145916.wav,fake,la_p4fix,none,mp3-64k,mp3-64k,na,LA_0026,4.31,16000,test,LA_E_5145916_mp3-64k
data/attacks/aac-128k/LA_E_5145916.wav,fake,la_p4fix,none,aac-128k,aac-128k,na,LA_0026,4.352,16000,test,LA_E_5145916_aac-128k
data/attacks/opus-32k/LA_E_5145916.wav,fake,la_p4fix,none,opus-32k,opus-32k,na,LA_0026,4.31,16000,test,LA_E_5145916_opus-32k
data/attacks/g711-8k/LA_E_5145916.wav,fake,la_p4fix,none,g711-8k,g711-8k,na,LA_0026,4.31,16000,test,LA_E_5145916_g711-8k
data/attacks/awgn-snr5/LA_E_5145916.wav,fake,la_p4fix,none,awgn-snr5,snr5,na,LA_0026,4.31,16000,test,LA_E_5145916_awgn-snr5
data/attacks/awgn-snr10/LA_E_5145916.wav,fake,la_p4fix,none,awgn-snr10,snr10,na,LA_0026,4.31,16000,test,LA_E_5145916_awgn-snr10
data/attacks/bandpass-300-3400/LA_E_5145916.wav,fake,la_p4fix,none,bandpass-300-3400,bandpass300-3400,na,LA_0026,4.31,16000,test,LA_E_5145916_bandpass-300-3400
data/attacks/reverb-rt60-0.4/LA_E_5145916.wav,fake,la_p4fix,none,reverb-rt60-0.4,rt60-0.4,na,LA_0026,4.31,16000,test,LA_E_5145916_reverb-rt60-0.4
data/attacks/speed0.9/LA_E_5145916.wav,fake,la_p4fix,none,speed0.9,speed0.9,na,LA_0026,4.789,16000,test,LA_E_5145916_speed0.9
data/attacks/mp3-64k/LA_E_3579160.wav,fake,la_p4fix,none,mp3-64k,mp3-64k,na,LA_0017,1.48,16000,test,LA_E_3579160_mp3-64k
data/attacks/aac-128k/LA_E_3579160.wav,fake,la_p4fix,none,aac-128k,aac-128k,na,LA_0017,1.536,16000,test,LA_E_3579160_aac-128k
data/attacks/opus-32k/LA_E_3579160.wav,fake,la_p4fix,none,opus-32k,opus-32k,na,LA_0017,1.48,16000,test,LA_E_3579160_opus-32k
data/attacks/g711-8k/LA_E_3579160.wav,fake,la_p4fix,none,g711-8k,g711-8k,na,LA_0017,1.48,16000,test,LA_E_3579160_g711-8k
data/attacks/awgn-snr5/LA_E_3579160.wav,fake,la_p4fix,none,awgn-snr5,snr5,na,LA_0017,1.48,16000,test,LA_E_3579160_awgn-snr5
data/attacks/awgn-snr10/LA_E_3579160.wav,fake,la_p4fix,none,awgn-snr10,snr10,na,LA_0017,1.48,16000,test,LA_E_3579160_awgn-snr10
data/attacks/bandpass-300-3400/LA_E_3579160.wav,fake,la_p4fix,none,bandpass-300-3400,bandpass300-3400,na,LA_0017,1.48,16000,test,LA_E_3579160_bandpass-300-3400
data/attacks/reverb-rt60-0.4/LA_E_3579160.wav,fake,la_p4fix,none,reverb-rt60-0.4,rt60-0.4,na,LA_0017,1.48,16000,test,LA_E_3579160_reverb-rt60-0.4
data/attacks/speed0.9/LA_E_3579160.wav,fake,la_p4fix,none,speed0.9,speed0.9,na,LA_0017,1.645,16000,test,LA_E_3579160_speed0.9
data/attacks/mp3-64k/LA_E_1281318.wav,fake,la_p4fix,none,mp3-64k,mp3-64k,na,LA_0033,1.541,16000,test,LA_E_1281318_mp3-64k
data/attacks/aac-128k/LA_E_1281318.wav,fake,la_p4fix,none,aac-128k,aac-128k,na,LA_0033,1.6,16000,test,LA_E_1281318_aac-128k
data/attacks/opus-32k/LA_E_1281318.wav,fake,la_p4fix,none,opus-32k,opus-32k,na,LA_0033,1.541,16000,test,LA_E_1281318_opus-32k
data/attacks/g711-8k/LA_E_1281318.wav,fake,la_p4fix,none,g711-8k,g711-8k,na,LA_0033,1.541,16000,test,LA_E_1281318_g711-8k
data/attacks/awgn-snr5/LA_E_1281318.wav,fake,la_p4fix,none,awgn-snr5,snr5,na,LA_0033,1.541,16000,test,LA_E_1281318_awgn-snr5
data/attacks/awgn-snr10/LA_E_1281318.wav,fake,la_p4fix,none,awgn-snr10,snr10,na,LA_0033,1.541,16000,test,LA_E_1281318_awgn-snr10
data/attacks/bandpass-300-3400/LA_E_1281318.wav,fake,la_p4fix,none,bandpass-300-3400,bandpass300-3400,na,LA_0033,1.541,16000,test,LA_E_1281318_bandpass-300-3400
data/attacks/reverb-rt60-0.4/LA_E_1281318.wav,fake,la_p4fix,none,reverb-rt60-0.4,rt60-0.4,na,LA_0033,1.541,16000,test,LA_E_1281318_reverb-rt60-0.4
data/attacks/speed0.9/LA_E_1281318.wav,fake,la_p4fix,none,speed0.9,speed0.9,na,LA_0033,1.712,16000,test,LA_E_1281318_speed0.9
data/attacks/mp3-64k/LA_E_8265152.wav,fake,la_p4fix,none,mp3-64k,mp3-64k,na,LA_0041,2.703,16000,test,LA_E_8265152_mp3-64k
data/attacks/aac-128k/LA_E_8265152.wav,fake,la_p4fix,none,aac-128k,aac-128k,na,LA_0041,2.752,16000,test,LA_E_8265152_aac-128k
data/attacks/opus-32k/LA_E_8265152.wav,fake,la_p4fix,none,opus-32k,opus-32k,na,LA_0041,2.702,16000,test,LA_E_8265152_opus-32k
data/attacks/g711-8k/LA_E_8265152.wav,fake,la_p4fix,none,g711-8k,g711-8k,na,LA_0041,2.702,16000,test,LA_E_8265152_g711-8k
data/attacks/awgn-snr5/LA_E_8265152.wav,fake,la_p4fix,none,awgn-snr5,snr5,na,LA_0041,2.702,16000,test,LA_E_8265152_awgn-snr5
data/attacks/awgn-snr10/LA_E_8265152.wav,fake,la_p4fix,none,awgn-snr10,snr10,na,LA_0041,2.702,16000,test,LA_E_8265152_awgn-snr10
data/attacks/bandpass-300-3400/LA_E_8265152.wav,fake,la_p4fix,none,bandpass-300-3400,bandpass300-3400,na,LA_0041,2.702,16000,test,LA_E_8265152_bandpass-300-3400
data/attacks/reverb-rt60-0.4/LA_E_8265152.wav,fake,la_p4fix,none,reverb-rt60-0.4,rt60-0.4,na,LA_0041,2.702,16000,test,LA_E_8265152_reverb-rt60-0.4
data/attacks/speed0.9/LA_E_8265152.wav,fake,la_p4fix,none,speed0.9,speed0.9,na,LA_0041,3.002,16000,test,LA_E_8265152_speed0.9
data/attacks/mp3-64k/LA_E_5473415.wav,fake,la_p4fix,none,mp3-64k,mp3-64k,na,LA_0039,1.218,16000,test,LA_E_5473415_mp3-64k
data/attacks/aac-128k/LA_E_5473415.wav,fake,la_p4fix,none,aac-128k,aac-128k,na,LA_0039,1.28,16000,test,LA_E_5473415_aac-128k
data/attacks/opus-32k/LA_E_5473415.wav,fake,la_p4fix,none,opus-32k,opus-32k,na,LA_0039,1.218,16000,test,LA_E_5473415_opus-32k
data/attacks/g711-8k/LA_E_5473415.wav,fake,la_p4fix,none,g711-8k,g711-8k,na,LA_0039,1.218,16000,test,LA_E_5473415_g711-8k
data/attacks/awgn-snr5/LA_E_5473415.wav,fake,la_p4fix,none,awgn-snr5,snr5,na,LA_0039,1.218,16000,test,LA_E_5473415_awgn-snr5
data/attacks/awgn-snr10/LA_E_5473415.wav,fake,la_p4fix,none,awgn-snr10,snr10,na,LA_0039,1.218,16000,test,LA_E_5473415_awgn-snr10
data/attacks/bandpass-300-3400/LA_E_5473415.wav,fake,la_p4fix,none,bandpass-300-3400,bandpass300-3400,na,LA_0039,1.218,16000,test,LA_E_5473415_bandpass-300-3400
data/attacks/reverb-rt60-0.4/LA_E_5473415.wav,fake,la_p4fix,none,reverb-rt60-0.4,rt60-0.4,na,LA_0039,1.218,16000,test,LA_E_5473415_reverb-rt60-0.4
data/attacks/speed0.9/LA_E_5473415.wav,fake,la_p4fix,none,speed0.9,speed0.9,na,LA_0039,1.353,16000,test,LA_E_5473415_speed0.9
data/attacks/mp3-64k/LA_E_5352427.wav,fake,la_p4fix,none,mp3-64k,mp3-64k,na,LA_0005,1.703,16000,test,LA_E_5352427_mp3-64k
data/attacks/aac-128k/LA_E_5352427.wav,fake,la_p4fix,none,aac-128k,aac-128k,na,LA_0005,1.728,16000,test,LA_E_5352427_aac-128k
data/attacks/opus-32k/LA_E_5352427.wav,fake,la_p4fix,none,opus-32k,opus-32k,na,LA_0005,1.703,16000,test,LA_E_5352427_opus-32k
data/attacks/g711-8k/LA_E_5352427.wav,fake,la_p4fix,none,g711-8k,g711-8k,na,LA_0005,1.703,16000,test,LA_E_5352427_g711-8k
data/attacks/awgn-snr5/LA_E_5352427.wav,fake,la_p4fix,none,awgn-snr5,snr5,na,LA_0005,1.703,16000,test,LA_E_5352427_awgn-snr5
data/attacks/awgn-snr10/LA_E_5352427.wav,fake,la_p4fix,none,awgn-snr10,snr10,na,LA_0005,1.703,16000,test,LA_E_5352427_awgn-snr10
data/attacks/bandpass-300-3400/LA_E_5352427.wav,fake,la_p4fix,none,bandpass-300-3400,bandpass300-3400,na,LA_0005,1.703,16000,test,LA_E_5352427_bandpass-300-3400
data/attacks/reverb-rt60-0.4/LA_E_5352427.wav,fake,la_p4fix,none,reverb-rt60-0.4,rt60-0.4,na,LA_0005,1.703,16000,test,LA_E_5352427_reverb-rt60-0.4
data/attacks/speed0.9/LA_E_5352427.wav,fake,la_p4fix,none,speed0.9,speed0.9,na,LA_0005,1.892,16000,test,LA_E_5352427_speed0.9
data/attacks/mp3-64k/LA_E_1906848.wav,fake,la_p4fix,none,mp3-64k,mp3-64k,na,LA_0010,1.103,16000,test,LA_E_1906848_mp3-64k
data/attacks/aac-128k/LA_E_1906848.wav,fake,la_p4fix,none,aac-128k,aac-128k,na,LA_0010,1.152,16000,test,LA_E_1906848_aac-128k
data/attacks/opus-32k/LA_E_1906848.wav,fake,la_p4fix,none,opus-32k,opus-32k,na,LA_0010,1.103,16000,test,LA_E_1906848_opus-32k
data/attacks/g711-8k/LA_E_1906848.wav,fake,la_p4fix,none,g711-8k,g711-8k,na,LA_0010,1.103,16000,test,LA_E_1906848_g711-8k
data/attacks/awgn-snr5/LA_E_1906848.wav,fake,la_p4fix,none,awgn-snr5,snr5,na,LA_0010,1.103,16000,test,LA_E_1906848_awgn-snr5
data/attacks/awgn-snr10/LA_E_1906848.wav,fake,la_p4fix,none,awgn-snr10,snr10,na,LA_0010,1.103,16000,test,LA_E_1906848_awgn-snr10
data/attacks/bandpass-300-3400/LA_E_1906848.wav,fake,la_p4fix,none,bandpass-300-3400,bandpass300-3400,na,LA_0010,1.103,16000,test,LA_E_1906848_bandpass-300-3400
data/attacks/reverb-rt60-0.4/LA_E_1906848.wav,fake,la_p4fix,none,reverb-rt60-0.4,rt60-0.4,na,LA_0010,1.103,16000,test,LA_E_1906848_reverb-rt60-0.4
data/attacks/speed0.9/LA_E_1906848.wav,fake,la_p4fix,none,speed0.9,speed0.9,na,LA_0010,1.226,16000,test,LA_E_1906848_speed0.9
data/attacks/mp3-64k/LA_E_5045771.wav,fake,la_p4fix,none,mp3-64k,mp3-64k,na,LA_0045,2.943,16000,test,LA_E_5045771_mp3-64k
data/attacks/aac-128k/LA_E_5045771.wav,fake,la_p4fix,none,aac-128k,aac-128k,na,LA_0045,2.944,16000,test,LA_E_5045771_aac-128k
data/attacks/opus-32k/LA_E_5045771.wav,fake,la_p4fix,none,opus-32k,opus-32k,na,LA_0045,2.943,16000,test,LA_E_5045771_opus-32k
data/attacks/g711-8k/LA_E_5045771.wav,fake,la_p4fix,none,g711-8k,g711-8k,na,LA_0045,2.943,16000,test,LA_E_5045771_g711-8k
data/attacks/awgn-snr5/LA_E_5045771.wav,fake,la_p4fix,none,awgn-snr5,snr5,na,LA_0045,2.943,16000,test,LA_E_5045771_awgn-snr5
data/attacks/awgn-snr10/LA_E_5045771.wav,fake,la_p4fix,none,awgn-snr10,snr10,na,LA_0045,2.943,16000,test,LA_E_5045771_awgn-snr10
data/attacks/bandpass-300-3400/LA_E_5045771.wav,fake,la_p4fix,none,bandpass-300-3400,bandpass300-3400,na,LA_0045,2.943,16000,test,LA_E_5045771_bandpass-300-3400
data/attacks/reverb-rt60-0.4/LA_E_5045771.wav,fake,la_p4fix,none,reverb-rt60-0.4,rt60-0.4,na,LA_0045,2.943,16000,test,LA_E_5045771_reverb-rt60-0.4
data/attacks/speed0.9/LA_E_5045771.wav,fake,la_p4fix,none,speed0.9,speed0.9,na,LA_0045,3.27,16000,test,LA_E_5045771_speed0.9
data/attacks/mp3-64k/LA_E_3153303.wav,fake,la_p4fix,none,mp3-64k,mp3-64k,na,LA_0017,6.008,16000,test,LA_E_3153303_mp3-64k
data/attacks/aac-128k/LA_E_3153303.wav,fake,la_p4fix,none,aac-128k,aac-128k,na,LA_0017,6.016,16000,test,LA_E_3153303_aac-128k
data/attacks/opus-32k/LA_E_3153303.wav,fake,la_p4fix,none,opus-32k,opus-32k,na,LA_0017,6.008,16000,test,LA_E_3153303_opus-32k
data/attacks/g711-8k/LA_E_3153303.wav,fake,la_p4fix,none,g711-8k,g711-8k,na,LA_0017,6.008,16000,test,LA_E_3153303_g711-8k
data/attacks/awgn-snr5/LA_E_3153303.wav,fake,la_p4fix,none,awgn-snr5,snr5,na,LA_0017,6.008,16000,test,LA_E_3153303_awgn-snr5
data/attacks/awgn-snr10/LA_E_3153303.wav,fake,la_p4fix,none,awgn-snr10,snr10,na,LA_0017,6.008,16000,test,LA_E_3153303_awgn-snr10
data/attacks/bandpass-300-3400/LA_E_3153303.wav,fake,la_p4fix,none,bandpass-300-3400,bandpass300-3400,na,LA_0017,6.008,16000,test,LA_E_3153303_bandpass-300-3400
data/attacks/reverb-rt60-0.4/LA_E_3153303.wav,fake,la_p4fix,none,reverb-rt60-0.4,rt60-0.4,na,LA_0017,6.008,16000,test,LA_E_3153303_reverb-rt60-0.4
data/attacks/speed0.9/LA_E_3153303.wav,fake,la_p4fix,none,speed0.9,speed0.9,na,LA_0017,6.675,16000,test,LA_E_3153303_speed0.9
data/attacks/mp3-64k/LA_E_2497100.wav,fake,la_p4fix,none,mp3-64k,mp3-64k,na,LA_0027,3.432,16000,test,LA_E_2497100_mp3-64k
data/attacks/aac-128k/LA_E_2497100.wav,fake,la_p4fix,none,aac-128k,aac-128k,na,LA_0027,3.456,16000,test,LA_E_2497100_aac-128k
data/attacks/opus-32k/LA_E_2497100.wav,fake,la_p4fix,none,opus-32k,opus-32k,na,LA_0027,3.432,16000,test,LA_E_2497100_opus-32k
data/attacks/g711-8k/LA_E_2497100.wav,fake,la_p4fix,none,g711-8k,g711-8k,na,LA_0027,3.432,16000,test,LA_E_2497100_g711-8k
data/attacks/awgn-snr5/LA_E_2497100.wav,fake,la_p4fix,none,awgn-snr5,snr5,na,LA_0027,3.432,16000,test,LA_E_2497100_awgn-snr5
data/attacks/awgn-snr10/LA_E_2497100.wav,fake,la_p4fix,none,awgn-snr10,snr10,na,LA_0027,3.432,16000,test,LA_E_2497100_awgn-snr10
data/attacks/bandpass-300-3400/LA_E_2497100.wav,fake,la_p4fix,none,bandpass-300-3400,bandpass300-3400,na,LA_0027,3.432,16000,test,LA_E_2497100_bandpass-300-3400
data/attacks/reverb-rt60-0.4/LA_E_2497100.wav,fake,la_p4fix,none,reverb-rt60-0.4,rt60-0.4,na,LA_0027,3.432,16000,test,LA_E_2497100_reverb-rt60-0.4
data/attacks/speed0.9/LA_E_2497100.wav,fake,la_p4fix,none,speed0.9,speed0.9,na,LA_0027,3.814,16000,test,LA_E_2497100_speed0.9
data/attacks/mp3-64k/LA_E_4131689.wav,fake,la_p4fix,none,mp3-64k,mp3-64k,na,LA_0009,6.843,16000,test,LA_E_4131689_mp3-64k
data/attacks/aac-128k/LA_E_4131689.wav,fake,la_p4fix,none,aac-128k,aac-128k,na,LA_0009,6.848,16000,test,LA_E_4131689_aac-128k
data/attacks/opus-32k/LA_E_4131689.wav,fake,la_p4fix,none,opus-32k,opus-32k,na,LA_0009,6.842,16000,test,LA_E_4131689_opus-32k
data/attacks/g711-8k/LA_E_4131689.wav,fake,la_p4fix,none,g711-8k,g711-8k,na,LA_0009,6.842,16000,test,LA_E_4131689_g711-8k
data/attacks/awgn-snr5/LA_E_4131689.wav,fake,la_p4fix,none,awgn-snr5,snr5,na,LA_0009,6.842,16000,test,LA_E_4131689_awgn-snr5
data/attacks/awgn-snr10/LA_E_4131689.wav,fake,la_p4fix,none,awgn-snr10,snr10,na,LA_0009,6.842,16000,test,LA_E_4131689_awgn-snr10
data/attacks/bandpass-300-3400/LA_E_4131689.wav,fake,la_p4fix,none,bandpass-300-3400,bandpass300-3400,na,LA_0009,6.842,16000,test,LA_E_4131689_bandpass-300-3400
data/attacks/reverb-rt60-0.4/LA_E_4131689.wav,fake,la_p4fix,none,reverb-rt60-0.4,rt60-0.4,na,LA_0009,6.842,16000,test,LA_E_4131689_reverb-rt60-0.4
data/attacks/speed0.9/LA_E_4131689.wav,fake,la_p4fix,none,speed0.9,speed0.9,na,LA_0009,7.602,16000,test,LA_E_4131689_speed0.9
data/attacks/mp3-64k/LA_E_2347695.wav,fake,la_p4fix,none,mp3-64k,mp3-64k,na,LA_0043,3.32,16000,test,LA_E_2347695_mp3-64k
data/attacks/aac-128k/LA_E_2347695.wav,fake,la_p4fix,none,aac-128k,aac-128k,na,LA_0043,3.328,16000,test,LA_E_2347695_aac-128k
data/attacks/opus-32k/LA_E_2347695.wav,fake,la_p4fix,none,opus-32k,opus-32k,na,LA_0043,3.32,16000,test,LA_E_2347695_opus-32k
data/attacks/g711-8k/LA_E_2347695.wav,fake,la_p4fix,none,g711-8k,g711-8k,na,LA_0043,3.32,16000,test,LA_E_2347695_g711-8k
data/attacks/awgn-snr5/LA_E_2347695.wav,fake,la_p4fix,none,awgn-snr5,snr5,na,LA_0043,3.32,16000,test,LA_E_2347695_awgn-snr5
data/attacks/awgn-snr10/LA_E_2347695.wav,fake,la_p4fix,none,awgn-snr10,snr10,na,LA_0043,3.32,16000,test,LA_E_2347695_awgn-snr10
data/attacks/bandpass-300-3400/LA_E_2347695.wav,fake,la_p4fix,none,bandpass-300-3400,bandpass300-3400,na,LA_0043,3.32,16000,test,LA_E_2347695_bandpass-300-3400
data/attacks/reverb-rt60-0.4/LA_E_2347695.wav,fake,la_p4fix,none,reverb-rt60-0.4,rt60-0.4,na,LA_0043,3.32,16000,test,LA_E_2347695_reverb-rt60-0.4
data/attacks/speed0.9/LA_E_2347695.wav,fake,la_p4fix,none,speed0.9,speed0.9,na,LA_0043,3.689,16000,test,LA_E_2347695_speed0.9
data/attacks/mp3-64k/LA_E_3641471.wav,fake,la_p4fix,none,mp3-64k,mp3-64k,na,LA_0020,1.551,16000,test,LA_E_3641471_mp3-64k
data/attacks/aac-128k/LA_E_3641471.wav,fake,la_p4fix,none,aac-128k,aac-128k,na,LA_0020,1.6,16000,test,LA_E_3641471_aac-128k
data/attacks/opus-32k/LA_E_3641471.wav,fake,la_p4fix,none,opus-32k,opus-32k,na,LA_0020,1.551,16000,test,LA_E_3641471_opus-32k
data/attacks/g711-8k/LA_E_3641471.wav,fake,la_p4fix,none,g711-8k,g711-8k,na,LA_0020,1.551,16000,test,LA_E_3641471_g711-8k
data/attacks/awgn-snr5/LA_E_3641471.wav,fake,la_p4fix,none,awgn-snr5,snr5,na,LA_0020,1.551,16000,test,LA_E_3641471_awgn-snr5
data/attacks/awgn-snr10/LA_E_3641471.wav,fake,la_p4fix,none,awgn-snr10,snr10,na,LA_0020,1.551,16000,test,LA_E_3641471_awgn-snr10
data/attacks/bandpass-300-3400/LA_E_3641471.wav,fake,la_p4fix,none,bandpass-300-3400,bandpass300-3400,na,LA_0020,1.551,16000,test,LA_E_3641471_bandpass-300-3400
data/attacks/reverb-rt60-0.4/LA_E_3641471.wav,fake,la_p4fix,none,reverb-rt60-0.4,rt60-0.4,na,LA_0020,1.551,16000,test,LA_E_3641471_reverb-rt60-0.4
data/attacks/speed0.9/LA_E_3641471.wav,fake,la_p4fix,none,speed0.9,speed0.9,na,LA_0020,1.723,16000,test,LA_E_3641471_speed0.9
data/attacks/mp3-64k/LA_E_9039825.wav,fake,la_p4fix,none,mp3-64k,mp3-64k,na,LA_0031,2.219,16000,test,LA_E_9039825_mp3-64k
data/attacks/aac-128k/LA_E_9039825.wav,fake,la_p4fix,none,aac-128k,aac-128k,na,LA_0031,2.24,16000,test,LA_E_9039825_aac-128k
data/attacks/opus-32k/LA_E_9039825.wav,fake,la_p4fix,none,opus-32k,opus-32k,na,LA_0031,2.219,16000,test,LA_E_9039825_opus-32k
data/attacks/g711-8k/LA_E_9039825.wav,fake,la_p4fix,none,g711-8k,g711-8k,na,LA_0031,2.219,16000,test,LA_E_9039825_g711-8k
data/attacks/awgn-snr5/LA_E_9039825.wav,fake,la_p4fix,none,awgn-snr5,snr5,na,LA_0031,2.219,16000,test,LA_E_9039825_awgn-snr5
data/attacks/awgn-snr10/LA_E_9039825.wav,fake,la_p4fix,none,awgn-snr10,snr10,na,LA_0031,2.219,16000,test,LA_E_9039825_awgn-snr10
data/attacks/bandpass-300-3400/LA_E_9039825.wav,fake,la_p4fix,none,bandpass-300-3400,bandpass300-3400,na,LA_0031,2.219,16000,test,LA_E_9039825_bandpass-300-3400
data/attacks/reverb-rt60-0.4/LA_E_9039825.wav,fake,la_p4fix,none,reverb-rt60-0.4,rt60-0.4,na,LA_0031,2.219,16000,test,LA_E_9039825_reverb-rt60-0.4
data/attacks/speed0.9/LA_E_9039825.wav,fake,la_p4fix,none,speed0.9,speed0.9,na,LA_0031,2.465,16000,test,LA_E_9039825_speed0.9
data/attacks/mp3-64k/LA_E_5744980.wav,fake,la_p4fix,none,mp3-64k,mp3-64k,na,LA_0005,1.17,16000,test,LA_E_5744980_mp3-64k
data/attacks/aac-128k/LA_E_5744980.wav,fake,la_p4fix,none,aac-128k,aac-128k,na,LA_0005,1.216,16000,test,LA_E_5744980_aac-128k
data/attacks/opus-32k/LA_E_5744980.wav,fake,la_p4fix,none,opus-32k,opus-32k,na,LA_0005,1.17,16000,test,LA_E_5744980_opus-32k
data/attacks/g711-8k/LA_E_5744980.wav,fake,la_p4fix,none,g711-8k,g711-8k,na,LA_0005,1.17,16000,test,LA_E_5744980_g711-8k
data/attacks/awgn-snr5/LA_E_5744980.wav,fake,la_p4fix,none,awgn-snr5,snr5,na,LA_0005,1.17,16000,test,LA_E_5744980_awgn-snr5
data/attacks/awgn-snr10/LA_E_5744980.wav,fake,la_p4fix,none,awgn-snr10,snr10,na,LA_0005,1.17,16000,test,LA_E_5744980_awgn-snr10
data/attacks/bandpass-300-3400/LA_E_5744980.wav,fake,la_p4fix,none,bandpass-300-3400,bandpass300-3400,na,LA_0005,1.17,16000,test,LA_E_5744980_bandpass-300-3400
data/attacks/reverb-rt60-0.4/LA_E_5744980.wav,fake,la_p4fix,none,reverb-rt60-0.4,rt60-0.4,na,LA_0005,1.17,16000,test,LA_E_5744980_reverb-rt60-0.4
data/attacks/speed0.9/LA_E_5744980.wav,fake,la_p4fix,none,speed0.9,speed0.9,na,LA_0005,1.3,16000,test,LA_E_5744980_speed0.9
data/attacks/mp3-64k/LA_E_6237060.wav,fake,la_p4fix,none,mp3-64k,mp3-64k,na,LA_0041,1.407,16000,test,LA_E_6237060_mp3-64k
data/attacks/aac-128k/LA_E_6237060.wav,fake,la_p4fix,none,aac-128k,aac-128k,na,LA_0041,1.408,16000,test,LA_E_6237060_aac-128k
data/attacks/opus-32k/LA_E_6237060.wav,fake,la_p4fix,none,opus-32k,opus-32k,na,LA_0041,1.406,16000,test,LA_E_6237060_opus-32k
data/attacks/g711-8k/LA_E_6237060.wav,fake,la_p4fix,none,g711-8k,g711-8k,na,LA_0041,1.406,16000,test,LA_E_6237060_g711-8k
data/attacks/awgn-snr5/LA_E_6237060.wav,fake,la_p4fix,none,awgn-snr5,snr5,na,LA_0041,1.406,16000,test,LA_E_6237060_awgn-snr5
data/attacks/awgn-snr10/LA_E_6237060.wav,fake,la_p4fix,none,awgn-snr10,snr10,na,LA_0041,1.406,16000,test,LA_E_6237060_awgn-snr10
data/attacks/bandpass-300-3400/LA_E_6237060.wav,fake,la_p4fix,none,bandpass-300-3400,bandpass300-3400,na,LA_0041,1.406,16000,test,LA_E_6237060_bandpass-300-3400
data/attacks/reverb-rt60-0.4/LA_E_6237060.wav,fake,la_p4fix,none,reverb-rt60-0.4,rt60-0.4,na,LA_0041,1.406,16000,test,LA_E_6237060_reverb-rt60-0.4
data/attacks/speed0.9/LA_E_6237060.wav,fake,la_p4fix,none,speed0.9,speed0.9,na,LA_0041,1.562,16000,test,LA_E_6237060_speed0.9
data/attacks/mp3-64k/LA_E_8678037.wav,fake,la_p4fix,none,mp3-64k,mp3-64k,na,LA_0012,4.478,16000,test,LA_E_8678037_mp3-64k
data/attacks/aac-128k/LA_E_8678037.wav,fake,la_p4fix,none,aac-128k,aac-128k,na,LA_0012,4.48,16000,test,LA_E_8678037_aac-128k
data/attacks/opus-32k/LA_E_8678037.wav,fake,la_p4fix,none,opus-32k,opus-32k,na,LA_0012,4.478,16000,test,LA_E_8678037_opus-32k
data/attacks/g711-8k/LA_E_8678037.wav,fake,la_p4fix,none,g711-8k,g711-8k,na,LA_0012,4.478,16000,test,LA_E_8678037_g711-8k
data/attacks/awgn-snr5/LA_E_8678037.wav,fake,la_p4fix,none,awgn-snr5,snr5,na,LA_0012,4.478,16000,test,LA_E_8678037_awgn-snr5
data/attacks/awgn-snr10/LA_E_8678037.wav,fake,la_p4fix,none,awgn-snr10,snr10,na,LA_0012,4.478,16000,test,LA_E_8678037_awgn-snr10
data/attacks/bandpass-300-3400/LA_E_8678037.wav,fake,la_p4fix,none,bandpass-300-3400,bandpass300-3400,na,LA_0012,4.478,16000,test,LA_E_8678037_bandpass-300-3400
data/attacks/reverb-rt60-0.4/LA_E_8678037.wav,fake,la_p4fix,none,reverb-rt60-0.4,rt60-0.4,na,LA_0012,4.478,16000,test,LA_E_8678037_reverb-rt60-0.4
data/attacks/speed0.9/LA_E_8678037.wav,fake,la_p4fix,none,speed0.9,speed0.9,na,LA_0012,4.975,16000,test,LA_E_8678037_speed0.9
data/attacks/mp3-64k/LA_E_4651137.wav,fake,la_p4fix,none,mp3-64k,mp3-64k,na,LA_0044,1.969,16000,test,LA_E_4651137_mp3-64k
data/attacks/aac-128k/LA_E_4651137.wav,fake,la_p4fix,none,aac-128k,aac-128k,na,LA_0044,1.984,16000,test,LA_E_4651137_aac-128k
data/attacks/opus-32k/LA_E_4651137.wav,fake,la_p4fix,none,opus-32k,opus-32k,na,LA_0044,1.969,16000,test,LA_E_4651137_opus-32k
data/attacks/g711-8k/LA_E_4651137.wav,fake,la_p4fix,none,g711-8k,g711-8k,na,LA_0044,1.969,16000,test,LA_E_4651137_g711-8k
data/attacks/awgn-snr5/LA_E_4651137.wav,fake,la_p4fix,none,awgn-snr5,snr5,na,LA_0044,1.969,16000,test,LA_E_4651137_awgn-snr5
data/attacks/awgn-snr10/LA_E_4651137.wav,fake,la_p4fix,none,awgn-snr10,snr10,na,LA_0044,1.969,16000,test,LA_E_4651137_awgn-snr10
data/attacks/bandpass-300-3400/LA_E_4651137.wav,fake,la_p4fix,none,bandpass-300-3400,bandpass300-3400,na,LA_0044,1.969,16000,test,LA_E_4651137_bandpass-300-3400
data/attacks/reverb-rt60-0.4/LA_E_4651137.wav,fake,la_p4fix,none,reverb-rt60-0.4,rt60-0.4,na,LA_0044,1.969,16000,test,LA_E_4651137_reverb-rt60-0.4
data/attacks/speed0.9/LA_E_4651137.wav,fake,la_p4fix,none,speed0.9,speed0.9,na,LA_0044,2.188,16000,test,LA_E_4651137_speed0.9
data/attacks/mp3-64k/LA_E_1639424.wav,fake,la_p4fix,none,mp3-64k,mp3-64k,na,LA_0033,2.656,16000,test,LA_E_1639424_mp3-64k
data/attacks/aac-128k/LA_E_1639424.wav,fake,la_p4fix,none,aac-128k,aac-128k,na,LA_0033,2.688,16000,test,LA_E_1639424_aac-128k
data/attacks/opus-32k/LA_E_1639424.wav,fake,la_p4fix,none,opus-32k,opus-32k,na,LA_0033,2.656,16000,test,LA_E_1639424_opus-32k
data/attacks/g711-8k/LA_E_1639424.wav,fake,la_p4fix,none,g711-8k,g711-8k,na,LA_0033,2.656,16000,test,LA_E_1639424_g711-8k
data/attacks/awgn-snr5/LA_E_1639424.wav,fake,la_p4fix,none,awgn-snr5,snr5,na,LA_0033,2.656,16000,test,LA_E_1639424_awgn-snr5
data/attacks/awgn-snr10/LA_E_1639424.wav,fake,la_p4fix,none,awgn-snr10,snr10,na,LA_0033,2.656,16000,test,LA_E_1639424_awgn-snr10
data/attacks/bandpass-300-3400/LA_E_1639424.wav,fake,la_p4fix,none,bandpass-300-3400,bandpass300-3400,na,LA_0033,2.656,16000,test,LA_E_1639424_bandpass-300-3400
data/attacks/reverb-rt60-0.4/LA_E_1639424.wav,fake,la_p4fix,none,reverb-rt60-0.4,rt60-0.4,na,LA_0033,2.656,16000,test,LA_E_1639424_reverb-rt60-0.4
data/attacks/speed0.9/LA_E_1639424.wav,fake,la_p4fix,none,speed0.9,speed0.9,na,LA_0033,2.951,16000,test,LA_E_1639424_speed0.9
data/attacks/mp3-64k/LA_E_6585767.wav,fake,la_p4fix,none,mp3-64k,mp3-64k,na,LA_0006,5.231,16000,test,LA_E_6585767_mp3-64k
data/attacks/aac-128k/LA_E_6585767.wav,fake,la_p4fix,none,aac-128k,aac-128k,na,LA_0006,5.248,16000,test,LA_E_6585767_aac-128k
data/attacks/opus-32k/LA_E_6585767.wav,fake,la_p4fix,none,opus-32k,opus-32k,na,LA_0006,5.231,16000,test,LA_E_6585767_opus-32k
data/attacks/g711-8k/LA_E_6585767.wav,fake,la_p4fix,none,g711-8k,g711-8k,na,LA_0006,5.231,16000,test,LA_E_6585767_g711-8k
data/attacks/awgn-snr5/LA_E_6585767.wav,fake,la_p4fix,none,awgn-snr5,snr5,na,LA_0006,5.231,16000,test,LA_E_6585767_awgn-snr5
data/attacks/awgn-snr10/LA_E_6585767.wav,fake,la_p4fix,none,awgn-snr10,snr10,na,LA_0006,5.231,16000,test,LA_E_6585767_awgn-snr10
data/attacks/bandpass-300-3400/LA_E_6585767.wav,fake,la_p4fix,none,bandpass-300-3400,bandpass300-3400,na,LA_0006,5.231,16000,test,LA_E_6585767_bandpass-300-3400
data/attacks/reverb-rt60-0.4/LA_E_6585767.wav,fake,la_p4fix,none,reverb-rt60-0.4,rt60-0.4,na,LA_0006,5.231,16000,test,LA_E_6585767_reverb-rt60-0.4
data/attacks/speed0.9/LA_E_6585767.wav,fake,la_p4fix,none,speed0.9,speed0.9,na,LA_0006,5.813,16000,test,LA_E_6585767_speed0.9
data/attacks/mp3-64k/LA_E_5844689.wav,fake,la_p4fix,none,mp3-64k,mp3-64k,na,LA_0026,1.48,16000,test,LA_E_5844689_mp3-64k
data/attacks/aac-128k/LA_E_5844689.wav,fake,la_p4fix,none,aac-128k,aac-128k,na,LA_0026,1.536,16000,test,LA_E_5844689_aac-128k
data/attacks/opus-32k/LA_E_5844689.wav,fake,la_p4fix,none,opus-32k,opus-32k,na,LA_0026,1.48,16000,test,LA_E_5844689_opus-32k
data/attacks/g711-8k/LA_E_5844689.wav,fake,la_p4fix,none,g711-8k,g711-8k,na,LA_0026,1.48,16000,test,LA_E_5844689_g711-8k
data/attacks/awgn-snr5/LA_E_5844689.wav,fake,la_p4fix,none,awgn-snr5,snr5,na,LA_0026,1.48,16000,test,LA_E_5844689_awgn-snr5
data/attacks/awgn-snr10/LA_E_5844689.wav,fake,la_p4fix,none,awgn-snr10,snr10,na,LA_0026,1.48,16000,test,LA_E_5844689_awgn-snr10
data/attacks/bandpass-300-3400/LA_E_5844689.wav,fake,la_p4fix,none,bandpass-300-3400,bandpass300-3400,na,LA_0026,1.48,16000,test,LA_E_5844689_bandpass-300-3400
data/attacks/reverb-rt60-0.4/LA_E_5844689.wav,fake,la_p4fix,none,reverb-rt60-0.4,rt60-0.4,na,LA_0026,1.48,16000,test,LA_E_5844689_reverb-rt60-0.4
data/attacks/speed0.9/LA_E_5844689.wav,fake,la_p4fix,none,speed0.9,speed0.9,na,LA_0026,1.645,16000,test,LA_E_5844689_speed0.9
data/attacks/mp3-64k/LA_E_7997360.wav,fake,la_p4fix,none,mp3-64k,mp3-64k,na,LA_0015,2.757,16000,test,LA_E_7997360_mp3-64k
data/attacks/aac-128k/LA_E_7997360.wav,fake,la_p4fix,none,aac-128k,aac-128k,na,LA_0015,2.816,16000,test,LA_E_7997360_aac-128k
data/attacks/opus-32k/LA_E_7997360.wav,fake,la_p4fix,none,opus-32k,opus-32k,na,LA_0015,2.757,16000,test,LA_E_7997360_opus-32k
data/attacks/g711-8k/LA_E_7997360.wav,fake,la_p4fix,none,g711-8k,g711-8k,na,LA_0015,2.757,16000,test,LA_E_7997360_g711-8k
data/attacks/awgn-snr5/LA_E_7997360.wav,fake,la_p4fix,none,awgn-snr5,snr5,na,LA_0015,2.757,16000,test,LA_E_7997360_awgn-snr5
data/attacks/awgn-snr10/LA_E_7997360.wav,fake,la_p4fix,none,awgn-snr10,snr10,na,LA_0015,2.757,16000,test,LA_E_7997360_awgn-snr10
data/attacks/bandpass-300-3400/LA_E_7997360.wav,fake,la_p4fix,none,bandpass-300-3400,bandpass300-3400,na,LA_0015,2.757,16000,test,LA_E_7997360_bandpass-300-3400
data/attacks/reverb-rt60-0.4/LA_E_7997360.wav,fake,la_p4fix,none,reverb-rt60-0.4,rt60-0.4,na,LA_0015,2.757,16000,test,LA_E_7997360_reverb-rt60-0.4
data/attacks/speed0.9/LA_E_7997360.wav,fake,la_p4fix,none,speed0.9,speed0.9,na,LA_0015,3.064,16000,test,LA_E_7997360_speed0.9
data/attacks/mp3-64k/LA_E_6164478.wav,fake,la_p4fix,none,mp3-64k,mp3-64k,na,LA_0032,1.346,16000,test,LA_E_6164478_mp3-64k
data/attacks/aac-128k/LA_E_6164478.wav,fake,la_p4fix,none,aac-128k,aac-128k,na,LA_0032,1.408,16000,test,LA_E_6164478_aac-128k
data/attacks/opus-32k/LA_E_6164478.wav,fake,la_p4fix,none,opus-32k,opus-32k,na,LA_0032,1.346,16000,test,LA_E_6164478_opus-32k
data/attacks/g711-8k/LA_E_6164478.wav,fake,la_p4fix,none,g711-8k,g711-8k,na,LA_0032,1.346,16000,test,LA_E_6164478_g711-8k
data/attacks/awgn-snr5/LA_E_6164478.wav,fake,la_p4fix,none,awgn-snr5,snr5,na,LA_0032,1.346,16000,test,LA_E_6164478_awgn-snr5
data/attacks/awgn-snr10/LA_E_6164478.wav,fake,la_p4fix,none,awgn-snr10,snr10,na,LA_0032,1.346,16000,test,LA_E_6164478_awgn-snr10
data/attacks/bandpass-300-3400/LA_E_6164478.wav,fake,la_p4fix,none,bandpass-300-3400,bandpass300-3400,na,LA_0032,1.346,16000,test,LA_E_6164478_bandpass-300-3400
data/attacks/reverb-rt60-0.4/LA_E_6164478.wav,fake,la_p4fix,none,reverb-rt60-0.4,rt60-0.4,na,LA_0032,1.346,16000,test,LA_E_6164478_reverb-rt60-0.4
data/attacks/speed0.9/LA_E_6164478.wav,fake,la_p4fix,none,speed0.9,speed0.9,na,LA_0032,1.496,16000,test,LA_E_6164478_speed0.9
data/attacks/mp3-64k/LA_E_4166104.wav,fake,la_p4fix,none,mp3-64k,mp3-64k,na,LA_0002,1.181,16000,test,LA_E_4166104_mp3-64k
data/attacks/aac-128k/LA_E_4166104.wav,fake,la_p4fix,none,aac-128k,aac-128k,na,LA_0002,1.216,16000,test,LA_E_4166104_aac-128k
data/attacks/opus-32k/LA_E_4166104.wav,fake,la_p4fix,none,opus-32k,opus-32k,na,LA_0002,1.181,16000,test,LA_E_4166104_opus-32k
data/attacks/g711-8k/LA_E_4166104.wav,fake,la_p4fix,none,g711-8k,g711-8k,na,LA_0002,1.181,16000,test,LA_E_4166104_g711-8k
data/attacks/awgn-snr5/LA_E_4166104.wav,fake,la_p4fix,none,awgn-snr5,snr5,na,LA_0002,1.181,16000,test,LA_E_4166104_awgn-snr5
data/attacks/awgn-snr10/LA_E_4166104.wav,fake,la_p4fix,none,awgn-snr10,snr10,na,LA_0002,1.181,16000,test,LA_E_4166104_awgn-snr10
data/attacks/bandpass-300-3400/LA_E_4166104.wav,fake,la_p4fix,none,bandpass-300-3400,bandpass300-3400,na,LA_0002,1.181,16000,test,LA_E_4166104_bandpass-300-3400
data/attacks/reverb-rt60-0.4/LA_E_4166104.wav,fake,la_p4fix,none,reverb-rt60-0.4,rt60-0.4,na,LA_0002,1.181,16000,test,LA_E_4166104_reverb-rt60-0.4
data/attacks/speed0.9/LA_E_4166104.wav,fake,la_p4fix,none,speed0.9,speed0.9,na,LA_0002,1.312,16000,test,LA_E_4166104_speed0.9
data/attacks/mp3-64k/LA_E_3146024.wav,fake,la_p4fix,none,mp3-64k,mp3-64k,na,LA_0031,4.047,16000,test,LA_E_3146024_mp3-64k
data/attacks/aac-128k/LA_E_3146024.wav,fake,la_p4fix,none,aac-128k,aac-128k,na,LA_0031,4.096,16000,test,LA_E_3146024_aac-128k
data/attacks/opus-32k/LA_E_3146024.wav,fake,la_p4fix,none,opus-32k,opus-32k,na,LA_0031,4.047,16000,test,LA_E_3146024_opus-32k
data/attacks/g711-8k/LA_E_3146024.wav,fake,la_p4fix,none,g711-8k,g711-8k,na,LA_0031,4.047,16000,test,LA_E_3146024_g711-8k
data/attacks/awgn-snr5/LA_E_3146024.wav,fake,la_p4fix,none,awgn-snr5,snr5,na,LA_0031,4.047,16000,test,LA_E_3146024_awgn-snr5
data/attacks/awgn-snr10/LA_E_3146024.wav,fake,la_p4fix,none,awgn-snr10,snr10,na,LA_0031,4.047,16000,test,LA_E_3146024_awgn-snr10
data/attacks/bandpass-300-3400/LA_E_3146024.wav,fake,la_p4fix,none,bandpass-300-3400,bandpass300-3400,na,LA_0031,4.047,16000,test,LA_E_3146024_bandpass-300-3400
data/attacks/reverb-rt60-0.4/LA_E_3146024.wav,fake,la_p4fix,none,reverb-rt60-0.4,rt60-0.4,na,LA_0031,4.047,16000,test,LA_E_3146024_reverb-rt60-0.4
data/attacks/speed0.9/LA_E_3146024.wav,fake,la_p4fix,none,speed0.9,speed0.9,na,LA_0031,4.497,16000,test,LA_E_3146024_speed0.9
data/attacks/mp3-64k/LA_E_2367733.wav,fake,la_p4fix,none,mp3-64k,mp3-64k,na,LA_0019,3.216,16000,test,LA_E_2367733_mp3-64k
data/attacks/aac-128k/LA_E_2367733.wav,fake,la_p4fix,none,aac-128k,aac-128k,na,LA_0019,3.264,16000,test,LA_E_2367733_aac-128k
data/attacks/opus-32k/LA_E_2367733.wav,fake,la_p4fix,none,opus-32k,opus-32k,na,LA_0019,3.216,16000,test,LA_E_2367733_opus-32k
data/attacks/g711-8k/LA_E_2367733.wav,fake,la_p4fix,none,g711-8k,g711-8k,na,LA_0019,3.216,16000,test,LA_E_2367733_g711-8k
data/attacks/awgn-snr5/LA_E_2367733.wav,fake,la_p4fix,none,awgn-snr5,snr5,na,LA_0019,3.216,16000,test,LA_E_2367733_awgn-snr5
data/attacks/awgn-snr10/LA_E_2367733.wav,fake,la_p4fix,none,awgn-snr10,snr10,na,LA_0019,3.216,16000,test,LA_E_2367733_awgn-snr10
data/attacks/bandpass-300-3400/LA_E_2367733.wav,fake,la_p4fix,none,bandpass-300-3400,bandpass300-3400,na,LA_0019,3.216,16000,test,LA_E_2367733_bandpass-300-3400
data/attacks/reverb-rt60-0.4/LA_E_2367733.wav,fake,la_p4fix,none,reverb-rt60-0.4,rt60-0.4,na,LA_0019,3.216,16000,test,LA_E_2367733_reverb-rt60-0.4
data/attacks/speed0.9/LA_E_2367733.wav,fake,la_p4fix,none,speed0.9,speed0.9,na,LA_0019,3.573,16000,test,LA_E_2367733_speed0.9
data/attacks/mp3-64k/LA_E_6032118.wav,fake,la_p4fix,none,mp3-64k,mp3-64k,na,LA_0016,1.587,16000,test,LA_E_6032118_mp3-64k
data/attacks/aac-128k/LA_E_6032118.wav,fake,la_p4fix,none,aac-128k,aac-128k,na,LA_0016,1.6,16000,test,LA_E_6032118_aac-128k
data/attacks/opus-32k/LA_E_6032118.wav,fake,la_p4fix,none,opus-32k,opus-32k,na,LA_0016,1.585,16000,test,LA_E_6032118_opus-32k
data/attacks/g711-8k/LA_E_6032118.wav,fake,la_p4fix,none,g711-8k,g711-8k,na,LA_0016,1.585,16000,test,LA_E_6032118_g711-8k
data/attacks/awgn-snr5/LA_E_6032118.wav,fake,la_p4fix,none,awgn-snr5,snr5,na,LA_0016,1.585,16000,test,LA_E_6032118_awgn-snr5
data/attacks/awgn-snr10/LA_E_6032118.wav,fake,la_p4fix,none,awgn-snr10,snr10,na,LA_0016,1.585,16000,test,LA_E_6032118_awgn-snr10
data/attacks/bandpass-300-3400/LA_E_6032118.wav,fake,la_p4fix,none,bandpass-300-3400,bandpass300-3400,na,LA_0016,1.585,16000,test,LA_E_6032118_bandpass-300-3400
data/attacks/reverb-rt60-0.4/LA_E_6032118.wav,fake,la_p4fix,none,reverb-rt60-0.4,rt60-0.4,na,LA_0016,1.585,16000,test,LA_E_6032118_reverb-rt60-0.4
data/attacks/speed0.9/LA_E_6032118.wav,fake,la_p4fix,none,speed0.9,speed0.9,na,LA_0016,1.761,16000,test,LA_E_6032118_speed0.9
data/attacks/mp3-64k/LA_E_9184768.wav,fake,la_p4fix,none,mp3-64k,mp3-64k,na,LA_0016,0.69,16000,test,LA_E_9184768_mp3-64k
data/attacks/aac-128k/LA_E_9184768.wav,fake,la_p4fix,none,aac-128k,aac-128k,na,LA_0016,0.704,16000,test,LA_E_9184768_aac-128k
data/attacks/opus-32k/LA_E_9184768.wav,fake,la_p4fix,none,opus-32k,opus-32k,na,LA_0016,0.69,16000,test,LA_E_9184768_opus-32k
data/attacks/g711-8k/LA_E_9184768.wav,fake,la_p4fix,none,g711-8k,g711-8k,na,LA_0016,0.69,16000,test,LA_E_9184768_g711-8k
data/attacks/awgn-snr5/LA_E_9184768.wav,fake,la_p4fix,none,awgn-snr5,snr5,na,LA_0016,0.69,16000,test,LA_E_9184768_awgn-snr5
data/attacks/awgn-snr10/LA_E_9184768.wav,fake,la_p4fix,none,awgn-snr10,snr10,na,LA_0016,0.69,16000,test,LA_E_9184768_awgn-snr10
data/attacks/bandpass-300-3400/LA_E_9184768.wav,fake,la_p4fix,none,bandpass-300-3400,bandpass300-3400,na,LA_0016,0.69,16000,test,LA_E_9184768_bandpass-300-3400
data/attacks/reverb-rt60-0.4/LA_E_9184768.wav,fake,la_p4fix,none,reverb-rt60-0.4,rt60-0.4,na,LA_0016,0.69,16000,test,LA_E_9184768_reverb-rt60-0.4
data/attacks/speed0.9/LA_E_9184768.wav,fake,la_p4fix,none,speed0.9,speed0.9,na,LA_0016,0.766,16000,test,LA_E_9184768_speed0.9
data/attacks/mp3-64k/LA_E_3230861.wav,fake,la_p4fix,none,mp3-64k,mp3-64k,na,LA_0033,2.769,16000,test,LA_E_3230861_mp3-64k
data/attacks/aac-128k/LA_E_3230861.wav,fake,la_p4fix,none,aac-128k,aac-128k,na,LA_0033,2.816,16000,test,LA_E_3230861_aac-128k
data/attacks/opus-32k/LA_E_3230861.wav,fake,la_p4fix,none,opus-32k,opus-32k,na,LA_0033,2.769,16000,test,LA_E_3230861_opus-32k
data/attacks/g711-8k/LA_E_3230861.wav,fake,la_p4fix,none,g711-8k,g711-8k,na,LA_0033,2.769,16000,test,LA_E_3230861_g711-8k
data/attacks/awgn-snr5/LA_E_3230861.wav,fake,la_p4fix,none,awgn-snr5,snr5,na,LA_0033,2.769,16000,test,LA_E_3230861_awgn-snr5
data/attacks/awgn-snr10/LA_E_3230861.wav,fake,la_p4fix,none,awgn-snr10,snr10,na,LA_0033,2.769,16000,test,LA_E_3230861_awgn-snr10
data/attacks/bandpass-300-3400/LA_E_3230861.wav,fake,la_p4fix,none,bandpass-300-3400,bandpass300-3400,na,LA_0033,2.769,16000,test,LA_E_3230861_bandpass-300-3400
data/attacks/reverb-rt60-0.4/LA_E_3230861.wav,fake,la_p4fix,none,reverb-rt60-0.4,rt60-0.4,na,LA_0033,2.769,16000,test,LA_E_3230861_reverb-rt60-0.4
data/attacks/speed0.9/LA_E_3230861.wav,fake,la_p4fix,none,speed0.9,speed0.9,na,LA_0033,3.077,16000,test,LA_E_3230861_speed0.9
data/attacks/mp3-64k/LA_E_4798713.wav,fake,la_p4fix,none,mp3-64k,mp3-64k,na,LA_0040,0.996,16000,test,LA_E_4798713_mp3-64k
data/attacks/aac-128k/LA_E_4798713.wav,fake,la_p4fix,none,aac-128k,aac-128k,na,LA_0040,1.024,16000,test,LA_E_4798713_aac-128k
data/attacks/opus-32k/LA_E_4798713.wav,fake,la_p4fix,none,opus-32k,opus-32k,na,LA_0040,0.996,16000,test,LA_E_4798713_opus-32k
data/attacks/g711-8k/LA_E_4798713.wav,fake,la_p4fix,none,g711-8k,g711-8k,na,LA_0040,0.996,16000,test,LA_E_4798713_g711-8k
data/attacks/awgn-snr5/LA_E_4798713.wav,fake,la_p4fix,none,awgn-snr5,snr5,na,LA_0040,0.996,16000,test,LA_E_4798713_awgn-snr5
data/attacks/awgn-snr10/LA_E_4798713.wav,fake,la_p4fix,none,awgn-snr10,snr10,na,LA_0040,0.996,16000,test,LA_E_4798713_awgn-snr10
data/attacks/bandpass-300-3400/LA_E_4798713.wav,fake,la_p4fix,none,bandpass-300-3400,bandpass300-3400,na,LA_0040,0.996,16000,test,LA_E_4798713_bandpass-300-3400
data/attacks/reverb-rt60-0.4/LA_E_4798713.wav,fake,la_p4fix,none,reverb-rt60-0.4,rt60-0.4,na,LA_0040,0.996,16000,test,LA_E_4798713_reverb-rt60-0.4
data/attacks/speed0.9/LA_E_4798713.wav,fake,la_p4fix,none,speed0.9,speed0.9,na,LA_0040,1.107,16000,test,LA_E_4798713_speed0.9
data/attacks/mp3-64k/LA_E_1865954.wav,fake,la_p4fix,none,mp3-64k,mp3-64k,na,LA_0045,2.28,16000,test,LA_E_1865954_mp3-64k
data/attacks/aac-128k/LA_E_1865954.wav,fake,la_p4fix,none,aac-128k,aac-128k,na,LA_0045,2.304,16000,test,LA_E_1865954_aac-128k
data/attacks/opus-32k/LA_E_1865954.wav,fake,la_p4fix,none,opus-32k,opus-32k,na,LA_0045,2.28,16000,test,LA_E_1865954_opus-32k
data/attacks/g711-8k/LA_E_1865954.wav,fake,la_p4fix,none,g711-8k,g711-8k,na,LA_0045,2.28,16000,test,LA_E_1865954_g711-8k
data/attacks/awgn-snr5/LA_E_1865954.wav,fake,la_p4fix,none,awgn-snr5,snr5,na,LA_0045,2.28,16000,test,LA_E_1865954_awgn-snr5
data/attacks/awgn-snr10/LA_E_1865954.wav,fake,la_p4fix,none,awgn-snr10,snr10,na,LA_0045,2.28,16000,test,LA_E_1865954_awgn-snr10
data/attacks/bandpass-300-3400/LA_E_1865954.wav,fake,la_p4fix,none,bandpass-300-3400,bandpass300-3400,na,LA_0045,2.28,16000,test,LA_E_1865954_bandpass-300-3400
data/attacks/reverb-rt60-0.4/LA_E_1865954.wav,fake,la_p4fix,none,reverb-rt60-0.4,rt60-0.4,na,LA_0045,2.28,16000,test,LA_E_1865954_reverb-rt60-0.4
data/attacks/speed0.9/LA_E_1865954.wav,fake,la_p4fix,none,speed0.9,speed0.9,na,LA_0045,2.533,16000,test,LA_E_1865954_speed0.9
data/attacks/mp3-64k/LA_E_6128784.wav,fake,la_p4fix,none,mp3-64k,mp3-64k,na,LA_0039,1.917,16000,test,LA_E_6128784_mp3-64k
data/attacks/aac-128k/LA_E_6128784.wav,fake,la_p4fix,none,aac-128k,aac-128k,na,LA_0039,1.92,16000,test,LA_E_6128784_aac-128k
data/attacks/opus-32k/LA_E_6128784.wav,fake,la_p4fix,none,opus-32k,opus-32k,na,LA_0039,1.917,16000,test,LA_E_6128784_opus-32k
data/attacks/g711-8k/LA_E_6128784.wav,fake,la_p4fix,none,g711-8k,g711-8k,na,LA_0039,1.917,16000,test,LA_E_6128784_g711-8k
data/attacks/awgn-snr5/LA_E_6128784.wav,fake,la_p4fix,none,awgn-snr5,snr5,na,LA_0039,1.917,16000,test,LA_E_6128784_awgn-snr5
data/attacks/awgn-snr10/LA_E_6128784.wav,fake,la_p4fix,none,awgn-snr10,snr10,na,LA_0039,1.917,16000,test,LA_E_6128784_awgn-snr10
data/attacks/bandpass-300-3400/LA_E_6128784.wav,fake,la_p4fix,none,bandpass-300-3400,bandpass300-3400,na,LA_0039,1.917,16000,test,LA_E_6128784_bandpass-300-3400
data/attacks/reverb-rt60-0.4/LA_E_6128784.wav,fake,la_p4fix,none,reverb-rt60-0.4,rt60-0.4,na,LA_0039,1.917,16000,test,LA_E_6128784_reverb-rt60-0.4
data/attacks/speed0.9/LA_E_6128784.wav,fake,la_p4fix,none,speed0.9,speed0.9,na,LA_0039,2.131,16000,test,LA_E_6128784_speed0.9
data/attacks/mp3-64k/LA_E_5837696.wav,fake,la_p4fix,none,mp3-64k,mp3-64k,na,LA_0029,3.697,16000,test,LA_E_5837696_mp3-64k
data/attacks/aac-128k/LA_E_5837696.wav,fake,la_p4fix,none,aac-128k,aac-128k,na,LA_0029,3.712,16000,test,LA_E_5837696_aac-128k
data/attacks/opus-32k/LA_E_5837696.wav,fake,la_p4fix,none,opus-32k,opus-32k,na,LA_0029,3.697,16000,test,LA_E_5837696_opus-32k
data/attacks/g711-8k/LA_E_5837696.wav,fake,la_p4fix,none,g711-8k,g711-8k,na,LA_0029,3.697,16000,test,LA_E_5837696_g711-8k
data/attacks/awgn-snr5/LA_E_5837696.wav,fake,la_p4fix,none,awgn-snr5,snr5,na,LA_0029,3.697,16000,test,LA_E_5837696_awgn-snr5
data/attacks/awgn-snr10/LA_E_5837696.wav,fake,la_p4fix,none,awgn-snr10,snr10,na,LA_0029,3.697,16000,test,LA_E_5837696_awgn-snr10
data/attacks/bandpass-300-3400/LA_E_5837696.wav,fake,la_p4fix,none,bandpass-300-3400,bandpass300-3400,na,LA_0029,3.697,16000,test,LA_E_5837696_bandpass-300-3400
data/attacks/reverb-rt60-0.4/LA_E_5837696.wav,fake,la_p4fix,none,reverb-rt60-0.4,rt60-0.4,na,LA_0029,3.697,16000,test,LA_E_5837696_reverb-rt60-0.4
data/attacks/speed0.9/LA_E_5837696.wav,fake,la_p4fix,none,speed0.9,speed0.9,na,LA_0029,4.108,16000,test,LA_E_5837696_speed0.9
data/attacks/mp3-64k/LA_E_7931244.wav,fake,la_p4fix,none,mp3-64k,mp3-64k,na,LA_0013,1.652,16000,test,LA_E_7931244_mp3-64k
data/attacks/aac-128k/LA_E_7931244.wav,fake,la_p4fix,none,aac-128k,aac-128k,na,LA_0013,1.664,16000,test,LA_E_7931244_aac-128k
data/attacks/opus-32k/LA_E_7931244.wav,fake,la_p4fix,none,opus-32k,opus-32k,na,LA_0013,1.652,16000,test,LA_E_7931244_opus-32k
data/attacks/g711-8k/LA_E_7931244.wav,fake,la_p4fix,none,g711-8k,g711-8k,na,LA_0013,1.652,16000,test,LA_E_7931244_g711-8k
data/attacks/awgn-snr5/LA_E_7931244.wav,fake,la_p4fix,none,awgn-snr5,snr5,na,LA_0013,1.652,16000,test,LA_E_7931244_awgn-snr5
data/attacks/awgn-snr10/LA_E_7931244.wav,fake,la_p4fix,none,awgn-snr10,snr10,na,LA_0013,1.652,16000,test,LA_E_7931244_awgn-snr10
data/attacks/bandpass-300-3400/LA_E_7931244.wav,fake,la_p4fix,none,bandpass-300-3400,bandpass300-3400,na,LA_0013,1.652,16000,test,LA_E_7931244_bandpass-300-3400
data/attacks/reverb-rt60-0.4/LA_E_7931244.wav,fake,la_p4fix,none,reverb-rt60-0.4,rt60-0.4,na,LA_0013,1.652,16000,test,LA_E_7931244_reverb-rt60-0.4
data/attacks/speed0.9/LA_E_7931244.wav,fake,la_p4fix,none,speed0.9,speed0.9,na,LA_0013,1.836,16000,test,LA_E_7931244_speed0.9
data/attacks/mp3-64k/LA_E_9875023.wav,fake,la_p4fix,none,mp3-64k,mp3-64k,na,LA_0024,2.395,16000,test,LA_E_9875023_mp3-64k
data/attacks/aac-128k/LA_E_9875023.wav,fake,la_p4fix,none,aac-128k,aac-128k,na,LA_0024,2.432,16000,test,LA_E_9875023_aac-128k
data/attacks/opus-32k/LA_E_9875023.wav,fake,la_p4fix,none,opus-32k,opus-32k,na,LA_0024,2.395,16000,test,LA_E_9875023_opus-32k
data/attacks/g711-8k/LA_E_9875023.wav,fake,la_p4fix,none,g711-8k,g711-8k,na,LA_0024,2.395,16000,test,LA_E_9875023_g711-8k
data/attacks/awgn-snr5/LA_E_9875023.wav,fake,la_p4fix,none,awgn-snr5,snr5,na,LA_0024,2.395,16000,test,LA_E_9875023_awgn-snr5
data/attacks/awgn-snr10/LA_E_9875023.wav,fake,la_p4fix,none,awgn-snr10,snr10,na,LA_0024,2.395,16000,test,LA_E_9875023_awgn-snr10
data/attacks/bandpass-300-3400/LA_E_9875023.wav,fake,la_p4fix,none,bandpass-300-3400,bandpass300-3400,na,LA_0024,2.395,16000,test,LA_E_9875023_bandpass-300-3400
data/attacks/reverb-rt60-0.4/LA_E_9875023.wav,fake,la_p4fix,none,reverb-rt60-0.4,rt60-0.4,na,LA_0024,2.395,16000,test,LA_E_9875023_reverb-rt60-0.4
data/attacks/speed0.9/LA_E_9875023.wav,fake,la_p4fix,none,speed0.9,speed0.9,na,LA_0024,2.661,16000,test,LA_E_9875023_speed0.9
data/attacks/mp3-64k/LA_E_3444673.wav,fake,la_p4fix,none,mp3-64k,mp3-64k,na,LA_0015,2.633,16000,test,LA_E_3444673_mp3-64k
data/attacks/aac-128k/LA_E_3444673.wav,fake,la_p4fix,none,aac-128k,aac-128k,na,LA_0015,2.688,16000,test,LA_E_3444673_aac-128k
data/attacks/opus-32k/LA_E_3444673.wav,fake,la_p4fix,none,opus-32k,opus-32k,na,LA_0015,2.633,16000,test,LA_E_3444673_opus-32k
data/attacks/g711-8k/LA_E_3444673.wav,fake,la_p4fix,none,g711-8k,g711-8k,na,LA_0015,2.633,16000,test,LA_E_3444673_g711-8k
data/attacks/awgn-snr5/LA_E_3444673.wav,fake,la_p4fix,none,awgn-snr5,snr5,na,LA_0015,2.633,16000,test,LA_E_3444673_awgn-snr5
data/attacks/awgn-snr10/LA_E_3444673.wav,fake,la_p4fix,none,awgn-snr10,snr10,na,LA_0015,2.633,16000,test,LA_E_3444673_awgn-snr10
data/attacks/bandpass-300-3400/LA_E_3444673.wav,fake,la_p4fix,none,bandpass-300-3400,bandpass300-3400,na,LA_0015,2.633,16000,test,LA_E_3444673_bandpass-300-3400
data/attacks/reverb-rt60-0.4/LA_E_3444673.wav,fake,la_p4fix,none,reverb-rt60-0.4,rt60-0.4,na,LA_0015,2.633,16000,test,LA_E_3444673_reverb-rt60-0.4
data/attacks/speed0.9/LA_E_3444673.wav,fake,la_p4fix,none,speed0.9,speed0.9,na,LA_0015,2.925,16000,test,LA_E_3444673_speed0.9
data/attacks/mp3-64k/LA_E_9624633.wav,fake,la_p4fix,none,mp3-64k,mp3-64k,na,LA_0022,2.129,16000,test,LA_E_9624633_mp3-64k
data/attacks/aac-128k/LA_E_9624633.wav,fake,la_p4fix,none,aac-128k,aac-128k,na,LA_0022,2.176,16000,test,LA_E_9624633_aac-128k
data/attacks/opus-32k/LA_E_9624633.wav,fake,la_p4fix,none,opus-32k,opus-32k,na,LA_0022,2.129,16000,test,LA_E_9624633_opus-32k
data/attacks/g711-8k/LA_E_9624633.wav,fake,la_p4fix,none,g711-8k,g711-8k,na,LA_0022,2.129,16000,test,LA_E_9624633_g711-8k
data/attacks/awgn-snr5/LA_E_9624633.wav,fake,la_p4fix,none,awgn-snr5,snr5,na,LA_0022,2.129,16000,test,LA_E_9624633_awgn-snr5
data/attacks/awgn-snr10/LA_E_9624633.wav,fake,la_p4fix,none,awgn-snr10,snr10,na,LA_0022,2.129,16000,test,LA_E_9624633_awgn-snr10
data/attacks/bandpass-300-3400/LA_E_9624633.wav,fake,la_p4fix,none,bandpass-300-3400,bandpass300-3400,na,LA_0022,2.129,16000,test,LA_E_9624633_bandpass-300-3400
data/attacks/reverb-rt60-0.4/LA_E_9624633.wav,fake,la_p4fix,none,reverb-rt60-0.4,rt60-0.4,na,LA_0022,2.129,16000,test,LA_E_9624633_reverb-rt60-0.4
data/attacks/speed0.9/LA_E_9624633.wav,fake,la_p4fix,none,speed0.9,speed0.9,na,LA_0022,2.366,16000,test,LA_E_9624633_speed0.9
data/attacks/mp3-64k/LA_E_4218849.wav,fake,la_p4fix,none,mp3-64k,mp3-64k,na,LA_0038,1.983,16000,test,LA_E_4218849_mp3-64k
data/attacks/aac-128k/LA_E_4218849.wav,fake,la_p4fix,none,aac-128k,aac-128k,na,LA_0038,1.984,16000,test,LA_E_4218849_aac-128k
data/attacks/opus-32k/LA_E_4218849.wav,fake,la_p4fix,none,opus-32k,opus-32k,na,LA_0038,1.983,16000,test,LA_E_4218849_opus-32k
data/attacks/g711-8k/LA_E_4218849.wav,fake,la_p4fix,none,g711-8k,g711-8k,na,LA_0038,1.983,16000,test,LA_E_4218849_g711-8k
data/attacks/awgn-snr5/LA_E_4218849.wav,fake,la_p4fix,none,awgn-snr5,snr5,na,LA_0038,1.983,16000,test,LA_E_4218849_awgn-snr5
data/attacks/awgn-snr10/LA_E_4218849.wav,fake,la_p4fix,none,awgn-snr10,snr10,na,LA_0038,1.983,16000,test,LA_E_4218849_awgn-snr10
data/attacks/bandpass-300-3400/LA_E_4218849.wav,fake,la_p4fix,none,bandpass-300-3400,bandpass300-3400,na,LA_0038,1.983,16000,test,LA_E_4218849_bandpass-300-3400
data/attacks/reverb-rt60-0.4/LA_E_4218849.wav,fake,la_p4fix,none,reverb-rt60-0.4,rt60-0.4,na,LA_0038,1.983,16000,test,LA_E_4218849_reverb-rt60-0.4
data/attacks/speed0.9/LA_E_4218849.wav,fake,la_p4fix,none,speed0.9,speed0.9,na,LA_0038,2.204,16000,test,LA_E_4218849_speed0.9
data/attacks/mp3-64k/LA_E_1658897.wav,fake,la_p4fix,none,mp3-64k,mp3-64k,na,LA_0016,1.992,16000,test,LA_E_1658897_mp3-64k
data/attacks/aac-128k/LA_E_1658897.wav,fake,la_p4fix,none,aac-128k,aac-128k,na,LA_0016,2.048,16000,test,LA_E_1658897_aac-128k
data/attacks/opus-32k/LA_E_1658897.wav,fake,la_p4fix,none,opus-32k,opus-32k,na,LA_0016,1.992,16000,test,LA_E_1658897_opus-32k
data/attacks/g711-8k/LA_E_1658897.wav,fake,la_p4fix,none,g711-8k,g711-8k,na,LA_0016,1.992,16000,test,LA_E_1658897_g711-8k
data/attacks/awgn-snr5/LA_E_1658897.wav,fake,la_p4fix,none,awgn-snr5,snr5,na,LA_0016,1.992,16000,test,LA_E_1658897_awgn-snr5
data/attacks/awgn-snr10/LA_E_1658897.wav,fake,la_p4fix,none,awgn-snr10,snr10,na,LA_0016,1.992,16000,test,LA_E_1658897_awgn-snr10
data/attacks/bandpass-300-3400/LA_E_1658897.wav,fake,la_p4fix,none,bandpass-300-3400,bandpass300-3400,na,LA_0016,1.992,16000,test,LA_E_1658897_bandpass-300-3400
data/attacks/reverb-rt60-0.4/LA_E_1658897.wav,fake,la_p4fix,none,reverb-rt60-0.4,rt60-0.4,na,LA_0016,1.992,16000,test,LA_E_1658897_reverb-rt60-0.4
data/attacks/speed0.9/LA_E_1658897.wav,fake,la_p4fix,none,speed0.9,speed0.9,na,LA_0016,2.213,16000,test,LA_E_1658897_speed0.9
data/attacks/mp3-64k/LA_E_9256377.wav,fake,la_p4fix,none,mp3-64k,mp3-64k,na,LA_0012,4.168,16000,test,LA_E_9256377_mp3-64k
data/attacks/aac-128k/LA_E_9256377.wav,fake,la_p4fix,none,aac-128k,aac-128k,na,LA_0012,4.224,16000,test,LA_E_9256377_aac-128k
data/attacks/opus-32k/LA_E_9256377.wav,fake,la_p4fix,none,opus-32k,opus-32k,na,LA_0012,4.168,16000,test,LA_E_9256377_opus-32k
data/attacks/g711-8k/LA_E_9256377.wav,fake,la_p4fix,none,g711-8k,g711-8k,na,LA_0012,4.168,16000,test,LA_E_9256377_g711-8k
data/attacks/awgn-snr5/LA_E_9256377.wav,fake,la_p4fix,none,awgn-snr5,snr5,na,LA_0012,4.168,16000,test,LA_E_9256377_awgn-snr5
data/attacks/awgn-snr10/LA_E_9256377.wav,fake,la_p4fix,none,awgn-snr10,snr10,na,LA_0012,4.168,16000,test,LA_E_9256377_awgn-snr10
data/attacks/bandpass-300-3400/LA_E_9256377.wav,fake,la_p4fix,none,bandpass-300-3400,bandpass300-3400,na,LA_0012,4.168,16000,test,LA_E_9256377_bandpass-300-3400
data/attacks/reverb-rt60-0.4/LA_E_9256377.wav,fake,la_p4fix,none,reverb-rt60-0.4,rt60-0.4,na,LA_0012,4.168,16000,test,LA_E_9256377_reverb-rt60-0.4
data/attacks/speed0.9/LA_E_9256377.wav,fake,la_p4fix,none,speed0.9,speed0.9,na,LA_0012,4.631,16000,test,LA_E_9256377_speed0.9
data/attacks/mp3-64k/LA_E_4939131.wav,fake,la_p4fix,none,mp3-64k,mp3-64k,na,LA_0029,2.446,16000,test,LA_E_4939131_mp3-64k
data/attacks/aac-128k/LA_E_4939131.wav,fake,la_p4fix,none,aac-128k,aac-128k,na,LA_0029,2.496,16000,test,LA_E_4939131_aac-128k
data/attacks/opus-32k/LA_E_4939131.wav,fake,la_p4fix,none,opus-32k,opus-32k,na,LA_0029,2.446,16000,test,LA_E_4939131_opus-32k
data/attacks/g711-8k/LA_E_4939131.wav,fake,la_p4fix,none,g711-8k,g711-8k,na,LA_0029,2.446,16000,test,LA_E_4939131_g711-8k
data/attacks/awgn-snr5/LA_E_4939131.wav,fake,la_p4fix,none,awgn-snr5,snr5,na,LA_0029,2.446,16000,test,LA_E_4939131_awgn-snr5
data/attacks/awgn-snr10/LA_E_4939131.wav,fake,la_p4fix,none,awgn-snr10,snr10,na,LA_0029,2.446,16000,test,LA_E_4939131_awgn-snr10
data/attacks/bandpass-300-3400/LA_E_4939131.wav,fake,la_p4fix,none,bandpass-300-3400,bandpass300-3400,na,LA_0029,2.446,16000,test,LA_E_4939131_bandpass-300-3400
data/attacks/reverb-rt60-0.4/LA_E_4939131.wav,fake,la_p4fix,none,reverb-rt60-0.4,rt60-0.4,na,LA_0029,2.446,16000,test,LA_E_4939131_reverb-rt60-0.4
data/attacks/speed0.9/LA_E_4939131.wav,fake,la_p4fix,none,speed0.9,speed0.9,na,LA_0029,2.718,16000,test,LA_E_4939131_speed0.9
data/attacks/mp3-64k/LA_E_7230082.wav,fake,la_p4fix,none,mp3-64k,mp3-64k,na,LA_0032,3.005,16000,test,LA_E_7230082_mp3-64k
data/attacks/aac-128k/LA_E_7230082.wav,fake,la_p4fix,none,aac-128k,aac-128k,na,LA_0032,3.008,16000,test,LA_E_7230082_aac-128k
data/attacks/opus-32k/LA_E_7230082.wav,fake,la_p4fix,none,opus-32k,opus-32k,na,LA_0032,3.005,16000,test,LA_E_7230082_opus-32k
data/attacks/g711-8k/LA_E_7230082.wav,fake,la_p4fix,none,g711-8k,g711-8k,na,LA_0032,3.005,16000,test,LA_E_7230082_g711-8k
data/attacks/awgn-snr5/LA_E_7230082.wav,fake,la_p4fix,none,awgn-snr5,snr5,na,LA_0032,3.005,16000,test,LA_E_7230082_awgn-snr5
data/attacks/awgn-snr10/LA_E_7230082.wav,fake,la_p4fix,none,awgn-snr10,snr10,na,LA_0032,3.005,16000,test,LA_E_7230082_awgn-snr10
data/attacks/bandpass-300-3400/LA_E_7230082.wav,fake,la_p4fix,none,bandpass-300-3400,bandpass300-3400,na,LA_0032,3.005,16000,test,LA_E_7230082_bandpass-300-3400
data/attacks/reverb-rt60-0.4/LA_E_7230082.wav,fake,la_p4fix,none,reverb-rt60-0.4,rt60-0.4,na,LA_0032,3.005,16000,test,LA_E_7230082_reverb-rt60-0.4
data/attacks/speed0.9/LA_E_7230082.wav,fake,la_p4fix,none,speed0.9,speed0.9,na,LA_0032,3.339,16000,test,LA_E_7230082_speed0.9
data/attacks/mp3-64k/LA_E_6808570.wav,fake,la_p4fix,none,mp3-64k,mp3-64k,na,LA_0029,4.431,16000,test,LA_E_6808570_mp3-64k
data/attacks/aac-128k/LA_E_6808570.wav,fake,la_p4fix,none,aac-128k,aac-128k,na,LA_0029,4.48,16000,test,LA_E_6808570_aac-128k
data/attacks/opus-32k/LA_E_6808570.wav,fake,la_p4fix,none,opus-32k,opus-32k,na,LA_0029,4.431,16000,test,LA_E_6808570_opus-32k
data/attacks/g711-8k/LA_E_6808570.wav,fake,la_p4fix,none,g711-8k,g711-8k,na,LA_0029,4.431,16000,test,LA_E_6808570_g711-8k
data/attacks/awgn-snr5/LA_E_6808570.wav,fake,la_p4fix,none,awgn-snr5,snr5,na,LA_0029,4.431,16000,test,LA_E_6808570_awgn-snr5
data/attacks/awgn-snr10/LA_E_6808570.wav,fake,la_p4fix,none,awgn-snr10,snr10,na,LA_0029,4.431,16000,test,LA_E_6808570_awgn-snr10
data/attacks/bandpass-300-3400/LA_E_6808570.wav,fake,la_p4fix,none,bandpass-300-3400,bandpass300-3400,na,LA_0029,4.431,16000,test,LA_E_6808570_bandpass-300-3400
data/attacks/reverb-rt60-0.4/LA_E_6808570.wav,fake,la_p4fix,none,reverb-rt60-0.4,rt60-0.4,na,LA_0029,4.431,16000,test,LA_E_6808570_reverb-rt60-0.4
data/attacks/speed0.9/LA_E_6808570.wav,fake,la_p4fix,none,speed0.9,speed0.9,na,LA_0029,4.923,16000,test,LA_E_6808570_speed0.9
data/attacks/mp3-64k/LA_E_8503346.wav,fake,la_p4fix,none,mp3-64k,mp3-64k,na,LA_0021,2.304,16000,test,LA_E_8503346_mp3-64k
data/attacks/aac-128k/LA_E_8503346.wav,fake,la_p4fix,none,aac-128k,aac-128k,na,LA_0021,2.304,16000,test,LA_E_8503346_aac-128k
data/attacks/opus-32k/LA_E_8503346.wav,fake,la_p4fix,none,opus-32k,opus-32k,na,LA_0021,2.304,16000,test,LA_E_8503346_opus-32k
data/attacks/g711-8k/LA_E_8503346.wav,fake,la_p4fix,none,g711-8k,g711-8k,na,LA_0021,2.304,16000,test,LA_E_8503346_g711-8k
data/attacks/awgn-snr5/LA_E_8503346.wav,fake,la_p4fix,none,awgn-snr5,snr5,na,LA_0021,2.304,16000,test,LA_E_8503346_awgn-snr5
data/attacks/awgn-snr10/LA_E_8503346.wav,fake,la_p4fix,none,awgn-snr10,snr10,na,LA_0021,2.304,16000,test,LA_E_8503346_awgn-snr10
data/attacks/bandpass-300-3400/LA_E_8503346.wav,fake,la_p4fix,none,bandpass-300-3400,bandpass300-3400,na,LA_0021,2.304,16000,test,LA_E_8503346_bandpass-300-3400
data/attacks/reverb-rt60-0.4/LA_E_8503346.wav,fake,la_p4fix,none,reverb-rt60-0.4,rt60-0.4,na,LA_0021,2.304,16000,test,LA_E_8503346_reverb-rt60-0.4
data/attacks/speed0.9/LA_E_8503346.wav,fake,la_p4fix,none,speed0.9,speed0.9,na,LA_0021,2.56,16000,test,LA_E_8503346_speed0.9
data/attacks/mp3-64k/LA_E_5267223.wav,fake,la_p4fix,none,mp3-64k,mp3-64k,na,LA_0037,2.719,16000,test,LA_E_5267223_mp3-64k
data/attacks/aac-128k/LA_E_5267223.wav,fake,la_p4fix,none,aac-128k,aac-128k,na,LA_0037,2.752,16000,test,LA_E_5267223_aac-128k
data/attacks/opus-32k/LA_E_5267223.wav,fake,la_p4fix,none,opus-32k,opus-32k,na,LA_0037,2.719,16000,test,LA_E_5267223_opus-32k
data/attacks/g711-8k/LA_E_5267223.wav,fake,la_p4fix,none,g711-8k,g711-8k,na,LA_0037,2.719,16000,test,LA_E_5267223_g711-8k
data/attacks/awgn-snr5/LA_E_5267223.wav,fake,la_p4fix,none,awgn-snr5,snr5,na,LA_0037,2.719,16000,test,LA_E_5267223_awgn-snr5
data/attacks/awgn-snr10/LA_E_5267223.wav,fake,la_p4fix,none,awgn-snr10,snr10,na,LA_0037,2.719,16000,test,LA_E_5267223_awgn-snr10
data/attacks/bandpass-300-3400/LA_E_5267223.wav,fake,la_p4fix,none,bandpass-300-3400,bandpass300-3400,na,LA_0037,2.719,16000,test,LA_E_5267223_bandpass-300-3400
data/attacks/reverb-rt60-0.4/LA_E_5267223.wav,fake,la_p4fix,none,reverb-rt60-0.4,rt60-0.4,na,LA_0037,2.719,16000,test,LA_E_5267223_reverb-rt60-0.4
data/attacks/speed0.9/LA_E_5267223.wav,fake,la_p4fix,none,speed0.9,speed0.9,na,LA_0037,3.021,16000,test,LA_E_5267223_speed0.9
data/attacks/mp3-64k/LA_E_6345957.wav,fake,la_p4fix,none,mp3-64k,mp3-64k,na,LA_0034,2.021,16000,test,LA_E_6345957_mp3-64k
data/attacks/aac-128k/LA_E_6345957.wav,fake,la_p4fix,none,aac-128k,aac-128k,na,LA_0034,2.048,16000,test,LA_E_6345957_aac-128k
data/attacks/opus-32k/LA_E_6345957.wav,fake,la_p4fix,none,opus-32k,opus-32k,na,LA_0034,2.021,16000,test,LA_E_6345957_opus-32k
data/attacks/g711-8k/LA_E_6345957.wav,fake,la_p4fix,none,g711-8k,g711-8k,na,LA_0034,2.021,16000,test,LA_E_6345957_g711-8k
data/attacks/awgn-snr5/LA_E_6345957.wav,fake,la_p4fix,none,awgn-snr5,snr5,na,LA_0034,2.021,16000,test,LA_E_6345957_awgn-snr5
data/attacks/awgn-snr10/LA_E_6345957.wav,fake,la_p4fix,none,awgn-snr10,snr10,na,LA_0034,2.021,16000,test,LA_E_6345957_awgn-snr10
data/attacks/bandpass-300-3400/LA_E_6345957.wav,fake,la_p4fix,none,bandpass-300-3400,bandpass300-3400,na,LA_0034,2.021,16000,test,LA_E_6345957_bandpass-300-3400
data/attacks/reverb-rt60-0.4/LA_E_6345957.wav,fake,la_p4fix,none,reverb-rt60-0.4,rt60-0.4,na,LA_0034,2.021,16000,test,LA_E_6345957_reverb-rt60-0.4
data/attacks/speed0.9/LA_E_6345957.wav,fake,la_p4fix,none,speed0.9,speed0.9,na,LA_0034,2.246,16000,test,LA_E_6345957_speed0.9
data/attacks/mp3-64k/LA_E_1674948.wav,fake,la_p4fix,none,mp3-64k,mp3-64k,na,LA_0045,3.581,16000,test,LA_E_1674948_mp3-64k
data/attacks/aac-128k/LA_E_1674948.wav,fake,la_p4fix,none,aac-128k,aac-128k,na,LA_0045,3.584,16000,test,LA_E_1674948_aac-128k
data/attacks/opus-32k/LA_E_1674948.wav,fake,la_p4fix,none,opus-32k,opus-32k,na,LA_0045,3.581,16000,test,LA_E_1674948_opus-32k
data/attacks/g711-8k/LA_E_1674948.wav,fake,la_p4fix,none,g711-8k,g711-8k,na,LA_0045,3.581,16000,test,LA_E_1674948_g711-8k
data/attacks/awgn-snr5/LA_E_1674948.wav,fake,la_p4fix,none,awgn-snr5,snr5,na,LA_0045,3.581,16000,test,LA_E_1674948_awgn-snr5
data/attacks/awgn-snr10/LA_E_1674948.wav,fake,la_p4fix,none,awgn-snr10,snr10,na,LA_0045,3.581,16000,test,LA_E_1674948_awgn-snr10
data/attacks/bandpass-300-3400/LA_E_1674948.wav,fake,la_p4fix,none,bandpass-300-3400,bandpass300-3400,na,LA_0045,3.581,16000,test,LA_E_1674948_bandpass-300-3400
data/attacks/reverb-rt60-0.4/LA_E_1674948.wav,fake,la_p4fix,none,reverb-rt60-0.4,rt60-0.4,na,LA_0045,3.581,16000,test,LA_E_1674948_reverb-rt60-0.4
data/attacks/speed0.9/LA_E_1674948.wav,fake,la_p4fix,none,speed0.9,speed0.9,na,LA_0045,3.979,16000,test,LA_E_1674948_speed0.9
data/attacks/mp3-64k/LA_E_3727699.wav,fake,la_p4fix,none,mp3-64k,mp3-64k,na,LA_0006,3.101,16000,test,LA_E_3727699_mp3-64k
data/attacks/aac-128k/LA_E_3727699.wav,fake,la_p4fix,none,aac-128k,aac-128k,na,LA_0006,3.136,16000,test,LA_E_3727699_aac-128k
data/attacks/opus-32k/LA_E_3727699.wav,fake,la_p4fix,none,opus-32k,opus-32k,na,LA_0006,3.101,16000,test,LA_E_3727699_opus-32k
data/attacks/g711-8k/LA_E_3727699.wav,fake,la_p4fix,none,g711-8k,g711-8k,na,LA_0006,3.101,16000,test,LA_E_3727699_g711-8k
data/attacks/awgn-snr5/LA_E_3727699.wav,fake,la_p4fix,none,awgn-snr5,snr5,na,LA_0006,3.101,16000,test,LA_E_3727699_awgn-snr5
data/attacks/awgn-snr10/LA_E_3727699.wav,fake,la_p4fix,none,awgn-snr10,snr10,na,LA_0006,3.101,16000,test,LA_E_3727699_awgn-snr10
data/attacks/bandpass-300-3400/LA_E_3727699.wav,fake,la_p4fix,none,bandpass-300-3400,bandpass300-3400,na,LA_0006,3.101,16000,test,LA_E_3727699_bandpass-300-3400
data/attacks/reverb-rt60-0.4/LA_E_3727699.wav,fake,la_p4fix,none,reverb-rt60-0.4,rt60-0.4,na,LA_0006,3.101,16000,test,LA_E_3727699_reverb-rt60-0.4
data/attacks/speed0.9/LA_E_3727699.wav,fake,la_p4fix,none,speed0.9,speed0.9,na,LA_0006,3.446,16000,test,LA_E_3727699_speed0.9
data/attacks/mp3-64k/LA_E_9489426.wav,fake,la_p4fix,none,mp3-64k,mp3-64k,na,LA_0029,1.554,16000,test,LA_E_9489426_mp3-64k
data/attacks/aac-128k/LA_E_9489426.wav,fake,la_p4fix,none,aac-128k,aac-128k,na,LA_0029,1.6,16000,test,LA_E_9489426_aac-128k
data/attacks/opus-32k/LA_E_9489426.wav,fake,la_p4fix,none,opus-32k,opus-32k,na,LA_0029,1.554,16000,test,LA_E_9489426_opus-32k
data/attacks/g711-8k/LA_E_9489426.wav,fake,la_p4fix,none,g711-8k,g711-8k,na,LA_0029,1.554,16000,test,LA_E_9489426_g711-8k
data/attacks/awgn-snr5/LA_E_9489426.wav,fake,la_p4fix,none,awgn-snr5,snr5,na,LA_0029,1.554,16000,test,LA_E_9489426_awgn-snr5
data/attacks/awgn-snr10/LA_E_9489426.wav,fake,la_p4fix,none,awgn-snr10,snr10,na,LA_0029,1.554,16000,test,LA_E_9489426_awgn-snr10
data/attacks/bandpass-300-3400/LA_E_9489426.wav,fake,la_p4fix,none,bandpass-300-3400,bandpass300-3400,na,LA_0029,1.554,16000,test,LA_E_9489426_bandpass-300-3400
data/attacks/reverb-rt60-0.4/LA_E_9489426.wav,fake,la_p4fix,none,reverb-rt60-0.4,rt60-0.4,na,LA_0029,1.554,16000,test,LA_E_9489426_reverb-rt60-0.4
data/attacks/speed0.9/LA_E_9489426.wav,fake,la_p4fix,none,speed0.9,speed0.9,na,LA_0029,1.727,16000,test,LA_E_9489426_speed0.9
data/attacks/mp3-64k/LA_E_9979969.wav,fake,la_p4fix,none,mp3-64k,mp3-64k,na,LA_0027,2.852,16000,test,LA_E_9979969_mp3-64k
data/attacks/aac-128k/LA_E_9979969.wav,fake,la_p4fix,none,aac-128k,aac-128k,na,LA_0027,2.88,16000,test,LA_E_9979969_aac-128k
data/attacks/opus-32k/LA_E_9979969.wav,fake,la_p4fix,none,opus-32k,opus-32k,na,LA_0027,2.852,16000,test,LA_E_9979969_opus-32k
data/attacks/g711-8k/LA_E_9979969.wav,fake,la_p4fix,none,g711-8k,g711-8k,na,LA_0027,2.852,16000,test,LA_E_9979969_g711-8k
data/attacks/awgn-snr5/LA_E_9979969.wav,fake,la_p4fix,none,awgn-snr5,snr5,na,LA_0027,2.852,16000,test,LA_E_9979969_awgn-snr5
data/attacks/awgn-snr10/LA_E_9979969.wav,fake,la_p4fix,none,awgn-snr10,snr10,na,LA_0027,2.852,16000,test,LA_E_9979969_awgn-snr10
data/attacks/bandpass-300-3400/LA_E_9979969.wav,fake,la_p4fix,none,bandpass-300-3400,bandpass300-3400,na,LA_0027,2.852,16000,test,LA_E_9979969_bandpass-300-3400
data/attacks/reverb-rt60-0.4/LA_E_9979969.wav,fake,la_p4fix,none,reverb-rt60-0.4,rt60-0.4,na,LA_0027,2.852,16000,test,LA_E_9979969_reverb-rt60-0.4
data/attacks/speed0.9/LA_E_9979969.wav,fake,la_p4fix,none,speed0.9,speed0.9,na,LA_0027,3.169,16000,test,LA_E_9979969_speed0.9
data/attacks/mp3-64k/LA_E_2028861.wav,fake,la_p4fix,none,mp3-64k,mp3-64k,na,LA_0048,1.103,16000,test,LA_E_2028861_mp3-64k
data/attacks/aac-128k/LA_E_2028861.wav,fake,la_p4fix,none,aac-128k,aac-128k,na,LA_0048,1.152,16000,test,LA_E_2028861_aac-128k
data/attacks/opus-32k/LA_E_2028861.wav,fake,la_p4fix,none,opus-32k,opus-32k,na,LA_0048,1.103,16000,test,LA_E_2028861_opus-32k
data/attacks/g711-8k/LA_E_2028861.wav,fake,la_p4fix,none,g711-8k,g711-8k,na,LA_0048,1.103,16000,test,LA_E_2028861_g711-8k
data/attacks/awgn-snr5/LA_E_2028861.wav,fake,la_p4fix,none,awgn-snr5,snr5,na,LA_0048,1.103,16000,test,LA_E_2028861_awgn-snr5
data/attacks/awgn-snr10/LA_E_2028861.wav,fake,la_p4fix,none,awgn-snr10,snr10,na,LA_0048,1.103,16000,test,LA_E_2028861_awgn-snr10
data/attacks/bandpass-300-3400/LA_E_2028861.wav,fake,la_p4fix,none,bandpass-300-3400,bandpass300-3400,na,LA_0048,1.103,16000,test,LA_E_2028861_bandpass-300-3400
data/attacks/reverb-rt60-0.4/LA_E_2028861.wav,fake,la_p4fix,none,reverb-rt60-0.4,rt60-0.4,na,LA_0048,1.103,16000,test,LA_E_2028861_reverb-rt60-0.4
data/attacks/speed0.9/LA_E_2028861.wav,fake,la_p4fix,none,speed0.9,speed0.9,na,LA_0048,1.226,16000,test,LA_E_2028861_speed0.9
data/attacks/mp3-64k/LA_E_4380701.wav,fake,la_p4fix,none,mp3-64k,mp3-64k,na,LA_0008,1.182,16000,test,LA_E_4380701_mp3-64k
data/attacks/aac-128k/LA_E_4380701.wav,fake,la_p4fix,none,aac-128k,aac-128k,na,LA_0008,1.216,16000,test,LA_E_4380701_aac-128k
data/attacks/opus-32k/LA_E_4380701.wav,fake,la_p4fix,none,opus-32k,opus-32k,na,LA_0008,1.182,16000,test,LA_E_4380701_opus-32k
data/attacks/g711-8k/LA_E_4380701.wav,fake,la_p4fix,none,g711-8k,g711-8k,na,LA_0008,1.182,16000,test,LA_E_4380701_g711-8k
data/attacks/awgn-snr5/LA_E_4380701.wav,fake,la_p4fix,none,awgn-snr5,snr5,na,LA_0008,1.182,16000,test,LA_E_4380701_awgn-snr5
data/attacks/awgn-snr10/LA_E_4380701.wav,fake,la_p4fix,none,awgn-snr10,snr10,na,LA_0008,1.182,16000,test,LA_E_4380701_awgn-snr10
data/attacks/bandpass-300-3400/LA_E_4380701.wav,fake,la_p4fix,none,bandpass-300-3400,bandpass300-3400,na,LA_0008,1.182,16000,test,LA_E_4380701_bandpass-300-3400
data/attacks/reverb-rt60-0.4/LA_E_4380701.wav,fake,la_p4fix,none,reverb-rt60-0.4,rt60-0.4,na,LA_0008,1.182,16000,test,LA_E_4380701_reverb-rt60-0.4
data/attacks/speed0.9/LA_E_4380701.wav,fake,la_p4fix,none,speed0.9,speed0.9,na,LA_0008,1.313,16000,test,LA_E_4380701_speed0.9
data/attacks/mp3-64k/LA_E_5258523.wav,fake,la_p4fix,none,mp3-64k,mp3-64k,na,LA_0010,1.515,16000,test,LA_E_5258523_mp3-64k
data/attacks/aac-128k/LA_E_5258523.wav,fake,la_p4fix,none,aac-128k,aac-128k,na,LA_0010,1.536,16000,test,LA_E_5258523_aac-128k
data/attacks/opus-32k/LA_E_5258523.wav,fake,la_p4fix,none,opus-32k,opus-32k,na,LA_0010,1.513,16000,test,LA_E_5258523_opus-32k
data/attacks/g711-8k/LA_E_5258523.wav,fake,la_p4fix,none,g711-8k,g711-8k,na,LA_0010,1.513,16000,test,LA_E_5258523_g711-8k
data/attacks/awgn-snr5/LA_E_5258523.wav,fake,la_p4fix,none,awgn-snr5,snr5,na,LA_0010,1.513,16000,test,LA_E_5258523_awgn-snr5
data/attacks/awgn-snr10/LA_E_5258523.wav,fake,la_p4fix,none,awgn-snr10,snr10,na,LA_0010,1.513,16000,test,LA_E_5258523_awgn-snr10
data/attacks/bandpass-300-3400/LA_E_5258523.wav,fake,la_p4fix,none,bandpass-300-3400,bandpass300-3400,na,LA_0010,1.513,16000,test,LA_E_5258523_bandpass-300-3400
data/attacks/reverb-rt60-0.4/LA_E_5258523.wav,fake,la_p4fix,none,reverb-rt60-0.4,rt60-0.4,na,LA_0010,1.513,16000,test,LA_E_5258523_reverb-rt60-0.4
data/attacks/speed0.9/LA_E_5258523.wav,fake,la_p4fix,none,speed0.9,speed0.9,na,LA_0010,1.681,16000,test,LA_E_5258523_speed0.9
data/attacks/mp3-64k/LA_E_8822188.wav,fake,la_p4fix,none,mp3-64k,mp3-64k,na,LA_0006,3.309,16000,test,LA_E_8822188_mp3-64k
data/attacks/aac-128k/LA_E_8822188.wav,fake,la_p4fix,none,aac-128k,aac-128k,na,LA_0006,3.328,16000,test,LA_E_8822188_aac-128k
data/attacks/opus-32k/LA_E_8822188.wav,fake,la_p4fix,none,opus-32k,opus-32k,na,LA_0006,3.309,16000,test,LA_E_8822188_opus-32k
data/attacks/g711-8k/LA_E_8822188.wav,fake,la_p4fix,none,g711-8k,g711-8k,na,LA_0006,3.309,16000,test,LA_E_8822188_g711-8k
data/attacks/awgn-snr5/LA_E_8822188.wav,fake,la_p4fix,none,awgn-snr5,snr5,na,LA_0006,3.309,16000,test,LA_E_8822188_awgn-snr5
data/attacks/awgn-snr10/LA_E_8822188.wav,fake,la_p4fix,none,awgn-snr10,snr10,na,LA_0006,3.309,16000,test,LA_E_8822188_awgn-snr10
data/attacks/bandpass-300-3400/LA_E_8822188.wav,fake,la_p4fix,none,bandpass-300-3400,bandpass300-3400,na,LA_0006,3.309,16000,test,LA_E_8822188_bandpass-300-3400
data/attacks/reverb-rt60-0.4/LA_E_8822188.wav,fake,la_p4fix,none,reverb-rt60-0.4,rt60-0.4,na,LA_0006,3.309,16000,test,LA_E_8822188_reverb-rt60-0.4
data/attacks/speed0.9/LA_E_8822188.wav,fake,la_p4fix,none,speed0.9,speed0.9,na,LA_0006,3.677,16000,test,LA_E_8822188_speed0.9
data/attacks/mp3-64k/LA_E_6979198.wav,fake,la_p4fix,none,mp3-64k,mp3-64k,na,LA_0026,3.166,16000,test,LA_E_6979198_mp3-64k
data/attacks/aac-128k/LA_E_6979198.wav,fake,la_p4fix,none,aac-128k,aac-128k,na,LA_0026,3.2,16000,test,LA_E_6979198_aac-128k
data/attacks/opus-32k/LA_E_6979198.wav,fake,la_p4fix,none,opus-32k,opus-32k,na,LA_0026,3.166,16000,test,LA_E_6979198_opus-32k
data/attacks/g711-8k/LA_E_6979198.wav,fake,la_p4fix,none,g711-8k,g711-8k,na,LA_0026,3.166,16000,test,LA_E_6979198_g711-8k
data/attacks/awgn-snr5/LA_E_6979198.wav,fake,la_p4fix,none,awgn-snr5,snr5,na,LA_0026,3.166,16000,test,LA_E_6979198_awgn-snr5
data/attacks/awgn-snr10/LA_E_6979198.wav,fake,la_p4fix,none,awgn-snr10,snr10,na,LA_0026,3.166,16000,test,LA_E_6979198_awgn-snr10
data/attacks/bandpass-300-3400/LA_E_6979198.wav,fake,la_p4fix,none,bandpass-300-3400,bandpass300-3400,na,LA_0026,3.166,16000,test,LA_E_6979198_bandpass-300-3400
data/attacks/reverb-rt60-0.4/LA_E_6979198.wav,fake,la_p4fix,none,reverb-rt60-0.4,rt60-0.4,na,LA_0026,3.166,16000,test,LA_E_6979198_reverb-rt60-0.4
data/attacks/speed0.9/LA_E_6979198.wav,fake,la_p4fix,none,speed0.9,speed0.9,na,LA_0026,3.518,16000,test,LA_E_6979198_speed0.9
data/attacks/mp3-64k/LA_E_8763778.wav,fake,la_p4fix,none,mp3-64k,mp3-64k,na,LA_0019,1.645,16000,test,LA_E_8763778_mp3-64k
data/attacks/aac-128k/LA_E_8763778.wav,fake,la_p4fix,none,aac-128k,aac-128k,na,LA_0019,1.664,16000,test,LA_E_8763778_aac-128k
data/attacks/opus-32k/LA_E_8763778.wav,fake,la_p4fix,none,opus-32k,opus-32k,na,LA_0019,1.645,16000,test,LA_E_8763778_opus-32k
data/attacks/g711-8k/LA_E_8763778.wav,fake,la_p4fix,none,g711-8k,g711-8k,na,LA_0019,1.645,16000,test,LA_E_8763778_g711-8k
data/attacks/awgn-snr5/LA_E_8763778.wav,fake,la_p4fix,none,awgn-snr5,snr5,na,LA_0019,1.645,16000,test,LA_E_8763778_awgn-snr5
data/attacks/awgn-snr10/LA_E_8763778.wav,fake,la_p4fix,none,awgn-snr10,snr10,na,LA_0019,1.645,16000,test,LA_E_8763778_awgn-snr10
data/attacks/bandpass-300-3400/LA_E_8763778.wav,fake,la_p4fix,none,bandpass-300-3400,bandpass300-3400,na,LA_0019,1.645,16000,test,LA_E_8763778_bandpass-300-3400
data/attacks/reverb-rt60-0.4/LA_E_8763778.wav,fake,la_p4fix,none,reverb-rt60-0.4,rt60-0.4,na,LA_0019,1.645,16000,test,LA_E_8763778_reverb-rt60-0.4
data/attacks/speed0.9/LA_E_8763778.wav,fake,la_p4fix,none,speed0.9,speed0.9,na,LA_0019,1.828,16000,test,LA_E_8763778_speed0.9
data/attacks/mp3-64k/LA_E_6531018.wav,fake,la_p4fix,none,mp3-64k,mp3-64k,na,LA_0024,1.71,16000,test,LA_E_6531018_mp3-64k
data/attacks/aac-128k/LA_E_6531018.wav,fake,la_p4fix,none,aac-128k,aac-128k,na,LA_0024,1.728,16000,test,LA_E_6531018_aac-128k
data/attacks/opus-32k/LA_E_6531018.wav,fake,la_p4fix,none,opus-32k,opus-32k,na,LA_0024,1.71,16000,test,LA_E_6531018_opus-32k
data/attacks/g711-8k/LA_E_6531018.wav,fake,la_p4fix,none,g711-8k,g711-8k,na,LA_0024,1.71,16000,test,LA_E_6531018_g711-8k
data/attacks/awgn-snr5/LA_E_6531018.wav,fake,la_p4fix,none,awgn-snr5,snr5,na,LA_0024,1.71,16000,test,LA_E_6531018_awgn-snr5
data/attacks/awgn-snr10/LA_E_6531018.wav,fake,la_p4fix,none,awgn-snr10,snr10,na,LA_0024,1.71,16000,test,LA_E_6531018_awgn-snr10
data/attacks/bandpass-300-3400/LA_E_6531018.wav,fake,la_p4fix,none,bandpass-300-3400,bandpass300-3400,na,LA_0024,1.71,16000,test,LA_E_6531018_bandpass-300-3400
data/attacks/reverb-rt60-0.4/LA_E_6531018.wav,fake,la_p4fix,none,reverb-rt60-0.4,rt60-0.4,na,LA_0024,1.71,16000,test,LA_E_6531018_reverb-rt60-0.4
data/attacks/speed0.9/LA_E_6531018.wav,fake,la_p4fix,none,speed0.9,speed0.9,na,LA_0024,1.899,16000,test,LA_E_6531018_speed0.9
data/attacks/mp3-64k/LA_E_4797980.wav,fake,la_p4fix,none,mp3-64k,mp3-64k,na,LA_0002,2.539,16000,test,LA_E_4797980_mp3-64k
data/attacks/aac-128k/LA_E_4797980.wav,fake,la_p4fix,none,aac-128k,aac-128k,na,LA_0002,2.56,16000,test,LA_E_4797980_aac-128k
data/attacks/opus-32k/LA_E_4797980.wav,fake,la_p4fix,none,opus-32k,opus-32k,na,LA_0002,2.539,16000,test,LA_E_4797980_opus-32k
data/attacks/g711-8k/LA_E_4797980.wav,fake,la_p4fix,none,g711-8k,g711-8k,na,LA_0002,2.539,16000,test,LA_E_4797980_g711-8k
data/attacks/awgn-snr5/LA_E_4797980.wav,fake,la_p4fix,none,awgn-snr5,snr5,na,LA_0002,2.539,16000,test,LA_E_4797980_awgn-snr5
data/attacks/awgn-snr10/LA_E_4797980.wav,fake,la_p4fix,none,awgn-snr10,snr10,na,LA_0002,2.539,16000,test,LA_E_4797980_awgn-snr10
data/attacks/bandpass-300-3400/LA_E_4797980.wav,fake,la_p4fix,none,bandpass-300-3400,bandpass300-3400,na,LA_0002,2.539,16000,test,LA_E_4797980_bandpass-300-3400
data/attacks/reverb-rt60-0.4/LA_E_4797980.wav,fake,la_p4fix,none,reverb-rt60-0.4,rt60-0.4,na,LA_0002,2.539,16000,test,LA_E_4797980_reverb-rt60-0.4
data/attacks/speed0.9/LA_E_4797980.wav,fake,la_p4fix,none,speed0.9,speed0.9,na,LA_0002,2.821,16000,test,LA_E_4797980_speed0.9
data/attacks/mp3-64k/LA_E_1492874.wav,fake,la_p4fix,none,mp3-64k,mp3-64k,na,LA_0026,1.918,16000,test,LA_E_1492874_mp3-64k
data/attacks/aac-128k/LA_E_1492874.wav,fake,la_p4fix,none,aac-128k,aac-128k,na,LA_0026,1.92,16000,test,LA_E_1492874_aac-128k
data/attacks/opus-32k/LA_E_1492874.wav,fake,la_p4fix,none,opus-32k,opus-32k,na,LA_0026,1.918,16000,test,LA_E_1492874_opus-32k
data/attacks/g711-8k/LA_E_1492874.wav,fake,la_p4fix,none,g711-8k,g711-8k,na,LA_0026,1.918,16000,test,LA_E_1492874_g711-8k
data/attacks/awgn-snr5/LA_E_1492874.wav,fake,la_p4fix,none,awgn-snr5,snr5,na,LA_0026,1.918,16000,test,LA_E_1492874_awgn-snr5
data/attacks/awgn-snr10/LA_E_1492874.wav,fake,la_p4fix,none,awgn-snr10,snr10,na,LA_0026,1.918,16000,test,LA_E_1492874_awgn-snr10
data/attacks/bandpass-300-3400/LA_E_1492874.wav,fake,la_p4fix,none,bandpass-300-3400,bandpass300-3400,na,LA_0026,1.918,16000,test,LA_E_1492874_bandpass-300-3400
data/attacks/reverb-rt60-0.4/LA_E_1492874.wav,fake,la_p4fix,none,reverb-rt60-0.4,rt60-0.4,na,LA_0026,1.918,16000,test,LA_E_1492874_reverb-rt60-0.4
data/attacks/speed0.9/LA_E_1492874.wav,fake,la_p4fix,none,speed0.9,speed0.9,na,LA_0026,2.131,16000,test,LA_E_1492874_speed0.9
data/attacks/mp3-64k/LA_E_3785019.wav,fake,la_p4fix,none,mp3-64k,mp3-64k,na,LA_0016,1.092,16000,test,LA_E_3785019_mp3-64k
data/attacks/aac-128k/LA_E_3785019.wav,fake,la_p4fix,none,aac-128k,aac-128k,na,LA_0016,1.152,16000,test,LA_E_3785019_aac-128k
data/attacks/opus-32k/LA_E_3785019.wav,fake,la_p4fix,none,opus-32k,opus-32k,na,LA_0016,1.092,16000,test,LA_E_3785019_opus-32k
data/attacks/g711-8k/LA_E_3785019.wav,fake,la_p4fix,none,g711-8k,g711-8k,na,LA_0016,1.092,16000,test,LA_E_3785019_g711-8k
data/attacks/awgn-snr5/LA_E_3785019.wav,fake,la_p4fix,none,awgn-snr5,snr5,na,LA_0016,1.092,16000,test,LA_E_3785019_awgn-snr5
data/attacks/awgn-snr10/LA_E_3785019.wav,fake,la_p4fix,none,awgn-snr10,snr10,na,LA_0016,1.092,16000,test,LA_E_3785019_awgn-snr10
data/attacks/bandpass-300-3400/LA_E_3785019.wav,fake,la_p4fix,none,bandpass-300-3400,bandpass300-3400,na,LA_0016,1.092,16000,test,LA_E_3785019_bandpass-300-3400
data/attacks/reverb-rt60-0.4/LA_E_3785019.wav,fake,la_p4fix,none,reverb-rt60-0.4,rt60-0.4,na,LA_0016,1.092,16000,test,LA_E_3785019_reverb-rt60-0.4
data/attacks/speed0.9/LA_E_3785019.wav,fake,la_p4fix,none,speed0.9,speed0.9,na,LA_0016,1.214,16000,test,LA_E_3785019_speed0.9
data/attacks/mp3-64k/LA_E_3182207.wav,fake,la_p4fix,none,mp3-64k,mp3-64k,na,LA_0004,2.831,16000,test,LA_E_3182207_mp3-64k
data/attacks/aac-128k/LA_E_3182207.wav,fake,la_p4fix,none,aac-128k,aac-128k,na,LA_0004,2.88,16000,test,LA_E_3182207_aac-128k
data/attacks/opus-32k/LA_E_3182207.wav,fake,la_p4fix,none,opus-32k,opus-32k,na,LA_0004,2.831,16000,test,LA_E_3182207_opus-32k
data/attacks/g711-8k/LA_E_3182207.wav,fake,la_p4fix,none,g711-8k,g711-8k,na,LA_0004,2.831,16000,test,LA_E_3182207_g711-8k
data/attacks/awgn-snr5/LA_E_3182207.wav,fake,la_p4fix,none,awgn-snr5,snr5,na,LA_0004,2.831,16000,test,LA_E_3182207_awgn-snr5
data/attacks/awgn-snr10/LA_E_3182207.wav,fake,la_p4fix,none,awgn-snr10,snr10,na,LA_0004,2.831,16000,test,LA_E_3182207_awgn-snr10
data/attacks/bandpass-300-3400/LA_E_3182207.wav,fake,la_p4fix,none,bandpass-300-3400,bandpass300-3400,na,LA_0004,2.831,16000,test,LA_E_3182207_bandpass-300-3400
data/attacks/reverb-rt60-0.4/LA_E_3182207.wav,fake,la_p4fix,none,reverb-rt60-0.4,rt60-0.4,na,LA_0004,2.831,16000,test,LA_E_3182207_reverb-rt60-0.4
data/attacks/speed0.9/LA_E_3182207.wav,fake,la_p4fix,none,speed0.9,speed0.9,na,LA_0004,3.146,16000,test,LA_E_3182207_speed0.9
data/attacks/mp3-64k/LA_E_3802666.wav,fake,la_p4fix,none,mp3-64k,mp3-64k,na,LA_0042,2.084,16000,test,LA_E_3802666_mp3-64k
data/attacks/aac-128k/LA_E_3802666.wav,fake,la_p4fix,none,aac-128k,aac-128k,na,LA_0042,2.112,16000,test,LA_E_3802666_aac-128k
data/attacks/opus-32k/LA_E_3802666.wav,fake,la_p4fix,none,opus-32k,opus-32k,na,LA_0042,2.084,16000,test,LA_E_3802666_opus-32k
data/attacks/g711-8k/LA_E_3802666.wav,fake,la_p4fix,none,g711-8k,g711-8k,na,LA_0042,2.084,16000,test,LA_E_3802666_g711-8k
data/attacks/awgn-snr5/LA_E_3802666.wav,fake,la_p4fix,none,awgn-snr5,snr5,na,LA_0042,2.084,16000,test,LA_E_3802666_awgn-snr5
data/attacks/awgn-snr10/LA_E_3802666.wav,fake,la_p4fix,none,awgn-snr10,snr10,na,LA_0042,2.084,16000,test,LA_E_3802666_awgn-snr10
data/attacks/bandpass-300-3400/LA_E_3802666.wav,fake,la_p4fix,none,bandpass-300-3400,bandpass300-3400,na,LA_0042,2.084,16000,test,LA_E_3802666_bandpass-300-3400
data/attacks/reverb-rt60-0.4/LA_E_3802666.wav,fake,la_p4fix,none,reverb-rt60-0.4,rt60-0.4,na,LA_0042,2.084,16000,test,LA_E_3802666_reverb-rt60-0.4
data/attacks/speed0.9/LA_E_3802666.wav,fake,la_p4fix,none,speed0.9,speed0.9,na,LA_0042,2.316,16000,test,LA_E_3802666_speed0.9
data/attacks/mp3-64k/LA_E_9769442.wav,fake,la_p4fix,none,mp3-64k,mp3-64k,na,LA_0034,1.033,16000,test,LA_E_9769442_mp3-64k
data/attacks/aac-128k/LA_E_9769442.wav,fake,la_p4fix,none,aac-128k,aac-128k,na,LA_0034,1.088,16000,test,LA_E_9769442_aac-128k
data/attacks/opus-32k/LA_E_9769442.wav,fake,la_p4fix,none,opus-32k,opus-32k,na,LA_0034,1.033,16000,test,LA_E_9769442_opus-32k
data/attacks/g711-8k/LA_E_9769442.wav,fake,la_p4fix,none,g711-8k,g711-8k,na,LA_0034,1.033,16000,test,LA_E_9769442_g711-8k
data/attacks/awgn-snr5/LA_E_9769442.wav,fake,la_p4fix,none,awgn-snr5,snr5,na,LA_0034,1.033,16000,test,LA_E_9769442_awgn-snr5
data/attacks/awgn-snr10/LA_E_9769442.wav,fake,la_p4fix,none,awgn-snr10,snr10,na,LA_0034,1.033,16000,test,LA_E_9769442_awgn-snr10
data/attacks/bandpass-300-3400/LA_E_9769442.wav,fake,la_p4fix,none,bandpass-300-3400,bandpass300-3400,na,LA_0034,1.033,16000,test,LA_E_9769442_bandpass-300-3400
data/attacks/reverb-rt60-0.4/LA_E_9769442.wav,fake,la_p4fix,none,reverb-rt60-0.4,rt60-0.4,na,LA_0034,1.033,16000,test,LA_E_9769442_reverb-rt60-0.4
data/attacks/speed0.9/LA_E_9769442.wav,fake,la_p4fix,none,speed0.9,speed0.9,na,LA_0034,1.148,16000,test,LA_E_9769442_speed0.9
data/attacks/mp3-64k/LA_E_6807724.wav,fake,la_p4fix,none,mp3-64k,mp3-64k,na,LA_0004,0.881,16000,test,LA_E_6807724_mp3-64k
data/attacks/aac-128k/LA_E_6807724.wav,fake,la_p4fix,none,aac-128k,aac-128k,na,LA_0004,0.896,16000,test,LA_E_6807724_aac-128k
data/attacks/opus-32k/LA_E_6807724.wav,fake,la_p4fix,none,opus-32k,opus-32k,na,LA_0004,0.881,16000,test,LA_E_6807724_opus-32k
data/attacks/g711-8k/LA_E_6807724.wav,fake,la_p4fix,none,g711-8k,g711-8k,na,LA_0004,0.881,16000,test,LA_E_6807724_g711-8k
data/attacks/awgn-snr5/LA_E_6807724.wav,fake,la_p4fix,none,awgn-snr5,snr5,na,LA_0004,0.881,16000,test,LA_E_6807724_awgn-snr5
data/attacks/awgn-snr10/LA_E_6807724.wav,fake,la_p4fix,none,awgn-snr10,snr10,na,LA_0004,0.881,16000,test,LA_E_6807724_awgn-snr10
data/attacks/bandpass-300-3400/LA_E_6807724.wav,fake,la_p4fix,none,bandpass-300-3400,bandpass300-3400,na,LA_0004,0.881,16000,test,LA_E_6807724_bandpass-300-3400
data/attacks/reverb-rt60-0.4/LA_E_6807724.wav,fake,la_p4fix,none,reverb-rt60-0.4,rt60-0.4,na,LA_0004,0.881,16000,test,LA_E_6807724_reverb-rt60-0.4
data/attacks/speed0.9/LA_E_6807724.wav,fake,la_p4fix,none,speed0.9,speed0.9,na,LA_0004,0.979,16000,test,LA_E_6807724_speed0.9
data/attacks/mp3-64k/LA_E_6546330.wav,fake,la_p4fix,none,mp3-64k,mp3-64k,na,LA_0026,4.016,16000,test,LA_E_6546330_mp3-64k
data/attacks/aac-128k/LA_E_6546330.wav,fake,la_p4fix,none,aac-128k,aac-128k,na,LA_0026,4.032,16000,test,LA_E_6546330_aac-128k
data/attacks/opus-32k/LA_E_6546330.wav,fake,la_p4fix,none,opus-32k,opus-32k,na,LA_0026,4.016,16000,test,LA_E_6546330_opus-32k
data/attacks/g711-8k/LA_E_6546330.wav,fake,la_p4fix,none,g711-8k,g711-8k,na,LA_0026,4.016,16000,test,LA_E_6546330_g711-8k
data/attacks/awgn-snr5/LA_E_6546330.wav,fake,la_p4fix,none,awgn-snr5,snr5,na,LA_0026,4.016,16000,test,LA_E_6546330_awgn-snr5
data/attacks/awgn-snr10/LA_E_6546330.wav,fake,la_p4fix,none,awgn-snr10,snr10,na,LA_0026,4.016,16000,test,LA_E_6546330_awgn-snr10
data/attacks/bandpass-300-3400/LA_E_6546330.wav,fake,la_p4fix,none,bandpass-300-3400,bandpass300-3400,na,LA_0026,4.016,16000,test,LA_E_6546330_bandpass-300-3400
data/attacks/reverb-rt60-0.4/LA_E_6546330.wav,fake,la_p4fix,none,reverb-rt60-0.4,rt60-0.4,na,LA_0026,4.016,16000,test,LA_E_6546330_reverb-rt60-0.4
data/attacks/speed0.9/LA_E_6546330.wav,fake,la_p4fix,none,speed0.9,speed0.9,na,LA_0026,4.462,16000,test,LA_E_6546330_speed0.9
data/attacks/mp3-64k/LA_E_9145765.wav,fake,la_p4fix,none,mp3-64k,mp3-64k,na,LA_0048,7.205,16000,test,LA_E_9145765_mp3-64k
data/attacks/aac-128k/LA_E_9145765.wav,fake,la_p4fix,none,aac-128k,aac-128k,na,LA_0048,7.232,16000,test,LA_E_9145765_aac-128k
data/attacks/opus-32k/LA_E_9145765.wav,fake,la_p4fix,none,opus-32k,opus-32k,na,LA_0048,7.205,16000,test,LA_E_9145765_opus-32k
data/attacks/g711-8k/LA_E_9145765.wav,fake,la_p4fix,none,g711-8k,g711-8k,na,LA_0048,7.205,16000,test,LA_E_9145765_g711-8k
data/attacks/awgn-snr5/LA_E_9145765.wav,fake,la_p4fix,none,awgn-snr5,snr5,na,LA_0048,7.205,16000,test,LA_E_9145765_awgn-snr5
data/attacks/awgn-snr10/LA_E_9145765.wav,fake,la_p4fix,none,awgn-snr10,snr10,na,LA_0048,7.205,16000,test,LA_E_9145765_awgn-snr10
data/attacks/bandpass-300-3400/LA_E_9145765.wav,fake,la_p4fix,none,bandpass-300-3400,bandpass300-3400,na,LA_0048,7.205,16000,test,LA_E_9145765_bandpass-300-3400
data/attacks/reverb-rt60-0.4/LA_E_9145765.wav,fake,la_p4fix,none,reverb-rt60-0.4,rt60-0.4,na,LA_0048,7.205,16000,test,LA_E_9145765_reverb-rt60-0.4
data/attacks/speed0.9/LA_E_9145765.wav,fake,la_p4fix,none,speed0.9,speed0.9,na,LA_0048,8.005,16000,test,LA_E_9145765_speed0.9
data/attacks/mp3-64k/LA_E_7834091.wav,fake,la_p4fix,none,mp3-64k,mp3-64k,na,LA_0017,4.256,16000,test,LA_E_7834091_mp3-64k
data/attacks/aac-128k/LA_E_7834091.wav,fake,la_p4fix,none,aac-128k,aac-128k,na,LA_0017,4.288,16000,test,LA_E_7834091_aac-128k
data/attacks/opus-32k/LA_E_7834091.wav,fake,la_p4fix,none,opus-32k,opus-32k,na,LA_0017,4.256,16000,test,LA_E_7834091_opus-32k
data/attacks/g711-8k/LA_E_7834091.wav,fake,la_p4fix,none,g711-8k,g711-8k,na,LA_0017,4.256,16000,test,LA_E_7834091_g711-8k
data/attacks/awgn-snr5/LA_E_7834091.wav,fake,la_p4fix,none,awgn-snr5,snr5,na,LA_0017,4.256,16000,test,LA_E_7834091_awgn-snr5
data/attacks/awgn-snr10/LA_E_7834091.wav,fake,la_p4fix,none,awgn-snr10,snr10,na,LA_0017,4.256,16000,test,LA_E_7834091_awgn-snr10
data/attacks/bandpass-300-3400/LA_E_7834091.wav,fake,la_p4fix,none,bandpass-300-3400,bandpass300-3400,na,LA_0017,4.256,16000,test,LA_E_7834091_bandpass-300-3400
data/attacks/reverb-rt60-0.4/LA_E_7834091.wav,fake,la_p4fix,none,reverb-rt60-0.4,rt60-0.4,na,LA_0017,4.256,16000,test,LA_E_7834091_reverb-rt60-0.4
data/attacks/speed0.9/LA_E_7834091.wav,fake,la_p4fix,none,speed0.9,speed0.9,na,LA_0017,4.729,16000,test,LA_E_7834091_speed0.9
data/attacks/mp3-64k/LA_E_3773272.wav,fake,la_p4fix,none,mp3-64k,mp3-64k,na,LA_0001,3.616,16000,test,LA_E_3773272_mp3-64k
data/attacks/aac-128k/LA_E_3773272.wav,fake,la_p4fix,none,aac-128k,aac-128k,na,LA_0001,3.648,16000,test,LA_E_3773272_aac-128k
data/attacks/opus-32k/LA_E_3773272.wav,fake,la_p4fix,none,opus-32k,opus-32k,na,LA_0001,3.616,16000,test,LA_E_3773272_opus-32k
data/attacks/g711-8k/LA_E_3773272.wav,fake,la_p4fix,none,g711-8k,g711-8k,na,LA_0001,3.616,16000,test,LA_E_3773272_g711-8k
data/attacks/awgn-snr5/LA_E_3773272.wav,fake,la_p4fix,none,awgn-snr5,snr5,na,LA_0001,3.616,16000,test,LA_E_3773272_awgn-snr5
data/attacks/awgn-snr10/LA_E_3773272.wav,fake,la_p4fix,none,awgn-snr10,snr10,na,LA_0001,3.616,16000,test,LA_E_3773272_awgn-snr10
data/attacks/bandpass-300-3400/LA_E_3773272.wav,fake,la_p4fix,none,bandpass-300-3400,bandpass300-3400,na,LA_0001,3.616,16000,test,LA_E_3773272_bandpass-300-3400
data/attacks/reverb-rt60-0.4/LA_E_3773272.wav,fake,la_p4fix,none,reverb-rt60-0.4,rt60-0.4,na,LA_0001,3.616,16000,test,LA_E_3773272_reverb-rt60-0.4
data/attacks/speed0.9/LA_E_3773272.wav,fake,la_p4fix,none,speed0.9,speed0.9,na,LA_0001,4.017,16000,test,LA_E_3773272_speed0.9
data/attacks/mp3-64k/LA_E_9358707.wav,fake,la_p4fix,none,mp3-64k,mp3-64k,na,LA_0047,1.601,16000,test,LA_E_9358707_mp3-64k
data/attacks/aac-128k/LA_E_9358707.wav,fake,la_p4fix,none,aac-128k,aac-128k,na,LA_0047,1.664,16000,test,LA_E_9358707_aac-128k
data/attacks/opus-32k/LA_E_9358707.wav,fake,la_p4fix,none,opus-32k,opus-32k,na,LA_0047,1.601,16000,test,LA_E_9358707_opus-32k
data/attacks/g711-8k/LA_E_9358707.wav,fake,la_p4fix,none,g711-8k,g711-8k,na,LA_0047,1.601,16000,test,LA_E_9358707_g711-8k
data/attacks/awgn-snr5/LA_E_9358707.wav,fake,la_p4fix,none,awgn-snr5,snr5,na,LA_0047,1.601,16000,test,LA_E_9358707_awgn-snr5
data/attacks/awgn-snr10/LA_E_9358707.wav,fake,la_p4fix,none,awgn-snr10,snr10,na,LA_0047,1.601,16000,test,LA_E_9358707_awgn-snr10
data/attacks/bandpass-300-3400/LA_E_9358707.wav,fake,la_p4fix,none,bandpass-300-3400,bandpass300-3400,na,LA_0047,1.601,16000,test,LA_E_9358707_bandpass-300-3400
data/attacks/reverb-rt60-0.4/LA_E_9358707.wav,fake,la_p4fix,none,reverb-rt60-0.4,rt60-0.4,na,LA_0047,1.601,16000,test,LA_E_9358707_reverb-rt60-0.4
data/attacks/speed0.9/LA_E_9358707.wav,fake,la_p4fix,none,speed0.9,speed0.9,na,LA_0047,1.779,16000,test,LA_E_9358707_speed0.9
data/attacks/mp3-64k/LA_E_2660448.wav,fake,la_p4fix,none,mp3-64k,mp3-64k,na,LA_0015,1.698,16000,test,LA_E_2660448_mp3-64k
data/attacks/aac-128k/LA_E_2660448.wav,fake,la_p4fix,none,aac-128k,aac-128k,na,LA_0015,1.728,16000,test,LA_E_2660448_aac-128k
data/attacks/opus-32k/LA_E_2660448.wav,fake,la_p4fix,none,opus-32k,opus-32k,na,LA_0015,1.698,16000,test,LA_E_2660448_opus-32k
data/attacks/g711-8k/LA_E_2660448.wav,fake,la_p4fix,none,g711-8k,g711-8k,na,LA_0015,1.698,16000,test,LA_E_2660448_g711-8k
data/attacks/awgn-snr5/LA_E_2660448.wav,fake,la_p4fix,none,awgn-snr5,snr5,na,LA_0015,1.698,16000,test,LA_E_2660448_awgn-snr5
data/attacks/awgn-snr10/LA_E_2660448.wav,fake,la_p4fix,none,awgn-snr10,snr10,na,LA_0015,1.698,16000,test,LA_E_2660448_awgn-snr10
data/attacks/bandpass-300-3400/LA_E_2660448.wav,fake,la_p4fix,none,bandpass-300-3400,bandpass300-3400,na,LA_0015,1.698,16000,test,LA_E_2660448_bandpass-300-3400
data/attacks/reverb-rt60-0.4/LA_E_2660448.wav,fake,la_p4fix,none,reverb-rt60-0.4,rt60-0.4,na,LA_0015,1.698,16000,test,LA_E_2660448_reverb-rt60-0.4
data/attacks/speed0.9/LA_E_2660448.wav,fake,la_p4fix,none,speed0.9,speed0.9,na,LA_0015,1.887,16000,test,LA_E_2660448_speed0.9
data/attacks/mp3-64k/LA_E_8735198.wav,fake,la_p4fix,none,mp3-64k,mp3-64k,na,LA_0001,2.057,16000,test,LA_E_8735198_mp3-64k
data/attacks/aac-128k/LA_E_8735198.wav,fake,la_p4fix,none,aac-128k,aac-128k,na,LA_0001,2.112,16000,test,LA_E_8735198_aac-128k
data/attacks/opus-32k/LA_E_8735198.wav,fake,la_p4fix,none,opus-32k,opus-32k,na,LA_0001,2.057,16000,test,LA_E_8735198_opus-32k
data/attacks/g711-8k/LA_E_8735198.wav,fake,la_p4fix,none,g711-8k,g711-8k,na,LA_0001,2.057,16000,test,LA_E_8735198_g711-8k
data/attacks/awgn-snr5/LA_E_8735198.wav,fake,la_p4fix,none,awgn-snr5,snr5,na,LA_0001,2.057,16000,test,LA_E_8735198_awgn-snr5
data/attacks/awgn-snr10/LA_E_8735198.wav,fake,la_p4fix,none,awgn-snr10,snr10,na,LA_0001,2.057,16000,test,LA_E_8735198_awgn-snr10
data/attacks/bandpass-300-3400/LA_E_8735198.wav,fake,la_p4fix,none,bandpass-300-3400,bandpass300-3400,na,LA_0001,2.057,16000,test,LA_E_8735198_bandpass-300-3400
data/attacks/reverb-rt60-0.4/LA_E_8735198.wav,fake,la_p4fix,none,reverb-rt60-0.4,rt60-0.4,na,LA_0001,2.057,16000,test,LA_E_8735198_reverb-rt60-0.4
data/attacks/speed0.9/LA_E_8735198.wav,fake,la_p4fix,none,speed0.9,speed0.9,na,LA_0001,2.285,16000,test,LA_E_8735198_speed0.9
data/attacks/mp3-64k/LA_E_8674515.wav,fake,la_p4fix,none,mp3-64k,mp3-64k,na,LA_0043,3.819,16000,test,LA_E_8674515_mp3-64k
data/attacks/aac-128k/LA_E_8674515.wav,fake,la_p4fix,none,aac-128k,aac-128k,na,LA_0043,3.84,16000,test,LA_E_8674515_aac-128k
data/attacks/opus-32k/LA_E_8674515.wav,fake,la_p4fix,none,opus-32k,opus-32k,na,LA_0043,3.817,16000,test,LA_E_8674515_opus-32k
data/attacks/g711-8k/LA_E_8674515.wav,fake,la_p4fix,none,g711-8k,g711-8k,na,LA_0043,3.817,16000,test,LA_E_8674515_g711-8k
data/attacks/awgn-snr5/LA_E_8674515.wav,fake,la_p4fix,none,awgn-snr5,snr5,na,LA_0043,3.817,16000,test,LA_E_8674515_awgn-snr5
data/attacks/awgn-snr10/LA_E_8674515.wav,fake,la_p4fix,none,awgn-snr10,snr10,na,LA_0043,3.817,16000,test,LA_E_8674515_awgn-snr10
data/attacks/bandpass-300-3400/LA_E_8674515.wav,fake,la_p4fix,none,bandpass-300-3400,bandpass300-3400,na,LA_0043,3.817,16000,test,LA_E_8674515_bandpass-300-3400
data/attacks/reverb-rt60-0.4/LA_E_8674515.wav,fake,la_p4fix,none,reverb-rt60-0.4,rt60-0.4,na,LA_0043,3.817,16000,test,LA_E_8674515_reverb-rt60-0.4
data/attacks/speed0.9/LA_E_8674515.wav,fake,la_p4fix,none,speed0.9,speed0.9,na,LA_0043,4.241,16000,test,LA_E_8674515_speed0.9
data/attacks/mp3-64k/LA_E_8857868.wav,fake,la_p4fix,none,mp3-64k,mp3-64k,na,LA_0042,6.594,16000,test,LA_E_8857868_mp3-64k
data/attacks/aac-128k/LA_E_8857868.wav,fake,la_p4fix,none,aac-128k,aac-128k,na,LA_0042,6.656,16000,test,LA_E_8857868_aac-128k
data/attacks/opus-32k/LA_E_8857868.wav,fake,la_p4fix,none,opus-32k,opus-32k,na,LA_0042,6.594,16000,test,LA_E_8857868_opus-32k
data/attacks/g711-8k/LA_E_8857868.wav,fake,la_p4fix,none,g711-8k,g711-8k,na,LA_0042,6.594,16000,test,LA_E_8857868_g711-8k
data/attacks/awgn-snr5/LA_E_8857868.wav,fake,la_p4fix,none,awgn-snr5,snr5,na,LA_0042,6.594,16000,test,LA_E_8857868_awgn-snr5
data/attacks/awgn-snr10/LA_E_8857868.wav,fake,la_p4fix,none,awgn-snr10,snr10,na,LA_0042,6.594,16000,test,LA_E_8857868_awgn-snr10
data/attacks/bandpass-300-3400/LA_E_8857868.wav,fake,la_p4fix,none,bandpass-300-3400,bandpass300-3400,na,LA_0042,6.594,16000,test,LA_E_8857868_bandpass-300-3400
data/attacks/reverb-rt60-0.4/LA_E_8857868.wav,fake,la_p4fix,none,reverb-rt60-0.4,rt60-0.4,na,LA_0042,6.594,16000,test,LA_E_8857868_reverb-rt60-0.4
data/attacks/speed0.9/LA_E_8857868.wav,fake,la_p4fix,none,speed0.9,speed0.9,na,LA_0042,7.327,16000,test,LA_E_8857868_speed0.9
data/attacks/mp3-64k/LA_E_1766205.wav,fake,la_p4fix,none,mp3-64k,mp3-64k,na,LA_0039,1.528,16000,test,LA_E_1766205_mp3-64k
data/attacks/aac-128k/LA_E_1766205.wav,fake,la_p4fix,none,aac-128k,aac-128k,na,LA_0039,1.536,16000,test,LA_E_1766205_aac-128k
data/attacks/opus-32k/LA_E_1766205.wav,fake,la_p4fix,none,opus-32k,opus-32k,na,LA_0039,1.528,16000,test,LA_E_1766205_opus-32k
data/attacks/g711-8k/LA_E_1766205.wav,fake,la_p4fix,none,g711-8k,g711-8k,na,LA_0039,1.528,16000,test,LA_E_1766205_g711-8k
data/attacks/awgn-snr5/LA_E_1766205.wav,fake,la_p4fix,none,awgn-snr5,snr5,na,LA_0039,1.528,16000,test,LA_E_1766205_awgn-snr5
data/attacks/awgn-snr10/LA_E_1766205.wav,fake,la_p4fix,none,awgn-snr10,snr10,na,LA_0039,1.528,16000,test,LA_E_1766205_awgn-snr10
data/attacks/bandpass-300-3400/LA_E_1766205.wav,fake,la_p4fix,none,bandpass-300-3400,bandpass300-3400,na,LA_0039,1.528,16000,test,LA_E_1766205_bandpass-300-3400
data/attacks/reverb-rt60-0.4/LA_E_1766205.wav,fake,la_p4fix,none,reverb-rt60-0.4,rt60-0.4,na,LA_0039,1.528,16000,test,LA_E_1766205_reverb-rt60-0.4
data/attacks/speed0.9/LA_E_1766205.wav,fake,la_p4fix,none,speed0.9,speed0.9,na,LA_0039,1.698,16000,test,LA_E_1766205_speed0.9
data/attacks/mp3-64k/LA_E_8736528.wav,fake,la_p4fix,none,mp3-64k,mp3-64k,na,LA_0027,6.597,16000,test,LA_E_8736528_mp3-64k
data/attacks/aac-128k/LA_E_8736528.wav,fake,la_p4fix,none,aac-128k,aac-128k,na,LA_0027,6.656,16000,test,LA_E_8736528_aac-128k
data/attacks/opus-32k/LA_E_8736528.wav,fake,la_p4fix,none,opus-32k,opus-32k,na,LA_0027,6.597,16000,test,LA_E_8736528_opus-32k
data/attacks/g711-8k/LA_E_8736528.wav,fake,la_p4fix,none,g711-8k,g711-8k,na,LA_0027,6.597,16000,test,LA_E_8736528_g711-8k
data/attacks/awgn-snr5/LA_E_8736528.wav,fake,la_p4fix,none,awgn-snr5,snr5,na,LA_0027,6.597,16000,test,LA_E_8736528_awgn-snr5
data/attacks/awgn-snr10/LA_E_8736528.wav,fake,la_p4fix,none,awgn-snr10,snr10,na,LA_0027,6.597,16000,test,LA_E_8736528_awgn-snr10
data/attacks/bandpass-300-3400/LA_E_8736528.wav,fake,la_p4fix,none,bandpass-300-3400,bandpass300-3400,na,LA_0027,6.597,16000,test,LA_E_8736528_bandpass-300-3400
data/attacks/reverb-rt60-0.4/LA_E_8736528.wav,fake,la_p4fix,none,reverb-rt60-0.4,rt60-0.4,na,LA_0027,6.597,16000,test,LA_E_8736528_reverb-rt60-0.4
data/attacks/speed0.9/LA_E_8736528.wav,fake,la_p4fix,none,speed0.9,speed0.9,na,LA_0027,7.33,16000,test,LA_E_8736528_speed0.9
data/attacks/mp3-64k/LA_E_1480537.wav,fake,la_p4fix,none,mp3-64k,mp3-64k,na,LA_0014,4.016,16000,test,LA_E_1480537_mp3-64k
data/attacks/aac-128k/LA_E_1480537.wav,fake,la_p4fix,none,aac-128k,aac-128k,na,LA_0014,4.032,16000,test,LA_E_1480537_aac-128k
data/attacks/opus-32k/LA_E_1480537.wav,fake,la_p4fix,none,opus-32k,opus-32k,na,LA_0014,4.016,16000,test,LA_E_1480537_opus-32k
data/attacks/g711-8k/LA_E_1480537.wav,fake,la_p4fix,none,g711-8k,g711-8k,na,LA_0014,4.016,16000,test,LA_E_1480537_g711-8k
data/attacks/awgn-snr5/LA_E_1480537.wav,fake,la_p4fix,none,awgn-snr5,snr5,na,LA_0014,4.016,16000,test,LA_E_1480537_awgn-snr5
data/attacks/awgn-snr10/LA_E_1480537.wav,fake,la_p4fix,none,awgn-snr10,snr10,na,LA_0014,4.016,16000,test,LA_E_1480537_awgn-snr10
data/attacks/bandpass-300-3400/LA_E_1480537.wav,fake,la_p4fix,none,bandpass-300-3400,bandpass300-3400,na,LA_0014,4.016,16000,test,LA_E_1480537_bandpass-300-3400
data/attacks/reverb-rt60-0.4/LA_E_1480537.wav,fake,la_p4fix,none,reverb-rt60-0.4,rt60-0.4,na,LA_0014,4.016,16000,test,LA_E_1480537_reverb-rt60-0.4
data/attacks/speed0.9/LA_E_1480537.wav,fake,la_p4fix,none,speed0.9,speed0.9,na,LA_0014,4.462,16000,test,LA_E_1480537_speed0.9
data/attacks/mp3-64k/LA_E_4504284.wav,fake,la_p4fix,none,mp3-64k,mp3-64k,na,LA_0027,8.237,16000,test,LA_E_4504284_mp3-64k
data/attacks/aac-128k/LA_E_4504284.wav,fake,la_p4fix,none,aac-128k,aac-128k,na,LA_0027,8.256,16000,test,LA_E_4504284_aac-128k
data/attacks/opus-32k/LA_E_4504284.wav,fake,la_p4fix,none,opus-32k,opus-32k,na,LA_0027,8.237,16000,test,LA_E_4504284_opus-32k
data/attacks/g711-8k/LA_E_4504284.wav,fake,la_p4fix,none,g711-8k,g711-8k,na,LA_0027,8.237,16000,test,LA_E_4504284_g711-8k
data/attacks/awgn-snr5/LA_E_4504284.wav,fake,la_p4fix,none,awgn-snr5,snr5,na,LA_0027,8.237,16000,test,LA_E_4504284_awgn-snr5
data/attacks/awgn-snr10/LA_E_4504284.wav,fake,la_p4fix,none,awgn-snr10,snr10,na,LA_0027,8.237,16000,test,LA_E_4504284_awgn-snr10
data/attacks/bandpass-300-3400/LA_E_4504284.wav,fake,la_p4fix,none,bandpass-300-3400,bandpass300-3400,na,LA_0027,8.237,16000,test,LA_E_4504284_bandpass-300-3400
data/attacks/reverb-rt60-0.4/LA_E_4504284.wav,fake,la_p4fix,none,reverb-rt60-0.4,rt60-0.4,na,LA_0027,8.237,16000,test,LA_E_4504284_reverb-rt60-0.4
data/attacks/speed0.9/LA_E_4504284.wav,fake,la_p4fix,none,speed0.9,speed0.9,na,LA_0027,9.152,16000,test,LA_E_4504284_speed0.9
data/attacks/mp3-64k/LA_E_8447249.wav,fake,la_p4fix,none,mp3-64k,mp3-64k,na,LA_0031,3.335,16000,test,LA_E_8447249_mp3-64k
data/attacks/aac-128k/LA_E_8447249.wav,fake,la_p4fix,none,aac-128k,aac-128k,na,LA_0031,3.392,16000,test,LA_E_8447249_aac-128k
data/attacks/opus-32k/LA_E_8447249.wav,fake,la_p4fix,none,opus-32k,opus-32k,na,LA_0031,3.335,16000,test,LA_E_8447249_opus-32k
data/attacks/g711-8k/LA_E_8447249.wav,fake,la_p4fix,none,g711-8k,g711-8k,na,LA_0031,3.335,16000,test,LA_E_8447249_g711-8k
data/attacks/awgn-snr5/LA_E_8447249.wav,fake,la_p4fix,none,awgn-snr5,snr5,na,LA_0031,3.335,16000,test,LA_E_8447249_awgn-snr5
data/attacks/awgn-snr10/LA_E_8447249.wav,fake,la_p4fix,none,awgn-snr10,snr10,na,LA_0031,3.335,16000,test,LA_E_8447249_awgn-snr10
data/attacks/bandpass-300-3400/LA_E_8447249.wav,fake,la_p4fix,none,bandpass-300-3400,bandpass300-3400,na,LA_0031,3.335,16000,test,LA_E_8447249_bandpass-300-3400
data/attacks/reverb-rt60-0.4/LA_E_8447249.wav,fake,la_p4fix,none,reverb-rt60-0.4,rt60-0.4,na,LA_0031,3.335,16000,test,LA_E_8447249_reverb-rt60-0.4
data/attacks/speed0.9/LA_E_8447249.wav,fake,la_p4fix,none,speed0.9,speed0.9,na,LA_0031,3.705,16000,test,LA_E_8447249_speed0.9
data/attacks/mp3-64k/LA_E_7515966.wav,fake,la_p4fix,none,mp3-64k,mp3-64k,na,LA_0008,4.456,16000,test,LA_E_7515966_mp3-64k
data/attacks/aac-128k/LA_E_7515966.wav,fake,la_p4fix,none,aac-128k,aac-128k,na,LA_0008,4.48,16000,test,LA_E_7515966_aac-128k
data/attacks/opus-32k/LA_E_7515966.wav,fake,la_p4fix,none,opus-32k,opus-32k,na,LA_0008,4.456,16000,test,LA_E_7515966_opus-32k
data/attacks/g711-8k/LA_E_7515966.wav,fake,la_p4fix,none,g711-8k,g711-8k,na,LA_0008,4.456,16000,test,LA_E_7515966_g711-8k
data/attacks/awgn-snr5/LA_E_7515966.wav,fake,la_p4fix,none,awgn-snr5,snr5,na,LA_0008,4.456,16000,test,LA_E_7515966_awgn-snr5
data/attacks/awgn-snr10/LA_E_7515966.wav,fake,la_p4fix,none,awgn-snr10,snr10,na,LA_0008,4.456,16000,test,LA_E_7515966_awgn-snr10
data/attacks/bandpass-300-3400/LA_E_7515966.wav,fake,la_p4fix,none,bandpass-300-3400,bandpass300-3400,na,LA_0008,4.456,16000,test,LA_E_7515966_bandpass-300-3400
data/attacks/reverb-rt60-0.4/LA_E_7515966.wav,fake,la_p4fix,none,reverb-rt60-0.4,rt60-0.4,na,LA_0008,4.456,16000,test,LA_E_7515966_reverb-rt60-0.4
data/attacks/speed0.9/LA_E_7515966.wav,fake,la_p4fix,none,speed0.9,speed0.9,na,LA_0008,4.951,16000,test,LA_E_7515966_speed0.9
data/attacks/mp3-64k/LA_E_9727494.wav,fake,la_p4fix,none,mp3-64k,mp3-64k,na,LA_0034,3.446,16000,test,LA_E_9727494_mp3-64k
data/attacks/aac-128k/LA_E_9727494.wav,fake,la_p4fix,none,aac-128k,aac-128k,na,LA_0034,3.456,16000,test,LA_E_9727494_aac-128k
data/attacks/opus-32k/LA_E_9727494.wav,fake,la_p4fix,none,opus-32k,opus-32k,na,LA_0034,3.446,16000,test,LA_E_9727494_opus-32k
data/attacks/g711-8k/LA_E_9727494.wav,fake,la_p4fix,none,g711-8k,g711-8k,na,LA_0034,3.446,16000,test,LA_E_9727494_g711-8k
data/attacks/awgn-snr5/LA_E_9727494.wav,fake,la_p4fix,none,awgn-snr5,snr5,na,LA_0034,3.446,16000,test,LA_E_9727494_awgn-snr5
data/attacks/awgn-snr10/LA_E_9727494.wav,fake,la_p4fix,none,awgn-snr10,snr10,na,LA_0034,3.446,16000,test,LA_E_9727494_awgn-snr10
data/attacks/bandpass-300-3400/LA_E_9727494.wav,fake,la_p4fix,none,bandpass-300-3400,bandpass300-3400,na,LA_0034,3.446,16000,test,LA_E_9727494_bandpass-300-3400
data/attacks/reverb-rt60-0.4/LA_E_9727494.wav,fake,la_p4fix,none,reverb-rt60-0.4,rt60-0.4,na,LA_0034,3.446,16000,test,LA_E_9727494_reverb-rt60-0.4
data/attacks/speed0.9/LA_E_9727494.wav,fake,la_p4fix,none,speed0.9,speed0.9,na,LA_0034,3.829,16000,test,LA_E_9727494_speed0.9
data/attacks/mp3-64k/LA_E_3906203.wav,fake,la_p4fix,none,mp3-64k,mp3-64k,na,LA_0005,2.131,16000,test,LA_E_3906203_mp3-64k
data/attacks/aac-128k/LA_E_3906203.wav,fake,la_p4fix,none,aac-128k,aac-128k,na,LA_0005,2.176,16000,test,LA_E_3906203_aac-128k
data/attacks/opus-32k/LA_E_3906203.wav,fake,la_p4fix,none,opus-32k,opus-32k,na,LA_0005,2.131,16000,test,LA_E_3906203_opus-32k
data/attacks/g711-8k/LA_E_3906203.wav,fake,la_p4fix,none,g711-8k,g711-8k,na,LA_0005,2.131,16000,test,LA_E_3906203_g711-8k
data/attacks/awgn-snr5/LA_E_3906203.wav,fake,la_p4fix,none,awgn-snr5,snr5,na,LA_0005,2.131,16000,test,LA_E_3906203_awgn-snr5
data/attacks/awgn-snr10/LA_E_3906203.wav,fake,la_p4fix,none,awgn-snr10,snr10,na,LA_0005,2.131,16000,test,LA_E_3906203_awgn-snr10
data/attacks/bandpass-300-3400/LA_E_3906203.wav,fake,la_p4fix,none,bandpass-300-3400,bandpass300-3400,na,LA_0005,2.131,16000,test,LA_E_3906203_bandpass-300-3400
data/attacks/reverb-rt60-0.4/LA_E_3906203.wav,fake,la_p4fix,none,reverb-rt60-0.4,rt60-0.4,na,LA_0005,2.131,16000,test,LA_E_3906203_reverb-rt60-0.4
data/attacks/speed0.9/LA_E_3906203.wav,fake,la_p4fix,none,speed0.9,speed0.9,na,LA_0005,2.368,16000,test,LA_E_3906203_speed0.9
data/attacks/mp3-64k/LA_E_8662827.wav,fake,la_p4fix,none,mp3-64k,mp3-64k,na,LA_0030,2.069,16000,test,LA_E_8662827_mp3-64k
data/attacks/aac-128k/LA_E_8662827.wav,fake,la_p4fix,none,aac-128k,aac-128k,na,LA_0030,2.112,16000,test,LA_E_8662827_aac-128k
data/attacks/opus-32k/LA_E_8662827.wav,fake,la_p4fix,none,opus-32k,opus-32k,na,LA_0030,2.069,16000,test,LA_E_8662827_opus-32k
data/attacks/g711-8k/LA_E_8662827.wav,fake,la_p4fix,none,g711-8k,g711-8k,na,LA_0030,2.07,16000,test,LA_E_8662827_g711-8k
data/attacks/awgn-snr5/LA_E_8662827.wav,fake,la_p4fix,none,awgn-snr5,snr5,na,LA_0030,2.069,16000,test,LA_E_8662827_awgn-snr5
data/attacks/awgn-snr10/LA_E_8662827.wav,fake,la_p4fix,none,awgn-snr10,snr10,na,LA_0030,2.069,16000,test,LA_E_8662827_awgn-snr10
data/attacks/bandpass-300-3400/LA_E_8662827.wav,fake,la_p4fix,none,bandpass-300-3400,bandpass300-3400,na,LA_0030,2.069,16000,test,LA_E_8662827_bandpass-300-3400
data/attacks/reverb-rt60-0.4/LA_E_8662827.wav,fake,la_p4fix,none,reverb-rt60-0.4,rt60-0.4,na,LA_0030,2.069,16000,test,LA_E_8662827_reverb-rt60-0.4
data/attacks/speed0.9/LA_E_8662827.wav,fake,la_p4fix,none,speed0.9,speed0.9,na,LA_0030,2.299,16000,test,LA_E_8662827_speed0.9
data/attacks/mp3-64k/LA_E_4113759.wav,fake,la_p4fix,none,mp3-64k,mp3-64k,na,LA_0038,1.986,16000,test,LA_E_4113759_mp3-64k
data/attacks/aac-128k/LA_E_4113759.wav,fake,la_p4fix,none,aac-128k,aac-128k,na,LA_0038,2.048,16000,test,LA_E_4113759_aac-128k
data/attacks/opus-32k/LA_E_4113759.wav,fake,la_p4fix,none,opus-32k,opus-32k,na,LA_0038,1.986,16000,test,LA_E_4113759_opus-32k
data/attacks/g711-8k/LA_E_4113759.wav,fake,la_p4fix,none,g711-8k,g711-8k,na,LA_0038,1.986,16000,test,LA_E_4113759_g711-8k
data/attacks/awgn-snr5/LA_E_4113759.wav,fake,la_p4fix,none,awgn-snr5,snr5,na,LA_0038,1.986,16000,test,LA_E_4113759_awgn-snr5
data/attacks/awgn-snr10/LA_E_4113759.wav,fake,la_p4fix,none,awgn-snr10,snr10,na,LA_0038,1.986,16000,test,LA_E_4113759_awgn-snr10
data/attacks/bandpass-300-3400/LA_E_4113759.wav,fake,la_p4fix,none,bandpass-300-3400,bandpass300-3400,na,LA_0038,1.986,16000,test,LA_E_4113759_bandpass-300-3400
data/attacks/reverb-rt60-0.4/LA_E_4113759.wav,fake,la_p4fix,none,reverb-rt60-0.4,rt60-0.4,na,LA_0038,1.986,16000,test,LA_E_4113759_reverb-rt60-0.4
data/attacks/speed0.9/LA_E_4113759.wav,fake,la_p4fix,none,speed0.9,speed0.9,na,LA_0038,2.206,16000,test,LA_E_4113759_speed0.9
data/attacks/mp3-64k/LA_E_4333147.wav,fake,la_p4fix,none,mp3-64k,mp3-64k,na,LA_0020,1.987,16000,test,LA_E_4333147_mp3-64k
data/attacks/aac-128k/LA_E_4333147.wav,fake,la_p4fix,none,aac-128k,aac-128k,na,LA_0020,2.048,16000,test,LA_E_4333147_aac-128k
data/attacks/opus-32k/LA_E_4333147.wav,fake,la_p4fix,none,opus-32k,opus-32k,na,LA_0020,1.987,16000,test,LA_E_4333147_opus-32k
data/attacks/g711-8k/LA_E_4333147.wav,fake,la_p4fix,none,g711-8k,g711-8k,na,LA_0020,1.987,16000,test,LA_E_4333147_g711-8k
data/attacks/awgn-snr5/LA_E_4333147.wav,fake,la_p4fix,none,awgn-snr5,snr5,na,LA_0020,1.987,16000,test,LA_E_4333147_awgn-snr5
data/attacks/awgn-snr10/LA_E_4333147.wav,fake,la_p4fix,none,awgn-snr10,snr10,na,LA_0020,1.987,16000,test,LA_E_4333147_awgn-snr10
data/attacks/bandpass-300-3400/LA_E_4333147.wav,fake,la_p4fix,none,bandpass-300-3400,bandpass300-3400,na,LA_0020,1.987,16000,test,LA_E_4333147_bandpass-300-3400
data/attacks/reverb-rt60-0.4/LA_E_4333147.wav,fake,la_p4fix,none,reverb-rt60-0.4,rt60-0.4,na,LA_0020,1.987,16000,test,LA_E_4333147_reverb-rt60-0.4
data/attacks/speed0.9/LA_E_4333147.wav,fake,la_p4fix,none,speed0.9,speed0.9,na,LA_0020,2.208,16000,test,LA_E_4333147_speed0.9
data/attacks/mp3-64k/LA_E_7159190.wav,fake,la_p4fix,none,mp3-64k,mp3-64k,na,LA_0037,1.876,16000,test,LA_E_7159190_mp3-64k
data/attacks/aac-128k/LA_E_7159190.wav,fake,la_p4fix,none,aac-128k,aac-128k,na,LA_0037,1.92,16000,test,LA_E_7159190_aac-128k
data/attacks/opus-32k/LA_E_7159190.wav,fake,la_p4fix,none,opus-32k,opus-32k,na,LA_0037,1.876,16000,test,LA_E_7159190_opus-32k
data/attacks/g711-8k/LA_E_7159190.wav,fake,la_p4fix,none,g711-8k,g711-8k,na,LA_0037,1.876,16000,test,LA_E_7159190_g711-8k
data/attacks/awgn-snr5/LA_E_7159190.wav,fake,la_p4fix,none,awgn-snr5,snr5,na,LA_0037,1.876,16000,test,LA_E_7159190_awgn-snr5
data/attacks/awgn-snr10/LA_E_7159190.wav,fake,la_p4fix,none,awgn-snr10,snr10,na,LA_0037,1.876,16000,test,LA_E_7159190_awgn-snr10
data/attacks/bandpass-300-3400/LA_E_7159190.wav,fake,la_p4fix,none,bandpass-300-3400,bandpass300-3400,na,LA_0037,1.876,16000,test,LA_E_7159190_bandpass-300-3400
data/attacks/reverb-rt60-0.4/LA_E_7159190.wav,fake,la_p4fix,none,reverb-rt60-0.4,rt60-0.4,na,LA_0037,1.876,16000,test,LA_E_7159190_reverb-rt60-0.4
data/attacks/speed0.9/LA_E_7159190.wav,fake,la_p4fix,none,speed0.9,speed0.9,na,LA_0037,2.085,16000,test,LA_E_7159190_speed0.9
data/attacks/mp3-64k/LA_E_3383947.wav,fake,la_p4fix,none,mp3-64k,mp3-64k,na,LA_0027,5.799,16000,test,LA_E_3383947_mp3-64k
data/attacks/aac-128k/LA_E_3383947.wav,fake,la_p4fix,none,aac-128k,aac-128k,na,LA_0027,5.824,16000,test,LA_E_3383947_aac-128k
data/attacks/opus-32k/LA_E_3383947.wav,fake,la_p4fix,none,opus-32k,opus-32k,na,LA_0027,5.799,16000,test,LA_E_3383947_opus-32k
data/attacks/g711-8k/LA_E_3383947.wav,fake,la_p4fix,none,g711-8k,g711-8k,na,LA_0027,5.799,16000,test,LA_E_3383947_g711-8k
data/attacks/awgn-snr5/LA_E_3383947.wav,fake,la_p4fix,none,awgn-snr5,snr5,na,LA_0027,5.799,16000,test,LA_E_3383947_awgn-snr5
data/attacks/awgn-snr10/LA_E_3383947.wav,fake,la_p4fix,none,awgn-snr10,snr10,na,LA_0027,5.799,16000,test,LA_E_3383947_awgn-snr10
data/attacks/bandpass-300-3400/LA_E_3383947.wav,fake,la_p4fix,none,bandpass-300-3400,bandpass300-3400,na,LA_0027,5.799,16000,test,LA_E_3383947_bandpass-300-3400
data/attacks/reverb-rt60-0.4/LA_E_3383947.wav,fake,la_p4fix,none,reverb-rt60-0.4,rt60-0.4,na,LA_0027,5.799,16000,test,LA_E_3383947_reverb-rt60-0.4
data/attacks/speed0.9/LA_E_3383947.wav,fake,la_p4fix,none,speed0.9,speed0.9,na,LA_0027,6.443,16000,test,LA_E_3383947_speed0.9
data/attacks/mp3-64k/LA_E_8265795.wav,fake,la_p4fix,none,mp3-64k,mp3-64k,na,LA_0022,2.236,16000,test,LA_E_8265795_mp3-64k
data/attacks/aac-128k/LA_E_8265795.wav,fake,la_p4fix,none,aac-128k,aac-128k,na,LA_0022,2.24,16000,test,LA_E_8265795_aac-128k
data/attacks/opus-32k/LA_E_8265795.wav,fake,la_p4fix,none,opus-32k,opus-32k,na,LA_0022,2.236,16000,test,LA_E_8265795_opus-32k
data/attacks/g711-8k/LA_E_8265795.wav,fake,la_p4fix,none,g711-8k,g711-8k,na,LA_0022,2.236,16000,test,LA_E_8265795_g711-8k
data/attacks/awgn-snr5/LA_E_8265795.wav,fake,la_p4fix,none,awgn-snr5,snr5,na,LA_0022,2.236,16000,test,LA_E_8265795_awgn-snr5
data/attacks/awgn-snr10/LA_E_8265795.wav,fake,la_p4fix,none,awgn-snr10,snr10,na,LA_0022,2.236,16000,test,LA_E_8265795_awgn-snr10
data/attacks/bandpass-300-3400/LA_E_8265795.wav,fake,la_p4fix,none,bandpass-300-3400,bandpass300-3400,na,LA_0022,2.236,16000,test,LA_E_8265795_bandpass-300-3400
data/attacks/reverb-rt60-0.4/LA_E_8265795.wav,fake,la_p4fix,none,reverb-rt60-0.4,rt60-0.4,na,LA_0022,2.236,16000,test,LA_E_8265795_reverb-rt60-0.4
data/attacks/speed0.9/LA_E_8265795.wav,fake,la_p4fix,none,speed0.9,speed0.9,na,LA_0022,2.484,16000,test,LA_E_8265795_speed0.9
data/attacks/mp3-64k/LA_E_5969426.wav,fake,la_p4fix,none,mp3-64k,mp3-64k,na,LA_0008,2.864,16000,test,LA_E_5969426_mp3-64k
data/attacks/aac-128k/LA_E_5969426.wav,fake,la_p4fix,none,aac-128k,aac-128k,na,LA_0008,2.88,16000,test,LA_E_5969426_aac-128k
data/attacks/opus-32k/LA_E_5969426.wav,fake,la_p4fix,none,opus-32k,opus-32k,na,LA_0008,2.864,16000,test,LA_E_5969426_opus-32k
data/attacks/g711-8k/LA_E_5969426.wav,fake,la_p4fix,none,g711-8k,g711-8k,na,LA_0008,2.864,16000,test,LA_E_5969426_g711-8k
data/attacks/awgn-snr5/LA_E_5969426.wav,fake,la_p4fix,none,awgn-snr5,snr5,na,LA_0008,2.864,16000,test,LA_E_5969426_awgn-snr5
data/attacks/awgn-snr10/LA_E_5969426.wav,fake,la_p4fix,none,awgn-snr10,snr10,na,LA_0008,2.864,16000,test,LA_E_5969426_awgn-snr10
data/attacks/bandpass-300-3400/LA_E_5969426.wav,fake,la_p4fix,none,bandpass-300-3400,bandpass300-3400,na,LA_0008,2.864,16000,test,LA_E_5969426_bandpass-300-3400
data/attacks/reverb-rt60-0.4/LA_E_5969426.wav,fake,la_p4fix,none,reverb-rt60-0.4,rt60-0.4,na,LA_0008,2.864,16000,test,LA_E_5969426_reverb-rt60-0.4
data/attacks/speed0.9/LA_E_5969426.wav,fake,la_p4fix,none,speed0.9,speed0.9,na,LA_0008,3.182,16000,test,LA_E_5969426_speed0.9
data/attacks/mp3-64k/LA_E_1982122.wav,fake,la_p4fix,none,mp3-64k,mp3-64k,na,LA_0024,2.235,16000,test,LA_E_1982122_mp3-64k
data/attacks/aac-128k/LA_E_1982122.wav,fake,la_p4fix,none,aac-128k,aac-128k,na,LA_0024,2.24,16000,test,LA_E_1982122_aac-128k
data/attacks/opus-32k/LA_E_1982122.wav,fake,la_p4fix,none,opus-32k,opus-32k,na,LA_0024,2.235,16000,test,LA_E_1982122_opus-32k
data/attacks/g711-8k/LA_E_1982122.wav,fake,la_p4fix,none,g711-8k,g711-8k,na,LA_0024,2.235,16000,test,LA_E_1982122_g711-8k
data/attacks/awgn-snr5/LA_E_1982122.wav,fake,la_p4fix,none,awgn-snr5,snr5,na,LA_0024,2.235,16000,test,LA_E_1982122_awgn-snr5
data/attacks/awgn-snr10/LA_E_1982122.wav,fake,la_p4fix,none,awgn-snr10,snr10,na,LA_0024,2.235,16000,test,LA_E_1982122_awgn-snr10
data/attacks/bandpass-300-3400/LA_E_1982122.wav,fake,la_p4fix,none,bandpass-300-3400,bandpass300-3400,na,LA_0024,2.235,16000,test,LA_E_1982122_bandpass-300-3400
data/attacks/reverb-rt60-0.4/LA_E_1982122.wav,fake,la_p4fix,none,reverb-rt60-0.4,rt60-0.4,na,LA_0024,2.235,16000,test,LA_E_1982122_reverb-rt60-0.4
data/attacks/speed0.9/LA_E_1982122.wav,fake,la_p4fix,none,speed0.9,speed0.9,na,LA_0024,2.483,16000,test,LA_E_1982122_speed0.9
data/attacks/mp3-64k/LA_E_9310782.wav,fake,la_p4fix,none,mp3-64k,mp3-64k,na,LA_0005,3.249,16000,test,LA_E_9310782_mp3-64k
data/attacks/aac-128k/LA_E_9310782.wav,fake,la_p4fix,none,aac-128k,aac-128k,na,LA_0005,3.264,16000,test,LA_E_9310782_aac-128k
data/attacks/opus-32k/LA_E_9310782.wav,fake,la_p4fix,none,opus-32k,opus-32k,na,LA_0005,3.249,16000,test,LA_E_9310782_opus-32k
data/attacks/g711-8k/LA_E_9310782.wav,fake,la_p4fix,none,g711-8k,g711-8k,na,LA_0005,3.249,16000,test,LA_E_9310782_g711-8k
data/attacks/awgn-snr5/LA_E_9310782.wav,fake,la_p4fix,none,awgn-snr5,snr5,na,LA_0005,3.249,16000,test,LA_E_9310782_awgn-snr5
data/attacks/awgn-snr10/LA_E_9310782.wav,fake,la_p4fix,none,awgn-snr10,snr10,na,LA_0005,3.249,16000,test,LA_E_9310782_awgn-snr10
data/attacks/bandpass-300-3400/LA_E_9310782.wav,fake,la_p4fix,none,bandpass-300-3400,bandpass300-3400,na,LA_0005,3.249,16000,test,LA_E_9310782_bandpass-300-3400
data/attacks/reverb-rt60-0.4/LA_E_9310782.wav,fake,la_p4fix,none,reverb-rt60-0.4,rt60-0.4,na,LA_0005,3.249,16000,test,LA_E_9310782_reverb-rt60-0.4
data/attacks/speed0.9/LA_E_9310782.wav,fake,la_p4fix,none,speed0.9,speed0.9,na,LA_0005,3.61,16000,test,LA_E_9310782_speed0.9
data/attacks/mp3-64k/LA_E_7530461.wav,fake,la_p4fix,none,mp3-64k,mp3-64k,na,LA_0002,2.998,16000,test,LA_E_7530461_mp3-64k
data/attacks/aac-128k/LA_E_7530461.wav,fake,la_p4fix,none,aac-128k,aac-128k,na,LA_0002,3.008,16000,test,LA_E_7530461_aac-128k
data/attacks/opus-32k/LA_E_7530461.wav,fake,la_p4fix,none,opus-32k,opus-32k,na,LA_0002,2.998,16000,test,LA_E_7530461_opus-32k
data/attacks/g711-8k/LA_E_7530461.wav,fake,la_p4fix,none,g711-8k,g711-8k,na,LA_0002,2.998,16000,test,LA_E_7530461_g711-8k
data/attacks/awgn-snr5/LA_E_7530461.wav,fake,la_p4fix,none,awgn-snr5,snr5,na,LA_0002,2.998,16000,test,LA_E_7530461_awgn-snr5
data/attacks/awgn-snr10/LA_E_7530461.wav,fake,la_p4fix,none,awgn-snr10,snr10,na,LA_0002,2.998,16000,test,LA_E_7530461_awgn-snr10
data/attacks/bandpass-300-3400/LA_E_7530461.wav,fake,la_p4fix,none,bandpass-300-3400,bandpass300-3400,na,LA_0002,2.998,16000,test,LA_E_7530461_bandpass-300-3400
data/attacks/reverb-rt60-0.4/LA_E_7530461.wav,fake,la_p4fix,none,reverb-rt60-0.4,rt60-0.4,na,LA_0002,2.998,16000,test,LA_E_7530461_reverb-rt60-0.4
data/attacks/speed0.9/LA_E_7530461.wav,fake,la_p4fix,none,speed0.9,speed0.9,na,LA_0002,3.331,16000,test,LA_E_7530461_speed0.9
data/attacks/mp3-64k/LA_E_1640357.wav,fake,la_p4fix,none,mp3-64k,mp3-64k,na,LA_0012,1.64,16000,test,LA_E_1640357_mp3-64k
data/attacks/aac-128k/LA_E_1640357.wav,fake,la_p4fix,none,aac-128k,aac-128k,na,LA_0012,1.664,16000,test,LA_E_1640357_aac-128k
data/attacks/opus-32k/LA_E_1640357.wav,fake,la_p4fix,none,opus-32k,opus-32k,na,LA_0012,1.64,16000,test,LA_E_1640357_opus-32k
data/attacks/g711-8k/LA_E_1640357.wav,fake,la_p4fix,none,g711-8k,g711-8k,na,LA_0012,1.64,16000,test,LA_E_1640357_g711-8k
data/attacks/awgn-snr5/LA_E_1640357.wav,fake,la_p4fix,none,awgn-snr5,snr5,na,LA_0012,1.64,16000,test,LA_E_1640357_awgn-snr5
data/attacks/awgn-snr10/LA_E_1640357.wav,fake,la_p4fix,none,awgn-snr10,snr10,na,LA_0012,1.64,16000,test,LA_E_1640357_awgn-snr10
data/attacks/bandpass-300-3400/LA_E_1640357.wav,fake,la_p4fix,none,bandpass-300-3400,bandpass300-3400,na,LA_0012,1.64,16000,test,LA_E_1640357_bandpass-300-3400
data/attacks/reverb-rt60-0.4/LA_E_1640357.wav,fake,la_p4fix,none,reverb-rt60-0.4,rt60-0.4,na,LA_0012,1.64,16000,test,LA_E_1640357_reverb-rt60-0.4
data/attacks/speed0.9/LA_E_1640357.wav,fake,la_p4fix,none,speed0.9,speed0.9,na,LA_0012,1.822,16000,test,LA_E_1640357_speed0.9
data/attacks/mp3-64k/LA_E_7253163.wav,fake,la_p4fix,none,mp3-64k,mp3-64k,na,LA_0047,1.495,16000,test,LA_E_7253163_mp3-64k
data/attacks/aac-128k/LA_E_7253163.wav,fake,la_p4fix,none,aac-128k,aac-128k,na,LA_0047,1.536,16000,test,LA_E_7253163_aac-128k
data/attacks/opus-32k/LA_E_7253163.wav,fake,la_p4fix,none,opus-32k,opus-32k,na,LA_0047,1.495,16000,test,LA_E_7253163_opus-32k
data/attacks/g711-8k/LA_E_7253163.wav,fake,la_p4fix,none,g711-8k,g711-8k,na,LA_0047,1.495,16000,test,LA_E_7253163_g711-8k
data/attacks/awgn-snr5/LA_E_7253163.wav,fake,la_p4fix,none,awgn-snr5,snr5,na,LA_0047,1.495,16000,test,LA_E_7253163_awgn-snr5
data/attacks/awgn-snr10/LA_E_7253163.wav,fake,la_p4fix,none,awgn-snr10,snr10,na,LA_0047,1.495,16000,test,LA_E_7253163_awgn-snr10
data/attacks/bandpass-300-3400/LA_E_7253163.wav,fake,la_p4fix,none,bandpass-300-3400,bandpass300-3400,na,LA_0047,1.495,16000,test,LA_E_7253163_bandpass-300-3400
data/attacks/reverb-rt60-0.4/LA_E_7253163.wav,fake,la_p4fix,none,reverb-rt60-0.4,rt60-0.4,na,LA_0047,1.495,16000,test,LA_E_7253163_reverb-rt60-0.4
data/attacks/speed0.9/LA_E_7253163.wav,fake,la_p4fix,none,speed0.9,speed0.9,na,LA_0047,1.661,16000,test,LA_E_7253163_speed0.9
data/attacks/mp3-64k/LA_E_6612099.wav,fake,la_p4fix,none,mp3-64k,mp3-64k,na,LA_0025,2.081,16000,test,LA_E_6612099_mp3-64k
data/attacks/aac-128k/LA_E_6612099.wav,fake,la_p4fix,none,aac-128k,aac-128k,na,LA_0025,2.112,16000,test,LA_E_6612099_aac-128k
data/attacks/opus-32k/LA_E_6612099.wav,fake,la_p4fix,none,opus-32k,opus-32k,na,LA_0025,2.081,16000,test,LA_E_6612099_opus-32k
data/attacks/g711-8k/LA_E_6612099.wav,fake,la_p4fix,none,g711-8k,g711-8k,na,LA_0025,2.081,16000,test,LA_E_6612099_g711-8k
data/attacks/awgn-snr5/LA_E_6612099.wav,fake,la_p4fix,none,awgn-snr5,snr5,na,LA_0025,2.081,16000,test,LA_E_6612099_awgn-snr5
data/attacks/awgn-snr10/LA_E_6612099.wav,fake,la_p4fix,none,awgn-snr10,snr10,na,LA_0025,2.081,16000,test,LA_E_6612099_awgn-snr10
data/attacks/bandpass-300-3400/LA_E_6612099.wav,fake,la_p4fix,none,bandpass-300-3400,bandpass300-3400,na,LA_0025,2.081,16000,test,LA_E_6612099_bandpass-300-3400
data/attacks/reverb-rt60-0.4/LA_E_6612099.wav,fake,la_p4fix,none,reverb-rt60-0.4,rt60-0.4,na,LA_0025,2.081,16000,test,LA_E_6612099_reverb-rt60-0.4
data/attacks/speed0.9/LA_E_6612099.wav,fake,la_p4fix,none,speed0.9,speed0.9,na,LA_0025,2.313,16000,test,LA_E_6612099_speed0.9
data/attacks/mp3-64k/LA_E_2493804.wav,fake,la_p4fix,none,mp3-64k,mp3-64k,na,LA_0013,0.946,16000,test,LA_E_2493804_mp3-64k
data/attacks/aac-128k/LA_E_2493804.wav,fake,la_p4fix,none,aac-128k,aac-128k,na,LA_0013,0.96,16000,test,LA_E_2493804_aac-128k
data/attacks/opus-32k/LA_E_2493804.wav,fake,la_p4fix,none,opus-32k,opus-32k,na,LA_0013,0.946,16000,test,LA_E_2493804_opus-32k
data/attacks/g711-8k/LA_E_2493804.wav,fake,la_p4fix,none,g711-8k,g711-8k,na,LA_0013,0.946,16000,test,LA_E_2493804_g711-8k
data/attacks/awgn-snr5/LA_E_2493804.wav,fake,la_p4fix,none,awgn-snr5,snr5,na,LA_0013,0.946,16000,test,LA_E_2493804_awgn-snr5
data/attacks/awgn-snr10/LA_E_2493804.wav,fake,la_p4fix,none,awgn-snr10,snr10,na,LA_0013,0.946,16000,test,LA_E_2493804_awgn-snr10
data/attacks/bandpass-300-3400/LA_E_2493804.wav,fake,la_p4fix,none,bandpass-300-3400,bandpass300-3400,na,LA_0013,0.946,16000,test,LA_E_2493804_bandpass-300-3400
data/attacks/reverb-rt60-0.4/LA_E_2493804.wav,fake,la_p4fix,none,reverb-rt60-0.4,rt60-0.4,na,LA_0013,0.946,16000,test,LA_E_2493804_reverb-rt60-0.4
data/attacks/speed0.9/LA_E_2493804.wav,fake,la_p4fix,none,speed0.9,speed0.9,na,LA_0013,1.051,16000,test,LA_E_2493804_speed0.9
data/attacks/mp3-64k/LA_E_8321614.wav,fake,la_p4fix,none,mp3-64k,mp3-64k,na,LA_0042,2.03,16000,test,LA_E_8321614_mp3-64k
data/attacks/aac-128k/LA_E_8321614.wav,fake,la_p4fix,none,aac-128k,aac-128k,na,LA_0042,2.048,16000,test,LA_E_8321614_aac-128k
data/attacks/opus-32k/LA_E_8321614.wav,fake,la_p4fix,none,opus-32k,opus-32k,na,LA_0042,2.03,16000,test,LA_E_8321614_opus-32k
data/attacks/g711-8k/LA_E_8321614.wav,fake,la_p4fix,none,g711-8k,g711-8k,na,LA_0042,2.03,16000,test,LA_E_8321614_g711-8k
data/attacks/awgn-snr5/LA_E_8321614.wav,fake,la_p4fix,none,awgn-snr5,snr5,na,LA_0042,2.03,16000,test,LA_E_8321614_awgn-snr5
data/attacks/awgn-snr10/LA_E_8321614.wav,fake,la_p4fix,none,awgn-snr10,snr10,na,LA_0042,2.03,16000,test,LA_E_8321614_awgn-snr10
data/attacks/bandpass-300-3400/LA_E_8321614.wav,fake,la_p4fix,none,bandpass-300-3400,bandpass300-3400,na,LA_0042,2.03,16000,test,LA_E_8321614_bandpass-300-3400
data/attacks/reverb-rt60-0.4/LA_E_8321614.wav,fake,la_p4fix,none,reverb-rt60-0.4,rt60-0.4,na,LA_0042,2.03,16000,test,LA_E_8321614_reverb-rt60-0.4
data/attacks/speed0.9/LA_E_8321614.wav,fake,la_p4fix,none,speed0.9,speed0.9,na,LA_0042,2.256,16000,test,LA_E_8321614_speed0.9
data/attacks/mp3-64k/LA_E_7321881.wav,fake,la_p4fix,none,mp3-64k,mp3-64k,na,LA_0031,3.165,16000,test,LA_E_7321881_mp3-64k
data/attacks/aac-128k/LA_E_7321881.wav,fake,la_p4fix,none,aac-128k,aac-128k,na,LA_0031,3.2,16000,test,LA_E_7321881_aac-128k
data/attacks/opus-32k/LA_E_7321881.wav,fake,la_p4fix,none,opus-32k,opus-32k,na,LA_0031,3.165,16000,test,LA_E_7321881_opus-32k
data/attacks/g711-8k/LA_E_7321881.wav,fake,la_p4fix,none,g711-8k,g711-8k,na,LA_0031,3.165,16000,test,LA_E_7321881_g711-8k
data/attacks/awgn-snr5/LA_E_7321881.wav,fake,la_p4fix,none,awgn-snr5,snr5,na,LA_0031,3.165,16000,test,LA_E_7321881_awgn-snr5
data/attacks/awgn-snr10/LA_E_7321881.wav,fake,la_p4fix,none,awgn-snr10,snr10,na,LA_0031,3.165,16000,test,LA_E_7321881_awgn-snr10
data/attacks/bandpass-300-3400/LA_E_7321881.wav,fake,la_p4fix,none,bandpass-300-3400,bandpass300-3400,na,LA_0031,3.165,16000,test,LA_E_7321881_bandpass-300-3400
data/attacks/reverb-rt60-0.4/LA_E_7321881.wav,fake,la_p4fix,none,reverb-rt60-0.4,rt60-0.4,na,LA_0031,3.165,16000,test,LA_E_7321881_reverb-rt60-0.4
data/attacks/speed0.9/LA_E_7321881.wav,fake,la_p4fix,none,speed0.9,speed0.9,na,LA_0031,3.517,16000,test,LA_E_7321881_speed0.9
data/attacks/mp3-64k/LA_E_4832938.wav,fake,la_p4fix,none,mp3-64k,mp3-64k,na,LA_0029,3.947,16000,test,LA_E_4832938_mp3-64k
data/attacks/aac-128k/LA_E_4832938.wav,fake,la_p4fix,none,aac-128k,aac-128k,na,LA_0029,3.968,16000,test,LA_E_4832938_aac-128k
data/attacks/opus-32k/LA_E_4832938.wav,fake,la_p4fix,none,opus-32k,opus-32k,na,LA_0029,3.947,16000,test,LA_E_4832938_opus-32k
data/attacks/g711-8k/LA_E_4832938.wav,fake,la_p4fix,none,g711-8k,g711-8k,na,LA_0029,3.947,16000,test,LA_E_4832938_g711-8k
data/attacks/awgn-snr5/LA_E_4832938.wav,fake,la_p4fix,none,awgn-snr5,snr5,na,LA_0029,3.947,16000,test,LA_E_4832938_awgn-snr5
data/attacks/awgn-snr10/LA_E_4832938.wav,fake,la_p4fix,none,awgn-snr10,snr10,na,LA_0029,3.947,16000,test,LA_E_4832938_awgn-snr10
data/attacks/bandpass-300-3400/LA_E_4832938.wav,fake,la_p4fix,none,bandpass-300-3400,bandpass300-3400,na,LA_0029,3.947,16000,test,LA_E_4832938_bandpass-300-3400
data/attacks/reverb-rt60-0.4/LA_E_4832938.wav,fake,la_p4fix,none,reverb-rt60-0.4,rt60-0.4,na,LA_0029,3.947,16000,test,LA_E_4832938_reverb-rt60-0.4
data/attacks/speed0.9/LA_E_4832938.wav,fake,la_p4fix,none,speed0.9,speed0.9,na,LA_0029,4.386,16000,test,LA_E_4832938_speed0.9
data/attacks/mp3-64k/LA_E_9495720.wav,fake,la_p4fix,none,mp3-64k,mp3-64k,na,LA_0031,1.913,16000,test,LA_E_9495720_mp3-64k
data/attacks/aac-128k/LA_E_9495720.wav,fake,la_p4fix,none,aac-128k,aac-128k,na,LA_0031,1.92,16000,test,LA_E_9495720_aac-128k
data/attacks/opus-32k/LA_E_9495720.wav,fake,la_p4fix,none,opus-32k,opus-32k,na,LA_0031,1.913,16000,test,LA_E_9495720_opus-32k
data/attacks/g711-8k/LA_E_9495720.wav,fake,la_p4fix,none,g711-8k,g711-8k,na,LA_0031,1.913,16000,test,LA_E_9495720_g711-8k
data/attacks/awgn-snr5/LA_E_9495720.wav,fake,la_p4fix,none,awgn-snr5,snr5,na,LA_0031,1.913,16000,test,LA_E_9495720_awgn-snr5
data/attacks/awgn-snr10/LA_E_9495720.wav,fake,la_p4fix,none,awgn-snr10,snr10,na,LA_0031,1.913,16000,test,LA_E_9495720_awgn-snr10
data/attacks/bandpass-300-3400/LA_E_9495720.wav,fake,la_p4fix,none,bandpass-300-3400,bandpass300-3400,na,LA_0031,1.913,16000,test,LA_E_9495720_bandpass-300-3400
data/attacks/reverb-rt60-0.4/LA_E_9495720.wav,fake,la_p4fix,none,reverb-rt60-0.4,rt60-0.4,na,LA_0031,1.913,16000,test,LA_E_9495720_reverb-rt60-0.4
data/attacks/speed0.9/LA_E_9495720.wav,fake,la_p4fix,none,speed0.9,speed0.9,na,LA_0031,2.126,16000,test,LA_E_9495720_speed0.9
data/attacks/mp3-64k/LA_E_3813275.wav,fake,la_p4fix,none,mp3-64k,mp3-64k,na,LA_0029,4.359,16000,test,LA_E_3813275_mp3-64k
data/attacks/aac-128k/LA_E_3813275.wav,fake,la_p4fix,none,aac-128k,aac-128k,na,LA_0029,4.416,16000,test,LA_E_3813275_aac-128k
data/attacks/opus-32k/LA_E_3813275.wav,fake,la_p4fix,none,opus-32k,opus-32k,na,LA_0029,4.357,16000,test,LA_E_3813275_opus-32k
data/attacks/g711-8k/LA_E_3813275.wav,fake,la_p4fix,none,g711-8k,g711-8k,na,LA_0029,4.357,16000,test,LA_E_3813275_g711-8k
data/attacks/awgn-snr5/LA_E_3813275.wav,fake,la_p4fix,none,awgn-snr5,snr5,na,LA_0029,4.357,16000,test,LA_E_3813275_awgn-snr5
data/attacks/awgn-snr10/LA_E_3813275.wav,fake,la_p4fix,none,awgn-snr10,snr10,na,LA_0029,4.357,16000,test,LA_E_3813275_awgn-snr10
data/attacks/bandpass-300-3400/LA_E_3813275.wav,fake,la_p4fix,none,bandpass-300-3400,bandpass300-3400,na,LA_0029,4.357,16000,test,LA_E_3813275_bandpass-300-3400
data/attacks/reverb-rt60-0.4/LA_E_3813275.wav,fake,la_p4fix,none,reverb-rt60-0.4,rt60-0.4,na,LA_0029,4.357,16000,test,LA_E_3813275_reverb-rt60-0.4
data/attacks/speed0.9/LA_E_3813275.wav,fake,la_p4fix,none,speed0.9,speed0.9,na,LA_0029,4.842,16000,test,LA_E_3813275_speed0.9
data/attacks/mp3-64k/LA_E_3767180.wav,fake,la_p4fix,none,mp3-64k,mp3-64k,na,LA_0043,0.924,16000,test,LA_E_3767180_mp3-64k
data/attacks/aac-128k/LA_E_3767180.wav,fake,la_p4fix,none,aac-128k,aac-128k,na,LA_0043,0.96,16000,test,LA_E_3767180_aac-128k
data/attacks/opus-32k/LA_E_3767180.wav,fake,la_p4fix,none,opus-32k,opus-32k,na,LA_0043,0.924,16000,test,LA_E_3767180_opus-32k
data/attacks/g711-8k/LA_E_3767180.wav,fake,la_p4fix,none,g711-8k,g711-8k,na,LA_0043,0.924,16000,test,LA_E_3767180_g711-8k
data/attacks/awgn-snr5/LA_E_3767180.wav,fake,la_p4fix,none,awgn-snr5,snr5,na,LA_0043,0.924,16000,test,LA_E_3767180_awgn-snr5
data/attacks/awgn-snr10/LA_E_3767180.wav,fake,la_p4fix,none,awgn-snr10,snr10,na,LA_0043,0.924,16000,test,LA_E_3767180_awgn-snr10
data/attacks/bandpass-300-3400/LA_E_3767180.wav,fake,la_p4fix,none,bandpass-300-3400,bandpass300-3400,na,LA_0043,0.924,16000,test,LA_E_3767180_bandpass-300-3400
data/attacks/reverb-rt60-0.4/LA_E_3767180.wav,fake,la_p4fix,none,reverb-rt60-0.4,rt60-0.4,na,LA_0043,0.924,16000,test,LA_E_3767180_reverb-rt60-0.4
data/attacks/speed0.9/LA_E_3767180.wav,fake,la_p4fix,none,speed0.9,speed0.9,na,LA_0043,1.027,16000,test,LA_E_3767180_speed0.9
data/attacks/mp3-64k/LA_E_9506714.wav,fake,la_p4fix,none,mp3-64k,mp3-64k,na,LA_0015,5.928,16000,test,LA_E_9506714_mp3-64k
data/attacks/aac-128k/LA_E_9506714.wav,fake,la_p4fix,none,aac-128k,aac-128k,na,LA_0015,5.952,16000,test,LA_E_9506714_aac-128k
data/attacks/opus-32k/LA_E_9506714.wav,fake,la_p4fix,none,opus-32k,opus-32k,na,LA_0015,5.928,16000,test,LA_E_9506714_opus-32k
data/attacks/g711-8k/LA_E_9506714.wav,fake,la_p4fix,none,g711-8k,g711-8k,na,LA_0015,5.928,16000,test,LA_E_9506714_g711-8k
data/attacks/awgn-snr5/LA_E_9506714.wav,fake,la_p4fix,none,awgn-snr5,snr5,na,LA_0015,5.928,16000,test,LA_E_9506714_awgn-snr5
data/attacks/awgn-snr10/LA_E_9506714.wav,fake,la_p4fix,none,awgn-snr10,snr10,na,LA_0015,5.928,16000,test,LA_E_9506714_awgn-snr10
data/attacks/bandpass-300-3400/LA_E_9506714.wav,fake,la_p4fix,none,bandpass-300-3400,bandpass300-3400,na,LA_0015,5.928,16000,test,LA_E_9506714_bandpass-300-3400
data/attacks/reverb-rt60-0.4/LA_E_9506714.wav,fake,la_p4fix,none,reverb-rt60-0.4,rt60-0.4,na,LA_0015,5.928,16000,test,LA_E_9506714_reverb-rt60-0.4
data/attacks/speed0.9/LA_E_9506714.wav,fake,la_p4fix,none,speed0.9,speed0.9,na,LA_0015,6.586,16000,test,LA_E_9506714_speed0.9
data/attacks/mp3-64k/LA_E_9087832.wav,fake,la_p4fix,none,mp3-64k,mp3-64k,na,LA_0016,1.522,16000,test,LA_E_9087832_mp3-64k
data/attacks/aac-128k/LA_E_9087832.wav,fake,la_p4fix,none,aac-128k,aac-128k,na,LA_0016,1.536,16000,test,LA_E_9087832_aac-128k
data/attacks/opus-32k/LA_E_9087832.wav,fake,la_p4fix,none,opus-32k,opus-32k,na,LA_0016,1.522,16000,test,LA_E_9087832_opus-32k
data/attacks/g711-8k/LA_E_9087832.wav,fake,la_p4fix,none,g711-8k,g711-8k,na,LA_0016,1.522,16000,test,LA_E_9087832_g711-8k
data/attacks/awgn-snr5/LA_E_9087832.wav,fake,la_p4fix,none,awgn-snr5,snr5,na,LA_0016,1.522,16000,test,LA_E_9087832_awgn-snr5
data/attacks/awgn-snr10/LA_E_9087832.wav,fake,la_p4fix,none,awgn-snr10,snr10,na,LA_0016,1.522,16000,test,LA_E_9087832_awgn-snr10
data/attacks/bandpass-300-3400/LA_E_9087832.wav,fake,la_p4fix,none,bandpass-300-3400,bandpass300-3400,na,LA_0016,1.522,16000,test,LA_E_9087832_bandpass-300-3400
data/attacks/reverb-rt60-0.4/LA_E_9087832.wav,fake,la_p4fix,none,reverb-rt60-0.4,rt60-0.4,na,LA_0016,1.522,16000,test,LA_E_9087832_reverb-rt60-0.4
data/attacks/speed0.9/LA_E_9087832.wav,fake,la_p4fix,none,speed0.9,speed0.9,na,LA_0016,1.691,16000,test,LA_E_9087832_speed0.9
data/attacks/mp3-64k/LA_E_6470526.wav,fake,la_p4fix,none,mp3-64k,mp3-64k,na,LA_0027,3.106,16000,test,LA_E_6470526_mp3-64k
data/attacks/aac-128k/LA_E_6470526.wav,fake,la_p4fix,none,aac-128k,aac-128k,na,LA_0027,3.136,16000,test,LA_E_6470526_aac-128k
data/attacks/opus-32k/LA_E_6470526.wav,fake,la_p4fix,none,opus-32k,opus-32k,na,LA_0027,3.106,16000,test,LA_E_6470526_opus-32k
data/attacks/g711-8k/LA_E_6470526.wav,fake,la_p4fix,none,g711-8k,g711-8k,na,LA_0027,3.106,16000,test,LA_E_6470526_g711-8k
data/attacks/awgn-snr5/LA_E_6470526.wav,fake,la_p4fix,none,awgn-snr5,snr5,na,LA_0027,3.106,16000,test,LA_E_6470526_awgn-snr5
data/attacks/awgn-snr10/LA_E_6470526.wav,fake,la_p4fix,none,awgn-snr10,snr10,na,LA_0027,3.106,16000,test,LA_E_6470526_awgn-snr10
data/attacks/bandpass-300-3400/LA_E_6470526.wav,fake,la_p4fix,none,bandpass-300-3400,bandpass300-3400,na,LA_0027,3.106,16000,test,LA_E_6470526_bandpass-300-3400
data/attacks/reverb-rt60-0.4/LA_E_6470526.wav,fake,la_p4fix,none,reverb-rt60-0.4,rt60-0.4,na,LA_0027,3.106,16000,test,LA_E_6470526_reverb-rt60-0.4
data/attacks/speed0.9/LA_E_6470526.wav,fake,la_p4fix,none,speed0.9,speed0.9,na,LA_0027,3.451,16000,test,LA_E_6470526_speed0.9
data/attacks/mp3-64k/LA_E_7961627.wav,fake,la_p4fix,none,mp3-64k,mp3-64k,na,LA_0035,2.523,16000,test,LA_E_7961627_mp3-64k
data/attacks/aac-128k/LA_E_7961627.wav,fake,la_p4fix,none,aac-128k,aac-128k,na,LA_0035,2.56,16000,test,LA_E_7961627_aac-128k
data/attacks/opus-32k/LA_E_7961627.wav,fake,la_p4fix,none,opus-32k,opus-32k,na,LA_0035,2.521,16000,test,LA_E_7961627_opus-32k
data/attacks/g711-8k/LA_E_7961627.wav,fake,la_p4fix,none,g711-8k,g711-8k,na,LA_0035,2.521,16000,test,LA_E_7961627_g711-8k
data/attacks/awgn-snr5/LA_E_7961627.wav,fake,la_p4fix,none,awgn-snr5,snr5,na,LA_0035,2.521,16000,test,LA_E_7961627_awgn-snr5
data/attacks/awgn-snr10/LA_E_7961627.wav,fake,la_p4fix,none,awgn-snr10,snr10,na,LA_0035,2.521,16000,test,LA_E_7961627_awgn-snr10
data/attacks/bandpass-300-3400/LA_E_7961627.wav,fake,la_p4fix,none,bandpass-300-3400,bandpass300-3400,na,LA_0035,2.521,16000,test,LA_E_7961627_bandpass-300-3400
data/attacks/reverb-rt60-0.4/LA_E_7961627.wav,fake,la_p4fix,none,reverb-rt60-0.4,rt60-0.4,na,LA_0035,2.521,16000,test,LA_E_7961627_reverb-rt60-0.4
data/attacks/speed0.9/LA_E_7961627.wav,fake,la_p4fix,none,speed0.9,speed0.9,na,LA_0035,2.801,16000,test,LA_E_7961627_speed0.9
data/attacks/mp3-64k/LA_E_3468564.wav,fake,la_p4fix,none,mp3-64k,mp3-64k,na,LA_0029,3.976,16000,test,LA_E_3468564_mp3-64k
data/attacks/aac-128k/LA_E_3468564.wav,fake,la_p4fix,none,aac-128k,aac-128k,na,LA_0029,4.032,16000,test,LA_E_3468564_aac-128k
data/attacks/opus-32k/LA_E_3468564.wav,fake,la_p4fix,none,opus-32k,opus-32k,na,LA_0029,3.976,16000,test,LA_E_3468564_opus-32k
data/attacks/g711-8k/LA_E_3468564.wav,fake,la_p4fix,none,g711-8k,g711-8k,na,LA_0029,3.976,16000,test,LA_E_3468564_g711-8k
data/attacks/awgn-snr5/LA_E_3468564.wav,fake,la_p4fix,none,awgn-snr5,snr5,na,LA_0029,3.976,16000,test,LA_E_3468564_awgn-snr5
data/attacks/awgn-snr10/LA_E_3468564.wav,fake,la_p4fix,none,awgn-snr10,snr10,na,LA_0029,3.976,16000,test,LA_E_3468564_awgn-snr10
data/attacks/bandpass-300-3400/LA_E_3468564.wav,fake,la_p4fix,none,bandpass-300-3400,bandpass300-3400,na,LA_0029,3.976,16000,test,LA_E_3468564_bandpass-300-3400
data/attacks/reverb-rt60-0.4/LA_E_3468564.wav,fake,la_p4fix,none,reverb-rt60-0.4,rt60-0.4,na,LA_0029,3.976,16000,test,LA_E_3468564_reverb-rt60-0.4
data/attacks/speed0.9/LA_E_3468564.wav,fake,la_p4fix,none,speed0.9,speed0.9,na,LA_0029,4.418,16000,test,LA_E_3468564_speed0.9
data/attacks/mp3-64k/LA_E_9423261.wav,fake,la_p4fix,none,mp3-64k,mp3-64k,na,LA_0031,1.94,16000,test,LA_E_9423261_mp3-64k
data/attacks/aac-128k/LA_E_9423261.wav,fake,la_p4fix,none,aac-128k,aac-128k,na,LA_0031,1.984,16000,test,LA_E_9423261_aac-128k
data/attacks/opus-32k/LA_E_9423261.wav,fake,la_p4fix,none,opus-32k,opus-32k,na,LA_0031,1.94,16000,test,LA_E_9423261_opus-32k
data/attacks/g711-8k/LA_E_9423261.wav,fake,la_p4fix,none,g711-8k,g711-8k,na,LA_0031,1.94,16000,test,LA_E_9423261_g711-8k
data/attacks/awgn-snr5/LA_E_9423261.wav,fake,la_p4fix,none,awgn-snr5,snr5,na,LA_0031,1.94,16000,test,LA_E_9423261_awgn-snr5
data/attacks/awgn-snr10/LA_E_9423261.wav,fake,la_p4fix,none,awgn-snr10,snr10,na,LA_0031,1.94,16000,test,LA_E_9423261_awgn-snr10
data/attacks/bandpass-300-3400/LA_E_9423261.wav,fake,la_p4fix,none,bandpass-300-3400,bandpass300-3400,na,LA_0031,1.94,16000,test,LA_E_9423261_bandpass-300-3400
data/attacks/reverb-rt60-0.4/LA_E_9423261.wav,fake,la_p4fix,none,reverb-rt60-0.4,rt60-0.4,na,LA_0031,1.94,16000,test,LA_E_9423261_reverb-rt60-0.4
data/attacks/speed0.9/LA_E_9423261.wav,fake,la_p4fix,none,speed0.9,speed0.9,na,LA_0031,2.156,16000,test,LA_E_9423261_speed0.9
data/attacks/mp3-64k/LA_E_3872590.wav,fake,la_p4fix,none,mp3-64k,mp3-64k,na,LA_0007,2.415,16000,test,LA_E_3872590_mp3-64k
data/attacks/aac-128k/LA_E_3872590.wav,fake,la_p4fix,none,aac-128k,aac-128k,na,LA_0007,2.432,16000,test,LA_E_3872590_aac-128k
data/attacks/opus-32k/LA_E_3872590.wav,fake,la_p4fix,none,opus-32k,opus-32k,na,LA_0007,2.415,16000,test,LA_E_3872590_opus-32k
data/attacks/g711-8k/LA_E_3872590.wav,fake,la_p4fix,none,g711-8k,g711-8k,na,LA_0007,2.415,16000,test,LA_E_3872590_g711-8k
data/attacks/awgn-snr5/LA_E_3872590.wav,fake,la_p4fix,none,awgn-snr5,snr5,na,LA_0007,2.415,16000,test,LA_E_3872590_awgn-snr5
data/attacks/awgn-snr10/LA_E_3872590.wav,fake,la_p4fix,none,awgn-snr10,snr10,na,LA_0007,2.415,16000,test,LA_E_3872590_awgn-snr10
data/attacks/bandpass-300-3400/LA_E_3872590.wav,fake,la_p4fix,none,bandpass-300-3400,bandpass300-3400,na,LA_0007,2.415,16000,test,LA_E_3872590_bandpass-300-3400
data/attacks/reverb-rt60-0.4/LA_E_3872590.wav,fake,la_p4fix,none,reverb-rt60-0.4,rt60-0.4,na,LA_0007,2.415,16000,test,LA_E_3872590_reverb-rt60-0.4
data/attacks/speed0.9/LA_E_3872590.wav,fake,la_p4fix,none,speed0.9,speed0.9,na,LA_0007,2.683,16000,test,LA_E_3872590_speed0.9
data/attacks/mp3-64k/LA_E_7535167.wav,fake,la_p4fix,none,mp3-64k,mp3-64k,na,LA_0027,6.548,16000,test,LA_E_7535167_mp3-64k
data/attacks/aac-128k/LA_E_7535167.wav,fake,la_p4fix,none,aac-128k,aac-128k,na,LA_0027,6.592,16000,test,LA_E_7535167_aac-128k
data/attacks/opus-32k/LA_E_7535167.wav,fake,la_p4fix,none,opus-32k,opus-32k,na,LA_0027,6.548,16000,test,LA_E_7535167_opus-32k
data/attacks/g711-8k/LA_E_7535167.wav,fake,la_p4fix,none,g711-8k,g711-8k,na,LA_0027,6.548,16000,test,LA_E_7535167_g711-8k
data/attacks/awgn-snr5/LA_E_7535167.wav,fake,la_p4fix,none,awgn-snr5,snr5,na,LA_0027,6.548,16000,test,LA_E_7535167_awgn-snr5
data/attacks/awgn-snr10/LA_E_7535167.wav,fake,la_p4fix,none,awgn-snr10,snr10,na,LA_0027,6.548,16000,test,LA_E_7535167_awgn-snr10
data/attacks/bandpass-300-3400/LA_E_7535167.wav,fake,la_p4fix,none,bandpass-300-3400,bandpass300-3400,na,LA_0027,6.548,16000,test,LA_E_7535167_bandpass-300-3400
data/attacks/reverb-rt60-0.4/LA_E_7535167.wav,fake,la_p4fix,none,reverb-rt60-0.4,rt60-0.4,na,LA_0027,6.548,16000,test,LA_E_7535167_reverb-rt60-0.4
data/attacks/speed0.9/LA_E_7535167.wav,fake,la_p4fix,none,speed0.9,speed0.9,na,LA_0027,7.275,16000,test,LA_E_7535167_speed0.9
data/attacks/mp3-64k/LA_E_8952376.wav,fake,la_p4fix,none,mp3-64k,mp3-64k,na,LA_0028,4.824,16000,test,LA_E_8952376_mp3-64k
data/attacks/aac-128k/LA_E_8952376.wav,fake,la_p4fix,none,aac-128k,aac-128k,na,LA_0028,4.864,16000,test,LA_E_8952376_aac-128k
data/attacks/opus-32k/LA_E_8952376.wav,fake,la_p4fix,none,opus-32k,opus-32k,na,LA_0028,4.824,16000,test,LA_E_8952376_opus-32k
data/attacks/g711-8k/LA_E_8952376.wav,fake,la_p4fix,none,g711-8k,g711-8k,na,LA_0028,4.824,16000,test,LA_E_8952376_g711-8k
data/attacks/awgn-snr5/LA_E_8952376.wav,fake,la_p4fix,none,awgn-snr5,snr5,na,LA_0028,4.824,16000,test,LA_E_8952376_awgn-snr5
data/attacks/awgn-snr10/LA_E_8952376.wav,fake,la_p4fix,none,awgn-snr10,snr10,na,LA_0028,4.824,16000,test,LA_E_8952376_awgn-snr10
data/attacks/bandpass-300-3400/LA_E_8952376.wav,fake,la_p4fix,none,bandpass-300-3400,bandpass300-3400,na,LA_0028,4.824,16000,test,LA_E_8952376_bandpass-300-3400
data/attacks/reverb-rt60-0.4/LA_E_8952376.wav,fake,la_p4fix,none,reverb-rt60-0.4,rt60-0.4,na,LA_0028,4.824,16000,test,LA_E_8952376_reverb-rt60-0.4
data/attacks/speed0.9/LA_E_8952376.wav,fake,la_p4fix,none,speed0.9,speed0.9,na,LA_0028,5.36,16000,test,LA_E_8952376_speed0.9
data/attacks/mp3-64k/LA_E_8977989.wav,fake,la_p4fix,none,mp3-64k,mp3-64k,na,LA_0032,2.005,16000,test,LA_E_8977989_mp3-64k
data/attacks/aac-128k/LA_E_8977989.wav,fake,la_p4fix,none,aac-128k,aac-128k,na,LA_0032,2.048,16000,test,LA_E_8977989_aac-128k
data/attacks/opus-32k/LA_E_8977989.wav,fake,la_p4fix,none,opus-32k,opus-32k,na,LA_0032,2.005,16000,test,LA_E_8977989_opus-32k
data/attacks/g711-8k/LA_E_8977989.wav,fake,la_p4fix,none,g711-8k,g711-8k,na,LA_0032,2.005,16000,test,LA_E_8977989_g711-8k
data/attacks/awgn-snr5/LA_E_8977989.wav,fake,la_p4fix,none,awgn-snr5,snr5,na,LA_0032,2.005,16000,test,LA_E_8977989_awgn-snr5
data/attacks/awgn-snr10/LA_E_8977989.wav,fake,la_p4fix,none,awgn-snr10,snr10,na,LA_0032,2.005,16000,test,LA_E_8977989_awgn-snr10
data/attacks/bandpass-300-3400/LA_E_8977989.wav,fake,la_p4fix,none,bandpass-300-3400,bandpass300-3400,na,LA_0032,2.005,16000,test,LA_E_8977989_bandpass-300-3400
data/attacks/reverb-rt60-0.4/LA_E_8977989.wav,fake,la_p4fix,none,reverb-rt60-0.4,rt60-0.4,na,LA_0032,2.005,16000,test,LA_E_8977989_reverb-rt60-0.4
data/attacks/speed0.9/LA_E_8977989.wav,fake,la_p4fix,none,speed0.9,speed0.9,na,LA_0032,2.227,16000,test,LA_E_8977989_speed0.9
data/attacks/mp3-64k/LA_E_1041335.wav,fake,la_p4fix,none,mp3-64k,mp3-64k,na,LA_0034,1.197,16000,test,LA_E_1041335_mp3-64k
data/attacks/aac-128k/LA_E_1041335.wav,fake,la_p4fix,none,aac-128k,aac-128k,na,LA_0034,1.216,16000,test,LA_E_1041335_aac-128k
data/attacks/opus-32k/LA_E_1041335.wav,fake,la_p4fix,none,opus-32k,opus-32k,na,LA_0034,1.197,16000,test,LA_E_1041335_opus-32k
data/attacks/g711-8k/LA_E_1041335.wav,fake,la_p4fix,none,g711-8k,g711-8k,na,LA_0034,1.197,16000,test,LA_E_1041335_g711-8k
data/attacks/awgn-snr5/LA_E_1041335.wav,fake,la_p4fix,none,awgn-snr5,snr5,na,LA_0034,1.197,16000,test,LA_E_1041335_awgn-snr5
data/attacks/awgn-snr10/LA_E_1041335.wav,fake,la_p4fix,none,awgn-snr10,snr10,na,LA_0034,1.197,16000,test,LA_E_1041335_awgn-snr10
data/attacks/bandpass-300-3400/LA_E_1041335.wav,fake,la_p4fix,none,bandpass-300-3400,bandpass300-3400,na,LA_0034,1.197,16000,test,LA_E_1041335_bandpass-300-3400
data/attacks/reverb-rt60-0.4/LA_E_1041335.wav,fake,la_p4fix,none,reverb-rt60-0.4,rt60-0.4,na,LA_0034,1.197,16000,test,LA_E_1041335_reverb-rt60-0.4
data/attacks/speed0.9/LA_E_1041335.wav,fake,la_p4fix,none,speed0.9,speed0.9,na,LA_0034,1.33,16000,test,LA_E_1041335_speed0.9
data/attacks/mp3-64k/LA_E_3243947.wav,fake,la_p4fix,none,mp3-64k,mp3-64k,na,LA_0007,2.199,16000,test,LA_E_3243947_mp3-64k
data/attacks/aac-128k/LA_E_3243947.wav,fake,la_p4fix,none,aac-128k,aac-128k,na,LA_0007,2.24,16000,test,LA_E_3243947_aac-128k
data/attacks/opus-32k/LA_E_3243947.wav,fake,la_p4fix,none,opus-32k,opus-32k,na,LA_0007,2.196,16000,test,LA_E_3243947_opus-32k
data/attacks/g711-8k/LA_E_3243947.wav,fake,la_p4fix,none,g711-8k,g711-8k,na,LA_0007,2.196,16000,test,LA_E_3243947_g711-8k
data/attacks/awgn-snr5/LA_E_3243947.wav,fake,la_p4fix,none,awgn-snr5,snr5,na,LA_0007,2.196,16000,test,LA_E_3243947_awgn-snr5
data/attacks/awgn-snr10/LA_E_3243947.wav,fake,la_p4fix,none,awgn-snr10,snr10,na,LA_0007,2.196,16000,test,LA_E_3243947_awgn-snr10
data/attacks/bandpass-300-3400/LA_E_3243947.wav,fake,la_p4fix,none,bandpass-300-3400,bandpass300-3400,na,LA_0007,2.196,16000,test,LA_E_3243947_bandpass-300-3400
data/attacks/reverb-rt60-0.4/LA_E_3243947.wav,fake,la_p4fix,none,reverb-rt60-0.4,rt60-0.4,na,LA_0007,2.196,16000,test,LA_E_3243947_reverb-rt60-0.4
data/attacks/speed0.9/LA_E_3243947.wav,fake,la_p4fix,none,speed0.9,speed0.9,na,LA_0007,2.44,16000,test,LA_E_3243947_speed0.9
data/attacks/mp3-64k/LA_E_3376499.wav,fake,la_p4fix,none,mp3-64k,mp3-64k,na,LA_0045,1.299,16000,test,LA_E_3376499_mp3-64k
data/attacks/aac-128k/LA_E_3376499.wav,fake,la_p4fix,none,aac-128k,aac-128k,na,LA_0045,1.344,16000,test,LA_E_3376499_aac-128k
data/attacks/opus-32k/LA_E_3376499.wav,fake,la_p4fix,none,opus-32k,opus-32k,na,LA_0045,1.299,16000,test,LA_E_3376499_opus-32k
data/attacks/g711-8k/LA_E_3376499.wav,fake,la_p4fix,none,g711-8k,g711-8k,na,LA_0045,1.299,16000,test,LA_E_3376499_g711-8k
data/attacks/awgn-snr5/LA_E_3376499.wav,fake,la_p4fix,none,awgn-snr5,snr5,na,LA_0045,1.299,16000,test,LA_E_3376499_awgn-snr5
data/attacks/awgn-snr10/LA_E_3376499.wav,fake,la_p4fix,none,awgn-snr10,snr10,na,LA_0045,1.299,16000,test,LA_E_3376499_awgn-snr10
data/attacks/bandpass-300-3400/LA_E_3376499.wav,fake,la_p4fix,none,bandpass-300-3400,bandpass300-3400,na,LA_0045,1.299,16000,test,LA_E_3376499_bandpass-300-3400
data/attacks/reverb-rt60-0.4/LA_E_3376499.wav,fake,la_p4fix,none,reverb-rt60-0.4,rt60-0.4,na,LA_0045,1.299,16000,test,LA_E_3376499_reverb-rt60-0.4
data/attacks/speed0.9/LA_E_3376499.wav,fake,la_p4fix,none,speed0.9,speed0.9,na,LA_0045,1.444,16000,test,LA_E_3376499_speed0.9
data/attacks/mp3-64k/LA_E_4234955.wav,fake,la_p4fix,none,mp3-64k,mp3-64k,na,LA_0011,1.279,16000,test,LA_E_4234955_mp3-64k
data/attacks/aac-128k/LA_E_4234955.wav,fake,la_p4fix,none,aac-128k,aac-128k,na,LA_0011,1.28,16000,test,LA_E_4234955_aac-128k
data/attacks/opus-32k/LA_E_4234955.wav,fake,la_p4fix,none,opus-32k,opus-32k,na,LA_0011,1.279,16000,test,LA_E_4234955_opus-32k
data/attacks/g711-8k/LA_E_4234955.wav,fake,la_p4fix,none,g711-8k,g711-8k,na,LA_0011,1.279,16000,test,LA_E_4234955_g711-8k
data/attacks/awgn-snr5/LA_E_4234955.wav,fake,la_p4fix,none,awgn-snr5,snr5,na,LA_0011,1.279,16000,test,LA_E_4234955_awgn-snr5
data/attacks/awgn-snr10/LA_E_4234955.wav,fake,la_p4fix,none,awgn-snr10,snr10,na,LA_0011,1.279,16000,test,LA_E_4234955_awgn-snr10
data/attacks/bandpass-300-3400/LA_E_4234955.wav,fake,la_p4fix,none,bandpass-300-3400,bandpass300-3400,na,LA_0011,1.279,16000,test,LA_E_4234955_bandpass-300-3400
data/attacks/reverb-rt60-0.4/LA_E_4234955.wav,fake,la_p4fix,none,reverb-rt60-0.4,rt60-0.4,na,LA_0011,1.279,16000,test,LA_E_4234955_reverb-rt60-0.4
data/attacks/speed0.9/LA_E_4234955.wav,fake,la_p4fix,none,speed0.9,speed0.9,na,LA_0011,1.421,16000,test,LA_E_4234955_speed0.9
data/attacks/mp3-64k/LA_E_8987134.wav,fake,la_p4fix,none,mp3-64k,mp3-64k,na,LA_0021,4.601,16000,test,LA_E_8987134_mp3-64k
data/attacks/aac-128k/LA_E_8987134.wav,fake,la_p4fix,none,aac-128k,aac-128k,na,LA_0021,4.608,16000,test,LA_E_8987134_aac-128k
data/attacks/opus-32k/LA_E_8987134.wav,fake,la_p4fix,none,opus-32k,opus-32k,na,LA_0021,4.601,16000,test,LA_E_8987134_opus-32k
data/attacks/g711-8k/LA_E_8987134.wav,fake,la_p4fix,none,g711-8k,g711-8k,na,LA_0021,4.601,16000,test,LA_E_8987134_g711-8k
data/attacks/awgn-snr5/LA_E_8987134.wav,fake,la_p4fix,none,awgn-snr5,snr5,na,LA_0021,4.601,16000,test,LA_E_8987134_awgn-snr5
data/attacks/awgn-snr10/LA_E_8987134.wav,fake,la_p4fix,none,awgn-snr10,snr10,na,LA_0021,4.601,16000,test,LA_E_8987134_awgn-snr10
data/attacks/bandpass-300-3400/LA_E_8987134.wav,fake,la_p4fix,none,bandpass-300-3400,bandpass300-3400,na,LA_0021,4.601,16000,test,LA_E_8987134_bandpass-300-3400
data/attacks/reverb-rt60-0.4/LA_E_8987134.wav,fake,la_p4fix,none,reverb-rt60-0.4,rt60-0.4,na,LA_0021,4.601,16000,test,LA_E_8987134_reverb-rt60-0.4
data/attacks/speed0.9/LA_E_8987134.wav,fake,la_p4fix,none,speed0.9,speed0.9,na,LA_0021,5.112,16000,test,LA_E_8987134_speed0.9
data/attacks/mp3-64k/LA_E_6642202.wav,fake,la_p4fix,none,mp3-64k,mp3-64k,na,LA_0043,1.572,16000,test,LA_E_6642202_mp3-64k
data/attacks/aac-128k/LA_E_6642202.wav,fake,la_p4fix,none,aac-128k,aac-128k,na,LA_0043,1.6,16000,test,LA_E_6642202_aac-128k
data/attacks/opus-32k/LA_E_6642202.wav,fake,la_p4fix,none,opus-32k,opus-32k,na,LA_0043,1.572,16000,test,LA_E_6642202_opus-32k
data/attacks/g711-8k/LA_E_6642202.wav,fake,la_p4fix,none,g711-8k,g711-8k,na,LA_0043,1.572,16000,test,LA_E_6642202_g711-8k
data/attacks/awgn-snr5/LA_E_6642202.wav,fake,la_p4fix,none,awgn-snr5,snr5,na,LA_0043,1.572,16000,test,LA_E_6642202_awgn-snr5
data/attacks/awgn-snr10/LA_E_6642202.wav,fake,la_p4fix,none,awgn-snr10,snr10,na,LA_0043,1.572,16000,test,LA_E_6642202_awgn-snr10
data/attacks/bandpass-300-3400/LA_E_6642202.wav,fake,la_p4fix,none,bandpass-300-3400,bandpass300-3400,na,LA_0043,1.572,16000,test,LA_E_6642202_bandpass-300-3400
data/attacks/reverb-rt60-0.4/LA_E_6642202.wav,fake,la_p4fix,none,reverb-rt60-0.4,rt60-0.4,na,LA_0043,1.572,16000,test,LA_E_6642202_reverb-rt60-0.4
data/attacks/speed0.9/LA_E_6642202.wav,fake,la_p4fix,none,speed0.9,speed0.9,na,LA_0043,1.747,16000,test,LA_E_6642202_speed0.9
data/attacks/mp3-64k/LA_E_7413935.wav,fake,la_p4fix,none,mp3-64k,mp3-64k,na,LA_0022,2.216,16000,test,LA_E_7413935_mp3-64k
data/attacks/aac-128k/LA_E_7413935.wav,fake,la_p4fix,none,aac-128k,aac-128k,na,LA_0022,2.24,16000,test,LA_E_7413935_aac-128k
data/attacks/opus-32k/LA_E_7413935.wav,fake,la_p4fix,none,opus-32k,opus-32k,na,LA_0022,2.216,16000,test,LA_E_7413935_opus-32k
data/attacks/g711-8k/LA_E_7413935.wav,fake,la_p4fix,none,g711-8k,g711-8k,na,LA_0022,2.216,16000,test,LA_E_7413935_g711-8k
data/attacks/awgn-snr5/LA_E_7413935.wav,fake,la_p4fix,none,awgn-snr5,snr5,na,LA_0022,2.216,16000,test,LA_E_7413935_awgn-snr5
data/attacks/awgn-snr10/LA_E_7413935.wav,fake,la_p4fix,none,awgn-snr10,snr10,na,LA_0022,2.216,16000,test,LA_E_7413935_awgn-snr10
data/attacks/bandpass-300-3400/LA_E_7413935.wav,fake,la_p4fix,none,bandpass-300-3400,bandpass300-3400,na,LA_0022,2.216,16000,test,LA_E_7413935_bandpass-300-3400
data/attacks/reverb-rt60-0.4/LA_E_7413935.wav,fake,la_p4fix,none,reverb-rt60-0.4,rt60-0.4,na,LA_0022,2.216,16000,test,LA_E_7413935_reverb-rt60-0.4
data/attacks/speed0.9/LA_E_7413935.wav,fake,la_p4fix,none,speed0.9,speed0.9,na,LA_0022,2.462,16000,test,LA_E_7413935_speed0.9
data/attacks/mp3-64k/LA_E_1184739.wav,fake,la_p4fix,none,mp3-64k,mp3-64k,na,LA_0009,1.604,16000,test,LA_E_1184739_mp3-64k
data/attacks/aac-128k/LA_E_1184739.wav,fake,la_p4fix,none,aac-128k,aac-128k,na,LA_0009,1.664,16000,test,LA_E_1184739_aac-128k
data/attacks/opus-32k/LA_E_1184739.wav,fake,la_p4fix,none,opus-32k,opus-32k,na,LA_0009,1.604,16000,test,LA_E_1184739_opus-32k
data/attacks/g711-8k/LA_E_1184739.wav,fake,la_p4fix,none,g711-8k,g711-8k,na,LA_0009,1.604,16000,test,LA_E_1184739_g711-8k
data/attacks/awgn-snr5/LA_E_1184739.wav,fake,la_p4fix,none,awgn-snr5,snr5,na,LA_0009,1.604,16000,test,LA_E_1184739_awgn-snr5
data/attacks/awgn-snr10/LA_E_1184739.wav,fake,la_p4fix,none,awgn-snr10,snr10,na,LA_0009,1.604,16000,test,LA_E_1184739_awgn-snr10
data/attacks/bandpass-300-3400/LA_E_1184739.wav,fake,la_p4fix,none,bandpass-300-3400,bandpass300-3400,na,LA_0009,1.604,16000,test,LA_E_1184739_bandpass-300-3400
data/attacks/reverb-rt60-0.4/LA_E_1184739.wav,fake,la_p4fix,none,reverb-rt60-0.4,rt60-0.4,na,LA_0009,1.604,16000,test,LA_E_1184739_reverb-rt60-0.4
data/attacks/speed0.9/LA_E_1184739.wav,fake,la_p4fix,none,speed0.9,speed0.9,na,LA_0009,1.782,16000,test,LA_E_1184739_speed0.9
data/attacks/mp3-64k/LA_E_1038872.wav,fake,la_p4fix,none,mp3-64k,mp3-64k,na,LA_0029,2.152,16000,test,LA_E_1038872_mp3-64k
data/attacks/aac-128k/LA_E_1038872.wav,fake,la_p4fix,none,aac-128k,aac-128k,na,LA_0029,2.176,16000,test,LA_E_1038872_aac-128k
data/attacks/opus-32k/LA_E_1038872.wav,fake,la_p4fix,none,opus-32k,opus-32k,na,LA_0029,2.152,16000,test,LA_E_1038872_opus-32k
data/attacks/g711-8k/LA_E_1038872.wav,fake,la_p4fix,none,g711-8k,g711-8k,na,LA_0029,2.152,16000,test,LA_E_1038872_g711-8k
data/attacks/awgn-snr5/LA_E_1038872.wav,fake,la_p4fix,none,awgn-snr5,snr5,na,LA_0029,2.152,16000,test,LA_E_1038872_awgn-snr5
data/attacks/awgn-snr10/LA_E_1038872.wav,fake,la_p4fix,none,awgn-snr10,snr10,na,LA_0029,2.152,16000,test,LA_E_1038872_awgn-snr10
data/attacks/bandpass-300-3400/LA_E_1038872.wav,fake,la_p4fix,none,bandpass-300-3400,bandpass300-3400,na,LA_0029,2.152,16000,test,LA_E_1038872_bandpass-300-3400
data/attacks/reverb-rt60-0.4/LA_E_1038872.wav,fake,la_p4fix,none,reverb-rt60-0.4,rt60-0.4,na,LA_0029,2.152,16000,test,LA_E_1038872_reverb-rt60-0.4
data/attacks/speed0.9/LA_E_1038872.wav,fake,la_p4fix,none,speed0.9,speed0.9,na,LA_0029,2.391,16000,test,LA_E_1038872_speed0.9
data/attacks/mp3-64k/LA_E_7683623.wav,fake,la_p4fix,none,mp3-64k,mp3-64k,na,LA_0043,1.525,16000,test,LA_E_7683623_mp3-64k
data/attacks/aac-128k/LA_E_7683623.wav,fake,la_p4fix,none,aac-128k,aac-128k,na,LA_0043,1.536,16000,test,LA_E_7683623_aac-128k
data/attacks/opus-32k/LA_E_7683623.wav,fake,la_p4fix,none,opus-32k,opus-32k,na,LA_0043,1.525,16000,test,LA_E_7683623_opus-32k
data/attacks/g711-8k/LA_E_7683623.wav,fake,la_p4fix,none,g711-8k,g711-8k,na,LA_0043,1.525,16000,test,LA_E_7683623_g711-8k
data/attacks/awgn-snr5/LA_E_7683623.wav,fake,la_p4fix,none,awgn-snr5,snr5,na,LA_0043,1.525,16000,test,LA_E_7683623_awgn-snr5
data/attacks/awgn-snr10/LA_E_7683623.wav,fake,la_p4fix,none,awgn-snr10,snr10,na,LA_0043,1.525,16000,test,LA_E_7683623_awgn-snr10
data/attacks/bandpass-300-3400/LA_E_7683623.wav,fake,la_p4fix,none,bandpass-300-3400,bandpass300-3400,na,LA_0043,1.525,16000,test,LA_E_7683623_bandpass-300-3400
data/attacks/reverb-rt60-0.4/LA_E_7683623.wav,fake,la_p4fix,none,reverb-rt60-0.4,rt60-0.4,na,LA_0043,1.525,16000,test,LA_E_7683623_reverb-rt60-0.4
data/attacks/speed0.9/LA_E_7683623.wav,fake,la_p4fix,none,speed0.9,speed0.9,na,LA_0043,1.695,16000,test,LA_E_7683623_speed0.9
data/attacks/mp3-64k/LA_E_1630994.wav,fake,la_p4fix,none,mp3-64k,mp3-64k,na,LA_0038,3.353,16000,test,LA_E_1630994_mp3-64k
data/attacks/aac-128k/LA_E_1630994.wav,fake,la_p4fix,none,aac-128k,aac-128k,na,LA_0038,3.392,16000,test,LA_E_1630994_aac-128k
data/attacks/opus-32k/LA_E_1630994.wav,fake,la_p4fix,none,opus-32k,opus-32k,na,LA_0038,3.353,16000,test,LA_E_1630994_opus-32k
data/attacks/g711-8k/LA_E_1630994.wav,fake,la_p4fix,none,g711-8k,g711-8k,na,LA_0038,3.353,16000,test,LA_E_1630994_g711-8k
data/attacks/awgn-snr5/LA_E_1630994.wav,fake,la_p4fix,none,awgn-snr5,snr5,na,LA_0038,3.353,16000,test,LA_E_1630994_awgn-snr5
data/attacks/awgn-snr10/LA_E_1630994.wav,fake,la_p4fix,none,awgn-snr10,snr10,na,LA_0038,3.353,16000,test,LA_E_1630994_awgn-snr10
data/attacks/bandpass-300-3400/LA_E_1630994.wav,fake,la_p4fix,none,bandpass-300-3400,bandpass300-3400,na,LA_0038,3.353,16000,test,LA_E_1630994_bandpass-300-3400
data/attacks/reverb-rt60-0.4/LA_E_1630994.wav,fake,la_p4fix,none,reverb-rt60-0.4,rt60-0.4,na,LA_0038,3.353,16000,test,LA_E_1630994_reverb-rt60-0.4
data/attacks/speed0.9/LA_E_1630994.wav,fake,la_p4fix,none,speed0.9,speed0.9,na,LA_0038,3.725,16000,test,LA_E_1630994_speed0.9
data/attacks/mp3-64k/LA_E_1313687.wav,fake,la_p4fix,none,mp3-64k,mp3-64k,na,LA_0022,2.698,16000,test,LA_E_1313687_mp3-64k
data/attacks/aac-128k/LA_E_1313687.wav,fake,la_p4fix,none,aac-128k,aac-128k,na,LA_0022,2.752,16000,test,LA_E_1313687_aac-128k
data/attacks/opus-32k/LA_E_1313687.wav,fake,la_p4fix,none,opus-32k,opus-32k,na,LA_0022,2.698,16000,test,LA_E_1313687_opus-32k
data/attacks/g711-8k/LA_E_1313687.wav,fake,la_p4fix,none,g711-8k,g711-8k,na,LA_0022,2.698,16000,test,LA_E_1313687_g711-8k
data/attacks/awgn-snr5/LA_E_1313687.wav,fake,la_p4fix,none,awgn-snr5,snr5,na,LA_0022,2.698,16000,test,LA_E_1313687_awgn-snr5
data/attacks/awgn-snr10/LA_E_1313687.wav,fake,la_p4fix,none,awgn-snr10,snr10,na,LA_0022,2.698,16000,test,LA_E_1313687_awgn-snr10
data/attacks/bandpass-300-3400/LA_E_1313687.wav,fake,la_p4fix,none,bandpass-300-3400,bandpass300-3400,na,LA_0022,2.698,16000,test,LA_E_1313687_bandpass-300-3400
data/attacks/reverb-rt60-0.4/LA_E_1313687.wav,fake,la_p4fix,none,reverb-rt60-0.4,rt60-0.4,na,LA_0022,2.698,16000,test,LA_E_1313687_reverb-rt60-0.4
data/attacks/speed0.9/LA_E_1313687.wav,fake,la_p4fix,none,speed0.9,speed0.9,na,LA_0022,2.997,16000,test,LA_E_1313687_speed0.9
data/attacks/mp3-64k/LA_E_4961402.wav,fake,la_p4fix,none,mp3-64k,mp3-64k,na,LA_0033,3.411,16000,test,LA_E_4961402_mp3-64k
data/attacks/aac-128k/LA_E_4961402.wav,fake,la_p4fix,none,aac-128k,aac-128k,na,LA_0033,3.456,16000,test,LA_E_4961402_aac-128k
data/attacks/opus-32k/LA_E_4961402.wav,fake,la_p4fix,none,opus-32k,opus-32k,na,LA_0033,3.411,16000,test,LA_E_4961402_opus-32k
data/attacks/g711-8k/LA_E_4961402.wav,fake,la_p4fix,none,g711-8k,g711-8k,na,LA_0033,3.411,16000,test,LA_E_4961402_g711-8k
data/attacks/awgn-snr5/LA_E_4961402.wav,fake,la_p4fix,none,awgn-snr5,snr5,na,LA_0033,3.411,16000,test,LA_E_4961402_awgn-snr5
data/attacks/awgn-snr10/LA_E_4961402.wav,fake,la_p4fix,none,awgn-snr10,snr10,na,LA_0033,3.411,16000,test,LA_E_4961402_awgn-snr10
data/attacks/bandpass-300-3400/LA_E_4961402.wav,fake,la_p4fix,none,bandpass-300-3400,bandpass300-3400,na,LA_0033,3.411,16000,test,LA_E_4961402_bandpass-300-3400
data/attacks/reverb-rt60-0.4/LA_E_4961402.wav,fake,la_p4fix,none,reverb-rt60-0.4,rt60-0.4,na,LA_0033,3.411,16000,test,LA_E_4961402_reverb-rt60-0.4
data/attacks/speed0.9/LA_E_4961402.wav,fake,la_p4fix,none,speed0.9,speed0.9,na,LA_0033,3.79,16000,test,LA_E_4961402_speed0.9
data/attacks/mp3-64k/LA_E_1727903.wav,fake,la_p4fix,none,mp3-64k,mp3-64k,na,LA_0043,2.862,16000,test,LA_E_1727903_mp3-64k
data/attacks/aac-128k/LA_E_1727903.wav,fake,la_p4fix,none,aac-128k,aac-128k,na,LA_0043,2.88,16000,test,LA_E_1727903_aac-128k
data/attacks/opus-32k/LA_E_1727903.wav,fake,la_p4fix,none,opus-32k,opus-32k,na,LA_0043,2.862,16000,test,LA_E_1727903_opus-32k
data/attacks/g711-8k/LA_E_1727903.wav,fake,la_p4fix,none,g711-8k,g711-8k,na,LA_0043,2.862,16000,test,LA_E_1727903_g711-8k
data/attacks/awgn-snr5/LA_E_1727903.wav,fake,la_p4fix,none,awgn-snr5,snr5,na,LA_0043,2.862,16000,test,LA_E_1727903_awgn-snr5
data/attacks/awgn-snr10/LA_E_1727903.wav,fake,la_p4fix,none,awgn-snr10,snr10,na,LA_0043,2.862,16000,test,LA_E_1727903_awgn-snr10
data/attacks/bandpass-300-3400/LA_E_1727903.wav,fake,la_p4fix,none,bandpass-300-3400,bandpass300-3400,na,LA_0043,2.862,16000,test,LA_E_1727903_bandpass-300-3400
data/attacks/reverb-rt60-0.4/LA_E_1727903.wav,fake,la_p4fix,none,reverb-rt60-0.4,rt60-0.4,na,LA_0043,2.862,16000,test,LA_E_1727903_reverb-rt60-0.4
data/attacks/speed0.9/LA_E_1727903.wav,fake,la_p4fix,none,speed0.9,speed0.9,na,LA_0043,3.18,16000,test,LA_E_1727903_speed0.9
data/attacks/mp3-64k/LA_E_5667445.wav,fake,la_p4fix,none,mp3-64k,mp3-64k,na,LA_0017,1.984,16000,test,LA_E_5667445_mp3-64k
data/attacks/aac-128k/LA_E_5667445.wav,fake,la_p4fix,none,aac-128k,aac-128k,na,LA_0017,1.984,16000,test,LA_E_5667445_aac-128k
data/attacks/opus-32k/LA_E_5667445.wav,fake,la_p4fix,none,opus-32k,opus-32k,na,LA_0017,1.984,16000,test,LA_E_5667445_opus-32k
data/attacks/g711-8k/LA_E_5667445.wav,fake,la_p4fix,none,g711-8k,g711-8k,na,LA_0017,1.984,16000,test,LA_E_5667445_g711-8k
data/attacks/awgn-snr5/LA_E_5667445.wav,fake,la_p4fix,none,awgn-snr5,snr5,na,LA_0017,1.984,16000,test,LA_E_5667445_awgn-snr5
data/attacks/awgn-snr10/LA_E_5667445.wav,fake,la_p4fix,none,awgn-snr10,snr10,na,LA_0017,1.984,16000,test,LA_E_5667445_awgn-snr10
data/attacks/bandpass-300-3400/LA_E_5667445.wav,fake,la_p4fix,none,bandpass-300-3400,bandpass300-3400,na,LA_0017,1.984,16000,test,LA_E_5667445_bandpass-300-3400
data/attacks/reverb-rt60-0.4/LA_E_5667445.wav,fake,la_p4fix,none,reverb-rt60-0.4,rt60-0.4,na,LA_0017,1.984,16000,test,LA_E_5667445_reverb-rt60-0.4
data/attacks/speed0.9/LA_E_5667445.wav,fake,la_p4fix,none,speed0.9,speed0.9,na,LA_0017,2.204,16000,test,LA_E_5667445_speed0.9
data/attacks/mp3-64k/LA_E_5194812.wav,fake,la_p4fix,none,mp3-64k,mp3-64k,na,LA_0021,3.908,16000,test,LA_E_5194812_mp3-64k
data/attacks/aac-128k/LA_E_5194812.wav,fake,la_p4fix,none,aac-128k,aac-128k,na,LA_0021,3.968,16000,test,LA_E_5194812_aac-128k
data/attacks/opus-32k/LA_E_5194812.wav,fake,la_p4fix,none,opus-32k,opus-32k,na,LA_0021,3.908,16000,test,LA_E_5194812_opus-32k
data/attacks/g711-8k/LA_E_5194812.wav,fake,la_p4fix,none,g711-8k,g711-8k,na,LA_0021,3.908,16000,test,LA_E_5194812_g711-8k
data/attacks/awgn-snr5/LA_E_5194812.wav,fake,la_p4fix,none,awgn-snr5,snr5,na,LA_0021,3.908,16000,test,LA_E_5194812_awgn-snr5
data/attacks/awgn-snr10/LA_E_5194812.wav,fake,la_p4fix,none,awgn-snr10,snr10,na,LA_0021,3.908,16000,test,LA_E_5194812_awgn-snr10
data/attacks/bandpass-300-3400/LA_E_5194812.wav,fake,la_p4fix,none,bandpass-300-3400,bandpass300-3400,na,LA_0021,3.908,16000,test,LA_E_5194812_bandpass-300-3400
data/attacks/reverb-rt60-0.4/LA_E_5194812.wav,fake,la_p4fix,none,reverb-rt60-0.4,rt60-0.4,na,LA_0021,3.908,16000,test,LA_E_5194812_reverb-rt60-0.4
data/attacks/speed0.9/LA_E_5194812.wav,fake,la_p4fix,none,speed0.9,speed0.9,na,LA_0021,4.342,16000,test,LA_E_5194812_speed0.9
data/attacks/mp3-64k/LA_E_9549082.wav,fake,la_p4fix,none,mp3-64k,mp3-64k,na,LA_0008,2.768,16000,test,LA_E_9549082_mp3-64k
data/attacks/aac-128k/LA_E_9549082.wav,fake,la_p4fix,none,aac-128k,aac-128k,na,LA_0008,2.816,16000,test,LA_E_9549082_aac-128k
data/attacks/opus-32k/LA_E_9549082.wav,fake,la_p4fix,none,opus-32k,opus-32k,na,LA_0008,2.768,16000,test,LA_E_9549082_opus-32k
data/attacks/g711-8k/LA_E_9549082.wav,fake,la_p4fix,none,g711-8k,g711-8k,na,LA_0008,2.768,16000,test,LA_E_9549082_g711-8k
data/attacks/awgn-snr5/LA_E_9549082.wav,fake,la_p4fix,none,awgn-snr5,snr5,na,LA_0008,2.768,16000,test,LA_E_9549082_awgn-snr5
data/attacks/awgn-snr10/LA_E_9549082.wav,fake,la_p4fix,none,awgn-snr10,snr10,na,LA_0008,2.768,16000,test,LA_E_9549082_awgn-snr10
data/attacks/bandpass-300-3400/LA_E_9549082.wav,fake,la_p4fix,none,bandpass-300-3400,bandpass300-3400,na,LA_0008,2.768,16000,test,LA_E_9549082_bandpass-300-3400
data/attacks/reverb-rt60-0.4/LA_E_9549082.wav,fake,la_p4fix,none,reverb-rt60-0.4,rt60-0.4,na,LA_0008,2.768,16000,test,LA_E_9549082_reverb-rt60-0.4
data/attacks/speed0.9/LA_E_9549082.wav,fake,la_p4fix,none,speed0.9,speed0.9,na,LA_0008,3.076,16000,test,LA_E_9549082_speed0.9
data/attacks/mp3-64k/LA_E_7598410.wav,fake,la_p4fix,none,mp3-64k,mp3-64k,na,LA_0005,1.916,16000,test,LA_E_7598410_mp3-64k
data/attacks/aac-128k/LA_E_7598410.wav,fake,la_p4fix,none,aac-128k,aac-128k,na,LA_0005,1.92,16000,test,LA_E_7598410_aac-128k
data/attacks/opus-32k/LA_E_7598410.wav,fake,la_p4fix,none,opus-32k,opus-32k,na,LA_0005,1.916,16000,test,LA_E_7598410_opus-32k
data/attacks/g711-8k/LA_E_7598410.wav,fake,la_p4fix,none,g711-8k,g711-8k,na,LA_0005,1.916,16000,test,LA_E_7598410_g711-8k
data/attacks/awgn-snr5/LA_E_7598410.wav,fake,la_p4fix,none,awgn-snr5,snr5,na,LA_0005,1.916,16000,test,LA_E_7598410_awgn-snr5
data/attacks/awgn-snr10/LA_E_7598410.wav,fake,la_p4fix,none,awgn-snr10,snr10,na,LA_0005,1.916,16000,test,LA_E_7598410_awgn-snr10
data/attacks/bandpass-300-3400/LA_E_7598410.wav,fake,la_p4fix,none,bandpass-300-3400,bandpass300-3400,na,LA_0005,1.916,16000,test,LA_E_7598410_bandpass-300-3400
data/attacks/reverb-rt60-0.4/LA_E_7598410.wav,fake,la_p4fix,none,reverb-rt60-0.4,rt60-0.4,na,LA_0005,1.916,16000,test,LA_E_7598410_reverb-rt60-0.4
data/attacks/speed0.9/LA_E_7598410.wav,fake,la_p4fix,none,speed0.9,speed0.9,na,LA_0005,2.128,16000,test,LA_E_7598410_speed0.9
data/attacks/mp3-64k/LA_E_8190458.wav,fake,la_p4fix,none,mp3-64k,mp3-64k,na,LA_0026,1.27,16000,test,LA_E_8190458_mp3-64k
data/attacks/aac-128k/LA_E_8190458.wav,fake,la_p4fix,none,aac-128k,aac-128k,na,LA_0026,1.28,16000,test,LA_E_8190458_aac-128k
data/attacks/opus-32k/LA_E_8190458.wav,fake,la_p4fix,none,opus-32k,opus-32k,na,LA_0026,1.27,16000,test,LA_E_8190458_opus-32k
data/attacks/g711-8k/LA_E_8190458.wav,fake,la_p4fix,none,g711-8k,g711-8k,na,LA_0026,1.27,16000,test,LA_E_8190458_g711-8k
data/attacks/awgn-snr5/LA_E_8190458.wav,fake,la_p4fix,none,awgn-snr5,snr5,na,LA_0026,1.27,16000,test,LA_E_8190458_awgn-snr5
data/attacks/awgn-snr10/LA_E_8190458.wav,fake,la_p4fix,none,awgn-snr10,snr10,na,LA_0026,1.27,16000,test,LA_E_8190458_awgn-snr10
data/attacks/bandpass-300-3400/LA_E_8190458.wav,fake,la_p4fix,none,bandpass-300-3400,bandpass300-3400,na,LA_0026,1.27,16000,test,LA_E_8190458_bandpass-300-3400
data/attacks/reverb-rt60-0.4/LA_E_8190458.wav,fake,la_p4fix,none,reverb-rt60-0.4,rt60-0.4,na,LA_0026,1.27,16000,test,LA_E_8190458_reverb-rt60-0.4
data/attacks/speed0.9/LA_E_8190458.wav,fake,la_p4fix,none,speed0.9,speed0.9,na,LA_0026,1.411,16000,test,LA_E_8190458_speed0.9
data/attacks/mp3-64k/LA_E_5116667.wav,fake,la_p4fix,none,mp3-64k,mp3-64k,na,LA_0047,1.265,16000,test,LA_E_5116667_mp3-64k
data/attacks/aac-128k/LA_E_5116667.wav,fake,la_p4fix,none,aac-128k,aac-128k,na,LA_0047,1.28,16000,test,LA_E_5116667_aac-128k
data/attacks/opus-32k/LA_E_5116667.wav,fake,la_p4fix,none,opus-32k,opus-32k,na,LA_0047,1.265,16000,test,LA_E_5116667_opus-32k
data/attacks/g711-8k/LA_E_5116667.wav,fake,la_p4fix,none,g711-8k,g711-8k,na,LA_0047,1.265,16000,test,LA_E_5116667_g711-8k
data/attacks/awgn-snr5/LA_E_5116667.wav,fake,la_p4fix,none,awgn-snr5,snr5,na,LA_0047,1.265,16000,test,LA_E_5116667_awgn-snr5
data/attacks/awgn-snr10/LA_E_5116667.wav,fake,la_p4fix,none,awgn-snr10,snr10,na,LA_0047,1.265,16000,test,LA_E_5116667_awgn-snr10
data/attacks/bandpass-300-3400/LA_E_5116667.wav,fake,la_p4fix,none,bandpass-300-3400,bandpass300-3400,na,LA_0047,1.265,16000,test,LA_E_5116667_bandpass-300-3400
data/attacks/reverb-rt60-0.4/LA_E_5116667.wav,fake,la_p4fix,none,reverb-rt60-0.4,rt60-0.4,na,LA_0047,1.265,16000,test,LA_E_5116667_reverb-rt60-0.4
data/attacks/speed0.9/LA_E_5116667.wav,fake,la_p4fix,none,speed0.9,speed0.9,na,LA_0047,1.406,16000,test,LA_E_5116667_speed0.9
data/attacks/mp3-64k/LA_E_6206146.wav,fake,la_p4fix,none,mp3-64k,mp3-64k,na,LA_0008,2.781,16000,test,LA_E_6206146_mp3-64k
data/attacks/aac-128k/LA_E_6206146.wav,fake,la_p4fix,none,aac-128k,aac-128k,na,LA_0008,2.816,16000,test,LA_E_6206146_aac-128k
data/attacks/opus-32k/LA_E_6206146.wav,fake,la_p4fix,none,opus-32k,opus-32k,na,LA_0008,2.781,16000,test,LA_E_6206146_opus-32k
data/attacks/g711-8k/LA_E_6206146.wav,fake,la_p4fix,none,g711-8k,g711-8k,na,LA_0008,2.781,16000,test,LA_E_6206146_g711-8k
data/attacks/awgn-snr5/LA_E_6206146.wav,fake,la_p4fix,none,awgn-snr5,snr5,na,LA_0008,2.781,16000,test,LA_E_6206146_awgn-snr5
data/attacks/awgn-snr10/LA_E_6206146.wav,fake,la_p4fix,none,awgn-snr10,snr10,na,LA_0008,2.781,16000,test,LA_E_6206146_awgn-snr10
data/attacks/bandpass-300-3400/LA_E_6206146.wav,fake,la_p4fix,none,bandpass-300-3400,bandpass300-3400,na,LA_0008,2.781,16000,test,LA_E_6206146_bandpass-300-3400
data/attacks/reverb-rt60-0.4/LA_E_6206146.wav,fake,la_p4fix,none,reverb-rt60-0.4,rt60-0.4,na,LA_0008,2.781,16000,test,LA_E_6206146_reverb-rt60-0.4
data/attacks/speed0.9/LA_E_6206146.wav,fake,la_p4fix,none,speed0.9,speed0.9,na,LA_0008,3.09,16000,test,LA_E_6206146_speed0.9
data/attacks/mp3-64k/LA_E_6909822.wav,fake,la_p4fix,none,mp3-64k,mp3-64k,na,LA_0017,2.76,16000,test,LA_E_6909822_mp3-64k
data/attacks/aac-128k/LA_E_6909822.wav,fake,la_p4fix,none,aac-128k,aac-128k,na,LA_0017,2.816,16000,test,LA_E_6909822_aac-128k
data/attacks/opus-32k/LA_E_6909822.wav,fake,la_p4fix,none,opus-32k,opus-32k,na,LA_0017,2.76,16000,test,LA_E_6909822_opus-32k
data/attacks/g711-8k/LA_E_6909822.wav,fake,la_p4fix,none,g711-8k,g711-8k,na,LA_0017,2.76,16000,test,LA_E_6909822_g711-8k
data/attacks/awgn-snr5/LA_E_6909822.wav,fake,la_p4fix,none,awgn-snr5,snr5,na,LA_0017,2.76,16000,test,LA_E_6909822_awgn-snr5
data/attacks/awgn-snr10/LA_E_6909822.wav,fake,la_p4fix,none,awgn-snr10,snr10,na,LA_0017,2.76,16000,test,LA_E_6909822_awgn-snr10
data/attacks/bandpass-300-3400/LA_E_6909822.wav,fake,la_p4fix,none,bandpass-300-3400,bandpass300-3400,na,LA_0017,2.76,16000,test,LA_E_6909822_bandpass-300-3400
data/attacks/reverb-rt60-0.4/LA_E_6909822.wav,fake,la_p4fix,none,reverb-rt60-0.4,rt60-0.4,na,LA_0017,2.76,16000,test,LA_E_6909822_reverb-rt60-0.4
data/attacks/speed0.9/LA_E_6909822.wav,fake,la_p4fix,none,speed0.9,speed0.9,na,LA_0017,3.067,16000,test,LA_E_6909822_speed0.9
data/attacks/mp3-64k/LA_E_6458340.wav,fake,la_p4fix,none,mp3-64k,mp3-64k,na,LA_0015,2.33,16000,test,LA_E_6458340_mp3-64k
data/attacks/aac-128k/LA_E_6458340.wav,fake,la_p4fix,none,aac-128k,aac-128k,na,LA_0015,2.368,16000,test,LA_E_6458340_aac-128k
data/attacks/opus-32k/LA_E_6458340.wav,fake,la_p4fix,none,opus-32k,opus-32k,na,LA_0015,2.33,16000,test,LA_E_6458340_opus-32k
data/attacks/g711-8k/LA_E_6458340.wav,fake,la_p4fix,none,g711-8k,g711-8k,na,LA_0015,2.33,16000,test,LA_E_6458340_g711-8k
data/attacks/awgn-snr5/LA_E_6458340.wav,fake,la_p4fix,none,awgn-snr5,snr5,na,LA_0015,2.33,16000,test,LA_E_6458340_awgn-snr5
data/attacks/awgn-snr10/LA_E_6458340.wav,fake,la_p4fix,none,awgn-snr10,snr10,na,LA_0015,2.33,16000,test,LA_E_6458340_awgn-snr10
data/attacks/bandpass-300-3400/LA_E_6458340.wav,fake,la_p4fix,none,bandpass-300-3400,bandpass300-3400,na,LA_0015,2.33,16000,test,LA_E_6458340_bandpass-300-3400
data/attacks/reverb-rt60-0.4/LA_E_6458340.wav,fake,la_p4fix,none,reverb-rt60-0.4,rt60-0.4,na,LA_0015,2.33,16000,test,LA_E_6458340_reverb-rt60-0.4
data/attacks/speed0.9/LA_E_6458340.wav,fake,la_p4fix,none,speed0.9,speed0.9,na,LA_0015,2.589,16000,test,LA_E_6458340_speed0.9
data/attacks/mp3-64k/LA_E_2018252.wav,fake,la_p4fix,none,mp3-64k,mp3-64k,na,LA_0024,3.064,16000,test,LA_E_2018252_mp3-64k
data/attacks/aac-128k/LA_E_2018252.wav,fake,la_p4fix,none,aac-128k,aac-128k,na,LA_0024,3.072,16000,test,LA_E_2018252_aac-128k
data/attacks/opus-32k/LA_E_2018252.wav,fake,la_p4fix,none,opus-32k,opus-32k,na,LA_0024,3.064,16000,test,LA_E_2018252_opus-32k
data/attacks/g711-8k/LA_E_2018252.wav,fake,la_p4fix,none,g711-8k,g711-8k,na,LA_0024,3.064,16000,test,LA_E_2018252_g711-8k
data/attacks/awgn-snr5/LA_E_2018252.wav,fake,la_p4fix,none,awgn-snr5,snr5,na,LA_0024,3.064,16000,test,LA_E_2018252_awgn-snr5
data/attacks/awgn-snr10/LA_E_2018252.wav,fake,la_p4fix,none,awgn-snr10,snr10,na,LA_0024,3.064,16000,test,LA_E_2018252_awgn-snr10
data/attacks/bandpass-300-3400/LA_E_2018252.wav,fake,la_p4fix,none,bandpass-300-3400,bandpass300-3400,na,LA_0024,3.064,16000,test,LA_E_2018252_bandpass-300-3400
data/attacks/reverb-rt60-0.4/LA_E_2018252.wav,fake,la_p4fix,none,reverb-rt60-0.4,rt60-0.4,na,LA_0024,3.064,16000,test,LA_E_2018252_reverb-rt60-0.4
data/attacks/speed0.9/LA_E_2018252.wav,fake,la_p4fix,none,speed0.9,speed0.9,na,LA_0024,3.404,16000,test,LA_E_2018252_speed0.9
data/attacks/mp3-64k/LA_E_7643607.wav,fake,la_p4fix,none,mp3-64k,mp3-64k,na,LA_0042,2.127,16000,test,LA_E_7643607_mp3-64k
data/attacks/aac-128k/LA_E_7643607.wav,fake,la_p4fix,none,aac-128k,aac-128k,na,LA_0042,2.176,16000,test,LA_E_7643607_aac-128k
data/attacks/opus-32k/LA_E_7643607.wav,fake,la_p4fix,none,opus-32k,opus-32k,na,LA_0042,2.126,16000,test,LA_E_7643607_opus-32k
data/attacks/g711-8k/LA_E_7643607.wav,fake,la_p4fix,none,g711-8k,g711-8k,na,LA_0042,2.126,16000,test,LA_E_7643607_g711-8k
data/attacks/awgn-snr5/LA_E_7643607.wav,fake,la_p4fix,none,awgn-snr5,snr5,na,LA_0042,2.126,16000,test,LA_E_7643607_awgn-snr5
data/attacks/awgn-snr10/LA_E_7643607.wav,fake,la_p4fix,none,awgn-snr10,snr10,na,LA_0042,2.126,16000,test,LA_E_7643607_awgn-snr10
data/attacks/bandpass-300-3400/LA_E_7643607.wav,fake,la_p4fix,none,bandpass-300-3400,bandpass300-3400,na,LA_0042,2.126,16000,test,LA_E_7643607_bandpass-300-3400
data/attacks/reverb-rt60-0.4/LA_E_7643607.wav,fake,la_p4fix,none,reverb-rt60-0.4,rt60-0.4,na,LA_0042,2.126,16000,test,LA_E_7643607_reverb-rt60-0.4
data/attacks/speed0.9/LA_E_7643607.wav,fake,la_p4fix,none,speed0.9,speed0.9,na,LA_0042,2.362,16000,test,LA_E_7643607_speed0.9
data/attacks/mp3-64k/LA_E_5140015.wav,fake,la_p4fix,none,mp3-64k,mp3-64k,na,LA_0019,1.609,16000,test,LA_E_5140015_mp3-64k
data/attacks/aac-128k/LA_E_5140015.wav,fake,la_p4fix,none,aac-128k,aac-128k,na,LA_0019,1.664,16000,test,LA_E_5140015_aac-128k
data/attacks/opus-32k/LA_E_5140015.wav,fake,la_p4fix,none,opus-32k,opus-32k,na,LA_0019,1.609,16000,test,LA_E_5140015_opus-32k
data/attacks/g711-8k/LA_E_5140015.wav,fake,la_p4fix,none,g711-8k,g711-8k,na,LA_0019,1.609,16000,test,LA_E_5140015_g711-8k
data/attacks/awgn-snr5/LA_E_5140015.wav,fake,la_p4fix,none,awgn-snr5,snr5,na,LA_0019,1.609,16000,test,LA_E_5140015_awgn-snr5
data/attacks/awgn-snr10/LA_E_5140015.wav,fake,la_p4fix,none,awgn-snr10,snr10,na,LA_0019,1.609,16000,test,LA_E_5140015_awgn-snr10
data/attacks/bandpass-300-3400/LA_E_5140015.wav,fake,la_p4fix,none,bandpass-300-3400,bandpass300-3400,na,LA_0019,1.609,16000,test,LA_E_5140015_bandpass-300-3400
data/attacks/reverb-rt60-0.4/LA_E_5140015.wav,fake,la_p4fix,none,reverb-rt60-0.4,rt60-0.4,na,LA_0019,1.609,16000,test,LA_E_5140015_reverb-rt60-0.4
data/attacks/speed0.9/LA_E_5140015.wav,fake,la_p4fix,none,speed0.9,speed0.9,na,LA_0019,1.788,16000,test,LA_E_5140015_speed0.9
data/attacks/mp3-64k/LA_E_4837871.wav,fake,la_p4fix,none,mp3-64k,mp3-64k,na,LA_0020,3.071,16000,test,LA_E_4837871_mp3-64k
data/attacks/aac-128k/LA_E_4837871.wav,fake,la_p4fix,none,aac-128k,aac-128k,na,LA_0020,3.072,16000,test,LA_E_4837871_aac-128k
data/attacks/opus-32k/LA_E_4837871.wav,fake,la_p4fix,none,opus-32k,opus-32k,na,LA_0020,3.071,16000,test,LA_E_4837871_opus-32k
data/attacks/g711-8k/LA_E_4837871.wav,fake,la_p4fix,none,g711-8k,g711-8k,na,LA_0020,3.071,16000,test,LA_E_4837871_g711-8k
data/attacks/awgn-snr5/LA_E_4837871.wav,fake,la_p4fix,none,awgn-snr5,snr5,na,LA_0020,3.071,16000,test,LA_E_4837871_awgn-snr5
data/attacks/awgn-snr10/LA_E_4837871.wav,fake,la_p4fix,none,awgn-snr10,snr10,na,LA_0020,3.071,16000,test,LA_E_4837871_awgn-snr10
data/attacks/bandpass-300-3400/LA_E_4837871.wav,fake,la_p4fix,none,bandpass-300-3400,bandpass300-3400,na,LA_0020,3.071,16000,test,LA_E_4837871_bandpass-300-3400
data/attacks/reverb-rt60-0.4/LA_E_4837871.wav,fake,la_p4fix,none,reverb-rt60-0.4,rt60-0.4,na,LA_0020,3.071,16000,test,LA_E_4837871_reverb-rt60-0.4
data/attacks/speed0.9/LA_E_4837871.wav,fake,la_p4fix,none,speed0.9,speed0.9,na,LA_0020,3.412,16000,test,LA_E_4837871_speed0.9
data/attacks/mp3-64k/LA_E_5218586.wav,fake,la_p4fix,none,mp3-64k,mp3-64k,na,LA_0037,2.417,16000,test,LA_E_5218586_mp3-64k
data/attacks/aac-128k/LA_E_5218586.wav,fake,la_p4fix,none,aac-128k,aac-128k,na,LA_0037,2.432,16000,test,LA_E_5218586_aac-128k
data/attacks/opus-32k/LA_E_5218586.wav,fake,la_p4fix,none,opus-32k,opus-32k,na,LA_0037,2.417,16000,test,LA_E_5218586_opus-32k
data/attacks/g711-8k/LA_E_5218586.wav,fake,la_p4fix,none,g711-8k,g711-8k,na,LA_0037,2.417,16000,test,LA_E_5218586_g711-8k
data/attacks/awgn-snr5/LA_E_5218586.wav,fake,la_p4fix,none,awgn-snr5,snr5,na,LA_0037,2.417,16000,test,LA_E_5218586_awgn-snr5
data/attacks/awgn-snr10/LA_E_5218586.wav,fake,la_p4fix,none,awgn-snr10,snr10,na,LA_0037,2.417,16000,test,LA_E_5218586_awgn-snr10
data/attacks/bandpass-300-3400/LA_E_5218586.wav,fake,la_p4fix,none,bandpass-300-3400,bandpass300-3400,na,LA_0037,2.417,16000,test,LA_E_5218586_bandpass-300-3400
data/attacks/reverb-rt60-0.4/LA_E_5218586.wav,fake,la_p4fix,none,reverb-rt60-0.4,rt60-0.4,na,LA_0037,2.417,16000,test,LA_E_5218586_reverb-rt60-0.4
data/attacks/speed0.9/LA_E_5218586.wav,fake,la_p4fix,none,speed0.9,speed0.9,na,LA_0037,2.686,16000,test,LA_E_5218586_speed0.9
data/attacks/mp3-64k/LA_E_1418069.wav,fake,la_p4fix,none,mp3-64k,mp3-64k,na,LA_0043,0.819,16000,test,LA_E_1418069_mp3-64k
data/attacks/aac-128k/LA_E_1418069.wav,fake,la_p4fix,none,aac-128k,aac-128k,na,LA_0043,0.832,16000,test,LA_E_1418069_aac-128k
data/attacks/opus-32k/LA_E_1418069.wav,fake,la_p4fix,none,opus-32k,opus-32k,na,LA_0043,0.819,16000,test,LA_E_1418069_opus-32k
data/attacks/g711-8k/LA_E_1418069.wav,fake,la_p4fix,none,g711-8k,g711-8k,na,LA_0043,0.82,16000,test,LA_E_1418069_g711-8k
data/attacks/awgn-snr5/LA_E_1418069.wav,fake,la_p4fix,none,awgn-snr5,snr5,na,LA_0043,0.819,16000,test,LA_E_1418069_awgn-snr5
data/attacks/awgn-snr10/LA_E_1418069.wav,fake,la_p4fix,none,awgn-snr10,snr10,na,LA_0043,0.819,16000,test,LA_E_1418069_awgn-snr10
data/attacks/bandpass-300-3400/LA_E_1418069.wav,fake,la_p4fix,none,bandpass-300-3400,bandpass300-3400,na,LA_0043,0.819,16000,test,LA_E_1418069_bandpass-300-3400
data/attacks/reverb-rt60-0.4/LA_E_1418069.wav,fake,la_p4fix,none,reverb-rt60-0.4,rt60-0.4,na,LA_0043,0.819,16000,test,LA_E_1418069_reverb-rt60-0.4
data/attacks/speed0.9/LA_E_1418069.wav,fake,la_p4fix,none,speed0.9,speed0.9,na,LA_0043,0.91,16000,test,LA_E_1418069_speed0.9
data/attacks/mp3-64k/LA_E_5535365.wav,fake,la_p4fix,none,mp3-64k,mp3-64k,na,LA_0018,3.473,16000,test,LA_E_5535365_mp3-64k
data/attacks/aac-128k/LA_E_5535365.wav,fake,la_p4fix,none,aac-128k,aac-128k,na,LA_0018,3.52,16000,test,LA_E_5535365_aac-128k
data/attacks/opus-32k/LA_E_5535365.wav,fake,la_p4fix,none,opus-32k,opus-32k,na,LA_0018,3.473,16000,test,LA_E_5535365_opus-32k
data/attacks/g711-8k/LA_E_5535365.wav,fake,la_p4fix,none,g711-8k,g711-8k,na,LA_0018,3.473,16000,test,LA_E_5535365_g711-8k
data/attacks/awgn-snr5/LA_E_5535365.wav,fake,la_p4fix,none,awgn-snr5,snr5,na,LA_0018,3.473,16000,test,LA_E_5535365_awgn-snr5
data/attacks/awgn-snr10/LA_E_5535365.wav,fake,la_p4fix,none,awgn-snr10,snr10,na,LA_0018,3.473,16000,test,LA_E_5535365_awgn-snr10
data/attacks/bandpass-300-3400/LA_E_5535365.wav,fake,la_p4fix,none,bandpass-300-3400,bandpass300-3400,na,LA_0018,3.473,16000,test,LA_E_5535365_bandpass-300-3400
data/attacks/reverb-rt60-0.4/LA_E_5535365.wav,fake,la_p4fix,none,reverb-rt60-0.4,rt60-0.4,na,LA_0018,3.473,16000,test,LA_E_5535365_reverb-rt60-0.4
data/attacks/speed0.9/LA_E_5535365.wav,fake,la_p4fix,none,speed0.9,speed0.9,na,LA_0018,3.859,16000,test,LA_E_5535365_speed0.9
data/attacks/mp3-64k/LA_E_8012022.wav,fake,la_p4fix,none,mp3-64k,mp3-64k,na,LA_0016,3.48,16000,test,LA_E_8012022_mp3-64k
data/attacks/aac-128k/LA_E_8012022.wav,fake,la_p4fix,none,aac-128k,aac-128k,na,LA_0016,3.52,16000,test,LA_E_8012022_aac-128k
data/attacks/opus-32k/LA_E_8012022.wav,fake,la_p4fix,none,opus-32k,opus-32k,na,LA_0016,3.48,16000,test,LA_E_8012022_opus-32k
data/attacks/g711-8k/LA_E_8012022.wav,fake,la_p4fix,none,g711-8k,g711-8k,na,LA_0016,3.48,16000,test,LA_E_8012022_g711-8k
data/attacks/awgn-snr5/LA_E_8012022.wav,fake,la_p4fix,none,awgn-snr5,snr5,na,LA_0016,3.48,16000,test,LA_E_8012022_awgn-snr5
data/attacks/awgn-snr10/LA_E_8012022.wav,fake,la_p4fix,none,awgn-snr10,snr10,na,LA_0016,3.48,16000,test,LA_E_8012022_awgn-snr10
data/attacks/bandpass-300-3400/LA_E_8012022.wav,fake,la_p4fix,none,bandpass-300-3400,bandpass300-3400,na,LA_0016,3.48,16000,test,LA_E_8012022_bandpass-300-3400
data/attacks/reverb-rt60-0.4/LA_E_8012022.wav,fake,la_p4fix,none,reverb-rt60-0.4,rt60-0.4,na,LA_0016,3.48,16000,test,LA_E_8012022_reverb-rt60-0.4
data/attacks/speed0.9/LA_E_8012022.wav,fake,la_p4fix,none,speed0.9,speed0.9,na,LA_0016,3.866,16000,test,LA_E_8012022_speed0.9
data/attacks/mp3-64k/LA_E_9367807.wav,fake,la_p4fix,none,mp3-64k,mp3-64k,na,LA_0022,2.272,16000,test,LA_E_9367807_mp3-64k
data/attacks/aac-128k/LA_E_9367807.wav,fake,la_p4fix,none,aac-128k,aac-128k,na,LA_0022,2.304,16000,test,LA_E_9367807_aac-128k
data/attacks/opus-32k/LA_E_9367807.wav,fake,la_p4fix,none,opus-32k,opus-32k,na,LA_0022,2.272,16000,test,LA_E_9367807_opus-32k
data/attacks/g711-8k/LA_E_9367807.wav,fake,la_p4fix,none,g711-8k,g711-8k,na,LA_0022,2.272,16000,test,LA_E_9367807_g711-8k
data/attacks/awgn-snr5/LA_E_9367807.wav,fake,la_p4fix,none,awgn-snr5,snr5,na,LA_0022,2.272,16000,test,LA_E_9367807_awgn-snr5
data/attacks/awgn-snr10/LA_E_9367807.wav,fake,la_p4fix,none,awgn-snr10,snr10,na,LA_0022,2.272,16000,test,LA_E_9367807_awgn-snr10
data/attacks/bandpass-300-3400/LA_E_9367807.wav,fake,la_p4fix,none,bandpass-300-3400,bandpass300-3400,na,LA_0022,2.272,16000,test,LA_E_9367807_bandpass-300-3400
data/attacks/reverb-rt60-0.4/LA_E_9367807.wav,fake,la_p4fix,none,reverb-rt60-0.4,rt60-0.4,na,LA_0022,2.272,16000,test,LA_E_9367807_reverb-rt60-0.4
data/attacks/speed0.9/LA_E_9367807.wav,fake,la_p4fix,none,speed0.9,speed0.9,na,LA_0022,2.525,16000,test,LA_E_9367807_speed0.9
data/attacks/mp3-64k/LA_E_1013283.wav,fake,la_p4fix,none,mp3-64k,mp3-64k,na,LA_0046,1.868,16000,test,LA_E_1013283_mp3-64k
data/attacks/aac-128k/LA_E_1013283.wav,fake,la_p4fix,none,aac-128k,aac-128k,na,LA_0046,1.92,16000,test,LA_E_1013283_aac-128k
data/attacks/opus-32k/LA_E_1013283.wav,fake,la_p4fix,none,opus-32k,opus-32k,na,LA_0046,1.868,16000,test,LA_E_1013283_opus-32k
data/attacks/g711-8k/LA_E_1013283.wav,fake,la_p4fix,none,g711-8k,g711-8k,na,LA_0046,1.868,16000,test,LA_E_1013283_g711-8k
data/attacks/awgn-snr5/LA_E_1013283.wav,fake,la_p4fix,none,awgn-snr5,snr5,na,LA_0046,1.868,16000,test,LA_E_1013283_awgn-snr5
data/attacks/awgn-snr10/LA_E_1013283.wav,fake,la_p4fix,none,awgn-snr10,snr10,na,LA_0046,1.868,16000,test,LA_E_1013283_awgn-snr10
data/attacks/bandpass-300-3400/LA_E_1013283.wav,fake,la_p4fix,none,bandpass-300-3400,bandpass300-3400,na,LA_0046,1.868,16000,test,LA_E_1013283_bandpass-300-3400
data/attacks/reverb-rt60-0.4/LA_E_1013283.wav,fake,la_p4fix,none,reverb-rt60-0.4,rt60-0.4,na,LA_0046,1.868,16000,test,LA_E_1013283_reverb-rt60-0.4
data/attacks/speed0.9/LA_E_1013283.wav,fake,la_p4fix,none,speed0.9,speed0.9,na,LA_0046,2.076,16000,test,LA_E_1013283_speed0.9
data/attacks/mp3-64k/LA_E_7697189.wav,fake,la_p4fix,none,mp3-64k,mp3-64k,na,LA_0008,2.061,16000,test,LA_E_7697189_mp3-64k
data/attacks/aac-128k/LA_E_7697189.wav,fake,la_p4fix,none,aac-128k,aac-128k,na,LA_0008,2.112,16000,test,LA_E_7697189_aac-128k
data/attacks/opus-32k/LA_E_7697189.wav,fake,la_p4fix,none,opus-32k,opus-32k,na,LA_0008,2.061,16000,test,LA_E_7697189_opus-32k
data/attacks/g711-8k/LA_E_7697189.wav,fake,la_p4fix,none,g711-8k,g711-8k,na,LA_0008,2.061,16000,test,LA_E_7697189_g711-8k
data/attacks/awgn-snr5/LA_E_7697189.wav,fake,la_p4fix,none,awgn-snr5,snr5,na,LA_0008,2.061,16000,test,LA_E_7697189_awgn-snr5
data/attacks/awgn-snr10/LA_E_7697189.wav,fake,la_p4fix,none,awgn-snr10,snr10,na,LA_0008,2.061,16000,test,LA_E_7697189_awgn-snr10
data/attacks/bandpass-300-3400/LA_E_7697189.wav,fake,la_p4fix,none,bandpass-300-3400,bandpass300-3400,na,LA_0008,2.061,16000,test,LA_E_7697189_bandpass-300-3400
data/attacks/reverb-rt60-0.4/LA_E_7697189.wav,fake,la_p4fix,none,reverb-rt60-0.4,rt60-0.4,na,LA_0008,2.061,16000,test,LA_E_7697189_reverb-rt60-0.4
data/attacks/speed0.9/LA_E_7697189.wav,fake,la_p4fix,none,speed0.9,speed0.9,na,LA_0008,2.29,16000,test,LA_E_7697189_speed0.9
data/attacks/mp3-64k/LA_E_3089374.wav,fake,la_p4fix,none,mp3-64k,mp3-64k,na,LA_0028,1.913,16000,test,LA_E_3089374_mp3-64k
data/attacks/aac-128k/LA_E_3089374.wav,fake,la_p4fix,none,aac-128k,aac-128k,na,LA_0028,1.92,16000,test,LA_E_3089374_aac-128k
data/attacks/opus-32k/LA_E_3089374.wav,fake,la_p4fix,none,opus-32k,opus-32k,na,LA_0028,1.913,16000,test,LA_E_3089374_opus-32k
data/attacks/g711-8k/LA_E_3089374.wav,fake,la_p4fix,none,g711-8k,g711-8k,na,LA_0028,1.913,16000,test,LA_E_3089374_g711-8k
data/attacks/awgn-snr5/LA_E_3089374.wav,fake,la_p4fix,none,awgn-snr5,snr5,na,LA_0028,1.913,16000,test,LA_E_3089374_awgn-snr5
data/attacks/awgn-snr10/LA_E_3089374.wav,fake,la_p4fix,none,awgn-snr10,snr10,na,LA_0028,1.913,16000,test,LA_E_3089374_awgn-snr10
data/attacks/bandpass-300-3400/LA_E_3089374.wav,fake,la_p4fix,none,bandpass-300-3400,bandpass300-3400,na,LA_0028,1.913,16000,test,LA_E_3089374_bandpass-300-3400
data/attacks/reverb-rt60-0.4/LA_E_3089374.wav,fake,la_p4fix,none,reverb-rt60-0.4,rt60-0.4,na,LA_0028,1.913,16000,test,LA_E_3089374_reverb-rt60-0.4
data/attacks/speed0.9/LA_E_3089374.wav,fake,la_p4fix,none,speed0.9,speed0.9,na,LA_0028,2.126,16000,test,LA_E_3089374_speed0.9
data/attacks/mp3-64k/LA_E_5836910.wav,fake,la_p4fix,none,mp3-64k,mp3-64k,na,LA_0024,4.755,16000,test,LA_E_5836910_mp3-64k
data/attacks/aac-128k/LA_E_5836910.wav,fake,la_p4fix,none,aac-128k,aac-128k,na,LA_0024,4.8,16000,test,LA_E_5836910_aac-128k
data/attacks/opus-32k/LA_E_5836910.wav,fake,la_p4fix,none,opus-32k,opus-32k,na,LA_0024,4.754,16000,test,LA_E_5836910_opus-32k
data/attacks/g711-8k/LA_E_5836910.wav,fake,la_p4fix,none,g711-8k,g711-8k,na,LA_0024,4.754,16000,test,LA_E_5836910_g711-8k
data/attacks/awgn-snr5/LA_E_5836910.wav,fake,la_p4fix,none,awgn-snr5,snr5,na,LA_0024,4.754,16000,test,LA_E_5836910_awgn-snr5
data/attacks/awgn-snr10/LA_E_5836910.wav,fake,la_p4fix,none,awgn-snr10,snr10,na,LA_0024,4.754,16000,test,LA_E_5836910_awgn-snr10
data/attacks/bandpass-300-3400/LA_E_5836910.wav,fake,la_p4fix,none,bandpass-300-3400,bandpass300-3400,na,LA_0024,4.754,16000,test,LA_E_5836910_bandpass-300-3400
data/attacks/reverb-rt60-0.4/LA_E_5836910.wav,fake,la_p4fix,none,reverb-rt60-0.4,rt60-0.4,na,LA_0024,4.754,16000,test,LA_E_5836910_reverb-rt60-0.4
data/attacks/speed0.9/LA_E_5836910.wav,fake,la_p4fix,none,speed0.9,speed0.9,na,LA_0024,5.282,16000,test,LA_E_5836910_speed0.9
data/attacks/mp3-64k/LA_E_3975328.wav,fake,la_p4fix,none,mp3-64k,mp3-64k,na,LA_0005,1.323,16000,test,LA_E_3975328_mp3-64k
data/attacks/aac-128k/LA_E_3975328.wav,fake,la_p4fix,none,aac-128k,aac-128k,na,LA_0005,1.344,16000,test,LA_E_3975328_aac-128k
data/attacks/opus-32k/LA_E_3975328.wav,fake,la_p4fix,none,opus-32k,opus-32k,na,LA_0005,1.323,16000,test,LA_E_3975328_opus-32k
data/attacks/g711-8k/LA_E_3975328.wav,fake,la_p4fix,none,g711-8k,g711-8k,na,LA_0005,1.323,16000,test,LA_E_3975328_g711-8k
data/attacks/awgn-snr5/LA_E_3975328.wav,fake,la_p4fix,none,awgn-snr5,snr5,na,LA_0005,1.323,16000,test,LA_E_3975328_awgn-snr5
data/attacks/awgn-snr10/LA_E_3975328.wav,fake,la_p4fix,none,awgn-snr10,snr10,na,LA_0005,1.323,16000,test,LA_E_3975328_awgn-snr10
data/attacks/bandpass-300-3400/LA_E_3975328.wav,fake,la_p4fix,none,bandpass-300-3400,bandpass300-3400,na,LA_0005,1.323,16000,test,LA_E_3975328_bandpass-300-3400
data/attacks/reverb-rt60-0.4/LA_E_3975328.wav,fake,la_p4fix,none,reverb-rt60-0.4,rt60-0.4,na,LA_0005,1.323,16000,test,LA_E_3975328_reverb-rt60-0.4
data/attacks/speed0.9/LA_E_3975328.wav,fake,la_p4fix,none,speed0.9,speed0.9,na,LA_0005,1.47,16000,test,LA_E_3975328_speed0.9
data/attacks/mp3-64k/LA_E_6314270.wav,fake,la_p4fix,none,mp3-64k,mp3-64k,na,LA_0026,4.564,16000,test,LA_E_6314270_mp3-64k
data/attacks/aac-128k/LA_E_6314270.wav,fake,la_p4fix,none,aac-128k,aac-128k,na,LA_0026,4.608,16000,test,LA_E_6314270_aac-128k
data/attacks/opus-32k/LA_E_6314270.wav,fake,la_p4fix,none,opus-32k,opus-32k,na,LA_0026,4.564,16000,test,LA_E_6314270_opus-32k
data/attacks/g711-8k/LA_E_6314270.wav,fake,la_p4fix,none,g711-8k,g711-8k,na,LA_0026,4.564,16000,test,LA_E_6314270_g711-8k
data/attacks/awgn-snr5/LA_E_6314270.wav,fake,la_p4fix,none,awgn-snr5,snr5,na,LA_0026,4.564,16000,test,LA_E_6314270_awgn-snr5
data/attacks/awgn-snr10/LA_E_6314270.wav,fake,la_p4fix,none,awgn-snr10,snr10,na,LA_0026,4.564,16000,test,LA_E_6314270_awgn-snr10
data/attacks/bandpass-300-3400/LA_E_6314270.wav,fake,la_p4fix,none,bandpass-300-3400,bandpass300-3400,na,LA_0026,4.564,16000,test,LA_E_6314270_bandpass-300-3400
data/attacks/reverb-rt60-0.4/LA_E_6314270.wav,fake,la_p4fix,none,reverb-rt60-0.4,rt60-0.4,na,LA_0026,4.564,16000,test,LA_E_6314270_reverb-rt60-0.4
data/attacks/speed0.9/LA_E_6314270.wav,fake,la_p4fix,none,speed0.9,speed0.9,na,LA_0026,5.071,16000,test,LA_E_6314270_speed0.9
data/attacks/mp3-64k/LA_E_5716164.wav,fake,la_p4fix,none,mp3-64k,mp3-64k,na,LA_0009,1.933,16000,test,LA_E_5716164_mp3-64k
data/attacks/aac-128k/LA_E_5716164.wav,fake,la_p4fix,none,aac-128k,aac-128k,na,LA_0009,1.984,16000,test,LA_E_5716164_aac-128k
data/attacks/opus-32k/LA_E_5716164.wav,fake,la_p4fix,none,opus-32k,opus-32k,na,LA_0009,1.933,16000,test,LA_E_5716164_opus-32k
data/attacks/g711-8k/LA_E_5716164.wav,fake,la_p4fix,none,g711-8k,g711-8k,na,LA_0009,1.933,16000,test,LA_E_5716164_g711-8k
data/attacks/awgn-snr5/LA_E_5716164.wav,fake,la_p4fix,none,awgn-snr5,snr5,na,LA_0009,1.933,16000,test,LA_E_5716164_awgn-snr5
data/attacks/awgn-snr10/LA_E_5716164.wav,fake,la_p4fix,none,awgn-snr10,snr10,na,LA_0009,1.933,16000,test,LA_E_5716164_awgn-snr10
data/attacks/bandpass-300-3400/LA_E_5716164.wav,fake,la_p4fix,none,bandpass-300-3400,bandpass300-3400,na,LA_0009,1.933,16000,test,LA_E_5716164_bandpass-300-3400
data/attacks/reverb-rt60-0.4/LA_E_5716164.wav,fake,la_p4fix,none,reverb-rt60-0.4,rt60-0.4,na,LA_0009,1.933,16000,test,LA_E_5716164_reverb-rt60-0.4
data/attacks/speed0.9/LA_E_5716164.wav,fake,la_p4fix,none,speed0.9,speed0.9,na,LA_0009,2.147,16000,test,LA_E_5716164_speed0.9
data/attacks/mp3-64k/LA_E_9023948.wav,fake,la_p4fix,none,mp3-64k,mp3-64k,na,LA_0015,3.272,16000,test,LA_E_9023948_mp3-64k
data/attacks/aac-128k/LA_E_9023948.wav,fake,la_p4fix,none,aac-128k,aac-128k,na,LA_0015,3.328,16000,test,LA_E_9023948_aac-128k
data/attacks/opus-32k/LA_E_9023948.wav,fake,la_p4fix,none,opus-32k,opus-32k,na,LA_0015,3.272,16000,test,LA_E_9023948_opus-32k
data/attacks/g711-8k/LA_E_9023948.wav,fake,la_p4fix,none,g711-8k,g711-8k,na,LA_0015,3.272,16000,test,LA_E_9023948_g711-8k
data/attacks/awgn-snr5/LA_E_9023948.wav,fake,la_p4fix,none,awgn-snr5,snr5,na,LA_0015,3.272,16000,test,LA_E_9023948_awgn-snr5
data/attacks/awgn-snr10/LA_E_9023948.wav,fake,la_p4fix,none,awgn-snr10,snr10,na,LA_0015,3.272,16000,test,LA_E_9023948_awgn-snr10
data/attacks/bandpass-300-3400/LA_E_9023948.wav,fake,la_p4fix,none,bandpass-300-3400,bandpass300-3400,na,LA_0015,3.272,16000,test,LA_E_9023948_bandpass-300-3400
data/attacks/reverb-rt60-0.4/LA_E_9023948.wav,fake,la_p4fix,none,reverb-rt60-0.4,rt60-0.4,na,LA_0015,3.272,16000,test,LA_E_9023948_reverb-rt60-0.4
data/attacks/speed0.9/LA_E_9023948.wav,fake,la_p4fix,none,speed0.9,speed0.9,na,LA_0015,3.635,16000,test,LA_E_9023948_speed0.9
data/attacks/mp3-64k/LA_E_4451359.wav,fake,la_p4fix,none,mp3-64k,mp3-64k,na,LA_0001,3.711,16000,test,LA_E_4451359_mp3-64k
data/attacks/aac-128k/LA_E_4451359.wav,fake,la_p4fix,none,aac-128k,aac-128k,na,LA_0001,3.712,16000,test,LA_E_4451359_aac-128k
data/attacks/opus-32k/LA_E_4451359.wav,fake,la_p4fix,none,opus-32k,opus-32k,na,LA_0001,3.711,16000,test,LA_E_4451359_opus-32k
data/attacks/g711-8k/LA_E_4451359.wav,fake,la_p4fix,none,g711-8k,g711-8k,na,LA_0001,3.711,16000,test,LA_E_4451359_g711-8k
data/attacks/awgn-snr5/LA_E_4451359.wav,fake,la_p4fix,none,awgn-snr5,snr5,na,LA_0001,3.711,16000,test,LA_E_4451359_awgn-snr5
data/attacks/awgn-snr10/LA_E_4451359.wav,fake,la_p4fix,none,awgn-snr10,snr10,na,LA_0001,3.711,16000,test,LA_E_4451359_awgn-snr10
data/attacks/bandpass-300-3400/LA_E_4451359.wav,fake,la_p4fix,none,bandpass-300-3400,bandpass300-3400,na,LA_0001,3.711,16000,test,LA_E_4451359_bandpass-300-3400
data/attacks/reverb-rt60-0.4/LA_E_4451359.wav,fake,la_p4fix,none,reverb-rt60-0.4,rt60-0.4,na,LA_0001,3.711,16000,test,LA_E_4451359_reverb-rt60-0.4
data/attacks/speed0.9/LA_E_4451359.wav,fake,la_p4fix,none,speed0.9,speed0.9,na,LA_0001,4.124,16000,test,LA_E_4451359_speed0.9
data/attacks/mp3-64k/LA_E_3134434.wav,fake,la_p4fix,none,mp3-64k,mp3-64k,na,LA_0021,1.412,16000,test,LA_E_3134434_mp3-64k
data/attacks/aac-128k/LA_E_3134434.wav,fake,la_p4fix,none,aac-128k,aac-128k,na,LA_0021,1.472,16000,test,LA_E_3134434_aac-128k
data/attacks/opus-32k/LA_E_3134434.wav,fake,la_p4fix,none,opus-32k,opus-32k,na,LA_0021,1.412,16000,test,LA_E_3134434_opus-32k
data/attacks/g711-8k/LA_E_3134434.wav,fake,la_p4fix,none,g711-8k,g711-8k,na,LA_0021,1.412,16000,test,LA_E_3134434_g711-8k
data/attacks/awgn-snr5/LA_E_3134434.wav,fake,la_p4fix,none,awgn-snr5,snr5,na,LA_0021,1.412,16000,test,LA_E_3134434_awgn-snr5
data/attacks/awgn-snr10/LA_E_3134434.wav,fake,la_p4fix,none,awgn-snr10,snr10,na,LA_0021,1.412,16000,test,LA_E_3134434_awgn-snr10
data/attacks/bandpass-300-3400/LA_E_3134434.wav,fake,la_p4fix,none,bandpass-300-3400,bandpass300-3400,na,LA_0021,1.412,16000,test,LA_E_3134434_bandpass-300-3400
data/attacks/reverb-rt60-0.4/LA_E_3134434.wav,fake,la_p4fix,none,reverb-rt60-0.4,rt60-0.4,na,LA_0021,1.412,16000,test,LA_E_3134434_reverb-rt60-0.4
data/attacks/speed0.9/LA_E_3134434.wav,fake,la_p4fix,none,speed0.9,speed0.9,na,LA_0021,1.569,16000,test,LA_E_3134434_speed0.9
data/attacks/mp3-64k/LA_E_4202470.wav,fake,la_p4fix,none,mp3-64k,mp3-64k,na,LA_0024,4.695,16000,test,LA_E_4202470_mp3-64k
data/attacks/aac-128k/LA_E_4202470.wav,fake,la_p4fix,none,aac-128k,aac-128k,na,LA_0024,4.736,16000,test,LA_E_4202470_aac-128k
data/attacks/opus-32k/LA_E_4202470.wav,fake,la_p4fix,none,opus-32k,opus-32k,na,LA_0024,4.695,16000,test,LA_E_4202470_opus-32k
data/attacks/g711-8k/LA_E_4202470.wav,fake,la_p4fix,none,g711-8k,g711-8k,na,LA_0024,4.695,16000,test,LA_E_4202470_g711-8k
data/attacks/awgn-snr5/LA_E_4202470.wav,fake,la_p4fix,none,awgn-snr5,snr5,na,LA_0024,4.695,16000,test,LA_E_4202470_awgn-snr5
data/attacks/awgn-snr10/LA_E_4202470.wav,fake,la_p4fix,none,awgn-snr10,snr10,na,LA_0024,4.695,16000,test,LA_E_4202470_awgn-snr10
data/attacks/bandpass-300-3400/LA_E_4202470.wav,fake,la_p4fix,none,bandpass-300-3400,bandpass300-3400,na,LA_0024,4.695,16000,test,LA_E_4202470_bandpass-300-3400
data/attacks/reverb-rt60-0.4/LA_E_4202470.wav,fake,la_p4fix,none,reverb-rt60-0.4,rt60-0.4,na,LA_0024,4.695,16000,test,LA_E_4202470_reverb-rt60-0.4
data/attacks/speed0.9/LA_E_4202470.wav,fake,la_p4fix,none,speed0.9,speed0.9,na,LA_0024,5.216,16000,test,LA_E_4202470_speed0.9
data/attacks/mp3-64k/LA_E_2766523.wav,fake,la_p4fix,none,mp3-64k,mp3-64k,na,LA_0039,1.77,16000,test,LA_E_2766523_mp3-64k
data/attacks/aac-128k/LA_E_2766523.wav,fake,la_p4fix,none,aac-128k,aac-128k,na,LA_0039,1.792,16000,test,LA_E_2766523_aac-128k
data/attacks/opus-32k/LA_E_2766523.wav,fake,la_p4fix,none,opus-32k,opus-32k,na,LA_0039,1.77,16000,test,LA_E_2766523_opus-32k
data/attacks/g711-8k/LA_E_2766523.wav,fake,la_p4fix,none,g711-8k,g711-8k,na,LA_0039,1.77,16000,test,LA_E_2766523_g711-8k
data/attacks/awgn-snr5/LA_E_2766523.wav,fake,la_p4fix,none,awgn-snr5,snr5,na,LA_0039,1.77,16000,test,LA_E_2766523_awgn-snr5
data/attacks/awgn-snr10/LA_E_2766523.wav,fake,la_p4fix,none,awgn-snr10,snr10,na,LA_0039,1.77,16000,test,LA_E_2766523_awgn-snr10
data/attacks/bandpass-300-3400/LA_E_2766523.wav,fake,la_p4fix,none,bandpass-300-3400,bandpass300-3400,na,LA_0039,1.77,16000,test,LA_E_2766523_bandpass-300-3400
data/attacks/reverb-rt60-0.4/LA_E_2766523.wav,fake,la_p4fix,none,reverb-rt60-0.4,rt60-0.4,na,LA_0039,1.77,16000,test,LA_E_2766523_reverb-rt60-0.4
data/attacks/speed0.9/LA_E_2766523.wav,fake,la_p4fix,none,speed0.9,speed0.9,na,LA_0039,1.966,16000,test,LA_E_2766523_speed0.9
data/attacks/mp3-64k/LA_E_2633179.wav,fake,la_p4fix,none,mp3-64k,mp3-64k,na,LA_0031,2.434,16000,test,LA_E_2633179_mp3-64k
data/attacks/aac-128k/LA_E_2633179.wav,fake,la_p4fix,none,aac-128k,aac-128k,na,LA_0031,2.496,16000,test,LA_E_2633179_aac-128k
data/attacks/opus-32k/LA_E_2633179.wav,fake,la_p4fix,none,opus-32k,opus-32k,na,LA_0031,2.434,16000,test,LA_E_2633179_opus-32k
data/attacks/g711-8k/LA_E_2633179.wav,fake,la_p4fix,none,g711-8k,g711-8k,na,LA_0031,2.434,16000,test,LA_E_2633179_g711-8k
data/attacks/awgn-snr5/LA_E_2633179.wav,fake,la_p4fix,none,awgn-snr5,snr5,na,LA_0031,2.434,16000,test,LA_E_2633179_awgn-snr5
data/attacks/awgn-snr10/LA_E_2633179.wav,fake,la_p4fix,none,awgn-snr10,snr10,na,LA_0031,2.434,16000,test,LA_E_2633179_awgn-snr10
data/attacks/bandpass-300-3400/LA_E_2633179.wav,fake,la_p4fix,none,bandpass-300-3400,bandpass300-3400,na,LA_0031,2.434,16000,test,LA_E_2633179_bandpass-300-3400
data/attacks/reverb-rt60-0.4/LA_E_2633179.wav,fake,la_p4fix,none,reverb-rt60-0.4,rt60-0.4,na,LA_0031,2.434,16000,test,LA_E_2633179_reverb-rt60-0.4
data/attacks/speed0.9/LA_E_2633179.wav,fake,la_p4fix,none,speed0.9,speed0.9,na,LA_0031,2.705,16000,test,LA_E_2633179_speed0.9
data/attacks/mp3-64k/LA_E_7628812.wav,fake,la_p4fix,none,mp3-64k,mp3-64k,na,LA_0018,1.7,16000,test,LA_E_7628812_mp3-64k
data/attacks/aac-128k/LA_E_7628812.wav,fake,la_p4fix,none,aac-128k,aac-128k,na,LA_0018,1.728,16000,test,LA_E_7628812_aac-128k
data/attacks/opus-32k/LA_E_7628812.wav,fake,la_p4fix,none,opus-32k,opus-32k,na,LA_0018,1.7,16000,test,LA_E_7628812_opus-32k
data/attacks/g711-8k/LA_E_7628812.wav,fake,la_p4fix,none,g711-8k,g711-8k,na,LA_0018,1.7,16000,test,LA_E_7628812_g711-8k
data/attacks/awgn-snr5/LA_E_7628812.wav,fake,la_p4fix,none,awgn-snr5,snr5,na,LA_0018,1.7,16000,test,LA_E_7628812_awgn-snr5
data/attacks/awgn-snr10/LA_E_7628812.wav,fake,la_p4fix,none,awgn-snr10,snr10,na,LA_0018,1.7,16000,test,LA_E_7628812_awgn-snr10
data/attacks/bandpass-300-3400/LA_E_7628812.wav,fake,la_p4fix,none,bandpass-300-3400,bandpass300-3400,na,LA_0018,1.7,16000,test,LA_E_7628812_bandpass-300-3400
data/attacks/reverb-rt60-0.4/LA_E_7628812.wav,fake,la_p4fix,none,reverb-rt60-0.4,rt60-0.4,na,LA_0018,1.7,16000,test,LA_E_7628812_reverb-rt60-0.4
data/attacks/speed0.9/LA_E_7628812.wav,fake,la_p4fix,none,speed0.9,speed0.9,na,LA_0018,1.889,16000,test,LA_E_7628812_speed0.9
data/attacks/mp3-64k/LA_E_5127695.wav,fake,la_p4fix,none,mp3-64k,mp3-64k,na,LA_0025,5.011,16000,test,LA_E_5127695_mp3-64k
data/attacks/aac-128k/LA_E_5127695.wav,fake,la_p4fix,none,aac-128k,aac-128k,na,LA_0025,5.056,16000,test,LA_E_5127695_aac-128k
data/attacks/opus-32k/LA_E_5127695.wav,fake,la_p4fix,none,opus-32k,opus-32k,na,LA_0025,5.011,16000,test,LA_E_5127695_opus-32k
data/attacks/g711-8k/LA_E_5127695.wav,fake,la_p4fix,none,g711-8k,g711-8k,na,LA_0025,5.011,16000,test,LA_E_5127695_g711-8k
data/attacks/awgn-snr5/LA_E_5127695.wav,fake,la_p4fix,none,awgn-snr5,snr5,na,LA_0025,5.011,16000,test,LA_E_5127695_awgn-snr5
data/attacks/awgn-snr10/LA_E_5127695.wav,fake,la_p4fix,none,awgn-snr10,snr10,na,LA_0025,5.011,16000,test,LA_E_5127695_awgn-snr10
data/attacks/bandpass-300-3400/LA_E_5127695.wav,fake,la_p4fix,none,bandpass-300-3400,bandpass300-3400,na,LA_0025,5.011,16000,test,LA_E_5127695_bandpass-300-3400
data/attacks/reverb-rt60-0.4/LA_E_5127695.wav,fake,la_p4fix,none,reverb-rt60-0.4,rt60-0.4,na,LA_0025,5.011,16000,test,LA_E_5127695_reverb-rt60-0.4
data/attacks/speed0.9/LA_E_5127695.wav,fake,la_p4fix,none,speed0.9,speed0.9,na,LA_0025,5.568,16000,test,LA_E_5127695_speed0.9
data/attacks/mp3-64k/LA_E_4990703.wav,fake,la_p4fix,none,mp3-64k,mp3-64k,na,LA_0013,5.096,16000,test,LA_E_4990703_mp3-64k
data/attacks/aac-128k/LA_E_4990703.wav,fake,la_p4fix,none,aac-128k,aac-128k,na,LA_0013,5.12,16000,test,LA_E_4990703_aac-128k
data/attacks/opus-32k/LA_E_4990703.wav,fake,la_p4fix,none,opus-32k,opus-32k,na,LA_0013,5.096,16000,test,LA_E_4990703_opus-32k
data/attacks/g711-8k/LA_E_4990703.wav,fake,la_p4fix,none,g711-8k,g711-8k,na,LA_0013,5.096,16000,test,LA_E_4990703_g711-8k
data/attacks/awgn-snr5/LA_E_4990703.wav,fake,la_p4fix,none,awgn-snr5,snr5,na,LA_0013,5.096,16000,test,LA_E_4990703_awgn-snr5
data/attacks/awgn-snr10/LA_E_4990703.wav,fake,la_p4fix,none,awgn-snr10,snr10,na,LA_0013,5.096,16000,test,LA_E_4990703_awgn-snr10
data/attacks/bandpass-300-3400/LA_E_4990703.wav,fake,la_p4fix,none,bandpass-300-3400,bandpass300-3400,na,LA_0013,5.096,16000,test,LA_E_4990703_bandpass-300-3400
data/attacks/reverb-rt60-0.4/LA_E_4990703.wav,fake,la_p4fix,none,reverb-rt60-0.4,rt60-0.4,na,LA_0013,5.096,16000,test,LA_E_4990703_reverb-rt60-0.4
data/attacks/speed0.9/LA_E_4990703.wav,fake,la_p4fix,none,speed0.9,speed0.9,na,LA_0013,5.662,16000,test,LA_E_4990703_speed0.9
data/attacks/mp3-64k/LA_E_2518291.wav,fake,la_p4fix,none,mp3-64k,mp3-64k,na,LA_0012,6.057,16000,test,LA_E_2518291_mp3-64k
data/attacks/aac-128k/LA_E_2518291.wav,fake,la_p4fix,none,aac-128k,aac-128k,na,LA_0012,6.08,16000,test,LA_E_2518291_aac-128k
data/attacks/opus-32k/LA_E_2518291.wav,fake,la_p4fix,none,opus-32k,opus-32k,na,LA_0012,6.057,16000,test,LA_E_2518291_opus-32k
data/attacks/g711-8k/LA_E_2518291.wav,fake,la_p4fix,none,g711-8k,g711-8k,na,LA_0012,6.057,16000,test,LA_E_2518291_g711-8k
data/attacks/awgn-snr5/LA_E_2518291.wav,fake,la_p4fix,none,awgn-snr5,snr5,na,LA_0012,6.057,16000,test,LA_E_2518291_awgn-snr5
data/attacks/awgn-snr10/LA_E_2518291.wav,fake,la_p4fix,none,awgn-snr10,snr10,na,LA_0012,6.057,16000,test,LA_E_2518291_awgn-snr10
data/attacks/bandpass-300-3400/LA_E_2518291.wav,fake,la_p4fix,none,bandpass-300-3400,bandpass300-3400,na,LA_0012,6.057,16000,test,LA_E_2518291_bandpass-300-3400
data/attacks/reverb-rt60-0.4/LA_E_2518291.wav,fake,la_p4fix,none,reverb-rt60-0.4,rt60-0.4,na,LA_0012,6.057,16000,test,LA_E_2518291_reverb-rt60-0.4
data/attacks/speed0.9/LA_E_2518291.wav,fake,la_p4fix,none,speed0.9,speed0.9,na,LA_0012,6.73,16000,test,LA_E_2518291_speed0.9
data/attacks/mp3-64k/LA_E_7727108.wav,fake,la_p4fix,none,mp3-64k,mp3-64k,na,LA_0025,6.457,16000,test,LA_E_7727108_mp3-64k
data/attacks/aac-128k/LA_E_7727108.wav,fake,la_p4fix,none,aac-128k,aac-128k,na,LA_0025,6.464,16000,test,LA_E_7727108_aac-128k
data/attacks/opus-32k/LA_E_7727108.wav,fake,la_p4fix,none,opus-32k,opus-32k,na,LA_0025,6.457,16000,test,LA_E_7727108_opus-32k
data/attacks/g711-8k/LA_E_7727108.wav,fake,la_p4fix,none,g711-8k,g711-8k,na,LA_0025,6.457,16000,test,LA_E_7727108_g711-8k
data/attacks/awgn-snr5/LA_E_7727108.wav,fake,la_p4fix,none,awgn-snr5,snr5,na,LA_0025,6.457,16000,test,LA_E_7727108_awgn-snr5
data/attacks/awgn-snr10/LA_E_7727108.wav,fake,la_p4fix,none,awgn-snr10,snr10,na,LA_0025,6.457,16000,test,LA_E_7727108_awgn-snr10
data/attacks/bandpass-300-3400/LA_E_7727108.wav,fake,la_p4fix,none,bandpass-300-3400,bandpass300-3400,na,LA_0025,6.457,16000,test,LA_E_7727108_bandpass-300-3400
data/attacks/reverb-rt60-0.4/LA_E_7727108.wav,fake,la_p4fix,none,reverb-rt60-0.4,rt60-0.4,na,LA_0025,6.457,16000,test,LA_E_7727108_reverb-rt60-0.4
data/attacks/speed0.9/LA_E_7727108.wav,fake,la_p4fix,none,speed0.9,speed0.9,na,LA_0025,7.175,16000,test,LA_E_7727108_speed0.9
data/attacks/mp3-64k/LA_E_6959030.wav,fake,la_p4fix,none,mp3-64k,mp3-64k,na,LA_0041,2.541,16000,test,LA_E_6959030_mp3-64k
data/attacks/aac-128k/LA_E_6959030.wav,fake,la_p4fix,none,aac-128k,aac-128k,na,LA_0041,2.56,16000,test,LA_E_6959030_aac-128k
data/attacks/opus-32k/LA_E_6959030.wav,fake,la_p4fix,none,opus-32k,opus-32k,na,LA_0041,2.541,16000,test,LA_E_6959030_opus-32k
data/attacks/g711-8k/LA_E_6959030.wav,fake,la_p4fix,none,g711-8k,g711-8k,na,LA_0041,2.541,16000,test,LA_E_6959030_g711-8k
data/attacks/awgn-snr5/LA_E_6959030.wav,fake,la_p4fix,none,awgn-snr5,snr5,na,LA_0041,2.541,16000,test,LA_E_6959030_awgn-snr5
data/attacks/awgn-snr10/LA_E_6959030.wav,fake,la_p4fix,none,awgn-snr10,snr10,na,LA_0041,2.541,16000,test,LA_E_6959030_awgn-snr10
data/attacks/bandpass-300-3400/LA_E_6959030.wav,fake,la_p4fix,none,bandpass-300-3400,bandpass300-3400,na,LA_0041,2.541,16000,test,LA_E_6959030_bandpass-300-3400
data/attacks/reverb-rt60-0.4/LA_E_6959030.wav,fake,la_p4fix,none,reverb-rt60-0.4,rt60-0.4,na,LA_0041,2.541,16000,test,LA_E_6959030_reverb-rt60-0.4
data/attacks/speed0.9/LA_E_6959030.wav,fake,la_p4fix,none,speed0.9,speed0.9,na,LA_0041,2.823,16000,test,LA_E_6959030_speed0.9
data/attacks/mp3-64k/LA_E_6071807.wav,fake,la_p4fix,none,mp3-64k,mp3-64k,na,LA_0032,1.695,16000,test,LA_E_6071807_mp3-64k
data/attacks/aac-128k/LA_E_6071807.wav,fake,la_p4fix,none,aac-128k,aac-128k,na,LA_0032,1.728,16000,test,LA_E_6071807_aac-128k
data/attacks/opus-32k/LA_E_6071807.wav,fake,la_p4fix,none,opus-32k,opus-32k,na,LA_0032,1.695,16000,test,LA_E_6071807_opus-32k
data/attacks/g711-8k/LA_E_6071807.wav,fake,la_p4fix,none,g711-8k,g711-8k,na,LA_0032,1.695,16000,test,LA_E_6071807_g711-8k
data/attacks/awgn-snr5/LA_E_6071807.wav,fake,la_p4fix,none,awgn-snr5,snr5,na,LA_0032,1.695,16000,test,LA_E_6071807_awgn-snr5
data/attacks/awgn-snr10/LA_E_6071807.wav,fake,la_p4fix,none,awgn-snr10,snr10,na,LA_0032,1.695,16000,test,LA_E_6071807_awgn-snr10
data/attacks/bandpass-300-3400/LA_E_6071807.wav,fake,la_p4fix,none,bandpass-300-3400,bandpass300-3400,na,LA_0032,1.695,16000,test,LA_E_6071807_bandpass-300-3400
data/attacks/reverb-rt60-0.4/LA_E_6071807.wav,fake,la_p4fix,none,reverb-rt60-0.4,rt60-0.4,na,LA_0032,1.695,16000,test,LA_E_6071807_reverb-rt60-0.4
data/attacks/speed0.9/LA_E_6071807.wav,fake,la_p4fix,none,speed0.9,speed0.9,na,LA_0032,1.884,16000,test,LA_E_6071807_speed0.9
data/attacks/mp3-64k/LA_E_7111931.wav,fake,la_p4fix,none,mp3-64k,mp3-64k,na,LA_0027,1.18,16000,test,LA_E_7111931_mp3-64k
data/attacks/aac-128k/LA_E_7111931.wav,fake,la_p4fix,none,aac-128k,aac-128k,na,LA_0027,1.216,16000,test,LA_E_7111931_aac-128k
data/attacks/opus-32k/LA_E_7111931.wav,fake,la_p4fix,none,opus-32k,opus-32k,na,LA_0027,1.18,16000,test,LA_E_7111931_opus-32k
data/attacks/g711-8k/LA_E_7111931.wav,fake,la_p4fix,none,g711-8k,g711-8k,na,LA_0027,1.18,16000,test,LA_E_7111931_g711-8k
data/attacks/awgn-snr5/LA_E_7111931.wav,fake,la_p4fix,none,awgn-snr5,snr5,na,LA_0027,1.18,16000,test,LA_E_7111931_awgn-snr5
data/attacks/awgn-snr10/LA_E_7111931.wav,fake,la_p4fix,none,awgn-snr10,snr10,na,LA_0027,1.18,16000,test,LA_E_7111931_awgn-snr10
data/attacks/bandpass-300-3400/LA_E_7111931.wav,fake,la_p4fix,none,bandpass-300-3400,bandpass300-3400,na,LA_0027,1.18,16000,test,LA_E_7111931_bandpass-300-3400
data/attacks/reverb-rt60-0.4/LA_E_7111931.wav,fake,la_p4fix,none,reverb-rt60-0.4,rt60-0.4,na,LA_0027,1.18,16000,test,LA_E_7111931_reverb-rt60-0.4
data/attacks/speed0.9/LA_E_7111931.wav,fake,la_p4fix,none,speed0.9,speed0.9,na,LA_0027,1.311,16000,test,LA_E_7111931_speed0.9
data/attacks/mp3-64k/LA_E_1268398.wav,fake,la_p4fix,none,mp3-64k,mp3-64k,na,LA_0024,1.78,16000,test,LA_E_1268398_mp3-64k
data/attacks/aac-128k/LA_E_1268398.wav,fake,la_p4fix,none,aac-128k,aac-128k,na,LA_0024,1.792,16000,test,LA_E_1268398_aac-128k
data/attacks/opus-32k/LA_E_1268398.wav,fake,la_p4fix,none,opus-32k,opus-32k,na,LA_0024,1.78,16000,test,LA_E_1268398_opus-32k
data/attacks/g711-8k/LA_E_1268398.wav,fake,la_p4fix,none,g711-8k,g711-8k,na,LA_0024,1.78,16000,test,LA_E_1268398_g711-8k
data/attacks/awgn-snr5/LA_E_1268398.wav,fake,la_p4fix,none,awgn-snr5,snr5,na,LA_0024,1.78,16000,test,LA_E_1268398_awgn-snr5
data/attacks/awgn-snr10/LA_E_1268398.wav,fake,la_p4fix,none,awgn-snr10,snr10,na,LA_0024,1.78,16000,test,LA_E_1268398_awgn-snr10
data/attacks/bandpass-300-3400/LA_E_1268398.wav,fake,la_p4fix,none,bandpass-300-3400,bandpass300-3400,na,LA_0024,1.78,16000,test,LA_E_1268398_bandpass-300-3400
data/attacks/reverb-rt60-0.4/LA_E_1268398.wav,fake,la_p4fix,none,reverb-rt60-0.4,rt60-0.4,na,LA_0024,1.78,16000,test,LA_E_1268398_reverb-rt60-0.4
data/attacks/speed0.9/LA_E_1268398.wav,fake,la_p4fix,none,speed0.9,speed0.9,na,LA_0024,1.978,16000,test,LA_E_1268398_speed0.9
data/attacks/mp3-64k/LA_E_5028718.wav,fake,la_p4fix,none,mp3-64k,mp3-64k,na,LA_0016,1.498,16000,test,LA_E_5028718_mp3-64k
data/attacks/aac-128k/LA_E_5028718.wav,fake,la_p4fix,none,aac-128k,aac-128k,na,LA_0016,1.536,16000,test,LA_E_5028718_aac-128k
data/attacks/opus-32k/LA_E_5028718.wav,fake,la_p4fix,none,opus-32k,opus-32k,na,LA_0016,1.498,16000,test,LA_E_5028718_opus-32k
data/attacks/g711-8k/LA_E_5028718.wav,fake,la_p4fix,none,g711-8k,g711-8k,na,LA_0016,1.498,16000,test,LA_E_5028718_g711-8k
data/attacks/awgn-snr5/LA_E_5028718.wav,fake,la_p4fix,none,awgn-snr5,snr5,na,LA_0016,1.498,16000,test,LA_E_5028718_awgn-snr5
data/attacks/awgn-snr10/LA_E_5028718.wav,fake,la_p4fix,none,awgn-snr10,snr10,na,LA_0016,1.498,16000,test,LA_E_5028718_awgn-snr10
data/attacks/bandpass-300-3400/LA_E_5028718.wav,fake,la_p4fix,none,bandpass-300-3400,bandpass300-3400,na,LA_0016,1.498,16000,test,LA_E_5028718_bandpass-300-3400
data/attacks/reverb-rt60-0.4/LA_E_5028718.wav,fake,la_p4fix,none,reverb-rt60-0.4,rt60-0.4,na,LA_0016,1.498,16000,test,LA_E_5028718_reverb-rt60-0.4
data/attacks/speed0.9/LA_E_5028718.wav,fake,la_p4fix,none,speed0.9,speed0.9,na,LA_0016,1.665,16000,test,LA_E_5028718_speed0.9
data/attacks/mp3-64k/LA_E_7078034.wav,fake,la_p4fix,none,mp3-64k,mp3-64k,na,LA_0048,2.421,16000,test,LA_E_7078034_mp3-64k
data/attacks/aac-128k/LA_E_7078034.wav,fake,la_p4fix,none,aac-128k,aac-128k,na,LA_0048,2.432,16000,test,LA_E_7078034_aac-128k
data/attacks/opus-32k/LA_E_7078034.wav,fake,la_p4fix,none,opus-32k,opus-32k,na,LA_0048,2.421,16000,test,LA_E_7078034_opus-32k
data/attacks/g711-8k/LA_E_7078034.wav,fake,la_p4fix,none,g711-8k,g711-8k,na,LA_0048,2.421,16000,test,LA_E_7078034_g711-8k
data/attacks/awgn-snr5/LA_E_7078034.wav,fake,la_p4fix,none,awgn-snr5,snr5,na,LA_0048,2.421,16000,test,LA_E_7078034_awgn-snr5
data/attacks/awgn-snr10/LA_E_7078034.wav,fake,la_p4fix,none,awgn-snr10,snr10,na,LA_0048,2.421,16000,test,LA_E_7078034_awgn-snr10
data/attacks/bandpass-300-3400/LA_E_7078034.wav,fake,la_p4fix,none,bandpass-300-3400,bandpass300-3400,na,LA_0048,2.421,16000,test,LA_E_7078034_bandpass-300-3400
data/attacks/reverb-rt60-0.4/LA_E_7078034.wav,fake,la_p4fix,none,reverb-rt60-0.4,rt60-0.4,na,LA_0048,2.421,16000,test,LA_E_7078034_reverb-rt60-0.4
data/attacks/speed0.9/LA_E_7078034.wav,fake,la_p4fix,none,speed0.9,speed0.9,na,LA_0048,2.69,16000,test,LA_E_7078034_speed0.9
data/attacks/mp3-64k/LA_E_9960399.wav,fake,la_p4fix,none,mp3-64k,mp3-64k,na,LA_0014,1.94,16000,test,LA_E_9960399_mp3-64k
data/attacks/aac-128k/LA_E_9960399.wav,fake,la_p4fix,none,aac-128k,aac-128k,na,LA_0014,1.984,16000,test,LA_E_9960399_aac-128k
data/attacks/opus-32k/LA_E_9960399.wav,fake,la_p4fix,none,opus-32k,opus-32k,na,LA_0014,1.94,16000,test,LA_E_9960399_opus-32k
data/attacks/g711-8k/LA_E_9960399.wav,fake,la_p4fix,none,g711-8k,g711-8k,na,LA_0014,1.94,16000,test,LA_E_9960399_g711-8k
data/attacks/awgn-snr5/LA_E_9960399.wav,fake,la_p4fix,none,awgn-snr5,snr5,na,LA_0014,1.94,16000,test,LA_E_9960399_awgn-snr5
data/attacks/awgn-snr10/LA_E_9960399.wav,fake,la_p4fix,none,awgn-snr10,snr10,na,LA_0014,1.94,16000,test,LA_E_9960399_awgn-snr10
data/attacks/bandpass-300-3400/LA_E_9960399.wav,fake,la_p4fix,none,bandpass-300-3400,bandpass300-3400,na,LA_0014,1.94,16000,test,LA_E_9960399_bandpass-300-3400
data/attacks/reverb-rt60-0.4/LA_E_9960399.wav,fake,la_p4fix,none,reverb-rt60-0.4,rt60-0.4,na,LA_0014,1.94,16000,test,LA_E_9960399_reverb-rt60-0.4
data/attacks/speed0.9/LA_E_9960399.wav,fake,la_p4fix,none,speed0.9,speed0.9,na,LA_0014,2.156,16000,test,LA_E_9960399_speed0.9
data/attacks/mp3-64k/LA_E_8275337.wav,fake,la_p4fix,none,mp3-64k,mp3-64k,na,LA_0026,2.1,16000,test,LA_E_8275337_mp3-64k
data/attacks/aac-128k/LA_E_8275337.wav,fake,la_p4fix,none,aac-128k,aac-128k,na,LA_0026,2.112,16000,test,LA_E_8275337_aac-128k
data/attacks/opus-32k/LA_E_8275337.wav,fake,la_p4fix,none,opus-32k,opus-32k,na,LA_0026,2.1,16000,test,LA_E_8275337_opus-32k
data/attacks/g711-8k/LA_E_8275337.wav,fake,la_p4fix,none,g711-8k,g711-8k,na,LA_0026,2.1,16000,test,LA_E_8275337_g711-8k
data/attacks/awgn-snr5/LA_E_8275337.wav,fake,la_p4fix,none,awgn-snr5,snr5,na,LA_0026,2.1,16000,test,LA_E_8275337_awgn-snr5
data/attacks/awgn-snr10/LA_E_8275337.wav,fake,la_p4fix,none,awgn-snr10,snr10,na,LA_0026,2.1,16000,test,LA_E_8275337_awgn-snr10
data/attacks/bandpass-300-3400/LA_E_8275337.wav,fake,la_p4fix,none,bandpass-300-3400,bandpass300-3400,na,LA_0026,2.1,16000,test,LA_E_8275337_bandpass-300-3400
data/attacks/reverb-rt60-0.4/LA_E_8275337.wav,fake,la_p4fix,none,reverb-rt60-0.4,rt60-0.4,na,LA_0026,2.1,16000,test,LA_E_8275337_reverb-rt60-0.4
data/attacks/speed0.9/LA_E_8275337.wav,fake,la_p4fix,none,speed0.9,speed0.9,na,LA_0026,2.333,16000,test,LA_E_8275337_speed0.9
data/attacks/mp3-64k/LA_E_2207289.wav,fake,la_p4fix,none,mp3-64k,mp3-64k,na,LA_0015,4.415,16000,test,LA_E_2207289_mp3-64k
data/attacks/aac-128k/LA_E_2207289.wav,fake,la_p4fix,none,aac-128k,aac-128k,na,LA_0015,4.416,16000,test,LA_E_2207289_aac-128k
data/attacks/opus-32k/LA_E_2207289.wav,fake,la_p4fix,none,opus-32k,opus-32k,na,LA_0015,4.415,16000,test,LA_E_2207289_opus-32k
data/attacks/g711-8k/LA_E_2207289.wav,fake,la_p4fix,none,g711-8k,g711-8k,na,LA_0015,4.415,16000,test,LA_E_2207289_g711-8k
data/attacks/awgn-snr5/LA_E_2207289.wav,fake,la_p4fix,none,awgn-snr5,snr5,na,LA_0015,4.415,16000,test,LA_E_2207289_awgn-snr5
data/attacks/awgn-snr10/LA_E_2207289.wav,fake,la_p4fix,none,awgn-snr10,snr10,na,LA_0015,4.415,16000,test,LA_E_2207289_awgn-snr10
data/attacks/bandpass-300-3400/LA_E_2207289.wav,fake,la_p4fix,none,bandpass-300-3400,bandpass300-3400,na,LA_0015,4.415,16000,test,LA_E_2207289_bandpass-300-3400
data/attacks/reverb-rt60-0.4/LA_E_2207289.wav,fake,la_p4fix,none,reverb-rt60-0.4,rt60-0.4,na,LA_0015,4.415,16000,test,LA_E_2207289_reverb-rt60-0.4
data/attacks/speed0.9/LA_E_2207289.wav,fake,la_p4fix,none,speed0.9,speed0.9,na,LA_0015,4.906,16000,test,LA_E_2207289_speed0.9
data/attacks/mp3-64k/LA_E_6304654.wav,fake,la_p4fix,none,mp3-64k,mp3-64k,na,LA_0045,2.379,16000,test,LA_E_6304654_mp3-64k
data/attacks/aac-128k/LA_E_6304654.wav,fake,la_p4fix,none,aac-128k,aac-128k,na,LA_0045,2.432,16000,test,LA_E_6304654_aac-128k
data/attacks/opus-32k/LA_E_6304654.wav,fake,la_p4fix,none,opus-32k,opus-32k,na,LA_0045,2.378,16000,test,LA_E_6304654_opus-32k
data/attacks/g711-8k/LA_E_6304654.wav,fake,la_p4fix,none,g711-8k,g711-8k,na,LA_0045,2.378,16000,test,LA_E_6304654_g711-8k
data/attacks/awgn-snr5/LA_E_6304654.wav,fake,la_p4fix,none,awgn-snr5,snr5,na,LA_0045,2.378,16000,test,LA_E_6304654_awgn-snr5
data/attacks/awgn-snr10/LA_E_6304654.wav,fake,la_p4fix,none,awgn-snr10,snr10,na,LA_0045,2.378,16000,test,LA_E_6304654_awgn-snr10
data/attacks/bandpass-300-3400/LA_E_6304654.wav,fake,la_p4fix,none,bandpass-300-3400,bandpass300-3400,na,LA_0045,2.378,16000,test,LA_E_6304654_bandpass-300-3400
data/attacks/reverb-rt60-0.4/LA_E_6304654.wav,fake,la_p4fix,none,reverb-rt60-0.4,rt60-0.4,na,LA_0045,2.378,16000,test,LA_E_6304654_reverb-rt60-0.4
data/attacks/speed0.9/LA_E_6304654.wav,fake,la_p4fix,none,speed0.9,speed0.9,na,LA_0045,2.643,16000,test,LA_E_6304654_speed0.9
data/attacks/mp3-64k/LA_E_1721353.wav,fake,la_p4fix,none,mp3-64k,mp3-64k,na,LA_0014,2.539,16000,test,LA_E_1721353_mp3-64k
data/attacks/aac-128k/LA_E_1721353.wav,fake,la_p4fix,none,aac-128k,aac-128k,na,LA_0014,2.56,16000,test,LA_E_1721353_aac-128k
data/attacks/opus-32k/LA_E_1721353.wav,fake,la_p4fix,none,opus-32k,opus-32k,na,LA_0014,2.539,16000,test,LA_E_1721353_opus-32k
data/attacks/g711-8k/LA_E_1721353.wav,fake,la_p4fix,none,g711-8k,g711-8k,na,LA_0014,2.539,16000,test,LA_E_1721353_g711-8k
data/attacks/awgn-snr5/LA_E_1721353.wav,fake,la_p4fix,none,awgn-snr5,snr5,na,LA_0014,2.539,16000,test,LA_E_1721353_awgn-snr5
data/attacks/awgn-snr10/LA_E_1721353.wav,fake,la_p4fix,none,awgn-snr10,snr10,na,LA_0014,2.539,16000,test,LA_E_1721353_awgn-snr10
data/attacks/bandpass-300-3400/LA_E_1721353.wav,fake,la_p4fix,none,bandpass-300-3400,bandpass300-3400,na,LA_0014,2.539,16000,test,LA_E_1721353_bandpass-300-3400
data/attacks/reverb-rt60-0.4/LA_E_1721353.wav,fake,la_p4fix,none,reverb-rt60-0.4,rt60-0.4,na,LA_0014,2.539,16000,test,LA_E_1721353_reverb-rt60-0.4
data/attacks/speed0.9/LA_E_1721353.wav,fake,la_p4fix,none,speed0.9,speed0.9,na,LA_0014,2.821,16000,test,LA_E_1721353_speed0.9
data/attacks/mp3-64k/LA_E_1557386.wav,fake,la_p4fix,none,mp3-64k,mp3-64k,na,LA_0017,3.539,16000,test,LA_E_1557386_mp3-64k
data/attacks/aac-128k/LA_E_1557386.wav,fake,la_p4fix,none,aac-128k,aac-128k,na,LA_0017,3.584,16000,test,LA_E_1557386_aac-128k
data/attacks/opus-32k/LA_E_1557386.wav,fake,la_p4fix,none,opus-32k,opus-32k,na,LA_0017,3.539,16000,test,LA_E_1557386_opus-32k
data/attacks/g711-8k/LA_E_1557386.wav,fake,la_p4fix,none,g711-8k,g711-8k,na,LA_0017,3.539,16000,test,LA_E_1557386_g711-8k
data/attacks/awgn-snr5/LA_E_1557386.wav,fake,la_p4fix,none,awgn-snr5,snr5,na,LA_0017,3.539,16000,test,LA_E_1557386_awgn-snr5
data/attacks/awgn-snr10/LA_E_1557386.wav,fake,la_p4fix,none,awgn-snr10,snr10,na,LA_0017,3.539,16000,test,LA_E_1557386_awgn-snr10
data/attacks/bandpass-300-3400/LA_E_1557386.wav,fake,la_p4fix,none,bandpass-300-3400,bandpass300-3400,na,LA_0017,3.539,16000,test,LA_E_1557386_bandpass-300-3400
data/attacks/reverb-rt60-0.4/LA_E_1557386.wav,fake,la_p4fix,none,reverb-rt60-0.4,rt60-0.4,na,LA_0017,3.539,16000,test,LA_E_1557386_reverb-rt60-0.4
data/attacks/speed0.9/LA_E_1557386.wav,fake,la_p4fix,none,speed0.9,speed0.9,na,LA_0017,3.932,16000,test,LA_E_1557386_speed0.9
data/attacks/mp3-64k/LA_E_1539405.wav,fake,la_p4fix,none,mp3-64k,mp3-64k,na,LA_0029,3.897,16000,test,LA_E_1539405_mp3-64k
data/attacks/aac-128k/LA_E_1539405.wav,fake,la_p4fix,none,aac-128k,aac-128k,na,LA_0029,3.904,16000,test,LA_E_1539405_aac-128k
data/attacks/opus-32k/LA_E_1539405.wav,fake,la_p4fix,none,opus-32k,opus-32k,na,LA_0029,3.897,16000,test,LA_E_1539405_opus-32k
data/attacks/g711-8k/LA_E_1539405.wav,fake,la_p4fix,none,g711-8k,g711-8k,na,LA_0029,3.897,16000,test,LA_E_1539405_g711-8k
data/attacks/awgn-snr5/LA_E_1539405.wav,fake,la_p4fix,none,awgn-snr5,snr5,na,LA_0029,3.897,16000,test,LA_E_1539405_awgn-snr5
data/attacks/awgn-snr10/LA_E_1539405.wav,fake,la_p4fix,none,awgn-snr10,snr10,na,LA_0029,3.897,16000,test,LA_E_1539405_awgn-snr10
data/attacks/bandpass-300-3400/LA_E_1539405.wav,fake,la_p4fix,none,bandpass-300-3400,bandpass300-3400,na,LA_0029,3.897,16000,test,LA_E_1539405_bandpass-300-3400
data/attacks/reverb-rt60-0.4/LA_E_1539405.wav,fake,la_p4fix,none,reverb-rt60-0.4,rt60-0.4,na,LA_0029,3.897,16000,test,LA_E_1539405_reverb-rt60-0.4
data/attacks/speed0.9/LA_E_1539405.wav,fake,la_p4fix,none,speed0.9,speed0.9,na,LA_0029,4.33,16000,test,LA_E_1539405_speed0.9
data/attacks/mp3-64k/LA_E_7800602.wav,fake,la_p4fix,none,mp3-64k,mp3-64k,na,LA_0022,3.216,16000,test,LA_E_7800602_mp3-64k
data/attacks/aac-128k/LA_E_7800602.wav,fake,la_p4fix,none,aac-128k,aac-128k,na,LA_0022,3.264,16000,test,LA_E_7800602_aac-128k
data/attacks/opus-32k/LA_E_7800602.wav,fake,la_p4fix,none,opus-32k,opus-32k,na,LA_0022,3.216,16000,test,LA_E_7800602_opus-32k
data/attacks/g711-8k/LA_E_7800602.wav,fake,la_p4fix,none,g711-8k,g711-8k,na,LA_0022,3.216,16000,test,LA_E_7800602_g711-8k
data/attacks/awgn-snr5/LA_E_7800602.wav,fake,la_p4fix,none,awgn-snr5,snr5,na,LA_0022,3.216,16000,test,LA_E_7800602_awgn-snr5
data/attacks/awgn-snr10/LA_E_7800602.wav,fake,la_p4fix,none,awgn-snr10,snr10,na,LA_0022,3.216,16000,test,LA_E_7800602_awgn-snr10
data/attacks/bandpass-300-3400/LA_E_7800602.wav,fake,la_p4fix,none,bandpass-300-3400,bandpass300-3400,na,LA_0022,3.216,16000,test,LA_E_7800602_bandpass-300-3400
data/attacks/reverb-rt60-0.4/LA_E_7800602.wav,fake,la_p4fix,none,reverb-rt60-0.4,rt60-0.4,na,LA_0022,3.216,16000,test,LA_E_7800602_reverb-rt60-0.4
data/attacks/speed0.9/LA_E_7800602.wav,fake,la_p4fix,none,speed0.9,speed0.9,na,LA_0022,3.573,16000,test,LA_E_7800602_speed0.9
data/attacks/mp3-64k/LA_E_8383115.wav,fake,la_p4fix,none,mp3-64k,mp3-64k,na,LA_0027,1.581,16000,test,LA_E_8383115_mp3-64k
data/attacks/aac-128k/LA_E_8383115.wav,fake,la_p4fix,none,aac-128k,aac-128k,na,LA_0027,1.6,16000,test,LA_E_8383115_aac-128k
data/attacks/opus-32k/LA_E_8383115.wav,fake,la_p4fix,none,opus-32k,opus-32k,na,LA_0027,1.581,16000,test,LA_E_8383115_opus-32k
data/attacks/g711-8k/LA_E_8383115.wav,fake,la_p4fix,none,g711-8k,g711-8k,na,LA_0027,1.581,16000,test,LA_E_8383115_g711-8k
data/attacks/awgn-snr5/LA_E_8383115.wav,fake,la_p4fix,none,awgn-snr5,snr5,na,LA_0027,1.581,16000,test,LA_E_8383115_awgn-snr5
data/attacks/awgn-snr10/LA_E_8383115.wav,fake,la_p4fix,none,awgn-snr10,snr10,na,LA_0027,1.581,16000,test,LA_E_8383115_awgn-snr10
data/attacks/bandpass-300-3400/LA_E_8383115.wav,fake,la_p4fix,none,bandpass-300-3400,bandpass300-3400,na,LA_0027,1.581,16000,test,LA_E_8383115_bandpass-300-3400
data/attacks/reverb-rt60-0.4/LA_E_8383115.wav,fake,la_p4fix,none,reverb-rt60-0.4,rt60-0.4,na,LA_0027,1.581,16000,test,LA_E_8383115_reverb-rt60-0.4
data/attacks/speed0.9/LA_E_8383115.wav,fake,la_p4fix,none,speed0.9,speed0.9,na,LA_0027,1.756,16000,test,LA_E_8383115_speed0.9
data/attacks/mp3-64k/LA_E_3412239.wav,fake,la_p4fix,none,mp3-64k,mp3-64k,na,LA_0002,2.495,16000,test,LA_E_3412239_mp3-64k
data/attacks/aac-128k/LA_E_3412239.wav,fake,la_p4fix,none,aac-128k,aac-128k,na,LA_0002,2.496,16000,test,LA_E_3412239_aac-128k
data/attacks/opus-32k/LA_E_3412239.wav,fake,la_p4fix,none,opus-32k,opus-32k,na,LA_0002,2.495,16000,test,LA_E_3412239_opus-32k
data/attacks/g711-8k/LA_E_3412239.wav,fake,la_p4fix,none,g711-8k,g711-8k,na,LA_0002,2.495,16000,test,LA_E_3412239_g711-8k
data/attacks/awgn-snr5/LA_E_3412239.wav,fake,la_p4fix,none,awgn-snr5,snr5,na,LA_0002,2.495,16000,test,LA_E_3412239_awgn-snr5
data/attacks/awgn-snr10/LA_E_3412239.wav,fake,la_p4fix,none,awgn-snr10,snr10,na,LA_0002,2.495,16000,test,LA_E_3412239_awgn-snr10
data/attacks/bandpass-300-3400/LA_E_3412239.wav,fake,la_p4fix,none,bandpass-300-3400,bandpass300-3400,na,LA_0002,2.495,16000,test,LA_E_3412239_bandpass-300-3400
data/attacks/reverb-rt60-0.4/LA_E_3412239.wav,fake,la_p4fix,none,reverb-rt60-0.4,rt60-0.4,na,LA_0002,2.495,16000,test,LA_E_3412239_reverb-rt60-0.4
data/attacks/speed0.9/LA_E_3412239.wav,fake,la_p4fix,none,speed0.9,speed0.9,na,LA_0002,2.773,16000,test,LA_E_3412239_speed0.9
data/attacks/mp3-64k/LA_E_3735818.wav,fake,la_p4fix,none,mp3-64k,mp3-64k,na,LA_0044,3.181,16000,test,LA_E_3735818_mp3-64k
data/attacks/aac-128k/LA_E_3735818.wav,fake,la_p4fix,none,aac-128k,aac-128k,na,LA_0044,3.2,16000,test,LA_E_3735818_aac-128k
data/attacks/opus-32k/LA_E_3735818.wav,fake,la_p4fix,none,opus-32k,opus-32k,na,LA_0044,3.181,16000,test,LA_E_3735818_opus-32k
data/attacks/g711-8k/LA_E_3735818.wav,fake,la_p4fix,none,g711-8k,g711-8k,na,LA_0044,3.181,16000,test,LA_E_3735818_g711-8k
data/attacks/awgn-snr5/LA_E_3735818.wav,fake,la_p4fix,none,awgn-snr5,snr5,na,LA_0044,3.181,16000,test,LA_E_3735818_awgn-snr5
data/attacks/awgn-snr10/LA_E_3735818.wav,fake,la_p4fix,none,awgn-snr10,snr10,na,LA_0044,3.181,16000,test,LA_E_3735818_awgn-snr10
data/attacks/bandpass-300-3400/LA_E_3735818.wav,fake,la_p4fix,none,bandpass-300-3400,bandpass300-3400,na,LA_0044,3.181,16000,test,LA_E_3735818_bandpass-300-3400
data/attacks/reverb-rt60-0.4/LA_E_3735818.wav,fake,la_p4fix,none,reverb-rt60-0.4,rt60-0.4,na,LA_0044,3.181,16000,test,LA_E_3735818_reverb-rt60-0.4
data/attacks/speed0.9/LA_E_3735818.wav,fake,la_p4fix,none,speed0.9,speed0.9,na,LA_0044,3.534,16000,test,LA_E_3735818_speed0.9
data/attacks/mp3-64k/LA_E_9675066.wav,fake,la_p4fix,none,mp3-64k,mp3-64k,na,LA_0045,6.695,16000,test,LA_E_9675066_mp3-64k
data/attacks/aac-128k/LA_E_9675066.wav,fake,la_p4fix,none,aac-128k,aac-128k,na,LA_0045,6.72,16000,test,LA_E_9675066_aac-128k
data/attacks/opus-32k/LA_E_9675066.wav,fake,la_p4fix,none,opus-32k,opus-32k,na,LA_0045,6.695,16000,test,LA_E_9675066_opus-32k
data/attacks/g711-8k/LA_E_9675066.wav,fake,la_p4fix,none,g711-8k,g711-8k,na,LA_0045,6.695,16000,test,LA_E_9675066_g711-8k
data/attacks/awgn-snr5/LA_E_9675066.wav,fake,la_p4fix,none,awgn-snr5,snr5,na,LA_0045,6.695,16000,test,LA_E_9675066_awgn-snr5
data/attacks/awgn-snr10/LA_E_9675066.wav,fake,la_p4fix,none,awgn-snr10,snr10,na,LA_0045,6.695,16000,test,LA_E_9675066_awgn-snr10
data/attacks/bandpass-300-3400/LA_E_9675066.wav,fake,la_p4fix,none,bandpass-300-3400,bandpass300-3400,na,LA_0045,6.695,16000,test,LA_E_9675066_bandpass-300-3400
data/attacks/reverb-rt60-0.4/LA_E_9675066.wav,fake,la_p4fix,none,reverb-rt60-0.4,rt60-0.4,na,LA_0045,6.695,16000,test,LA_E_9675066_reverb-rt60-0.4
data/attacks/speed0.9/LA_E_9675066.wav,fake,la_p4fix,none,speed0.9,speed0.9,na,LA_0045,7.439,16000,test,LA_E_9675066_speed0.9
data/attacks/mp3-64k/LA_E_6545531.wav,fake,la_p4fix,none,mp3-64k,mp3-64k,na,LA_0019,1.659,16000,test,LA_E_6545531_mp3-64k
data/attacks/aac-128k/LA_E_6545531.wav,fake,la_p4fix,none,aac-128k,aac-128k,na,LA_0019,1.664,16000,test,LA_E_6545531_aac-128k
data/attacks/opus-32k/LA_E_6545531.wav,fake,la_p4fix,none,opus-32k,opus-32k,na,LA_0019,1.657,16000,test,LA_E_6545531_opus-32k
data/attacks/g711-8k/LA_E_6545531.wav,fake,la_p4fix,none,g711-8k,g711-8k,na,LA_0019,1.657,16000,test,LA_E_6545531_g711-8k
data/attacks/awgn-snr5/LA_E_6545531.wav,fake,la_p4fix,none,awgn-snr5,snr5,na,LA_0019,1.657,16000,test,LA_E_6545531_awgn-snr5
data/attacks/awgn-snr10/LA_E_6545531.wav,fake,la_p4fix,none,awgn-snr10,snr10,na,LA_0019,1.657,16000,test,LA_E_6545531_awgn-snr10
data/attacks/bandpass-300-3400/LA_E_6545531.wav,fake,la_p4fix,none,bandpass-300-3400,bandpass300-3400,na,LA_0019,1.657,16000,test,LA_E_6545531_bandpass-300-3400
data/attacks/reverb-rt60-0.4/LA_E_6545531.wav,fake,la_p4fix,none,reverb-rt60-0.4,rt60-0.4,na,LA_0019,1.657,16000,test,LA_E_6545531_reverb-rt60-0.4
data/attacks/speed0.9/LA_E_6545531.wav,fake,la_p4fix,none,speed0.9,speed0.9,na,LA_0019,1.841,16000,test,LA_E_6545531_speed0.9
data/attacks/mp3-64k/LA_E_4090564.wav,fake,la_p4fix,none,mp3-64k,mp3-64k,na,LA_0033,1.898,16000,test,LA_E_4090564_mp3-64k
data/attacks/aac-128k/LA_E_4090564.wav,fake,la_p4fix,none,aac-128k,aac-128k,na,LA_0033,1.92,16000,test,LA_E_4090564_aac-128k
data/attacks/opus-32k/LA_E_4090564.wav,fake,la_p4fix,none,opus-32k,opus-32k,na,LA_0033,1.898,16000,test,LA_E_4090564_opus-32k
data/attacks/g711-8k/LA_E_4090564.wav,fake,la_p4fix,none,g711-8k,g711-8k,na,LA_0033,1.898,16000,test,LA_E_4090564_g711-8k
data/attacks/awgn-snr5/LA_E_4090564.wav,fake,la_p4fix,none,awgn-snr5,snr5,na,LA_0033,1.898,16000,test,LA_E_4090564_awgn-snr5
data/attacks/awgn-snr10/LA_E_4090564.wav,fake,la_p4fix,none,awgn-snr10,snr10,na,LA_0033,1.898,16000,test,LA_E_4090564_awgn-snr10
data/attacks/bandpass-300-3400/LA_E_4090564.wav,fake,la_p4fix,none,bandpass-300-3400,bandpass300-3400,na,LA_0033,1.898,16000,test,LA_E_4090564_bandpass-300-3400
data/attacks/reverb-rt60-0.4/LA_E_4090564.wav,fake,la_p4fix,none,reverb-rt60-0.4,rt60-0.4,na,LA_0033,1.898,16000,test,LA_E_4090564_reverb-rt60-0.4
data/attacks/speed0.9/LA_E_4090564.wav,fake,la_p4fix,none,speed0.9,speed0.9,na,LA_0033,2.108,16000,test,LA_E_4090564_speed0.9
data/attacks/mp3-64k/LA_E_7709896.wav,fake,la_p4fix,none,mp3-64k,mp3-64k,na,LA_0015,4.302,16000,test,LA_E_7709896_mp3-64k
data/attacks/aac-128k/LA_E_7709896.wav,fake,la_p4fix,none,aac-128k,aac-128k,na,LA_0015,4.352,16000,test,LA_E_7709896_aac-128k
data/attacks/opus-32k/LA_E_7709896.wav,fake,la_p4fix,none,opus-32k,opus-32k,na,LA_0015,4.302,16000,test,LA_E_7709896_opus-32k
data/attacks/g711-8k/LA_E_7709896.wav,fake,la_p4fix,none,g711-8k,g711-8k,na,LA_0015,4.302,16000,test,LA_E_7709896_g711-8k
data/attacks/awgn-snr5/LA_E_7709896.wav,fake,la_p4fix,none,awgn-snr5,snr5,na,LA_0015,4.302,16000,test,LA_E_7709896_awgn-snr5
data/attacks/awgn-snr10/LA_E_7709896.wav,fake,la_p4fix,none,awgn-snr10,snr10,na,LA_0015,4.302,16000,test,LA_E_7709896_awgn-snr10
data/attacks/bandpass-300-3400/LA_E_7709896.wav,fake,la_p4fix,none,bandpass-300-3400,bandpass300-3400,na,LA_0015,4.302,16000,test,LA_E_7709896_bandpass-300-3400
data/attacks/reverb-rt60-0.4/LA_E_7709896.wav,fake,la_p4fix,none,reverb-rt60-0.4,rt60-0.4,na,LA_0015,4.302,16000,test,LA_E_7709896_reverb-rt60-0.4
data/attacks/speed0.9/LA_E_7709896.wav,fake,la_p4fix,none,speed0.9,speed0.9,na,LA_0015,4.78,16000,test,LA_E_7709896_speed0.9
data/attacks/mp3-64k/LA_E_3746354.wav,fake,la_p4fix,none,mp3-64k,mp3-64k,na,LA_0004,5.376,16000,test,LA_E_3746354_mp3-64k
data/attacks/aac-128k/LA_E_3746354.wav,fake,la_p4fix,none,aac-128k,aac-128k,na,LA_0004,5.376,16000,test,LA_E_3746354_aac-128k
data/attacks/opus-32k/LA_E_3746354.wav,fake,la_p4fix,none,opus-32k,opus-32k,na,LA_0004,5.376,16000,test,LA_E_3746354_opus-32k
data/attacks/g711-8k/LA_E_3746354.wav,fake,la_p4fix,none,g711-8k,g711-8k,na,LA_0004,5.376,16000,test,LA_E_3746354_g711-8k
data/attacks/awgn-snr5/LA_E_3746354.wav,fake,la_p4fix,none,awgn-snr5,snr5,na,LA_0004,5.376,16000,test,LA_E_3746354_awgn-snr5
data/attacks/awgn-snr10/LA_E_3746354.wav,fake,la_p4fix,none,awgn-snr10,snr10,na,LA_0004,5.376,16000,test,LA_E_3746354_awgn-snr10
data/attacks/bandpass-300-3400/LA_E_3746354.wav,fake,la_p4fix,none,bandpass-300-3400,bandpass300-3400,na,LA_0004,5.376,16000,test,LA_E_3746354_bandpass-300-3400
data/attacks/reverb-rt60-0.4/LA_E_3746354.wav,fake,la_p4fix,none,reverb-rt60-0.4,rt60-0.4,na,LA_0004,5.376,16000,test,LA_E_3746354_reverb-rt60-0.4
data/attacks/speed0.9/LA_E_3746354.wav,fake,la_p4fix,none,speed0.9,speed0.9,na,LA_0004,5.973,16000,test,LA_E_3746354_speed0.9
data/attacks/mp3-64k/LA_E_6345178.wav,fake,la_p4fix,none,mp3-64k,mp3-64k,na,LA_0041,4.218,16000,test,LA_E_6345178_mp3-64k
data/attacks/aac-128k/LA_E_6345178.wav,fake,la_p4fix,none,aac-128k,aac-128k,na,LA_0041,4.224,16000,test,LA_E_6345178_aac-128k
data/attacks/opus-32k/LA_E_6345178.wav,fake,la_p4fix,none,opus-32k,opus-32k,na,LA_0041,4.218,16000,test,LA_E_6345178_opus-32k
data/attacks/g711-8k/LA_E_6345178.wav,fake,la_p4fix,none,g711-8k,g711-8k,na,LA_0041,4.218,16000,test,LA_E_6345178_g711-8k
data/attacks/awgn-snr5/LA_E_6345178.wav,fake,la_p4fix,none,awgn-snr5,snr5,na,LA_0041,4.218,16000,test,LA_E_6345178_awgn-snr5
data/attacks/awgn-snr10/LA_E_6345178.wav,fake,la_p4fix,none,awgn-snr10,snr10,na,LA_0041,4.218,16000,test,LA_E_6345178_awgn-snr10
data/attacks/bandpass-300-3400/LA_E_6345178.wav,fake,la_p4fix,none,bandpass-300-3400,bandpass300-3400,na,LA_0041,4.218,16000,test,LA_E_6345178_bandpass-300-3400
data/attacks/reverb-rt60-0.4/LA_E_6345178.wav,fake,la_p4fix,none,reverb-rt60-0.4,rt60-0.4,na,LA_0041,4.218,16000,test,LA_E_6345178_reverb-rt60-0.4
data/attacks/speed0.9/LA_E_6345178.wav,fake,la_p4fix,none,speed0.9,speed0.9,na,LA_0041,4.687,16000,test,LA_E_6345178_speed0.9
data/attacks/mp3-64k/LA_E_3637268.wav,fake,la_p4fix,none,mp3-64k,mp3-64k,na,LA_0021,2.02,16000,test,LA_E_3637268_mp3-64k
data/attacks/aac-128k/LA_E_3637268.wav,fake,la_p4fix,none,aac-128k,aac-128k,na,LA_0021,2.048,16000,test,LA_E_3637268_aac-128k
data/attacks/opus-32k/LA_E_3637268.wav,fake,la_p4fix,none,opus-32k,opus-32k,na,LA_0021,2.02,16000,test,LA_E_3637268_opus-32k
data/attacks/g711-8k/LA_E_3637268.wav,fake,la_p4fix,none,g711-8k,g711-8k,na,LA_0021,2.021,16000,test,LA_E_3637268_g711-8k
data/attacks/awgn-snr5/LA_E_3637268.wav,fake,la_p4fix,none,awgn-snr5,snr5,na,LA_0021,2.02,16000,test,LA_E_3637268_awgn-snr5
data/attacks/awgn-snr10/LA_E_3637268.wav,fake,la_p4fix,none,awgn-snr10,snr10,na,LA_0021,2.02,16000,test,LA_E_3637268_awgn-snr10
data/attacks/bandpass-300-3400/LA_E_3637268.wav,fake,la_p4fix,none,bandpass-300-3400,bandpass300-3400,na,LA_0021,2.02,16000,test,LA_E_3637268_bandpass-300-3400
data/attacks/reverb-rt60-0.4/LA_E_3637268.wav,fake,la_p4fix,none,reverb-rt60-0.4,rt60-0.4,na,LA_0021,2.02,16000,test,LA_E_3637268_reverb-rt60-0.4
data/attacks/speed0.9/LA_E_3637268.wav,fake,la_p4fix,none,speed0.9,speed0.9,na,LA_0021,2.245,16000,test,LA_E_3637268_speed0.9
data/attacks/mp3-64k/LA_E_1465478.wav,fake,la_p4fix,none,mp3-64k,mp3-64k,na,LA_0036,3.343,16000,test,LA_E_1465478_mp3-64k
data/attacks/aac-128k/LA_E_1465478.wav,fake,la_p4fix,none,aac-128k,aac-128k,na,LA_0036,3.392,16000,test,LA_E_1465478_aac-128k
data/attacks/opus-32k/LA_E_1465478.wav,fake,la_p4fix,none,opus-32k,opus-32k,na,LA_0036,3.343,16000,test,LA_E_1465478_opus-32k
data/attacks/g711-8k/LA_E_1465478.wav,fake,la_p4fix,none,g711-8k,g711-8k,na,LA_0036,3.343,16000,test,LA_E_1465478_g711-8k
data/attacks/awgn-snr5/LA_E_1465478.wav,fake,la_p4fix,none,awgn-snr5,snr5,na,LA_0036,3.343,16000,test,LA_E_1465478_awgn-snr5
data/attacks/awgn-snr10/LA_E_1465478.wav,fake,la_p4fix,none,awgn-snr10,snr10,na,LA_0036,3.343,16000,test,LA_E_1465478_awgn-snr10
data/attacks/bandpass-300-3400/LA_E_1465478.wav,fake,la_p4fix,none,bandpass-300-3400,bandpass300-3400,na,LA_0036,3.343,16000,test,LA_E_1465478_bandpass-300-3400
data/attacks/reverb-rt60-0.4/LA_E_1465478.wav,fake,la_p4fix,none,reverb-rt60-0.4,rt60-0.4,na,LA_0036,3.343,16000,test,LA_E_1465478_reverb-rt60-0.4
data/attacks/speed0.9/LA_E_1465478.wav,fake,la_p4fix,none,speed0.9,speed0.9,na,LA_0036,3.714,16000,test,LA_E_1465478_speed0.9
data/attacks/mp3-64k/LA_E_3283491.wav,fake,la_p4fix,none,mp3-64k,mp3-64k,na,LA_0045,2.978,16000,test,LA_E_3283491_mp3-64k
data/attacks/aac-128k/LA_E_3283491.wav,fake,la_p4fix,none,aac-128k,aac-128k,na,LA_0045,3.008,16000,test,LA_E_3283491_aac-128k
data/attacks/opus-32k/LA_E_3283491.wav,fake,la_p4fix,none,opus-32k,opus-32k,na,LA_0045,2.978,16000,test,LA_E_3283491_opus-32k
data/attacks/g711-8k/LA_E_3283491.wav,fake,la_p4fix,none,g711-8k,g711-8k,na,LA_0045,2.978,16000,test,LA_E_3283491_g711-8k
data/attacks/awgn-snr5/LA_E_3283491.wav,fake,la_p4fix,none,awgn-snr5,snr5,na,LA_0045,2.978,16000,test,LA_E_3283491_awgn-snr5
data/attacks/awgn-snr10/LA_E_3283491.wav,fake,la_p4fix,none,awgn-snr10,snr10,na,LA_0045,2.978,16000,test,LA_E_3283491_awgn-snr10
data/attacks/bandpass-300-3400/LA_E_3283491.wav,fake,la_p4fix,none,bandpass-300-3400,bandpass300-3400,na,LA_0045,2.978,16000,test,LA_E_3283491_bandpass-300-3400
data/attacks/reverb-rt60-0.4/LA_E_3283491.wav,fake,la_p4fix,none,reverb-rt60-0.4,rt60-0.4,na,LA_0045,2.978,16000,test,LA_E_3283491_reverb-rt60-0.4
data/attacks/speed0.9/LA_E_3283491.wav,fake,la_p4fix,none,speed0.9,speed0.9,na,LA_0045,3.309,16000,test,LA_E_3283491_speed0.9
data/attacks/mp3-64k/LA_E_1987230.wav,fake,la_p4fix,none,mp3-64k,mp3-64k,na,LA_0031,4.175,16000,test,LA_E_1987230_mp3-64k
data/attacks/aac-128k/LA_E_1987230.wav,fake,la_p4fix,none,aac-128k,aac-128k,na,LA_0031,4.224,16000,test,LA_E_1987230_aac-128k
data/attacks/opus-32k/LA_E_1987230.wav,fake,la_p4fix,none,opus-32k,opus-32k,na,LA_0031,4.175,16000,test,LA_E_1987230_opus-32k
data/attacks/g711-8k/LA_E_1987230.wav,fake,la_p4fix,none,g711-8k,g711-8k,na,LA_0031,4.175,16000,test,LA_E_1987230_g711-8k
data/attacks/awgn-snr5/LA_E_1987230.wav,fake,la_p4fix,none,awgn-snr5,snr5,na,LA_0031,4.175,16000,test,LA_E_1987230_awgn-snr5
data/attacks/awgn-snr10/LA_E_1987230.wav,fake,la_p4fix,none,awgn-snr10,snr10,na,LA_0031,4.175,16000,test,LA_E_1987230_awgn-snr10
data/attacks/bandpass-300-3400/LA_E_1987230.wav,fake,la_p4fix,none,bandpass-300-3400,bandpass300-3400,na,LA_0031,4.175,16000,test,LA_E_1987230_bandpass-300-3400
data/attacks/reverb-rt60-0.4/LA_E_1987230.wav,fake,la_p4fix,none,reverb-rt60-0.4,rt60-0.4,na,LA_0031,4.175,16000,test,LA_E_1987230_reverb-rt60-0.4
data/attacks/speed0.9/LA_E_1987230.wav,fake,la_p4fix,none,speed0.9,speed0.9,na,LA_0031,4.639,16000,test,LA_E_1987230_speed0.9
data/attacks/mp3-64k/LA_E_7019192.wav,fake,la_p4fix,none,mp3-64k,mp3-64k,na,LA_0007,2.815,16000,test,LA_E_7019192_mp3-64k
data/attacks/aac-128k/LA_E_7019192.wav,fake,la_p4fix,none,aac-128k,aac-128k,na,LA_0007,2.816,16000,test,LA_E_7019192_aac-128k
data/attacks/opus-32k/LA_E_7019192.wav,fake,la_p4fix,none,opus-32k,opus-32k,na,LA_0007,2.815,16000,test,LA_E_7019192_opus-32k
data/attacks/g711-8k/LA_E_7019192.wav,fake,la_p4fix,none,g711-8k,g711-8k,na,LA_0007,2.815,16000,test,LA_E_7019192_g711-8k
data/attacks/awgn-snr5/LA_E_7019192.wav,fake,la_p4fix,none,awgn-snr5,snr5,na,LA_0007,2.815,16000,test,LA_E_7019192_awgn-snr5
data/attacks/awgn-snr10/LA_E_7019192.wav,fake,la_p4fix,none,awgn-snr10,snr10,na,LA_0007,2.815,16000,test,LA_E_7019192_awgn-snr10
data/attacks/bandpass-300-3400/LA_E_7019192.wav,fake,la_p4fix,none,bandpass-300-3400,bandpass300-3400,na,LA_0007,2.815,16000,test,LA_E_7019192_bandpass-300-3400
data/attacks/reverb-rt60-0.4/LA_E_7019192.wav,fake,la_p4fix,none,reverb-rt60-0.4,rt60-0.4,na,LA_0007,2.815,16000,test,LA_E_7019192_reverb-rt60-0.4
data/attacks/speed0.9/LA_E_7019192.wav,fake,la_p4fix,none,speed0.9,speed0.9,na,LA_0007,3.128,16000,test,LA_E_7019192_speed0.9
data/attacks/mp3-64k/LA_E_3965387.wav,fake,la_p4fix,none,mp3-64k,mp3-64k,na,LA_0006,3.416,16000,test,LA_E_3965387_mp3-64k
data/attacks/aac-128k/LA_E_3965387.wav,fake,la_p4fix,none,aac-128k,aac-128k,na,LA_0006,3.456,16000,test,LA_E_3965387_aac-128k
data/attacks/opus-32k/LA_E_3965387.wav,fake,la_p4fix,none,opus-32k,opus-32k,na,LA_0006,3.416,16000,test,LA_E_3965387_opus-32k
data/attacks/g711-8k/LA_E_3965387.wav,fake,la_p4fix,none,g711-8k,g711-8k,na,LA_0006,3.416,16000,test,LA_E_3965387_g711-8k
data/attacks/awgn-snr5/LA_E_3965387.wav,fake,la_p4fix,none,awgn-snr5,snr5,na,LA_0006,3.416,16000,test,LA_E_3965387_awgn-snr5
data/attacks/awgn-snr10/LA_E_3965387.wav,fake,la_p4fix,none,awgn-snr10,snr10,na,LA_0006,3.416,16000,test,LA_E_3965387_awgn-snr10
data/attacks/bandpass-300-3400/LA_E_3965387.wav,fake,la_p4fix,none,bandpass-300-3400,bandpass300-3400,na,LA_0006,3.416,16000,test,LA_E_3965387_bandpass-300-3400
data/attacks/reverb-rt60-0.4/LA_E_3965387.wav,fake,la_p4fix,none,reverb-rt60-0.4,rt60-0.4,na,LA_0006,3.416,16000,test,LA_E_3965387_reverb-rt60-0.4
data/attacks/speed0.9/LA_E_3965387.wav,fake,la_p4fix,none,speed0.9,speed0.9,na,LA_0006,3.796,16000,test,LA_E_3965387_speed0.9
data/attacks/mp3-64k/LA_E_1735006.wav,fake,la_p4fix,none,mp3-64k,mp3-64k,na,LA_0033,1.814,16000,test,LA_E_1735006_mp3-64k
data/attacks/aac-128k/LA_E_1735006.wav,fake,la_p4fix,none,aac-128k,aac-128k,na,LA_0033,1.856,16000,test,LA_E_1735006_aac-128k
data/attacks/opus-32k/LA_E_1735006.wav,fake,la_p4fix,none,opus-32k,opus-32k,na,LA_0033,1.814,16000,test,LA_E_1735006_opus-32k
data/attacks/g711-8k/LA_E_1735006.wav,fake,la_p4fix,none,g711-8k,g711-8k,na,LA_0033,1.814,16000,test,LA_E_1735006_g711-8k
data/attacks/awgn-snr5/LA_E_1735006.wav,fake,la_p4fix,none,awgn-snr5,snr5,na,LA_0033,1.814,16000,test,LA_E_1735006_awgn-snr5
data/attacks/awgn-snr10/LA_E_1735006.wav,fake,la_p4fix,none,awgn-snr10,snr10,na,LA_0033,1.814,16000,test,LA_E_1735006_awgn-snr10
data/attacks/bandpass-300-3400/LA_E_1735006.wav,fake,la_p4fix,none,bandpass-300-3400,bandpass300-3400,na,LA_0033,1.814,16000,test,LA_E_1735006_bandpass-300-3400
data/attacks/reverb-rt60-0.4/LA_E_1735006.wav,fake,la_p4fix,none,reverb-rt60-0.4,rt60-0.4,na,LA_0033,1.814,16000,test,LA_E_1735006_reverb-rt60-0.4
data/attacks/speed0.9/LA_E_1735006.wav,fake,la_p4fix,none,speed0.9,speed0.9,na,LA_0033,2.015,16000,test,LA_E_1735006_speed0.9
data/attacks/mp3-64k/LA_E_2674212.wav,fake,la_p4fix,none,mp3-64k,mp3-64k,na,LA_0046,2.299,16000,test,LA_E_2674212_mp3-64k
data/attacks/aac-128k/LA_E_2674212.wav,fake,la_p4fix,none,aac-128k,aac-128k,na,LA_0046,2.304,16000,test,LA_E_2674212_aac-128k
data/attacks/opus-32k/LA_E_2674212.wav,fake,la_p4fix,none,opus-32k,opus-32k,na,LA_0046,2.299,16000,test,LA_E_2674212_opus-32k
data/attacks/g711-8k/LA_E_2674212.wav,fake,la_p4fix,none,g711-8k,g711-8k,na,LA_0046,2.299,16000,test,LA_E_2674212_g711-8k
data/attacks/awgn-snr5/LA_E_2674212.wav,fake,la_p4fix,none,awgn-snr5,snr5,na,LA_0046,2.299,16000,test,LA_E_2674212_awgn-snr5
data/attacks/awgn-snr10/LA_E_2674212.wav,fake,la_p4fix,none,awgn-snr10,snr10,na,LA_0046,2.299,16000,test,LA_E_2674212_awgn-snr10
data/attacks/bandpass-300-3400/LA_E_2674212.wav,fake,la_p4fix,none,bandpass-300-3400,bandpass300-3400,na,LA_0046,2.299,16000,test,LA_E_2674212_bandpass-300-3400
data/attacks/reverb-rt60-0.4/LA_E_2674212.wav,fake,la_p4fix,none,reverb-rt60-0.4,rt60-0.4,na,LA_0046,2.299,16000,test,LA_E_2674212_reverb-rt60-0.4
data/attacks/speed0.9/LA_E_2674212.wav,fake,la_p4fix,none,speed0.9,speed0.9,na,LA_0046,2.554,16000,test,LA_E_2674212_speed0.9
data/attacks/mp3-64k/LA_E_6062314.wav,fake,la_p4fix,none,mp3-64k,mp3-64k,na,LA_0035,2.739,16000,test,LA_E_6062314_mp3-64k
data/attacks/aac-128k/LA_E_6062314.wav,fake,la_p4fix,none,aac-128k,aac-128k,na,LA_0035,2.752,16000,test,LA_E_6062314_aac-128k
data/attacks/opus-32k/LA_E_6062314.wav,fake,la_p4fix,none,opus-32k,opus-32k,na,LA_0035,2.739,16000,test,LA_E_6062314_opus-32k
data/attacks/g711-8k/LA_E_6062314.wav,fake,la_p4fix,none,g711-8k,g711-8k,na,LA_0035,2.739,16000,test,LA_E_6062314_g711-8k
data/attacks/awgn-snr5/LA_E_6062314.wav,fake,la_p4fix,none,awgn-snr5,snr5,na,LA_0035,2.739,16000,test,LA_E_6062314_awgn-snr5
data/attacks/awgn-snr10/LA_E_6062314.wav,fake,la_p4fix,none,awgn-snr10,snr10,na,LA_0035,2.739,16000,test,LA_E_6062314_awgn-snr10
data/attacks/bandpass-300-3400/LA_E_6062314.wav,fake,la_p4fix,none,bandpass-300-3400,bandpass300-3400,na,LA_0035,2.739,16000,test,LA_E_6062314_bandpass-300-3400
data/attacks/reverb-rt60-0.4/LA_E_6062314.wav,fake,la_p4fix,none,reverb-rt60-0.4,rt60-0.4,na,LA_0035,2.739,16000,test,LA_E_6062314_reverb-rt60-0.4
data/attacks/speed0.9/LA_E_6062314.wav,fake,la_p4fix,none,speed0.9,speed0.9,na,LA_0035,3.044,16000,test,LA_E_6062314_speed0.9
data/attacks/mp3-64k/LA_E_6081941.wav,fake,la_p4fix,none,mp3-64k,mp3-64k,na,LA_0008,2.379,16000,test,LA_E_6081941_mp3-64k
data/attacks/aac-128k/LA_E_6081941.wav,fake,la_p4fix,none,aac-128k,aac-128k,na,LA_0008,2.432,16000,test,LA_E_6081941_aac-128k
data/attacks/opus-32k/LA_E_6081941.wav,fake,la_p4fix,none,opus-32k,opus-32k,na,LA_0008,2.378,16000,test,LA_E_6081941_opus-32k
data/attacks/g711-8k/LA_E_6081941.wav,fake,la_p4fix,none,g711-8k,g711-8k,na,LA_0008,2.378,16000,test,LA_E_6081941_g711-8k
data/attacks/awgn-snr5/LA_E_6081941.wav,fake,la_p4fix,none,awgn-snr5,snr5,na,LA_0008,2.378,16000,test,LA_E_6081941_awgn-snr5
data/attacks/awgn-snr10/LA_E_6081941.wav,fake,la_p4fix,none,awgn-snr10,snr10,na,LA_0008,2.378,16000,test,LA_E_6081941_awgn-snr10
data/attacks/bandpass-300-3400/LA_E_6081941.wav,fake,la_p4fix,none,bandpass-300-3400,bandpass300-3400,na,LA_0008,2.378,16000,test,LA_E_6081941_bandpass-300-3400
data/attacks/reverb-rt60-0.4/LA_E_6081941.wav,fake,la_p4fix,none,reverb-rt60-0.4,rt60-0.4,na,LA_0008,2.378,16000,test,LA_E_6081941_reverb-rt60-0.4
data/attacks/speed0.9/LA_E_6081941.wav,fake,la_p4fix,none,speed0.9,speed0.9,na,LA_0008,2.642,16000,test,LA_E_6081941_speed0.9
data/attacks/mp3-64k/LA_E_5131904.wav,fake,la_p4fix,none,mp3-64k,mp3-64k,na,LA_0026,3.54,16000,test,LA_E_5131904_mp3-64k
data/attacks/aac-128k/LA_E_5131904.wav,fake,la_p4fix,none,aac-128k,aac-128k,na,LA_0026,3.584,16000,test,LA_E_5131904_aac-128k
data/attacks/opus-32k/LA_E_5131904.wav,fake,la_p4fix,none,opus-32k,opus-32k,na,LA_0026,3.54,16000,test,LA_E_5131904_opus-32k
data/attacks/g711-8k/LA_E_5131904.wav,fake,la_p4fix,none,g711-8k,g711-8k,na,LA_0026,3.54,16000,test,LA_E_5131904_g711-8k
data/attacks/awgn-snr5/LA_E_5131904.wav,fake,la_p4fix,none,awgn-snr5,snr5,na,LA_0026,3.54,16000,test,LA_E_5131904_awgn-snr5
data/attacks/awgn-snr10/LA_E_5131904.wav,fake,la_p4fix,none,awgn-snr10,snr10,na,LA_0026,3.54,16000,test,LA_E_5131904_awgn-snr10
data/attacks/bandpass-300-3400/LA_E_5131904.wav,fake,la_p4fix,none,bandpass-300-3400,bandpass300-3400,na,LA_0026,3.54,16000,test,LA_E_5131904_bandpass-300-3400
data/attacks/reverb-rt60-0.4/LA_E_5131904.wav,fake,la_p4fix,none,reverb-rt60-0.4,rt60-0.4,na,LA_0026,3.54,16000,test,LA_E_5131904_reverb-rt60-0.4
data/attacks/speed0.9/LA_E_5131904.wav,fake,la_p4fix,none,speed0.9,speed0.9,na,LA_0026,3.933,16000,test,LA_E_5131904_speed0.9
data/attacks/mp3-64k/LA_E_5116620.wav,fake,la_p4fix,none,mp3-64k,mp3-64k,na,LA_0014,2.778,16000,test,LA_E_5116620_mp3-64k
data/attacks/aac-128k/LA_E_5116620.wav,fake,la_p4fix,none,aac-128k,aac-128k,na,LA_0014,2.816,16000,test,LA_E_5116620_aac-128k
data/attacks/opus-32k/LA_E_5116620.wav,fake,la_p4fix,none,opus-32k,opus-32k,na,LA_0014,2.778,16000,test,LA_E_5116620_opus-32k
data/attacks/g711-8k/LA_E_5116620.wav,fake,la_p4fix,none,g711-8k,g711-8k,na,LA_0014,2.778,16000,test,LA_E_5116620_g711-8k
data/attacks/awgn-snr5/LA_E_5116620.wav,fake,la_p4fix,none,awgn-snr5,snr5,na,LA_0014,2.778,16000,test,LA_E_5116620_awgn-snr5
data/attacks/awgn-snr10/LA_E_5116620.wav,fake,la_p4fix,none,awgn-snr10,snr10,na,LA_0014,2.778,16000,test,LA_E_5116620_awgn-snr10
data/attacks/bandpass-300-3400/LA_E_5116620.wav,fake,la_p4fix,none,bandpass-300-3400,bandpass300-3400,na,LA_0014,2.778,16000,test,LA_E_5116620_bandpass-300-3400
data/attacks/reverb-rt60-0.4/LA_E_5116620.wav,fake,la_p4fix,none,reverb-rt60-0.4,rt60-0.4,na,LA_0014,2.778,16000,test,LA_E_5116620_reverb-rt60-0.4
data/attacks/speed0.9/LA_E_5116620.wav,fake,la_p4fix,none,speed0.9,speed0.9,na,LA_0014,3.087,16000,test,LA_E_5116620_speed0.9
data/attacks/mp3-64k/LA_E_5751969.wav,fake,la_p4fix,none,mp3-64k,mp3-64k,na,LA_0018,1.577,16000,test,LA_E_5751969_mp3-64k
data/attacks/aac-128k/LA_E_5751969.wav,fake,la_p4fix,none,aac-128k,aac-128k,na,LA_0018,1.6,16000,test,LA_E_5751969_aac-128k
data/attacks/opus-32k/LA_E_5751969.wav,fake,la_p4fix,none,opus-32k,opus-32k,na,LA_0018,1.577,16000,test,LA_E_5751969_opus-32k
data/attacks/g711-8k/LA_E_5751969.wav,fake,la_p4fix,none,g711-8k,g711-8k,na,LA_0018,1.577,16000,test,LA_E_5751969_g711-8k
data/attacks/awgn-snr5/LA_E_5751969.wav,fake,la_p4fix,none,awgn-snr5,snr5,na,LA_0018,1.577,16000,test,LA_E_5751969_awgn-snr5
data/attacks/awgn-snr10/LA_E_5751969.wav,fake,la_p4fix,none,awgn-snr10,snr10,na,LA_0018,1.577,16000,test,LA_E_5751969_awgn-snr10
data/attacks/bandpass-300-3400/LA_E_5751969.wav,fake,la_p4fix,none,bandpass-300-3400,bandpass300-3400,na,LA_0018,1.577,16000,test,LA_E_5751969_bandpass-300-3400
data/attacks/reverb-rt60-0.4/LA_E_5751969.wav,fake,la_p4fix,none,reverb-rt60-0.4,rt60-0.4,na,LA_0018,1.577,16000,test,LA_E_5751969_reverb-rt60-0.4
data/attacks/speed0.9/LA_E_5751969.wav,fake,la_p4fix,none,speed0.9,speed0.9,na,LA_0018,1.752,16000,test,LA_E_5751969_speed0.9
data/attacks/mp3-64k/LA_E_5455160.wav,fake,la_p4fix,none,mp3-64k,mp3-64k,na,LA_0009,2.5,16000,test,LA_E_5455160_mp3-64k
data/attacks/aac-128k/LA_E_5455160.wav,fake,la_p4fix,none,aac-128k,aac-128k,na,LA_0009,2.56,16000,test,LA_E_5455160_aac-128k
data/attacks/opus-32k/LA_E_5455160.wav,fake,la_p4fix,none,opus-32k,opus-32k,na,LA_0009,2.5,16000,test,LA_E_5455160_opus-32k
data/attacks/g711-8k/LA_E_5455160.wav,fake,la_p4fix,none,g711-8k,g711-8k,na,LA_0009,2.5,16000,test,LA_E_5455160_g711-8k
data/attacks/awgn-snr5/LA_E_5455160.wav,fake,la_p4fix,none,awgn-snr5,snr5,na,LA_0009,2.5,16000,test,LA_E_5455160_awgn-snr5
data/attacks/awgn-snr10/LA_E_5455160.wav,fake,la_p4fix,none,awgn-snr10,snr10,na,LA_0009,2.5,16000,test,LA_E_5455160_awgn-snr10
data/attacks/bandpass-300-3400/LA_E_5455160.wav,fake,la_p4fix,none,bandpass-300-3400,bandpass300-3400,na,LA_0009,2.5,16000,test,LA_E_5455160_bandpass-300-3400
data/attacks/reverb-rt60-0.4/LA_E_5455160.wav,fake,la_p4fix,none,reverb-rt60-0.4,rt60-0.4,na,LA_0009,2.5,16000,test,LA_E_5455160_reverb-rt60-0.4
data/attacks/speed0.9/LA_E_5455160.wav,fake,la_p4fix,none,speed0.9,speed0.9,na,LA_0009,2.778,16000,test,LA_E_5455160_speed0.9
data/attacks/mp3-64k/LA_E_1227963.wav,fake,la_p4fix,none,mp3-64k,mp3-64k,na,LA_0002,2.458,16000,test,LA_E_1227963_mp3-64k
data/attacks/aac-128k/LA_E_1227963.wav,fake,la_p4fix,none,aac-128k,aac-128k,na,LA_0002,2.496,16000,test,LA_E_1227963_aac-128k
data/attacks/opus-32k/LA_E_1227963.wav,fake,la_p4fix,none,opus-32k,opus-32k,na,LA_0002,2.458,16000,test,LA_E_1227963_opus-32k
data/attacks/g711-8k/LA_E_1227963.wav,fake,la_p4fix,none,g711-8k,g711-8k,na,LA_0002,2.458,16000,test,LA_E_1227963_g711-8k
data/attacks/awgn-snr5/LA_E_1227963.wav,fake,la_p4fix,none,awgn-snr5,snr5,na,LA_0002,2.458,16000,test,LA_E_1227963_awgn-snr5
data/attacks/awgn-snr10/LA_E_1227963.wav,fake,la_p4fix,none,awgn-snr10,snr10,na,LA_0002,2.458,16000,test,LA_E_1227963_awgn-snr10
data/attacks/bandpass-300-3400/LA_E_1227963.wav,fake,la_p4fix,none,bandpass-300-3400,bandpass300-3400,na,LA_0002,2.458,16000,test,LA_E_1227963_bandpass-300-3400
data/attacks/reverb-rt60-0.4/LA_E_1227963.wav,fake,la_p4fix,none,reverb-rt60-0.4,rt60-0.4,na,LA_0002,2.458,16000,test,LA_E_1227963_reverb-rt60-0.4
data/attacks/speed0.9/LA_E_1227963.wav,fake,la_p4fix,none,speed0.9,speed0.9,na,LA_0002,2.731,16000,test,LA_E_1227963_speed0.9
data/attacks/mp3-64k/LA_E_6144947.wav,fake,la_p4fix,none,mp3-64k,mp3-64k,na,LA_0044,1.894,16000,test,LA_E_6144947_mp3-64k
data/attacks/aac-128k/LA_E_6144947.wav,fake,la_p4fix,none,aac-128k,aac-128k,na,LA_0044,1.92,16000,test,LA_E_6144947_aac-128k
data/attacks/opus-32k/LA_E_6144947.wav,fake,la_p4fix,none,opus-32k,opus-32k,na,LA_0044,1.894,16000,test,LA_E_6144947_opus-32k
data/attacks/g711-8k/LA_E_6144947.wav,fake,la_p4fix,none,g711-8k,g711-8k,na,LA_0044,1.894,16000,test,LA_E_6144947_g711-8k
data/attacks/awgn-snr5/LA_E_6144947.wav,fake,la_p4fix,none,awgn-snr5,snr5,na,LA_0044,1.894,16000,test,LA_E_6144947_awgn-snr5
data/attacks/awgn-snr10/LA_E_6144947.wav,fake,la_p4fix,none,awgn-snr10,snr10,na,LA_0044,1.894,16000,test,LA_E_6144947_awgn-snr10
data/attacks/bandpass-300-3400/LA_E_6144947.wav,fake,la_p4fix,none,bandpass-300-3400,bandpass300-3400,na,LA_0044,1.894,16000,test,LA_E_6144947_bandpass-300-3400
data/attacks/reverb-rt60-0.4/LA_E_6144947.wav,fake,la_p4fix,none,reverb-rt60-0.4,rt60-0.4,na,LA_0044,1.894,16000,test,LA_E_6144947_reverb-rt60-0.4
data/attacks/speed0.9/LA_E_6144947.wav,fake,la_p4fix,none,speed0.9,speed0.9,na,LA_0044,2.105,16000,test,LA_E_6144947_speed0.9
data/attacks/mp3-64k/LA_E_8680650.wav,fake,la_p4fix,none,mp3-64k,mp3-64k,na,LA_0018,3.735,16000,test,LA_E_8680650_mp3-64k
data/attacks/aac-128k/LA_E_8680650.wav,fake,la_p4fix,none,aac-128k,aac-128k,na,LA_0018,3.776,16000,test,LA_E_8680650_aac-128k
data/attacks/opus-32k/LA_E_8680650.wav,fake,la_p4fix,none,opus-32k,opus-32k,na,LA_0018,3.735,16000,test,LA_E_8680650_opus-32k
data/attacks/g711-8k/LA_E_8680650.wav,fake,la_p4fix,none,g711-8k,g711-8k,na,LA_0018,3.735,16000,test,LA_E_8680650_g711-8k
data/attacks/awgn-snr5/LA_E_8680650.wav,fake,la_p4fix,none,awgn-snr5,snr5,na,LA_0018,3.735,16000,test,LA_E_8680650_awgn-snr5
data/attacks/awgn-snr10/LA_E_8680650.wav,fake,la_p4fix,none,awgn-snr10,snr10,na,LA_0018,3.735,16000,test,LA_E_8680650_awgn-snr10
data/attacks/bandpass-300-3400/LA_E_8680650.wav,fake,la_p4fix,none,bandpass-300-3400,bandpass300-3400,na,LA_0018,3.735,16000,test,LA_E_8680650_bandpass-300-3400
data/attacks/reverb-rt60-0.4/LA_E_8680650.wav,fake,la_p4fix,none,reverb-rt60-0.4,rt60-0.4,na,LA_0018,3.735,16000,test,LA_E_8680650_reverb-rt60-0.4
data/attacks/speed0.9/LA_E_8680650.wav,fake,la_p4fix,none,speed0.9,speed0.9,na,LA_0018,4.15,16000,test,LA_E_8680650_speed0.9
data/attacks/mp3-64k/LA_E_8745234.wav,fake,la_p4fix,none,mp3-64k,mp3-64k,na,LA_0022,5.381,16000,test,LA_E_8745234_mp3-64k
data/attacks/aac-128k/LA_E_8745234.wav,fake,la_p4fix,none,aac-128k,aac-128k,na,LA_0022,5.44,16000,test,LA_E_8745234_aac-128k
data/attacks/opus-32k/LA_E_8745234.wav,fake,la_p4fix,none,opus-32k,opus-32k,na,LA_0022,5.381,16000,test,LA_E_8745234_opus-32k
data/attacks/g711-8k/LA_E_8745234.wav,fake,la_p4fix,none,g711-8k,g711-8k,na,LA_0022,5.381,16000,test,LA_E_8745234_g711-8k
data/attacks/awgn-snr5/LA_E_8745234.wav,fake,la_p4fix,none,awgn-snr5,snr5,na,LA_0022,5.381,16000,test,LA_E_8745234_awgn-snr5
data/attacks/awgn-snr10/LA_E_8745234.wav,fake,la_p4fix,none,awgn-snr10,snr10,na,LA_0022,5.381,16000,test,LA_E_8745234_awgn-snr10
data/attacks/bandpass-300-3400/LA_E_8745234.wav,fake,la_p4fix,none,bandpass-300-3400,bandpass300-3400,na,LA_0022,5.381,16000,test,LA_E_8745234_bandpass-300-3400
data/attacks/reverb-rt60-0.4/LA_E_8745234.wav,fake,la_p4fix,none,reverb-rt60-0.4,rt60-0.4,na,LA_0022,5.381,16000,test,LA_E_8745234_reverb-rt60-0.4
data/attacks/speed0.9/LA_E_8745234.wav,fake,la_p4fix,none,speed0.9,speed0.9,na,LA_0022,5.979,16000,test,LA_E_8745234_speed0.9
data/attacks/mp3-64k/LA_E_9035772.wav,fake,la_p4fix,none,mp3-64k,mp3-64k,na,LA_0035,5.656,16000,test,LA_E_9035772_mp3-64k
data/attacks/aac-128k/LA_E_9035772.wav,fake,la_p4fix,none,aac-128k,aac-128k,na,LA_0035,5.696,16000,test,LA_E_9035772_aac-128k
data/attacks/opus-32k/LA_E_9035772.wav,fake,la_p4fix,none,opus-32k,opus-32k,na,LA_0035,5.656,16000,test,LA_E_9035772_opus-32k
data/attacks/g711-8k/LA_E_9035772.wav,fake,la_p4fix,none,g711-8k,g711-8k,na,LA_0035,5.656,16000,test,LA_E_9035772_g711-8k
data/attacks/awgn-snr5/LA_E_9035772.wav,fake,la_p4fix,none,awgn-snr5,snr5,na,LA_0035,5.656,16000,test,LA_E_9035772_awgn-snr5
data/attacks/awgn-snr10/LA_E_9035772.wav,fake,la_p4fix,none,awgn-snr10,snr10,na,LA_0035,5.656,16000,test,LA_E_9035772_awgn-snr10
data/attacks/bandpass-300-3400/LA_E_9035772.wav,fake,la_p4fix,none,bandpass-300-3400,bandpass300-3400,na,LA_0035,5.656,16000,test,LA_E_9035772_bandpass-300-3400
data/attacks/reverb-rt60-0.4/LA_E_9035772.wav,fake,la_p4fix,none,reverb-rt60-0.4,rt60-0.4,na,LA_0035,5.656,16000,test,LA_E_9035772_reverb-rt60-0.4
data/attacks/speed0.9/LA_E_9035772.wav,fake,la_p4fix,none,speed0.9,speed0.9,na,LA_0035,6.284,16000,test,LA_E_9035772_speed0.9
data/attacks/mp3-64k/LA_E_6877255.wav,fake,la_p4fix,none,mp3-64k,mp3-64k,na,LA_0024,2.255,16000,test,LA_E_6877255_mp3-64k
data/attacks/aac-128k/LA_E_6877255.wav,fake,la_p4fix,none,aac-128k,aac-128k,na,LA_0024,2.304,16000,test,LA_E_6877255_aac-128k
data/attacks/opus-32k/LA_E_6877255.wav,fake,la_p4fix,none,opus-32k,opus-32k,na,LA_0024,2.255,16000,test,LA_E_6877255_opus-32k
data/attacks/g711-8k/LA_E_6877255.wav,fake,la_p4fix,none,g711-8k,g711-8k,na,LA_0024,2.255,16000,test,LA_E_6877255_g711-8k
data/attacks/awgn-snr5/LA_E_6877255.wav,fake,la_p4fix,none,awgn-snr5,snr5,na,LA_0024,2.255,16000,test,LA_E_6877255_awgn-snr5
data/attacks/awgn-snr10/LA_E_6877255.wav,fake,la_p4fix,none,awgn-snr10,snr10,na,LA_0024,2.255,16000,test,LA_E_6877255_awgn-snr10
data/attacks/bandpass-300-3400/LA_E_6877255.wav,fake,la_p4fix,none,bandpass-300-3400,bandpass300-3400,na,LA_0024,2.255,16000,test,LA_E_6877255_bandpass-300-3400
data/attacks/reverb-rt60-0.4/LA_E_6877255.wav,fake,la_p4fix,none,reverb-rt60-0.4,rt60-0.4,na,LA_0024,2.255,16000,test,LA_E_6877255_reverb-rt60-0.4
data/attacks/speed0.9/LA_E_6877255.wav,fake,la_p4fix,none,speed0.9,speed0.9,na,LA_0024,2.506,16000,test,LA_E_6877255_speed0.9
data/attacks/mp3-64k/LA_E_1075085.wav,fake,la_p4fix,none,mp3-64k,mp3-64k,na,LA_0047,2.865,16000,test,LA_E_1075085_mp3-64k
data/attacks/aac-128k/LA_E_1075085.wav,fake,la_p4fix,none,aac-128k,aac-128k,na,LA_0047,2.88,16000,test,LA_E_1075085_aac-128k
data/attacks/opus-32k/LA_E_1075085.wav,fake,la_p4fix,none,opus-32k,opus-32k,na,LA_0047,2.865,16000,test,LA_E_1075085_opus-32k
data/attacks/g711-8k/LA_E_1075085.wav,fake,la_p4fix,none,g711-8k,g711-8k,na,LA_0047,2.865,16000,test,LA_E_1075085_g711-8k
data/attacks/awgn-snr5/LA_E_1075085.wav,fake,la_p4fix,none,awgn-snr5,snr5,na,LA_0047,2.865,16000,test,LA_E_1075085_awgn-snr5
data/attacks/awgn-snr10/LA_E_1075085.wav,fake,la_p4fix,none,awgn-snr10,snr10,na,LA_0047,2.865,16000,test,LA_E_1075085_awgn-snr10
data/attacks/bandpass-300-3400/LA_E_1075085.wav,fake,la_p4fix,none,bandpass-300-3400,bandpass300-3400,na,LA_0047,2.865,16000,test,LA_E_1075085_bandpass-300-3400
data/attacks/reverb-rt60-0.4/LA_E_1075085.wav,fake,la_p4fix,none,reverb-rt60-0.4,rt60-0.4,na,LA_0047,2.865,16000,test,LA_E_1075085_reverb-rt60-0.4
data/attacks/speed0.9/LA_E_1075085.wav,fake,la_p4fix,none,speed0.9,speed0.9,na,LA_0047,3.184,16000,test,LA_E_1075085_speed0.9
data/attacks/mp3-64k/LA_E_2135881.wav,fake,la_p4fix,none,mp3-64k,mp3-64k,na,LA_0039,2.024,16000,test,LA_E_2135881_mp3-64k
data/attacks/aac-128k/LA_E_2135881.wav,fake,la_p4fix,none,aac-128k,aac-128k,na,LA_0039,2.048,16000,test,LA_E_2135881_aac-128k
data/attacks/opus-32k/LA_E_2135881.wav,fake,la_p4fix,none,opus-32k,opus-32k,na,LA_0039,2.024,16000,test,LA_E_2135881_opus-32k
data/attacks/g711-8k/LA_E_2135881.wav,fake,la_p4fix,none,g711-8k,g711-8k,na,LA_0039,2.024,16000,test,LA_E_2135881_g711-8k
data/attacks/awgn-snr5/LA_E_2135881.wav,fake,la_p4fix,none,awgn-snr5,snr5,na,LA_0039,2.024,16000,test,LA_E_2135881_awgn-snr5
data/attacks/awgn-snr10/LA_E_2135881.wav,fake,la_p4fix,none,awgn-snr10,snr10,na,LA_0039,2.024,16000,test,LA_E_2135881_awgn-snr10
data/attacks/bandpass-300-3400/LA_E_2135881.wav,fake,la_p4fix,none,bandpass-300-3400,bandpass300-3400,na,LA_0039,2.024,16000,test,LA_E_2135881_bandpass-300-3400
data/attacks/reverb-rt60-0.4/LA_E_2135881.wav,fake,la_p4fix,none,reverb-rt60-0.4,rt60-0.4,na,LA_0039,2.024,16000,test,LA_E_2135881_reverb-rt60-0.4
data/attacks/speed0.9/LA_E_2135881.wav,fake,la_p4fix,none,speed0.9,speed0.9,na,LA_0039,2.249,16000,test,LA_E_2135881_speed0.9
data/attacks/mp3-64k/LA_E_6110704.wav,fake,la_p4fix,none,mp3-64k,mp3-64k,na,LA_0034,2.143,16000,test,LA_E_6110704_mp3-64k
data/attacks/aac-128k/LA_E_6110704.wav,fake,la_p4fix,none,aac-128k,aac-128k,na,LA_0034,2.176,16000,test,LA_E_6110704_aac-128k
data/attacks/opus-32k/LA_E_6110704.wav,fake,la_p4fix,none,opus-32k,opus-32k,na,LA_0034,2.143,16000,test,LA_E_6110704_opus-32k
data/attacks/g711-8k/LA_E_6110704.wav,fake,la_p4fix,none,g711-8k,g711-8k,na,LA_0034,2.143,16000,test,LA_E_6110704_g711-8k
data/attacks/awgn-snr5/LA_E_6110704.wav,fake,la_p4fix,none,awgn-snr5,snr5,na,LA_0034,2.143,16000,test,LA_E_6110704_awgn-snr5
data/attacks/awgn-snr10/LA_E_6110704.wav,fake,la_p4fix,none,awgn-snr10,snr10,na,LA_0034,2.143,16000,test,LA_E_6110704_awgn-snr10
data/attacks/bandpass-300-3400/LA_E_6110704.wav,fake,la_p4fix,none,bandpass-300-3400,bandpass300-3400,na,LA_0034,2.143,16000,test,LA_E_6110704_bandpass-300-3400
data/attacks/reverb-rt60-0.4/LA_E_6110704.wav,fake,la_p4fix,none,reverb-rt60-0.4,rt60-0.4,na,LA_0034,2.143,16000,test,LA_E_6110704_reverb-rt60-0.4
data/attacks/speed0.9/LA_E_6110704.wav,fake,la_p4fix,none,speed0.9,speed0.9,na,LA_0034,2.381,16000,test,LA_E_6110704_speed0.9
data/attacks/mp3-64k/LA_E_3369622.wav,fake,la_p4fix,none,mp3-64k,mp3-64k,na,LA_0020,1.905,16000,test,LA_E_3369622_mp3-64k
data/attacks/aac-128k/LA_E_3369622.wav,fake,la_p4fix,none,aac-128k,aac-128k,na,LA_0020,1.92,16000,test,LA_E_3369622_aac-128k
data/attacks/opus-32k/LA_E_3369622.wav,fake,la_p4fix,none,opus-32k,opus-32k,na,LA_0020,1.905,16000,test,LA_E_3369622_opus-32k
data/attacks/g711-8k/LA_E_3369622.wav,fake,la_p4fix,none,g711-8k,g711-8k,na,LA_0020,1.905,16000,test,LA_E_3369622_g711-8k
data/attacks/awgn-snr5/LA_E_3369622.wav,fake,la_p4fix,none,awgn-snr5,snr5,na,LA_0020,1.905,16000,test,LA_E_3369622_awgn-snr5
data/attacks/awgn-snr10/LA_E_3369622.wav,fake,la_p4fix,none,awgn-snr10,snr10,na,LA_0020,1.905,16000,test,LA_E_3369622_awgn-snr10
data/attacks/bandpass-300-3400/LA_E_3369622.wav,fake,la_p4fix,none,bandpass-300-3400,bandpass300-3400,na,LA_0020,1.905,16000,test,LA_E_3369622_bandpass-300-3400
data/attacks/reverb-rt60-0.4/LA_E_3369622.wav,fake,la_p4fix,none,reverb-rt60-0.4,rt60-0.4,na,LA_0020,1.905,16000,test,LA_E_3369622_reverb-rt60-0.4
data/attacks/speed0.9/LA_E_3369622.wav,fake,la_p4fix,none,speed0.9,speed0.9,na,LA_0020,2.116,16000,test,LA_E_3369622_speed0.9
data/attacks/mp3-64k/LA_E_8215071.wav,fake,la_p4fix,none,mp3-64k,mp3-64k,na,LA_0026,1.623,16000,test,LA_E_8215071_mp3-64k
data/attacks/aac-128k/LA_E_8215071.wav,fake,la_p4fix,none,aac-128k,aac-128k,na,LA_0026,1.664,16000,test,LA_E_8215071_aac-128k
data/attacks/opus-32k/LA_E_8215071.wav,fake,la_p4fix,none,opus-32k,opus-32k,na,LA_0026,1.623,16000,test,LA_E_8215071_opus-32k
data/attacks/g711-8k/LA_E_8215071.wav,fake,la_p4fix,none,g711-8k,g711-8k,na,LA_0026,1.623,16000,test,LA_E_8215071_g711-8k
data/attacks/awgn-snr5/LA_E_8215071.wav,fake,la_p4fix,none,awgn-snr5,snr5,na,LA_0026,1.623,16000,test,LA_E_8215071_awgn-snr5
data/attacks/awgn-snr10/LA_E_8215071.wav,fake,la_p4fix,none,awgn-snr10,snr10,na,LA_0026,1.623,16000,test,LA_E_8215071_awgn-snr10
data/attacks/bandpass-300-3400/LA_E_8215071.wav,fake,la_p4fix,none,bandpass-300-3400,bandpass300-3400,na,LA_0026,1.623,16000,test,LA_E_8215071_bandpass-300-3400
data/attacks/reverb-rt60-0.4/LA_E_8215071.wav,fake,la_p4fix,none,reverb-rt60-0.4,rt60-0.4,na,LA_0026,1.623,16000,test,LA_E_8215071_reverb-rt60-0.4
data/attacks/speed0.9/LA_E_8215071.wav,fake,la_p4fix,none,speed0.9,speed0.9,na,LA_0026,1.804,16000,test,LA_E_8215071_speed0.9
data/attacks/mp3-64k/LA_E_7696344.wav,fake,la_p4fix,none,mp3-64k,mp3-64k,na,LA_0021,2.183,16000,test,LA_E_7696344_mp3-64k
data/attacks/aac-128k/LA_E_7696344.wav,fake,la_p4fix,none,aac-128k,aac-128k,na,LA_0021,2.24,16000,test,LA_E_7696344_aac-128k
data/attacks/opus-32k/LA_E_7696344.wav,fake,la_p4fix,none,opus-32k,opus-32k,na,LA_0021,2.183,16000,test,LA_E_7696344_opus-32k
data/attacks/g711-8k/LA_E_7696344.wav,fake,la_p4fix,none,g711-8k,g711-8k,na,LA_0021,2.183,16000,test,LA_E_7696344_g711-8k
data/attacks/awgn-snr5/LA_E_7696344.wav,fake,la_p4fix,none,awgn-snr5,snr5,na,LA_0021,2.183,16000,test,LA_E_7696344_awgn-snr5
data/attacks/awgn-snr10/LA_E_7696344.wav,fake,la_p4fix,none,awgn-snr10,snr10,na,LA_0021,2.183,16000,test,LA_E_7696344_awgn-snr10
data/attacks/bandpass-300-3400/LA_E_7696344.wav,fake,la_p4fix,none,bandpass-300-3400,bandpass300-3400,na,LA_0021,2.183,16000,test,LA_E_7696344_bandpass-300-3400
data/attacks/reverb-rt60-0.4/LA_E_7696344.wav,fake,la_p4fix,none,reverb-rt60-0.4,rt60-0.4,na,LA_0021,2.183,16000,test,LA_E_7696344_reverb-rt60-0.4
data/attacks/speed0.9/LA_E_7696344.wav,fake,la_p4fix,none,speed0.9,speed0.9,na,LA_0021,2.426,16000,test,LA_E_7696344_speed0.9
data/attacks/mp3-64k/LA_E_1853966.wav,fake,la_p4fix,none,mp3-64k,mp3-64k,na,LA_0035,3.104,16000,test,LA_E_1853966_mp3-64k
data/attacks/aac-128k/LA_E_1853966.wav,fake,la_p4fix,none,aac-128k,aac-128k,na,LA_0035,3.136,16000,test,LA_E_1853966_aac-128k
data/attacks/opus-32k/LA_E_1853966.wav,fake,la_p4fix,none,opus-32k,opus-32k,na,LA_0035,3.104,16000,test,LA_E_1853966_opus-32k
data/attacks/g711-8k/LA_E_1853966.wav,fake,la_p4fix,none,g711-8k,g711-8k,na,LA_0035,3.104,16000,test,LA_E_1853966_g711-8k
data/attacks/awgn-snr5/LA_E_1853966.wav,fake,la_p4fix,none,awgn-snr5,snr5,na,LA_0035,3.104,16000,test,LA_E_1853966_awgn-snr5
data/attacks/awgn-snr10/LA_E_1853966.wav,fake,la_p4fix,none,awgn-snr10,snr10,na,LA_0035,3.104,16000,test,LA_E_1853966_awgn-snr10
data/attacks/bandpass-300-3400/LA_E_1853966.wav,fake,la_p4fix,none,bandpass-300-3400,bandpass300-3400,na,LA_0035,3.104,16000,test,LA_E_1853966_bandpass-300-3400
data/attacks/reverb-rt60-0.4/LA_E_1853966.wav,fake,la_p4fix,none,reverb-rt60-0.4,rt60-0.4,na,LA_0035,3.104,16000,test,LA_E_1853966_reverb-rt60-0.4
data/attacks/speed0.9/LA_E_1853966.wav,fake,la_p4fix,none,speed0.9,speed0.9,na,LA_0035,3.449,16000,test,LA_E_1853966_speed0.9
data/attacks/mp3-64k/LA_E_6204844.wav,fake,la_p4fix,none,mp3-64k,mp3-64k,na,LA_0012,1.662,16000,test,LA_E_6204844_mp3-64k
data/attacks/aac-128k/LA_E_6204844.wav,fake,la_p4fix,none,aac-128k,aac-128k,na,LA_0012,1.664,16000,test,LA_E_6204844_aac-128k
data/attacks/opus-32k/LA_E_6204844.wav,fake,la_p4fix,none,opus-32k,opus-32k,na,LA_0012,1.662,16000,test,LA_E_6204844_opus-32k
data/attacks/g711-8k/LA_E_6204844.wav,fake,la_p4fix,none,g711-8k,g711-8k,na,LA_0012,1.662,16000,test,LA_E_6204844_g711-8k
data/attacks/awgn-snr5/LA_E_6204844.wav,fake,la_p4fix,none,awgn-snr5,snr5,na,LA_0012,1.662,16000,test,LA_E_6204844_awgn-snr5
data/attacks/awgn-snr10/LA_E_6204844.wav,fake,la_p4fix,none,awgn-snr10,snr10,na,LA_0012,1.662,16000,test,LA_E_6204844_awgn-snr10
data/attacks/bandpass-300-3400/LA_E_6204844.wav,fake,la_p4fix,none,bandpass-300-3400,bandpass300-3400,na,LA_0012,1.662,16000,test,LA_E_6204844_bandpass-300-3400
data/attacks/reverb-rt60-0.4/LA_E_6204844.wav,fake,la_p4fix,none,reverb-rt60-0.4,rt60-0.4,na,LA_0012,1.662,16000,test,LA_E_6204844_reverb-rt60-0.4
data/attacks/speed0.9/LA_E_6204844.wav,fake,la_p4fix,none,speed0.9,speed0.9,na,LA_0012,1.847,16000,test,LA_E_6204844_speed0.9
data/attacks/mp3-64k/LA_E_3963839.wav,fake,la_p4fix,none,mp3-64k,mp3-64k,na,LA_0027,4.179,16000,test,LA_E_3963839_mp3-64k
data/attacks/aac-128k/LA_E_3963839.wav,fake,la_p4fix,none,aac-128k,aac-128k,na,LA_0027,4.224,16000,test,LA_E_3963839_aac-128k
data/attacks/opus-32k/LA_E_3963839.wav,fake,la_p4fix,none,opus-32k,opus-32k,na,LA_0027,4.178,16000,test,LA_E_3963839_opus-32k
data/attacks/g711-8k/LA_E_3963839.wav,fake,la_p4fix,none,g711-8k,g711-8k,na,LA_0027,4.178,16000,test,LA_E_3963839_g711-8k
data/attacks/awgn-snr5/LA_E_3963839.wav,fake,la_p4fix,none,awgn-snr5,snr5,na,LA_0027,4.178,16000,test,LA_E_3963839_awgn-snr5
data/attacks/awgn-snr10/LA_E_3963839.wav,fake,la_p4fix,none,awgn-snr10,snr10,na,LA_0027,4.178,16000,test,LA_E_3963839_awgn-snr10
data/attacks/bandpass-300-3400/LA_E_3963839.wav,fake,la_p4fix,none,bandpass-300-3400,bandpass300-3400,na,LA_0027,4.178,16000,test,LA_E_3963839_bandpass-300-3400
data/attacks/reverb-rt60-0.4/LA_E_3963839.wav,fake,la_p4fix,none,reverb-rt60-0.4,rt60-0.4,na,LA_0027,4.178,16000,test,LA_E_3963839_reverb-rt60-0.4
data/attacks/speed0.9/LA_E_3963839.wav,fake,la_p4fix,none,speed0.9,speed0.9,na,LA_0027,4.642,16000,test,LA_E_3963839_speed0.9
data/attacks/mp3-64k/LA_E_2349486.wav,fake,la_p4fix,none,mp3-64k,mp3-64k,na,LA_0034,3.743,16000,test,LA_E_2349486_mp3-64k
data/attacks/aac-128k/LA_E_2349486.wav,fake,la_p4fix,none,aac-128k,aac-128k,na,LA_0034,3.776,16000,test,LA_E_2349486_aac-128k
data/attacks/opus-32k/LA_E_2349486.wav,fake,la_p4fix,none,opus-32k,opus-32k,na,LA_0034,3.743,16000,test,LA_E_2349486_opus-32k
data/attacks/g711-8k/LA_E_2349486.wav,fake,la_p4fix,none,g711-8k,g711-8k,na,LA_0034,3.743,16000,test,LA_E_2349486_g711-8k
data/attacks/awgn-snr5/LA_E_2349486.wav,fake,la_p4fix,none,awgn-snr5,snr5,na,LA_0034,3.743,16000,test,LA_E_2349486_awgn-snr5
data/attacks/awgn-snr10/LA_E_2349486.wav,fake,la_p4fix,none,awgn-snr10,snr10,na,LA_0034,3.743,16000,test,LA_E_2349486_awgn-snr10
data/attacks/bandpass-300-3400/LA_E_2349486.wav,fake,la_p4fix,none,bandpass-300-3400,bandpass300-3400,na,LA_0034,3.743,16000,test,LA_E_2349486_bandpass-300-3400
data/attacks/reverb-rt60-0.4/LA_E_2349486.wav,fake,la_p4fix,none,reverb-rt60-0.4,rt60-0.4,na,LA_0034,3.743,16000,test,LA_E_2349486_reverb-rt60-0.4
data/attacks/speed0.9/LA_E_2349486.wav,fake,la_p4fix,none,speed0.9,speed0.9,na,LA_0034,4.159,16000,test,LA_E_2349486_speed0.9
data/attacks/mp3-64k/LA_E_3409285.wav,fake,la_p4fix,none,mp3-64k,mp3-64k,na,LA_0042,2.147,16000,test,LA_E_3409285_mp3-64k
data/attacks/aac-128k/LA_E_3409285.wav,fake,la_p4fix,none,aac-128k,aac-128k,na,LA_0042,2.176,16000,test,LA_E_3409285_aac-128k
data/attacks/opus-32k/LA_E_3409285.wav,fake,la_p4fix,none,opus-32k,opus-32k,na,LA_0042,2.147,16000,test,LA_E_3409285_opus-32k
data/attacks/g711-8k/LA_E_3409285.wav,fake,la_p4fix,none,g711-8k,g711-8k,na,LA_0042,2.147,16000,test,LA_E_3409285_g711-8k
data/attacks/awgn-snr5/LA_E_3409285.wav,fake,la_p4fix,none,awgn-snr5,snr5,na,LA_0042,2.147,16000,test,LA_E_3409285_awgn-snr5
data/attacks/awgn-snr10/LA_E_3409285.wav,fake,la_p4fix,none,awgn-snr10,snr10,na,LA_0042,2.147,16000,test,LA_E_3409285_awgn-snr10
data/attacks/bandpass-300-3400/LA_E_3409285.wav,fake,la_p4fix,none,bandpass-300-3400,bandpass300-3400,na,LA_0042,2.147,16000,test,LA_E_3409285_bandpass-300-3400
data/attacks/reverb-rt60-0.4/LA_E_3409285.wav,fake,la_p4fix,none,reverb-rt60-0.4,rt60-0.4,na,LA_0042,2.147,16000,test,LA_E_3409285_reverb-rt60-0.4
data/attacks/speed0.9/LA_E_3409285.wav,fake,la_p4fix,none,speed0.9,speed0.9,na,LA_0042,2.386,16000,test,LA_E_3409285_speed0.9
data/attacks/mp3-64k/LA_E_4773943.wav,fake,la_p4fix,none,mp3-64k,mp3-64k,na,LA_0020,1.947,16000,test,LA_E_4773943_mp3-64k
data/attacks/aac-128k/LA_E_4773943.wav,fake,la_p4fix,none,aac-128k,aac-128k,na,LA_0020,1.984,16000,test,LA_E_4773943_aac-128k
data/attacks/opus-32k/LA_E_4773943.wav,fake,la_p4fix,none,opus-32k,opus-32k,na,LA_0020,1.945,16000,test,LA_E_4773943_opus-32k
data/attacks/g711-8k/LA_E_4773943.wav,fake,la_p4fix,none,g711-8k,g711-8k,na,LA_0020,1.945,16000,test,LA_E_4773943_g711-8k
data/attacks/awgn-snr5/LA_E_4773943.wav,fake,la_p4fix,none,awgn-snr5,snr5,na,LA_0020,1.945,16000,test,LA_E_4773943_awgn-snr5
data/attacks/awgn-snr10/LA_E_4773943.wav,fake,la_p4fix,none,awgn-snr10,snr10,na,LA_0020,1.945,16000,test,LA_E_4773943_awgn-snr10
data/attacks/bandpass-300-3400/LA_E_4773943.wav,fake,la_p4fix,none,bandpass-300-3400,bandpass300-3400,na,LA_0020,1.945,16000,test,LA_E_4773943_bandpass-300-3400
data/attacks/reverb-rt60-0.4/LA_E_4773943.wav,fake,la_p4fix,none,reverb-rt60-0.4,rt60-0.4,na,LA_0020,1.945,16000,test,LA_E_4773943_reverb-rt60-0.4
data/attacks/speed0.9/LA_E_4773943.wav,fake,la_p4fix,none,speed0.9,speed0.9,na,LA_0020,2.161,16000,test,LA_E_4773943_speed0.9
data/attacks/mp3-64k/LA_E_1464270.wav,fake,la_p4fix,none,mp3-64k,mp3-64k,na,LA_0047,4.423,16000,test,LA_E_1464270_mp3-64k
data/attacks/aac-128k/LA_E_1464270.wav,fake,la_p4fix,none,aac-128k,aac-128k,na,LA_0047,4.48,16000,test,LA_E_1464270_aac-128k
data/attacks/opus-32k/LA_E_1464270.wav,fake,la_p4fix,none,opus-32k,opus-32k,na,LA_0047,4.423,16000,test,LA_E_1464270_opus-32k
data/attacks/g711-8k/LA_E_1464270.wav,fake,la_p4fix,none,g711-8k,g711-8k,na,LA_0047,4.423,16000,test,LA_E_1464270_g711-8k
data/attacks/awgn-snr5/LA_E_1464270.wav,fake,la_p4fix,none,awgn-snr5,snr5,na,LA_0047,4.423,16000,test,LA_E_1464270_awgn-snr5
data/attacks/awgn-snr10/LA_E_1464270.wav,fake,la_p4fix,none,awgn-snr10,snr10,na,LA_0047,4.423,16000,test,LA_E_1464270_awgn-snr10
data/attacks/bandpass-300-3400/LA_E_1464270.wav,fake,la_p4fix,none,bandpass-300-3400,bandpass300-3400,na,LA_0047,4.423,16000,test,LA_E_1464270_bandpass-300-3400
data/attacks/reverb-rt60-0.4/LA_E_1464270.wav,fake,la_p4fix,none,reverb-rt60-0.4,rt60-0.4,na,LA_0047,4.423,16000,test,LA_E_1464270_reverb-rt60-0.4
data/attacks/speed0.9/LA_E_1464270.wav,fake,la_p4fix,none,speed0.9,speed0.9,na,LA_0047,4.915,16000,test,LA_E_1464270_speed0.9
data/attacks/mp3-64k/LA_E_2858106.wav,fake,la_p4fix,none,mp3-64k,mp3-64k,na,LA_0008,4.464,16000,test,LA_E_2858106_mp3-64k
data/attacks/aac-128k/LA_E_2858106.wav,fake,la_p4fix,none,aac-128k,aac-128k,na,LA_0008,4.48,16000,test,LA_E_2858106_aac-128k
data/attacks/opus-32k/LA_E_2858106.wav,fake,la_p4fix,none,opus-32k,opus-32k,na,LA_0008,4.464,16000,test,LA_E_2858106_opus-32k
data/attacks/g711-8k/LA_E_2858106.wav,fake,la_p4fix,none,g711-8k,g711-8k,na,LA_0008,4.464,16000,test,LA_E_2858106_g711-8k
data/attacks/awgn-snr5/LA_E_2858106.wav,fake,la_p4fix,none,awgn-snr5,snr5,na,LA_0008,4.464,16000,test,LA_E_2858106_awgn-snr5
data/attacks/awgn-snr10/LA_E_2858106.wav,fake,la_p4fix,none,awgn-snr10,snr10,na,LA_0008,4.464,16000,test,LA_E_2858106_awgn-snr10
data/attacks/bandpass-300-3400/LA_E_2858106.wav,fake,la_p4fix,none,bandpass-300-3400,bandpass300-3400,na,LA_0008,4.464,16000,test,LA_E_2858106_bandpass-300-3400
data/attacks/reverb-rt60-0.4/LA_E_2858106.wav,fake,la_p4fix,none,reverb-rt60-0.4,rt60-0.4,na,LA_0008,4.464,16000,test,LA_E_2858106_reverb-rt60-0.4
data/attacks/speed0.9/LA_E_2858106.wav,fake,la_p4fix,none,speed0.9,speed0.9,na,LA_0008,4.96,16000,test,LA_E_2858106_speed0.9
data/attacks/mp3-64k/LA_E_3699872.wav,fake,la_p4fix,none,mp3-64k,mp3-64k,na,LA_0023,3.623,16000,test,LA_E_3699872_mp3-64k
data/attacks/aac-128k/LA_E_3699872.wav,fake,la_p4fix,none,aac-128k,aac-128k,na,LA_0023,3.648,16000,test,LA_E_3699872_aac-128k
data/attacks/opus-32k/LA_E_3699872.wav,fake,la_p4fix,none,opus-32k,opus-32k,na,LA_0023,3.623,16000,test,LA_E_3699872_opus-32k
data/attacks/g711-8k/LA_E_3699872.wav,fake,la_p4fix,none,g711-8k,g711-8k,na,LA_0023,3.623,16000,test,LA_E_3699872_g711-8k
data/attacks/awgn-snr5/LA_E_3699872.wav,fake,la_p4fix,none,awgn-snr5,snr5,na,LA_0023,3.623,16000,test,LA_E_3699872_awgn-snr5
data/attacks/awgn-snr10/LA_E_3699872.wav,fake,la_p4fix,none,awgn-snr10,snr10,na,LA_0023,3.623,16000,test,LA_E_3699872_awgn-snr10
data/attacks/bandpass-300-3400/LA_E_3699872.wav,fake,la_p4fix,none,bandpass-300-3400,bandpass300-3400,na,LA_0023,3.623,16000,test,LA_E_3699872_bandpass-300-3400
data/attacks/reverb-rt60-0.4/LA_E_3699872.wav,fake,la_p4fix,none,reverb-rt60-0.4,rt60-0.4,na,LA_0023,3.623,16000,test,LA_E_3699872_reverb-rt60-0.4
data/attacks/speed0.9/LA_E_3699872.wav,fake,la_p4fix,none,speed0.9,speed0.9,na,LA_0023,4.026,16000,test,LA_E_3699872_speed0.9
data/attacks/mp3-64k/LA_E_3152301.wav,fake,la_p4fix,none,mp3-64k,mp3-64k,na,LA_0028,2.266,16000,test,LA_E_3152301_mp3-64k
data/attacks/aac-128k/LA_E_3152301.wav,fake,la_p4fix,none,aac-128k,aac-128k,na,LA_0028,2.304,16000,test,LA_E_3152301_aac-128k
data/attacks/opus-32k/LA_E_3152301.wav,fake,la_p4fix,none,opus-32k,opus-32k,na,LA_0028,2.266,16000,test,LA_E_3152301_opus-32k
data/attacks/g711-8k/LA_E_3152301.wav,fake,la_p4fix,none,g711-8k,g711-8k,na,LA_0028,2.266,16000,test,LA_E_3152301_g711-8k
data/attacks/awgn-snr5/LA_E_3152301.wav,fake,la_p4fix,none,awgn-snr5,snr5,na,LA_0028,2.266,16000,test,LA_E_3152301_awgn-snr5
data/attacks/awgn-snr10/LA_E_3152301.wav,fake,la_p4fix,none,awgn-snr10,snr10,na,LA_0028,2.266,16000,test,LA_E_3152301_awgn-snr10
data/attacks/bandpass-300-3400/LA_E_3152301.wav,fake,la_p4fix,none,bandpass-300-3400,bandpass300-3400,na,LA_0028,2.266,16000,test,LA_E_3152301_bandpass-300-3400
data/attacks/reverb-rt60-0.4/LA_E_3152301.wav,fake,la_p4fix,none,reverb-rt60-0.4,rt60-0.4,na,LA_0028,2.266,16000,test,LA_E_3152301_reverb-rt60-0.4
data/attacks/speed0.9/LA_E_3152301.wav,fake,la_p4fix,none,speed0.9,speed0.9,na,LA_0028,2.517,16000,test,LA_E_3152301_speed0.9
data/attacks/mp3-64k/LA_E_3533868.wav,fake,la_p4fix,none,mp3-64k,mp3-64k,na,LA_0004,1.702,16000,test,LA_E_3533868_mp3-64k
data/attacks/aac-128k/LA_E_3533868.wav,fake,la_p4fix,none,aac-128k,aac-128k,na,LA_0004,1.728,16000,test,LA_E_3533868_aac-128k
data/attacks/opus-32k/LA_E_3533868.wav,fake,la_p4fix,none,opus-32k,opus-32k,na,LA_0004,1.702,16000,test,LA_E_3533868_opus-32k
data/attacks/g711-8k/LA_E_3533868.wav,fake,la_p4fix,none,g711-8k,g711-8k,na,LA_0004,1.702,16000,test,LA_E_3533868_g711-8k
data/attacks/awgn-snr5/LA_E_3533868.wav,fake,la_p4fix,none,awgn-snr5,snr5,na,LA_0004,1.702,16000,test,LA_E_3533868_awgn-snr5
data/attacks/awgn-snr10/LA_E_3533868.wav,fake,la_p4fix,none,awgn-snr10,snr10,na,LA_0004,1.702,16000,test,LA_E_3533868_awgn-snr10
data/attacks/bandpass-300-3400/LA_E_3533868.wav,fake,la_p4fix,none,bandpass-300-3400,bandpass300-3400,na,LA_0004,1.702,16000,test,LA_E_3533868_bandpass-300-3400
data/attacks/reverb-rt60-0.4/LA_E_3533868.wav,fake,la_p4fix,none,reverb-rt60-0.4,rt60-0.4,na,LA_0004,1.702,16000,test,LA_E_3533868_reverb-rt60-0.4
data/attacks/speed0.9/LA_E_3533868.wav,fake,la_p4fix,none,speed0.9,speed0.9,na,LA_0004,1.892,16000,test,LA_E_3533868_speed0.9
data/attacks/mp3-64k/LA_E_7544782.wav,fake,la_p4fix,none,mp3-64k,mp3-64k,na,LA_0019,5.585,16000,test,LA_E_7544782_mp3-64k
data/attacks/aac-128k/LA_E_7544782.wav,fake,la_p4fix,none,aac-128k,aac-128k,na,LA_0019,5.632,16000,test,LA_E_7544782_aac-128k
data/attacks/opus-32k/LA_E_7544782.wav,fake,la_p4fix,none,opus-32k,opus-32k,na,LA_0019,5.585,16000,test,LA_E_7544782_opus-32k
data/attacks/g711-8k/LA_E_7544782.wav,fake,la_p4fix,none,g711-8k,g711-8k,na,LA_0019,5.585,16000,test,LA_E_7544782_g711-8k
data/attacks/awgn-snr5/LA_E_7544782.wav,fake,la_p4fix,none,awgn-snr5,snr5,na,LA_0019,5.585,16000,test,LA_E_7544782_awgn-snr5
data/attacks/awgn-snr10/LA_E_7544782.wav,fake,la_p4fix,none,awgn-snr10,snr10,na,LA_0019,5.585,16000,test,LA_E_7544782_awgn-snr10
data/attacks/bandpass-300-3400/LA_E_7544782.wav,fake,la_p4fix,none,bandpass-300-3400,bandpass300-3400,na,LA_0019,5.585,16000,test,LA_E_7544782_bandpass-300-3400
data/attacks/reverb-rt60-0.4/LA_E_7544782.wav,fake,la_p4fix,none,reverb-rt60-0.4,rt60-0.4,na,LA_0019,5.585,16000,test,LA_E_7544782_reverb-rt60-0.4
data/attacks/speed0.9/LA_E_7544782.wav,fake,la_p4fix,none,speed0.9,speed0.9,na,LA_0019,6.205,16000,test,LA_E_7544782_speed0.9
data/attacks/mp3-64k/LA_E_6374635.wav,fake,la_p4fix,none,mp3-64k,mp3-64k,na,LA_0037,8.78,16000,test,LA_E_6374635_mp3-64k
data/attacks/aac-128k/LA_E_6374635.wav,fake,la_p4fix,none,aac-128k,aac-128k,na,LA_0037,8.832,16000,test,LA_E_6374635_aac-128k
data/attacks/opus-32k/LA_E_6374635.wav,fake,la_p4fix,none,opus-32k,opus-32k,na,LA_0037,8.78,16000,test,LA_E_6374635_opus-32k
data/attacks/g711-8k/LA_E_6374635.wav,fake,la_p4fix,none,g711-8k,g711-8k,na,LA_0037,8.78,16000,test,LA_E_6374635_g711-8k
data/attacks/awgn-snr5/LA_E_6374635.wav,fake,la_p4fix,none,awgn-snr5,snr5,na,LA_0037,8.78,16000,test,LA_E_6374635_awgn-snr5
data/attacks/awgn-snr10/LA_E_6374635.wav,fake,la_p4fix,none,awgn-snr10,snr10,na,LA_0037,8.78,16000,test,LA_E_6374635_awgn-snr10
data/attacks/bandpass-300-3400/LA_E_6374635.wav,fake,la_p4fix,none,bandpass-300-3400,bandpass300-3400,na,LA_0037,8.78,16000,test,LA_E_6374635_bandpass-300-3400
data/attacks/reverb-rt60-0.4/LA_E_6374635.wav,fake,la_p4fix,none,reverb-rt60-0.4,rt60-0.4,na,LA_0037,8.78,16000,test,LA_E_6374635_reverb-rt60-0.4
data/attacks/speed0.9/LA_E_6374635.wav,fake,la_p4fix,none,speed0.9,speed0.9,na,LA_0037,9.755,16000,test,LA_E_6374635_speed0.9
data/attacks/mp3-64k/LA_E_6088603.wav,fake,la_p4fix,none,mp3-64k,mp3-64k,na,LA_0047,1.903,16000,test,LA_E_6088603_mp3-64k
data/attacks/aac-128k/LA_E_6088603.wav,fake,la_p4fix,none,aac-128k,aac-128k,na,LA_0047,1.92,16000,test,LA_E_6088603_aac-128k
data/attacks/opus-32k/LA_E_6088603.wav,fake,la_p4fix,none,opus-32k,opus-32k,na,LA_0047,1.903,16000,test,LA_E_6088603_opus-32k
data/attacks/g711-8k/LA_E_6088603.wav,fake,la_p4fix,none,g711-8k,g711-8k,na,LA_0047,1.903,16000,test,LA_E_6088603_g711-8k
data/attacks/awgn-snr5/LA_E_6088603.wav,fake,la_p4fix,none,awgn-snr5,snr5,na,LA_0047,1.903,16000,test,LA_E_6088603_awgn-snr5
data/attacks/awgn-snr10/LA_E_6088603.wav,fake,la_p4fix,none,awgn-snr10,snr10,na,LA_0047,1.903,16000,test,LA_E_6088603_awgn-snr10
data/attacks/bandpass-300-3400/LA_E_6088603.wav,fake,la_p4fix,none,bandpass-300-3400,bandpass300-3400,na,LA_0047,1.903,16000,test,LA_E_6088603_bandpass-300-3400
data/attacks/reverb-rt60-0.4/LA_E_6088603.wav,fake,la_p4fix,none,reverb-rt60-0.4,rt60-0.4,na,LA_0047,1.903,16000,test,LA_E_6088603_reverb-rt60-0.4
data/attacks/speed0.9/LA_E_6088603.wav,fake,la_p4fix,none,speed0.9,speed0.9,na,LA_0047,2.115,16000,test,LA_E_6088603_speed0.9
data/attacks/mp3-64k/LA_E_9485596.wav,fake,la_p4fix,none,mp3-64k,mp3-64k,na,LA_0032,1.702,16000,test,LA_E_9485596_mp3-64k
data/attacks/aac-128k/LA_E_9485596.wav,fake,la_p4fix,none,aac-128k,aac-128k,na,LA_0032,1.728,16000,test,LA_E_9485596_aac-128k
data/attacks/opus-32k/LA_E_9485596.wav,fake,la_p4fix,none,opus-32k,opus-32k,na,LA_0032,1.702,16000,test,LA_E_9485596_opus-32k
data/attacks/g711-8k/LA_E_9485596.wav,fake,la_p4fix,none,g711-8k,g711-8k,na,LA_0032,1.702,16000,test,LA_E_9485596_g711-8k
data/attacks/awgn-snr5/LA_E_9485596.wav,fake,la_p4fix,none,awgn-snr5,snr5,na,LA_0032,1.702,16000,test,LA_E_9485596_awgn-snr5
data/attacks/awgn-snr10/LA_E_9485596.wav,fake,la_p4fix,none,awgn-snr10,snr10,na,LA_0032,1.702,16000,test,LA_E_9485596_awgn-snr10
data/attacks/bandpass-300-3400/LA_E_9485596.wav,fake,la_p4fix,none,bandpass-300-3400,bandpass300-3400,na,LA_0032,1.702,16000,test,LA_E_9485596_bandpass-300-3400
data/attacks/reverb-rt60-0.4/LA_E_9485596.wav,fake,la_p4fix,none,reverb-rt60-0.4,rt60-0.4,na,LA_0032,1.702,16000,test,LA_E_9485596_reverb-rt60-0.4
data/attacks/speed0.9/LA_E_9485596.wav,fake,la_p4fix,none,speed0.9,speed0.9,na,LA_0032,1.891,16000,test,LA_E_9485596_speed0.9
data/attacks/mp3-64k/LA_E_7826347.wav,fake,la_p4fix,none,mp3-64k,mp3-64k,na,LA_0013,1.744,16000,test,LA_E_7826347_mp3-64k
data/attacks/aac-128k/LA_E_7826347.wav,fake,la_p4fix,none,aac-128k,aac-128k,na,LA_0013,1.792,16000,test,LA_E_7826347_aac-128k
data/attacks/opus-32k/LA_E_7826347.wav,fake,la_p4fix,none,opus-32k,opus-32k,na,LA_0013,1.744,16000,test,LA_E_7826347_opus-32k
data/attacks/g711-8k/LA_E_7826347.wav,fake,la_p4fix,none,g711-8k,g711-8k,na,LA_0013,1.744,16000,test,LA_E_7826347_g711-8k
data/attacks/awgn-snr5/LA_E_7826347.wav,fake,la_p4fix,none,awgn-snr5,snr5,na,LA_0013,1.744,16000,test,LA_E_7826347_awgn-snr5
data/attacks/awgn-snr10/LA_E_7826347.wav,fake,la_p4fix,none,awgn-snr10,snr10,na,LA_0013,1.744,16000,test,LA_E_7826347_awgn-snr10
data/attacks/bandpass-300-3400/LA_E_7826347.wav,fake,la_p4fix,none,bandpass-300-3400,bandpass300-3400,na,LA_0013,1.744,16000,test,LA_E_7826347_bandpass-300-3400
data/attacks/reverb-rt60-0.4/LA_E_7826347.wav,fake,la_p4fix,none,reverb-rt60-0.4,rt60-0.4,na,LA_0013,1.744,16000,test,LA_E_7826347_reverb-rt60-0.4
data/attacks/speed0.9/LA_E_7826347.wav,fake,la_p4fix,none,speed0.9,speed0.9,na,LA_0013,1.938,16000,test,LA_E_7826347_speed0.9
data/attacks/mp3-64k/LA_E_1289287.wav,fake,la_p4fix,none,mp3-64k,mp3-64k,na,LA_0041,2.463,16000,test,LA_E_1289287_mp3-64k
data/attacks/aac-128k/LA_E_1289287.wav,fake,la_p4fix,none,aac-128k,aac-128k,na,LA_0041,2.496,16000,test,LA_E_1289287_aac-128k
data/attacks/opus-32k/LA_E_1289287.wav,fake,la_p4fix,none,opus-32k,opus-32k,na,LA_0041,2.463,16000,test,LA_E_1289287_opus-32k
data/attacks/g711-8k/LA_E_1289287.wav,fake,la_p4fix,none,g711-8k,g711-8k,na,LA_0041,2.463,16000,test,LA_E_1289287_g711-8k
data/attacks/awgn-snr5/LA_E_1289287.wav,fake,la_p4fix,none,awgn-snr5,snr5,na,LA_0041,2.463,16000,test,LA_E_1289287_awgn-snr5
data/attacks/awgn-snr10/LA_E_1289287.wav,fake,la_p4fix,none,awgn-snr10,snr10,na,LA_0041,2.463,16000,test,LA_E_1289287_awgn-snr10
data/attacks/bandpass-300-3400/LA_E_1289287.wav,fake,la_p4fix,none,bandpass-300-3400,bandpass300-3400,na,LA_0041,2.463,16000,test,LA_E_1289287_bandpass-300-3400
data/attacks/reverb-rt60-0.4/LA_E_1289287.wav,fake,la_p4fix,none,reverb-rt60-0.4,rt60-0.4,na,LA_0041,2.463,16000,test,LA_E_1289287_reverb-rt60-0.4
data/attacks/speed0.9/LA_E_1289287.wav,fake,la_p4fix,none,speed0.9,speed0.9,na,LA_0041,2.736,16000,test,LA_E_1289287_speed0.9
data/attacks/mp3-64k/LA_E_5794518.wav,fake,la_p4fix,none,mp3-64k,mp3-64k,na,LA_0008,2.019,16000,test,LA_E_5794518_mp3-64k
data/attacks/aac-128k/LA_E_5794518.wav,fake,la_p4fix,none,aac-128k,aac-128k,na,LA_0008,2.048,16000,test,LA_E_5794518_aac-128k
data/attacks/opus-32k/LA_E_5794518.wav,fake,la_p4fix,none,opus-32k,opus-32k,na,LA_0008,2.019,16000,test,LA_E_5794518_opus-32k
data/attacks/g711-8k/LA_E_5794518.wav,fake,la_p4fix,none,g711-8k,g711-8k,na,LA_0008,2.019,16000,test,LA_E_5794518_g711-8k
data/attacks/awgn-snr5/LA_E_5794518.wav,fake,la_p4fix,none,awgn-snr5,snr5,na,LA_0008,2.019,16000,test,LA_E_5794518_awgn-snr5
data/attacks/awgn-snr10/LA_E_5794518.wav,fake,la_p4fix,none,awgn-snr10,snr10,na,LA_0008,2.019,16000,test,LA_E_5794518_awgn-snr10
data/attacks/bandpass-300-3400/LA_E_5794518.wav,fake,la_p4fix,none,bandpass-300-3400,bandpass300-3400,na,LA_0008,2.019,16000,test,LA_E_5794518_bandpass-300-3400
data/attacks/reverb-rt60-0.4/LA_E_5794518.wav,fake,la_p4fix,none,reverb-rt60-0.4,rt60-0.4,na,LA_0008,2.019,16000,test,LA_E_5794518_reverb-rt60-0.4
data/attacks/speed0.9/LA_E_5794518.wav,fake,la_p4fix,none,speed0.9,speed0.9,na,LA_0008,2.244,16000,test,LA_E_5794518_speed0.9
data/attacks/mp3-64k/LA_E_9872189.wav,fake,la_p4fix,none,mp3-64k,mp3-64k,na,LA_0026,4.468,16000,test,LA_E_9872189_mp3-64k
data/attacks/aac-128k/LA_E_9872189.wav,fake,la_p4fix,none,aac-128k,aac-128k,na,LA_0026,4.48,16000,test,LA_E_9872189_aac-128k
data/attacks/opus-32k/LA_E_9872189.wav,fake,la_p4fix,none,opus-32k,opus-32k,na,LA_0026,4.468,16000,test,LA_E_9872189_opus-32k
data/attacks/g711-8k/LA_E_9872189.wav,fake,la_p4fix,none,g711-8k,g711-8k,na,LA_0026,4.468,16000,test,LA_E_9872189_g711-8k
data/attacks/awgn-snr5/LA_E_9872189.wav,fake,la_p4fix,none,awgn-snr5,snr5,na,LA_0026,4.468,16000,test,LA_E_9872189_awgn-snr5
data/attacks/awgn-snr10/LA_E_9872189.wav,fake,la_p4fix,none,awgn-snr10,snr10,na,LA_0026,4.468,16000,test,LA_E_9872189_awgn-snr10
data/attacks/bandpass-300-3400/LA_E_9872189.wav,fake,la_p4fix,none,bandpass-300-3400,bandpass300-3400,na,LA_0026,4.468,16000,test,LA_E_9872189_bandpass-300-3400
data/attacks/reverb-rt60-0.4/LA_E_9872189.wav,fake,la_p4fix,none,reverb-rt60-0.4,rt60-0.4,na,LA_0026,4.468,16000,test,LA_E_9872189_reverb-rt60-0.4
data/attacks/speed0.9/LA_E_9872189.wav,fake,la_p4fix,none,speed0.9,speed0.9,na,LA_0026,4.964,16000,test,LA_E_9872189_speed0.9
data/attacks/mp3-64k/LA_E_6573166.wav,fake,la_p4fix,none,mp3-64k,mp3-64k,na,LA_0017,1.947,16000,test,LA_E_6573166_mp3-64k
data/attacks/aac-128k/LA_E_6573166.wav,fake,la_p4fix,none,aac-128k,aac-128k,na,LA_0017,1.984,16000,test,LA_E_6573166_aac-128k
data/attacks/opus-32k/LA_E_6573166.wav,fake,la_p4fix,none,opus-32k,opus-32k,na,LA_0017,1.944,16000,test,LA_E_6573166_opus-32k
data/attacks/g711-8k/LA_E_6573166.wav,fake,la_p4fix,none,g711-8k,g711-8k,na,LA_0017,1.944,16000,test,LA_E_6573166_g711-8k
data/attacks/awgn-snr5/LA_E_6573166.wav,fake,la_p4fix,none,awgn-snr5,snr5,na,LA_0017,1.944,16000,test,LA_E_6573166_awgn-snr5
data/attacks/awgn-snr10/LA_E_6573166.wav,fake,la_p4fix,none,awgn-snr10,snr10,na,LA_0017,1.944,16000,test,LA_E_6573166_awgn-snr10
data/attacks/bandpass-300-3400/LA_E_6573166.wav,fake,la_p4fix,none,bandpass-300-3400,bandpass300-3400,na,LA_0017,1.944,16000,test,LA_E_6573166_bandpass-300-3400
data/attacks/reverb-rt60-0.4/LA_E_6573166.wav,fake,la_p4fix,none,reverb-rt60-0.4,rt60-0.4,na,LA_0017,1.944,16000,test,LA_E_6573166_reverb-rt60-0.4
data/attacks/speed0.9/LA_E_6573166.wav,fake,la_p4fix,none,speed0.9,speed0.9,na,LA_0017,2.16,16000,test,LA_E_6573166_speed0.9
data/attacks/mp3-64k/LA_E_3205369.wav,fake,la_p4fix,none,mp3-64k,mp3-64k,na,LA_0012,3.302,16000,test,LA_E_3205369_mp3-64k
data/attacks/aac-128k/LA_E_3205369.wav,fake,la_p4fix,none,aac-128k,aac-128k,na,LA_0012,3.328,16000,test,LA_E_3205369_aac-128k
data/attacks/opus-32k/LA_E_3205369.wav,fake,la_p4fix,none,opus-32k,opus-32k,na,LA_0012,3.302,16000,test,LA_E_3205369_opus-32k
data/attacks/g711-8k/LA_E_3205369.wav,fake,la_p4fix,none,g711-8k,g711-8k,na,LA_0012,3.302,16000,test,LA_E_3205369_g711-8k
data/attacks/awgn-snr5/LA_E_3205369.wav,fake,la_p4fix,none,awgn-snr5,snr5,na,LA_0012,3.302,16000,test,LA_E_3205369_awgn-snr5
data/attacks/awgn-snr10/LA_E_3205369.wav,fake,la_p4fix,none,awgn-snr10,snr10,na,LA_0012,3.302,16000,test,LA_E_3205369_awgn-snr10
data/attacks/bandpass-300-3400/LA_E_3205369.wav,fake,la_p4fix,none,bandpass-300-3400,bandpass300-3400,na,LA_0012,3.302,16000,test,LA_E_3205369_bandpass-300-3400
data/attacks/reverb-rt60-0.4/LA_E_3205369.wav,fake,la_p4fix,none,reverb-rt60-0.4,rt60-0.4,na,LA_0012,3.302,16000,test,LA_E_3205369_reverb-rt60-0.4
data/attacks/speed0.9/LA_E_3205369.wav,fake,la_p4fix,none,speed0.9,speed0.9,na,LA_0012,3.668,16000,test,LA_E_3205369_speed0.9
data/attacks/mp3-64k/LA_E_4822814.wav,fake,la_p4fix,none,mp3-64k,mp3-64k,na,LA_0014,5.223,16000,test,LA_E_4822814_mp3-64k
data/attacks/aac-128k/LA_E_4822814.wav,fake,la_p4fix,none,aac-128k,aac-128k,na,LA_0014,5.248,16000,test,LA_E_4822814_aac-128k
data/attacks/opus-32k/LA_E_4822814.wav,fake,la_p4fix,none,opus-32k,opus-32k,na,LA_0014,5.221,16000,test,LA_E_4822814_opus-32k
data/attacks/g711-8k/LA_E_4822814.wav,fake,la_p4fix,none,g711-8k,g711-8k,na,LA_0014,5.221,16000,test,LA_E_4822814_g711-8k
data/attacks/awgn-snr5/LA_E_4822814.wav,fake,la_p4fix,none,awgn-snr5,snr5,na,LA_0014,5.221,16000,test,LA_E_4822814_awgn-snr5
data/attacks/awgn-snr10/LA_E_4822814.wav,fake,la_p4fix,none,awgn-snr10,snr10,na,LA_0014,5.221,16000,test,LA_E_4822814_awgn-snr10
data/attacks/bandpass-300-3400/LA_E_4822814.wav,fake,la_p4fix,none,bandpass-300-3400,bandpass300-3400,na,LA_0014,5.221,16000,test,LA_E_4822814_bandpass-300-3400
data/attacks/reverb-rt60-0.4/LA_E_4822814.wav,fake,la_p4fix,none,reverb-rt60-0.4,rt60-0.4,na,LA_0014,5.221,16000,test,LA_E_4822814_reverb-rt60-0.4
data/attacks/speed0.9/LA_E_4822814.wav,fake,la_p4fix,none,speed0.9,speed0.9,na,LA_0014,5.801,16000,test,LA_E_4822814_speed0.9
data/attacks/mp3-64k/LA_E_8570557.wav,fake,la_p4fix,none,mp3-64k,mp3-64k,na,LA_0015,2.904,16000,test,LA_E_8570557_mp3-64k
data/attacks/aac-128k/LA_E_8570557.wav,fake,la_p4fix,none,aac-128k,aac-128k,na,LA_0015,2.944,16000,test,LA_E_8570557_aac-128k
data/attacks/opus-32k/LA_E_8570557.wav,fake,la_p4fix,none,opus-32k,opus-32k,na,LA_0015,2.904,16000,test,LA_E_8570557_opus-32k
data/attacks/g711-8k/LA_E_8570557.wav,fake,la_p4fix,none,g711-8k,g711-8k,na,LA_0015,2.904,16000,test,LA_E_8570557_g711-8k
data/attacks/awgn-snr5/LA_E_8570557.wav,fake,la_p4fix,none,awgn-snr5,snr5,na,LA_0015,2.904,16000,test,LA_E_8570557_awgn-snr5
data/attacks/awgn-snr10/LA_E_8570557.wav,fake,la_p4fix,none,awgn-snr10,snr10,na,LA_0015,2.904,16000,test,LA_E_8570557_awgn-snr10
data/attacks/bandpass-300-3400/LA_E_8570557.wav,fake,la_p4fix,none,bandpass-300-3400,bandpass300-3400,na,LA_0015,2.904,16000,test,LA_E_8570557_bandpass-300-3400
data/attacks/reverb-rt60-0.4/LA_E_8570557.wav,fake,la_p4fix,none,reverb-rt60-0.4,rt60-0.4,na,LA_0015,2.904,16000,test,LA_E_8570557_reverb-rt60-0.4
data/attacks/speed0.9/LA_E_8570557.wav,fake,la_p4fix,none,speed0.9,speed0.9,na,LA_0015,3.226,16000,test,LA_E_8570557_speed0.9
data/attacks/mp3-64k/LA_E_3624263.wav,fake,la_p4fix,none,mp3-64k,mp3-64k,na,LA_0004,2.907,16000,test,LA_E_3624263_mp3-64k
data/attacks/aac-128k/LA_E_3624263.wav,fake,la_p4fix,none,aac-128k,aac-128k,na,LA_0004,2.944,16000,test,LA_E_3624263_aac-128k
data/attacks/opus-32k/LA_E_3624263.wav,fake,la_p4fix,none,opus-32k,opus-32k,na,LA_0004,2.907,16000,test,LA_E_3624263_opus-32k
data/attacks/g711-8k/LA_E_3624263.wav,fake,la_p4fix,none,g711-8k,g711-8k,na,LA_0004,2.907,16000,test,LA_E_3624263_g711-8k
data/attacks/awgn-snr5/LA_E_3624263.wav,fake,la_p4fix,none,awgn-snr5,snr5,na,LA_0004,2.907,16000,test,LA_E_3624263_awgn-snr5
data/attacks/awgn-snr10/LA_E_3624263.wav,fake,la_p4fix,none,awgn-snr10,snr10,na,LA_0004,2.907,16000,test,LA_E_3624263_awgn-snr10
data/attacks/bandpass-300-3400/LA_E_3624263.wav,fake,la_p4fix,none,bandpass-300-3400,bandpass300-3400,na,LA_0004,2.907,16000,test,LA_E_3624263_bandpass-300-3400
data/attacks/reverb-rt60-0.4/LA_E_3624263.wav,fake,la_p4fix,none,reverb-rt60-0.4,rt60-0.4,na,LA_0004,2.907,16000,test,LA_E_3624263_reverb-rt60-0.4
data/attacks/speed0.9/LA_E_3624263.wav,fake,la_p4fix,none,speed0.9,speed0.9,na,LA_0004,3.23,16000,test,LA_E_3624263_speed0.9
data/attacks/mp3-64k/LA_E_9763363.wav,fake,la_p4fix,none,mp3-64k,mp3-64k,na,LA_0016,8.023,16000,test,LA_E_9763363_mp3-64k
data/attacks/aac-128k/LA_E_9763363.wav,fake,la_p4fix,none,aac-128k,aac-128k,na,LA_0016,8.064,16000,test,LA_E_9763363_aac-128k
data/attacks/opus-32k/LA_E_9763363.wav,fake,la_p4fix,none,opus-32k,opus-32k,na,LA_0016,8.023,16000,test,LA_E_9763363_opus-32k
data/attacks/g711-8k/LA_E_9763363.wav,fake,la_p4fix,none,g711-8k,g711-8k,na,LA_0016,8.023,16000,test,LA_E_9763363_g711-8k
data/attacks/awgn-snr5/LA_E_9763363.wav,fake,la_p4fix,none,awgn-snr5,snr5,na,LA_0016,8.023,16000,test,LA_E_9763363_awgn-snr5
data/attacks/awgn-snr10/LA_E_9763363.wav,fake,la_p4fix,none,awgn-snr10,snr10,na,LA_0016,8.023,16000,test,LA_E_9763363_awgn-snr10
data/attacks/bandpass-300-3400/LA_E_9763363.wav,fake,la_p4fix,none,bandpass-300-3400,bandpass300-3400,na,LA_0016,8.023,16000,test,LA_E_9763363_bandpass-300-3400
data/attacks/reverb-rt60-0.4/LA_E_9763363.wav,fake,la_p4fix,none,reverb-rt60-0.4,rt60-0.4,na,LA_0016,8.023,16000,test,LA_E_9763363_reverb-rt60-0.4
data/attacks/speed0.9/LA_E_9763363.wav,fake,la_p4fix,none,speed0.9,speed0.9,na,LA_0016,8.914,16000,test,LA_E_9763363_speed0.9
data/attacks/mp3-64k/LA_E_3511537.wav,fake,la_p4fix,none,mp3-64k,mp3-64k,na,LA_0022,5.664,16000,test,LA_E_3511537_mp3-64k
data/attacks/aac-128k/LA_E_3511537.wav,fake,la_p4fix,none,aac-128k,aac-128k,na,LA_0022,5.696,16000,test,LA_E_3511537_aac-128k
data/attacks/opus-32k/LA_E_3511537.wav,fake,la_p4fix,none,opus-32k,opus-32k,na,LA_0022,5.664,16000,test,LA_E_3511537_opus-32k
data/attacks/g711-8k/LA_E_3511537.wav,fake,la_p4fix,none,g711-8k,g711-8k,na,LA_0022,5.664,16000,test,LA_E_3511537_g711-8k
data/attacks/awgn-snr5/LA_E_3511537.wav,fake,la_p4fix,none,awgn-snr5,snr5,na,LA_0022,5.664,16000,test,LA_E_3511537_awgn-snr5
data/attacks/awgn-snr10/LA_E_3511537.wav,fake,la_p4fix,none,awgn-snr10,snr10,na,LA_0022,5.664,16000,test,LA_E_3511537_awgn-snr10
data/attacks/bandpass-300-3400/LA_E_3511537.wav,fake,la_p4fix,none,bandpass-300-3400,bandpass300-3400,na,LA_0022,5.664,16000,test,LA_E_3511537_bandpass-300-3400
data/attacks/reverb-rt60-0.4/LA_E_3511537.wav,fake,la_p4fix,none,reverb-rt60-0.4,rt60-0.4,na,LA_0022,5.664,16000,test,LA_E_3511537_reverb-rt60-0.4
data/attacks/speed0.9/LA_E_3511537.wav,fake,la_p4fix,none,speed0.9,speed0.9,na,LA_0022,6.294,16000,test,LA_E_3511537_speed0.9
data/attacks/mp3-64k/LA_E_5588898.wav,fake,la_p4fix,none,mp3-64k,mp3-64k,na,LA_0034,2.663,16000,test,LA_E_5588898_mp3-64k
data/attacks/aac-128k/LA_E_5588898.wav,fake,la_p4fix,none,aac-128k,aac-128k,na,LA_0034,2.688,16000,test,LA_E_5588898_aac-128k
data/attacks/opus-32k/LA_E_5588898.wav,fake,la_p4fix,none,opus-32k,opus-32k,na,LA_0034,2.663,16000,test,LA_E_5588898_opus-32k
data/attacks/g711-8k/LA_E_5588898.wav,fake,la_p4fix,none,g711-8k,g711-8k,na,LA_0034,2.663,16000,test,LA_E_5588898_g711-8k
data/attacks/awgn-snr5/LA_E_5588898.wav,fake,la_p4fix,none,awgn-snr5,snr5,na,LA_0034,2.663,16000,test,LA_E_5588898_awgn-snr5
data/attacks/awgn-snr10/LA_E_5588898.wav,fake,la_p4fix,none,awgn-snr10,snr10,na,LA_0034,2.663,16000,test,LA_E_5588898_awgn-snr10
data/attacks/bandpass-300-3400/LA_E_5588898.wav,fake,la_p4fix,none,bandpass-300-3400,bandpass300-3400,na,LA_0034,2.663,16000,test,LA_E_5588898_bandpass-300-3400
data/attacks/reverb-rt60-0.4/LA_E_5588898.wav,fake,la_p4fix,none,reverb-rt60-0.4,rt60-0.4,na,LA_0034,2.663,16000,test,LA_E_5588898_reverb-rt60-0.4
data/attacks/speed0.9/LA_E_5588898.wav,fake,la_p4fix,none,speed0.9,speed0.9,na,LA_0034,2.958,16000,test,LA_E_5588898_speed0.9
data/attacks/mp3-64k/LA_E_9767632.wav,fake,la_p4fix,none,mp3-64k,mp3-64k,na,LA_0010,4.183,16000,test,LA_E_9767632_mp3-64k
data/attacks/aac-128k/LA_E_9767632.wav,fake,la_p4fix,none,aac-128k,aac-128k,na,LA_0010,4.224,16000,test,LA_E_9767632_aac-128k
data/attacks/opus-32k/LA_E_9767632.wav,fake,la_p4fix,none,opus-32k,opus-32k,na,LA_0010,4.183,16000,test,LA_E_9767632_opus-32k
data/attacks/g711-8k/LA_E_9767632.wav,fake,la_p4fix,none,g711-8k,g711-8k,na,LA_0010,4.183,16000,test,LA_E_9767632_g711-8k
data/attacks/awgn-snr5/LA_E_9767632.wav,fake,la_p4fix,none,awgn-snr5,snr5,na,LA_0010,4.183,16000,test,LA_E_9767632_awgn-snr5
data/attacks/awgn-snr10/LA_E_9767632.wav,fake,la_p4fix,none,awgn-snr10,snr10,na,LA_0010,4.183,16000,test,LA_E_9767632_awgn-snr10
data/attacks/bandpass-300-3400/LA_E_9767632.wav,fake,la_p4fix,none,bandpass-300-3400,bandpass300-3400,na,LA_0010,4.183,16000,test,LA_E_9767632_bandpass-300-3400
data/attacks/reverb-rt60-0.4/LA_E_9767632.wav,fake,la_p4fix,none,reverb-rt60-0.4,rt60-0.4,na,LA_0010,4.183,16000,test,LA_E_9767632_reverb-rt60-0.4
data/attacks/speed0.9/LA_E_9767632.wav,fake,la_p4fix,none,speed0.9,speed0.9,na,LA_0010,4.647,16000,test,LA_E_9767632_speed0.9
data/attacks/mp3-64k/LA_E_5686088.wav,fake,la_p4fix,none,mp3-64k,mp3-64k,na,LA_0015,1.659,16000,test,LA_E_5686088_mp3-64k
data/attacks/aac-128k/LA_E_5686088.wav,fake,la_p4fix,none,aac-128k,aac-128k,na,LA_0015,1.664,16000,test,LA_E_5686088_aac-128k
data/attacks/opus-32k/LA_E_5686088.wav,fake,la_p4fix,none,opus-32k,opus-32k,na,LA_0015,1.659,16000,test,LA_E_5686088_opus-32k
data/attacks/g711-8k/LA_E_5686088.wav,fake,la_p4fix,none,g711-8k,g711-8k,na,LA_0015,1.659,16000,test,LA_E_5686088_g711-8k
data/attacks/awgn-snr5/LA_E_5686088.wav,fake,la_p4fix,none,awgn-snr5,snr5,na,LA_0015,1.659,16000,test,LA_E_5686088_awgn-snr5
data/attacks/awgn-snr10/LA_E_5686088.wav,fake,la_p4fix,none,awgn-snr10,snr10,na,LA_0015,1.659,16000,test,LA_E_5686088_awgn-snr10
data/attacks/bandpass-300-3400/LA_E_5686088.wav,fake,la_p4fix,none,bandpass-300-3400,bandpass300-3400,na,LA_0015,1.659,16000,test,LA_E_5686088_bandpass-300-3400
data/attacks/reverb-rt60-0.4/LA_E_5686088.wav,fake,la_p4fix,none,reverb-rt60-0.4,rt60-0.4,na,LA_0015,1.659,16000,test,LA_E_5686088_reverb-rt60-0.4
data/attacks/speed0.9/LA_E_5686088.wav,fake,la_p4fix,none,speed0.9,speed0.9,na,LA_0015,1.844,16000,test,LA_E_5686088_speed0.9
data/attacks/mp3-64k/LA_E_2986022.wav,fake,la_p4fix,none,mp3-64k,mp3-64k,na,LA_0037,3.664,16000,test,LA_E_2986022_mp3-64k
data/attacks/aac-128k/LA_E_2986022.wav,fake,la_p4fix,none,aac-128k,aac-128k,na,LA_0037,3.712,16000,test,LA_E_2986022_aac-128k
data/attacks/opus-32k/LA_E_2986022.wav,fake,la_p4fix,none,opus-32k,opus-32k,na,LA_0037,3.664,16000,test,LA_E_2986022_opus-32k
data/attacks/g711-8k/LA_E_2986022.wav,fake,la_p4fix,none,g711-8k,g711-8k,na,LA_0037,3.664,16000,test,LA_E_2986022_g711-8k
data/attacks/awgn-snr5/LA_E_2986022.wav,fake,la_p4fix,none,awgn-snr5,snr5,na,LA_0037,3.664,16000,test,LA_E_2986022_awgn-snr5
data/attacks/awgn-snr10/LA_E_2986022.wav,fake,la_p4fix,none,awgn-snr10,snr10,na,LA_0037,3.664,16000,test,LA_E_2986022_awgn-snr10
data/attacks/bandpass-300-3400/LA_E_2986022.wav,fake,la_p4fix,none,bandpass-300-3400,bandpass300-3400,na,LA_0037,3.664,16000,test,LA_E_2986022_bandpass-300-3400
data/attacks/reverb-rt60-0.4/LA_E_2986022.wav,fake,la_p4fix,none,reverb-rt60-0.4,rt60-0.4,na,LA_0037,3.664,16000,test,LA_E_2986022_reverb-rt60-0.4
data/attacks/speed0.9/LA_E_2986022.wav,fake,la_p4fix,none,speed0.9,speed0.9,na,LA_0037,4.071,16000,test,LA_E_2986022_speed0.9
data/attacks/mp3-64k/LA_E_9504206.wav,fake,la_p4fix,none,mp3-64k,mp3-64k,na,LA_0008,2.3,16000,test,LA_E_9504206_mp3-64k
data/attacks/aac-128k/LA_E_9504206.wav,fake,la_p4fix,none,aac-128k,aac-128k,na,LA_0008,2.304,16000,test,LA_E_9504206_aac-128k
data/attacks/opus-32k/LA_E_9504206.wav,fake,la_p4fix,none,opus-32k,opus-32k,na,LA_0008,2.3,16000,test,LA_E_9504206_opus-32k
data/attacks/g711-8k/LA_E_9504206.wav,fake,la_p4fix,none,g711-8k,g711-8k,na,LA_0008,2.3,16000,test,LA_E_9504206_g711-8k
data/attacks/awgn-snr5/LA_E_9504206.wav,fake,la_p4fix,none,awgn-snr5,snr5,na,LA_0008,2.3,16000,test,LA_E_9504206_awgn-snr5
data/attacks/awgn-snr10/LA_E_9504206.wav,fake,la_p4fix,none,awgn-snr10,snr10,na,LA_0008,2.3,16000,test,LA_E_9504206_awgn-snr10
data/attacks/bandpass-300-3400/LA_E_9504206.wav,fake,la_p4fix,none,bandpass-300-3400,bandpass300-3400,na,LA_0008,2.3,16000,test,LA_E_9504206_bandpass-300-3400
data/attacks/reverb-rt60-0.4/LA_E_9504206.wav,fake,la_p4fix,none,reverb-rt60-0.4,rt60-0.4,na,LA_0008,2.3,16000,test,LA_E_9504206_reverb-rt60-0.4
data/attacks/speed0.9/LA_E_9504206.wav,fake,la_p4fix,none,speed0.9,speed0.9,na,LA_0008,2.555,16000,test,LA_E_9504206_speed0.9
data/attacks/mp3-64k/LA_E_1720398.wav,fake,la_p4fix,none,mp3-64k,mp3-64k,na,LA_0020,2.184,16000,test,LA_E_1720398_mp3-64k
data/attacks/aac-128k/LA_E_1720398.wav,fake,la_p4fix,none,aac-128k,aac-128k,na,LA_0020,2.24,16000,test,LA_E_1720398_aac-128k
data/attacks/opus-32k/LA_E_1720398.wav,fake,la_p4fix,none,opus-32k,opus-32k,na,LA_0020,2.184,16000,test,LA_E_1720398_opus-32k
data/attacks/g711-8k/LA_E_1720398.wav,fake,la_p4fix,none,g711-8k,g711-8k,na,LA_0020,2.184,16000,test,LA_E_1720398_g711-8k
data/attacks/awgn-snr5/LA_E_1720398.wav,fake,la_p4fix,none,awgn-snr5,snr5,na,LA_0020,2.184,16000,test,LA_E_1720398_awgn-snr5
data/attacks/awgn-snr10/LA_E_1720398.wav,fake,la_p4fix,none,awgn-snr10,snr10,na,LA_0020,2.184,16000,test,LA_E_1720398_awgn-snr10
data/attacks/bandpass-300-3400/LA_E_1720398.wav,fake,la_p4fix,none,bandpass-300-3400,bandpass300-3400,na,LA_0020,2.184,16000,test,LA_E_1720398_bandpass-300-3400
data/attacks/reverb-rt60-0.4/LA_E_1720398.wav,fake,la_p4fix,none,reverb-rt60-0.4,rt60-0.4,na,LA_0020,2.184,16000,test,LA_E_1720398_reverb-rt60-0.4
data/attacks/speed0.9/LA_E_1720398.wav,fake,la_p4fix,none,speed0.9,speed0.9,na,LA_0020,2.427,16000,test,LA_E_1720398_speed0.9
data/attacks/mp3-64k/LA_E_1027501.wav,fake,la_p4fix,none,mp3-64k,mp3-64k,na,LA_0039,2.261,16000,test,LA_E_1027501_mp3-64k
data/attacks/aac-128k/LA_E_1027501.wav,fake,la_p4fix,none,aac-128k,aac-128k,na,LA_0039,2.304,16000,test,LA_E_1027501_aac-128k
data/attacks/opus-32k/LA_E_1027501.wav,fake,la_p4fix,none,opus-32k,opus-32k,na,LA_0039,2.261,16000,test,LA_E_1027501_opus-32k
data/attacks/g711-8k/LA_E_1027501.wav,fake,la_p4fix,none,g711-8k,g711-8k,na,LA_0039,2.261,16000,test,LA_E_1027501_g711-8k
data/attacks/awgn-snr5/LA_E_1027501.wav,fake,la_p4fix,none,awgn-snr5,snr5,na,LA_0039,2.261,16000,test,LA_E_1027501_awgn-snr5
data/attacks/awgn-snr10/LA_E_1027501.wav,fake,la_p4fix,none,awgn-snr10,snr10,na,LA_0039,2.261,16000,test,LA_E_1027501_awgn-snr10
data/attacks/bandpass-300-3400/LA_E_1027501.wav,fake,la_p4fix,none,bandpass-300-3400,bandpass300-3400,na,LA_0039,2.261,16000,test,LA_E_1027501_bandpass-300-3400
data/attacks/reverb-rt60-0.4/LA_E_1027501.wav,fake,la_p4fix,none,reverb-rt60-0.4,rt60-0.4,na,LA_0039,2.261,16000,test,LA_E_1027501_reverb-rt60-0.4
data/attacks/speed0.9/LA_E_1027501.wav,fake,la_p4fix,none,speed0.9,speed0.9,na,LA_0039,2.512,16000,test,LA_E_1027501_speed0.9
data/attacks/mp3-64k/LA_E_4641066.wav,fake,la_p4fix,none,mp3-64k,mp3-64k,na,LA_0045,2.262,16000,test,LA_E_4641066_mp3-64k
data/attacks/aac-128k/LA_E_4641066.wav,fake,la_p4fix,none,aac-128k,aac-128k,na,LA_0045,2.304,16000,test,LA_E_4641066_aac-128k
data/attacks/opus-32k/LA_E_4641066.wav,fake,la_p4fix,none,opus-32k,opus-32k,na,LA_0045,2.262,16000,test,LA_E_4641066_opus-32k
data/attacks/g711-8k/LA_E_4641066.wav,fake,la_p4fix,none,g711-8k,g711-8k,na,LA_0045,2.262,16000,test,LA_E_4641066_g711-8k
data/attacks/awgn-snr5/LA_E_4641066.wav,fake,la_p4fix,none,awgn-snr5,snr5,na,LA_0045,2.262,16000,test,LA_E_4641066_awgn-snr5
data/attacks/awgn-snr10/LA_E_4641066.wav,fake,la_p4fix,none,awgn-snr10,snr10,na,LA_0045,2.262,16000,test,LA_E_4641066_awgn-snr10
data/attacks/bandpass-300-3400/LA_E_4641066.wav,fake,la_p4fix,none,bandpass-300-3400,bandpass300-3400,na,LA_0045,2.262,16000,test,LA_E_4641066_bandpass-300-3400
data/attacks/reverb-rt60-0.4/LA_E_4641066.wav,fake,la_p4fix,none,reverb-rt60-0.4,rt60-0.4,na,LA_0045,2.262,16000,test,LA_E_4641066_reverb-rt60-0.4
data/attacks/speed0.9/LA_E_4641066.wav,fake,la_p4fix,none,speed0.9,speed0.9,na,LA_0045,2.514,16000,test,LA_E_4641066_speed0.9
data/attacks/mp3-64k/LA_E_5691574.wav,fake,la_p4fix,none,mp3-64k,mp3-64k,na,LA_0009,3.944,16000,test,LA_E_5691574_mp3-64k
data/attacks/aac-128k/LA_E_5691574.wav,fake,la_p4fix,none,aac-128k,aac-128k,na,LA_0009,3.968,16000,test,LA_E_5691574_aac-128k
data/attacks/opus-32k/LA_E_5691574.wav,fake,la_p4fix,none,opus-32k,opus-32k,na,LA_0009,3.944,16000,test,LA_E_5691574_opus-32k
data/attacks/g711-8k/LA_E_5691574.wav,fake,la_p4fix,none,g711-8k,g711-8k,na,LA_0009,3.944,16000,test,LA_E_5691574_g711-8k
data/attacks/awgn-snr5/LA_E_5691574.wav,fake,la_p4fix,none,awgn-snr5,snr5,na,LA_0009,3.944,16000,test,LA_E_5691574_awgn-snr5
data/attacks/awgn-snr10/LA_E_5691574.wav,fake,la_p4fix,none,awgn-snr10,snr10,na,LA_0009,3.944,16000,test,LA_E_5691574_awgn-snr10
data/attacks/bandpass-300-3400/LA_E_5691574.wav,fake,la_p4fix,none,bandpass-300-3400,bandpass300-3400,na,LA_0009,3.944,16000,test,LA_E_5691574_bandpass-300-3400
data/attacks/reverb-rt60-0.4/LA_E_5691574.wav,fake,la_p4fix,none,reverb-rt60-0.4,rt60-0.4,na,LA_0009,3.944,16000,test,LA_E_5691574_reverb-rt60-0.4
data/attacks/speed0.9/LA_E_5691574.wav,fake,la_p4fix,none,speed0.9,speed0.9,na,LA_0009,4.382,16000,test,LA_E_5691574_speed0.9
data/attacks/mp3-64k/LA_E_8810729.wav,fake,la_p4fix,none,mp3-64k,mp3-64k,na,LA_0009,2.624,16000,test,LA_E_8810729_mp3-64k
data/attacks/aac-128k/LA_E_8810729.wav,fake,la_p4fix,none,aac-128k,aac-128k,na,LA_0009,2.688,16000,test,LA_E_8810729_aac-128k
data/attacks/opus-32k/LA_E_8810729.wav,fake,la_p4fix,none,opus-32k,opus-32k,na,LA_0009,2.624,16000,test,LA_E_8810729_opus-32k
data/attacks/g711-8k/LA_E_8810729.wav,fake,la_p4fix,none,g711-8k,g711-8k,na,LA_0009,2.624,16000,test,LA_E_8810729_g711-8k
data/attacks/awgn-snr5/LA_E_8810729.wav,fake,la_p4fix,none,awgn-snr5,snr5,na,LA_0009,2.624,16000,test,LA_E_8810729_awgn-snr5
data/attacks/awgn-snr10/LA_E_8810729.wav,fake,la_p4fix,none,awgn-snr10,snr10,na,LA_0009,2.624,16000,test,LA_E_8810729_awgn-snr10
data/attacks/bandpass-300-3400/LA_E_8810729.wav,fake,la_p4fix,none,bandpass-300-3400,bandpass300-3400,na,LA_0009,2.624,16000,test,LA_E_8810729_bandpass-300-3400
data/attacks/reverb-rt60-0.4/LA_E_8810729.wav,fake,la_p4fix,none,reverb-rt60-0.4,rt60-0.4,na,LA_0009,2.624,16000,test,LA_E_8810729_reverb-rt60-0.4
data/attacks/speed0.9/LA_E_8810729.wav,fake,la_p4fix,none,speed0.9,speed0.9,na,LA_0009,2.916,16000,test,LA_E_8810729_speed0.9
data/attacks/mp3-64k/LA_E_4075951.wav,fake,la_p4fix,none,mp3-64k,mp3-64k,na,LA_0022,7.063,16000,test,LA_E_4075951_mp3-64k
data/attacks/aac-128k/LA_E_4075951.wav,fake,la_p4fix,none,aac-128k,aac-128k,na,LA_0022,7.104,16000,test,LA_E_4075951_aac-128k
data/attacks/opus-32k/LA_E_4075951.wav,fake,la_p4fix,none,opus-32k,opus-32k,na,LA_0022,7.063,16000,test,LA_E_4075951_opus-32k
data/attacks/g711-8k/LA_E_4075951.wav,fake,la_p4fix,none,g711-8k,g711-8k,na,LA_0022,7.063,16000,test,LA_E_4075951_g711-8k
data/attacks/awgn-snr5/LA_E_4075951.wav,fake,la_p4fix,none,awgn-snr5,snr5,na,LA_0022,7.063,16000,test,LA_E_4075951_awgn-snr5
data/attacks/awgn-snr10/LA_E_4075951.wav,fake,la_p4fix,none,awgn-snr10,snr10,na,LA_0022,7.063,16000,test,LA_E_4075951_awgn-snr10
data/attacks/bandpass-300-3400/LA_E_4075951.wav,fake,la_p4fix,none,bandpass-300-3400,bandpass300-3400,na,LA_0022,7.063,16000,test,LA_E_4075951_bandpass-300-3400
data/attacks/reverb-rt60-0.4/LA_E_4075951.wav,fake,la_p4fix,none,reverb-rt60-0.4,rt60-0.4,na,LA_0022,7.063,16000,test,LA_E_4075951_reverb-rt60-0.4
data/attacks/speed0.9/LA_E_4075951.wav,fake,la_p4fix,none,speed0.9,speed0.9,na,LA_0022,7.848,16000,test,LA_E_4075951_speed0.9
data/attacks/mp3-64k/LA_E_1275393.wav,fake,la_p4fix,none,mp3-64k,mp3-64k,na,LA_0023,2.78,16000,test,LA_E_1275393_mp3-64k
data/attacks/aac-128k/LA_E_1275393.wav,fake,la_p4fix,none,aac-128k,aac-128k,na,LA_0023,2.816,16000,test,LA_E_1275393_aac-128k
data/attacks/opus-32k/LA_E_1275393.wav,fake,la_p4fix,none,opus-32k,opus-32k,na,LA_0023,2.78,16000,test,LA_E_1275393_opus-32k
data/attacks/g711-8k/LA_E_1275393.wav,fake,la_p4fix,none,g711-8k,g711-8k,na,LA_0023,2.78,16000,test,LA_E_1275393_g711-8k
data/attacks/awgn-snr5/LA_E_1275393.wav,fake,la_p4fix,none,awgn-snr5,snr5,na,LA_0023,2.78,16000,test,LA_E_1275393_awgn-snr5
data/attacks/awgn-snr10/LA_E_1275393.wav,fake,la_p4fix,none,awgn-snr10,snr10,na,LA_0023,2.78,16000,test,LA_E_1275393_awgn-snr10
data/attacks/bandpass-300-3400/LA_E_1275393.wav,fake,la_p4fix,none,bandpass-300-3400,bandpass300-3400,na,LA_0023,2.78,16000,test,LA_E_1275393_bandpass-300-3400
data/attacks/reverb-rt60-0.4/LA_E_1275393.wav,fake,la_p4fix,none,reverb-rt60-0.4,rt60-0.4,na,LA_0023,2.78,16000,test,LA_E_1275393_reverb-rt60-0.4
data/attacks/speed0.9/LA_E_1275393.wav,fake,la_p4fix,none,speed0.9,speed0.9,na,LA_0023,3.088,16000,test,LA_E_1275393_speed0.9
data/attacks/mp3-64k/LA_E_9824846.wav,fake,la_p4fix,none,mp3-64k,mp3-64k,na,LA_0032,4.101,16000,test,LA_E_9824846_mp3-64k
data/attacks/aac-128k/LA_E_9824846.wav,fake,la_p4fix,none,aac-128k,aac-128k,na,LA_0032,4.16,16000,test,LA_E_9824846_aac-128k
data/attacks/opus-32k/LA_E_9824846.wav,fake,la_p4fix,none,opus-32k,opus-32k,na,LA_0032,4.101,16000,test,LA_E_9824846_opus-32k
data/attacks/g711-8k/LA_E_9824846.wav,fake,la_p4fix,none,g711-8k,g711-8k,na,LA_0032,4.101,16000,test,LA_E_9824846_g711-8k
data/attacks/awgn-snr5/LA_E_9824846.wav,fake,la_p4fix,none,awgn-snr5,snr5,na,LA_0032,4.101,16000,test,LA_E_9824846_awgn-snr5
data/attacks/awgn-snr10/LA_E_9824846.wav,fake,la_p4fix,none,awgn-snr10,snr10,na,LA_0032,4.101,16000,test,LA_E_9824846_awgn-snr10
data/attacks/bandpass-300-3400/LA_E_9824846.wav,fake,la_p4fix,none,bandpass-300-3400,bandpass300-3400,na,LA_0032,4.101,16000,test,LA_E_9824846_bandpass-300-3400
data/attacks/reverb-rt60-0.4/LA_E_9824846.wav,fake,la_p4fix,none,reverb-rt60-0.4,rt60-0.4,na,LA_0032,4.101,16000,test,LA_E_9824846_reverb-rt60-0.4
data/attacks/speed0.9/LA_E_9824846.wav,fake,la_p4fix,none,speed0.9,speed0.9,na,LA_0032,4.557,16000,test,LA_E_9824846_speed0.9
data/attacks/mp3-64k/LA_E_1551395.wav,fake,la_p4fix,none,mp3-64k,mp3-64k,na,LA_0016,1.778,16000,test,LA_E_1551395_mp3-64k
data/attacks/aac-128k/LA_E_1551395.wav,fake,la_p4fix,none,aac-128k,aac-128k,na,LA_0016,1.792,16000,test,LA_E_1551395_aac-128k
data/attacks/opus-32k/LA_E_1551395.wav,fake,la_p4fix,none,opus-32k,opus-32k,na,LA_0016,1.778,16000,test,LA_E_1551395_opus-32k
data/attacks/g711-8k/LA_E_1551395.wav,fake,la_p4fix,none,g711-8k,g711-8k,na,LA_0016,1.778,16000,test,LA_E_1551395_g711-8k
data/attacks/awgn-snr5/LA_E_1551395.wav,fake,la_p4fix,none,awgn-snr5,snr5,na,LA_0016,1.778,16000,test,LA_E_1551395_awgn-snr5
data/attacks/awgn-snr10/LA_E_1551395.wav,fake,la_p4fix,none,awgn-snr10,snr10,na,LA_0016,1.778,16000,test,LA_E_1551395_awgn-snr10
data/attacks/bandpass-300-3400/LA_E_1551395.wav,fake,la_p4fix,none,bandpass-300-3400,bandpass300-3400,na,LA_0016,1.778,16000,test,LA_E_1551395_bandpass-300-3400
data/attacks/reverb-rt60-0.4/LA_E_1551395.wav,fake,la_p4fix,none,reverb-rt60-0.4,rt60-0.4,na,LA_0016,1.778,16000,test,LA_E_1551395_reverb-rt60-0.4
data/attacks/speed0.9/LA_E_1551395.wav,fake,la_p4fix,none,speed0.9,speed0.9,na,LA_0016,1.976,16000,test,LA_E_1551395_speed0.9
data/attacks/mp3-64k/LA_E_8024525.wav,fake,la_p4fix,none,mp3-64k,mp3-64k,na,LA_0015,3.588,16000,test,LA_E_8024525_mp3-64k
data/attacks/aac-128k/LA_E_8024525.wav,fake,la_p4fix,none,aac-128k,aac-128k,na,LA_0015,3.648,16000,test,LA_E_8024525_aac-128k
data/attacks/opus-32k/LA_E_8024525.wav,fake,la_p4fix,none,opus-32k,opus-32k,na,LA_0015,3.588,16000,test,LA_E_8024525_opus-32k
data/attacks/g711-8k/LA_E_8024525.wav,fake,la_p4fix,none,g711-8k,g711-8k,na,LA_0015,3.588,16000,test,LA_E_8024525_g711-8k
data/attacks/awgn-snr5/LA_E_8024525.wav,fake,la_p4fix,none,awgn-snr5,snr5,na,LA_0015,3.588,16000,test,LA_E_8024525_awgn-snr5
data/attacks/awgn-snr10/LA_E_8024525.wav,fake,la_p4fix,none,awgn-snr10,snr10,na,LA_0015,3.588,16000,test,LA_E_8024525_awgn-snr10
data/attacks/bandpass-300-3400/LA_E_8024525.wav,fake,la_p4fix,none,bandpass-300-3400,bandpass300-3400,na,LA_0015,3.588,16000,test,LA_E_8024525_bandpass-300-3400
data/attacks/reverb-rt60-0.4/LA_E_8024525.wav,fake,la_p4fix,none,reverb-rt60-0.4,rt60-0.4,na,LA_0015,3.588,16000,test,LA_E_8024525_reverb-rt60-0.4
data/attacks/speed0.9/LA_E_8024525.wav,fake,la_p4fix,none,speed0.9,speed0.9,na,LA_0015,3.986,16000,test,LA_E_8024525_speed0.9
data/attacks/mp3-64k/LA_E_4890504.wav,fake,la_p4fix,none,mp3-64k,mp3-64k,na,LA_0006,5.043,16000,test,LA_E_4890504_mp3-64k
data/attacks/aac-128k/LA_E_4890504.wav,fake,la_p4fix,none,aac-128k,aac-128k,na,LA_0006,5.056,16000,test,LA_E_4890504_aac-128k
data/attacks/opus-32k/LA_E_4890504.wav,fake,la_p4fix,none,opus-32k,opus-32k,na,LA_0006,5.042,16000,test,LA_E_4890504_opus-32k
data/attacks/g711-8k/LA_E_4890504.wav,fake,la_p4fix,none,g711-8k,g711-8k,na,LA_0006,5.042,16000,test,LA_E_4890504_g711-8k
data/attacks/awgn-snr5/LA_E_4890504.wav,fake,la_p4fix,none,awgn-snr5,snr5,na,LA_0006,5.042,16000,test,LA_E_4890504_awgn-snr5
data/attacks/awgn-snr10/LA_E_4890504.wav,fake,la_p4fix,none,awgn-snr10,snr10,na,LA_0006,5.042,16000,test,LA_E_4890504_awgn-snr10
data/attacks/bandpass-300-3400/LA_E_4890504.wav,fake,la_p4fix,none,bandpass-300-3400,bandpass300-3400,na,LA_0006,5.042,16000,test,LA_E_4890504_bandpass-300-3400
data/attacks/reverb-rt60-0.4/LA_E_4890504.wav,fake,la_p4fix,none,reverb-rt60-0.4,rt60-0.4,na,LA_0006,5.042,16000,test,LA_E_4890504_reverb-rt60-0.4
data/attacks/speed0.9/LA_E_4890504.wav,fake,la_p4fix,none,speed0.9,speed0.9,na,LA_0006,5.602,16000,test,LA_E_4890504_speed0.9
data/attacks/mp3-64k/LA_E_5496015.wav,fake,la_p4fix,none,mp3-64k,mp3-64k,na,LA_0048,3.59,16000,test,LA_E_5496015_mp3-64k
data/attacks/aac-128k/LA_E_5496015.wav,fake,la_p4fix,none,aac-128k,aac-128k,na,LA_0048,3.648,16000,test,LA_E_5496015_aac-128k
data/attacks/opus-32k/LA_E_5496015.wav,fake,la_p4fix,none,opus-32k,opus-32k,na,LA_0048,3.59,16000,test,LA_E_5496015_opus-32k
data/attacks/g711-8k/LA_E_5496015.wav,fake,la_p4fix,none,g711-8k,g711-8k,na,LA_0048,3.59,16000,test,LA_E_5496015_g711-8k
data/attacks/awgn-snr5/LA_E_5496015.wav,fake,la_p4fix,none,awgn-snr5,snr5,na,LA_0048,3.59,16000,test,LA_E_5496015_awgn-snr5
data/attacks/awgn-snr10/LA_E_5496015.wav,fake,la_p4fix,none,awgn-snr10,snr10,na,LA_0048,3.59,16000,test,LA_E_5496015_awgn-snr10
data/attacks/bandpass-300-3400/LA_E_5496015.wav,fake,la_p4fix,none,bandpass-300-3400,bandpass300-3400,na,LA_0048,3.59,16000,test,LA_E_5496015_bandpass-300-3400
data/attacks/reverb-rt60-0.4/LA_E_5496015.wav,fake,la_p4fix,none,reverb-rt60-0.4,rt60-0.4,na,LA_0048,3.59,16000,test,LA_E_5496015_reverb-rt60-0.4
data/attacks/speed0.9/LA_E_5496015.wav,fake,la_p4fix,none,speed0.9,speed0.9,na,LA_0048,3.989,16000,test,LA_E_5496015_speed0.9
data/attacks/mp3-64k/LA_E_4285322.wav,fake,la_p4fix,none,mp3-64k,mp3-64k,na,LA_0007,2.681,16000,test,LA_E_4285322_mp3-64k
data/attacks/aac-128k/LA_E_4285322.wav,fake,la_p4fix,none,aac-128k,aac-128k,na,LA_0007,2.688,16000,test,LA_E_4285322_aac-128k
data/attacks/opus-32k/LA_E_4285322.wav,fake,la_p4fix,none,opus-32k,opus-32k,na,LA_0007,2.681,16000,test,LA_E_4285322_opus-32k
data/attacks/g711-8k/LA_E_4285322.wav,fake,la_p4fix,none,g711-8k,g711-8k,na,LA_0007,2.681,16000,test,LA_E_4285322_g711-8k
data/attacks/awgn-snr5/LA_E_4285322.wav,fake,la_p4fix,none,awgn-snr5,snr5,na,LA_0007,2.681,16000,test,LA_E_4285322_awgn-snr5
data/attacks/awgn-snr10/LA_E_4285322.wav,fake,la_p4fix,none,awgn-snr10,snr10,na,LA_0007,2.681,16000,test,LA_E_4285322_awgn-snr10
data/attacks/bandpass-300-3400/LA_E_4285322.wav,fake,la_p4fix,none,bandpass-300-3400,bandpass300-3400,na,LA_0007,2.681,16000,test,LA_E_4285322_bandpass-300-3400
data/attacks/reverb-rt60-0.4/LA_E_4285322.wav,fake,la_p4fix,none,reverb-rt60-0.4,rt60-0.4,na,LA_0007,2.681,16000,test,LA_E_4285322_reverb-rt60-0.4
data/attacks/speed0.9/LA_E_4285322.wav,fake,la_p4fix,none,speed0.9,speed0.9,na,LA_0007,2.979,16000,test,LA_E_4285322_speed0.9
data/attacks/mp3-64k/LA_E_2168903.wav,fake,la_p4fix,none,mp3-64k,mp3-64k,na,LA_0020,3.597,16000,test,LA_E_2168903_mp3-64k
data/attacks/aac-128k/LA_E_2168903.wav,fake,la_p4fix,none,aac-128k,aac-128k,na,LA_0020,3.648,16000,test,LA_E_2168903_aac-128k
data/attacks/opus-32k/LA_E_2168903.wav,fake,la_p4fix,none,opus-32k,opus-32k,na,LA_0020,3.597,16000,test,LA_E_2168903_opus-32k
data/attacks/g711-8k/LA_E_2168903.wav,fake,la_p4fix,none,g711-8k,g711-8k,na,LA_0020,3.597,16000,test,LA_E_2168903_g711-8k
data/attacks/awgn-snr5/LA_E_2168903.wav,fake,la_p4fix,none,awgn-snr5,snr5,na,LA_0020,3.597,16000,test,LA_E_2168903_awgn-snr5
data/attacks/awgn-snr10/LA_E_2168903.wav,fake,la_p4fix,none,awgn-snr10,snr10,na,LA_0020,3.597,16000,test,LA_E_2168903_awgn-snr10
data/attacks/bandpass-300-3400/LA_E_2168903.wav,fake,la_p4fix,none,bandpass-300-3400,bandpass300-3400,na,LA_0020,3.597,16000,test,LA_E_2168903_bandpass-300-3400
data/attacks/reverb-rt60-0.4/LA_E_2168903.wav,fake,la_p4fix,none,reverb-rt60-0.4,rt60-0.4,na,LA_0020,3.597,16000,test,LA_E_2168903_reverb-rt60-0.4
data/attacks/speed0.9/LA_E_2168903.wav,fake,la_p4fix,none,speed0.9,speed0.9,na,LA_0020,3.996,16000,test,LA_E_2168903_speed0.9
data/attacks/mp3-64k/LA_E_9420063.wav,fake,la_p4fix,none,mp3-64k,mp3-64k,na,LA_0023,2.904,16000,test,LA_E_9420063_mp3-64k
data/attacks/aac-128k/LA_E_9420063.wav,fake,la_p4fix,none,aac-128k,aac-128k,na,LA_0023,2.944,16000,test,LA_E_9420063_aac-128k
data/attacks/opus-32k/LA_E_9420063.wav,fake,la_p4fix,none,opus-32k,opus-32k,na,LA_0023,2.904,16000,test,LA_E_9420063_opus-32k
data/attacks/g711-8k/LA_E_9420063.wav,fake,la_p4fix,none,g711-8k,g711-8k,na,LA_0023,2.904,16000,test,LA_E_9420063_g711-8k
data/attacks/awgn-snr5/LA_E_9420063.wav,fake,la_p4fix,none,awgn-snr5,snr5,na,LA_0023,2.904,16000,test,LA_E_9420063_awgn-snr5
data/attacks/awgn-snr10/LA_E_9420063.wav,fake,la_p4fix,none,awgn-snr10,snr10,na,LA_0023,2.904,16000,test,LA_E_9420063_awgn-snr10
data/attacks/bandpass-300-3400/LA_E_9420063.wav,fake,la_p4fix,none,bandpass-300-3400,bandpass300-3400,na,LA_0023,2.904,16000,test,LA_E_9420063_bandpass-300-3400
data/attacks/reverb-rt60-0.4/LA_E_9420063.wav,fake,la_p4fix,none,reverb-rt60-0.4,rt60-0.4,na,LA_0023,2.904,16000,test,LA_E_9420063_reverb-rt60-0.4
data/attacks/speed0.9/LA_E_9420063.wav,fake,la_p4fix,none,speed0.9,speed0.9,na,LA_0023,3.226,16000,test,LA_E_9420063_speed0.9
data/attacks/mp3-64k/LA_E_6930441.wav,fake,la_p4fix,none,mp3-64k,mp3-64k,na,LA_0004,1.818,16000,test,LA_E_6930441_mp3-64k
data/attacks/aac-128k/LA_E_6930441.wav,fake,la_p4fix,none,aac-128k,aac-128k,na,LA_0004,1.856,16000,test,LA_E_6930441_aac-128k
data/attacks/opus-32k/LA_E_6930441.wav,fake,la_p4fix,none,opus-32k,opus-32k,na,LA_0004,1.818,16000,test,LA_E_6930441_opus-32k
data/attacks/g711-8k/LA_E_6930441.wav,fake,la_p4fix,none,g711-8k,g711-8k,na,LA_0004,1.818,16000,test,LA_E_6930441_g711-8k
data/attacks/awgn-snr5/LA_E_6930441.wav,fake,la_p4fix,none,awgn-snr5,snr5,na,LA_0004,1.818,16000,test,LA_E_6930441_awgn-snr5
data/attacks/awgn-snr10/LA_E_6930441.wav,fake,la_p4fix,none,awgn-snr10,snr10,na,LA_0004,1.818,16000,test,LA_E_6930441_awgn-snr10
data/attacks/bandpass-300-3400/LA_E_6930441.wav,fake,la_p4fix,none,bandpass-300-3400,bandpass300-3400,na,LA_0004,1.818,16000,test,LA_E_6930441_bandpass-300-3400
data/attacks/reverb-rt60-0.4/LA_E_6930441.wav,fake,la_p4fix,none,reverb-rt60-0.4,rt60-0.4,na,LA_0004,1.818,16000,test,LA_E_6930441_reverb-rt60-0.4
data/attacks/speed0.9/LA_E_6930441.wav,fake,la_p4fix,none,speed0.9,speed0.9,na,LA_0004,2.02,16000,test,LA_E_6930441_speed0.9
data/attacks/mp3-64k/LA_E_4148661.wav,fake,la_p4fix,none,mp3-64k,mp3-64k,na,LA_0026,1.544,16000,test,LA_E_4148661_mp3-64k
data/attacks/aac-128k/LA_E_4148661.wav,fake,la_p4fix,none,aac-128k,aac-128k,na,LA_0026,1.6,16000,test,LA_E_4148661_aac-128k
data/attacks/opus-32k/LA_E_4148661.wav,fake,la_p4fix,none,opus-32k,opus-32k,na,LA_0026,1.544,16000,test,LA_E_4148661_opus-32k
data/attacks/g711-8k/LA_E_4148661.wav,fake,la_p4fix,none,g711-8k,g711-8k,na,LA_0026,1.544,16000,test,LA_E_4148661_g711-8k
data/attacks/awgn-snr5/LA_E_4148661.wav,fake,la_p4fix,none,awgn-snr5,snr5,na,LA_0026,1.544,16000,test,LA_E_4148661_awgn-snr5
data/attacks/awgn-snr10/LA_E_4148661.wav,fake,la_p4fix,none,awgn-snr10,snr10,na,LA_0026,1.544,16000,test,LA_E_4148661_awgn-snr10
data/attacks/bandpass-300-3400/LA_E_4148661.wav,fake,la_p4fix,none,bandpass-300-3400,bandpass300-3400,na,LA_0026,1.544,16000,test,LA_E_4148661_bandpass-300-3400
data/attacks/reverb-rt60-0.4/LA_E_4148661.wav,fake,la_p4fix,none,reverb-rt60-0.4,rt60-0.4,na,LA_0026,1.544,16000,test,LA_E_4148661_reverb-rt60-0.4
data/attacks/speed0.9/LA_E_4148661.wav,fake,la_p4fix,none,speed0.9,speed0.9,na,LA_0026,1.715,16000,test,LA_E_4148661_speed0.9
data/attacks/mp3-64k/LA_E_4599722.wav,fake,la_p4fix,none,mp3-64k,mp3-64k,na,LA_0007,1.461,16000,test,LA_E_4599722_mp3-64k
data/attacks/aac-128k/LA_E_4599722.wav,fake,la_p4fix,none,aac-128k,aac-128k,na,LA_0007,1.472,16000,test,LA_E_4599722_aac-128k
data/attacks/opus-32k/LA_E_4599722.wav,fake,la_p4fix,none,opus-32k,opus-32k,na,LA_0007,1.461,16000,test,LA_E_4599722_opus-32k
data/attacks/g711-8k/LA_E_4599722.wav,fake,la_p4fix,none,g711-8k,g711-8k,na,LA_0007,1.461,16000,test,LA_E_4599722_g711-8k
data/attacks/awgn-snr5/LA_E_4599722.wav,fake,la_p4fix,none,awgn-snr5,snr5,na,LA_0007,1.461,16000,test,LA_E_4599722_awgn-snr5
data/attacks/awgn-snr10/LA_E_4599722.wav,fake,la_p4fix,none,awgn-snr10,snr10,na,LA_0007,1.461,16000,test,LA_E_4599722_awgn-snr10
data/attacks/bandpass-300-3400/LA_E_4599722.wav,fake,la_p4fix,none,bandpass-300-3400,bandpass300-3400,na,LA_0007,1.461,16000,test,LA_E_4599722_bandpass-300-3400
data/attacks/reverb-rt60-0.4/LA_E_4599722.wav,fake,la_p4fix,none,reverb-rt60-0.4,rt60-0.4,na,LA_0007,1.461,16000,test,LA_E_4599722_reverb-rt60-0.4
data/attacks/speed0.9/LA_E_4599722.wav,fake,la_p4fix,none,speed0.9,speed0.9,na,LA_0007,1.623,16000,test,LA_E_4599722_speed0.9
data/attacks/mp3-64k/LA_E_4399777.wav,fake,la_p4fix,none,mp3-64k,mp3-64k,na,LA_0029,3.4,16000,test,LA_E_4399777_mp3-64k
data/attacks/aac-128k/LA_E_4399777.wav,fake,la_p4fix,none,aac-128k,aac-128k,na,LA_0029,3.456,16000,test,LA_E_4399777_aac-128k
data/attacks/opus-32k/LA_E_4399777.wav,fake,la_p4fix,none,opus-32k,opus-32k,na,LA_0029,3.4,16000,test,LA_E_4399777_opus-32k
data/attacks/g711-8k/LA_E_4399777.wav,fake,la_p4fix,none,g711-8k,g711-8k,na,LA_0029,3.4,16000,test,LA_E_4399777_g711-8k
data/attacks/awgn-snr5/LA_E_4399777.wav,fake,la_p4fix,none,awgn-snr5,snr5,na,LA_0029,3.4,16000,test,LA_E_4399777_awgn-snr5
data/attacks/awgn-snr10/LA_E_4399777.wav,fake,la_p4fix,none,awgn-snr10,snr10,na,LA_0029,3.4,16000,test,LA_E_4399777_awgn-snr10
data/attacks/bandpass-300-3400/LA_E_4399777.wav,fake,la_p4fix,none,bandpass-300-3400,bandpass300-3400,na,LA_0029,3.4,16000,test,LA_E_4399777_bandpass-300-3400
data/attacks/reverb-rt60-0.4/LA_E_4399777.wav,fake,la_p4fix,none,reverb-rt60-0.4,rt60-0.4,na,LA_0029,3.4,16000,test,LA_E_4399777_reverb-rt60-0.4
data/attacks/speed0.9/LA_E_4399777.wav,fake,la_p4fix,none,speed0.9,speed0.9,na,LA_0029,3.778,16000,test,LA_E_4399777_speed0.9
data/attacks/mp3-64k/LA_E_5755187.wav,fake,la_p4fix,none,mp3-64k,mp3-64k,na,LA_0048,3.794,16000,test,LA_E_5755187_mp3-64k
data/attacks/aac-128k/LA_E_5755187.wav,fake,la_p4fix,none,aac-128k,aac-128k,na,LA_0048,3.84,16000,test,LA_E_5755187_aac-128k
data/attacks/opus-32k/LA_E_5755187.wav,fake,la_p4fix,none,opus-32k,opus-32k,na,LA_0048,3.794,16000,test,LA_E_5755187_opus-32k
data/attacks/g711-8k/LA_E_5755187.wav,fake,la_p4fix,none,g711-8k,g711-8k,na,LA_0048,3.794,16000,test,LA_E_5755187_g711-8k
data/attacks/awgn-snr5/LA_E_5755187.wav,fake,la_p4fix,none,awgn-snr5,snr5,na,LA_0048,3.794,16000,test,LA_E_5755187_awgn-snr5
data/attacks/awgn-snr10/LA_E_5755187.wav,fake,la_p4fix,none,awgn-snr10,snr10,na,LA_0048,3.794,16000,test,LA_E_5755187_awgn-snr10
data/attacks/bandpass-300-3400/LA_E_5755187.wav,fake,la_p4fix,none,bandpass-300-3400,bandpass300-3400,na,LA_0048,3.794,16000,test,LA_E_5755187_bandpass-300-3400
data/attacks/reverb-rt60-0.4/LA_E_5755187.wav,fake,la_p4fix,none,reverb-rt60-0.4,rt60-0.4,na,LA_0048,3.794,16000,test,LA_E_5755187_reverb-rt60-0.4
data/attacks/speed0.9/LA_E_5755187.wav,fake,la_p4fix,none,speed0.9,speed0.9,na,LA_0048,4.216,16000,test,LA_E_5755187_speed0.9
data/attacks/mp3-64k/LA_E_5267982.wav,fake,la_p4fix,none,mp3-64k,mp3-64k,na,LA_0041,2.091,16000,test,LA_E_5267982_mp3-64k
data/attacks/aac-128k/LA_E_5267982.wav,fake,la_p4fix,none,aac-128k,aac-128k,na,LA_0041,2.112,16000,test,LA_E_5267982_aac-128k
data/attacks/opus-32k/LA_E_5267982.wav,fake,la_p4fix,none,opus-32k,opus-32k,na,LA_0041,2.088,16000,test,LA_E_5267982_opus-32k
data/attacks/g711-8k/LA_E_5267982.wav,fake,la_p4fix,none,g711-8k,g711-8k,na,LA_0041,2.088,16000,test,LA_E_5267982_g711-8k
data/attacks/awgn-snr5/LA_E_5267982.wav,fake,la_p4fix,none,awgn-snr5,snr5,na,LA_0041,2.088,16000,test,LA_E_5267982_awgn-snr5
data/attacks/awgn-snr10/LA_E_5267982.wav,fake,la_p4fix,none,awgn-snr10,snr10,na,LA_0041,2.088,16000,test,LA_E_5267982_awgn-snr10
data/attacks/bandpass-300-3400/LA_E_5267982.wav,fake,la_p4fix,none,bandpass-300-3400,bandpass300-3400,na,LA_0041,2.088,16000,test,LA_E_5267982_bandpass-300-3400
data/attacks/reverb-rt60-0.4/LA_E_5267982.wav,fake,la_p4fix,none,reverb-rt60-0.4,rt60-0.4,na,LA_0041,2.088,16000,test,LA_E_5267982_reverb-rt60-0.4
data/attacks/speed0.9/LA_E_5267982.wav,fake,la_p4fix,none,speed0.9,speed0.9,na,LA_0041,2.321,16000,test,LA_E_5267982_speed0.9
data/attacks/mp3-64k/LA_E_7553136.wav,fake,la_p4fix,none,mp3-64k,mp3-64k,na,LA_0039,2.388,16000,test,LA_E_7553136_mp3-64k
data/attacks/aac-128k/LA_E_7553136.wav,fake,la_p4fix,none,aac-128k,aac-128k,na,LA_0039,2.432,16000,test,LA_E_7553136_aac-128k
data/attacks/opus-32k/LA_E_7553136.wav,fake,la_p4fix,none,opus-32k,opus-32k,na,LA_0039,2.388,16000,test,LA_E_7553136_opus-32k
data/attacks/g711-8k/LA_E_7553136.wav,fake,la_p4fix,none,g711-8k,g711-8k,na,LA_0039,2.388,16000,test,LA_E_7553136_g711-8k
data/attacks/awgn-snr5/LA_E_7553136.wav,fake,la_p4fix,none,awgn-snr5,snr5,na,LA_0039,2.388,16000,test,LA_E_7553136_awgn-snr5
data/attacks/awgn-snr10/LA_E_7553136.wav,fake,la_p4fix,none,awgn-snr10,snr10,na,LA_0039,2.388,16000,test,LA_E_7553136_awgn-snr10
data/attacks/bandpass-300-3400/LA_E_7553136.wav,fake,la_p4fix,none,bandpass-300-3400,bandpass300-3400,na,LA_0039,2.388,16000,test,LA_E_7553136_bandpass-300-3400
data/attacks/reverb-rt60-0.4/LA_E_7553136.wav,fake,la_p4fix,none,reverb-rt60-0.4,rt60-0.4,na,LA_0039,2.388,16000,test,LA_E_7553136_reverb-rt60-0.4
data/attacks/speed0.9/LA_E_7553136.wav,fake,la_p4fix,none,speed0.9,speed0.9,na,LA_0039,2.653,16000,test,LA_E_7553136_speed0.9
data/attacks/mp3-64k/LA_E_9778251.wav,fake,la_p4fix,none,mp3-64k,mp3-64k,na,LA_0027,3.895,16000,test,LA_E_9778251_mp3-64k
data/attacks/aac-128k/LA_E_9778251.wav,fake,la_p4fix,none,aac-128k,aac-128k,na,LA_0027,3.904,16000,test,LA_E_9778251_aac-128k
data/attacks/opus-32k/LA_E_9778251.wav,fake,la_p4fix,none,opus-32k,opus-32k,na,LA_0027,3.895,16000,test,LA_E_9778251_opus-32k
data/attacks/g711-8k/LA_E_9778251.wav,fake,la_p4fix,none,g711-8k,g711-8k,na,LA_0027,3.895,16000,test,LA_E_9778251_g711-8k
data/attacks/awgn-snr5/LA_E_9778251.wav,fake,la_p4fix,none,awgn-snr5,snr5,na,LA_0027,3.895,16000,test,LA_E_9778251_awgn-snr5
data/attacks/awgn-snr10/LA_E_9778251.wav,fake,la_p4fix,none,awgn-snr10,snr10,na,LA_0027,3.895,16000,test,LA_E_9778251_awgn-snr10
data/attacks/bandpass-300-3400/LA_E_9778251.wav,fake,la_p4fix,none,bandpass-300-3400,bandpass300-3400,na,LA_0027,3.895,16000,test,LA_E_9778251_bandpass-300-3400
data/attacks/reverb-rt60-0.4/LA_E_9778251.wav,fake,la_p4fix,none,reverb-rt60-0.4,rt60-0.4,na,LA_0027,3.895,16000,test,LA_E_9778251_reverb-rt60-0.4
data/attacks/speed0.9/LA_E_9778251.wav,fake,la_p4fix,none,speed0.9,speed0.9,na,LA_0027,4.328,16000,test,LA_E_9778251_speed0.9
data/attacks/mp3-64k/LA_E_3841871.wav,fake,la_p4fix,none,mp3-64k,mp3-64k,na,LA_0024,3.072,16000,test,LA_E_3841871_mp3-64k
data/attacks/aac-128k/LA_E_3841871.wav,fake,la_p4fix,none,aac-128k,aac-128k,na,LA_0024,3.072,16000,test,LA_E_3841871_aac-128k
data/attacks/opus-32k/LA_E_3841871.wav,fake,la_p4fix,none,opus-32k,opus-32k,na,LA_0024,3.072,16000,test,LA_E_3841871_opus-32k
data/attacks/g711-8k/LA_E_3841871.wav,fake,la_p4fix,none,g711-8k,g711-8k,na,LA_0024,3.072,16000,test,LA_E_3841871_g711-8k
data/attacks/awgn-snr5/LA_E_3841871.wav,fake,la_p4fix,none,awgn-snr5,snr5,na,LA_0024,3.072,16000,test,LA_E_3841871_awgn-snr5
data/attacks/awgn-snr10/LA_E_3841871.wav,fake,la_p4fix,none,awgn-snr10,snr10,na,LA_0024,3.072,16000,test,LA_E_3841871_awgn-snr10
data/attacks/bandpass-300-3400/LA_E_3841871.wav,fake,la_p4fix,none,bandpass-300-3400,bandpass300-3400,na,LA_0024,3.072,16000,test,LA_E_3841871_bandpass-300-3400
data/attacks/reverb-rt60-0.4/LA_E_3841871.wav,fake,la_p4fix,none,reverb-rt60-0.4,rt60-0.4,na,LA_0024,3.072,16000,test,LA_E_3841871_reverb-rt60-0.4
data/attacks/speed0.9/LA_E_3841871.wav,fake,la_p4fix,none,speed0.9,speed0.9,na,LA_0024,3.413,16000,test,LA_E_3841871_speed0.9
data/attacks/mp3-64k/LA_E_7093558.wav,fake,la_p4fix,none,mp3-64k,mp3-64k,na,LA_0009,2.519,16000,test,LA_E_7093558_mp3-64k
data/attacks/aac-128k/LA_E_7093558.wav,fake,la_p4fix,none,aac-128k,aac-128k,na,LA_0009,2.56,16000,test,LA_E_7093558_aac-128k
data/attacks/opus-32k/LA_E_7093558.wav,fake,la_p4fix,none,opus-32k,opus-32k,na,LA_0009,2.519,16000,test,LA_E_7093558_opus-32k
data/attacks/g711-8k/LA_E_7093558.wav,fake,la_p4fix,none,g711-8k,g711-8k,na,LA_0009,2.519,16000,test,LA_E_7093558_g711-8k
data/attacks/awgn-snr5/LA_E_7093558.wav,fake,la_p4fix,none,awgn-snr5,snr5,na,LA_0009,2.519,16000,test,LA_E_7093558_awgn-snr5
data/attacks/awgn-snr10/LA_E_7093558.wav,fake,la_p4fix,none,awgn-snr10,snr10,na,LA_0009,2.519,16000,test,LA_E_7093558_awgn-snr10
data/attacks/bandpass-300-3400/LA_E_7093558.wav,fake,la_p4fix,none,bandpass-300-3400,bandpass300-3400,na,LA_0009,2.519,16000,test,LA_E_7093558_bandpass-300-3400
data/attacks/reverb-rt60-0.4/LA_E_7093558.wav,fake,la_p4fix,none,reverb-rt60-0.4,rt60-0.4,na,LA_0009,2.519,16000,test,LA_E_7093558_reverb-rt60-0.4
data/attacks/speed0.9/LA_E_7093558.wav,fake,la_p4fix,none,speed0.9,speed0.9,na,LA_0009,2.799,16000,test,LA_E_7093558_speed0.9
data/attacks/mp3-64k/LA_E_9025385.wav,fake,la_p4fix,none,mp3-64k,mp3-64k,na,LA_0008,5.007,16000,test,LA_E_9025385_mp3-64k
data/attacks/aac-128k/LA_E_9025385.wav,fake,la_p4fix,none,aac-128k,aac-128k,na,LA_0008,5.056,16000,test,LA_E_9025385_aac-128k
data/attacks/opus-32k/LA_E_9025385.wav,fake,la_p4fix,none,opus-32k,opus-32k,na,LA_0008,5.005,16000,test,LA_E_9025385_opus-32k
data/attacks/g711-8k/LA_E_9025385.wav,fake,la_p4fix,none,g711-8k,g711-8k,na,LA_0008,5.005,16000,test,LA_E_9025385_g711-8k
data/attacks/awgn-snr5/LA_E_9025385.wav,fake,la_p4fix,none,awgn-snr5,snr5,na,LA_0008,5.005,16000,test,LA_E_9025385_awgn-snr5
data/attacks/awgn-snr10/LA_E_9025385.wav,fake,la_p4fix,none,awgn-snr10,snr10,na,LA_0008,5.005,16000,test,LA_E_9025385_awgn-snr10
data/attacks/bandpass-300-3400/LA_E_9025385.wav,fake,la_p4fix,none,bandpass-300-3400,bandpass300-3400,na,LA_0008,5.005,16000,test,LA_E_9025385_bandpass-300-3400
data/attacks/reverb-rt60-0.4/LA_E_9025385.wav,fake,la_p4fix,none,reverb-rt60-0.4,rt60-0.4,na,LA_0008,5.005,16000,test,LA_E_9025385_reverb-rt60-0.4
data/attacks/speed0.9/LA_E_9025385.wav,fake,la_p4fix,none,speed0.9,speed0.9,na,LA_0008,5.561,16000,test,LA_E_9025385_speed0.9
data/attacks/mp3-64k/LA_E_2166410.wav,fake,la_p4fix,none,mp3-64k,mp3-64k,na,LA_0006,7.522,16000,test,LA_E_2166410_mp3-64k
data/attacks/aac-128k/LA_E_2166410.wav,fake,la_p4fix,none,aac-128k,aac-128k,na,LA_0006,7.552,16000,test,LA_E_2166410_aac-128k
data/attacks/opus-32k/LA_E_2166410.wav,fake,la_p4fix,none,opus-32k,opus-32k,na,LA_0006,7.522,16000,test,LA_E_2166410_opus-32k
data/attacks/g711-8k/LA_E_2166410.wav,fake,la_p4fix,none,g711-8k,g711-8k,na,LA_0006,7.522,16000,test,LA_E_2166410_g711-8k
data/attacks/awgn-snr5/LA_E_2166410.wav,fake,la_p4fix,none,awgn-snr5,snr5,na,LA_0006,7.522,16000,test,LA_E_2166410_awgn-snr5
data/attacks/awgn-snr10/LA_E_2166410.wav,fake,la_p4fix,none,awgn-snr10,snr10,na,LA_0006,7.522,16000,test,LA_E_2166410_awgn-snr10
data/attacks/bandpass-300-3400/LA_E_2166410.wav,fake,la_p4fix,none,bandpass-300-3400,bandpass300-3400,na,LA_0006,7.522,16000,test,LA_E_2166410_bandpass-300-3400
data/attacks/reverb-rt60-0.4/LA_E_2166410.wav,fake,la_p4fix,none,reverb-rt60-0.4,rt60-0.4,na,LA_0006,7.522,16000,test,LA_E_2166410_reverb-rt60-0.4
data/attacks/speed0.9/LA_E_2166410.wav,fake,la_p4fix,none,speed0.9,speed0.9,na,LA_0006,8.357,16000,test,LA_E_2166410_speed0.9
data/attacks/mp3-64k/LA_E_9053264.wav,fake,la_p4fix,none,mp3-64k,mp3-64k,na,LA_0043,2.975,16000,test,LA_E_9053264_mp3-64k
data/attacks/aac-128k/LA_E_9053264.wav,fake,la_p4fix,none,aac-128k,aac-128k,na,LA_0043,3.008,16000,test,LA_E_9053264_aac-128k
data/attacks/opus-32k/LA_E_9053264.wav,fake,la_p4fix,none,opus-32k,opus-32k,na,LA_0043,2.975,16000,test,LA_E_9053264_opus-32k
data/attacks/g711-8k/LA_E_9053264.wav,fake,la_p4fix,none,g711-8k,g711-8k,na,LA_0043,2.975,16000,test,LA_E_9053264_g711-8k
data/attacks/awgn-snr5/LA_E_9053264.wav,fake,la_p4fix,none,awgn-snr5,snr5,na,LA_0043,2.975,16000,test,LA_E_9053264_awgn-snr5
data/attacks/awgn-snr10/LA_E_9053264.wav,fake,la_p4fix,none,awgn-snr10,snr10,na,LA_0043,2.975,16000,test,LA_E_9053264_awgn-snr10
data/attacks/bandpass-300-3400/LA_E_9053264.wav,fake,la_p4fix,none,bandpass-300-3400,bandpass300-3400,na,LA_0043,2.975,16000,test,LA_E_9053264_bandpass-300-3400
data/attacks/reverb-rt60-0.4/LA_E_9053264.wav,fake,la_p4fix,none,reverb-rt60-0.4,rt60-0.4,na,LA_0043,2.975,16000,test,LA_E_9053264_reverb-rt60-0.4
data/attacks/speed0.9/LA_E_9053264.wav,fake,la_p4fix,none,speed0.9,speed0.9,na,LA_0043,3.306,16000,test,LA_E_9053264_speed0.9
data/attacks/mp3-64k/LA_E_8635358.wav,fake,la_p4fix,none,mp3-64k,mp3-64k,na,LA_0008,6.632,16000,test,LA_E_8635358_mp3-64k
data/attacks/aac-128k/LA_E_8635358.wav,fake,la_p4fix,none,aac-128k,aac-128k,na,LA_0008,6.656,16000,test,LA_E_8635358_aac-128k
data/attacks/opus-32k/LA_E_8635358.wav,fake,la_p4fix,none,opus-32k,opus-32k,na,LA_0008,6.632,16000,test,LA_E_8635358_opus-32k
data/attacks/g711-8k/LA_E_8635358.wav,fake,la_p4fix,none,g711-8k,g711-8k,na,LA_0008,6.632,16000,test,LA_E_8635358_g711-8k
data/attacks/awgn-snr5/LA_E_8635358.wav,fake,la_p4fix,none,awgn-snr5,snr5,na,LA_0008,6.632,16000,test,LA_E_8635358_awgn-snr5
data/attacks/awgn-snr10/LA_E_8635358.wav,fake,la_p4fix,none,awgn-snr10,snr10,na,LA_0008,6.632,16000,test,LA_E_8635358_awgn-snr10
data/attacks/bandpass-300-3400/LA_E_8635358.wav,fake,la_p4fix,none,bandpass-300-3400,bandpass300-3400,na,LA_0008,6.632,16000,test,LA_E_8635358_bandpass-300-3400
data/attacks/reverb-rt60-0.4/LA_E_8635358.wav,fake,la_p4fix,none,reverb-rt60-0.4,rt60-0.4,na,LA_0008,6.632,16000,test,LA_E_8635358_reverb-rt60-0.4
data/attacks/speed0.9/LA_E_8635358.wav,fake,la_p4fix,none,speed0.9,speed0.9,na,LA_0008,7.369,16000,test,LA_E_8635358_speed0.9
data/attacks/mp3-64k/LA_E_2601971.wav,fake,la_p4fix,none,mp3-64k,mp3-64k,na,LA_0032,1.568,16000,test,LA_E_2601971_mp3-64k
data/attacks/aac-128k/LA_E_2601971.wav,fake,la_p4fix,none,aac-128k,aac-128k,na,LA_0032,1.6,16000,test,LA_E_2601971_aac-128k
data/attacks/opus-32k/LA_E_2601971.wav,fake,la_p4fix,none,opus-32k,opus-32k,na,LA_0032,1.568,16000,test,LA_E_2601971_opus-32k
data/attacks/g711-8k/LA_E_2601971.wav,fake,la_p4fix,none,g711-8k,g711-8k,na,LA_0032,1.568,16000,test,LA_E_2601971_g711-8k
data/attacks/awgn-snr5/LA_E_2601971.wav,fake,la_p4fix,none,awgn-snr5,snr5,na,LA_0032,1.568,16000,test,LA_E_2601971_awgn-snr5
data/attacks/awgn-snr10/LA_E_2601971.wav,fake,la_p4fix,none,awgn-snr10,snr10,na,LA_0032,1.568,16000,test,LA_E_2601971_awgn-snr10
data/attacks/bandpass-300-3400/LA_E_2601971.wav,fake,la_p4fix,none,bandpass-300-3400,bandpass300-3400,na,LA_0032,1.568,16000,test,LA_E_2601971_bandpass-300-3400
data/attacks/reverb-rt60-0.4/LA_E_2601971.wav,fake,la_p4fix,none,reverb-rt60-0.4,rt60-0.4,na,LA_0032,1.568,16000,test,LA_E_2601971_reverb-rt60-0.4
data/attacks/speed0.9/LA_E_2601971.wav,fake,la_p4fix,none,speed0.9,speed0.9,na,LA_0032,1.742,16000,test,LA_E_2601971_speed0.9
data/attacks/mp3-64k/LA_E_7338300.wav,fake,la_p4fix,none,mp3-64k,mp3-64k,na,LA_0012,2.309,16000,test,LA_E_7338300_mp3-64k
data/attacks/aac-128k/LA_E_7338300.wav,fake,la_p4fix,none,aac-128k,aac-128k,na,LA_0012,2.368,16000,test,LA_E_7338300_aac-128k
data/attacks/opus-32k/LA_E_7338300.wav,fake,la_p4fix,none,opus-32k,opus-32k,na,LA_0012,2.309,16000,test,LA_E_7338300_opus-32k
data/attacks/g711-8k/LA_E_7338300.wav,fake,la_p4fix,none,g711-8k,g711-8k,na,LA_0012,2.309,16000,test,LA_E_7338300_g711-8k
data/attacks/awgn-snr5/LA_E_7338300.wav,fake,la_p4fix,none,awgn-snr5,snr5,na,LA_0012,2.309,16000,test,LA_E_7338300_awgn-snr5
data/attacks/awgn-snr10/LA_E_7338300.wav,fake,la_p4fix,none,awgn-snr10,snr10,na,LA_0012,2.309,16000,test,LA_E_7338300_awgn-snr10
data/attacks/bandpass-300-3400/LA_E_7338300.wav,fake,la_p4fix,none,bandpass-300-3400,bandpass300-3400,na,LA_0012,2.309,16000,test,LA_E_7338300_bandpass-300-3400
data/attacks/reverb-rt60-0.4/LA_E_7338300.wav,fake,la_p4fix,none,reverb-rt60-0.4,rt60-0.4,na,LA_0012,2.309,16000,test,LA_E_7338300_reverb-rt60-0.4
data/attacks/speed0.9/LA_E_7338300.wav,fake,la_p4fix,none,speed0.9,speed0.9,na,LA_0012,2.566,16000,test,LA_E_7338300_speed0.9
data/attacks/mp3-64k/LA_E_8324829.wav,fake,la_p4fix,none,mp3-64k,mp3-64k,na,LA_0009,3.567,16000,test,LA_E_8324829_mp3-64k
data/attacks/aac-128k/LA_E_8324829.wav,fake,la_p4fix,none,aac-128k,aac-128k,na,LA_0009,3.584,16000,test,LA_E_8324829_aac-128k
data/attacks/opus-32k/LA_E_8324829.wav,fake,la_p4fix,none,opus-32k,opus-32k,na,LA_0009,3.567,16000,test,LA_E_8324829_opus-32k
data/attacks/g711-8k/LA_E_8324829.wav,fake,la_p4fix,none,g711-8k,g711-8k,na,LA_0009,3.567,16000,test,LA_E_8324829_g711-8k
data/attacks/awgn-snr5/LA_E_8324829.wav,fake,la_p4fix,none,awgn-snr5,snr5,na,LA_0009,3.567,16000,test,LA_E_8324829_awgn-snr5
data/attacks/awgn-snr10/LA_E_8324829.wav,fake,la_p4fix,none,awgn-snr10,snr10,na,LA_0009,3.567,16000,test,LA_E_8324829_awgn-snr10
data/attacks/bandpass-300-3400/LA_E_8324829.wav,fake,la_p4fix,none,bandpass-300-3400,bandpass300-3400,na,LA_0009,3.567,16000,test,LA_E_8324829_bandpass-300-3400
data/attacks/reverb-rt60-0.4/LA_E_8324829.wav,fake,la_p4fix,none,reverb-rt60-0.4,rt60-0.4,na,LA_0009,3.567,16000,test,LA_E_8324829_reverb-rt60-0.4
data/attacks/speed0.9/LA_E_8324829.wav,fake,la_p4fix,none,speed0.9,speed0.9,na,LA_0009,3.963,16000,test,LA_E_8324829_speed0.9
data/attacks/mp3-64k/LA_E_8438777.wav,fake,la_p4fix,none,mp3-64k,mp3-64k,na,LA_0046,2.745,16000,test,LA_E_8438777_mp3-64k
data/attacks/aac-128k/LA_E_8438777.wav,fake,la_p4fix,none,aac-128k,aac-128k,na,LA_0046,2.752,16000,test,LA_E_8438777_aac-128k
data/attacks/opus-32k/LA_E_8438777.wav,fake,la_p4fix,none,opus-32k,opus-32k,na,LA_0046,2.745,16000,test,LA_E_8438777_opus-32k
data/attacks/g711-8k/LA_E_8438777.wav,fake,la_p4fix,none,g711-8k,g711-8k,na,LA_0046,2.745,16000,test,LA_E_8438777_g711-8k
data/attacks/awgn-snr5/LA_E_8438777.wav,fake,la_p4fix,none,awgn-snr5,snr5,na,LA_0046,2.745,16000,test,LA_E_8438777_awgn-snr5
data/attacks/awgn-snr10/LA_E_8438777.wav,fake,la_p4fix,none,awgn-snr10,snr10,na,LA_0046,2.745,16000,test,LA_E_8438777_awgn-snr10
data/attacks/bandpass-300-3400/LA_E_8438777.wav,fake,la_p4fix,none,bandpass-300-3400,bandpass300-3400,na,LA_0046,2.745,16000,test,LA_E_8438777_bandpass-300-3400
data/attacks/reverb-rt60-0.4/LA_E_8438777.wav,fake,la_p4fix,none,reverb-rt60-0.4,rt60-0.4,na,LA_0046,2.745,16000,test,LA_E_8438777_reverb-rt60-0.4
data/attacks/speed0.9/LA_E_8438777.wav,fake,la_p4fix,none,speed0.9,speed0.9,na,LA_0046,3.05,16000,test,LA_E_8438777_speed0.9
data/attacks/mp3-64k/LA_E_8459532.wav,fake,la_p4fix,none,mp3-64k,mp3-64k,na,LA_0038,1.346,16000,test,LA_E_8459532_mp3-64k
data/attacks/aac-128k/LA_E_8459532.wav,fake,la_p4fix,none,aac-128k,aac-128k,na,LA_0038,1.408,16000,test,LA_E_8459532_aac-128k
data/attacks/opus-32k/LA_E_8459532.wav,fake,la_p4fix,none,opus-32k,opus-32k,na,LA_0038,1.346,16000,test,LA_E_8459532_opus-32k
data/attacks/g711-8k/LA_E_8459532.wav,fake,la_p4fix,none,g711-8k,g711-8k,na,LA_0038,1.346,16000,test,LA_E_8459532_g711-8k
data/attacks/awgn-snr5/LA_E_8459532.wav,fake,la_p4fix,none,awgn-snr5,snr5,na,LA_0038,1.346,16000,test,LA_E_8459532_awgn-snr5
data/attacks/awgn-snr10/LA_E_8459532.wav,fake,la_p4fix,none,awgn-snr10,snr10,na,LA_0038,1.346,16000,test,LA_E_8459532_awgn-snr10
data/attacks/bandpass-300-3400/LA_E_8459532.wav,fake,la_p4fix,none,bandpass-300-3400,bandpass300-3400,na,LA_0038,1.346,16000,test,LA_E_8459532_bandpass-300-3400
data/attacks/reverb-rt60-0.4/LA_E_8459532.wav,fake,la_p4fix,none,reverb-rt60-0.4,rt60-0.4,na,LA_0038,1.346,16000,test,LA_E_8459532_reverb-rt60-0.4
data/attacks/speed0.9/LA_E_8459532.wav,fake,la_p4fix,none,speed0.9,speed0.9,na,LA_0038,1.496,16000,test,LA_E_8459532_speed0.9
data/attacks/mp3-64k/LA_E_1876255.wav,fake,la_p4fix,none,mp3-64k,mp3-64k,na,LA_0026,4.413,16000,test,LA_E_1876255_mp3-64k
data/attacks/aac-128k/LA_E_1876255.wav,fake,la_p4fix,none,aac-128k,aac-128k,na,LA_0026,4.416,16000,test,LA_E_1876255_aac-128k
data/attacks/opus-32k/LA_E_1876255.wav,fake,la_p4fix,none,opus-32k,opus-32k,na,LA_0026,4.413,16000,test,LA_E_1876255_opus-32k
data/attacks/g711-8k/LA_E_1876255.wav,fake,la_p4fix,none,g711-8k,g711-8k,na,LA_0026,4.413,16000,test,LA_E_1876255_g711-8k
data/attacks/awgn-snr5/LA_E_1876255.wav,fake,la_p4fix,none,awgn-snr5,snr5,na,LA_0026,4.413,16000,test,LA_E_1876255_awgn-snr5
data/attacks/awgn-snr10/LA_E_1876255.wav,fake,la_p4fix,none,awgn-snr10,snr10,na,LA_0026,4.413,16000,test,LA_E_1876255_awgn-snr10
data/attacks/bandpass-300-3400/LA_E_1876255.wav,fake,la_p4fix,none,bandpass-300-3400,bandpass300-3400,na,LA_0026,4.413,16000,test,LA_E_1876255_bandpass-300-3400
data/attacks/reverb-rt60-0.4/LA_E_1876255.wav,fake,la_p4fix,none,reverb-rt60-0.4,rt60-0.4,na,LA_0026,4.413,16000,test,LA_E_1876255_reverb-rt60-0.4
data/attacks/speed0.9/LA_E_1876255.wav,fake,la_p4fix,none,speed0.9,speed0.9,na,LA_0026,4.903,16000,test,LA_E_1876255_speed0.9
data/attacks/mp3-64k/LA_E_4132518.wav,fake,la_p4fix,none,mp3-64k,mp3-64k,na,LA_0013,4.041,16000,test,LA_E_4132518_mp3-64k
data/attacks/aac-128k/LA_E_4132518.wav,fake,la_p4fix,none,aac-128k,aac-128k,na,LA_0013,4.096,16000,test,LA_E_4132518_aac-128k
data/attacks/opus-32k/LA_E_4132518.wav,fake,la_p4fix,none,opus-32k,opus-32k,na,LA_0013,4.041,16000,test,LA_E_4132518_opus-32k
data/attacks/g711-8k/LA_E_4132518.wav,fake,la_p4fix,none,g711-8k,g711-8k,na,LA_0013,4.041,16000,test,LA_E_4132518_g711-8k
data/attacks/awgn-snr5/LA_E_4132518.wav,fake,la_p4fix,none,awgn-snr5,snr5,na,LA_0013,4.041,16000,test,LA_E_4132518_awgn-snr5
data/attacks/awgn-snr10/LA_E_4132518.wav,fake,la_p4fix,none,awgn-snr10,snr10,na,LA_0013,4.041,16000,test,LA_E_4132518_awgn-snr10
data/attacks/bandpass-300-3400/LA_E_4132518.wav,fake,la_p4fix,none,bandpass-300-3400,bandpass300-3400,na,LA_0013,4.041,16000,test,LA_E_4132518_bandpass-300-3400
data/attacks/reverb-rt60-0.4/LA_E_4132518.wav,fake,la_p4fix,none,reverb-rt60-0.4,rt60-0.4,na,LA_0013,4.041,16000,test,LA_E_4132518_reverb-rt60-0.4
data/attacks/speed0.9/LA_E_4132518.wav,fake,la_p4fix,none,speed0.9,speed0.9,na,LA_0013,4.49,16000,test,LA_E_4132518_speed0.9
data/attacks/mp3-64k/LA_E_9067234.wav,fake,la_p4fix,none,mp3-64k,mp3-64k,na,LA_0010,2.775,16000,test,LA_E_9067234_mp3-64k
data/attacks/aac-128k/LA_E_9067234.wav,fake,la_p4fix,none,aac-128k,aac-128k,na,LA_0010,2.816,16000,test,LA_E_9067234_aac-128k
data/attacks/opus-32k/LA_E_9067234.wav,fake,la_p4fix,none,opus-32k,opus-32k,na,LA_0010,2.773,16000,test,LA_E_9067234_opus-32k
data/attacks/g711-8k/LA_E_9067234.wav,fake,la_p4fix,none,g711-8k,g711-8k,na,LA_0010,2.773,16000,test,LA_E_9067234_g711-8k
data/attacks/awgn-snr5/LA_E_9067234.wav,fake,la_p4fix,none,awgn-snr5,snr5,na,LA_0010,2.773,16000,test,LA_E_9067234_awgn-snr5
data/attacks/awgn-snr10/LA_E_9067234.wav,fake,la_p4fix,none,awgn-snr10,snr10,na,LA_0010,2.773,16000,test,LA_E_9067234_awgn-snr10
data/attacks/bandpass-300-3400/LA_E_9067234.wav,fake,la_p4fix,none,bandpass-300-3400,bandpass300-3400,na,LA_0010,2.773,16000,test,LA_E_9067234_bandpass-300-3400
data/attacks/reverb-rt60-0.4/LA_E_9067234.wav,fake,la_p4fix,none,reverb-rt60-0.4,rt60-0.4,na,LA_0010,2.773,16000,test,LA_E_9067234_reverb-rt60-0.4
data/attacks/speed0.9/LA_E_9067234.wav,fake,la_p4fix,none,speed0.9,speed0.9,na,LA_0010,3.081,16000,test,LA_E_9067234_speed0.9
data/attacks/mp3-64k/LA_E_4764930.wav,fake,la_p4fix,none,mp3-64k,mp3-64k,na,LA_0045,1.767,16000,test,LA_E_4764930_mp3-64k
data/attacks/aac-128k/LA_E_4764930.wav,fake,la_p4fix,none,aac-128k,aac-128k,na,LA_0045,1.792,16000,test,LA_E_4764930_aac-128k
data/attacks/opus-32k/LA_E_4764930.wav,fake,la_p4fix,none,opus-32k,opus-32k,na,LA_0045,1.767,16000,test,LA_E_4764930_opus-32k
data/attacks/g711-8k/LA_E_4764930.wav,fake,la_p4fix,none,g711-8k,g711-8k,na,LA_0045,1.767,16000,test,LA_E_4764930_g711-8k
data/attacks/awgn-snr5/LA_E_4764930.wav,fake,la_p4fix,none,awgn-snr5,snr5,na,LA_0045,1.767,16000,test,LA_E_4764930_awgn-snr5
data/attacks/awgn-snr10/LA_E_4764930.wav,fake,la_p4fix,none,awgn-snr10,snr10,na,LA_0045,1.767,16000,test,LA_E_4764930_awgn-snr10
data/attacks/bandpass-300-3400/LA_E_4764930.wav,fake,la_p4fix,none,bandpass-300-3400,bandpass300-3400,na,LA_0045,1.767,16000,test,LA_E_4764930_bandpass-300-3400
data/attacks/reverb-rt60-0.4/LA_E_4764930.wav,fake,la_p4fix,none,reverb-rt60-0.4,rt60-0.4,na,LA_0045,1.767,16000,test,LA_E_4764930_reverb-rt60-0.4
data/attacks/speed0.9/LA_E_4764930.wav,fake,la_p4fix,none,speed0.9,speed0.9,na,LA_0045,1.963,16000,test,LA_E_4764930_speed0.9
data/attacks/mp3-64k/LA_E_6395435.wav,fake,la_p4fix,none,mp3-64k,mp3-64k,na,LA_0044,2.588,16000,test,LA_E_6395435_mp3-64k
data/attacks/aac-128k/LA_E_6395435.wav,fake,la_p4fix,none,aac-128k,aac-128k,na,LA_0044,2.624,16000,test,LA_E_6395435_aac-128k
data/attacks/opus-32k/LA_E_6395435.wav,fake,la_p4fix,none,opus-32k,opus-32k,na,LA_0044,2.588,16000,test,LA_E_6395435_opus-32k
data/attacks/g711-8k/LA_E_6395435.wav,fake,la_p4fix,none,g711-8k,g711-8k,na,LA_0044,2.588,16000,test,LA_E_6395435_g711-8k
data/attacks/awgn-snr5/LA_E_6395435.wav,fake,la_p4fix,none,awgn-snr5,snr5,na,LA_0044,2.588,16000,test,LA_E_6395435_awgn-snr5
data/attacks/awgn-snr10/LA_E_6395435.wav,fake,la_p4fix,none,awgn-snr10,snr10,na,LA_0044,2.588,16000,test,LA_E_6395435_awgn-snr10
data/attacks/bandpass-300-3400/LA_E_6395435.wav,fake,la_p4fix,none,bandpass-300-3400,bandpass300-3400,na,LA_0044,2.588,16000,test,LA_E_6395435_bandpass-300-3400
data/attacks/reverb-rt60-0.4/LA_E_6395435.wav,fake,la_p4fix,none,reverb-rt60-0.4,rt60-0.4,na,LA_0044,2.588,16000,test,LA_E_6395435_reverb-rt60-0.4
data/attacks/speed0.9/LA_E_6395435.wav,fake,la_p4fix,none,speed0.9,speed0.9,na,LA_0044,2.876,16000,test,LA_E_6395435_speed0.9
data/attacks/mp3-64k/LA_E_1152760.wav,fake,la_p4fix,none,mp3-64k,mp3-64k,na,LA_0021,3.073,16000,test,LA_E_1152760_mp3-64k
data/attacks/aac-128k/LA_E_1152760.wav,fake,la_p4fix,none,aac-128k,aac-128k,na,LA_0021,3.136,16000,test,LA_E_1152760_aac-128k
data/attacks/opus-32k/LA_E_1152760.wav,fake,la_p4fix,none,opus-32k,opus-32k,na,LA_0021,3.073,16000,test,LA_E_1152760_opus-32k
data/attacks/g711-8k/LA_E_1152760.wav,fake,la_p4fix,none,g711-8k,g711-8k,na,LA_0021,3.073,16000,test,LA_E_1152760_g711-8k
data/attacks/awgn-snr5/LA_E_1152760.wav,fake,la_p4fix,none,awgn-snr5,snr5,na,LA_0021,3.073,16000,test,LA_E_1152760_awgn-snr5
data/attacks/awgn-snr10/LA_E_1152760.wav,fake,la_p4fix,none,awgn-snr10,snr10,na,LA_0021,3.073,16000,test,LA_E_1152760_awgn-snr10
data/attacks/bandpass-300-3400/LA_E_1152760.wav,fake,la_p4fix,none,bandpass-300-3400,bandpass300-3400,na,LA_0021,3.073,16000,test,LA_E_1152760_bandpass-300-3400
data/attacks/reverb-rt60-0.4/LA_E_1152760.wav,fake,la_p4fix,none,reverb-rt60-0.4,rt60-0.4,na,LA_0021,3.073,16000,test,LA_E_1152760_reverb-rt60-0.4
data/attacks/speed0.9/LA_E_1152760.wav,fake,la_p4fix,none,speed0.9,speed0.9,na,LA_0021,3.414,16000,test,LA_E_1152760_speed0.9
data/attacks/mp3-64k/LA_E_9073394.wav,fake,la_p4fix,none,mp3-64k,mp3-64k,na,LA_0010,1.606,16000,test,LA_E_9073394_mp3-64k
data/attacks/aac-128k/LA_E_9073394.wav,fake,la_p4fix,none,aac-128k,aac-128k,na,LA_0010,1.664,16000,test,LA_E_9073394_aac-128k
data/attacks/opus-32k/LA_E_9073394.wav,fake,la_p4fix,none,opus-32k,opus-32k,na,LA_0010,1.606,16000,test,LA_E_9073394_opus-32k
data/attacks/g711-8k/LA_E_9073394.wav,fake,la_p4fix,none,g711-8k,g711-8k,na,LA_0010,1.606,16000,test,LA_E_9073394_g711-8k
data/attacks/awgn-snr5/LA_E_9073394.wav,fake,la_p4fix,none,awgn-snr5,snr5,na,LA_0010,1.606,16000,test,LA_E_9073394_awgn-snr5
data/attacks/awgn-snr10/LA_E_9073394.wav,fake,la_p4fix,none,awgn-snr10,snr10,na,LA_0010,1.606,16000,test,LA_E_9073394_awgn-snr10
data/attacks/bandpass-300-3400/LA_E_9073394.wav,fake,la_p4fix,none,bandpass-300-3400,bandpass300-3400,na,LA_0010,1.606,16000,test,LA_E_9073394_bandpass-300-3400
data/attacks/reverb-rt60-0.4/LA_E_9073394.wav,fake,la_p4fix,none,reverb-rt60-0.4,rt60-0.4,na,LA_0010,1.606,16000,test,LA_E_9073394_reverb-rt60-0.4
data/attacks/speed0.9/LA_E_9073394.wav,fake,la_p4fix,none,speed0.9,speed0.9,na,LA_0010,1.784,16000,test,LA_E_9073394_speed0.9
data/attacks/mp3-64k/LA_E_9413678.wav,fake,la_p4fix,none,mp3-64k,mp3-64k,na,LA_0029,2.182,16000,test,LA_E_9413678_mp3-64k
data/attacks/aac-128k/LA_E_9413678.wav,fake,la_p4fix,none,aac-128k,aac-128k,na,LA_0029,2.24,16000,test,LA_E_9413678_aac-128k
data/attacks/opus-32k/LA_E_9413678.wav,fake,la_p4fix,none,opus-32k,opus-32k,na,LA_0029,2.182,16000,test,LA_E_9413678_opus-32k
data/attacks/g711-8k/LA_E_9413678.wav,fake,la_p4fix,none,g711-8k,g711-8k,na,LA_0029,2.182,16000,test,LA_E_9413678_g711-8k
data/attacks/awgn-snr5/LA_E_9413678.wav,fake,la_p4fix,none,awgn-snr5,snr5,na,LA_0029,2.182,16000,test,LA_E_9413678_awgn-snr5
data/attacks/awgn-snr10/LA_E_9413678.wav,fake,la_p4fix,none,awgn-snr10,snr10,na,LA_0029,2.182,16000,test,LA_E_9413678_awgn-snr10
data/attacks/bandpass-300-3400/LA_E_9413678.wav,fake,la_p4fix,none,bandpass-300-3400,bandpass300-3400,na,LA_0029,2.182,16000,test,LA_E_9413678_bandpass-300-3400
data/attacks/reverb-rt60-0.4/LA_E_9413678.wav,fake,la_p4fix,none,reverb-rt60-0.4,rt60-0.4,na,LA_0029,2.182,16000,test,LA_E_9413678_reverb-rt60-0.4
data/attacks/speed0.9/LA_E_9413678.wav,fake,la_p4fix,none,speed0.9,speed0.9,na,LA_0029,2.424,16000,test,LA_E_9413678_speed0.9
data/attacks/mp3-64k/LA_E_2805605.wav,fake,la_p4fix,none,mp3-64k,mp3-64k,na,LA_0025,1.166,16000,test,LA_E_2805605_mp3-64k
data/attacks/aac-128k/LA_E_2805605.wav,fake,la_p4fix,none,aac-128k,aac-128k,na,LA_0025,1.216,16000,test,LA_E_2805605_aac-128k
data/attacks/opus-32k/LA_E_2805605.wav,fake,la_p4fix,none,opus-32k,opus-32k,na,LA_0025,1.166,16000,test,LA_E_2805605_opus-32k
data/attacks/g711-8k/LA_E_2805605.wav,fake,la_p4fix,none,g711-8k,g711-8k,na,LA_0025,1.166,16000,test,LA_E_2805605_g711-8k
data/attacks/awgn-snr5/LA_E_2805605.wav,fake,la_p4fix,none,awgn-snr5,snr5,na,LA_0025,1.166,16000,test,LA_E_2805605_awgn-snr5
data/attacks/awgn-snr10/LA_E_2805605.wav,fake,la_p4fix,none,awgn-snr10,snr10,na,LA_0025,1.166,16000,test,LA_E_2805605_awgn-snr10
data/attacks/bandpass-300-3400/LA_E_2805605.wav,fake,la_p4fix,none,bandpass-300-3400,bandpass300-3400,na,LA_0025,1.166,16000,test,LA_E_2805605_bandpass-300-3400
data/attacks/reverb-rt60-0.4/LA_E_2805605.wav,fake,la_p4fix,none,reverb-rt60-0.4,rt60-0.4,na,LA_0025,1.166,16000,test,LA_E_2805605_reverb-rt60-0.4
data/attacks/speed0.9/LA_E_2805605.wav,fake,la_p4fix,none,speed0.9,speed0.9,na,LA_0025,1.296,16000,test,LA_E_2805605_speed0.9
data/attacks/mp3-64k/LA_E_8575648.wav,fake,la_p4fix,none,mp3-64k,mp3-64k,na,LA_0019,2.535,16000,test,LA_E_8575648_mp3-64k
data/attacks/aac-128k/LA_E_8575648.wav,fake,la_p4fix,none,aac-128k,aac-128k,na,LA_0019,2.56,16000,test,LA_E_8575648_aac-128k
data/attacks/opus-32k/LA_E_8575648.wav,fake,la_p4fix,none,opus-32k,opus-32k,na,LA_0019,2.535,16000,test,LA_E_8575648_opus-32k
data/attacks/g711-8k/LA_E_8575648.wav,fake,la_p4fix,none,g711-8k,g711-8k,na,LA_0019,2.535,16000,test,LA_E_8575648_g711-8k
data/attacks/awgn-snr5/LA_E_8575648.wav,fake,la_p4fix,none,awgn-snr5,snr5,na,LA_0019,2.535,16000,test,LA_E_8575648_awgn-snr5
data/attacks/awgn-snr10/LA_E_8575648.wav,fake,la_p4fix,none,awgn-snr10,snr10,na,LA_0019,2.535,16000,test,LA_E_8575648_awgn-snr10
data/attacks/bandpass-300-3400/LA_E_8575648.wav,fake,la_p4fix,none,bandpass-300-3400,bandpass300-3400,na,LA_0019,2.535,16000,test,LA_E_8575648_bandpass-300-3400
data/attacks/reverb-rt60-0.4/LA_E_8575648.wav,fake,la_p4fix,none,reverb-rt60-0.4,rt60-0.4,na,LA_0019,2.535,16000,test,LA_E_8575648_reverb-rt60-0.4
data/attacks/speed0.9/LA_E_8575648.wav,fake,la_p4fix,none,speed0.9,speed0.9,na,LA_0019,2.817,16000,test,LA_E_8575648_speed0.9
data/attacks/mp3-64k/LA_E_8487804.wav,fake,la_p4fix,none,mp3-64k,mp3-64k,na,LA_0038,1.418,16000,test,LA_E_8487804_mp3-64k
data/attacks/aac-128k/LA_E_8487804.wav,fake,la_p4fix,none,aac-128k,aac-128k,na,LA_0038,1.472,16000,test,LA_E_8487804_aac-128k
data/attacks/opus-32k/LA_E_8487804.wav,fake,la_p4fix,none,opus-32k,opus-32k,na,LA_0038,1.418,16000,test,LA_E_8487804_opus-32k
data/attacks/g711-8k/LA_E_8487804.wav,fake,la_p4fix,none,g711-8k,g711-8k,na,LA_0038,1.418,16000,test,LA_E_8487804_g711-8k
data/attacks/awgn-snr5/LA_E_8487804.wav,fake,la_p4fix,none,awgn-snr5,snr5,na,LA_0038,1.418,16000,test,LA_E_8487804_awgn-snr5
data/attacks/awgn-snr10/LA_E_8487804.wav,fake,la_p4fix,none,awgn-snr10,snr10,na,LA_0038,1.418,16000,test,LA_E_8487804_awgn-snr10
data/attacks/bandpass-300-3400/LA_E_8487804.wav,fake,la_p4fix,none,bandpass-300-3400,bandpass300-3400,na,LA_0038,1.418,16000,test,LA_E_8487804_bandpass-300-3400
data/attacks/reverb-rt60-0.4/LA_E_8487804.wav,fake,la_p4fix,none,reverb-rt60-0.4,rt60-0.4,na,LA_0038,1.418,16000,test,LA_E_8487804_reverb-rt60-0.4
data/attacks/speed0.9/LA_E_8487804.wav,fake,la_p4fix,none,speed0.9,speed0.9,na,LA_0038,1.575,16000,test,LA_E_8487804_speed0.9
data/attacks/mp3-64k/LA_E_8553820.wav,fake,la_p4fix,none,mp3-64k,mp3-64k,na,LA_0024,2.705,16000,test,LA_E_8553820_mp3-64k
data/attacks/aac-128k/LA_E_8553820.wav,fake,la_p4fix,none,aac-128k,aac-128k,na,LA_0024,2.752,16000,test,LA_E_8553820_aac-128k
data/attacks/opus-32k/LA_E_8553820.wav,fake,la_p4fix,none,opus-32k,opus-32k,na,LA_0024,2.705,16000,test,LA_E_8553820_opus-32k
data/attacks/g711-8k/LA_E_8553820.wav,fake,la_p4fix,none,g711-8k,g711-8k,na,LA_0024,2.705,16000,test,LA_E_8553820_g711-8k
data/attacks/awgn-snr5/LA_E_8553820.wav,fake,la_p4fix,none,awgn-snr5,snr5,na,LA_0024,2.705,16000,test,LA_E_8553820_awgn-snr5
data/attacks/awgn-snr10/LA_E_8553820.wav,fake,la_p4fix,none,awgn-snr10,snr10,na,LA_0024,2.705,16000,test,LA_E_8553820_awgn-snr10
data/attacks/bandpass-300-3400/LA_E_8553820.wav,fake,la_p4fix,none,bandpass-300-3400,bandpass300-3400,na,LA_0024,2.705,16000,test,LA_E_8553820_bandpass-300-3400
data/attacks/reverb-rt60-0.4/LA_E_8553820.wav,fake,la_p4fix,none,reverb-rt60-0.4,rt60-0.4,na,LA_0024,2.705,16000,test,LA_E_8553820_reverb-rt60-0.4
data/attacks/speed0.9/LA_E_8553820.wav,fake,la_p4fix,none,speed0.9,speed0.9,na,LA_0024,3.006,16000,test,LA_E_8553820_speed0.9
data/attacks/mp3-64k/LA_E_8565295.wav,fake,la_p4fix,none,mp3-64k,mp3-64k,na,LA_0025,3.751,16000,test,LA_E_8565295_mp3-64k
data/attacks/aac-128k/LA_E_8565295.wav,fake,la_p4fix,none,aac-128k,aac-128k,na,LA_0025,3.776,16000,test,LA_E_8565295_aac-128k
data/attacks/opus-32k/LA_E_8565295.wav,fake,la_p4fix,none,opus-32k,opus-32k,na,LA_0025,3.751,16000,test,LA_E_8565295_opus-32k
data/attacks/g711-8k/LA_E_8565295.wav,fake,la_p4fix,none,g711-8k,g711-8k,na,LA_0025,3.751,16000,test,LA_E_8565295_g711-8k
data/attacks/awgn-snr5/LA_E_8565295.wav,fake,la_p4fix,none,awgn-snr5,snr5,na,LA_0025,3.751,16000,test,LA_E_8565295_awgn-snr5
data/attacks/awgn-snr10/LA_E_8565295.wav,fake,la_p4fix,none,awgn-snr10,snr10,na,LA_0025,3.751,16000,test,LA_E_8565295_awgn-snr10
data/attacks/bandpass-300-3400/LA_E_8565295.wav,fake,la_p4fix,none,bandpass-300-3400,bandpass300-3400,na,LA_0025,3.751,16000,test,LA_E_8565295_bandpass-300-3400
data/attacks/reverb-rt60-0.4/LA_E_8565295.wav,fake,la_p4fix,none,reverb-rt60-0.4,rt60-0.4,na,LA_0025,3.751,16000,test,LA_E_8565295_reverb-rt60-0.4
data/attacks/speed0.9/LA_E_8565295.wav,fake,la_p4fix,none,speed0.9,speed0.9,na,LA_0025,4.168,16000,test,LA_E_8565295_speed0.9
data/attacks/mp3-64k/LA_E_1154445.wav,fake,la_p4fix,none,mp3-64k,mp3-64k,na,LA_0005,1.704,16000,test,LA_E_1154445_mp3-64k
data/attacks/aac-128k/LA_E_1154445.wav,fake,la_p4fix,none,aac-128k,aac-128k,na,LA_0005,1.728,16000,test,LA_E_1154445_aac-128k
data/attacks/opus-32k/LA_E_1154445.wav,fake,la_p4fix,none,opus-32k,opus-32k,na,LA_0005,1.704,16000,test,LA_E_1154445_opus-32k
data/attacks/g711-8k/LA_E_1154445.wav,fake,la_p4fix,none,g711-8k,g711-8k,na,LA_0005,1.704,16000,test,LA_E_1154445_g711-8k
data/attacks/awgn-snr5/LA_E_1154445.wav,fake,la_p4fix,none,awgn-snr5,snr5,na,LA_0005,1.704,16000,test,LA_E_1154445_awgn-snr5
data/attacks/awgn-snr10/LA_E_1154445.wav,fake,la_p4fix,none,awgn-snr10,snr10,na,LA_0005,1.704,16000,test,LA_E_1154445_awgn-snr10
data/attacks/bandpass-300-3400/LA_E_1154445.wav,fake,la_p4fix,none,bandpass-300-3400,bandpass300-3400,na,LA_0005,1.704,16000,test,LA_E_1154445_bandpass-300-3400
data/attacks/reverb-rt60-0.4/LA_E_1154445.wav,fake,la_p4fix,none,reverb-rt60-0.4,rt60-0.4,na,LA_0005,1.704,16000,test,LA_E_1154445_reverb-rt60-0.4
data/attacks/speed0.9/LA_E_1154445.wav,fake,la_p4fix,none,speed0.9,speed0.9,na,LA_0005,1.893,16000,test,LA_E_1154445_speed0.9
data/attacks/mp3-64k/LA_E_7056612.wav,fake,la_p4fix,none,mp3-64k,mp3-64k,na,LA_0014,2.132,16000,test,LA_E_7056612_mp3-64k
data/attacks/aac-128k/LA_E_7056612.wav,fake,la_p4fix,none,aac-128k,aac-128k,na,LA_0014,2.176,16000,test,LA_E_7056612_aac-128k
data/attacks/opus-32k/LA_E_7056612.wav,fake,la_p4fix,none,opus-32k,opus-32k,na,LA_0014,2.132,16000,test,LA_E_7056612_opus-32k
data/attacks/g711-8k/LA_E_7056612.wav,fake,la_p4fix,none,g711-8k,g711-8k,na,LA_0014,2.132,16000,test,LA_E_7056612_g711-8k
data/attacks/awgn-snr5/LA_E_7056612.wav,fake,la_p4fix,none,awgn-snr5,snr5,na,LA_0014,2.132,16000,test,LA_E_7056612_awgn-snr5
data/attacks/awgn-snr10/LA_E_7056612.wav,fake,la_p4fix,none,awgn-snr10,snr10,na,LA_0014,2.132,16000,test,LA_E_7056612_awgn-snr10
data/attacks/bandpass-300-3400/LA_E_7056612.wav,fake,la_p4fix,none,bandpass-300-3400,bandpass300-3400,na,LA_0014,2.132,16000,test,LA_E_7056612_bandpass-300-3400
data/attacks/reverb-rt60-0.4/LA_E_7056612.wav,fake,la_p4fix,none,reverb-rt60-0.4,rt60-0.4,na,LA_0014,2.132,16000,test,LA_E_7056612_reverb-rt60-0.4
data/attacks/speed0.9/LA_E_7056612.wav,fake,la_p4fix,none,speed0.9,speed0.9,na,LA_0014,2.369,16000,test,LA_E_7056612_speed0.9
data/attacks/mp3-64k/LA_E_1782836.wav,fake,la_p4fix,none,mp3-64k,mp3-64k,na,LA_0016,7.419,16000,test,LA_E_1782836_mp3-64k
data/attacks/aac-128k/LA_E_1782836.wav,fake,la_p4fix,none,aac-128k,aac-128k,na,LA_0016,7.424,16000,test,LA_E_1782836_aac-128k
data/attacks/opus-32k/LA_E_1782836.wav,fake,la_p4fix,none,opus-32k,opus-32k,na,LA_0016,7.416,16000,test,LA_E_1782836_opus-32k
data/attacks/g711-8k/LA_E_1782836.wav,fake,la_p4fix,none,g711-8k,g711-8k,na,LA_0016,7.416,16000,test,LA_E_1782836_g711-8k
data/attacks/awgn-snr5/LA_E_1782836.wav,fake,la_p4fix,none,awgn-snr5,snr5,na,LA_0016,7.416,16000,test,LA_E_1782836_awgn-snr5
data/attacks/awgn-snr10/LA_E_1782836.wav,fake,la_p4fix,none,awgn-snr10,snr10,na,LA_0016,7.416,16000,test,LA_E_1782836_awgn-snr10
data/attacks/bandpass-300-3400/LA_E_1782836.wav,fake,la_p4fix,none,bandpass-300-3400,bandpass300-3400,na,LA_0016,7.416,16000,test,LA_E_1782836_bandpass-300-3400
data/attacks/reverb-rt60-0.4/LA_E_1782836.wav,fake,la_p4fix,none,reverb-rt60-0.4,rt60-0.4,na,LA_0016,7.416,16000,test,LA_E_1782836_reverb-rt60-0.4
data/attacks/speed0.9/LA_E_1782836.wav,fake,la_p4fix,none,speed0.9,speed0.9,na,LA_0016,8.24,16000,test,LA_E_1782836_speed0.9
data/attacks/mp3-64k/LA_E_4343579.wav,fake,la_p4fix,none,mp3-64k,mp3-64k,na,LA_0035,2.818,16000,test,LA_E_4343579_mp3-64k
data/attacks/aac-128k/LA_E_4343579.wav,fake,la_p4fix,none,aac-128k,aac-128k,na,LA_0035,2.88,16000,test,LA_E_4343579_aac-128k
data/attacks/opus-32k/LA_E_4343579.wav,fake,la_p4fix,none,opus-32k,opus-32k,na,LA_0035,2.818,16000,test,LA_E_4343579_opus-32k
data/attacks/g711-8k/LA_E_4343579.wav,fake,la_p4fix,none,g711-8k,g711-8k,na,LA_0035,2.818,16000,test,LA_E_4343579_g711-8k
data/attacks/awgn-snr5/LA_E_4343579.wav,fake,la_p4fix,none,awgn-snr5,snr5,na,LA_0035,2.818,16000,test,LA_E_4343579_awgn-snr5
data/attacks/awgn-snr10/LA_E_4343579.wav,fake,la_p4fix,none,awgn-snr10,snr10,na,LA_0035,2.818,16000,test,LA_E_4343579_awgn-snr10
data/attacks/bandpass-300-3400/LA_E_4343579.wav,fake,la_p4fix,none,bandpass-300-3400,bandpass300-3400,na,LA_0035,2.818,16000,test,LA_E_4343579_bandpass-300-3400
data/attacks/reverb-rt60-0.4/LA_E_4343579.wav,fake,la_p4fix,none,reverb-rt60-0.4,rt60-0.4,na,LA_0035,2.818,16000,test,LA_E_4343579_reverb-rt60-0.4
data/attacks/speed0.9/LA_E_4343579.wav,fake,la_p4fix,none,speed0.9,speed0.9,na,LA_0035,3.131,16000,test,LA_E_4343579_speed0.9
data/attacks/mp3-64k/LA_E_4260492.wav,fake,la_p4fix,none,mp3-64k,mp3-64k,na,LA_0034,2.068,16000,test,LA_E_4260492_mp3-64k
data/attacks/aac-128k/LA_E_4260492.wav,fake,la_p4fix,none,aac-128k,aac-128k,na,LA_0034,2.112,16000,test,LA_E_4260492_aac-128k
data/attacks/opus-32k/LA_E_4260492.wav,fake,la_p4fix,none,opus-32k,opus-32k,na,LA_0034,2.068,16000,test,LA_E_4260492_opus-32k
data/attacks/g711-8k/LA_E_4260492.wav,fake,la_p4fix,none,g711-8k,g711-8k,na,LA_0034,2.068,16000,test,LA_E_4260492_g711-8k
data/attacks/awgn-snr5/LA_E_4260492.wav,fake,la_p4fix,none,awgn-snr5,snr5,na,LA_0034,2.068,16000,test,LA_E_4260492_awgn-snr5
data/attacks/awgn-snr10/LA_E_4260492.wav,fake,la_p4fix,none,awgn-snr10,snr10,na,LA_0034,2.068,16000,test,LA_E_4260492_awgn-snr10
data/attacks/bandpass-300-3400/LA_E_4260492.wav,fake,la_p4fix,none,bandpass-300-3400,bandpass300-3400,na,LA_0034,2.068,16000,test,LA_E_4260492_bandpass-300-3400
data/attacks/reverb-rt60-0.4/LA_E_4260492.wav,fake,la_p4fix,none,reverb-rt60-0.4,rt60-0.4,na,LA_0034,2.068,16000,test,LA_E_4260492_reverb-rt60-0.4
data/attacks/speed0.9/LA_E_4260492.wav,fake,la_p4fix,none,speed0.9,speed0.9,na,LA_0034,2.297,16000,test,LA_E_4260492_speed0.9
data/attacks/mp3-64k/LA_E_8241451.wav,fake,la_p4fix,none,mp3-64k,mp3-64k,na,LA_0010,2.851,16000,test,LA_E_8241451_mp3-64k
data/attacks/aac-128k/LA_E_8241451.wav,fake,la_p4fix,none,aac-128k,aac-128k,na,LA_0010,2.88,16000,test,LA_E_8241451_aac-128k
data/attacks/opus-32k/LA_E_8241451.wav,fake,la_p4fix,none,opus-32k,opus-32k,na,LA_0010,2.851,16000,test,LA_E_8241451_opus-32k
data/attacks/g711-8k/LA_E_8241451.wav,fake,la_p4fix,none,g711-8k,g711-8k,na,LA_0010,2.851,16000,test,LA_E_8241451_g711-8k
data/attacks/awgn-snr5/LA_E_8241451.wav,fake,la_p4fix,none,awgn-snr5,snr5,na,LA_0010,2.851,16000,test,LA_E_8241451_awgn-snr5
data/attacks/awgn-snr10/LA_E_8241451.wav,fake,la_p4fix,none,awgn-snr10,snr10,na,LA_0010,2.851,16000,test,LA_E_8241451_awgn-snr10
data/attacks/bandpass-300-3400/LA_E_8241451.wav,fake,la_p4fix,none,bandpass-300-3400,bandpass300-3400,na,LA_0010,2.851,16000,test,LA_E_8241451_bandpass-300-3400
data/attacks/reverb-rt60-0.4/LA_E_8241451.wav,fake,la_p4fix,none,reverb-rt60-0.4,rt60-0.4,na,LA_0010,2.851,16000,test,LA_E_8241451_reverb-rt60-0.4
data/attacks/speed0.9/LA_E_8241451.wav,fake,la_p4fix,none,speed0.9,speed0.9,na,LA_0010,3.167,16000,test,LA_E_8241451_speed0.9
data/attacks/mp3-64k/LA_E_5899270.wav,fake,la_p4fix,none,mp3-64k,mp3-64k,na,LA_0038,2.359,16000,test,LA_E_5899270_mp3-64k
data/attacks/aac-128k/LA_E_5899270.wav,fake,la_p4fix,none,aac-128k,aac-128k,na,LA_0038,2.368,16000,test,LA_E_5899270_aac-128k
data/attacks/opus-32k/LA_E_5899270.wav,fake,la_p4fix,none,opus-32k,opus-32k,na,LA_0038,2.359,16000,test,LA_E_5899270_opus-32k
data/attacks/g711-8k/LA_E_5899270.wav,fake,la_p4fix,none,g711-8k,g711-8k,na,LA_0038,2.359,16000,test,LA_E_5899270_g711-8k
data/attacks/awgn-snr5/LA_E_5899270.wav,fake,la_p4fix,none,awgn-snr5,snr5,na,LA_0038,2.359,16000,test,LA_E_5899270_awgn-snr5
data/attacks/awgn-snr10/LA_E_5899270.wav,fake,la_p4fix,none,awgn-snr10,snr10,na,LA_0038,2.359,16000,test,LA_E_5899270_awgn-snr10
data/attacks/bandpass-300-3400/LA_E_5899270.wav,fake,la_p4fix,none,bandpass-300-3400,bandpass300-3400,na,LA_0038,2.359,16000,test,LA_E_5899270_bandpass-300-3400
data/attacks/reverb-rt60-0.4/LA_E_5899270.wav,fake,la_p4fix,none,reverb-rt60-0.4,rt60-0.4,na,LA_0038,2.359,16000,test,LA_E_5899270_reverb-rt60-0.4
data/attacks/speed0.9/LA_E_5899270.wav,fake,la_p4fix,none,speed0.9,speed0.9,na,LA_0038,2.622,16000,test,LA_E_5899270_speed0.9
data/attacks/mp3-64k/LA_E_4412913.wav,fake,la_p4fix,none,mp3-64k,mp3-64k,na,LA_0027,2.458,16000,test,LA_E_4412913_mp3-64k
data/attacks/aac-128k/LA_E_4412913.wav,fake,la_p4fix,none,aac-128k,aac-128k,na,LA_0027,2.496,16000,test,LA_E_4412913_aac-128k
data/attacks/opus-32k/LA_E_4412913.wav,fake,la_p4fix,none,opus-32k,opus-32k,na,LA_0027,2.458,16000,test,LA_E_4412913_opus-32k
data/attacks/g711-8k/LA_E_4412913.wav,fake,la_p4fix,none,g711-8k,g711-8k,na,LA_0027,2.458,16000,test,LA_E_4412913_g711-8k
data/attacks/awgn-snr5/LA_E_4412913.wav,fake,la_p4fix,none,awgn-snr5,snr5,na,LA_0027,2.458,16000,test,LA_E_4412913_awgn-snr5
data/attacks/awgn-snr10/LA_E_4412913.wav,fake,la_p4fix,none,awgn-snr10,snr10,na,LA_0027,2.458,16000,test,LA_E_4412913_awgn-snr10
data/attacks/bandpass-300-3400/LA_E_4412913.wav,fake,la_p4fix,none,bandpass-300-3400,bandpass300-3400,na,LA_0027,2.458,16000,test,LA_E_4412913_bandpass-300-3400
data/attacks/reverb-rt60-0.4/LA_E_4412913.wav,fake,la_p4fix,none,reverb-rt60-0.4,rt60-0.4,na,LA_0027,2.458,16000,test,LA_E_4412913_reverb-rt60-0.4
data/attacks/speed0.9/LA_E_4412913.wav,fake,la_p4fix,none,speed0.9,speed0.9,na,LA_0027,2.731,16000,test,LA_E_4412913_speed0.9
data/attacks/mp3-64k/LA_E_3588214.wav,fake,la_p4fix,none,mp3-64k,mp3-64k,na,LA_0017,3.754,16000,test,LA_E_3588214_mp3-64k
data/attacks/aac-128k/LA_E_3588214.wav,fake,la_p4fix,none,aac-128k,aac-128k,na,LA_0017,3.776,16000,test,LA_E_3588214_aac-128k
data/attacks/opus-32k/LA_E_3588214.wav,fake,la_p4fix,none,opus-32k,opus-32k,na,LA_0017,3.754,16000,test,LA_E_3588214_opus-32k
data/attacks/g711-8k/LA_E_3588214.wav,fake,la_p4fix,none,g711-8k,g711-8k,na,LA_0017,3.754,16000,test,LA_E_3588214_g711-8k
data/attacks/awgn-snr5/LA_E_3588214.wav,fake,la_p4fix,none,awgn-snr5,snr5,na,LA_0017,3.754,16000,test,LA_E_3588214_awgn-snr5
data/attacks/awgn-snr10/LA_E_3588214.wav,fake,la_p4fix,none,awgn-snr10,snr10,na,LA_0017,3.754,16000,test,LA_E_3588214_awgn-snr10
data/attacks/bandpass-300-3400/LA_E_3588214.wav,fake,la_p4fix,none,bandpass-300-3400,bandpass300-3400,na,LA_0017,3.754,16000,test,LA_E_3588214_bandpass-300-3400
data/attacks/reverb-rt60-0.4/LA_E_3588214.wav,fake,la_p4fix,none,reverb-rt60-0.4,rt60-0.4,na,LA_0017,3.754,16000,test,LA_E_3588214_reverb-rt60-0.4
data/attacks/speed0.9/LA_E_3588214.wav,fake,la_p4fix,none,speed0.9,speed0.9,na,LA_0017,4.171,16000,test,LA_E_3588214_speed0.9
data/attacks/mp3-64k/LA_E_2592987.wav,fake,la_p4fix,none,mp3-64k,mp3-64k,na,LA_0007,3.539,16000,test,LA_E_2592987_mp3-64k
data/attacks/aac-128k/LA_E_2592987.wav,fake,la_p4fix,none,aac-128k,aac-128k,na,LA_0007,3.584,16000,test,LA_E_2592987_aac-128k
data/attacks/opus-32k/LA_E_2592987.wav,fake,la_p4fix,none,opus-32k,opus-32k,na,LA_0007,3.539,16000,test,LA_E_2592987_opus-32k
data/attacks/g711-8k/LA_E_2592987.wav,fake,la_p4fix,none,g711-8k,g711-8k,na,LA_0007,3.539,16000,test,LA_E_2592987_g711-8k
data/attacks/awgn-snr5/LA_E_2592987.wav,fake,la_p4fix,none,awgn-snr5,snr5,na,LA_0007,3.539,16000,test,LA_E_2592987_awgn-snr5
data/attacks/awgn-snr10/LA_E_2592987.wav,fake,la_p4fix,none,awgn-snr10,snr10,na,LA_0007,3.539,16000,test,LA_E_2592987_awgn-snr10
data/attacks/bandpass-300-3400/LA_E_2592987.wav,fake,la_p4fix,none,bandpass-300-3400,bandpass300-3400,na,LA_0007,3.539,16000,test,LA_E_2592987_bandpass-300-3400
data/attacks/reverb-rt60-0.4/LA_E_2592987.wav,fake,la_p4fix,none,reverb-rt60-0.4,rt60-0.4,na,LA_0007,3.539,16000,test,LA_E_2592987_reverb-rt60-0.4
data/attacks/speed0.9/LA_E_2592987.wav,fake,la_p4fix,none,speed0.9,speed0.9,na,LA_0007,3.933,16000,test,LA_E_2592987_speed0.9
data/attacks/mp3-64k/LA_E_1783200.wav,fake,la_p4fix,none,mp3-64k,mp3-64k,na,LA_0037,3.534,16000,test,LA_E_1783200_mp3-64k
data/attacks/aac-128k/LA_E_1783200.wav,fake,la_p4fix,none,aac-128k,aac-128k,na,LA_0037,3.584,16000,test,LA_E_1783200_aac-128k
data/attacks/opus-32k/LA_E_1783200.wav,fake,la_p4fix,none,opus-32k,opus-32k,na,LA_0037,3.534,16000,test,LA_E_1783200_opus-32k
data/attacks/g711-8k/LA_E_1783200.wav,fake,la_p4fix,none,g711-8k,g711-8k,na,LA_0037,3.534,16000,test,LA_E_1783200_g711-8k
data/attacks/awgn-snr5/LA_E_1783200.wav,fake,la_p4fix,none,awgn-snr5,snr5,na,LA_0037,3.534,16000,test,LA_E_1783200_awgn-snr5
data/attacks/awgn-snr10/LA_E_1783200.wav,fake,la_p4fix,none,awgn-snr10,snr10,na,LA_0037,3.534,16000,test,LA_E_1783200_awgn-snr10
data/attacks/bandpass-300-3400/LA_E_1783200.wav,fake,la_p4fix,none,bandpass-300-3400,bandpass300-3400,na,LA_0037,3.534,16000,test,LA_E_1783200_bandpass-300-3400
data/attacks/reverb-rt60-0.4/LA_E_1783200.wav,fake,la_p4fix,none,reverb-rt60-0.4,rt60-0.4,na,LA_0037,3.534,16000,test,LA_E_1783200_reverb-rt60-0.4
data/attacks/speed0.9/LA_E_1783200.wav,fake,la_p4fix,none,speed0.9,speed0.9,na,LA_0037,3.927,16000,test,LA_E_1783200_speed0.9
data/attacks/mp3-64k/LA_E_5801788.wav,fake,la_p4fix,none,mp3-64k,mp3-64k,na,LA_0037,2.899,16000,test,LA_E_5801788_mp3-64k
data/attacks/aac-128k/LA_E_5801788.wav,fake,la_p4fix,none,aac-128k,aac-128k,na,LA_0037,2.944,16000,test,LA_E_5801788_aac-128k
data/attacks/opus-32k/LA_E_5801788.wav,fake,la_p4fix,none,opus-32k,opus-32k,na,LA_0037,2.899,16000,test,LA_E_5801788_opus-32k
data/attacks/g711-8k/LA_E_5801788.wav,fake,la_p4fix,none,g711-8k,g711-8k,na,LA_0037,2.899,16000,test,LA_E_5801788_g711-8k
data/attacks/awgn-snr5/LA_E_5801788.wav,fake,la_p4fix,none,awgn-snr5,snr5,na,LA_0037,2.899,16000,test,LA_E_5801788_awgn-snr5
data/attacks/awgn-snr10/LA_E_5801788.wav,fake,la_p4fix,none,awgn-snr10,snr10,na,LA_0037,2.899,16000,test,LA_E_5801788_awgn-snr10
data/attacks/bandpass-300-3400/LA_E_5801788.wav,fake,la_p4fix,none,bandpass-300-3400,bandpass300-3400,na,LA_0037,2.899,16000,test,LA_E_5801788_bandpass-300-3400
data/attacks/reverb-rt60-0.4/LA_E_5801788.wav,fake,la_p4fix,none,reverb-rt60-0.4,rt60-0.4,na,LA_0037,2.899,16000,test,LA_E_5801788_reverb-rt60-0.4
data/attacks/speed0.9/LA_E_5801788.wav,fake,la_p4fix,none,speed0.9,speed0.9,na,LA_0037,3.221,16000,test,LA_E_5801788_speed0.9
data/attacks/mp3-64k/LA_E_2464257.wav,fake,la_p4fix,none,mp3-64k,mp3-64k,na,LA_0012,2.091,16000,test,LA_E_2464257_mp3-64k
data/attacks/aac-128k/LA_E_2464257.wav,fake,la_p4fix,none,aac-128k,aac-128k,na,LA_0012,2.112,16000,test,LA_E_2464257_aac-128k
data/attacks/opus-32k/LA_E_2464257.wav,fake,la_p4fix,none,opus-32k,opus-32k,na,LA_0012,2.088,16000,test,LA_E_2464257_opus-32k
data/attacks/g711-8k/LA_E_2464257.wav,fake,la_p4fix,none,g711-8k,g711-8k,na,LA_0012,2.088,16000,test,LA_E_2464257_g711-8k
data/attacks/awgn-snr5/LA_E_2464257.wav,fake,la_p4fix,none,awgn-snr5,snr5,na,LA_0012,2.088,16000,test,LA_E_2464257_awgn-snr5
data/attacks/awgn-snr10/LA_E_2464257.wav,fake,la_p4fix,none,awgn-snr10,snr10,na,LA_0012,2.088,16000,test,LA_E_2464257_awgn-snr10
data/attacks/bandpass-300-3400/LA_E_2464257.wav,fake,la_p4fix,none,bandpass-300-3400,bandpass300-3400,na,LA_0012,2.088,16000,test,LA_E_2464257_bandpass-300-3400
data/attacks/reverb-rt60-0.4/LA_E_2464257.wav,fake,la_p4fix,none,reverb-rt60-0.4,rt60-0.4,na,LA_0012,2.088,16000,test,LA_E_2464257_reverb-rt60-0.4
data/attacks/speed0.9/LA_E_2464257.wav,fake,la_p4fix,none,speed0.9,speed0.9,na,LA_0012,2.321,16000,test,LA_E_2464257_speed0.9
data/attacks/mp3-64k/LA_E_8666909.wav,fake,la_p4fix,none,mp3-64k,mp3-64k,na,LA_0008,2.979,16000,test,LA_E_8666909_mp3-64k
data/attacks/aac-128k/LA_E_8666909.wav,fake,la_p4fix,none,aac-128k,aac-128k,na,LA_0008,3.008,16000,test,LA_E_8666909_aac-128k
data/attacks/opus-32k/LA_E_8666909.wav,fake,la_p4fix,none,opus-32k,opus-32k,na,LA_0008,2.979,16000,test,LA_E_8666909_opus-32k
data/attacks/g711-8k/LA_E_8666909.wav,fake,la_p4fix,none,g711-8k,g711-8k,na,LA_0008,2.979,16000,test,LA_E_8666909_g711-8k
data/attacks/awgn-snr5/LA_E_8666909.wav,fake,la_p4fix,none,awgn-snr5,snr5,na,LA_0008,2.979,16000,test,LA_E_8666909_awgn-snr5
data/attacks/awgn-snr10/LA_E_8666909.wav,fake,la_p4fix,none,awgn-snr10,snr10,na,LA_0008,2.979,16000,test,LA_E_8666909_awgn-snr10
data/attacks/bandpass-300-3400/LA_E_8666909.wav,fake,la_p4fix,none,bandpass-300-3400,bandpass300-3400,na,LA_0008,2.979,16000,test,LA_E_8666909_bandpass-300-3400
data/attacks/reverb-rt60-0.4/LA_E_8666909.wav,fake,la_p4fix,none,reverb-rt60-0.4,rt60-0.4,na,LA_0008,2.979,16000,test,LA_E_8666909_reverb-rt60-0.4
data/attacks/speed0.9/LA_E_8666909.wav,fake,la_p4fix,none,speed0.9,speed0.9,na,LA_0008,3.31,16000,test,LA_E_8666909_speed0.9
data/attacks/mp3-64k/LA_E_9953458.wav,fake,la_p4fix,none,mp3-64k,mp3-64k,na,LA_0024,3.194,16000,test,LA_E_9953458_mp3-64k
data/attacks/aac-128k/LA_E_9953458.wav,fake,la_p4fix,none,aac-128k,aac-128k,na,LA_0024,3.2,16000,test,LA_E_9953458_aac-128k
data/attacks/opus-32k/LA_E_9953458.wav,fake,la_p4fix,none,opus-32k,opus-32k,na,LA_0024,3.194,16000,test,LA_E_9953458_opus-32k
data/attacks/g711-8k/LA_E_9953458.wav,fake,la_p4fix,none,g711-8k,g711-8k,na,LA_0024,3.194,16000,test,LA_E_9953458_g711-8k
data/attacks/awgn-snr5/LA_E_9953458.wav,fake,la_p4fix,none,awgn-snr5,snr5,na,LA_0024,3.194,16000,test,LA_E_9953458_awgn-snr5
data/attacks/awgn-snr10/LA_E_9953458.wav,fake,la_p4fix,none,awgn-snr10,snr10,na,LA_0024,3.194,16000,test,LA_E_9953458_awgn-snr10
data/attacks/bandpass-300-3400/LA_E_9953458.wav,fake,la_p4fix,none,bandpass-300-3400,bandpass300-3400,na,LA_0024,3.194,16000,test,LA_E_9953458_bandpass-300-3400
data/attacks/reverb-rt60-0.4/LA_E_9953458.wav,fake,la_p4fix,none,reverb-rt60-0.4,rt60-0.4,na,LA_0024,3.194,16000,test,LA_E_9953458_reverb-rt60-0.4
data/attacks/speed0.9/LA_E_9953458.wav,fake,la_p4fix,none,speed0.9,speed0.9,na,LA_0024,3.549,16000,test,LA_E_9953458_speed0.9
data/attacks/mp3-64k/LA_E_8535825.wav,fake,la_p4fix,none,mp3-64k,mp3-64k,na,LA_0031,3.873,16000,test,LA_E_8535825_mp3-64k
data/attacks/aac-128k/LA_E_8535825.wav,fake,la_p4fix,none,aac-128k,aac-128k,na,LA_0031,3.904,16000,test,LA_E_8535825_aac-128k
data/attacks/opus-32k/LA_E_8535825.wav,fake,la_p4fix,none,opus-32k,opus-32k,na,LA_0031,3.873,16000,test,LA_E_8535825_opus-32k
data/attacks/g711-8k/LA_E_8535825.wav,fake,la_p4fix,none,g711-8k,g711-8k,na,LA_0031,3.873,16000,test,LA_E_8535825_g711-8k
data/attacks/awgn-snr5/LA_E_8535825.wav,fake,la_p4fix,none,awgn-snr5,snr5,na,LA_0031,3.873,16000,test,LA_E_8535825_awgn-snr5
data/attacks/awgn-snr10/LA_E_8535825.wav,fake,la_p4fix,none,awgn-snr10,snr10,na,LA_0031,3.873,16000,test,LA_E_8535825_awgn-snr10
data/attacks/bandpass-300-3400/LA_E_8535825.wav,fake,la_p4fix,none,bandpass-300-3400,bandpass300-3400,na,LA_0031,3.873,16000,test,LA_E_8535825_bandpass-300-3400
data/attacks/reverb-rt60-0.4/LA_E_8535825.wav,fake,la_p4fix,none,reverb-rt60-0.4,rt60-0.4,na,LA_0031,3.873,16000,test,LA_E_8535825_reverb-rt60-0.4
data/attacks/speed0.9/LA_E_8535825.wav,fake,la_p4fix,none,speed0.9,speed0.9,na,LA_0031,4.303,16000,test,LA_E_8535825_speed0.9
data/attacks/mp3-64k/LA_E_3791749.wav,fake,la_p4fix,none,mp3-64k,mp3-64k,na,LA_0043,4.261,16000,test,LA_E_3791749_mp3-64k
data/attacks/aac-128k/LA_E_3791749.wav,fake,la_p4fix,none,aac-128k,aac-128k,na,LA_0043,4.288,16000,test,LA_E_3791749_aac-128k
data/attacks/opus-32k/LA_E_3791749.wav,fake,la_p4fix,none,opus-32k,opus-32k,na,LA_0043,4.261,16000,test,LA_E_3791749_opus-32k
data/attacks/g711-8k/LA_E_3791749.wav,fake,la_p4fix,none,g711-8k,g711-8k,na,LA_0043,4.261,16000,test,LA_E_3791749_g711-8k
data/attacks/awgn-snr5/LA_E_3791749.wav,fake,la_p4fix,none,awgn-snr5,snr5,na,LA_0043,4.261,16000,test,LA_E_3791749_awgn-snr5
data/attacks/awgn-snr10/LA_E_3791749.wav,fake,la_p4fix,none,awgn-snr10,snr10,na,LA_0043,4.261,16000,test,LA_E_3791749_awgn-snr10
data/attacks/bandpass-300-3400/LA_E_3791749.wav,fake,la_p4fix,none,bandpass-300-3400,bandpass300-3400,na,LA_0043,4.261,16000,test,LA_E_3791749_bandpass-300-3400
data/attacks/reverb-rt60-0.4/LA_E_3791749.wav,fake,la_p4fix,none,reverb-rt60-0.4,rt60-0.4,na,LA_0043,4.261,16000,test,LA_E_3791749_reverb-rt60-0.4
data/attacks/speed0.9/LA_E_3791749.wav,fake,la_p4fix,none,speed0.9,speed0.9,na,LA_0043,4.734,16000,test,LA_E_3791749_speed0.9
data/attacks/mp3-64k/LA_E_7510779.wav,fake,la_p4fix,none,mp3-64k,mp3-64k,na,LA_0043,3.243,16000,test,LA_E_7510779_mp3-64k
data/attacks/aac-128k/LA_E_7510779.wav,fake,la_p4fix,none,aac-128k,aac-128k,na,LA_0043,3.264,16000,test,LA_E_7510779_aac-128k
data/attacks/opus-32k/LA_E_7510779.wav,fake,la_p4fix,none,opus-32k,opus-32k,na,LA_0043,3.243,16000,test,LA_E_7510779_opus-32k
data/attacks/g711-8k/LA_E_7510779.wav,fake,la_p4fix,none,g711-8k,g711-8k,na,LA_0043,3.243,16000,test,LA_E_7510779_g711-8k
data/attacks/awgn-snr5/LA_E_7510779.wav,fake,la_p4fix,none,awgn-snr5,snr5,na,LA_0043,3.243,16000,test,LA_E_7510779_awgn-snr5
data/attacks/awgn-snr10/LA_E_7510779.wav,fake,la_p4fix,none,awgn-snr10,snr10,na,LA_0043,3.243,16000,test,LA_E_7510779_awgn-snr10
data/attacks/bandpass-300-3400/LA_E_7510779.wav,fake,la_p4fix,none,bandpass-300-3400,bandpass300-3400,na,LA_0043,3.243,16000,test,LA_E_7510779_bandpass-300-3400
data/attacks/reverb-rt60-0.4/LA_E_7510779.wav,fake,la_p4fix,none,reverb-rt60-0.4,rt60-0.4,na,LA_0043,3.243,16000,test,LA_E_7510779_reverb-rt60-0.4
data/attacks/speed0.9/LA_E_7510779.wav,fake,la_p4fix,none,speed0.9,speed0.9,na,LA_0043,3.603,16000,test,LA_E_7510779_speed0.9
data/attacks/mp3-64k/LA_E_4633675.wav,fake,la_p4fix,none,mp3-64k,mp3-64k,na,LA_0006,1.875,16000,test,LA_E_4633675_mp3-64k
data/attacks/aac-128k/LA_E_4633675.wav,fake,la_p4fix,none,aac-128k,aac-128k,na,LA_0006,1.92,16000,test,LA_E_4633675_aac-128k
data/attacks/opus-32k/LA_E_4633675.wav,fake,la_p4fix,none,opus-32k,opus-32k,na,LA_0006,1.874,16000,test,LA_E_4633675_opus-32k
data/attacks/g711-8k/LA_E_4633675.wav,fake,la_p4fix,none,g711-8k,g711-8k,na,LA_0006,1.874,16000,test,LA_E_4633675_g711-8k
data/attacks/awgn-snr5/LA_E_4633675.wav,fake,la_p4fix,none,awgn-snr5,snr5,na,LA_0006,1.874,16000,test,LA_E_4633675_awgn-snr5
data/attacks/awgn-snr10/LA_E_4633675.wav,fake,la_p4fix,none,awgn-snr10,snr10,na,LA_0006,1.874,16000,test,LA_E_4633675_awgn-snr10
data/attacks/bandpass-300-3400/LA_E_4633675.wav,fake,la_p4fix,none,bandpass-300-3400,bandpass300-3400,na,LA_0006,1.874,16000,test,LA_E_4633675_bandpass-300-3400
data/attacks/reverb-rt60-0.4/LA_E_4633675.wav,fake,la_p4fix,none,reverb-rt60-0.4,rt60-0.4,na,LA_0006,1.874,16000,test,LA_E_4633675_reverb-rt60-0.4
data/attacks/speed0.9/LA_E_4633675.wav,fake,la_p4fix,none,speed0.9,speed0.9,na,LA_0006,2.082,16000,test,LA_E_4633675_speed0.9
data/attacks/mp3-64k/LA_E_6865189.wav,fake,la_p4fix,none,mp3-64k,mp3-64k,na,LA_0007,2.469,16000,test,LA_E_6865189_mp3-64k
data/attacks/aac-128k/LA_E_6865189.wav,fake,la_p4fix,none,aac-128k,aac-128k,na,LA_0007,2.496,16000,test,LA_E_6865189_aac-128k
data/attacks/opus-32k/LA_E_6865189.wav,fake,la_p4fix,none,opus-32k,opus-32k,na,LA_0007,2.469,16000,test,LA_E_6865189_opus-32k
data/attacks/g711-8k/LA_E_6865189.wav,fake,la_p4fix,none,g711-8k,g711-8k,na,LA_0007,2.469,16000,test,LA_E_6865189_g711-8k
data/attacks/awgn-snr5/LA_E_6865189.wav,fake,la_p4fix,none,awgn-snr5,snr5,na,LA_0007,2.469,16000,test,LA_E_6865189_awgn-snr5
data/attacks/awgn-snr10/LA_E_6865189.wav,fake,la_p4fix,none,awgn-snr10,snr10,na,LA_0007,2.469,16000,test,LA_E_6865189_awgn-snr10
data/attacks/bandpass-300-3400/LA_E_6865189.wav,fake,la_p4fix,none,bandpass-300-3400,bandpass300-3400,na,LA_0007,2.469,16000,test,LA_E_6865189_bandpass-300-3400
data/attacks/reverb-rt60-0.4/LA_E_6865189.wav,fake,la_p4fix,none,reverb-rt60-0.4,rt60-0.4,na,LA_0007,2.469,16000,test,LA_E_6865189_reverb-rt60-0.4
data/attacks/speed0.9/LA_E_6865189.wav,fake,la_p4fix,none,speed0.9,speed0.9,na,LA_0007,2.744,16000,test,LA_E_6865189_speed0.9
data/attacks/mp3-64k/LA_E_2136819.wav,fake,la_p4fix,none,mp3-64k,mp3-64k,na,LA_0029,4.986,16000,test,LA_E_2136819_mp3-64k
data/attacks/aac-128k/LA_E_2136819.wav,fake,la_p4fix,none,aac-128k,aac-128k,na,LA_0029,4.992,16000,test,LA_E_2136819_aac-128k
data/attacks/opus-32k/LA_E_2136819.wav,fake,la_p4fix,none,opus-32k,opus-32k,na,LA_0029,4.986,16000,test,LA_E_2136819_opus-32k
data/attacks/g711-8k/LA_E_2136819.wav,fake,la_p4fix,none,g711-8k,g711-8k,na,LA_0029,4.986,16000,test,LA_E_2136819_g711-8k
data/attacks/awgn-snr5/LA_E_2136819.wav,fake,la_p4fix,none,awgn-snr5,snr5,na,LA_0029,4.986,16000,test,LA_E_2136819_awgn-snr5
data/attacks/awgn-snr10/LA_E_2136819.wav,fake,la_p4fix,none,awgn-snr10,snr10,na,LA_0029,4.986,16000,test,LA_E_2136819_awgn-snr10
data/attacks/bandpass-300-3400/LA_E_2136819.wav,fake,la_p4fix,none,bandpass-300-3400,bandpass300-3400,na,LA_0029,4.986,16000,test,LA_E_2136819_bandpass-300-3400
data/attacks/reverb-rt60-0.4/LA_E_2136819.wav,fake,la_p4fix,none,reverb-rt60-0.4,rt60-0.4,na,LA_0029,4.986,16000,test,LA_E_2136819_reverb-rt60-0.4
data/attacks/speed0.9/LA_E_2136819.wav,fake,la_p4fix,none,speed0.9,speed0.9,na,LA_0029,5.54,16000,test,LA_E_2136819_speed0.9
data/attacks/mp3-64k/LA_E_5029170.wav,fake,la_p4fix,none,mp3-64k,mp3-64k,na,LA_0046,2.339,16000,test,LA_E_5029170_mp3-64k
data/attacks/aac-128k/LA_E_5029170.wav,fake,la_p4fix,none,aac-128k,aac-128k,na,LA_0046,2.368,16000,test,LA_E_5029170_aac-128k
data/attacks/opus-32k/LA_E_5029170.wav,fake,la_p4fix,none,opus-32k,opus-32k,na,LA_0046,2.339,16000,test,LA_E_5029170_opus-32k
data/attacks/g711-8k/LA_E_5029170.wav,fake,la_p4fix,none,g711-8k,g711-8k,na,LA_0046,2.339,16000,test,LA_E_5029170_g711-8k
data/attacks/awgn-snr5/LA_E_5029170.wav,fake,la_p4fix,none,awgn-snr5,snr5,na,LA_0046,2.339,16000,test,LA_E_5029170_awgn-snr5
data/attacks/awgn-snr10/LA_E_5029170.wav,fake,la_p4fix,none,awgn-snr10,snr10,na,LA_0046,2.339,16000,test,LA_E_5029170_awgn-snr10
data/attacks/bandpass-300-3400/LA_E_5029170.wav,fake,la_p4fix,none,bandpass-300-3400,bandpass300-3400,na,LA_0046,2.339,16000,test,LA_E_5029170_bandpass-300-3400
data/attacks/reverb-rt60-0.4/LA_E_5029170.wav,fake,la_p4fix,none,reverb-rt60-0.4,rt60-0.4,na,LA_0046,2.339,16000,test,LA_E_5029170_reverb-rt60-0.4
data/attacks/speed0.9/LA_E_5029170.wav,fake,la_p4fix,none,speed0.9,speed0.9,na,LA_0046,2.599,16000,test,LA_E_5029170_speed0.9
data/attacks/mp3-64k/LA_E_2656865.wav,fake,la_p4fix,none,mp3-64k,mp3-64k,na,LA_0006,3.664,16000,test,LA_E_2656865_mp3-64k
data/attacks/aac-128k/LA_E_2656865.wav,fake,la_p4fix,none,aac-128k,aac-128k,na,LA_0006,3.712,16000,test,LA_E_2656865_aac-128k
data/attacks/opus-32k/LA_E_2656865.wav,fake,la_p4fix,none,opus-32k,opus-32k,na,LA_0006,3.664,16000,test,LA_E_2656865_opus-32k
data/attacks/g711-8k/LA_E_2656865.wav,fake,la_p4fix,none,g711-8k,g711-8k,na,LA_0006,3.664,16000,test,LA_E_2656865_g711-8k
data/attacks/awgn-snr5/LA_E_2656865.wav,fake,la_p4fix,none,awgn-snr5,snr5,na,LA_0006,3.664,16000,test,LA_E_2656865_awgn-snr5
data/attacks/awgn-snr10/LA_E_2656865.wav,fake,la_p4fix,none,awgn-snr10,snr10,na,LA_0006,3.664,16000,test,LA_E_2656865_awgn-snr10
data/attacks/bandpass-300-3400/LA_E_2656865.wav,fake,la_p4fix,none,bandpass-300-3400,bandpass300-3400,na,LA_0006,3.664,16000,test,LA_E_2656865_bandpass-300-3400
data/attacks/reverb-rt60-0.4/LA_E_2656865.wav,fake,la_p4fix,none,reverb-rt60-0.4,rt60-0.4,na,LA_0006,3.664,16000,test,LA_E_2656865_reverb-rt60-0.4
data/attacks/speed0.9/LA_E_2656865.wav,fake,la_p4fix,none,speed0.9,speed0.9,na,LA_0006,4.071,16000,test,LA_E_2656865_speed0.9
data/attacks/mp3-64k/LA_E_5071475.wav,fake,la_p4fix,none,mp3-64k,mp3-64k,na,LA_0020,3.666,16000,test,LA_E_5071475_mp3-64k
data/attacks/aac-128k/LA_E_5071475.wav,fake,la_p4fix,none,aac-128k,aac-128k,na,LA_0020,3.712,16000,test,LA_E_5071475_aac-128k
data/attacks/opus-32k/LA_E_5071475.wav,fake,la_p4fix,none,opus-32k,opus-32k,na,LA_0020,3.666,16000,test,LA_E_5071475_opus-32k
data/attacks/g711-8k/LA_E_5071475.wav,fake,la_p4fix,none,g711-8k,g711-8k,na,LA_0020,3.666,16000,test,LA_E_5071475_g711-8k
data/attacks/awgn-snr5/LA_E_5071475.wav,fake,la_p4fix,none,awgn-snr5,snr5,na,LA_0020,3.666,16000,test,LA_E_5071475_awgn-snr5
data/attacks/awgn-snr10/LA_E_5071475.wav,fake,la_p4fix,none,awgn-snr10,snr10,na,LA_0020,3.666,16000,test,LA_E_5071475_awgn-snr10
data/attacks/bandpass-300-3400/LA_E_5071475.wav,fake,la_p4fix,none,bandpass-300-3400,bandpass300-3400,na,LA_0020,3.666,16000,test,LA_E_5071475_bandpass-300-3400
data/attacks/reverb-rt60-0.4/LA_E_5071475.wav,fake,la_p4fix,none,reverb-rt60-0.4,rt60-0.4,na,LA_0020,3.666,16000,test,LA_E_5071475_reverb-rt60-0.4
data/attacks/speed0.9/LA_E_5071475.wav,fake,la_p4fix,none,speed0.9,speed0.9,na,LA_0020,4.074,16000,test,LA_E_5071475_speed0.9
data/attacks/mp3-64k/LA_E_1659962.wav,fake,la_p4fix,none,mp3-64k,mp3-64k,na,LA_0041,3.243,16000,test,LA_E_1659962_mp3-64k
data/attacks/aac-128k/LA_E_1659962.wav,fake,la_p4fix,none,aac-128k,aac-128k,na,LA_0041,3.264,16000,test,LA_E_1659962_aac-128k
data/attacks/opus-32k/LA_E_1659962.wav,fake,la_p4fix,none,opus-32k,opus-32k,na,LA_0041,3.24,16000,test,LA_E_1659962_opus-32k
data/attacks/g711-8k/LA_E_1659962.wav,fake,la_p4fix,none,g711-8k,g711-8k,na,LA_0041,3.24,16000,test,LA_E_1659962_g711-8k
data/attacks/awgn-snr5/LA_E_1659962.wav,fake,la_p4fix,none,awgn-snr5,snr5,na,LA_0041,3.24,16000,test,LA_E_1659962_awgn-snr5
data/attacks/awgn-snr10/LA_E_1659962.wav,fake,la_p4fix,none,awgn-snr10,snr10,na,LA_0041,3.24,16000,test,LA_E_1659962_awgn-snr10
data/attacks/bandpass-300-3400/LA_E_1659962.wav,fake,la_p4fix,none,bandpass-300-3400,bandpass300-3400,na,LA_0041,3.24,16000,test,LA_E_1659962_bandpass-300-3400
data/attacks/reverb-rt60-0.4/LA_E_1659962.wav,fake,la_p4fix,none,reverb-rt60-0.4,rt60-0.4,na,LA_0041,3.24,16000,test,LA_E_1659962_reverb-rt60-0.4
data/attacks/speed0.9/LA_E_1659962.wav,fake,la_p4fix,none,speed0.9,speed0.9,na,LA_0041,3.6,16000,test,LA_E_1659962_speed0.9
data/attacks/mp3-64k/LA_E_2956395.wav,fake,la_p4fix,none,mp3-64k,mp3-64k,na,LA_0033,3.41,16000,test,LA_E_2956395_mp3-64k
data/attacks/aac-128k/LA_E_2956395.wav,fake,la_p4fix,none,aac-128k,aac-128k,na,LA_0033,3.456,16000,test,LA_E_2956395_aac-128k
data/attacks/opus-32k/LA_E_2956395.wav,fake,la_p4fix,none,opus-32k,opus-32k,na,LA_0033,3.41,16000,test,LA_E_2956395_opus-32k
data/attacks/g711-8k/LA_E_2956395.wav,fake,la_p4fix,none,g711-8k,g711-8k,na,LA_0033,3.41,16000,test,LA_E_2956395_g711-8k
data/attacks/awgn-snr5/LA_E_2956395.wav,fake,la_p4fix,none,awgn-snr5,snr5,na,LA_0033,3.41,16000,test,LA_E_2956395_awgn-snr5
data/attacks/awgn-snr10/LA_E_2956395.wav,fake,la_p4fix,none,awgn-snr10,snr10,na,LA_0033,3.41,16000,test,LA_E_2956395_awgn-snr10
data/attacks/bandpass-300-3400/LA_E_2956395.wav,fake,la_p4fix,none,bandpass-300-3400,bandpass300-3400,na,LA_0033,3.41,16000,test,LA_E_2956395_bandpass-300-3400
data/attacks/reverb-rt60-0.4/LA_E_2956395.wav,fake,la_p4fix,none,reverb-rt60-0.4,rt60-0.4,na,LA_0033,3.41,16000,test,LA_E_2956395_reverb-rt60-0.4
data/attacks/speed0.9/LA_E_2956395.wav,fake,la_p4fix,none,speed0.9,speed0.9,na,LA_0033,3.789,16000,test,LA_E_2956395_speed0.9
data/attacks/mp3-64k/LA_E_2734854.wav,fake,la_p4fix,none,mp3-64k,mp3-64k,na,LA_0031,3.193,16000,test,LA_E_2734854_mp3-64k
data/attacks/aac-128k/LA_E_2734854.wav,fake,la_p4fix,none,aac-128k,aac-128k,na,LA_0031,3.2,16000,test,LA_E_2734854_aac-128k
data/attacks/opus-32k/LA_E_2734854.wav,fake,la_p4fix,none,opus-32k,opus-32k,na,LA_0031,3.193,16000,test,LA_E_2734854_opus-32k
data/attacks/g711-8k/LA_E_2734854.wav,fake,la_p4fix,none,g711-8k,g711-8k,na,LA_0031,3.193,16000,test,LA_E_2734854_g711-8k
data/attacks/awgn-snr5/LA_E_2734854.wav,fake,la_p4fix,none,awgn-snr5,snr5,na,LA_0031,3.193,16000,test,LA_E_2734854_awgn-snr5
data/attacks/awgn-snr10/LA_E_2734854.wav,fake,la_p4fix,none,awgn-snr10,snr10,na,LA_0031,3.193,16000,test,LA_E_2734854_awgn-snr10
data/attacks/bandpass-300-3400/LA_E_2734854.wav,fake,la_p4fix,none,bandpass-300-3400,bandpass300-3400,na,LA_0031,3.193,16000,test,LA_E_2734854_bandpass-300-3400
data/attacks/reverb-rt60-0.4/LA_E_2734854.wav,fake,la_p4fix,none,reverb-rt60-0.4,rt60-0.4,na,LA_0031,3.193,16000,test,LA_E_2734854_reverb-rt60-0.4
data/attacks/speed0.9/LA_E_2734854.wav,fake,la_p4fix,none,speed0.9,speed0.9,na,LA_0031,3.548,16000,test,LA_E_2734854_speed0.9
data/attacks/mp3-64k/LA_E_9881948.wav,fake,la_p4fix,none,mp3-64k,mp3-64k,na,LA_0007,4.093,16000,test,LA_E_9881948_mp3-64k
data/attacks/aac-128k/LA_E_9881948.wav,fake,la_p4fix,none,aac-128k,aac-128k,na,LA_0007,4.096,16000,test,LA_E_9881948_aac-128k
data/attacks/opus-32k/LA_E_9881948.wav,fake,la_p4fix,none,opus-32k,opus-32k,na,LA_0007,4.093,16000,test,LA_E_9881948_opus-32k
data/attacks/g711-8k/LA_E_9881948.wav,fake,la_p4fix,none,g711-8k,g711-8k,na,LA_0007,4.093,16000,test,LA_E_9881948_g711-8k
data/attacks/awgn-snr5/LA_E_9881948.wav,fake,la_p4fix,none,awgn-snr5,snr5,na,LA_0007,4.093,16000,test,LA_E_9881948_awgn-snr5
data/attacks/awgn-snr10/LA_E_9881948.wav,fake,la_p4fix,none,awgn-snr10,snr10,na,LA_0007,4.093,16000,test,LA_E_9881948_awgn-snr10
data/attacks/bandpass-300-3400/LA_E_9881948.wav,fake,la_p4fix,none,bandpass-300-3400,bandpass300-3400,na,LA_0007,4.093,16000,test,LA_E_9881948_bandpass-300-3400
data/attacks/reverb-rt60-0.4/LA_E_9881948.wav,fake,la_p4fix,none,reverb-rt60-0.4,rt60-0.4,na,LA_0007,4.093,16000,test,LA_E_9881948_reverb-rt60-0.4
data/attacks/speed0.9/LA_E_9881948.wav,fake,la_p4fix,none,speed0.9,speed0.9,na,LA_0007,4.548,16000,test,LA_E_9881948_speed0.9
data/attacks/mp3-64k/LA_E_6643326.wav,fake,la_p4fix,none,mp3-64k,mp3-64k,na,LA_0034,3.411,16000,test,LA_E_6643326_mp3-64k
data/attacks/aac-128k/LA_E_6643326.wav,fake,la_p4fix,none,aac-128k,aac-128k,na,LA_0034,3.456,16000,test,LA_E_6643326_aac-128k
data/attacks/opus-32k/LA_E_6643326.wav,fake,la_p4fix,none,opus-32k,opus-32k,na,LA_0034,3.411,16000,test,LA_E_6643326_opus-32k
data/attacks/g711-8k/LA_E_6643326.wav,fake,la_p4fix,none,g711-8k,g711-8k,na,LA_0034,3.411,16000,test,LA_E_6643326_g711-8k
data/attacks/awgn-snr5/LA_E_6643326.wav,fake,la_p4fix,none,awgn-snr5,snr5,na,LA_0034,3.411,16000,test,LA_E_6643326_awgn-snr5
data/attacks/awgn-snr10/LA_E_6643326.wav,fake,la_p4fix,none,awgn-snr10,snr10,na,LA_0034,3.411,16000,test,LA_E_6643326_awgn-snr10
data/attacks/bandpass-300-3400/LA_E_6643326.wav,fake,la_p4fix,none,bandpass-300-3400,bandpass300-3400,na,LA_0034,3.411,16000,test,LA_E_6643326_bandpass-300-3400
data/attacks/reverb-rt60-0.4/LA_E_6643326.wav,fake,la_p4fix,none,reverb-rt60-0.4,rt60-0.4,na,LA_0034,3.411,16000,test,LA_E_6643326_reverb-rt60-0.4
data/attacks/speed0.9/LA_E_6643326.wav,fake,la_p4fix,none,speed0.9,speed0.9,na,LA_0034,3.79,16000,test,LA_E_6643326_speed0.9
data/attacks/mp3-64k/LA_E_3597358.wav,fake,la_p4fix,none,mp3-64k,mp3-64k,na,LA_0037,2.339,16000,test,LA_E_3597358_mp3-64k
data/attacks/aac-128k/LA_E_3597358.wav,fake,la_p4fix,none,aac-128k,aac-128k,na,LA_0037,2.368,16000,test,LA_E_3597358_aac-128k
data/attacks/opus-32k/LA_E_3597358.wav,fake,la_p4fix,none,opus-32k,opus-32k,na,LA_0037,2.339,16000,test,LA_E_3597358_opus-32k
data/attacks/g711-8k/LA_E_3597358.wav,fake,la_p4fix,none,g711-8k,g711-8k,na,LA_0037,2.339,16000,test,LA_E_3597358_g711-8k
data/attacks/awgn-snr5/LA_E_3597358.wav,fake,la_p4fix,none,awgn-snr5,snr5,na,LA_0037,2.339,16000,test,LA_E_3597358_awgn-snr5
data/attacks/awgn-snr10/LA_E_3597358.wav,fake,la_p4fix,none,awgn-snr10,snr10,na,LA_0037,2.339,16000,test,LA_E_3597358_awgn-snr10
data/attacks/bandpass-300-3400/LA_E_3597358.wav,fake,la_p4fix,none,bandpass-300-3400,bandpass300-3400,na,LA_0037,2.339,16000,test,LA_E_3597358_bandpass-300-3400
data/attacks/reverb-rt60-0.4/LA_E_3597358.wav,fake,la_p4fix,none,reverb-rt60-0.4,rt60-0.4,na,LA_0037,2.339,16000,test,LA_E_3597358_reverb-rt60-0.4
data/attacks/speed0.9/LA_E_3597358.wav,fake,la_p4fix,none,speed0.9,speed0.9,na,LA_0037,2.599,16000,test,LA_E_3597358_speed0.9
data/attacks/mp3-64k/LA_E_5474769.wav,fake,la_p4fix,none,mp3-64k,mp3-64k,na,LA_0030,5.372,16000,test,LA_E_5474769_mp3-64k
data/attacks/aac-128k/LA_E_5474769.wav,fake,la_p4fix,none,aac-128k,aac-128k,na,LA_0030,5.376,16000,test,LA_E_5474769_aac-128k
data/attacks/opus-32k/LA_E_5474769.wav,fake,la_p4fix,none,opus-32k,opus-32k,na,LA_0030,5.372,16000,test,LA_E_5474769_opus-32k
data/attacks/g711-8k/LA_E_5474769.wav,fake,la_p4fix,none,g711-8k,g711-8k,na,LA_0030,5.372,16000,test,LA_E_5474769_g711-8k
data/attacks/awgn-snr5/LA_E_5474769.wav,fake,la_p4fix,none,awgn-snr5,snr5,na,LA_0030,5.372,16000,test,LA_E_5474769_awgn-snr5
data/attacks/awgn-snr10/LA_E_5474769.wav,fake,la_p4fix,none,awgn-snr10,snr10,na,LA_0030,5.372,16000,test,LA_E_5474769_awgn-snr10
data/attacks/bandpass-300-3400/LA_E_5474769.wav,fake,la_p4fix,none,bandpass-300-3400,bandpass300-3400,na,LA_0030,5.372,16000,test,LA_E_5474769_bandpass-300-3400
data/attacks/reverb-rt60-0.4/LA_E_5474769.wav,fake,la_p4fix,none,reverb-rt60-0.4,rt60-0.4,na,LA_0030,5.372,16000,test,LA_E_5474769_reverb-rt60-0.4
data/attacks/speed0.9/LA_E_5474769.wav,fake,la_p4fix,none,speed0.9,speed0.9,na,LA_0030,5.969,16000,test,LA_E_5474769_speed0.9
data/attacks/mp3-64k/LA_E_1725075.wav,fake,la_p4fix,none,mp3-64k,mp3-64k,na,LA_0027,2.511,16000,test,LA_E_1725075_mp3-64k
data/attacks/aac-128k/LA_E_1725075.wav,fake,la_p4fix,none,aac-128k,aac-128k,na,LA_0027,2.56,16000,test,LA_E_1725075_aac-128k
data/attacks/opus-32k/LA_E_1725075.wav,fake,la_p4fix,none,opus-32k,opus-32k,na,LA_0027,2.511,16000,test,LA_E_1725075_opus-32k
data/attacks/g711-8k/LA_E_1725075.wav,fake,la_p4fix,none,g711-8k,g711-8k,na,LA_0027,2.511,16000,test,LA_E_1725075_g711-8k
data/attacks/awgn-snr5/LA_E_1725075.wav,fake,la_p4fix,none,awgn-snr5,snr5,na,LA_0027,2.511,16000,test,LA_E_1725075_awgn-snr5
data/attacks/awgn-snr10/LA_E_1725075.wav,fake,la_p4fix,none,awgn-snr10,snr10,na,LA_0027,2.511,16000,test,LA_E_1725075_awgn-snr10
data/attacks/bandpass-300-3400/LA_E_1725075.wav,fake,la_p4fix,none,bandpass-300-3400,bandpass300-3400,na,LA_0027,2.511,16000,test,LA_E_1725075_bandpass-300-3400
data/attacks/reverb-rt60-0.4/LA_E_1725075.wav,fake,la_p4fix,none,reverb-rt60-0.4,rt60-0.4,na,LA_0027,2.511,16000,test,LA_E_1725075_reverb-rt60-0.4
data/attacks/speed0.9/LA_E_1725075.wav,fake,la_p4fix,none,speed0.9,speed0.9,na,LA_0027,2.79,16000,test,LA_E_1725075_speed0.9
data/attacks/mp3-64k/LA_E_3567749.wav,fake,la_p4fix,none,mp3-64k,mp3-64k,na,LA_0012,2.431,16000,test,LA_E_3567749_mp3-64k
data/attacks/aac-128k/LA_E_3567749.wav,fake,la_p4fix,none,aac-128k,aac-128k,na,LA_0012,2.432,16000,test,LA_E_3567749_aac-128k
data/attacks/opus-32k/LA_E_3567749.wav,fake,la_p4fix,none,opus-32k,opus-32k,na,LA_0012,2.431,16000,test,LA_E_3567749_opus-32k
data/attacks/g711-8k/LA_E_3567749.wav,fake,la_p4fix,none,g711-8k,g711-8k,na,LA_0012,2.431,16000,test,LA_E_3567749_g711-8k
data/attacks/awgn-snr5/LA_E_3567749.wav,fake,la_p4fix,none,awgn-snr5,snr5,na,LA_0012,2.431,16000,test,LA_E_3567749_awgn-snr5
data/attacks/awgn-snr10/LA_E_3567749.wav,fake,la_p4fix,none,awgn-snr10,snr10,na,LA_0012,2.431,16000,test,LA_E_3567749_awgn-snr10
data/attacks/bandpass-300-3400/LA_E_3567749.wav,fake,la_p4fix,none,bandpass-300-3400,bandpass300-3400,na,LA_0012,2.431,16000,test,LA_E_3567749_bandpass-300-3400
data/attacks/reverb-rt60-0.4/LA_E_3567749.wav,fake,la_p4fix,none,reverb-rt60-0.4,rt60-0.4,na,LA_0012,2.431,16000,test,LA_E_3567749_reverb-rt60-0.4
data/attacks/speed0.9/LA_E_3567749.wav,fake,la_p4fix,none,speed0.9,speed0.9,na,LA_0012,2.701,16000,test,LA_E_3567749_speed0.9
data/attacks/mp3-64k/LA_E_9551219.wav,fake,la_p4fix,none,mp3-64k,mp3-64k,na,LA_0004,2.473,16000,test,LA_E_9551219_mp3-64k
data/attacks/aac-128k/LA_E_9551219.wav,fake,la_p4fix,none,aac-128k,aac-128k,na,LA_0004,2.496,16000,test,LA_E_9551219_aac-128k
data/attacks/opus-32k/LA_E_9551219.wav,fake,la_p4fix,none,opus-32k,opus-32k,na,LA_0004,2.473,16000,test,LA_E_9551219_opus-32k
data/attacks/g711-8k/LA_E_9551219.wav,fake,la_p4fix,none,g711-8k,g711-8k,na,LA_0004,2.473,16000,test,LA_E_9551219_g711-8k
data/attacks/awgn-snr5/LA_E_9551219.wav,fake,la_p4fix,none,awgn-snr5,snr5,na,LA_0004,2.473,16000,test,LA_E_9551219_awgn-snr5
data/attacks/awgn-snr10/LA_E_9551219.wav,fake,la_p4fix,none,awgn-snr10,snr10,na,LA_0004,2.473,16000,test,LA_E_9551219_awgn-snr10
data/attacks/bandpass-300-3400/LA_E_9551219.wav,fake,la_p4fix,none,bandpass-300-3400,bandpass300-3400,na,LA_0004,2.473,16000,test,LA_E_9551219_bandpass-300-3400
data/attacks/reverb-rt60-0.4/LA_E_9551219.wav,fake,la_p4fix,none,reverb-rt60-0.4,rt60-0.4,na,LA_0004,2.473,16000,test,LA_E_9551219_reverb-rt60-0.4
data/attacks/speed0.9/LA_E_9551219.wav,fake,la_p4fix,none,speed0.9,speed0.9,na,LA_0004,2.748,16000,test,LA_E_9551219_speed0.9
data/attacks/mp3-64k/LA_E_7511669.wav,fake,la_p4fix,none,mp3-64k,mp3-64k,na,LA_0045,3.495,16000,test,LA_E_7511669_mp3-64k
data/attacks/aac-128k/LA_E_7511669.wav,fake,la_p4fix,none,aac-128k,aac-128k,na,LA_0045,3.52,16000,test,LA_E_7511669_aac-128k
data/attacks/opus-32k/LA_E_7511669.wav,fake,la_p4fix,none,opus-32k,opus-32k,na,LA_0045,3.492,16000,test,LA_E_7511669_opus-32k
data/attacks/g711-8k/LA_E_7511669.wav,fake,la_p4fix,none,g711-8k,g711-8k,na,LA_0045,3.492,16000,test,LA_E_7511669_g711-8k
data/attacks/awgn-snr5/LA_E_7511669.wav,fake,la_p4fix,none,awgn-snr5,snr5,na,LA_0045,3.492,16000,test,LA_E_7511669_awgn-snr5
data/attacks/awgn-snr10/LA_E_7511669.wav,fake,la_p4fix,none,awgn-snr10,snr10,na,LA_0045,3.492,16000,test,LA_E_7511669_awgn-snr10
data/attacks/bandpass-300-3400/LA_E_7511669.wav,fake,la_p4fix,none,bandpass-300-3400,bandpass300-3400,na,LA_0045,3.492,16000,test,LA_E_7511669_bandpass-300-3400
data/attacks/reverb-rt60-0.4/LA_E_7511669.wav,fake,la_p4fix,none,reverb-rt60-0.4,rt60-0.4,na,LA_0045,3.492,16000,test,LA_E_7511669_reverb-rt60-0.4
data/attacks/speed0.9/LA_E_7511669.wav,fake,la_p4fix,none,speed0.9,speed0.9,na,LA_0045,3.88,16000,test,LA_E_7511669_speed0.9
data/attacks/mp3-64k/LA_E_4229201.wav,fake,la_p4fix,none,mp3-64k,mp3-64k,na,LA_0008,5.457,16000,test,LA_E_4229201_mp3-64k
data/attacks/aac-128k/LA_E_4229201.wav,fake,la_p4fix,none,aac-128k,aac-128k,na,LA_0008,5.504,16000,test,LA_E_4229201_aac-128k
data/attacks/opus-32k/LA_E_4229201.wav,fake,la_p4fix,none,opus-32k,opus-32k,na,LA_0008,5.457,16000,test,LA_E_4229201_opus-32k
data/attacks/g711-8k/LA_E_4229201.wav,fake,la_p4fix,none,g711-8k,g711-8k,na,LA_0008,5.457,16000,test,LA_E_4229201_g711-8k
data/attacks/awgn-snr5/LA_E_4229201.wav,fake,la_p4fix,none,awgn-snr5,snr5,na,LA_0008,5.457,16000,test,LA_E_4229201_awgn-snr5
data/attacks/awgn-snr10/LA_E_4229201.wav,fake,la_p4fix,none,awgn-snr10,snr10,na,LA_0008,5.457,16000,test,LA_E_4229201_awgn-snr10
data/attacks/bandpass-300-3400/LA_E_4229201.wav,fake,la_p4fix,none,bandpass-300-3400,bandpass300-3400,na,LA_0008,5.457,16000,test,LA_E_4229201_bandpass-300-3400
data/attacks/reverb-rt60-0.4/LA_E_4229201.wav,fake,la_p4fix,none,reverb-rt60-0.4,rt60-0.4,na,LA_0008,5.457,16000,test,LA_E_4229201_reverb-rt60-0.4
data/attacks/speed0.9/LA_E_4229201.wav,fake,la_p4fix,none,speed0.9,speed0.9,na,LA_0008,6.063,16000,test,LA_E_4229201_speed0.9
data/attacks/mp3-64k/LA_E_1540585.wav,fake,la_p4fix,none,mp3-64k,mp3-64k,na,LA_0016,3.922,16000,test,LA_E_1540585_mp3-64k
data/attacks/aac-128k/LA_E_1540585.wav,fake,la_p4fix,none,aac-128k,aac-128k,na,LA_0016,3.968,16000,test,LA_E_1540585_aac-128k
data/attacks/opus-32k/LA_E_1540585.wav,fake,la_p4fix,none,opus-32k,opus-32k,na,LA_0016,3.922,16000,test,LA_E_1540585_opus-32k
data/attacks/g711-8k/LA_E_1540585.wav,fake,la_p4fix,none,g711-8k,g711-8k,na,LA_0016,3.922,16000,test,LA_E_1540585_g711-8k
data/attacks/awgn-snr5/LA_E_1540585.wav,fake,la_p4fix,none,awgn-snr5,snr5,na,LA_0016,3.922,16000,test,LA_E_1540585_awgn-snr5
data/attacks/awgn-snr10/LA_E_1540585.wav,fake,la_p4fix,none,awgn-snr10,snr10,na,LA_0016,3.922,16000,test,LA_E_1540585_awgn-snr10
data/attacks/bandpass-300-3400/LA_E_1540585.wav,fake,la_p4fix,none,bandpass-300-3400,bandpass300-3400,na,LA_0016,3.922,16000,test,LA_E_1540585_bandpass-300-3400
data/attacks/reverb-rt60-0.4/LA_E_1540585.wav,fake,la_p4fix,none,reverb-rt60-0.4,rt60-0.4,na,LA_0016,3.922,16000,test,LA_E_1540585_reverb-rt60-0.4
data/attacks/speed0.9/LA_E_1540585.wav,fake,la_p4fix,none,speed0.9,speed0.9,na,LA_0016,4.358,16000,test,LA_E_1540585_speed0.9
data/attacks/mp3-64k/LA_E_2745718.wav,fake,la_p4fix,none,mp3-64k,mp3-64k,na,LA_0009,2.298,16000,test,LA_E_2745718_mp3-64k
data/attacks/aac-128k/LA_E_2745718.wav,fake,la_p4fix,none,aac-128k,aac-128k,na,LA_0009,2.304,16000,test,LA_E_2745718_aac-128k
data/attacks/opus-32k/LA_E_2745718.wav,fake,la_p4fix,none,opus-32k,opus-32k,na,LA_0009,2.298,16000,test,LA_E_2745718_opus-32k
data/attacks/g711-8k/LA_E_2745718.wav,fake,la_p4fix,none,g711-8k,g711-8k,na,LA_0009,2.298,16000,test,LA_E_2745718_g711-8k
data/attacks/awgn-snr5/LA_E_2745718.wav,fake,la_p4fix,none,awgn-snr5,snr5,na,LA_0009,2.298,16000,test,LA_E_2745718_awgn-snr5
data/attacks/awgn-snr10/LA_E_2745718.wav,fake,la_p4fix,none,awgn-snr10,snr10,na,LA_0009,2.298,16000,test,LA_E_2745718_awgn-snr10
data/attacks/bandpass-300-3400/LA_E_2745718.wav,fake,la_p4fix,none,bandpass-300-3400,bandpass300-3400,na,LA_0009,2.298,16000,test,LA_E_2745718_bandpass-300-3400
data/attacks/reverb-rt60-0.4/LA_E_2745718.wav,fake,la_p4fix,none,reverb-rt60-0.4,rt60-0.4,na,LA_0009,2.298,16000,test,LA_E_2745718_reverb-rt60-0.4
data/attacks/speed0.9/LA_E_2745718.wav,fake,la_p4fix,none,speed0.9,speed0.9,na,LA_0009,2.553,16000,test,LA_E_2745718_speed0.9
data/attacks/mp3-64k/LA_E_9685917.wav,fake,la_p4fix,none,mp3-64k,mp3-64k,na,LA_0003,3.068,16000,test,LA_E_9685917_mp3-64k
data/attacks/aac-128k/LA_E_9685917.wav,fake,la_p4fix,none,aac-128k,aac-128k,na,LA_0003,3.072,16000,test,LA_E_9685917_aac-128k
data/attacks/opus-32k/LA_E_9685917.wav,fake,la_p4fix,none,opus-32k,opus-32k,na,LA_0003,3.068,16000,test,LA_E_9685917_opus-32k
data/attacks/g711-8k/LA_E_9685917.wav,fake,la_p4fix,none,g711-8k,g711-8k,na,LA_0003,3.068,16000,test,LA_E_9685917_g711-8k
data/attacks/awgn-snr5/LA_E_9685917.wav,fake,la_p4fix,none,awgn-snr5,snr5,na,LA_0003,3.068,16000,test,LA_E_9685917_awgn-snr5
data/attacks/awgn-snr10/LA_E_9685917.wav,fake,la_p4fix,none,awgn-snr10,snr10,na,LA_0003,3.068,16000,test,LA_E_9685917_awgn-snr10
data/attacks/bandpass-300-3400/LA_E_9685917.wav,fake,la_p4fix,none,bandpass-300-3400,bandpass300-3400,na,LA_0003,3.068,16000,test,LA_E_9685917_bandpass-300-3400
data/attacks/reverb-rt60-0.4/LA_E_9685917.wav,fake,la_p4fix,none,reverb-rt60-0.4,rt60-0.4,na,LA_0003,3.068,16000,test,LA_E_9685917_reverb-rt60-0.4
data/attacks/speed0.9/LA_E_9685917.wav,fake,la_p4fix,none,speed0.9,speed0.9,na,LA_0003,3.409,16000,test,LA_E_9685917_speed0.9
data/attacks/mp3-64k/LA_E_2048743.wav,fake,la_p4fix,none,mp3-64k,mp3-64k,na,LA_0019,3.282,16000,test,LA_E_2048743_mp3-64k
data/attacks/aac-128k/LA_E_2048743.wav,fake,la_p4fix,none,aac-128k,aac-128k,na,LA_0019,3.328,16000,test,LA_E_2048743_aac-128k
data/attacks/opus-32k/LA_E_2048743.wav,fake,la_p4fix,none,opus-32k,opus-32k,na,LA_0019,3.282,16000,test,LA_E_2048743_opus-32k
data/attacks/g711-8k/LA_E_2048743.wav,fake,la_p4fix,none,g711-8k,g711-8k,na,LA_0019,3.282,16000,test,LA_E_2048743_g711-8k
data/attacks/awgn-snr5/LA_E_2048743.wav,fake,la_p4fix,none,awgn-snr5,snr5,na,LA_0019,3.282,16000,test,LA_E_2048743_awgn-snr5
data/attacks/awgn-snr10/LA_E_2048743.wav,fake,la_p4fix,none,awgn-snr10,snr10,na,LA_0019,3.282,16000,test,LA_E_2048743_awgn-snr10
data/attacks/bandpass-300-3400/LA_E_2048743.wav,fake,la_p4fix,none,bandpass-300-3400,bandpass300-3400,na,LA_0019,3.282,16000,test,LA_E_2048743_bandpass-300-3400
data/attacks/reverb-rt60-0.4/LA_E_2048743.wav,fake,la_p4fix,none,reverb-rt60-0.4,rt60-0.4,na,LA_0019,3.282,16000,test,LA_E_2048743_reverb-rt60-0.4
data/attacks/speed0.9/LA_E_2048743.wav,fake,la_p4fix,none,speed0.9,speed0.9,na,LA_0019,3.647,16000,test,LA_E_2048743_speed0.9
data/attacks/mp3-64k/LA_E_2955210.wav,fake,la_p4fix,none,mp3-64k,mp3-64k,na,LA_0027,4.009,16000,test,LA_E_2955210_mp3-64k
data/attacks/aac-128k/LA_E_2955210.wav,fake,la_p4fix,none,aac-128k,aac-128k,na,LA_0027,4.032,16000,test,LA_E_2955210_aac-128k
data/attacks/opus-32k/LA_E_2955210.wav,fake,la_p4fix,none,opus-32k,opus-32k,na,LA_0027,4.009,16000,test,LA_E_2955210_opus-32k
data/attacks/g711-8k/LA_E_2955210.wav,fake,la_p4fix,none,g711-8k,g711-8k,na,LA_0027,4.009,16000,test,LA_E_2955210_g711-8k
data/attacks/awgn-snr5/LA_E_2955210.wav,fake,la_p4fix,none,awgn-snr5,snr5,na,LA_0027,4.009,16000,test,LA_E_2955210_awgn-snr5
data/attacks/awgn-snr10/LA_E_2955210.wav,fake,la_p4fix,none,awgn-snr10,snr10,na,LA_0027,4.009,16000,test,LA_E_2955210_awgn-snr10
data/attacks/bandpass-300-3400/LA_E_2955210.wav,fake,la_p4fix,none,bandpass-300-3400,bandpass300-3400,na,LA_0027,4.009,16000,test,LA_E_2955210_bandpass-300-3400
data/attacks/reverb-rt60-0.4/LA_E_2955210.wav,fake,la_p4fix,none,reverb-rt60-0.4,rt60-0.4,na,LA_0027,4.009,16000,test,LA_E_2955210_reverb-rt60-0.4
data/attacks/speed0.9/LA_E_2955210.wav,fake,la_p4fix,none,speed0.9,speed0.9,na,LA_0027,4.454,16000,test,LA_E_2955210_speed0.9
data/attacks/mp3-64k/LA_E_1204271.wav,fake,la_p4fix,none,mp3-64k,mp3-64k,na,LA_0026,3.705,16000,test,LA_E_1204271_mp3-64k
data/attacks/aac-128k/LA_E_1204271.wav,fake,la_p4fix,none,aac-128k,aac-128k,na,LA_0026,3.712,16000,test,LA_E_1204271_aac-128k
data/attacks/opus-32k/LA_E_1204271.wav,fake,la_p4fix,none,opus-32k,opus-32k,na,LA_0026,3.705,16000,test,LA_E_1204271_opus-32k
data/attacks/g711-8k/LA_E_1204271.wav,fake,la_p4fix,none,g711-8k,g711-8k,na,LA_0026,3.705,16000,test,LA_E_1204271_g711-8k
data/attacks/awgn-snr5/LA_E_1204271.wav,fake,la_p4fix,none,awgn-snr5,snr5,na,LA_0026,3.705,16000,test,LA_E_1204271_awgn-snr5
data/attacks/awgn-snr10/LA_E_1204271.wav,fake,la_p4fix,none,awgn-snr10,snr10,na,LA_0026,3.705,16000,test,LA_E_1204271_awgn-snr10
data/attacks/bandpass-300-3400/LA_E_1204271.wav,fake,la_p4fix,none,bandpass-300-3400,bandpass300-3400,na,LA_0026,3.705,16000,test,LA_E_1204271_bandpass-300-3400
data/attacks/reverb-rt60-0.4/LA_E_1204271.wav,fake,la_p4fix,none,reverb-rt60-0.4,rt60-0.4,na,LA_0026,3.705,16000,test,LA_E_1204271_reverb-rt60-0.4
data/attacks/speed0.9/LA_E_1204271.wav,fake,la_p4fix,none,speed0.9,speed0.9,na,LA_0026,4.116,16000,test,LA_E_1204271_speed0.9
data/attacks/mp3-64k/LA_E_7998690.wav,fake,la_p4fix,none,mp3-64k,mp3-64k,na,LA_0018,2.64,16000,test,LA_E_7998690_mp3-64k
data/attacks/aac-128k/LA_E_7998690.wav,fake,la_p4fix,none,aac-128k,aac-128k,na,LA_0018,2.688,16000,test,LA_E_7998690_aac-128k
data/attacks/opus-32k/LA_E_7998690.wav,fake,la_p4fix,none,opus-32k,opus-32k,na,LA_0018,2.64,16000,test,LA_E_7998690_opus-32k
data/attacks/g711-8k/LA_E_7998690.wav,fake,la_p4fix,none,g711-8k,g711-8k,na,LA_0018,2.64,16000,test,LA_E_7998690_g711-8k
data/attacks/awgn-snr5/LA_E_7998690.wav,fake,la_p4fix,none,awgn-snr5,snr5,na,LA_0018,2.64,16000,test,LA_E_7998690_awgn-snr5
data/attacks/awgn-snr10/LA_E_7998690.wav,fake,la_p4fix,none,awgn-snr10,snr10,na,LA_0018,2.64,16000,test,LA_E_7998690_awgn-snr10
data/attacks/bandpass-300-3400/LA_E_7998690.wav,fake,la_p4fix,none,bandpass-300-3400,bandpass300-3400,na,LA_0018,2.64,16000,test,LA_E_7998690_bandpass-300-3400
data/attacks/reverb-rt60-0.4/LA_E_7998690.wav,fake,la_p4fix,none,reverb-rt60-0.4,rt60-0.4,na,LA_0018,2.64,16000,test,LA_E_7998690_reverb-rt60-0.4
data/attacks/speed0.9/LA_E_7998690.wav,fake,la_p4fix,none,speed0.9,speed0.9,na,LA_0018,2.934,16000,test,LA_E_7998690_speed0.9
data/attacks/mp3-64k/LA_E_6935122.wav,fake,la_p4fix,none,mp3-64k,mp3-64k,na,LA_0027,5.715,16000,test,LA_E_6935122_mp3-64k
data/attacks/aac-128k/LA_E_6935122.wav,fake,la_p4fix,none,aac-128k,aac-128k,na,LA_0027,5.76,16000,test,LA_E_6935122_aac-128k
data/attacks/opus-32k/LA_E_6935122.wav,fake,la_p4fix,none,opus-32k,opus-32k,na,LA_0027,5.715,16000,test,LA_E_6935122_opus-32k
data/attacks/g711-8k/LA_E_6935122.wav,fake,la_p4fix,none,g711-8k,g711-8k,na,LA_0027,5.715,16000,test,LA_E_6935122_g711-8k
data/attacks/awgn-snr5/LA_E_6935122.wav,fake,la_p4fix,none,awgn-snr5,snr5,na,LA_0027,5.715,16000,test,LA_E_6935122_awgn-snr5
data/attacks/awgn-snr10/LA_E_6935122.wav,fake,la_p4fix,none,awgn-snr10,snr10,na,LA_0027,5.715,16000,test,LA_E_6935122_awgn-snr10
data/attacks/bandpass-300-3400/LA_E_6935122.wav,fake,la_p4fix,none,bandpass-300-3400,bandpass300-3400,na,LA_0027,5.715,16000,test,LA_E_6935122_bandpass-300-3400
data/attacks/reverb-rt60-0.4/LA_E_6935122.wav,fake,la_p4fix,none,reverb-rt60-0.4,rt60-0.4,na,LA_0027,5.715,16000,test,LA_E_6935122_reverb-rt60-0.4
data/attacks/speed0.9/LA_E_6935122.wav,fake,la_p4fix,none,speed0.9,speed0.9,na,LA_0027,6.35,16000,test,LA_E_6935122_speed0.9
data/attacks/mp3-64k/LA_E_5802610.wav,fake,la_p4fix,none,mp3-64k,mp3-64k,na,LA_0015,2.856,16000,test,LA_E_5802610_mp3-64k
data/attacks/aac-128k/LA_E_5802610.wav,fake,la_p4fix,none,aac-128k,aac-128k,na,LA_0015,2.88,16000,test,LA_E_5802610_aac-128k
data/attacks/opus-32k/LA_E_5802610.wav,fake,la_p4fix,none,opus-32k,opus-32k,na,LA_0015,2.856,16000,test,LA_E_5802610_opus-32k
data/attacks/g711-8k/LA_E_5802610.wav,fake,la_p4fix,none,g711-8k,g711-8k,na,LA_0015,2.856,16000,test,LA_E_5802610_g711-8k
data/attacks/awgn-snr5/LA_E_5802610.wav,fake,la_p4fix,none,awgn-snr5,snr5,na,LA_0015,2.856,16000,test,LA_E_5802610_awgn-snr5
data/attacks/awgn-snr10/LA_E_5802610.wav,fake,la_p4fix,none,awgn-snr10,snr10,na,LA_0015,2.856,16000,test,LA_E_5802610_awgn-snr10
data/attacks/bandpass-300-3400/LA_E_5802610.wav,fake,la_p4fix,none,bandpass-300-3400,bandpass300-3400,na,LA_0015,2.856,16000,test,LA_E_5802610_bandpass-300-3400
data/attacks/reverb-rt60-0.4/LA_E_5802610.wav,fake,la_p4fix,none,reverb-rt60-0.4,rt60-0.4,na,LA_0015,2.856,16000,test,LA_E_5802610_reverb-rt60-0.4
data/attacks/speed0.9/LA_E_5802610.wav,fake,la_p4fix,none,speed0.9,speed0.9,na,LA_0015,3.173,16000,test,LA_E_5802610_speed0.9
data/attacks/mp3-64k/LA_E_1262697.wav,fake,la_p4fix,none,mp3-64k,mp3-64k,na,LA_0048,2.898,16000,test,LA_E_1262697_mp3-64k
data/attacks/aac-128k/LA_E_1262697.wav,fake,la_p4fix,none,aac-128k,aac-128k,na,LA_0048,2.944,16000,test,LA_E_1262697_aac-128k
data/attacks/opus-32k/LA_E_1262697.wav,fake,la_p4fix,none,opus-32k,opus-32k,na,LA_0048,2.898,16000,test,LA_E_1262697_opus-32k
data/attacks/g711-8k/LA_E_1262697.wav,fake,la_p4fix,none,g711-8k,g711-8k,na,LA_0048,2.898,16000,test,LA_E_1262697_g711-8k
data/attacks/awgn-snr5/LA_E_1262697.wav,fake,la_p4fix,none,awgn-snr5,snr5,na,LA_0048,2.898,16000,test,LA_E_1262697_awgn-snr5
data/attacks/awgn-snr10/LA_E_1262697.wav,fake,la_p4fix,none,awgn-snr10,snr10,na,LA_0048,2.898,16000,test,LA_E_1262697_awgn-snr10
data/attacks/bandpass-300-3400/LA_E_1262697.wav,fake,la_p4fix,none,bandpass-300-3400,bandpass300-3400,na,LA_0048,2.898,16000,test,LA_E_1262697_bandpass-300-3400
data/attacks/reverb-rt60-0.4/LA_E_1262697.wav,fake,la_p4fix,none,reverb-rt60-0.4,rt60-0.4,na,LA_0048,2.898,16000,test,LA_E_1262697_reverb-rt60-0.4
data/attacks/speed0.9/LA_E_1262697.wav,fake,la_p4fix,none,speed0.9,speed0.9,na,LA_0048,3.22,16000,test,LA_E_1262697_speed0.9
data/attacks/mp3-64k/LA_E_7991108.wav,fake,la_p4fix,none,mp3-64k,mp3-64k,na,LA_0043,3.621,16000,test,LA_E_7991108_mp3-64k
data/attacks/aac-128k/LA_E_7991108.wav,fake,la_p4fix,none,aac-128k,aac-128k,na,LA_0043,3.648,16000,test,LA_E_7991108_aac-128k
data/attacks/opus-32k/LA_E_7991108.wav,fake,la_p4fix,none,opus-32k,opus-32k,na,LA_0043,3.621,16000,test,LA_E_7991108_opus-32k
data/attacks/g711-8k/LA_E_7991108.wav,fake,la_p4fix,none,g711-8k,g711-8k,na,LA_0043,3.621,16000,test,LA_E_7991108_g711-8k
data/attacks/awgn-snr5/LA_E_7991108.wav,fake,la_p4fix,none,awgn-snr5,snr5,na,LA_0043,3.621,16000,test,LA_E_7991108_awgn-snr5
data/attacks/awgn-snr10/LA_E_7991108.wav,fake,la_p4fix,none,awgn-snr10,snr10,na,LA_0043,3.621,16000,test,LA_E_7991108_awgn-snr10
data/attacks/bandpass-300-3400/LA_E_7991108.wav,fake,la_p4fix,none,bandpass-300-3400,bandpass300-3400,na,LA_0043,3.621,16000,test,LA_E_7991108_bandpass-300-3400
data/attacks/reverb-rt60-0.4/LA_E_7991108.wav,fake,la_p4fix,none,reverb-rt60-0.4,rt60-0.4,na,LA_0043,3.621,16000,test,LA_E_7991108_reverb-rt60-0.4
data/attacks/speed0.9/LA_E_7991108.wav,fake,la_p4fix,none,speed0.9,speed0.9,na,LA_0043,4.023,16000,test,LA_E_7991108_speed0.9
data/attacks/mp3-64k/LA_E_1591243.wav,fake,la_p4fix,none,mp3-64k,mp3-64k,na,LA_0034,2.681,16000,test,LA_E_1591243_mp3-64k
data/attacks/aac-128k/LA_E_1591243.wav,fake,la_p4fix,none,aac-128k,aac-128k,na,LA_0034,2.688,16000,test,LA_E_1591243_aac-128k
data/attacks/opus-32k/LA_E_1591243.wav,fake,la_p4fix,none,opus-32k,opus-32k,na,LA_0034,2.681,16000,test,LA_E_1591243_opus-32k
data/attacks/g711-8k/LA_E_1591243.wav,fake,la_p4fix,none,g711-8k,g711-8k,na,LA_0034,2.681,16000,test,LA_E_1591243_g711-8k
data/attacks/awgn-snr5/LA_E_1591243.wav,fake,la_p4fix,none,awgn-snr5,snr5,na,LA_0034,2.681,16000,test,LA_E_1591243_awgn-snr5
data/attacks/awgn-snr10/LA_E_1591243.wav,fake,la_p4fix,none,awgn-snr10,snr10,na,LA_0034,2.681,16000,test,LA_E_1591243_awgn-snr10
data/attacks/bandpass-300-3400/LA_E_1591243.wav,fake,la_p4fix,none,bandpass-300-3400,bandpass300-3400,na,LA_0034,2.681,16000,test,LA_E_1591243_bandpass-300-3400
data/attacks/reverb-rt60-0.4/LA_E_1591243.wav,fake,la_p4fix,none,reverb-rt60-0.4,rt60-0.4,na,LA_0034,2.681,16000,test,LA_E_1591243_reverb-rt60-0.4
data/attacks/speed0.9/LA_E_1591243.wav,fake,la_p4fix,none,speed0.9,speed0.9,na,LA_0034,2.979,16000,test,LA_E_1591243_speed0.9
data/attacks/mp3-64k/LA_E_1698227.wav,fake,la_p4fix,none,mp3-64k,mp3-64k,na,LA_0035,4.474,16000,test,LA_E_1698227_mp3-64k
data/attacks/aac-128k/LA_E_1698227.wav,fake,la_p4fix,none,aac-128k,aac-128k,na,LA_0035,4.48,16000,test,LA_E_1698227_aac-128k
data/attacks/opus-32k/LA_E_1698227.wav,fake,la_p4fix,none,opus-32k,opus-32k,na,LA_0035,4.474,16000,test,LA_E_1698227_opus-32k
data/attacks/g711-8k/LA_E_1698227.wav,fake,la_p4fix,none,g711-8k,g711-8k,na,LA_0035,4.474,16000,test,LA_E_1698227_g711-8k
data/attacks/awgn-snr5/LA_E_1698227.wav,fake,la_p4fix,none,awgn-snr5,snr5,na,LA_0035,4.474,16000,test,LA_E_1698227_awgn-snr5
data/attacks/awgn-snr10/LA_E_1698227.wav,fake,la_p4fix,none,awgn-snr10,snr10,na,LA_0035,4.474,16000,test,LA_E_1698227_awgn-snr10
data/attacks/bandpass-300-3400/LA_E_1698227.wav,fake,la_p4fix,none,bandpass-300-3400,bandpass300-3400,na,LA_0035,4.474,16000,test,LA_E_1698227_bandpass-300-3400
data/attacks/reverb-rt60-0.4/LA_E_1698227.wav,fake,la_p4fix,none,reverb-rt60-0.4,rt60-0.4,na,LA_0035,4.474,16000,test,LA_E_1698227_reverb-rt60-0.4
data/attacks/speed0.9/LA_E_1698227.wav,fake,la_p4fix,none,speed0.9,speed0.9,na,LA_0035,4.971,16000,test,LA_E_1698227_speed0.9
data/attacks/mp3-64k/LA_E_5230679.wav,fake,la_p4fix,none,mp3-64k,mp3-64k,na,LA_0031,2.98,16000,test,LA_E_5230679_mp3-64k
data/attacks/aac-128k/LA_E_5230679.wav,fake,la_p4fix,none,aac-128k,aac-128k,na,LA_0031,3.008,16000,test,LA_E_5230679_aac-128k
data/attacks/opus-32k/LA_E_5230679.wav,fake,la_p4fix,none,opus-32k,opus-32k,na,LA_0031,2.98,16000,test,LA_E_5230679_opus-32k
data/attacks/g711-8k/LA_E_5230679.wav,fake,la_p4fix,none,g711-8k,g711-8k,na,LA_0031,2.98,16000,test,LA_E_5230679_g711-8k
data/attacks/awgn-snr5/LA_E_5230679.wav,fake,la_p4fix,none,awgn-snr5,snr5,na,LA_0031,2.98,16000,test,LA_E_5230679_awgn-snr5
data/attacks/awgn-snr10/LA_E_5230679.wav,fake,la_p4fix,none,awgn-snr10,snr10,na,LA_0031,2.98,16000,test,LA_E_5230679_awgn-snr10
data/attacks/bandpass-300-3400/LA_E_5230679.wav,fake,la_p4fix,none,bandpass-300-3400,bandpass300-3400,na,LA_0031,2.98,16000,test,LA_E_5230679_bandpass-300-3400
data/attacks/reverb-rt60-0.4/LA_E_5230679.wav,fake,la_p4fix,none,reverb-rt60-0.4,rt60-0.4,na,LA_0031,2.98,16000,test,LA_E_5230679_reverb-rt60-0.4
data/attacks/speed0.9/LA_E_5230679.wav,fake,la_p4fix,none,speed0.9,speed0.9,na,LA_0031,3.311,16000,test,LA_E_5230679_speed0.9
data/attacks/mp3-64k/LA_E_5634892.wav,fake,la_p4fix,none,mp3-64k,mp3-64k,na,LA_0043,2.429,16000,test,LA_E_5634892_mp3-64k
data/attacks/aac-128k/LA_E_5634892.wav,fake,la_p4fix,none,aac-128k,aac-128k,na,LA_0043,2.432,16000,test,LA_E_5634892_aac-128k
data/attacks/opus-32k/LA_E_5634892.wav,fake,la_p4fix,none,opus-32k,opus-32k,na,LA_0043,2.429,16000,test,LA_E_5634892_opus-32k
data/attacks/g711-8k/LA_E_5634892.wav,fake,la_p4fix,none,g711-8k,g711-8k,na,LA_0043,2.429,16000,test,LA_E_5634892_g711-8k
data/attacks/awgn-snr5/LA_E_5634892.wav,fake,la_p4fix,none,awgn-snr5,snr5,na,LA_0043,2.429,16000,test,LA_E_5634892_awgn-snr5
data/attacks/awgn-snr10/LA_E_5634892.wav,fake,la_p4fix,none,awgn-snr10,snr10,na,LA_0043,2.429,16000,test,LA_E_5634892_awgn-snr10
data/attacks/bandpass-300-3400/LA_E_5634892.wav,fake,la_p4fix,none,bandpass-300-3400,bandpass300-3400,na,LA_0043,2.429,16000,test,LA_E_5634892_bandpass-300-3400
data/attacks/reverb-rt60-0.4/LA_E_5634892.wav,fake,la_p4fix,none,reverb-rt60-0.4,rt60-0.4,na,LA_0043,2.429,16000,test,LA_E_5634892_reverb-rt60-0.4
data/attacks/speed0.9/LA_E_5634892.wav,fake,la_p4fix,none,speed0.9,speed0.9,na,LA_0043,2.699,16000,test,LA_E_5634892_speed0.9
data/attacks/mp3-64k/LA_E_9052228.wav,fake,la_p4fix,none,mp3-64k,mp3-64k,na,LA_0028,4.098,16000,test,LA_E_9052228_mp3-64k
data/attacks/aac-128k/LA_E_9052228.wav,fake,la_p4fix,none,aac-128k,aac-128k,na,LA_0028,4.16,16000,test,LA_E_9052228_aac-128k
data/attacks/opus-32k/LA_E_9052228.wav,fake,la_p4fix,none,opus-32k,opus-32k,na,LA_0028,4.098,16000,test,LA_E_9052228_opus-32k
data/attacks/g711-8k/LA_E_9052228.wav,fake,la_p4fix,none,g711-8k,g711-8k,na,LA_0028,4.098,16000,test,LA_E_9052228_g711-8k
data/attacks/awgn-snr5/LA_E_9052228.wav,fake,la_p4fix,none,awgn-snr5,snr5,na,LA_0028,4.098,16000,test,LA_E_9052228_awgn-snr5
data/attacks/awgn-snr10/LA_E_9052228.wav,fake,la_p4fix,none,awgn-snr10,snr10,na,LA_0028,4.098,16000,test,LA_E_9052228_awgn-snr10
data/attacks/bandpass-300-3400/LA_E_9052228.wav,fake,la_p4fix,none,bandpass-300-3400,bandpass300-3400,na,LA_0028,4.098,16000,test,LA_E_9052228_bandpass-300-3400
data/attacks/reverb-rt60-0.4/LA_E_9052228.wav,fake,la_p4fix,none,reverb-rt60-0.4,rt60-0.4,na,LA_0028,4.098,16000,test,LA_E_9052228_reverb-rt60-0.4
data/attacks/speed0.9/LA_E_9052228.wav,fake,la_p4fix,none,speed0.9,speed0.9,na,LA_0028,4.553,16000,test,LA_E_9052228_speed0.9
data/attacks/mp3-64k/LA_E_5633538.wav,fake,la_p4fix,none,mp3-64k,mp3-64k,na,LA_0006,2.596,16000,test,LA_E_5633538_mp3-64k
data/attacks/aac-128k/LA_E_5633538.wav,fake,la_p4fix,none,aac-128k,aac-128k,na,LA_0006,2.624,16000,test,LA_E_5633538_aac-128k
data/attacks/opus-32k/LA_E_5633538.wav,fake,la_p4fix,none,opus-32k,opus-32k,na,LA_0006,2.596,16000,test,LA_E_5633538_opus-32k
data/attacks/g711-8k/LA_E_5633538.wav,fake,la_p4fix,none,g711-8k,g711-8k,na,LA_0006,2.596,16000,test,LA_E_5633538_g711-8k
data/attacks/awgn-snr5/LA_E_5633538.wav,fake,la_p4fix,none,awgn-snr5,snr5,na,LA_0006,2.596,16000,test,LA_E_5633538_awgn-snr5
data/attacks/awgn-snr10/LA_E_5633538.wav,fake,la_p4fix,none,awgn-snr10,snr10,na,LA_0006,2.596,16000,test,LA_E_5633538_awgn-snr10
data/attacks/bandpass-300-3400/LA_E_5633538.wav,fake,la_p4fix,none,bandpass-300-3400,bandpass300-3400,na,LA_0006,2.596,16000,test,LA_E_5633538_bandpass-300-3400
data/attacks/reverb-rt60-0.4/LA_E_5633538.wav,fake,la_p4fix,none,reverb-rt60-0.4,rt60-0.4,na,LA_0006,2.596,16000,test,LA_E_5633538_reverb-rt60-0.4
data/attacks/speed0.9/LA_E_5633538.wav,fake,la_p4fix,none,speed0.9,speed0.9,na,LA_0006,2.885,16000,test,LA_E_5633538_speed0.9
data/attacks/mp3-64k/LA_E_6195702.wav,fake,la_p4fix,none,mp3-64k,mp3-64k,na,LA_0028,4.774,16000,test,LA_E_6195702_mp3-64k
data/attacks/aac-128k/LA_E_6195702.wav,fake,la_p4fix,none,aac-128k,aac-128k,na,LA_0028,4.8,16000,test,LA_E_6195702_aac-128k
data/attacks/opus-32k/LA_E_6195702.wav,fake,la_p4fix,none,opus-32k,opus-32k,na,LA_0028,4.774,16000,test,LA_E_6195702_opus-32k
data/attacks/g711-8k/LA_E_6195702.wav,fake,la_p4fix,none,g711-8k,g711-8k,na,LA_0028,4.774,16000,test,LA_E_6195702_g711-8k
data/attacks/awgn-snr5/LA_E_6195702.wav,fake,la_p4fix,none,awgn-snr5,snr5,na,LA_0028,4.774,16000,test,LA_E_6195702_awgn-snr5
data/attacks/awgn-snr10/LA_E_6195702.wav,fake,la_p4fix,none,awgn-snr10,snr10,na,LA_0028,4.774,16000,test,LA_E_6195702_awgn-snr10
data/attacks/bandpass-300-3400/LA_E_6195702.wav,fake,la_p4fix,none,bandpass-300-3400,bandpass300-3400,na,LA_0028,4.774,16000,test,LA_E_6195702_bandpass-300-3400
data/attacks/reverb-rt60-0.4/LA_E_6195702.wav,fake,la_p4fix,none,reverb-rt60-0.4,rt60-0.4,na,LA_0028,4.774,16000,test,LA_E_6195702_reverb-rt60-0.4
data/attacks/speed0.9/LA_E_6195702.wav,fake,la_p4fix,none,speed0.9,speed0.9,na,LA_0028,5.305,16000,test,LA_E_6195702_speed0.9
data/attacks/mp3-64k/LA_E_1034166.wav,fake,la_p4fix,none,mp3-64k,mp3-64k,na,LA_0038,4.476,16000,test,LA_E_1034166_mp3-64k
data/attacks/aac-128k/LA_E_1034166.wav,fake,la_p4fix,none,aac-128k,aac-128k,na,LA_0038,4.48,16000,test,LA_E_1034166_aac-128k
data/attacks/opus-32k/LA_E_1034166.wav,fake,la_p4fix,none,opus-32k,opus-32k,na,LA_0038,4.476,16000,test,LA_E_1034166_opus-32k
data/attacks/g711-8k/LA_E_1034166.wav,fake,la_p4fix,none,g711-8k,g711-8k,na,LA_0038,4.476,16000,test,LA_E_1034166_g711-8k
data/attacks/awgn-snr5/LA_E_1034166.wav,fake,la_p4fix,none,awgn-snr5,snr5,na,LA_0038,4.476,16000,test,LA_E_1034166_awgn-snr5
data/attacks/awgn-snr10/LA_E_1034166.wav,fake,la_p4fix,none,awgn-snr10,snr10,na,LA_0038,4.476,16000,test,LA_E_1034166_awgn-snr10
data/attacks/bandpass-300-3400/LA_E_1034166.wav,fake,la_p4fix,none,bandpass-300-3400,bandpass300-3400,na,LA_0038,4.476,16000,test,LA_E_1034166_bandpass-300-3400
data/attacks/reverb-rt60-0.4/LA_E_1034166.wav,fake,la_p4fix,none,reverb-rt60-0.4,rt60-0.4,na,LA_0038,4.476,16000,test,LA_E_1034166_reverb-rt60-0.4
data/attacks/speed0.9/LA_E_1034166.wav,fake,la_p4fix,none,speed0.9,speed0.9,na,LA_0038,4.973,16000,test,LA_E_1034166_speed0.9
data/attacks/mp3-64k/LA_E_3413192.wav,fake,la_p4fix,none,mp3-64k,mp3-64k,na,LA_0020,4.691,16000,test,LA_E_3413192_mp3-64k
data/attacks/aac-128k/LA_E_3413192.wav,fake,la_p4fix,none,aac-128k,aac-128k,na,LA_0020,4.736,16000,test,LA_E_3413192_aac-128k
data/attacks/opus-32k/LA_E_3413192.wav,fake,la_p4fix,none,opus-32k,opus-32k,na,LA_0020,4.691,16000,test,LA_E_3413192_opus-32k
data/attacks/g711-8k/LA_E_3413192.wav,fake,la_p4fix,none,g711-8k,g711-8k,na,LA_0020,4.691,16000,test,LA_E_3413192_g711-8k
data/attacks/awgn-snr5/LA_E_3413192.wav,fake,la_p4fix,none,awgn-snr5,snr5,na,LA_0020,4.691,16000,test,LA_E_3413192_awgn-snr5
data/attacks/awgn-snr10/LA_E_3413192.wav,fake,la_p4fix,none,awgn-snr10,snr10,na,LA_0020,4.691,16000,test,LA_E_3413192_awgn-snr10
data/attacks/bandpass-300-3400/LA_E_3413192.wav,fake,la_p4fix,none,bandpass-300-3400,bandpass300-3400,na,LA_0020,4.691,16000,test,LA_E_3413192_bandpass-300-3400
data/attacks/reverb-rt60-0.4/LA_E_3413192.wav,fake,la_p4fix,none,reverb-rt60-0.4,rt60-0.4,na,LA_0020,4.691,16000,test,LA_E_3413192_reverb-rt60-0.4
data/attacks/speed0.9/LA_E_3413192.wav,fake,la_p4fix,none,speed0.9,speed0.9,na,LA_0020,5.212,16000,test,LA_E_3413192_speed0.9
data/attacks/mp3-64k/LA_E_5433183.wav,fake,la_p4fix,none,mp3-64k,mp3-64k,na,LA_0023,3.84,16000,test,LA_E_5433183_mp3-64k
data/attacks/aac-128k/LA_E_5433183.wav,fake,la_p4fix,none,aac-128k,aac-128k,na,LA_0023,3.904,16000,test,LA_E_5433183_aac-128k
data/attacks/opus-32k/LA_E_5433183.wav,fake,la_p4fix,none,opus-32k,opus-32k,na,LA_0023,3.84,16000,test,LA_E_5433183_opus-32k
data/attacks/g711-8k/LA_E_5433183.wav,fake,la_p4fix,none,g711-8k,g711-8k,na,LA_0023,3.84,16000,test,LA_E_5433183_g711-8k
data/attacks/awgn-snr5/LA_E_5433183.wav,fake,la_p4fix,none,awgn-snr5,snr5,na,LA_0023,3.84,16000,test,LA_E_5433183_awgn-snr5
data/attacks/awgn-snr10/LA_E_5433183.wav,fake,la_p4fix,none,awgn-snr10,snr10,na,LA_0023,3.84,16000,test,LA_E_5433183_awgn-snr10
data/attacks/bandpass-300-3400/LA_E_5433183.wav,fake,la_p4fix,none,bandpass-300-3400,bandpass300-3400,na,LA_0023,3.84,16000,test,LA_E_5433183_bandpass-300-3400
data/attacks/reverb-rt60-0.4/LA_E_5433183.wav,fake,la_p4fix,none,reverb-rt60-0.4,rt60-0.4,na,LA_0023,3.84,16000,test,LA_E_5433183_reverb-rt60-0.4
data/attacks/speed0.9/LA_E_5433183.wav,fake,la_p4fix,none,speed0.9,speed0.9,na,LA_0023,4.267,16000,test,LA_E_5433183_speed0.9
data/attacks/mp3-64k/LA_E_5234174.wav,fake,la_p4fix,none,mp3-64k,mp3-64k,na,LA_0018,3.629,16000,test,LA_E_5234174_mp3-64k
data/attacks/aac-128k/LA_E_5234174.wav,fake,la_p4fix,none,aac-128k,aac-128k,na,LA_0018,3.648,16000,test,LA_E_5234174_aac-128k
data/attacks/opus-32k/LA_E_5234174.wav,fake,la_p4fix,none,opus-32k,opus-32k,na,LA_0018,3.629,16000,test,LA_E_5234174_opus-32k
data/attacks/g711-8k/LA_E_5234174.wav,fake,la_p4fix,none,g711-8k,g711-8k,na,LA_0018,3.629,16000,test,LA_E_5234174_g711-8k
data/attacks/awgn-snr5/LA_E_5234174.wav,fake,la_p4fix,none,awgn-snr5,snr5,na,LA_0018,3.629,16000,test,LA_E_5234174_awgn-snr5
data/attacks/awgn-snr10/LA_E_5234174.wav,fake,la_p4fix,none,awgn-snr10,snr10,na,LA_0018,3.629,16000,test,LA_E_5234174_awgn-snr10
data/attacks/bandpass-300-3400/LA_E_5234174.wav,fake,la_p4fix,none,bandpass-300-3400,bandpass300-3400,na,LA_0018,3.629,16000,test,LA_E_5234174_bandpass-300-3400
data/attacks/reverb-rt60-0.4/LA_E_5234174.wav,fake,la_p4fix,none,reverb-rt60-0.4,rt60-0.4,na,LA_0018,3.629,16000,test,LA_E_5234174_reverb-rt60-0.4
data/attacks/speed0.9/LA_E_5234174.wav,fake,la_p4fix,none,speed0.9,speed0.9,na,LA_0018,4.032,16000,test,LA_E_5234174_speed0.9
data/attacks/mp3-64k/LA_E_5173337.wav,fake,la_p4fix,none,mp3-64k,mp3-64k,na,LA_0013,4.395,16000,test,LA_E_5173337_mp3-64k
data/attacks/aac-128k/LA_E_5173337.wav,fake,la_p4fix,none,aac-128k,aac-128k,na,LA_0013,4.416,16000,test,LA_E_5173337_aac-128k
data/attacks/opus-32k/LA_E_5173337.wav,fake,la_p4fix,none,opus-32k,opus-32k,na,LA_0013,4.395,16000,test,LA_E_5173337_opus-32k
data/attacks/g711-8k/LA_E_5173337.wav,fake,la_p4fix,none,g711-8k,g711-8k,na,LA_0013,4.395,16000,test,LA_E_5173337_g711-8k
data/attacks/awgn-snr5/LA_E_5173337.wav,fake,la_p4fix,none,awgn-snr5,snr5,na,LA_0013,4.395,16000,test,LA_E_5173337_awgn-snr5
data/attacks/awgn-snr10/LA_E_5173337.wav,fake,la_p4fix,none,awgn-snr10,snr10,na,LA_0013,4.395,16000,test,LA_E_5173337_awgn-snr10
data/attacks/bandpass-300-3400/LA_E_5173337.wav,fake,la_p4fix,none,bandpass-300-3400,bandpass300-3400,na,LA_0013,4.395,16000,test,LA_E_5173337_bandpass-300-3400
data/attacks/reverb-rt60-0.4/LA_E_5173337.wav,fake,la_p4fix,none,reverb-rt60-0.4,rt60-0.4,na,LA_0013,4.395,16000,test,LA_E_5173337_reverb-rt60-0.4
data/attacks/speed0.9/LA_E_5173337.wav,fake,la_p4fix,none,speed0.9,speed0.9,na,LA_0013,4.883,16000,test,LA_E_5173337_speed0.9
data/attacks/mp3-64k/LA_E_9831475.wav,fake,la_p4fix,none,mp3-64k,mp3-64k,na,LA_0011,2.387,16000,test,LA_E_9831475_mp3-64k
data/attacks/aac-128k/LA_E_9831475.wav,fake,la_p4fix,none,aac-128k,aac-128k,na,LA_0011,2.432,16000,test,LA_E_9831475_aac-128k
data/attacks/opus-32k/LA_E_9831475.wav,fake,la_p4fix,none,opus-32k,opus-32k,na,LA_0011,2.387,16000,test,LA_E_9831475_opus-32k
data/attacks/g711-8k/LA_E_9831475.wav,fake,la_p4fix,none,g711-8k,g711-8k,na,LA_0011,2.387,16000,test,LA_E_9831475_g711-8k
data/attacks/awgn-snr5/LA_E_9831475.wav,fake,la_p4fix,none,awgn-snr5,snr5,na,LA_0011,2.387,16000,test,LA_E_9831475_awgn-snr5
data/attacks/awgn-snr10/LA_E_9831475.wav,fake,la_p4fix,none,awgn-snr10,snr10,na,LA_0011,2.387,16000,test,LA_E_9831475_awgn-snr10
data/attacks/bandpass-300-3400/LA_E_9831475.wav,fake,la_p4fix,none,bandpass-300-3400,bandpass300-3400,na,LA_0011,2.387,16000,test,LA_E_9831475_bandpass-300-3400
data/attacks/reverb-rt60-0.4/LA_E_9831475.wav,fake,la_p4fix,none,reverb-rt60-0.4,rt60-0.4,na,LA_0011,2.387,16000,test,LA_E_9831475_reverb-rt60-0.4
data/attacks/speed0.9/LA_E_9831475.wav,fake,la_p4fix,none,speed0.9,speed0.9,na,LA_0011,2.653,16000,test,LA_E_9831475_speed0.9
data/attacks/mp3-64k/LA_E_6969845.wav,fake,la_p4fix,none,mp3-64k,mp3-64k,na,LA_0045,4.993,16000,test,LA_E_6969845_mp3-64k
data/attacks/aac-128k/LA_E_6969845.wav,fake,la_p4fix,none,aac-128k,aac-128k,na,LA_0045,5.056,16000,test,LA_E_6969845_aac-128k
data/attacks/opus-32k/LA_E_6969845.wav,fake,la_p4fix,none,opus-32k,opus-32k,na,LA_0045,4.993,16000,test,LA_E_6969845_opus-32k
data/attacks/g711-8k/LA_E_6969845.wav,fake,la_p4fix,none,g711-8k,g711-8k,na,LA_0045,4.994,16000,test,LA_E_6969845_g711-8k
data/attacks/awgn-snr5/LA_E_6969845.wav,fake,la_p4fix,none,awgn-snr5,snr5,na,LA_0045,4.993,16000,test,LA_E_6969845_awgn-snr5
data/attacks/awgn-snr10/LA_E_6969845.wav,fake,la_p4fix,none,awgn-snr10,snr10,na,LA_0045,4.993,16000,test,LA_E_6969845_awgn-snr10
data/attacks/bandpass-300-3400/LA_E_6969845.wav,fake,la_p4fix,none,bandpass-300-3400,bandpass300-3400,na,LA_0045,4.993,16000,test,LA_E_6969845_bandpass-300-3400
data/attacks/reverb-rt60-0.4/LA_E_6969845.wav,fake,la_p4fix,none,reverb-rt60-0.4,rt60-0.4,na,LA_0045,4.993,16000,test,LA_E_6969845_reverb-rt60-0.4
data/attacks/speed0.9/LA_E_6969845.wav,fake,la_p4fix,none,speed0.9,speed0.9,na,LA_0045,5.548,16000,test,LA_E_6969845_speed0.9
data/attacks/mp3-64k/LA_E_5834463.wav,fake,la_p4fix,none,mp3-64k,mp3-64k,na,LA_0006,4.054,16000,test,LA_E_5834463_mp3-64k
data/attacks/aac-128k/LA_E_5834463.wav,fake,la_p4fix,none,aac-128k,aac-128k,na,LA_0006,4.096,16000,test,LA_E_5834463_aac-128k
data/attacks/opus-32k/LA_E_5834463.wav,fake,la_p4fix,none,opus-32k,opus-32k,na,LA_0006,4.054,16000,test,LA_E_5834463_opus-32k
data/attacks/g711-8k/LA_E_5834463.wav,fake,la_p4fix,none,g711-8k,g711-8k,na,LA_0006,4.054,16000,test,LA_E_5834463_g711-8k
data/attacks/awgn-snr5/LA_E_5834463.wav,fake,la_p4fix,none,awgn-snr5,snr5,na,LA_0006,4.054,16000,test,LA_E_5834463_awgn-snr5
data/attacks/awgn-snr10/LA_E_5834463.wav,fake,la_p4fix,none,awgn-snr10,snr10,na,LA_0006,4.054,16000,test,LA_E_5834463_awgn-snr10
data/attacks/bandpass-300-3400/LA_E_5834463.wav,fake,la_p4fix,none,bandpass-300-3400,bandpass300-3400,na,LA_0006,4.054,16000,test,LA_E_5834463_bandpass-300-3400
data/attacks/reverb-rt60-0.4/LA_E_5834463.wav,fake,la_p4fix,none,reverb-rt60-0.4,rt60-0.4,na,LA_0006,4.054,16000,test,LA_E_5834463_reverb-rt60-0.4
data/attacks/speed0.9/LA_E_5834463.wav,fake,la_p4fix,none,speed0.9,speed0.9,na,LA_0006,4.505,16000,test,LA_E_5834463_speed0.9
data/attacks/mp3-64k/LA_E_8542896.wav,fake,la_p4fix,none,mp3-64k,mp3-64k,na,LA_0020,8.355,16000,test,LA_E_8542896_mp3-64k
data/attacks/aac-128k/LA_E_8542896.wav,fake,la_p4fix,none,aac-128k,aac-128k,na,LA_0020,8.384,16000,test,LA_E_8542896_aac-128k
data/attacks/opus-32k/LA_E_8542896.wav,fake,la_p4fix,none,opus-32k,opus-32k,na,LA_0020,8.354,16000,test,LA_E_8542896_opus-32k
data/attacks/g711-8k/LA_E_8542896.wav,fake,la_p4fix,none,g711-8k,g711-8k,na,LA_0020,8.354,16000,test,LA_E_8542896_g711-8k
data/attacks/awgn-snr5/LA_E_8542896.wav,fake,la_p4fix,none,awgn-snr5,snr5,na,LA_0020,8.354,16000,test,LA_E_8542896_awgn-snr5
data/attacks/awgn-snr10/LA_E_8542896.wav,fake,la_p4fix,none,awgn-snr10,snr10,na,LA_0020,8.354,16000,test,LA_E_8542896_awgn-snr10
data/attacks/bandpass-300-3400/LA_E_8542896.wav,fake,la_p4fix,none,bandpass-300-3400,bandpass300-3400,na,LA_0020,8.354,16000,test,LA_E_8542896_bandpass-300-3400
data/attacks/reverb-rt60-0.4/LA_E_8542896.wav,fake,la_p4fix,none,reverb-rt60-0.4,rt60-0.4,na,LA_0020,8.354,16000,test,LA_E_8542896_reverb-rt60-0.4
data/attacks/speed0.9/LA_E_8542896.wav,fake,la_p4fix,none,speed0.9,speed0.9,na,LA_0020,9.282,16000,test,LA_E_8542896_speed0.9
data/attacks/mp3-64k/LA_E_5867643.wav,fake,la_p4fix,none,mp3-64k,mp3-64k,na,LA_0019,3.414,16000,test,LA_E_5867643_mp3-64k
data/attacks/aac-128k/LA_E_5867643.wav,fake,la_p4fix,none,aac-128k,aac-128k,na,LA_0019,3.456,16000,test,LA_E_5867643_aac-128k
data/attacks/opus-32k/LA_E_5867643.wav,fake,la_p4fix,none,opus-32k,opus-32k,na,LA_0019,3.414,16000,test,LA_E_5867643_opus-32k
data/attacks/g711-8k/LA_E_5867643.wav,fake,la_p4fix,none,g711-8k,g711-8k,na,LA_0019,3.414,16000,test,LA_E_5867643_g711-8k
data/attacks/awgn-snr5/LA_E_5867643.wav,fake,la_p4fix,none,awgn-snr5,snr5,na,LA_0019,3.414,16000,test,LA_E_5867643_awgn-snr5
data/attacks/awgn-snr10/LA_E_5867643.wav,fake,la_p4fix,none,awgn-snr10,snr10,na,LA_0019,3.414,16000,test,LA_E_5867643_awgn-snr10
data/attacks/bandpass-300-3400/LA_E_5867643.wav,fake,la_p4fix,none,bandpass-300-3400,bandpass300-3400,na,LA_0019,3.414,16000,test,LA_E_5867643_bandpass-300-3400
data/attacks/reverb-rt60-0.4/LA_E_5867643.wav,fake,la_p4fix,none,reverb-rt60-0.4,rt60-0.4,na,LA_0019,3.414,16000,test,LA_E_5867643_reverb-rt60-0.4
data/attacks/speed0.9/LA_E_5867643.wav,fake,la_p4fix,none,speed0.9,speed0.9,na,LA_0019,3.793,16000,test,LA_E_5867643_speed0.9
data/attacks/mp3-64k/LA_E_9276334.wav,fake,la_p4fix,none,mp3-64k,mp3-64k,na,LA_0039,2.645,16000,test,LA_E_9276334_mp3-64k
data/attacks/aac-128k/LA_E_9276334.wav,fake,la_p4fix,none,aac-128k,aac-128k,na,LA_0039,2.688,16000,test,LA_E_9276334_aac-128k
data/attacks/opus-32k/LA_E_9276334.wav,fake,la_p4fix,none,opus-32k,opus-32k,na,LA_0039,2.645,16000,test,LA_E_9276334_opus-32k
data/attacks/g711-8k/LA_E_9276334.wav,fake,la_p4fix,none,g711-8k,g711-8k,na,LA_0039,2.645,16000,test,LA_E_9276334_g711-8k
data/attacks/awgn-snr5/LA_E_9276334.wav,fake,la_p4fix,none,awgn-snr5,snr5,na,LA_0039,2.645,16000,test,LA_E_9276334_awgn-snr5
data/attacks/awgn-snr10/LA_E_9276334.wav,fake,la_p4fix,none,awgn-snr10,snr10,na,LA_0039,2.645,16000,test,LA_E_9276334_awgn-snr10
data/attacks/bandpass-300-3400/LA_E_9276334.wav,fake,la_p4fix,none,bandpass-300-3400,bandpass300-3400,na,LA_0039,2.645,16000,test,LA_E_9276334_bandpass-300-3400
data/attacks/reverb-rt60-0.4/LA_E_9276334.wav,fake,la_p4fix,none,reverb-rt60-0.4,rt60-0.4,na,LA_0039,2.645,16000,test,LA_E_9276334_reverb-rt60-0.4
data/attacks/speed0.9/LA_E_9276334.wav,fake,la_p4fix,none,speed0.9,speed0.9,na,LA_0039,2.939,16000,test,LA_E_9276334_speed0.9
data/attacks/mp3-64k/LA_E_4260351.wav,fake,la_p4fix,none,mp3-64k,mp3-64k,na,LA_0024,3.195,16000,test,LA_E_4260351_mp3-64k
data/attacks/aac-128k/LA_E_4260351.wav,fake,la_p4fix,none,aac-128k,aac-128k,na,LA_0024,3.2,16000,test,LA_E_4260351_aac-128k
data/attacks/opus-32k/LA_E_4260351.wav,fake,la_p4fix,none,opus-32k,opus-32k,na,LA_0024,3.195,16000,test,LA_E_4260351_opus-32k
data/attacks/g711-8k/LA_E_4260351.wav,fake,la_p4fix,none,g711-8k,g711-8k,na,LA_0024,3.195,16000,test,LA_E_4260351_g711-8k
data/attacks/awgn-snr5/LA_E_4260351.wav,fake,la_p4fix,none,awgn-snr5,snr5,na,LA_0024,3.195,16000,test,LA_E_4260351_awgn-snr5
data/attacks/awgn-snr10/LA_E_4260351.wav,fake,la_p4fix,none,awgn-snr10,snr10,na,LA_0024,3.195,16000,test,LA_E_4260351_awgn-snr10
data/attacks/bandpass-300-3400/LA_E_4260351.wav,fake,la_p4fix,none,bandpass-300-3400,bandpass300-3400,na,LA_0024,3.195,16000,test,LA_E_4260351_bandpass-300-3400
data/attacks/reverb-rt60-0.4/LA_E_4260351.wav,fake,la_p4fix,none,reverb-rt60-0.4,rt60-0.4,na,LA_0024,3.195,16000,test,LA_E_4260351_reverb-rt60-0.4
data/attacks/speed0.9/LA_E_4260351.wav,fake,la_p4fix,none,speed0.9,speed0.9,na,LA_0024,3.55,16000,test,LA_E_4260351_speed0.9
data/attacks/mp3-64k/LA_E_5037079.wav,fake,la_p4fix,none,mp3-64k,mp3-64k,na,LA_0002,3.796,16000,test,LA_E_5037079_mp3-64k
data/attacks/aac-128k/LA_E_5037079.wav,fake,la_p4fix,none,aac-128k,aac-128k,na,LA_0002,3.84,16000,test,LA_E_5037079_aac-128k
data/attacks/opus-32k/LA_E_5037079.wav,fake,la_p4fix,none,opus-32k,opus-32k,na,LA_0002,3.796,16000,test,LA_E_5037079_opus-32k
data/attacks/g711-8k/LA_E_5037079.wav,fake,la_p4fix,none,g711-8k,g711-8k,na,LA_0002,3.796,16000,test,LA_E_5037079_g711-8k
data/attacks/awgn-snr5/LA_E_5037079.wav,fake,la_p4fix,none,awgn-snr5,snr5,na,LA_0002,3.796,16000,test,LA_E_5037079_awgn-snr5
data/attacks/awgn-snr10/LA_E_5037079.wav,fake,la_p4fix,none,awgn-snr10,snr10,na,LA_0002,3.796,16000,test,LA_E_5037079_awgn-snr10
data/attacks/bandpass-300-3400/LA_E_5037079.wav,fake,la_p4fix,none,bandpass-300-3400,bandpass300-3400,na,LA_0002,3.796,16000,test,LA_E_5037079_bandpass-300-3400
data/attacks/reverb-rt60-0.4/LA_E_5037079.wav,fake,la_p4fix,none,reverb-rt60-0.4,rt60-0.4,na,LA_0002,3.796,16000,test,LA_E_5037079_reverb-rt60-0.4
data/attacks/speed0.9/LA_E_5037079.wav,fake,la_p4fix,none,speed0.9,speed0.9,na,LA_0002,4.218,16000,test,LA_E_5037079_speed0.9
data/attacks/mp3-64k/LA_E_4117922.wav,fake,la_p4fix,none,mp3-64k,mp3-64k,na,LA_0031,2.559,16000,test,LA_E_4117922_mp3-64k
data/attacks/aac-128k/LA_E_4117922.wav,fake,la_p4fix,none,aac-128k,aac-128k,na,LA_0031,2.56,16000,test,LA_E_4117922_aac-128k
data/attacks/opus-32k/LA_E_4117922.wav,fake,la_p4fix,none,opus-32k,opus-32k,na,LA_0031,2.559,16000,test,LA_E_4117922_opus-32k
data/attacks/g711-8k/LA_E_4117922.wav,fake,la_p4fix,none,g711-8k,g711-8k,na,LA_0031,2.559,16000,test,LA_E_4117922_g711-8k
data/attacks/awgn-snr5/LA_E_4117922.wav,fake,la_p4fix,none,awgn-snr5,snr5,na,LA_0031,2.559,16000,test,LA_E_4117922_awgn-snr5
data/attacks/awgn-snr10/LA_E_4117922.wav,fake,la_p4fix,none,awgn-snr10,snr10,na,LA_0031,2.559,16000,test,LA_E_4117922_awgn-snr10
data/attacks/bandpass-300-3400/LA_E_4117922.wav,fake,la_p4fix,none,bandpass-300-3400,bandpass300-3400,na,LA_0031,2.559,16000,test,LA_E_4117922_bandpass-300-3400
data/attacks/reverb-rt60-0.4/LA_E_4117922.wav,fake,la_p4fix,none,reverb-rt60-0.4,rt60-0.4,na,LA_0031,2.559,16000,test,LA_E_4117922_reverb-rt60-0.4
data/attacks/speed0.9/LA_E_4117922.wav,fake,la_p4fix,none,speed0.9,speed0.9,na,LA_0031,2.844,16000,test,LA_E_4117922_speed0.9
data/attacks/mp3-64k/LA_E_5010511.wav,fake,la_p4fix,none,mp3-64k,mp3-64k,na,LA_0045,3.03,16000,test,LA_E_5010511_mp3-64k
data/attacks/aac-128k/LA_E_5010511.wav,fake,la_p4fix,none,aac-128k,aac-128k,na,LA_0045,3.072,16000,test,LA_E_5010511_aac-128k
data/attacks/opus-32k/LA_E_5010511.wav,fake,la_p4fix,none,opus-32k,opus-32k,na,LA_0045,3.03,16000,test,LA_E_5010511_opus-32k
data/attacks/g711-8k/LA_E_5010511.wav,fake,la_p4fix,none,g711-8k,g711-8k,na,LA_0045,3.03,16000,test,LA_E_5010511_g711-8k
data/attacks/awgn-snr5/LA_E_5010511.wav,fake,la_p4fix,none,awgn-snr5,snr5,na,LA_0045,3.03,16000,test,LA_E_5010511_awgn-snr5
data/attacks/awgn-snr10/LA_E_5010511.wav,fake,la_p4fix,none,awgn-snr10,snr10,na,LA_0045,3.03,16000,test,LA_E_5010511_awgn-snr10
data/attacks/bandpass-300-3400/LA_E_5010511.wav,fake,la_p4fix,none,bandpass-300-3400,bandpass300-3400,na,LA_0045,3.03,16000,test,LA_E_5010511_bandpass-300-3400
data/attacks/reverb-rt60-0.4/LA_E_5010511.wav,fake,la_p4fix,none,reverb-rt60-0.4,rt60-0.4,na,LA_0045,3.03,16000,test,LA_E_5010511_reverb-rt60-0.4
data/attacks/speed0.9/LA_E_5010511.wav,fake,la_p4fix,none,speed0.9,speed0.9,na,LA_0045,3.366,16000,test,LA_E_5010511_speed0.9
data/attacks/mp3-64k/LA_E_6958941.wav,fake,la_p4fix,none,mp3-64k,mp3-64k,na,LA_0024,3.927,16000,test,LA_E_6958941_mp3-64k
data/attacks/aac-128k/LA_E_6958941.wav,fake,la_p4fix,none,aac-128k,aac-128k,na,LA_0024,3.968,16000,test,LA_E_6958941_aac-128k
data/attacks/opus-32k/LA_E_6958941.wav,fake,la_p4fix,none,opus-32k,opus-32k,na,LA_0024,3.926,16000,test,LA_E_6958941_opus-32k
data/attacks/g711-8k/LA_E_6958941.wav,fake,la_p4fix,none,g711-8k,g711-8k,na,LA_0024,3.926,16000,test,LA_E_6958941_g711-8k
data/attacks/awgn-snr5/LA_E_6958941.wav,fake,la_p4fix,none,awgn-snr5,snr5,na,LA_0024,3.926,16000,test,LA_E_6958941_awgn-snr5
data/attacks/awgn-snr10/LA_E_6958941.wav,fake,la_p4fix,none,awgn-snr10,snr10,na,LA_0024,3.926,16000,test,LA_E_6958941_awgn-snr10
data/attacks/bandpass-300-3400/LA_E_6958941.wav,fake,la_p4fix,none,bandpass-300-3400,bandpass300-3400,na,LA_0024,3.926,16000,test,LA_E_6958941_bandpass-300-3400
data/attacks/reverb-rt60-0.4/LA_E_6958941.wav,fake,la_p4fix,none,reverb-rt60-0.4,rt60-0.4,na,LA_0024,3.926,16000,test,LA_E_6958941_reverb-rt60-0.4
data/attacks/speed0.9/LA_E_6958941.wav,fake,la_p4fix,none,speed0.9,speed0.9,na,LA_0024,4.363,16000,test,LA_E_6958941_speed0.9
data/attacks/mp3-64k/LA_E_5947196.wav,fake,la_p4fix,none,mp3-64k,mp3-64k,na,LA_0045,3.499,16000,test,LA_E_5947196_mp3-64k
data/attacks/aac-128k/LA_E_5947196.wav,fake,la_p4fix,none,aac-128k,aac-128k,na,LA_0045,3.52,16000,test,LA_E_5947196_aac-128k
data/attacks/opus-32k/LA_E_5947196.wav,fake,la_p4fix,none,opus-32k,opus-32k,na,LA_0045,3.499,16000,test,LA_E_5947196_opus-32k
data/attacks/g711-8k/LA_E_5947196.wav,fake,la_p4fix,none,g711-8k,g711-8k,na,LA_0045,3.499,16000,test,LA_E_5947196_g711-8k
data/attacks/awgn-snr5/LA_E_5947196.wav,fake,la_p4fix,none,awgn-snr5,snr5,na,LA_0045,3.499,16000,test,LA_E_5947196_awgn-snr5
data/attacks/awgn-snr10/LA_E_5947196.wav,fake,la_p4fix,none,awgn-snr10,snr10,na,LA_0045,3.499,16000,test,LA_E_5947196_awgn-snr10
data/attacks/bandpass-300-3400/LA_E_5947196.wav,fake,la_p4fix,none,bandpass-300-3400,bandpass300-3400,na,LA_0045,3.499,16000,test,LA_E_5947196_bandpass-300-3400
data/attacks/reverb-rt60-0.4/LA_E_5947196.wav,fake,la_p4fix,none,reverb-rt60-0.4,rt60-0.4,na,LA_0045,3.499,16000,test,LA_E_5947196_reverb-rt60-0.4
data/attacks/speed0.9/LA_E_5947196.wav,fake,la_p4fix,none,speed0.9,speed0.9,na,LA_0045,3.888,16000,test,LA_E_5947196_speed0.9
data/attacks/mp3-64k/LA_E_4431249.wav,fake,la_p4fix,none,mp3-64k,mp3-64k,na,LA_0042,4.268,16000,test,LA_E_4431249_mp3-64k
data/attacks/aac-128k/LA_E_4431249.wav,fake,la_p4fix,none,aac-128k,aac-128k,na,LA_0042,4.288,16000,test,LA_E_4431249_aac-128k
data/attacks/opus-32k/LA_E_4431249.wav,fake,la_p4fix,none,opus-32k,opus-32k,na,LA_0042,4.268,16000,test,LA_E_4431249_opus-32k
data/attacks/g711-8k/LA_E_4431249.wav,fake,la_p4fix,none,g711-8k,g711-8k,na,LA_0042,4.268,16000,test,LA_E_4431249_g711-8k
data/attacks/awgn-snr5/LA_E_4431249.wav,fake,la_p4fix,none,awgn-snr5,snr5,na,LA_0042,4.268,16000,test,LA_E_4431249_awgn-snr5
data/attacks/awgn-snr10/LA_E_4431249.wav,fake,la_p4fix,none,awgn-snr10,snr10,na,LA_0042,4.268,16000,test,LA_E_4431249_awgn-snr10
data/attacks/bandpass-300-3400/LA_E_4431249.wav,fake,la_p4fix,none,bandpass-300-3400,bandpass300-3400,na,LA_0042,4.268,16000,test,LA_E_4431249_bandpass-300-3400
data/attacks/reverb-rt60-0.4/LA_E_4431249.wav,fake,la_p4fix,none,reverb-rt60-0.4,rt60-0.4,na,LA_0042,4.268,16000,test,LA_E_4431249_reverb-rt60-0.4
data/attacks/speed0.9/LA_E_4431249.wav,fake,la_p4fix,none,speed0.9,speed0.9,na,LA_0042,4.742,16000,test,LA_E_4431249_speed0.9
data/attacks/mp3-64k/LA_E_6938874.wav,fake,la_p4fix,none,mp3-64k,mp3-64k,na,LA_0017,3.714,16000,test,LA_E_6938874_mp3-64k
data/attacks/aac-128k/LA_E_6938874.wav,fake,la_p4fix,none,aac-128k,aac-128k,na,LA_0017,3.776,16000,test,LA_E_6938874_aac-128k
data/attacks/opus-32k/LA_E_6938874.wav,fake,la_p4fix,none,opus-32k,opus-32k,na,LA_0017,3.714,16000,test,LA_E_6938874_opus-32k
data/attacks/g711-8k/LA_E_6938874.wav,fake,la_p4fix,none,g711-8k,g711-8k,na,LA_0017,3.714,16000,test,LA_E_6938874_g711-8k
data/attacks/awgn-snr5/LA_E_6938874.wav,fake,la_p4fix,none,awgn-snr5,snr5,na,LA_0017,3.714,16000,test,LA_E_6938874_awgn-snr5
data/attacks/awgn-snr10/LA_E_6938874.wav,fake,la_p4fix,none,awgn-snr10,snr10,na,LA_0017,3.714,16000,test,LA_E_6938874_awgn-snr10
data/attacks/bandpass-300-3400/LA_E_6938874.wav,fake,la_p4fix,none,bandpass-300-3400,bandpass300-3400,na,LA_0017,3.714,16000,test,LA_E_6938874_bandpass-300-3400
data/attacks/reverb-rt60-0.4/LA_E_6938874.wav,fake,la_p4fix,none,reverb-rt60-0.4,rt60-0.4,na,LA_0017,3.714,16000,test,LA_E_6938874_reverb-rt60-0.4
data/attacks/speed0.9/LA_E_6938874.wav,fake,la_p4fix,none,speed0.9,speed0.9,na,LA_0017,4.126,16000,test,LA_E_6938874_speed0.9
data/attacks/mp3-64k/LA_E_1384444.wav,fake,la_p4fix,none,mp3-64k,mp3-64k,na,LA_0040,3.885,16000,test,LA_E_1384444_mp3-64k
data/attacks/aac-128k/LA_E_1384444.wav,fake,la_p4fix,none,aac-128k,aac-128k,na,LA_0040,3.904,16000,test,LA_E_1384444_aac-128k
data/attacks/opus-32k/LA_E_1384444.wav,fake,la_p4fix,none,opus-32k,opus-32k,na,LA_0040,3.885,16000,test,LA_E_1384444_opus-32k
data/attacks/g711-8k/LA_E_1384444.wav,fake,la_p4fix,none,g711-8k,g711-8k,na,LA_0040,3.885,16000,test,LA_E_1384444_g711-8k
data/attacks/awgn-snr5/LA_E_1384444.wav,fake,la_p4fix,none,awgn-snr5,snr5,na,LA_0040,3.885,16000,test,LA_E_1384444_awgn-snr5
data/attacks/awgn-snr10/LA_E_1384444.wav,fake,la_p4fix,none,awgn-snr10,snr10,na,LA_0040,3.885,16000,test,LA_E_1384444_awgn-snr10
data/attacks/bandpass-300-3400/LA_E_1384444.wav,fake,la_p4fix,none,bandpass-300-3400,bandpass300-3400,na,LA_0040,3.885,16000,test,LA_E_1384444_bandpass-300-3400
data/attacks/reverb-rt60-0.4/LA_E_1384444.wav,fake,la_p4fix,none,reverb-rt60-0.4,rt60-0.4,na,LA_0040,3.885,16000,test,LA_E_1384444_reverb-rt60-0.4
data/attacks/speed0.9/LA_E_1384444.wav,fake,la_p4fix,none,speed0.9,speed0.9,na,LA_0040,4.317,16000,test,LA_E_1384444_speed0.9
data/attacks/mp3-64k/LA_E_5752993.wav,fake,la_p4fix,none,mp3-64k,mp3-64k,na,LA_0020,4.31,16000,test,LA_E_5752993_mp3-64k
data/attacks/aac-128k/LA_E_5752993.wav,fake,la_p4fix,none,aac-128k,aac-128k,na,LA_0020,4.352,16000,test,LA_E_5752993_aac-128k
data/attacks/opus-32k/LA_E_5752993.wav,fake,la_p4fix,none,opus-32k,opus-32k,na,LA_0020,4.31,16000,test,LA_E_5752993_opus-32k
data/attacks/g711-8k/LA_E_5752993.wav,fake,la_p4fix,none,g711-8k,g711-8k,na,LA_0020,4.311,16000,test,LA_E_5752993_g711-8k
data/attacks/awgn-snr5/LA_E_5752993.wav,fake,la_p4fix,none,awgn-snr5,snr5,na,LA_0020,4.31,16000,test,LA_E_5752993_awgn-snr5
data/attacks/awgn-snr10/LA_E_5752993.wav,fake,la_p4fix,none,awgn-snr10,snr10,na,LA_0020,4.31,16000,test,LA_E_5752993_awgn-snr10
data/attacks/bandpass-300-3400/LA_E_5752993.wav,fake,la_p4fix,none,bandpass-300-3400,bandpass300-3400,na,LA_0020,4.31,16000,test,LA_E_5752993_bandpass-300-3400
data/attacks/reverb-rt60-0.4/LA_E_5752993.wav,fake,la_p4fix,none,reverb-rt60-0.4,rt60-0.4,na,LA_0020,4.31,16000,test,LA_E_5752993_reverb-rt60-0.4
data/attacks/speed0.9/LA_E_5752993.wav,fake,la_p4fix,none,speed0.9,speed0.9,na,LA_0020,4.789,16000,test,LA_E_5752993_speed0.9
data/attacks/mp3-64k/LA_E_8558923.wav,fake,la_p4fix,none,mp3-64k,mp3-64k,na,LA_0025,3.622,16000,test,LA_E_8558923_mp3-64k
data/attacks/aac-128k/LA_E_8558923.wav,fake,la_p4fix,none,aac-128k,aac-128k,na,LA_0025,3.648,16000,test,LA_E_8558923_aac-128k
data/attacks/opus-32k/LA_E_8558923.wav,fake,la_p4fix,none,opus-32k,opus-32k,na,LA_0025,3.622,16000,test,LA_E_8558923_opus-32k
data/attacks/g711-8k/LA_E_8558923.wav,fake,la_p4fix,none,g711-8k,g711-8k,na,LA_0025,3.622,16000,test,LA_E_8558923_g711-8k
data/attacks/awgn-snr5/LA_E_8558923.wav,fake,la_p4fix,none,awgn-snr5,snr5,na,LA_0025,3.622,16000,test,LA_E_8558923_awgn-snr5
data/attacks/awgn-snr10/LA_E_8558923.wav,fake,la_p4fix,none,awgn-snr10,snr10,na,LA_0025,3.622,16000,test,LA_E_8558923_awgn-snr10
data/attacks/bandpass-300-3400/LA_E_8558923.wav,fake,la_p4fix,none,bandpass-300-3400,bandpass300-3400,na,LA_0025,3.622,16000,test,LA_E_8558923_bandpass-300-3400
data/attacks/reverb-rt60-0.4/LA_E_8558923.wav,fake,la_p4fix,none,reverb-rt60-0.4,rt60-0.4,na,LA_0025,3.622,16000,test,LA_E_8558923_reverb-rt60-0.4
data/attacks/speed0.9/LA_E_8558923.wav,fake,la_p4fix,none,speed0.9,speed0.9,na,LA_0025,4.025,16000,test,LA_E_8558923_speed0.9
data/attacks/mp3-64k/LA_E_5911806.wav,fake,la_p4fix,none,mp3-64k,mp3-64k,na,LA_0045,6.361,16000,test,LA_E_5911806_mp3-64k
data/attacks/aac-128k/LA_E_5911806.wav,fake,la_p4fix,none,aac-128k,aac-128k,na,LA_0045,6.4,16000,test,LA_E_5911806_aac-128k
data/attacks/opus-32k/LA_E_5911806.wav,fake,la_p4fix,none,opus-32k,opus-32k,na,LA_0045,6.361,16000,test,LA_E_5911806_opus-32k
data/attacks/g711-8k/LA_E_5911806.wav,fake,la_p4fix,none,g711-8k,g711-8k,na,LA_0045,6.361,16000,test,LA_E_5911806_g711-8k
data/attacks/awgn-snr5/LA_E_5911806.wav,fake,la_p4fix,none,awgn-snr5,snr5,na,LA_0045,6.361,16000,test,LA_E_5911806_awgn-snr5
data/attacks/awgn-snr10/LA_E_5911806.wav,fake,la_p4fix,none,awgn-snr10,snr10,na,LA_0045,6.361,16000,test,LA_E_5911806_awgn-snr10
data/attacks/bandpass-300-3400/LA_E_5911806.wav,fake,la_p4fix,none,bandpass-300-3400,bandpass300-3400,na,LA_0045,6.361,16000,test,LA_E_5911806_bandpass-300-3400
data/attacks/reverb-rt60-0.4/LA_E_5911806.wav,fake,la_p4fix,none,reverb-rt60-0.4,rt60-0.4,na,LA_0045,6.361,16000,test,LA_E_5911806_reverb-rt60-0.4
data/attacks/speed0.9/LA_E_5911806.wav,fake,la_p4fix,none,speed0.9,speed0.9,na,LA_0045,7.067,16000,test,LA_E_5911806_speed0.9
data/attacks/mp3-64k/LA_E_4365287.wav,fake,la_p4fix,none,mp3-64k,mp3-64k,na,LA_0017,3.283,16000,test,LA_E_4365287_mp3-64k
data/attacks/aac-128k/LA_E_4365287.wav,fake,la_p4fix,none,aac-128k,aac-128k,na,LA_0017,3.328,16000,test,LA_E_4365287_aac-128k
data/attacks/opus-32k/LA_E_4365287.wav,fake,la_p4fix,none,opus-32k,opus-32k,na,LA_0017,3.283,16000,test,LA_E_4365287_opus-32k
data/attacks/g711-8k/LA_E_4365287.wav,fake,la_p4fix,none,g711-8k,g711-8k,na,LA_0017,3.283,16000,test,LA_E_4365287_g711-8k
data/attacks/awgn-snr5/LA_E_4365287.wav,fake,la_p4fix,none,awgn-snr5,snr5,na,LA_0017,3.283,16000,test,LA_E_4365287_awgn-snr5
data/attacks/awgn-snr10/LA_E_4365287.wav,fake,la_p4fix,none,awgn-snr10,snr10,na,LA_0017,3.283,16000,test,LA_E_4365287_awgn-snr10
data/attacks/bandpass-300-3400/LA_E_4365287.wav,fake,la_p4fix,none,bandpass-300-3400,bandpass300-3400,na,LA_0017,3.283,16000,test,LA_E_4365287_bandpass-300-3400
data/attacks/reverb-rt60-0.4/LA_E_4365287.wav,fake,la_p4fix,none,reverb-rt60-0.4,rt60-0.4,na,LA_0017,3.283,16000,test,LA_E_4365287_reverb-rt60-0.4
data/attacks/speed0.9/LA_E_4365287.wav,fake,la_p4fix,none,speed0.9,speed0.9,na,LA_0017,3.648,16000,test,LA_E_4365287_speed0.9
data/attacks/mp3-64k/LA_E_8506023.wav,fake,la_p4fix,none,mp3-64k,mp3-64k,na,LA_0008,4.993,16000,test,LA_E_8506023_mp3-64k
data/attacks/aac-128k/LA_E_8506023.wav,fake,la_p4fix,none,aac-128k,aac-128k,na,LA_0008,5.056,16000,test,LA_E_8506023_aac-128k
data/attacks/opus-32k/LA_E_8506023.wav,fake,la_p4fix,none,opus-32k,opus-32k,na,LA_0008,4.993,16000,test,LA_E_8506023_opus-32k
data/attacks/g711-8k/LA_E_8506023.wav,fake,la_p4fix,none,g711-8k,g711-8k,na,LA_0008,4.993,16000,test,LA_E_8506023_g711-8k
data/attacks/awgn-snr5/LA_E_8506023.wav,fake,la_p4fix,none,awgn-snr5,snr5,na,LA_0008,4.993,16000,test,LA_E_8506023_awgn-snr5
data/attacks/awgn-snr10/LA_E_8506023.wav,fake,la_p4fix,none,awgn-snr10,snr10,na,LA_0008,4.993,16000,test,LA_E_8506023_awgn-snr10
data/attacks/bandpass-300-3400/LA_E_8506023.wav,fake,la_p4fix,none,bandpass-300-3400,bandpass300-3400,na,LA_0008,4.993,16000,test,LA_E_8506023_bandpass-300-3400
data/attacks/reverb-rt60-0.4/LA_E_8506023.wav,fake,la_p4fix,none,reverb-rt60-0.4,rt60-0.4,na,LA_0008,4.993,16000,test,LA_E_8506023_reverb-rt60-0.4
data/attacks/speed0.9/LA_E_8506023.wav,fake,la_p4fix,none,speed0.9,speed0.9,na,LA_0008,5.548,16000,test,LA_E_8506023_speed0.9
data/attacks/mp3-64k/LA_E_2044672.wav,fake,la_p4fix,none,mp3-64k,mp3-64k,na,LA_0025,7.167,16000,test,LA_E_2044672_mp3-64k
data/attacks/aac-128k/LA_E_2044672.wav,fake,la_p4fix,none,aac-128k,aac-128k,na,LA_0025,7.168,16000,test,LA_E_2044672_aac-128k
data/attacks/opus-32k/LA_E_2044672.wav,fake,la_p4fix,none,opus-32k,opus-32k,na,LA_0025,7.165,16000,test,LA_E_2044672_opus-32k
data/attacks/g711-8k/LA_E_2044672.wav,fake,la_p4fix,none,g711-8k,g711-8k,na,LA_0025,7.165,16000,test,LA_E_2044672_g711-8k
data/attacks/awgn-snr5/LA_E_2044672.wav,fake,la_p4fix,none,awgn-snr5,snr5,na,LA_0025,7.165,16000,test,LA_E_2044672_awgn-snr5
data/attacks/awgn-snr10/LA_E_2044672.wav,fake,la_p4fix,none,awgn-snr10,snr10,na,LA_0025,7.165,16000,test,LA_E_2044672_awgn-snr10
data/attacks/bandpass-300-3400/LA_E_2044672.wav,fake,la_p4fix,none,bandpass-300-3400,bandpass300-3400,na,LA_0025,7.165,16000,test,LA_E_2044672_bandpass-300-3400
data/attacks/reverb-rt60-0.4/LA_E_2044672.wav,fake,la_p4fix,none,reverb-rt60-0.4,rt60-0.4,na,LA_0025,7.165,16000,test,LA_E_2044672_reverb-rt60-0.4
data/attacks/speed0.9/LA_E_2044672.wav,fake,la_p4fix,none,speed0.9,speed0.9,na,LA_0025,7.961,16000,test,LA_E_2044672_speed0.9
data/attacks/mp3-64k/LA_E_7023965.wav,fake,la_p4fix,none,mp3-64k,mp3-64k,na,LA_0027,2.137,16000,test,LA_E_7023965_mp3-64k
data/attacks/aac-128k/LA_E_7023965.wav,fake,la_p4fix,none,aac-128k,aac-128k,na,LA_0027,2.176,16000,test,LA_E_7023965_aac-128k
data/attacks/opus-32k/LA_E_7023965.wav,fake,la_p4fix,none,opus-32k,opus-32k,na,LA_0027,2.137,16000,test,LA_E_7023965_opus-32k
data/attacks/g711-8k/LA_E_7023965.wav,fake,la_p4fix,none,g711-8k,g711-8k,na,LA_0027,2.137,16000,test,LA_E_7023965_g711-8k
data/attacks/awgn-snr5/LA_E_7023965.wav,fake,la_p4fix,none,awgn-snr5,snr5,na,LA_0027,2.137,16000,test,LA_E_7023965_awgn-snr5
data/attacks/awgn-snr10/LA_E_7023965.wav,fake,la_p4fix,none,awgn-snr10,snr10,na,LA_0027,2.137,16000,test,LA_E_7023965_awgn-snr10
data/attacks/bandpass-300-3400/LA_E_7023965.wav,fake,la_p4fix,none,bandpass-300-3400,bandpass300-3400,na,LA_0027,2.137,16000,test,LA_E_7023965_bandpass-300-3400
data/attacks/reverb-rt60-0.4/LA_E_7023965.wav,fake,la_p4fix,none,reverb-rt60-0.4,rt60-0.4,na,LA_0027,2.137,16000,test,LA_E_7023965_reverb-rt60-0.4
data/attacks/speed0.9/LA_E_7023965.wav,fake,la_p4fix,none,speed0.9,speed0.9,na,LA_0027,2.374,16000,test,LA_E_7023965_speed0.9
data/attacks/mp3-64k/LA_E_8414488.wav,fake,la_p4fix,none,mp3-64k,mp3-64k,na,LA_0047,3.197,16000,test,LA_E_8414488_mp3-64k
data/attacks/aac-128k/LA_E_8414488.wav,fake,la_p4fix,none,aac-128k,aac-128k,na,LA_0047,3.2,16000,test,LA_E_8414488_aac-128k
data/attacks/opus-32k/LA_E_8414488.wav,fake,la_p4fix,none,opus-32k,opus-32k,na,LA_0047,3.197,16000,test,LA_E_8414488_opus-32k
data/attacks/g711-8k/LA_E_8414488.wav,fake,la_p4fix,none,g711-8k,g711-8k,na,LA_0047,3.197,16000,test,LA_E_8414488_g711-8k
data/attacks/awgn-snr5/LA_E_8414488.wav,fake,la_p4fix,none,awgn-snr5,snr5,na,LA_0047,3.197,16000,test,LA_E_8414488_awgn-snr5
data/attacks/awgn-snr10/LA_E_8414488.wav,fake,la_p4fix,none,awgn-snr10,snr10,na,LA_0047,3.197,16000,test,LA_E_8414488_awgn-snr10
data/attacks/bandpass-300-3400/LA_E_8414488.wav,fake,la_p4fix,none,bandpass-300-3400,bandpass300-3400,na,LA_0047,3.197,16000,test,LA_E_8414488_bandpass-300-3400
data/attacks/reverb-rt60-0.4/LA_E_8414488.wav,fake,la_p4fix,none,reverb-rt60-0.4,rt60-0.4,na,LA_0047,3.197,16000,test,LA_E_8414488_reverb-rt60-0.4
data/attacks/speed0.9/LA_E_8414488.wav,fake,la_p4fix,none,speed0.9,speed0.9,na,LA_0047,3.552,16000,test,LA_E_8414488_speed0.9
data/attacks/mp3-64k/LA_E_5725535.wav,fake,la_p4fix,none,mp3-64k,mp3-64k,na,LA_0017,2.256,16000,test,LA_E_5725535_mp3-64k
data/attacks/aac-128k/LA_E_5725535.wav,fake,la_p4fix,none,aac-128k,aac-128k,na,LA_0017,2.304,16000,test,LA_E_5725535_aac-128k
data/attacks/opus-32k/LA_E_5725535.wav,fake,la_p4fix,none,opus-32k,opus-32k,na,LA_0017,2.256,16000,test,LA_E_5725535_opus-32k
data/attacks/g711-8k/LA_E_5725535.wav,fake,la_p4fix,none,g711-8k,g711-8k,na,LA_0017,2.256,16000,test,LA_E_5725535_g711-8k
data/attacks/awgn-snr5/LA_E_5725535.wav,fake,la_p4fix,none,awgn-snr5,snr5,na,LA_0017,2.256,16000,test,LA_E_5725535_awgn-snr5
data/attacks/awgn-snr10/LA_E_5725535.wav,fake,la_p4fix,none,awgn-snr10,snr10,na,LA_0017,2.256,16000,test,LA_E_5725535_awgn-snr10
data/attacks/bandpass-300-3400/LA_E_5725535.wav,fake,la_p4fix,none,bandpass-300-3400,bandpass300-3400,na,LA_0017,2.256,16000,test,LA_E_5725535_bandpass-300-3400
data/attacks/reverb-rt60-0.4/LA_E_5725535.wav,fake,la_p4fix,none,reverb-rt60-0.4,rt60-0.4,na,LA_0017,2.256,16000,test,LA_E_5725535_reverb-rt60-0.4
data/attacks/speed0.9/LA_E_5725535.wav,fake,la_p4fix,none,speed0.9,speed0.9,na,LA_0017,2.507,16000,test,LA_E_5725535_speed0.9
data/attacks/mp3-64k/LA_E_6398447.wav,fake,la_p4fix,none,mp3-64k,mp3-64k,na,LA_0038,2.944,16000,test,LA_E_6398447_mp3-64k
data/attacks/aac-128k/LA_E_6398447.wav,fake,la_p4fix,none,aac-128k,aac-128k,na,LA_0038,3.008,16000,test,LA_E_6398447_aac-128k
data/attacks/opus-32k/LA_E_6398447.wav,fake,la_p4fix,none,opus-32k,opus-32k,na,LA_0038,2.944,16000,test,LA_E_6398447_opus-32k
data/attacks/g711-8k/LA_E_6398447.wav,fake,la_p4fix,none,g711-8k,g711-8k,na,LA_0038,2.944,16000,test,LA_E_6398447_g711-8k
data/attacks/awgn-snr5/LA_E_6398447.wav,fake,la_p4fix,none,awgn-snr5,snr5,na,LA_0038,2.944,16000,test,LA_E_6398447_awgn-snr5
data/attacks/awgn-snr10/LA_E_6398447.wav,fake,la_p4fix,none,awgn-snr10,snr10,na,LA_0038,2.944,16000,test,LA_E_6398447_awgn-snr10
data/attacks/bandpass-300-3400/LA_E_6398447.wav,fake,la_p4fix,none,bandpass-300-3400,bandpass300-3400,na,LA_0038,2.944,16000,test,LA_E_6398447_bandpass-300-3400
data/attacks/reverb-rt60-0.4/LA_E_6398447.wav,fake,la_p4fix,none,reverb-rt60-0.4,rt60-0.4,na,LA_0038,2.944,16000,test,LA_E_6398447_reverb-rt60-0.4
data/attacks/speed0.9/LA_E_6398447.wav,fake,la_p4fix,none,speed0.9,speed0.9,na,LA_0038,3.271,16000,test,LA_E_6398447_speed0.9
data/attacks/mp3-64k/LA_E_2898188.wav,fake,la_p4fix,none,mp3-64k,mp3-64k,na,LA_0006,4.863,16000,test,LA_E_2898188_mp3-64k
data/attacks/aac-128k/LA_E_2898188.wav,fake,la_p4fix,none,aac-128k,aac-128k,na,LA_0006,4.864,16000,test,LA_E_2898188_aac-128k
data/attacks/opus-32k/LA_E_2898188.wav,fake,la_p4fix,none,opus-32k,opus-32k,na,LA_0006,4.861,16000,test,LA_E_2898188_opus-32k
data/attacks/g711-8k/LA_E_2898188.wav,fake,la_p4fix,none,g711-8k,g711-8k,na,LA_0006,4.861,16000,test,LA_E_2898188_g711-8k
data/attacks/awgn-snr5/LA_E_2898188.wav,fake,la_p4fix,none,awgn-snr5,snr5,na,LA_0006,4.861,16000,test,LA_E_2898188_awgn-snr5
data/attacks/awgn-snr10/LA_E_2898188.wav,fake,la_p4fix,none,awgn-snr10,snr10,na,LA_0006,4.861,16000,test,LA_E_2898188_awgn-snr10
data/attacks/bandpass-300-3400/LA_E_2898188.wav,fake,la_p4fix,none,bandpass-300-3400,bandpass300-3400,na,LA_0006,4.861,16000,test,LA_E_2898188_bandpass-300-3400
data/attacks/reverb-rt60-0.4/LA_E_2898188.wav,fake,la_p4fix,none,reverb-rt60-0.4,rt60-0.4,na,LA_0006,4.861,16000,test,LA_E_2898188_reverb-rt60-0.4
data/attacks/speed0.9/LA_E_2898188.wav,fake,la_p4fix,none,speed0.9,speed0.9,na,LA_0006,5.401,16000,test,LA_E_2898188_speed0.9
data/attacks/mp3-64k/LA_E_4725821.wav,fake,la_p4fix,none,mp3-64k,mp3-64k,na,LA_0026,2.9,16000,test,LA_E_4725821_mp3-64k
data/attacks/aac-128k/LA_E_4725821.wav,fake,la_p4fix,none,aac-128k,aac-128k,na,LA_0026,2.944,16000,test,LA_E_4725821_aac-128k
data/attacks/opus-32k/LA_E_4725821.wav,fake,la_p4fix,none,opus-32k,opus-32k,na,LA_0026,2.9,16000,test,LA_E_4725821_opus-32k
data/attacks/g711-8k/LA_E_4725821.wav,fake,la_p4fix,none,g711-8k,g711-8k,na,LA_0026,2.9,16000,test,LA_E_4725821_g711-8k
data/attacks/awgn-snr5/LA_E_4725821.wav,fake,la_p4fix,none,awgn-snr5,snr5,na,LA_0026,2.9,16000,test,LA_E_4725821_awgn-snr5
data/attacks/awgn-snr10/LA_E_4725821.wav,fake,la_p4fix,none,awgn-snr10,snr10,na,LA_0026,2.9,16000,test,LA_E_4725821_awgn-snr10
data/attacks/bandpass-300-3400/LA_E_4725821.wav,fake,la_p4fix,none,bandpass-300-3400,bandpass300-3400,na,LA_0026,2.9,16000,test,LA_E_4725821_bandpass-300-3400
data/attacks/reverb-rt60-0.4/LA_E_4725821.wav,fake,la_p4fix,none,reverb-rt60-0.4,rt60-0.4,na,LA_0026,2.9,16000,test,LA_E_4725821_reverb-rt60-0.4
data/attacks/speed0.9/LA_E_4725821.wav,fake,la_p4fix,none,speed0.9,speed0.9,na,LA_0026,3.222,16000,test,LA_E_4725821_speed0.9
data/attacks/mp3-64k/LA_E_6913602.wav,fake,la_p4fix,none,mp3-64k,mp3-64k,na,LA_0043,3.11,16000,test,LA_E_6913602_mp3-64k
data/attacks/aac-128k/LA_E_6913602.wav,fake,la_p4fix,none,aac-128k,aac-128k,na,LA_0043,3.136,16000,test,LA_E_6913602_aac-128k
data/attacks/opus-32k/LA_E_6913602.wav,fake,la_p4fix,none,opus-32k,opus-32k,na,LA_0043,3.11,16000,test,LA_E_6913602_opus-32k
data/attacks/g711-8k/LA_E_6913602.wav,fake,la_p4fix,none,g711-8k,g711-8k,na,LA_0043,3.11,16000,test,LA_E_6913602_g711-8k
data/attacks/awgn-snr5/LA_E_6913602.wav,fake,la_p4fix,none,awgn-snr5,snr5,na,LA_0043,3.11,16000,test,LA_E_6913602_awgn-snr5
data/attacks/awgn-snr10/LA_E_6913602.wav,fake,la_p4fix,none,awgn-snr10,snr10,na,LA_0043,3.11,16000,test,LA_E_6913602_awgn-snr10
data/attacks/bandpass-300-3400/LA_E_6913602.wav,fake,la_p4fix,none,bandpass-300-3400,bandpass300-3400,na,LA_0043,3.11,16000,test,LA_E_6913602_bandpass-300-3400
data/attacks/reverb-rt60-0.4/LA_E_6913602.wav,fake,la_p4fix,none,reverb-rt60-0.4,rt60-0.4,na,LA_0043,3.11,16000,test,LA_E_6913602_reverb-rt60-0.4
data/attacks/speed0.9/LA_E_6913602.wav,fake,la_p4fix,none,speed0.9,speed0.9,na,LA_0043,3.455,16000,test,LA_E_6913602_speed0.9
data/attacks/mp3-64k/LA_E_7852529.wav,fake,la_p4fix,none,mp3-64k,mp3-64k,na,LA_0034,2.598,16000,test,LA_E_7852529_mp3-64k
data/attacks/aac-128k/LA_E_7852529.wav,fake,la_p4fix,none,aac-128k,aac-128k,na,LA_0034,2.624,16000,test,LA_E_7852529_aac-128k
data/attacks/opus-32k/LA_E_7852529.wav,fake,la_p4fix,none,opus-32k,opus-32k,na,LA_0034,2.598,16000,test,LA_E_7852529_opus-32k
data/attacks/g711-8k/LA_E_7852529.wav,fake,la_p4fix,none,g711-8k,g711-8k,na,LA_0034,2.598,16000,test,LA_E_7852529_g711-8k
data/attacks/awgn-snr5/LA_E_7852529.wav,fake,la_p4fix,none,awgn-snr5,snr5,na,LA_0034,2.598,16000,test,LA_E_7852529_awgn-snr5
data/attacks/awgn-snr10/LA_E_7852529.wav,fake,la_p4fix,none,awgn-snr10,snr10,na,LA_0034,2.598,16000,test,LA_E_7852529_awgn-snr10
data/attacks/bandpass-300-3400/LA_E_7852529.wav,fake,la_p4fix,none,bandpass-300-3400,bandpass300-3400,na,LA_0034,2.598,16000,test,LA_E_7852529_bandpass-300-3400
data/attacks/reverb-rt60-0.4/LA_E_7852529.wav,fake,la_p4fix,none,reverb-rt60-0.4,rt60-0.4,na,LA_0034,2.598,16000,test,LA_E_7852529_reverb-rt60-0.4
data/attacks/speed0.9/LA_E_7852529.wav,fake,la_p4fix,none,speed0.9,speed0.9,na,LA_0034,2.887,16000,test,LA_E_7852529_speed0.9
data/attacks/mp3-64k/LA_E_8708549.wav,fake,la_p4fix,none,mp3-64k,mp3-64k,na,LA_0007,2.692,16000,test,LA_E_8708549_mp3-64k
data/attacks/aac-128k/LA_E_8708549.wav,fake,la_p4fix,none,aac-128k,aac-128k,na,LA_0007,2.752,16000,test,LA_E_8708549_aac-128k
data/attacks/opus-32k/LA_E_8708549.wav,fake,la_p4fix,none,opus-32k,opus-32k,na,LA_0007,2.692,16000,test,LA_E_8708549_opus-32k
data/attacks/g711-8k/LA_E_8708549.wav,fake,la_p4fix,none,g711-8k,g711-8k,na,LA_0007,2.692,16000,test,LA_E_8708549_g711-8k
data/attacks/awgn-snr5/LA_E_8708549.wav,fake,la_p4fix,none,awgn-snr5,snr5,na,LA_0007,2.692,16000,test,LA_E_8708549_awgn-snr5
data/attacks/awgn-snr10/LA_E_8708549.wav,fake,la_p4fix,none,awgn-snr10,snr10,na,LA_0007,2.692,16000,test,LA_E_8708549_awgn-snr10
data/attacks/bandpass-300-3400/LA_E_8708549.wav,fake,la_p4fix,none,bandpass-300-3400,bandpass300-3400,na,LA_0007,2.692,16000,test,LA_E_8708549_bandpass-300-3400
data/attacks/reverb-rt60-0.4/LA_E_8708549.wav,fake,la_p4fix,none,reverb-rt60-0.4,rt60-0.4,na,LA_0007,2.692,16000,test,LA_E_8708549_reverb-rt60-0.4
data/attacks/speed0.9/LA_E_8708549.wav,fake,la_p4fix,none,speed0.9,speed0.9,na,LA_0007,2.991,16000,test,LA_E_8708549_speed0.9
data/attacks/mp3-64k/LA_E_9385021.wav,fake,la_p4fix,none,mp3-64k,mp3-64k,na,LA_0042,3.072,16000,test,LA_E_9385021_mp3-64k
data/attacks/aac-128k/LA_E_9385021.wav,fake,la_p4fix,none,aac-128k,aac-128k,na,LA_0042,3.136,16000,test,LA_E_9385021_aac-128k
data/attacks/opus-32k/LA_E_9385021.wav,fake,la_p4fix,none,opus-32k,opus-32k,na,LA_0042,3.072,16000,test,LA_E_9385021_opus-32k
data/attacks/g711-8k/LA_E_9385021.wav,fake,la_p4fix,none,g711-8k,g711-8k,na,LA_0042,3.072,16000,test,LA_E_9385021_g711-8k
data/attacks/awgn-snr5/LA_E_9385021.wav,fake,la_p4fix,none,awgn-snr5,snr5,na,LA_0042,3.072,16000,test,LA_E_9385021_awgn-snr5
data/attacks/awgn-snr10/LA_E_9385021.wav,fake,la_p4fix,none,awgn-snr10,snr10,na,LA_0042,3.072,16000,test,LA_E_9385021_awgn-snr10
data/attacks/bandpass-300-3400/LA_E_9385021.wav,fake,la_p4fix,none,bandpass-300-3400,bandpass300-3400,na,LA_0042,3.072,16000,test,LA_E_9385021_bandpass-300-3400
data/attacks/reverb-rt60-0.4/LA_E_9385021.wav,fake,la_p4fix,none,reverb-rt60-0.4,rt60-0.4,na,LA_0042,3.072,16000,test,LA_E_9385021_reverb-rt60-0.4
data/attacks/speed0.9/LA_E_9385021.wav,fake,la_p4fix,none,speed0.9,speed0.9,na,LA_0042,3.414,16000,test,LA_E_9385021_speed0.9
data/attacks/mp3-64k/LA_E_3226590.wav,fake,la_p4fix,none,mp3-64k,mp3-64k,na,LA_0021,2.988,16000,test,LA_E_3226590_mp3-64k
data/attacks/aac-128k/LA_E_3226590.wav,fake,la_p4fix,none,aac-128k,aac-128k,na,LA_0021,3.008,16000,test,LA_E_3226590_aac-128k
data/attacks/opus-32k/LA_E_3226590.wav,fake,la_p4fix,none,opus-32k,opus-32k,na,LA_0021,2.988,16000,test,LA_E_3226590_opus-32k
data/attacks/g711-8k/LA_E_3226590.wav,fake,la_p4fix,none,g711-8k,g711-8k,na,LA_0021,2.988,16000,test,LA_E_3226590_g711-8k
data/attacks/awgn-snr5/LA_E_3226590.wav,fake,la_p4fix,none,awgn-snr5,snr5,na,LA_0021,2.988,16000,test,LA_E_3226590_awgn-snr5
data/attacks/awgn-snr10/LA_E_3226590.wav,fake,la_p4fix,none,awgn-snr10,snr10,na,LA_0021,2.988,16000,test,LA_E_3226590_awgn-snr10
data/attacks/bandpass-300-3400/LA_E_3226590.wav,fake,la_p4fix,none,bandpass-300-3400,bandpass300-3400,na,LA_0021,2.988,16000,test,LA_E_3226590_bandpass-300-3400
data/attacks/reverb-rt60-0.4/LA_E_3226590.wav,fake,la_p4fix,none,reverb-rt60-0.4,rt60-0.4,na,LA_0021,2.988,16000,test,LA_E_3226590_reverb-rt60-0.4
data/attacks/speed0.9/LA_E_3226590.wav,fake,la_p4fix,none,speed0.9,speed0.9,na,LA_0021,3.32,16000,test,LA_E_3226590_speed0.9
data/attacks/mp3-64k/LA_E_7267718.wav,fake,la_p4fix,none,mp3-64k,mp3-64k,na,LA_0038,3.114,16000,test,LA_E_7267718_mp3-64k
data/attacks/aac-128k/LA_E_7267718.wav,fake,la_p4fix,none,aac-128k,aac-128k,na,LA_0038,3.136,16000,test,LA_E_7267718_aac-128k
data/attacks/opus-32k/LA_E_7267718.wav,fake,la_p4fix,none,opus-32k,opus-32k,na,LA_0038,3.114,16000,test,LA_E_7267718_opus-32k
data/attacks/g711-8k/LA_E_7267718.wav,fake,la_p4fix,none,g711-8k,g711-8k,na,LA_0038,3.114,16000,test,LA_E_7267718_g711-8k
data/attacks/awgn-snr5/LA_E_7267718.wav,fake,la_p4fix,none,awgn-snr5,snr5,na,LA_0038,3.114,16000,test,LA_E_7267718_awgn-snr5
data/attacks/awgn-snr10/LA_E_7267718.wav,fake,la_p4fix,none,awgn-snr10,snr10,na,LA_0038,3.114,16000,test,LA_E_7267718_awgn-snr10
data/attacks/bandpass-300-3400/LA_E_7267718.wav,fake,la_p4fix,none,bandpass-300-3400,bandpass300-3400,na,LA_0038,3.114,16000,test,LA_E_7267718_bandpass-300-3400
data/attacks/reverb-rt60-0.4/LA_E_7267718.wav,fake,la_p4fix,none,reverb-rt60-0.4,rt60-0.4,na,LA_0038,3.114,16000,test,LA_E_7267718_reverb-rt60-0.4
data/attacks/speed0.9/LA_E_7267718.wav,fake,la_p4fix,none,speed0.9,speed0.9,na,LA_0038,3.46,16000,test,LA_E_7267718_speed0.9
data/attacks/mp3-64k/LA_E_7801497.wav,fake,la_p4fix,none,mp3-64k,mp3-64k,na,LA_0037,2.898,16000,test,LA_E_7801497_mp3-64k
data/attacks/aac-128k/LA_E_7801497.wav,fake,la_p4fix,none,aac-128k,aac-128k,na,LA_0037,2.944,16000,test,LA_E_7801497_aac-128k
data/attacks/opus-32k/LA_E_7801497.wav,fake,la_p4fix,none,opus-32k,opus-32k,na,LA_0037,2.898,16000,test,LA_E_7801497_opus-32k
data/attacks/g711-8k/LA_E_7801497.wav,fake,la_p4fix,none,g711-8k,g711-8k,na,LA_0037,2.898,16000,test,LA_E_7801497_g711-8k
data/attacks/awgn-snr5/LA_E_7801497.wav,fake,la_p4fix,none,awgn-snr5,snr5,na,LA_0037,2.898,16000,test,LA_E_7801497_awgn-snr5
data/attacks/awgn-snr10/LA_E_7801497.wav,fake,la_p4fix,none,awgn-snr10,snr10,na,LA_0037,2.898,16000,test,LA_E_7801497_awgn-snr10
data/attacks/bandpass-300-3400/LA_E_7801497.wav,fake,la_p4fix,none,bandpass-300-3400,bandpass300-3400,na,LA_0037,2.898,16000,test,LA_E_7801497_bandpass-300-3400
data/attacks/reverb-rt60-0.4/LA_E_7801497.wav,fake,la_p4fix,none,reverb-rt60-0.4,rt60-0.4,na,LA_0037,2.898,16000,test,LA_E_7801497_reverb-rt60-0.4
data/attacks/speed0.9/LA_E_7801497.wav,fake,la_p4fix,none,speed0.9,speed0.9,na,LA_0037,3.22,16000,test,LA_E_7801497_speed0.9
data/attacks/mp3-64k/LA_E_8248762.wav,fake,la_p4fix,none,mp3-64k,mp3-64k,na,LA_0029,3.715,16000,test,LA_E_8248762_mp3-64k
data/attacks/aac-128k/LA_E_8248762.wav,fake,la_p4fix,none,aac-128k,aac-128k,na,LA_0029,3.776,16000,test,LA_E_8248762_aac-128k
data/attacks/opus-32k/LA_E_8248762.wav,fake,la_p4fix,none,opus-32k,opus-32k,na,LA_0029,3.715,16000,test,LA_E_8248762_opus-32k
data/attacks/g711-8k/LA_E_8248762.wav,fake,la_p4fix,none,g711-8k,g711-8k,na,LA_0029,3.715,16000,test,LA_E_8248762_g711-8k
data/attacks/awgn-snr5/LA_E_8248762.wav,fake,la_p4fix,none,awgn-snr5,snr5,na,LA_0029,3.715,16000,test,LA_E_8248762_awgn-snr5
data/attacks/awgn-snr10/LA_E_8248762.wav,fake,la_p4fix,none,awgn-snr10,snr10,na,LA_0029,3.715,16000,test,LA_E_8248762_awgn-snr10
data/attacks/bandpass-300-3400/LA_E_8248762.wav,fake,la_p4fix,none,bandpass-300-3400,bandpass300-3400,na,LA_0029,3.715,16000,test,LA_E_8248762_bandpass-300-3400
data/attacks/reverb-rt60-0.4/LA_E_8248762.wav,fake,la_p4fix,none,reverb-rt60-0.4,rt60-0.4,na,LA_0029,3.715,16000,test,LA_E_8248762_reverb-rt60-0.4
data/attacks/speed0.9/LA_E_8248762.wav,fake,la_p4fix,none,speed0.9,speed0.9,na,LA_0029,4.128,16000,test,LA_E_8248762_speed0.9
data/attacks/mp3-64k/LA_E_4148716.wav,fake,la_p4fix,none,mp3-64k,mp3-64k,na,LA_0030,2.901,16000,test,LA_E_4148716_mp3-64k
data/attacks/aac-128k/LA_E_4148716.wav,fake,la_p4fix,none,aac-128k,aac-128k,na,LA_0030,2.944,16000,test,LA_E_4148716_aac-128k
data/attacks/opus-32k/LA_E_4148716.wav,fake,la_p4fix,none,opus-32k,opus-32k,na,LA_0030,2.901,16000,test,LA_E_4148716_opus-32k
data/attacks/g711-8k/LA_E_4148716.wav,fake,la_p4fix,none,g711-8k,g711-8k,na,LA_0030,2.901,16000,test,LA_E_4148716_g711-8k
data/attacks/awgn-snr5/LA_E_4148716.wav,fake,la_p4fix,none,awgn-snr5,snr5,na,LA_0030,2.901,16000,test,LA_E_4148716_awgn-snr5
data/attacks/awgn-snr10/LA_E_4148716.wav,fake,la_p4fix,none,awgn-snr10,snr10,na,LA_0030,2.901,16000,test,LA_E_4148716_awgn-snr10
data/attacks/bandpass-300-3400/LA_E_4148716.wav,fake,la_p4fix,none,bandpass-300-3400,bandpass300-3400,na,LA_0030,2.901,16000,test,LA_E_4148716_bandpass-300-3400
data/attacks/reverb-rt60-0.4/LA_E_4148716.wav,fake,la_p4fix,none,reverb-rt60-0.4,rt60-0.4,na,LA_0030,2.901,16000,test,LA_E_4148716_reverb-rt60-0.4
data/attacks/speed0.9/LA_E_4148716.wav,fake,la_p4fix,none,speed0.9,speed0.9,na,LA_0030,3.224,16000,test,LA_E_4148716_speed0.9
data/attacks/mp3-64k/LA_E_8899248.wav,fake,la_p4fix,none,mp3-64k,mp3-64k,na,LA_0037,2.816,16000,test,LA_E_8899248_mp3-64k
data/attacks/aac-128k/LA_E_8899248.wav,fake,la_p4fix,none,aac-128k,aac-128k,na,LA_0037,2.88,16000,test,LA_E_8899248_aac-128k
data/attacks/opus-32k/LA_E_8899248.wav,fake,la_p4fix,none,opus-32k,opus-32k,na,LA_0037,2.816,16000,test,LA_E_8899248_opus-32k
data/attacks/g711-8k/LA_E_8899248.wav,fake,la_p4fix,none,g711-8k,g711-8k,na,LA_0037,2.816,16000,test,LA_E_8899248_g711-8k
data/attacks/awgn-snr5/LA_E_8899248.wav,fake,la_p4fix,none,awgn-snr5,snr5,na,LA_0037,2.816,16000,test,LA_E_8899248_awgn-snr5
data/attacks/awgn-snr10/LA_E_8899248.wav,fake,la_p4fix,none,awgn-snr10,snr10,na,LA_0037,2.816,16000,test,LA_E_8899248_awgn-snr10
data/attacks/bandpass-300-3400/LA_E_8899248.wav,fake,la_p4fix,none,bandpass-300-3400,bandpass300-3400,na,LA_0037,2.816,16000,test,LA_E_8899248_bandpass-300-3400
data/attacks/reverb-rt60-0.4/LA_E_8899248.wav,fake,la_p4fix,none,reverb-rt60-0.4,rt60-0.4,na,LA_0037,2.816,16000,test,LA_E_8899248_reverb-rt60-0.4
data/attacks/speed0.9/LA_E_8899248.wav,fake,la_p4fix,none,speed0.9,speed0.9,na,LA_0037,3.129,16000,test,LA_E_8899248_speed0.9
data/attacks/mp3-64k/LA_E_2304162.wav,fake,la_p4fix,none,mp3-64k,mp3-64k,na,LA_0043,2.983,16000,test,LA_E_2304162_mp3-64k
data/attacks/aac-128k/LA_E_2304162.wav,fake,la_p4fix,none,aac-128k,aac-128k,na,LA_0043,3.008,16000,test,LA_E_2304162_aac-128k
data/attacks/opus-32k/LA_E_2304162.wav,fake,la_p4fix,none,opus-32k,opus-32k,na,LA_0043,2.983,16000,test,LA_E_2304162_opus-32k
data/attacks/g711-8k/LA_E_2304162.wav,fake,la_p4fix,none,g711-8k,g711-8k,na,LA_0043,2.983,16000,test,LA_E_2304162_g711-8k
data/attacks/awgn-snr5/LA_E_2304162.wav,fake,la_p4fix,none,awgn-snr5,snr5,na,LA_0043,2.983,16000,test,LA_E_2304162_awgn-snr5
data/attacks/awgn-snr10/LA_E_2304162.wav,fake,la_p4fix,none,awgn-snr10,snr10,na,LA_0043,2.983,16000,test,LA_E_2304162_awgn-snr10
data/attacks/bandpass-300-3400/LA_E_2304162.wav,fake,la_p4fix,none,bandpass-300-3400,bandpass300-3400,na,LA_0043,2.983,16000,test,LA_E_2304162_bandpass-300-3400
data/attacks/reverb-rt60-0.4/LA_E_2304162.wav,fake,la_p4fix,none,reverb-rt60-0.4,rt60-0.4,na,LA_0043,2.983,16000,test,LA_E_2304162_reverb-rt60-0.4
data/attacks/speed0.9/LA_E_2304162.wav,fake,la_p4fix,none,speed0.9,speed0.9,na,LA_0043,3.314,16000,test,LA_E_2304162_speed0.9
data/attacks/mp3-64k/LA_E_2123726.wav,fake,la_p4fix,none,mp3-64k,mp3-64k,na,LA_0028,3.585,16000,test,LA_E_2123726_mp3-64k
data/attacks/aac-128k/LA_E_2123726.wav,fake,la_p4fix,none,aac-128k,aac-128k,na,LA_0028,3.648,16000,test,LA_E_2123726_aac-128k
data/attacks/opus-32k/LA_E_2123726.wav,fake,la_p4fix,none,opus-32k,opus-32k,na,LA_0028,3.585,16000,test,LA_E_2123726_opus-32k
data/attacks/g711-8k/LA_E_2123726.wav,fake,la_p4fix,none,g711-8k,g711-8k,na,LA_0028,3.585,16000,test,LA_E_2123726_g711-8k
data/attacks/awgn-snr5/LA_E_2123726.wav,fake,la_p4fix,none,awgn-snr5,snr5,na,LA_0028,3.585,16000,test,LA_E_2123726_awgn-snr5
data/attacks/awgn-snr10/LA_E_2123726.wav,fake,la_p4fix,none,awgn-snr10,snr10,na,LA_0028,3.585,16000,test,LA_E_2123726_awgn-snr10
data/attacks/bandpass-300-3400/LA_E_2123726.wav,fake,la_p4fix,none,bandpass-300-3400,bandpass300-3400,na,LA_0028,3.585,16000,test,LA_E_2123726_bandpass-300-3400
data/attacks/reverb-rt60-0.4/LA_E_2123726.wav,fake,la_p4fix,none,reverb-rt60-0.4,rt60-0.4,na,LA_0028,3.585,16000,test,LA_E_2123726_reverb-rt60-0.4
data/attacks/speed0.9/LA_E_2123726.wav,fake,la_p4fix,none,speed0.9,speed0.9,na,LA_0028,3.984,16000,test,LA_E_2123726_speed0.9
data/attacks/mp3-64k/LA_E_7552326.wav,fake,la_p4fix,none,mp3-64k,mp3-64k,na,LA_0010,4.046,16000,test,LA_E_7552326_mp3-64k
data/attacks/aac-128k/LA_E_7552326.wav,fake,la_p4fix,none,aac-128k,aac-128k,na,LA_0010,4.096,16000,test,LA_E_7552326_aac-128k
data/attacks/opus-32k/LA_E_7552326.wav,fake,la_p4fix,none,opus-32k,opus-32k,na,LA_0010,4.046,16000,test,LA_E_7552326_opus-32k
data/attacks/g711-8k/LA_E_7552326.wav,fake,la_p4fix,none,g711-8k,g711-8k,na,LA_0010,4.046,16000,test,LA_E_7552326_g711-8k
data/attacks/awgn-snr5/LA_E_7552326.wav,fake,la_p4fix,none,awgn-snr5,snr5,na,LA_0010,4.046,16000,test,LA_E_7552326_awgn-snr5
data/attacks/awgn-snr10/LA_E_7552326.wav,fake,la_p4fix,none,awgn-snr10,snr10,na,LA_0010,4.046,16000,test,LA_E_7552326_awgn-snr10
data/attacks/bandpass-300-3400/LA_E_7552326.wav,fake,la_p4fix,none,bandpass-300-3400,bandpass300-3400,na,LA_0010,4.046,16000,test,LA_E_7552326_bandpass-300-3400
data/attacks/reverb-rt60-0.4/LA_E_7552326.wav,fake,la_p4fix,none,reverb-rt60-0.4,rt60-0.4,na,LA_0010,4.046,16000,test,LA_E_7552326_reverb-rt60-0.4
data/attacks/speed0.9/LA_E_7552326.wav,fake,la_p4fix,none,speed0.9,speed0.9,na,LA_0010,4.496,16000,test,LA_E_7552326_speed0.9
data/attacks/mp3-64k/LA_E_1100892.wav,fake,la_p4fix,none,mp3-64k,mp3-64k,na,LA_0024,4.053,16000,test,LA_E_1100892_mp3-64k
data/attacks/aac-128k/LA_E_1100892.wav,fake,la_p4fix,none,aac-128k,aac-128k,na,LA_0024,4.096,16000,test,LA_E_1100892_aac-128k
data/attacks/opus-32k/LA_E_1100892.wav,fake,la_p4fix,none,opus-32k,opus-32k,na,LA_0024,4.053,16000,test,LA_E_1100892_opus-32k
data/attacks/g711-8k/LA_E_1100892.wav,fake,la_p4fix,none,g711-8k,g711-8k,na,LA_0024,4.053,16000,test,LA_E_1100892_g711-8k
data/attacks/awgn-snr5/LA_E_1100892.wav,fake,la_p4fix,none,awgn-snr5,snr5,na,LA_0024,4.053,16000,test,LA_E_1100892_awgn-snr5
data/attacks/awgn-snr10/LA_E_1100892.wav,fake,la_p4fix,none,awgn-snr10,snr10,na,LA_0024,4.053,16000,test,LA_E_1100892_awgn-snr10
data/attacks/bandpass-300-3400/LA_E_1100892.wav,fake,la_p4fix,none,bandpass-300-3400,bandpass300-3400,na,LA_0024,4.053,16000,test,LA_E_1100892_bandpass-300-3400
data/attacks/reverb-rt60-0.4/LA_E_1100892.wav,fake,la_p4fix,none,reverb-rt60-0.4,rt60-0.4,na,LA_0024,4.053,16000,test,LA_E_1100892_reverb-rt60-0.4
data/attacks/speed0.9/LA_E_1100892.wav,fake,la_p4fix,none,speed0.9,speed0.9,na,LA_0024,4.503,16000,test,LA_E_1100892_speed0.9
data/attacks/mp3-64k/LA_E_9544302.wav,fake,la_p4fix,none,mp3-64k,mp3-64k,na,LA_0035,2.216,16000,test,LA_E_9544302_mp3-64k
data/attacks/aac-128k/LA_E_9544302.wav,fake,la_p4fix,none,aac-128k,aac-128k,na,LA_0035,2.24,16000,test,LA_E_9544302_aac-128k
data/attacks/opus-32k/LA_E_9544302.wav,fake,la_p4fix,none,opus-32k,opus-32k,na,LA_0035,2.216,16000,test,LA_E_9544302_opus-32k
data/attacks/g711-8k/LA_E_9544302.wav,fake,la_p4fix,none,g711-8k,g711-8k,na,LA_0035,2.216,16000,test,LA_E_9544302_g711-8k
data/attacks/awgn-snr5/LA_E_9544302.wav,fake,la_p4fix,none,awgn-snr5,snr5,na,LA_0035,2.216,16000,test,LA_E_9544302_awgn-snr5
data/attacks/awgn-snr10/LA_E_9544302.wav,fake,la_p4fix,none,awgn-snr10,snr10,na,LA_0035,2.216,16000,test,LA_E_9544302_awgn-snr10
data/attacks/bandpass-300-3400/LA_E_9544302.wav,fake,la_p4fix,none,bandpass-300-3400,bandpass300-3400,na,LA_0035,2.216,16000,test,LA_E_9544302_bandpass-300-3400
data/attacks/reverb-rt60-0.4/LA_E_9544302.wav,fake,la_p4fix,none,reverb-rt60-0.4,rt60-0.4,na,LA_0035,2.216,16000,test,LA_E_9544302_reverb-rt60-0.4
data/attacks/speed0.9/LA_E_9544302.wav,fake,la_p4fix,none,speed0.9,speed0.9,na,LA_0035,2.462,16000,test,LA_E_9544302_speed0.9
data/attacks/mp3-64k/LA_E_8521940.wav,fake,la_p4fix,none,mp3-64k,mp3-64k,na,LA_0038,2.333,16000,test,LA_E_8521940_mp3-64k
data/attacks/aac-128k/LA_E_8521940.wav,fake,la_p4fix,none,aac-128k,aac-128k,na,LA_0038,2.368,16000,test,LA_E_8521940_aac-128k
data/attacks/opus-32k/LA_E_8521940.wav,fake,la_p4fix,none,opus-32k,opus-32k,na,LA_0038,2.333,16000,test,LA_E_8521940_opus-32k
data/attacks/g711-8k/LA_E_8521940.wav,fake,la_p4fix,none,g711-8k,g711-8k,na,LA_0038,2.333,16000,test,LA_E_8521940_g711-8k
data/attacks/awgn-snr5/LA_E_8521940.wav,fake,la_p4fix,none,awgn-snr5,snr5,na,LA_0038,2.333,16000,test,LA_E_8521940_awgn-snr5
data/attacks/awgn-snr10/LA_E_8521940.wav,fake,la_p4fix,none,awgn-snr10,snr10,na,LA_0038,2.333,16000,test,LA_E_8521940_awgn-snr10
data/attacks/bandpass-300-3400/LA_E_8521940.wav,fake,la_p4fix,none,bandpass-300-3400,bandpass300-3400,na,LA_0038,2.333,16000,test,LA_E_8521940_bandpass-300-3400
data/attacks/reverb-rt60-0.4/LA_E_8521940.wav,fake,la_p4fix,none,reverb-rt60-0.4,rt60-0.4,na,LA_0038,2.333,16000,test,LA_E_8521940_reverb-rt60-0.4
data/attacks/speed0.9/LA_E_8521940.wav,fake,la_p4fix,none,speed0.9,speed0.9,na,LA_0038,2.592,16000,test,LA_E_8521940_speed0.9
data/attacks/mp3-64k/LA_E_9412593.wav,fake,la_p4fix,none,mp3-64k,mp3-64k,na,LA_0043,2.553,16000,test,LA_E_9412593_mp3-64k
data/attacks/aac-128k/LA_E_9412593.wav,fake,la_p4fix,none,aac-128k,aac-128k,na,LA_0043,2.56,16000,test,LA_E_9412593_aac-128k
data/attacks/opus-32k/LA_E_9412593.wav,fake,la_p4fix,none,opus-32k,opus-32k,na,LA_0043,2.553,16000,test,LA_E_9412593_opus-32k
data/attacks/g711-8k/LA_E_9412593.wav,fake,la_p4fix,none,g711-8k,g711-8k,na,LA_0043,2.553,16000,test,LA_E_9412593_g711-8k
data/attacks/awgn-snr5/LA_E_9412593.wav,fake,la_p4fix,none,awgn-snr5,snr5,na,LA_0043,2.553,16000,test,LA_E_9412593_awgn-snr5
data/attacks/awgn-snr10/LA_E_9412593.wav,fake,la_p4fix,none,awgn-snr10,snr10,na,LA_0043,2.553,16000,test,LA_E_9412593_awgn-snr10
data/attacks/bandpass-300-3400/LA_E_9412593.wav,fake,la_p4fix,none,bandpass-300-3400,bandpass300-3400,na,LA_0043,2.553,16000,test,LA_E_9412593_bandpass-300-3400
data/attacks/reverb-rt60-0.4/LA_E_9412593.wav,fake,la_p4fix,none,reverb-rt60-0.4,rt60-0.4,na,LA_0043,2.553,16000,test,LA_E_9412593_reverb-rt60-0.4
data/attacks/speed0.9/LA_E_9412593.wav,fake,la_p4fix,none,speed0.9,speed0.9,na,LA_0043,2.836,16000,test,LA_E_9412593_speed0.9
data/attacks/mp3-64k/LA_E_3645341.wav,fake,la_p4fix,none,mp3-64k,mp3-64k,na,LA_0020,3.325,16000,test,LA_E_3645341_mp3-64k
data/attacks/aac-128k/LA_E_3645341.wav,fake,la_p4fix,none,aac-128k,aac-128k,na,LA_0020,3.328,16000,test,LA_E_3645341_aac-128k
data/attacks/opus-32k/LA_E_3645341.wav,fake,la_p4fix,none,opus-32k,opus-32k,na,LA_0020,3.325,16000,test,LA_E_3645341_opus-32k
data/attacks/g711-8k/LA_E_3645341.wav,fake,la_p4fix,none,g711-8k,g711-8k,na,LA_0020,3.325,16000,test,LA_E_3645341_g711-8k
data/attacks/awgn-snr5/LA_E_3645341.wav,fake,la_p4fix,none,awgn-snr5,snr5,na,LA_0020,3.325,16000,test,LA_E_3645341_awgn-snr5
data/attacks/awgn-snr10/LA_E_3645341.wav,fake,la_p4fix,none,awgn-snr10,snr10,na,LA_0020,3.325,16000,test,LA_E_3645341_awgn-snr10
data/attacks/bandpass-300-3400/LA_E_3645341.wav,fake,la_p4fix,none,bandpass-300-3400,bandpass300-3400,na,LA_0020,3.325,16000,test,LA_E_3645341_bandpass-300-3400
data/attacks/reverb-rt60-0.4/LA_E_3645341.wav,fake,la_p4fix,none,reverb-rt60-0.4,rt60-0.4,na,LA_0020,3.325,16000,test,LA_E_3645341_reverb-rt60-0.4
data/attacks/speed0.9/LA_E_3645341.wav,fake,la_p4fix,none,speed0.9,speed0.9,na,LA_0020,3.694,16000,test,LA_E_3645341_speed0.9
data/attacks/mp3-64k/LA_E_3114727.wav,fake,la_p4fix,none,mp3-64k,mp3-64k,na,LA_0047,3.155,16000,test,LA_E_3114727_mp3-64k
data/attacks/aac-128k/LA_E_3114727.wav,fake,la_p4fix,none,aac-128k,aac-128k,na,LA_0047,3.2,16000,test,LA_E_3114727_aac-128k
data/attacks/opus-32k/LA_E_3114727.wav,fake,la_p4fix,none,opus-32k,opus-32k,na,LA_0047,3.155,16000,test,LA_E_3114727_opus-32k
data/attacks/g711-8k/LA_E_3114727.wav,fake,la_p4fix,none,g711-8k,g711-8k,na,LA_0047,3.155,16000,test,LA_E_3114727_g711-8k
data/attacks/awgn-snr5/LA_E_3114727.wav,fake,la_p4fix,none,awgn-snr5,snr5,na,LA_0047,3.155,16000,test,LA_E_3114727_awgn-snr5
data/attacks/awgn-snr10/LA_E_3114727.wav,fake,la_p4fix,none,awgn-snr10,snr10,na,LA_0047,3.155,16000,test,LA_E_3114727_awgn-snr10
data/attacks/bandpass-300-3400/LA_E_3114727.wav,fake,la_p4fix,none,bandpass-300-3400,bandpass300-3400,na,LA_0047,3.155,16000,test,LA_E_3114727_bandpass-300-3400
data/attacks/reverb-rt60-0.4/LA_E_3114727.wav,fake,la_p4fix,none,reverb-rt60-0.4,rt60-0.4,na,LA_0047,3.155,16000,test,LA_E_3114727_reverb-rt60-0.4
data/attacks/speed0.9/LA_E_3114727.wav,fake,la_p4fix,none,speed0.9,speed0.9,na,LA_0047,3.505,16000,test,LA_E_3114727_speed0.9
data/attacks/mp3-64k/LA_E_1651670.wav,fake,la_p4fix,none,mp3-64k,mp3-64k,na,LA_0035,4.092,16000,test,LA_E_1651670_mp3-64k
data/attacks/aac-128k/LA_E_1651670.wav,fake,la_p4fix,none,aac-128k,aac-128k,na,LA_0035,4.096,16000,test,LA_E_1651670_aac-128k
data/attacks/opus-32k/LA_E_1651670.wav,fake,la_p4fix,none,opus-32k,opus-32k,na,LA_0035,4.092,16000,test,LA_E_1651670_opus-32k
data/attacks/g711-8k/LA_E_1651670.wav,fake,la_p4fix,none,g711-8k,g711-8k,na,LA_0035,4.092,16000,test,LA_E_1651670_g711-8k
data/attacks/awgn-snr5/LA_E_1651670.wav,fake,la_p4fix,none,awgn-snr5,snr5,na,LA_0035,4.092,16000,test,LA_E_1651670_awgn-snr5
data/attacks/awgn-snr10/LA_E_1651670.wav,fake,la_p4fix,none,awgn-snr10,snr10,na,LA_0035,4.092,16000,test,LA_E_1651670_awgn-snr10
data/attacks/bandpass-300-3400/LA_E_1651670.wav,fake,la_p4fix,none,bandpass-300-3400,bandpass300-3400,na,LA_0035,4.092,16000,test,LA_E_1651670_bandpass-300-3400
data/attacks/reverb-rt60-0.4/LA_E_1651670.wav,fake,la_p4fix,none,reverb-rt60-0.4,rt60-0.4,na,LA_0035,4.092,16000,test,LA_E_1651670_reverb-rt60-0.4
data/attacks/speed0.9/LA_E_1651670.wav,fake,la_p4fix,none,speed0.9,speed0.9,na,LA_0035,4.547,16000,test,LA_E_1651670_speed0.9
data/attacks/mp3-64k/LA_E_7244977.wav,fake,la_p4fix,none,mp3-64k,mp3-64k,na,LA_0009,2.682,16000,test,LA_E_7244977_mp3-64k
data/attacks/aac-128k/LA_E_7244977.wav,fake,la_p4fix,none,aac-128k,aac-128k,na,LA_0009,2.688,16000,test,LA_E_7244977_aac-128k
data/attacks/opus-32k/LA_E_7244977.wav,fake,la_p4fix,none,opus-32k,opus-32k,na,LA_0009,2.682,16000,test,LA_E_7244977_opus-32k
data/attacks/g711-8k/LA_E_7244977.wav,fake,la_p4fix,none,g711-8k,g711-8k,na,LA_0009,2.682,16000,test,LA_E_7244977_g711-8k
data/attacks/awgn-snr5/LA_E_7244977.wav,fake,la_p4fix,none,awgn-snr5,snr5,na,LA_0009,2.682,16000,test,LA_E_7244977_awgn-snr5
data/attacks/awgn-snr10/LA_E_7244977.wav,fake,la_p4fix,none,awgn-snr10,snr10,na,LA_0009,2.682,16000,test,LA_E_7244977_awgn-snr10
data/attacks/bandpass-300-3400/LA_E_7244977.wav,fake,la_p4fix,none,bandpass-300-3400,bandpass300-3400,na,LA_0009,2.682,16000,test,LA_E_7244977_bandpass-300-3400
data/attacks/reverb-rt60-0.4/LA_E_7244977.wav,fake,la_p4fix,none,reverb-rt60-0.4,rt60-0.4,na,LA_0009,2.682,16000,test,LA_E_7244977_reverb-rt60-0.4
data/attacks/speed0.9/LA_E_7244977.wav,fake,la_p4fix,none,speed0.9,speed0.9,na,LA_0009,2.98,16000,test,LA_E_7244977_speed0.9
data/attacks/mp3-64k/LA_E_1314422.wav,fake,la_p4fix,none,mp3-64k,mp3-64k,na,LA_0044,1.826,16000,test,LA_E_1314422_mp3-64k
data/attacks/aac-128k/LA_E_1314422.wav,fake,la_p4fix,none,aac-128k,aac-128k,na,LA_0044,1.856,16000,test,LA_E_1314422_aac-128k
data/attacks/opus-32k/LA_E_1314422.wav,fake,la_p4fix,none,opus-32k,opus-32k,na,LA_0044,1.826,16000,test,LA_E_1314422_opus-32k
data/attacks/g711-8k/LA_E_1314422.wav,fake,la_p4fix,none,g711-8k,g711-8k,na,LA_0044,1.827,16000,test,LA_E_1314422_g711-8k
data/attacks/awgn-snr5/LA_E_1314422.wav,fake,la_p4fix,none,awgn-snr5,snr5,na,LA_0044,1.826,16000,test,LA_E_1314422_awgn-snr5
data/attacks/awgn-snr10/LA_E_1314422.wav,fake,la_p4fix,none,awgn-snr10,snr10,na,LA_0044,1.826,16000,test,LA_E_1314422_awgn-snr10
data/attacks/bandpass-300-3400/LA_E_1314422.wav,fake,la_p4fix,none,bandpass-300-3400,bandpass300-3400,na,LA_0044,1.826,16000,test,LA_E_1314422_bandpass-300-3400
data/attacks/reverb-rt60-0.4/LA_E_1314422.wav,fake,la_p4fix,none,reverb-rt60-0.4,rt60-0.4,na,LA_0044,1.826,16000,test,LA_E_1314422_reverb-rt60-0.4
data/attacks/speed0.9/LA_E_1314422.wav,fake,la_p4fix,none,speed0.9,speed0.9,na,LA_0044,2.029,16000,test,LA_E_1314422_speed0.9
data/attacks/mp3-64k/LA_E_5167144.wav,fake,la_p4fix,none,mp3-64k,mp3-64k,na,LA_0042,3.363,16000,test,LA_E_5167144_mp3-64k
data/attacks/aac-128k/LA_E_5167144.wav,fake,la_p4fix,none,aac-128k,aac-128k,na,LA_0042,3.392,16000,test,LA_E_5167144_aac-128k
data/attacks/opus-32k/LA_E_5167144.wav,fake,la_p4fix,none,opus-32k,opus-32k,na,LA_0042,3.363,16000,test,LA_E_5167144_opus-32k
data/attacks/g711-8k/LA_E_5167144.wav,fake,la_p4fix,none,g711-8k,g711-8k,na,LA_0042,3.363,16000,test,LA_E_5167144_g711-8k
data/attacks/awgn-snr5/LA_E_5167144.wav,fake,la_p4fix,none,awgn-snr5,snr5,na,LA_0042,3.363,16000,test,LA_E_5167144_awgn-snr5
data/attacks/awgn-snr10/LA_E_5167144.wav,fake,la_p4fix,none,awgn-snr10,snr10,na,LA_0042,3.363,16000,test,LA_E_5167144_awgn-snr10
data/attacks/bandpass-300-3400/LA_E_5167144.wav,fake,la_p4fix,none,bandpass-300-3400,bandpass300-3400,na,LA_0042,3.363,16000,test,LA_E_5167144_bandpass-300-3400
data/attacks/reverb-rt60-0.4/LA_E_5167144.wav,fake,la_p4fix,none,reverb-rt60-0.4,rt60-0.4,na,LA_0042,3.363,16000,test,LA_E_5167144_reverb-rt60-0.4
data/attacks/speed0.9/LA_E_5167144.wav,fake,la_p4fix,none,speed0.9,speed0.9,na,LA_0042,3.737,16000,test,LA_E_5167144_speed0.9
data/attacks/mp3-64k/LA_E_2475423.wav,fake,la_p4fix,none,mp3-64k,mp3-64k,na,LA_0039,2.804,16000,test,LA_E_2475423_mp3-64k
data/attacks/aac-128k/LA_E_2475423.wav,fake,la_p4fix,none,aac-128k,aac-128k,na,LA_0039,2.816,16000,test,LA_E_2475423_aac-128k
data/attacks/opus-32k/LA_E_2475423.wav,fake,la_p4fix,none,opus-32k,opus-32k,na,LA_0039,2.804,16000,test,LA_E_2475423_opus-32k
data/attacks/g711-8k/LA_E_2475423.wav,fake,la_p4fix,none,g711-8k,g711-8k,na,LA_0039,2.804,16000,test,LA_E_2475423_g711-8k
data/attacks/awgn-snr5/LA_E_2475423.wav,fake,la_p4fix,none,awgn-snr5,snr5,na,LA_0039,2.804,16000,test,LA_E_2475423_awgn-snr5
data/attacks/awgn-snr10/LA_E_2475423.wav,fake,la_p4fix,none,awgn-snr10,snr10,na,LA_0039,2.804,16000,test,LA_E_2475423_awgn-snr10
data/attacks/bandpass-300-3400/LA_E_2475423.wav,fake,la_p4fix,none,bandpass-300-3400,bandpass300-3400,na,LA_0039,2.804,16000,test,LA_E_2475423_bandpass-300-3400
data/attacks/reverb-rt60-0.4/LA_E_2475423.wav,fake,la_p4fix,none,reverb-rt60-0.4,rt60-0.4,na,LA_0039,2.804,16000,test,LA_E_2475423_reverb-rt60-0.4
data/attacks/speed0.9/LA_E_2475423.wav,fake,la_p4fix,none,speed0.9,speed0.9,na,LA_0039,3.115,16000,test,LA_E_2475423_speed0.9
data/attacks/mp3-64k/LA_E_2213262.wav,fake,la_p4fix,none,mp3-64k,mp3-64k,na,LA_0046,4.641,16000,test,LA_E_2213262_mp3-64k
data/attacks/aac-128k/LA_E_2213262.wav,fake,la_p4fix,none,aac-128k,aac-128k,na,LA_0046,4.672,16000,test,LA_E_2213262_aac-128k
data/attacks/opus-32k/LA_E_2213262.wav,fake,la_p4fix,none,opus-32k,opus-32k,na,LA_0046,4.641,16000,test,LA_E_2213262_opus-32k
data/attacks/g711-8k/LA_E_2213262.wav,fake,la_p4fix,none,g711-8k,g711-8k,na,LA_0046,4.641,16000,test,LA_E_2213262_g711-8k
data/attacks/awgn-snr5/LA_E_2213262.wav,fake,la_p4fix,none,awgn-snr5,snr5,na,LA_0046,4.641,16000,test,LA_E_2213262_awgn-snr5
data/attacks/awgn-snr10/LA_E_2213262.wav,fake,la_p4fix,none,awgn-snr10,snr10,na,LA_0046,4.641,16000,test,LA_E_2213262_awgn-snr10
data/attacks/bandpass-300-3400/LA_E_2213262.wav,fake,la_p4fix,none,bandpass-300-3400,bandpass300-3400,na,LA_0046,4.641,16000,test,LA_E_2213262_bandpass-300-3400
data/attacks/reverb-rt60-0.4/LA_E_2213262.wav,fake,la_p4fix,none,reverb-rt60-0.4,rt60-0.4,na,LA_0046,4.641,16000,test,LA_E_2213262_reverb-rt60-0.4
data/attacks/speed0.9/LA_E_2213262.wav,fake,la_p4fix,none,speed0.9,speed0.9,na,LA_0046,5.157,16000,test,LA_E_2213262_speed0.9
data/attacks/mp3-64k/LA_E_1850968.wav,fake,la_p4fix,none,mp3-64k,mp3-64k,na,LA_0027,2.383,16000,test,LA_E_1850968_mp3-64k
data/attacks/aac-128k/LA_E_1850968.wav,fake,la_p4fix,none,aac-128k,aac-128k,na,LA_0027,2.432,16000,test,LA_E_1850968_aac-128k
data/attacks/opus-32k/LA_E_1850968.wav,fake,la_p4fix,none,opus-32k,opus-32k,na,LA_0027,2.383,16000,test,LA_E_1850968_opus-32k
data/attacks/g711-8k/LA_E_1850968.wav,fake,la_p4fix,none,g711-8k,g711-8k,na,LA_0027,2.383,16000,test,LA_E_1850968_g711-8k
data/attacks/awgn-snr5/LA_E_1850968.wav,fake,la_p4fix,none,awgn-snr5,snr5,na,LA_0027,2.383,16000,test,LA_E_1850968_awgn-snr5
data/attacks/awgn-snr10/LA_E_1850968.wav,fake,la_p4fix,none,awgn-snr10,snr10,na,LA_0027,2.383,16000,test,LA_E_1850968_awgn-snr10
data/attacks/bandpass-300-3400/LA_E_1850968.wav,fake,la_p4fix,none,bandpass-300-3400,bandpass300-3400,na,LA_0027,2.383,16000,test,LA_E_1850968_bandpass-300-3400
data/attacks/reverb-rt60-0.4/LA_E_1850968.wav,fake,la_p4fix,none,reverb-rt60-0.4,rt60-0.4,na,LA_0027,2.383,16000,test,LA_E_1850968_reverb-rt60-0.4
data/attacks/speed0.9/LA_E_1850968.wav,fake,la_p4fix,none,speed0.9,speed0.9,na,LA_0027,2.648,16000,test,LA_E_1850968_speed0.9
data/attacks/mp3-64k/LA_E_4771537.wav,fake,la_p4fix,none,mp3-64k,mp3-64k,na,LA_0037,3.022,16000,test,LA_E_4771537_mp3-64k
data/attacks/aac-128k/LA_E_4771537.wav,fake,la_p4fix,none,aac-128k,aac-128k,na,LA_0037,3.072,16000,test,LA_E_4771537_aac-128k
data/attacks/opus-32k/LA_E_4771537.wav,fake,la_p4fix,none,opus-32k,opus-32k,na,LA_0037,3.022,16000,test,LA_E_4771537_opus-32k
data/attacks/g711-8k/LA_E_4771537.wav,fake,la_p4fix,none,g711-8k,g711-8k,na,LA_0037,3.022,16000,test,LA_E_4771537_g711-8k
data/attacks/awgn-snr5/LA_E_4771537.wav,fake,la_p4fix,none,awgn-snr5,snr5,na,LA_0037,3.022,16000,test,LA_E_4771537_awgn-snr5
data/attacks/awgn-snr10/LA_E_4771537.wav,fake,la_p4fix,none,awgn-snr10,snr10,na,LA_0037,3.022,16000,test,LA_E_4771537_awgn-snr10
data/attacks/bandpass-300-3400/LA_E_4771537.wav,fake,la_p4fix,none,bandpass-300-3400,bandpass300-3400,na,LA_0037,3.022,16000,test,LA_E_4771537_bandpass-300-3400
data/attacks/reverb-rt60-0.4/LA_E_4771537.wav,fake,la_p4fix,none,reverb-rt60-0.4,rt60-0.4,na,LA_0037,3.022,16000,test,LA_E_4771537_reverb-rt60-0.4
data/attacks/speed0.9/LA_E_4771537.wav,fake,la_p4fix,none,speed0.9,speed0.9,na,LA_0037,3.357,16000,test,LA_E_4771537_speed0.9
data/attacks/mp3-64k/LA_E_2442152.wav,fake,la_p4fix,none,mp3-64k,mp3-64k,na,LA_0046,8.012,16000,test,LA_E_2442152_mp3-64k
data/attacks/aac-128k/LA_E_2442152.wav,fake,la_p4fix,none,aac-128k,aac-128k,na,LA_0046,8.064,16000,test,LA_E_2442152_aac-128k
data/attacks/opus-32k/LA_E_2442152.wav,fake,la_p4fix,none,opus-32k,opus-32k,na,LA_0046,8.012,16000,test,LA_E_2442152_opus-32k
data/attacks/g711-8k/LA_E_2442152.wav,fake,la_p4fix,none,g711-8k,g711-8k,na,LA_0046,8.012,16000,test,LA_E_2442152_g711-8k
data/attacks/awgn-snr5/LA_E_2442152.wav,fake,la_p4fix,none,awgn-snr5,snr5,na,LA_0046,8.012,16000,test,LA_E_2442152_awgn-snr5
data/attacks/awgn-snr10/LA_E_2442152.wav,fake,la_p4fix,none,awgn-snr10,snr10,na,LA_0046,8.012,16000,test,LA_E_2442152_awgn-snr10
data/attacks/bandpass-300-3400/LA_E_2442152.wav,fake,la_p4fix,none,bandpass-300-3400,bandpass300-3400,na,LA_0046,8.012,16000,test,LA_E_2442152_bandpass-300-3400
data/attacks/reverb-rt60-0.4/LA_E_2442152.wav,fake,la_p4fix,none,reverb-rt60-0.4,rt60-0.4,na,LA_0046,8.012,16000,test,LA_E_2442152_reverb-rt60-0.4
data/attacks/speed0.9/LA_E_2442152.wav,fake,la_p4fix,none,speed0.9,speed0.9,na,LA_0046,8.903,16000,test,LA_E_2442152_speed0.9
data/attacks/mp3-64k/LA_E_7411264.wav,fake,la_p4fix,none,mp3-64k,mp3-64k,na,LA_0002,2.985,16000,test,LA_E_7411264_mp3-64k
data/attacks/aac-128k/LA_E_7411264.wav,fake,la_p4fix,none,aac-128k,aac-128k,na,LA_0002,3.008,16000,test,LA_E_7411264_aac-128k
data/attacks/opus-32k/LA_E_7411264.wav,fake,la_p4fix,none,opus-32k,opus-32k,na,LA_0002,2.985,16000,test,LA_E_7411264_opus-32k
data/attacks/g711-8k/LA_E_7411264.wav,fake,la_p4fix,none,g711-8k,g711-8k,na,LA_0002,2.985,16000,test,LA_E_7411264_g711-8k
data/attacks/awgn-snr5/LA_E_7411264.wav,fake,la_p4fix,none,awgn-snr5,snr5,na,LA_0002,2.985,16000,test,LA_E_7411264_awgn-snr5
data/attacks/awgn-snr10/LA_E_7411264.wav,fake,la_p4fix,none,awgn-snr10,snr10,na,LA_0002,2.985,16000,test,LA_E_7411264_awgn-snr10
data/attacks/bandpass-300-3400/LA_E_7411264.wav,fake,la_p4fix,none,bandpass-300-3400,bandpass300-3400,na,LA_0002,2.985,16000,test,LA_E_7411264_bandpass-300-3400
data/attacks/reverb-rt60-0.4/LA_E_7411264.wav,fake,la_p4fix,none,reverb-rt60-0.4,rt60-0.4,na,LA_0002,2.985,16000,test,LA_E_7411264_reverb-rt60-0.4
data/attacks/speed0.9/LA_E_7411264.wav,fake,la_p4fix,none,speed0.9,speed0.9,na,LA_0002,3.316,16000,test,LA_E_7411264_speed0.9
data/attacks/mp3-64k/LA_E_4825898.wav,fake,la_p4fix,none,mp3-64k,mp3-64k,na,LA_0002,2.553,16000,test,LA_E_4825898_mp3-64k
data/attacks/aac-128k/LA_E_4825898.wav,fake,la_p4fix,none,aac-128k,aac-128k,na,LA_0002,2.56,16000,test,LA_E_4825898_aac-128k
data/attacks/opus-32k/LA_E_4825898.wav,fake,la_p4fix,none,opus-32k,opus-32k,na,LA_0002,2.553,16000,test,LA_E_4825898_opus-32k
data/attacks/g711-8k/LA_E_4825898.wav,fake,la_p4fix,none,g711-8k,g711-8k,na,LA_0002,2.553,16000,test,LA_E_4825898_g711-8k
data/attacks/awgn-snr5/LA_E_4825898.wav,fake,la_p4fix,none,awgn-snr5,snr5,na,LA_0002,2.553,16000,test,LA_E_4825898_awgn-snr5
data/attacks/awgn-snr10/LA_E_4825898.wav,fake,la_p4fix,none,awgn-snr10,snr10,na,LA_0002,2.553,16000,test,LA_E_4825898_awgn-snr10
data/attacks/bandpass-300-3400/LA_E_4825898.wav,fake,la_p4fix,none,bandpass-300-3400,bandpass300-3400,na,LA_0002,2.553,16000,test,LA_E_4825898_bandpass-300-3400
data/attacks/reverb-rt60-0.4/LA_E_4825898.wav,fake,la_p4fix,none,reverb-rt60-0.4,rt60-0.4,na,LA_0002,2.553,16000,test,LA_E_4825898_reverb-rt60-0.4
data/attacks/speed0.9/LA_E_4825898.wav,fake,la_p4fix,none,speed0.9,speed0.9,na,LA_0002,2.836,16000,test,LA_E_4825898_speed0.9
data/attacks/mp3-64k/LA_E_8049103.wav,fake,la_p4fix,none,mp3-64k,mp3-64k,na,LA_0023,4.005,16000,test,LA_E_8049103_mp3-64k
data/attacks/aac-128k/LA_E_8049103.wav,fake,la_p4fix,none,aac-128k,aac-128k,na,LA_0023,4.032,16000,test,LA_E_8049103_aac-128k
data/attacks/opus-32k/LA_E_8049103.wav,fake,la_p4fix,none,opus-32k,opus-32k,na,LA_0023,4.005,16000,test,LA_E_8049103_opus-32k
data/attacks/g711-8k/LA_E_8049103.wav,fake,la_p4fix,none,g711-8k,g711-8k,na,LA_0023,4.005,16000,test,LA_E_8049103_g711-8k
data/attacks/awgn-snr5/LA_E_8049103.wav,fake,la_p4fix,none,awgn-snr5,snr5,na,LA_0023,4.005,16000,test,LA_E_8049103_awgn-snr5
data/attacks/awgn-snr10/LA_E_8049103.wav,fake,la_p4fix,none,awgn-snr10,snr10,na,LA_0023,4.005,16000,test,LA_E_8049103_awgn-snr10
data/attacks/bandpass-300-3400/LA_E_8049103.wav,fake,la_p4fix,none,bandpass-300-3400,bandpass300-3400,na,LA_0023,4.005,16000,test,LA_E_8049103_bandpass-300-3400
data/attacks/reverb-rt60-0.4/LA_E_8049103.wav,fake,la_p4fix,none,reverb-rt60-0.4,rt60-0.4,na,LA_0023,4.005,16000,test,LA_E_8049103_reverb-rt60-0.4
data/attacks/speed0.9/LA_E_8049103.wav,fake,la_p4fix,none,speed0.9,speed0.9,na,LA_0023,4.449,16000,test,LA_E_8049103_speed0.9
data/attacks/mp3-64k/LA_E_5721457.wav,fake,la_p4fix,none,mp3-64k,mp3-64k,na,LA_0037,3.613,16000,test,LA_E_5721457_mp3-64k
data/attacks/aac-128k/LA_E_5721457.wav,fake,la_p4fix,none,aac-128k,aac-128k,na,LA_0037,3.648,16000,test,LA_E_5721457_aac-128k
data/attacks/opus-32k/LA_E_5721457.wav,fake,la_p4fix,none,opus-32k,opus-32k,na,LA_0037,3.613,16000,test,LA_E_5721457_opus-32k
data/attacks/g711-8k/LA_E_5721457.wav,fake,la_p4fix,none,g711-8k,g711-8k,na,LA_0037,3.613,16000,test,LA_E_5721457_g711-8k
data/attacks/awgn-snr5/LA_E_5721457.wav,fake,la_p4fix,none,awgn-snr5,snr5,na,LA_0037,3.613,16000,test,LA_E_5721457_awgn-snr5
data/attacks/awgn-snr10/LA_E_5721457.wav,fake,la_p4fix,none,awgn-snr10,snr10,na,LA_0037,3.613,16000,test,LA_E_5721457_awgn-snr10
data/attacks/bandpass-300-3400/LA_E_5721457.wav,fake,la_p4fix,none,bandpass-300-3400,bandpass300-3400,na,LA_0037,3.613,16000,test,LA_E_5721457_bandpass-300-3400
data/attacks/reverb-rt60-0.4/LA_E_5721457.wav,fake,la_p4fix,none,reverb-rt60-0.4,rt60-0.4,na,LA_0037,3.613,16000,test,LA_E_5721457_reverb-rt60-0.4
data/attacks/speed0.9/LA_E_5721457.wav,fake,la_p4fix,none,speed0.9,speed0.9,na,LA_0037,4.014,16000,test,LA_E_5721457_speed0.9
data/attacks/mp3-64k/LA_E_3437343.wav,fake,la_p4fix,none,mp3-64k,mp3-64k,na,LA_0039,3.192,16000,test,LA_E_3437343_mp3-64k
data/attacks/aac-128k/LA_E_3437343.wav,fake,la_p4fix,none,aac-128k,aac-128k,na,LA_0039,3.2,16000,test,LA_E_3437343_aac-128k
data/attacks/opus-32k/LA_E_3437343.wav,fake,la_p4fix,none,opus-32k,opus-32k,na,LA_0039,3.192,16000,test,LA_E_3437343_opus-32k
data/attacks/g711-8k/LA_E_3437343.wav,fake,la_p4fix,none,g711-8k,g711-8k,na,LA_0039,3.192,16000,test,LA_E_3437343_g711-8k
data/attacks/awgn-snr5/LA_E_3437343.wav,fake,la_p4fix,none,awgn-snr5,snr5,na,LA_0039,3.192,16000,test,LA_E_3437343_awgn-snr5
data/attacks/awgn-snr10/LA_E_3437343.wav,fake,la_p4fix,none,awgn-snr10,snr10,na,LA_0039,3.192,16000,test,LA_E_3437343_awgn-snr10
data/attacks/bandpass-300-3400/LA_E_3437343.wav,fake,la_p4fix,none,bandpass-300-3400,bandpass300-3400,na,LA_0039,3.192,16000,test,LA_E_3437343_bandpass-300-3400
data/attacks/reverb-rt60-0.4/LA_E_3437343.wav,fake,la_p4fix,none,reverb-rt60-0.4,rt60-0.4,na,LA_0039,3.192,16000,test,LA_E_3437343_reverb-rt60-0.4
data/attacks/speed0.9/LA_E_3437343.wav,fake,la_p4fix,none,speed0.9,speed0.9,na,LA_0039,3.547,16000,test,LA_E_3437343_speed0.9
data/attacks/mp3-64k/LA_E_1647542.wav,fake,la_p4fix,none,mp3-64k,mp3-64k,na,LA_0010,2.97,16000,test,LA_E_1647542_mp3-64k
data/attacks/aac-128k/LA_E_1647542.wav,fake,la_p4fix,none,aac-128k,aac-128k,na,LA_0010,3.008,16000,test,LA_E_1647542_aac-128k
data/attacks/opus-32k/LA_E_1647542.wav,fake,la_p4fix,none,opus-32k,opus-32k,na,LA_0010,2.97,16000,test,LA_E_1647542_opus-32k
data/attacks/g711-8k/LA_E_1647542.wav,fake,la_p4fix,none,g711-8k,g711-8k,na,LA_0010,2.97,16000,test,LA_E_1647542_g711-8k
data/attacks/awgn-snr5/LA_E_1647542.wav,fake,la_p4fix,none,awgn-snr5,snr5,na,LA_0010,2.97,16000,test,LA_E_1647542_awgn-snr5
data/attacks/awgn-snr10/LA_E_1647542.wav,fake,la_p4fix,none,awgn-snr10,snr10,na,LA_0010,2.97,16000,test,LA_E_1647542_awgn-snr10
data/attacks/bandpass-300-3400/LA_E_1647542.wav,fake,la_p4fix,none,bandpass-300-3400,bandpass300-3400,na,LA_0010,2.97,16000,test,LA_E_1647542_bandpass-300-3400
data/attacks/reverb-rt60-0.4/LA_E_1647542.wav,fake,la_p4fix,none,reverb-rt60-0.4,rt60-0.4,na,LA_0010,2.97,16000,test,LA_E_1647542_reverb-rt60-0.4
data/attacks/speed0.9/LA_E_1647542.wav,fake,la_p4fix,none,speed0.9,speed0.9,na,LA_0010,3.301,16000,test,LA_E_1647542_speed0.9
data/attacks/mp3-64k/LA_E_5106231.wav,fake,la_p4fix,none,mp3-64k,mp3-64k,na,LA_0016,4.644,16000,test,LA_E_5106231_mp3-64k
data/attacks/aac-128k/LA_E_5106231.wav,fake,la_p4fix,none,aac-128k,aac-128k,na,LA_0016,4.672,16000,test,LA_E_5106231_aac-128k
data/attacks/opus-32k/LA_E_5106231.wav,fake,la_p4fix,none,opus-32k,opus-32k,na,LA_0016,4.644,16000,test,LA_E_5106231_opus-32k
data/attacks/g711-8k/LA_E_5106231.wav,fake,la_p4fix,none,g711-8k,g711-8k,na,LA_0016,4.644,16000,test,LA_E_5106231_g711-8k
data/attacks/awgn-snr5/LA_E_5106231.wav,fake,la_p4fix,none,awgn-snr5,snr5,na,LA_0016,4.644,16000,test,LA_E_5106231_awgn-snr5
data/attacks/awgn-snr10/LA_E_5106231.wav,fake,la_p4fix,none,awgn-snr10,snr10,na,LA_0016,4.644,16000,test,LA_E_5106231_awgn-snr10
data/attacks/bandpass-300-3400/LA_E_5106231.wav,fake,la_p4fix,none,bandpass-300-3400,bandpass300-3400,na,LA_0016,4.644,16000,test,LA_E_5106231_bandpass-300-3400
data/attacks/reverb-rt60-0.4/LA_E_5106231.wav,fake,la_p4fix,none,reverb-rt60-0.4,rt60-0.4,na,LA_0016,4.644,16000,test,LA_E_5106231_reverb-rt60-0.4
data/attacks/speed0.9/LA_E_5106231.wav,fake,la_p4fix,none,speed0.9,speed0.9,na,LA_0016,5.16,16000,test,LA_E_5106231_speed0.9
data/attacks/mp3-64k/LA_E_4645291.wav,fake,la_p4fix,none,mp3-64k,mp3-64k,na,LA_0047,5.923,16000,test,LA_E_4645291_mp3-64k
data/attacks/aac-128k/LA_E_4645291.wav,fake,la_p4fix,none,aac-128k,aac-128k,na,LA_0047,5.952,16000,test,LA_E_4645291_aac-128k
data/attacks/opus-32k/LA_E_4645291.wav,fake,la_p4fix,none,opus-32k,opus-32k,na,LA_0047,5.923,16000,test,LA_E_4645291_opus-32k
data/attacks/g711-8k/LA_E_4645291.wav,fake,la_p4fix,none,g711-8k,g711-8k,na,LA_0047,5.923,16000,test,LA_E_4645291_g711-8k
data/attacks/awgn-snr5/LA_E_4645291.wav,fake,la_p4fix,none,awgn-snr5,snr5,na,LA_0047,5.923,16000,test,LA_E_4645291_awgn-snr5
data/attacks/awgn-snr10/LA_E_4645291.wav,fake,la_p4fix,none,awgn-snr10,snr10,na,LA_0047,5.923,16000,test,LA_E_4645291_awgn-snr10
data/attacks/bandpass-300-3400/LA_E_4645291.wav,fake,la_p4fix,none,bandpass-300-3400,bandpass300-3400,na,LA_0047,5.923,16000,test,LA_E_4645291_bandpass-300-3400
data/attacks/reverb-rt60-0.4/LA_E_4645291.wav,fake,la_p4fix,none,reverb-rt60-0.4,rt60-0.4,na,LA_0047,5.923,16000,test,LA_E_4645291_reverb-rt60-0.4
data/attacks/speed0.9/LA_E_4645291.wav,fake,la_p4fix,none,speed0.9,speed0.9,na,LA_0047,6.581,16000,test,LA_E_4645291_speed0.9
data/attacks/mp3-64k/LA_E_6302978.wav,fake,la_p4fix,none,mp3-64k,mp3-64k,na,LA_0026,2.857,16000,test,LA_E_6302978_mp3-64k
data/attacks/aac-128k/LA_E_6302978.wav,fake,la_p4fix,none,aac-128k,aac-128k,na,LA_0026,2.88,16000,test,LA_E_6302978_aac-128k
data/attacks/opus-32k/LA_E_6302978.wav,fake,la_p4fix,none,opus-32k,opus-32k,na,LA_0026,2.857,16000,test,LA_E_6302978_opus-32k
data/attacks/g711-8k/LA_E_6302978.wav,fake,la_p4fix,none,g711-8k,g711-8k,na,LA_0026,2.857,16000,test,LA_E_6302978_g711-8k
data/attacks/awgn-snr5/LA_E_6302978.wav,fake,la_p4fix,none,awgn-snr5,snr5,na,LA_0026,2.857,16000,test,LA_E_6302978_awgn-snr5
data/attacks/awgn-snr10/LA_E_6302978.wav,fake,la_p4fix,none,awgn-snr10,snr10,na,LA_0026,2.857,16000,test,LA_E_6302978_awgn-snr10
data/attacks/bandpass-300-3400/LA_E_6302978.wav,fake,la_p4fix,none,bandpass-300-3400,bandpass300-3400,na,LA_0026,2.857,16000,test,LA_E_6302978_bandpass-300-3400
data/attacks/reverb-rt60-0.4/LA_E_6302978.wav,fake,la_p4fix,none,reverb-rt60-0.4,rt60-0.4,na,LA_0026,2.857,16000,test,LA_E_6302978_reverb-rt60-0.4
data/attacks/speed0.9/LA_E_6302978.wav,fake,la_p4fix,none,speed0.9,speed0.9,na,LA_0026,3.174,16000,test,LA_E_6302978_speed0.9
data/attacks/mp3-64k/LA_E_2504709.wav,fake,la_p4fix,none,mp3-64k,mp3-64k,na,LA_0024,2.127,16000,test,LA_E_2504709_mp3-64k
data/attacks/aac-128k/LA_E_2504709.wav,fake,la_p4fix,none,aac-128k,aac-128k,na,LA_0024,2.176,16000,test,LA_E_2504709_aac-128k
data/attacks/opus-32k/LA_E_2504709.wav,fake,la_p4fix,none,opus-32k,opus-32k,na,LA_0024,2.124,16000,test,LA_E_2504709_opus-32k
data/attacks/g711-8k/LA_E_2504709.wav,fake,la_p4fix,none,g711-8k,g711-8k,na,LA_0024,2.124,16000,test,LA_E_2504709_g711-8k
data/attacks/awgn-snr5/LA_E_2504709.wav,fake,la_p4fix,none,awgn-snr5,snr5,na,LA_0024,2.124,16000,test,LA_E_2504709_awgn-snr5
data/attacks/awgn-snr10/LA_E_2504709.wav,fake,la_p4fix,none,awgn-snr10,snr10,na,LA_0024,2.124,16000,test,LA_E_2504709_awgn-snr10
data/attacks/bandpass-300-3400/LA_E_2504709.wav,fake,la_p4fix,none,bandpass-300-3400,bandpass300-3400,na,LA_0024,2.124,16000,test,LA_E_2504709_bandpass-300-3400
data/attacks/reverb-rt60-0.4/LA_E_2504709.wav,fake,la_p4fix,none,reverb-rt60-0.4,rt60-0.4,na,LA_0024,2.124,16000,test,LA_E_2504709_reverb-rt60-0.4
data/attacks/speed0.9/LA_E_2504709.wav,fake,la_p4fix,none,speed0.9,speed0.9,na,LA_0024,2.36,16000,test,LA_E_2504709_speed0.9
data/attacks/mp3-64k/LA_E_8937932.wav,fake,la_p4fix,none,mp3-64k,mp3-64k,na,LA_0032,5.962,16000,test,LA_E_8937932_mp3-64k
data/attacks/aac-128k/LA_E_8937932.wav,fake,la_p4fix,none,aac-128k,aac-128k,na,LA_0032,6.016,16000,test,LA_E_8937932_aac-128k
data/attacks/opus-32k/LA_E_8937932.wav,fake,la_p4fix,none,opus-32k,opus-32k,na,LA_0032,5.962,16000,test,LA_E_8937932_opus-32k
data/attacks/g711-8k/LA_E_8937932.wav,fake,la_p4fix,none,g711-8k,g711-8k,na,LA_0032,5.962,16000,test,LA_E_8937932_g711-8k
data/attacks/awgn-snr5/LA_E_8937932.wav,fake,la_p4fix,none,awgn-snr5,snr5,na,LA_0032,5.962,16000,test,LA_E_8937932_awgn-snr5
data/attacks/awgn-snr10/LA_E_8937932.wav,fake,la_p4fix,none,awgn-snr10,snr10,na,LA_0032,5.962,16000,test,LA_E_8937932_awgn-snr10
data/attacks/bandpass-300-3400/LA_E_8937932.wav,fake,la_p4fix,none,bandpass-300-3400,bandpass300-3400,na,LA_0032,5.962,16000,test,LA_E_8937932_bandpass-300-3400
data/attacks/reverb-rt60-0.4/LA_E_8937932.wav,fake,la_p4fix,none,reverb-rt60-0.4,rt60-0.4,na,LA_0032,5.962,16000,test,LA_E_8937932_reverb-rt60-0.4
data/attacks/speed0.9/LA_E_8937932.wav,fake,la_p4fix,none,speed0.9,speed0.9,na,LA_0032,6.625,16000,test,LA_E_8937932_speed0.9
data/attacks/mp3-64k/LA_E_2297843.wav,fake,la_p4fix,none,mp3-64k,mp3-64k,na,LA_0031,4.045,16000,test,LA_E_2297843_mp3-64k
data/attacks/aac-128k/LA_E_2297843.wav,fake,la_p4fix,none,aac-128k,aac-128k,na,LA_0031,4.096,16000,test,LA_E_2297843_aac-128k
data/attacks/opus-32k/LA_E_2297843.wav,fake,la_p4fix,none,opus-32k,opus-32k,na,LA_0031,4.045,16000,test,LA_E_2297843_opus-32k
data/attacks/g711-8k/LA_E_2297843.wav,fake,la_p4fix,none,g711-8k,g711-8k,na,LA_0031,4.045,16000,test,LA_E_2297843_g711-8k
data/attacks/awgn-snr5/LA_E_2297843.wav,fake,la_p4fix,none,awgn-snr5,snr5,na,LA_0031,4.045,16000,test,LA_E_2297843_awgn-snr5
data/attacks/awgn-snr10/LA_E_2297843.wav,fake,la_p4fix,none,awgn-snr10,snr10,na,LA_0031,4.045,16000,test,LA_E_2297843_awgn-snr10
data/attacks/bandpass-300-3400/LA_E_2297843.wav,fake,la_p4fix,none,bandpass-300-3400,bandpass300-3400,na,LA_0031,4.045,16000,test,LA_E_2297843_bandpass-300-3400
data/attacks/reverb-rt60-0.4/LA_E_2297843.wav,fake,la_p4fix,none,reverb-rt60-0.4,rt60-0.4,na,LA_0031,4.045,16000,test,LA_E_2297843_reverb-rt60-0.4
data/attacks/speed0.9/LA_E_2297843.wav,fake,la_p4fix,none,speed0.9,speed0.9,na,LA_0031,4.495,16000,test,LA_E_2297843_speed0.9
data/attacks/mp3-64k/LA_E_3147623.wav,fake,la_p4fix,none,mp3-64k,mp3-64k,na,LA_0025,2.426,16000,test,LA_E_3147623_mp3-64k
data/attacks/aac-128k/LA_E_3147623.wav,fake,la_p4fix,none,aac-128k,aac-128k,na,LA_0025,2.432,16000,test,LA_E_3147623_aac-128k
data/attacks/opus-32k/LA_E_3147623.wav,fake,la_p4fix,none,opus-32k,opus-32k,na,LA_0025,2.426,16000,test,LA_E_3147623_opus-32k
data/attacks/g711-8k/LA_E_3147623.wav,fake,la_p4fix,none,g711-8k,g711-8k,na,LA_0025,2.426,16000,test,LA_E_3147623_g711-8k
data/attacks/awgn-snr5/LA_E_3147623.wav,fake,la_p4fix,none,awgn-snr5,snr5,na,LA_0025,2.426,16000,test,LA_E_3147623_awgn-snr5
data/attacks/awgn-snr10/LA_E_3147623.wav,fake,la_p4fix,none,awgn-snr10,snr10,na,LA_0025,2.426,16000,test,LA_E_3147623_awgn-snr10
data/attacks/bandpass-300-3400/LA_E_3147623.wav,fake,la_p4fix,none,bandpass-300-3400,bandpass300-3400,na,LA_0025,2.426,16000,test,LA_E_3147623_bandpass-300-3400
data/attacks/reverb-rt60-0.4/LA_E_3147623.wav,fake,la_p4fix,none,reverb-rt60-0.4,rt60-0.4,na,LA_0025,2.426,16000,test,LA_E_3147623_reverb-rt60-0.4
data/attacks/speed0.9/LA_E_3147623.wav,fake,la_p4fix,none,speed0.9,speed0.9,na,LA_0025,2.696,16000,test,LA_E_3147623_speed0.9
data/attacks/mp3-64k/LA_E_8302699.wav,fake,la_p4fix,none,mp3-64k,mp3-64k,na,LA_0019,4.559,16000,test,LA_E_8302699_mp3-64k
data/attacks/aac-128k/LA_E_8302699.wav,fake,la_p4fix,none,aac-128k,aac-128k,na,LA_0019,4.608,16000,test,LA_E_8302699_aac-128k
data/attacks/opus-32k/LA_E_8302699.wav,fake,la_p4fix,none,opus-32k,opus-32k,na,LA_0019,4.559,16000,test,LA_E_8302699_opus-32k
data/attacks/g711-8k/LA_E_8302699.wav,fake,la_p4fix,none,g711-8k,g711-8k,na,LA_0019,4.559,16000,test,LA_E_8302699_g711-8k
data/attacks/awgn-snr5/LA_E_8302699.wav,fake,la_p4fix,none,awgn-snr5,snr5,na,LA_0019,4.559,16000,test,LA_E_8302699_awgn-snr5
data/attacks/awgn-snr10/LA_E_8302699.wav,fake,la_p4fix,none,awgn-snr10,snr10,na,LA_0019,4.559,16000,test,LA_E_8302699_awgn-snr10
data/attacks/bandpass-300-3400/LA_E_8302699.wav,fake,la_p4fix,none,bandpass-300-3400,bandpass300-3400,na,LA_0019,4.559,16000,test,LA_E_8302699_bandpass-300-3400
data/attacks/reverb-rt60-0.4/LA_E_8302699.wav,fake,la_p4fix,none,reverb-rt60-0.4,rt60-0.4,na,LA_0019,4.559,16000,test,LA_E_8302699_reverb-rt60-0.4
data/attacks/speed0.9/LA_E_8302699.wav,fake,la_p4fix,none,speed0.9,speed0.9,na,LA_0019,5.065,16000,test,LA_E_8302699_speed0.9
data/attacks/mp3-64k/LA_E_4427981.wav,fake,la_p4fix,none,mp3-64k,mp3-64k,na,LA_0041,3.324,16000,test,LA_E_4427981_mp3-64k
data/attacks/aac-128k/LA_E_4427981.wav,fake,la_p4fix,none,aac-128k,aac-128k,na,LA_0041,3.328,16000,test,LA_E_4427981_aac-128k
data/attacks/opus-32k/LA_E_4427981.wav,fake,la_p4fix,none,opus-32k,opus-32k,na,LA_0041,3.324,16000,test,LA_E_4427981_opus-32k
data/attacks/g711-8k/LA_E_4427981.wav,fake,la_p4fix,none,g711-8k,g711-8k,na,LA_0041,3.324,16000,test,LA_E_4427981_g711-8k
data/attacks/awgn-snr5/LA_E_4427981.wav,fake,la_p4fix,none,awgn-snr5,snr5,na,LA_0041,3.324,16000,test,LA_E_4427981_awgn-snr5
data/attacks/awgn-snr10/LA_E_4427981.wav,fake,la_p4fix,none,awgn-snr10,snr10,na,LA_0041,3.324,16000,test,LA_E_4427981_awgn-snr10
data/attacks/bandpass-300-3400/LA_E_4427981.wav,fake,la_p4fix,none,bandpass-300-3400,bandpass300-3400,na,LA_0041,3.324,16000,test,LA_E_4427981_bandpass-300-3400
data/attacks/reverb-rt60-0.4/LA_E_4427981.wav,fake,la_p4fix,none,reverb-rt60-0.4,rt60-0.4,na,LA_0041,3.324,16000,test,LA_E_4427981_reverb-rt60-0.4
data/attacks/speed0.9/LA_E_4427981.wav,fake,la_p4fix,none,speed0.9,speed0.9,na,LA_0041,3.694,16000,test,LA_E_4427981_speed0.9
data/attacks/mp3-64k/LA_E_8845954.wav,fake,la_p4fix,none,mp3-64k,mp3-64k,na,LA_0017,3.698,16000,test,LA_E_8845954_mp3-64k
data/attacks/aac-128k/LA_E_8845954.wav,fake,la_p4fix,none,aac-128k,aac-128k,na,LA_0017,3.712,16000,test,LA_E_8845954_aac-128k
data/attacks/opus-32k/LA_E_8845954.wav,fake,la_p4fix,none,opus-32k,opus-32k,na,LA_0017,3.698,16000,test,LA_E_8845954_opus-32k
data/attacks/g711-8k/LA_E_8845954.wav,fake,la_p4fix,none,g711-8k,g711-8k,na,LA_0017,3.698,16000,test,LA_E_8845954_g711-8k
data/attacks/awgn-snr5/LA_E_8845954.wav,fake,la_p4fix,none,awgn-snr5,snr5,na,LA_0017,3.698,16000,test,LA_E_8845954_awgn-snr5
data/attacks/awgn-snr10/LA_E_8845954.wav,fake,la_p4fix,none,awgn-snr10,snr10,na,LA_0017,3.698,16000,test,LA_E_8845954_awgn-snr10
data/attacks/bandpass-300-3400/LA_E_8845954.wav,fake,la_p4fix,none,bandpass-300-3400,bandpass300-3400,na,LA_0017,3.698,16000,test,LA_E_8845954_bandpass-300-3400
data/attacks/reverb-rt60-0.4/LA_E_8845954.wav,fake,la_p4fix,none,reverb-rt60-0.4,rt60-0.4,na,LA_0017,3.698,16000,test,LA_E_8845954_reverb-rt60-0.4
data/attacks/speed0.9/LA_E_8845954.wav,fake,la_p4fix,none,speed0.9,speed0.9,na,LA_0017,4.109,16000,test,LA_E_8845954_speed0.9
data/attacks/mp3-64k/LA_E_1466962.wav,fake,la_p4fix,none,mp3-64k,mp3-64k,na,LA_0037,4.253,16000,test,LA_E_1466962_mp3-64k
data/attacks/aac-128k/LA_E_1466962.wav,fake,la_p4fix,none,aac-128k,aac-128k,na,LA_0037,4.288,16000,test,LA_E_1466962_aac-128k
data/attacks/opus-32k/LA_E_1466962.wav,fake,la_p4fix,none,opus-32k,opus-32k,na,LA_0037,4.253,16000,test,LA_E_1466962_opus-32k
data/attacks/g711-8k/LA_E_1466962.wav,fake,la_p4fix,none,g711-8k,g711-8k,na,LA_0037,4.253,16000,test,LA_E_1466962_g711-8k
data/attacks/awgn-snr5/LA_E_1466962.wav,fake,la_p4fix,none,awgn-snr5,snr5,na,LA_0037,4.253,16000,test,LA_E_1466962_awgn-snr5
data/attacks/awgn-snr10/LA_E_1466962.wav,fake,la_p4fix,none,awgn-snr10,snr10,na,LA_0037,4.253,16000,test,LA_E_1466962_awgn-snr10
data/attacks/bandpass-300-3400/LA_E_1466962.wav,fake,la_p4fix,none,bandpass-300-3400,bandpass300-3400,na,LA_0037,4.253,16000,test,LA_E_1466962_bandpass-300-3400
data/attacks/reverb-rt60-0.4/LA_E_1466962.wav,fake,la_p4fix,none,reverb-rt60-0.4,rt60-0.4,na,LA_0037,4.253,16000,test,LA_E_1466962_reverb-rt60-0.4
data/attacks/speed0.9/LA_E_1466962.wav,fake,la_p4fix,none,speed0.9,speed0.9,na,LA_0037,4.726,16000,test,LA_E_1466962_speed0.9
data/attacks/mp3-64k/LA_E_4170381.wav,fake,la_p4fix,none,mp3-64k,mp3-64k,na,LA_0020,3.615,16000,test,LA_E_4170381_mp3-64k
data/attacks/aac-128k/LA_E_4170381.wav,fake,la_p4fix,none,aac-128k,aac-128k,na,LA_0020,3.648,16000,test,LA_E_4170381_aac-128k
data/attacks/opus-32k/LA_E_4170381.wav,fake,la_p4fix,none,opus-32k,opus-32k,na,LA_0020,3.615,16000,test,LA_E_4170381_opus-32k
data/attacks/g711-8k/LA_E_4170381.wav,fake,la_p4fix,none,g711-8k,g711-8k,na,LA_0020,3.615,16000,test,LA_E_4170381_g711-8k
data/attacks/awgn-snr5/LA_E_4170381.wav,fake,la_p4fix,none,awgn-snr5,snr5,na,LA_0020,3.615,16000,test,LA_E_4170381_awgn-snr5
data/attacks/awgn-snr10/LA_E_4170381.wav,fake,la_p4fix,none,awgn-snr10,snr10,na,LA_0020,3.615,16000,test,LA_E_4170381_awgn-snr10
data/attacks/bandpass-300-3400/LA_E_4170381.wav,fake,la_p4fix,none,bandpass-300-3400,bandpass300-3400,na,LA_0020,3.615,16000,test,LA_E_4170381_bandpass-300-3400
data/attacks/reverb-rt60-0.4/LA_E_4170381.wav,fake,la_p4fix,none,reverb-rt60-0.4,rt60-0.4,na,LA_0020,3.615,16000,test,LA_E_4170381_reverb-rt60-0.4
data/attacks/speed0.9/LA_E_4170381.wav,fake,la_p4fix,none,speed0.9,speed0.9,na,LA_0020,4.017,16000,test,LA_E_4170381_speed0.9
data/attacks/mp3-64k/LA_E_4133781.wav,fake,la_p4fix,none,mp3-64k,mp3-64k,na,LA_0039,4.041,16000,test,LA_E_4133781_mp3-64k
data/attacks/aac-128k/LA_E_4133781.wav,fake,la_p4fix,none,aac-128k,aac-128k,na,LA_0039,4.096,16000,test,LA_E_4133781_aac-128k
data/attacks/opus-32k/LA_E_4133781.wav,fake,la_p4fix,none,opus-32k,opus-32k,na,LA_0039,4.041,16000,test,LA_E_4133781_opus-32k
data/attacks/g711-8k/LA_E_4133781.wav,fake,la_p4fix,none,g711-8k,g711-8k,na,LA_0039,4.041,16000,test,LA_E_4133781_g711-8k
data/attacks/awgn-snr5/LA_E_4133781.wav,fake,la_p4fix,none,awgn-snr5,snr5,na,LA_0039,4.041,16000,test,LA_E_4133781_awgn-snr5
data/attacks/awgn-snr10/LA_E_4133781.wav,fake,la_p4fix,none,awgn-snr10,snr10,na,LA_0039,4.041,16000,test,LA_E_4133781_awgn-snr10
data/attacks/bandpass-300-3400/LA_E_4133781.wav,fake,la_p4fix,none,bandpass-300-3400,bandpass300-3400,na,LA_0039,4.041,16000,test,LA_E_4133781_bandpass-300-3400
data/attacks/reverb-rt60-0.4/LA_E_4133781.wav,fake,la_p4fix,none,reverb-rt60-0.4,rt60-0.4,na,LA_0039,4.041,16000,test,LA_E_4133781_reverb-rt60-0.4
data/attacks/speed0.9/LA_E_4133781.wav,fake,la_p4fix,none,speed0.9,speed0.9,na,LA_0039,4.489,16000,test,LA_E_4133781_speed0.9
data/attacks/mp3-64k/LA_E_5570998.wav,fake,la_p4fix,none,mp3-64k,mp3-64k,na,LA_0022,2.553,16000,test,LA_E_5570998_mp3-64k
data/attacks/aac-128k/LA_E_5570998.wav,fake,la_p4fix,none,aac-128k,aac-128k,na,LA_0022,2.56,16000,test,LA_E_5570998_aac-128k
data/attacks/opus-32k/LA_E_5570998.wav,fake,la_p4fix,none,opus-32k,opus-32k,na,LA_0022,2.553,16000,test,LA_E_5570998_opus-32k
data/attacks/g711-8k/LA_E_5570998.wav,fake,la_p4fix,none,g711-8k,g711-8k,na,LA_0022,2.553,16000,test,LA_E_5570998_g711-8k
data/attacks/awgn-snr5/LA_E_5570998.wav,fake,la_p4fix,none,awgn-snr5,snr5,na,LA_0022,2.553,16000,test,LA_E_5570998_awgn-snr5
data/attacks/awgn-snr10/LA_E_5570998.wav,fake,la_p4fix,none,awgn-snr10,snr10,na,LA_0022,2.553,16000,test,LA_E_5570998_awgn-snr10
data/attacks/bandpass-300-3400/LA_E_5570998.wav,fake,la_p4fix,none,bandpass-300-3400,bandpass300-3400,na,LA_0022,2.553,16000,test,LA_E_5570998_bandpass-300-3400
data/attacks/reverb-rt60-0.4/LA_E_5570998.wav,fake,la_p4fix,none,reverb-rt60-0.4,rt60-0.4,na,LA_0022,2.553,16000,test,LA_E_5570998_reverb-rt60-0.4
data/attacks/speed0.9/LA_E_5570998.wav,fake,la_p4fix,none,speed0.9,speed0.9,na,LA_0022,2.836,16000,test,LA_E_5570998_speed0.9
data/attacks/mp3-64k/LA_E_3675433.wav,fake,la_p4fix,none,mp3-64k,mp3-64k,na,LA_0016,3.103,16000,test,LA_E_3675433_mp3-64k
data/attacks/aac-128k/LA_E_3675433.wav,fake,la_p4fix,none,aac-128k,aac-128k,na,LA_0016,3.136,16000,test,LA_E_3675433_aac-128k
data/attacks/opus-32k/LA_E_3675433.wav,fake,la_p4fix,none,opus-32k,opus-32k,na,LA_0016,3.103,16000,test,LA_E_3675433_opus-32k
data/attacks/g711-8k/LA_E_3675433.wav,fake,la_p4fix,none,g711-8k,g711-8k,na,LA_0016,3.103,16000,test,LA_E_3675433_g711-8k
data/attacks/awgn-snr5/LA_E_3675433.wav,fake,la_p4fix,none,awgn-snr5,snr5,na,LA_0016,3.103,16000,test,LA_E_3675433_awgn-snr5
data/attacks/awgn-snr10/LA_E_3675433.wav,fake,la_p4fix,none,awgn-snr10,snr10,na,LA_0016,3.103,16000,test,LA_E_3675433_awgn-snr10
data/attacks/bandpass-300-3400/LA_E_3675433.wav,fake,la_p4fix,none,bandpass-300-3400,bandpass300-3400,na,LA_0016,3.103,16000,test,LA_E_3675433_bandpass-300-3400
data/attacks/reverb-rt60-0.4/LA_E_3675433.wav,fake,la_p4fix,none,reverb-rt60-0.4,rt60-0.4,na,LA_0016,3.103,16000,test,LA_E_3675433_reverb-rt60-0.4
data/attacks/speed0.9/LA_E_3675433.wav,fake,la_p4fix,none,speed0.9,speed0.9,na,LA_0016,3.448,16000,test,LA_E_3675433_speed0.9
data/attacks/mp3-64k/LA_E_7069418.wav,fake,la_p4fix,none,mp3-64k,mp3-64k,na,LA_0037,2.842,16000,test,LA_E_7069418_mp3-64k
data/attacks/aac-128k/LA_E_7069418.wav,fake,la_p4fix,none,aac-128k,aac-128k,na,LA_0037,2.88,16000,test,LA_E_7069418_aac-128k
data/attacks/opus-32k/LA_E_7069418.wav,fake,la_p4fix,none,opus-32k,opus-32k,na,LA_0037,2.842,16000,test,LA_E_7069418_opus-32k
data/attacks/g711-8k/LA_E_7069418.wav,fake,la_p4fix,none,g711-8k,g711-8k,na,LA_0037,2.842,16000,test,LA_E_7069418_g711-8k
data/attacks/awgn-snr5/LA_E_7069418.wav,fake,la_p4fix,none,awgn-snr5,snr5,na,LA_0037,2.842,16000,test,LA_E_7069418_awgn-snr5
data/attacks/awgn-snr10/LA_E_7069418.wav,fake,la_p4fix,none,awgn-snr10,snr10,na,LA_0037,2.842,16000,test,LA_E_7069418_awgn-snr10
data/attacks/bandpass-300-3400/LA_E_7069418.wav,fake,la_p4fix,none,bandpass-300-3400,bandpass300-3400,na,LA_0037,2.842,16000,test,LA_E_7069418_bandpass-300-3400
data/attacks/reverb-rt60-0.4/LA_E_7069418.wav,fake,la_p4fix,none,reverb-rt60-0.4,rt60-0.4,na,LA_0037,2.842,16000,test,LA_E_7069418_reverb-rt60-0.4
data/attacks/speed0.9/LA_E_7069418.wav,fake,la_p4fix,none,speed0.9,speed0.9,na,LA_0037,3.158,16000,test,LA_E_7069418_speed0.9
data/attacks/mp3-64k/LA_E_2134315.wav,fake,la_p4fix,none,mp3-64k,mp3-64k,na,LA_0001,2.596,16000,test,LA_E_2134315_mp3-64k
data/attacks/aac-128k/LA_E_2134315.wav,fake,la_p4fix,none,aac-128k,aac-128k,na,LA_0001,2.624,16000,test,LA_E_2134315_aac-128k
data/attacks/opus-32k/LA_E_2134315.wav,fake,la_p4fix,none,opus-32k,opus-32k,na,LA_0001,2.596,16000,test,LA_E_2134315_opus-32k
data/attacks/g711-8k/LA_E_2134315.wav,fake,la_p4fix,none,g711-8k,g711-8k,na,LA_0001,2.596,16000,test,LA_E_2134315_g711-8k
data/attacks/awgn-snr5/LA_E_2134315.wav,fake,la_p4fix,none,awgn-snr5,snr5,na,LA_0001,2.596,16000,test,LA_E_2134315_awgn-snr5
data/attacks/awgn-snr10/LA_E_2134315.wav,fake,la_p4fix,none,awgn-snr10,snr10,na,LA_0001,2.596,16000,test,LA_E_2134315_awgn-snr10
data/attacks/bandpass-300-3400/LA_E_2134315.wav,fake,la_p4fix,none,bandpass-300-3400,bandpass300-3400,na,LA_0001,2.596,16000,test,LA_E_2134315_bandpass-300-3400
data/attacks/reverb-rt60-0.4/LA_E_2134315.wav,fake,la_p4fix,none,reverb-rt60-0.4,rt60-0.4,na,LA_0001,2.596,16000,test,LA_E_2134315_reverb-rt60-0.4
data/attacks/speed0.9/LA_E_2134315.wav,fake,la_p4fix,none,speed0.9,speed0.9,na,LA_0001,2.885,16000,test,LA_E_2134315_speed0.9
data/attacks/mp3-64k/LA_E_1870403.wav,fake,la_p4fix,none,mp3-64k,mp3-64k,na,LA_0026,4.644,16000,test,LA_E_1870403_mp3-64k
data/attacks/aac-128k/LA_E_1870403.wav,fake,la_p4fix,none,aac-128k,aac-128k,na,LA_0026,4.672,16000,test,LA_E_1870403_aac-128k
data/attacks/opus-32k/LA_E_1870403.wav,fake,la_p4fix,none,opus-32k,opus-32k,na,LA_0026,4.644,16000,test,LA_E_1870403_opus-32k
data/attacks/g711-8k/LA_E_1870403.wav,fake,la_p4fix,none,g711-8k,g711-8k,na,LA_0026,4.644,16000,test,LA_E_1870403_g711-8k
data/attacks/awgn-snr5/LA_E_1870403.wav,fake,la_p4fix,none,awgn-snr5,snr5,na,LA_0026,4.644,16000,test,LA_E_1870403_awgn-snr5
data/attacks/awgn-snr10/LA_E_1870403.wav,fake,la_p4fix,none,awgn-snr10,snr10,na,LA_0026,4.644,16000,test,LA_E_1870403_awgn-snr10
data/attacks/bandpass-300-3400/LA_E_1870403.wav,fake,la_p4fix,none,bandpass-300-3400,bandpass300-3400,na,LA_0026,4.644,16000,test,LA_E_1870403_bandpass-300-3400
data/attacks/reverb-rt60-0.4/LA_E_1870403.wav,fake,la_p4fix,none,reverb-rt60-0.4,rt60-0.4,na,LA_0026,4.644,16000,test,LA_E_1870403_reverb-rt60-0.4
data/attacks/speed0.9/LA_E_1870403.wav,fake,la_p4fix,none,speed0.9,speed0.9,na,LA_0026,5.16,16000,test,LA_E_1870403_speed0.9
data/attacks/mp3-64k/LA_E_1580018.wav,fake,la_p4fix,none,mp3-64k,mp3-64k,na,LA_0020,2.283,16000,test,LA_E_1580018_mp3-64k
data/attacks/aac-128k/LA_E_1580018.wav,fake,la_p4fix,none,aac-128k,aac-128k,na,LA_0020,2.304,16000,test,LA_E_1580018_aac-128k
data/attacks/opus-32k/LA_E_1580018.wav,fake,la_p4fix,none,opus-32k,opus-32k,na,LA_0020,2.283,16000,test,LA_E_1580018_opus-32k
data/attacks/g711-8k/LA_E_1580018.wav,fake,la_p4fix,none,g711-8k,g711-8k,na,LA_0020,2.283,16000,test,LA_E_1580018_g711-8k
data/attacks/awgn-snr5/LA_E_1580018.wav,fake,la_p4fix,none,awgn-snr5,snr5,na,LA_0020,2.283,16000,test,LA_E_1580018_awgn-snr5
data/attacks/awgn-snr10/LA_E_1580018.wav,fake,la_p4fix,none,awgn-snr10,snr10,na,LA_0020,2.283,16000,test,LA_E_1580018_awgn-snr10
data/attacks/bandpass-300-3400/LA_E_1580018.wav,fake,la_p4fix,none,bandpass-300-3400,bandpass300-3400,na,LA_0020,2.283,16000,test,LA_E_1580018_bandpass-300-3400
data/attacks/reverb-rt60-0.4/LA_E_1580018.wav,fake,la_p4fix,none,reverb-rt60-0.4,rt60-0.4,na,LA_0020,2.283,16000,test,LA_E_1580018_reverb-rt60-0.4
data/attacks/speed0.9/LA_E_1580018.wav,fake,la_p4fix,none,speed0.9,speed0.9,na,LA_0020,2.537,16000,test,LA_E_1580018_speed0.9
data/attacks/mp3-64k/LA_E_3482694.wav,fake,la_p4fix,none,mp3-64k,mp3-64k,na,LA_0012,3.324,16000,test,LA_E_3482694_mp3-64k
data/attacks/aac-128k/LA_E_3482694.wav,fake,la_p4fix,none,aac-128k,aac-128k,na,LA_0012,3.328,16000,test,LA_E_3482694_aac-128k
data/attacks/opus-32k/LA_E_3482694.wav,fake,la_p4fix,none,opus-32k,opus-32k,na,LA_0012,3.324,16000,test,LA_E_3482694_opus-32k
data/attacks/g711-8k/LA_E_3482694.wav,fake,la_p4fix,none,g711-8k,g711-8k,na,LA_0012,3.324,16000,test,LA_E_3482694_g711-8k
data/attacks/awgn-snr5/LA_E_3482694.wav,fake,la_p4fix,none,awgn-snr5,snr5,na,LA_0012,3.324,16000,test,LA_E_3482694_awgn-snr5
data/attacks/awgn-snr10/LA_E_3482694.wav,fake,la_p4fix,none,awgn-snr10,snr10,na,LA_0012,3.324,16000,test,LA_E_3482694_awgn-snr10
data/attacks/bandpass-300-3400/LA_E_3482694.wav,fake,la_p4fix,none,bandpass-300-3400,bandpass300-3400,na,LA_0012,3.324,16000,test,LA_E_3482694_bandpass-300-3400
data/attacks/reverb-rt60-0.4/LA_E_3482694.wav,fake,la_p4fix,none,reverb-rt60-0.4,rt60-0.4,na,LA_0012,3.324,16000,test,LA_E_3482694_reverb-rt60-0.4
data/attacks/speed0.9/LA_E_3482694.wav,fake,la_p4fix,none,speed0.9,speed0.9,na,LA_0012,3.693,16000,test,LA_E_3482694_speed0.9
data/attacks/mp3-64k/LA_E_5024332.wav,fake,la_p4fix,none,mp3-64k,mp3-64k,na,LA_0014,5.796,16000,test,LA_E_5024332_mp3-64k
data/attacks/aac-128k/LA_E_5024332.wav,fake,la_p4fix,none,aac-128k,aac-128k,na,LA_0014,5.824,16000,test,LA_E_5024332_aac-128k
data/attacks/opus-32k/LA_E_5024332.wav,fake,la_p4fix,none,opus-32k,opus-32k,na,LA_0014,5.796,16000,test,LA_E_5024332_opus-32k
data/attacks/g711-8k/LA_E_5024332.wav,fake,la_p4fix,none,g711-8k,g711-8k,na,LA_0014,5.796,16000,test,LA_E_5024332_g711-8k
data/attacks/awgn-snr5/LA_E_5024332.wav,fake,la_p4fix,none,awgn-snr5,snr5,na,LA_0014,5.796,16000,test,LA_E_5024332_awgn-snr5
data/attacks/awgn-snr10/LA_E_5024332.wav,fake,la_p4fix,none,awgn-snr10,snr10,na,LA_0014,5.796,16000,test,LA_E_5024332_awgn-snr10
data/attacks/bandpass-300-3400/LA_E_5024332.wav,fake,la_p4fix,none,bandpass-300-3400,bandpass300-3400,na,LA_0014,5.796,16000,test,LA_E_5024332_bandpass-300-3400
data/attacks/reverb-rt60-0.4/LA_E_5024332.wav,fake,la_p4fix,none,reverb-rt60-0.4,rt60-0.4,na,LA_0014,5.796,16000,test,LA_E_5024332_reverb-rt60-0.4
data/attacks/speed0.9/LA_E_5024332.wav,fake,la_p4fix,none,speed0.9,speed0.9,na,LA_0014,6.44,16000,test,LA_E_5024332_speed0.9
data/attacks/mp3-64k/LA_E_9547825.wav,fake,la_p4fix,none,mp3-64k,mp3-64k,na,LA_0047,4.683,16000,test,LA_E_9547825_mp3-64k
data/attacks/aac-128k/LA_E_9547825.wav,fake,la_p4fix,none,aac-128k,aac-128k,na,LA_0047,4.736,16000,test,LA_E_9547825_aac-128k
data/attacks/opus-32k/LA_E_9547825.wav,fake,la_p4fix,none,opus-32k,opus-32k,na,LA_0047,4.682,16000,test,LA_E_9547825_opus-32k
data/attacks/g711-8k/LA_E_9547825.wav,fake,la_p4fix,none,g711-8k,g711-8k,na,LA_0047,4.682,16000,test,LA_E_9547825_g711-8k
data/attacks/awgn-snr5/LA_E_9547825.wav,fake,la_p4fix,none,awgn-snr5,snr5,na,LA_0047,4.682,16000,test,LA_E_9547825_awgn-snr5
data/attacks/awgn-snr10/LA_E_9547825.wav,fake,la_p4fix,none,awgn-snr10,snr10,na,LA_0047,4.682,16000,test,LA_E_9547825_awgn-snr10
data/attacks/bandpass-300-3400/LA_E_9547825.wav,fake,la_p4fix,none,bandpass-300-3400,bandpass300-3400,na,LA_0047,4.682,16000,test,LA_E_9547825_bandpass-300-3400
data/attacks/reverb-rt60-0.4/LA_E_9547825.wav,fake,la_p4fix,none,reverb-rt60-0.4,rt60-0.4,na,LA_0047,4.682,16000,test,LA_E_9547825_reverb-rt60-0.4
data/attacks/speed0.9/LA_E_9547825.wav,fake,la_p4fix,none,speed0.9,speed0.9,na,LA_0047,5.202,16000,test,LA_E_9547825_speed0.9
data/attacks/mp3-64k/LA_E_2381589.wav,fake,la_p4fix,none,mp3-64k,mp3-64k,na,LA_0003,4.215,16000,test,LA_E_2381589_mp3-64k
data/attacks/aac-128k/LA_E_2381589.wav,fake,la_p4fix,none,aac-128k,aac-128k,na,LA_0003,4.224,16000,test,LA_E_2381589_aac-128k
data/attacks/opus-32k/LA_E_2381589.wav,fake,la_p4fix,none,opus-32k,opus-32k,na,LA_0003,4.215,16000,test,LA_E_2381589_opus-32k
data/attacks/g711-8k/LA_E_2381589.wav,fake,la_p4fix,none,g711-8k,g711-8k,na,LA_0003,4.215,16000,test,LA_E_2381589_g711-8k
data/attacks/awgn-snr5/LA_E_2381589.wav,fake,la_p4fix,none,awgn-snr5,snr5,na,LA_0003,4.215,16000,test,LA_E_2381589_awgn-snr5
data/attacks/awgn-snr10/LA_E_2381589.wav,fake,la_p4fix,none,awgn-snr10,snr10,na,LA_0003,4.215,16000,test,LA_E_2381589_awgn-snr10
data/attacks/bandpass-300-3400/LA_E_2381589.wav,fake,la_p4fix,none,bandpass-300-3400,bandpass300-3400,na,LA_0003,4.215,16000,test,LA_E_2381589_bandpass-300-3400
data/attacks/reverb-rt60-0.4/LA_E_2381589.wav,fake,la_p4fix,none,reverb-rt60-0.4,rt60-0.4,na,LA_0003,4.215,16000,test,LA_E_2381589_reverb-rt60-0.4
data/attacks/speed0.9/LA_E_2381589.wav,fake,la_p4fix,none,speed0.9,speed0.9,na,LA_0003,4.683,16000,test,LA_E_2381589_speed0.9
data/attacks/mp3-64k/LA_E_8064700.wav,fake,la_p4fix,none,mp3-64k,mp3-64k,na,LA_0027,3.193,16000,test,LA_E_8064700_mp3-64k
data/attacks/aac-128k/LA_E_8064700.wav,fake,la_p4fix,none,aac-128k,aac-128k,na,LA_0027,3.2,16000,test,LA_E_8064700_aac-128k
data/attacks/opus-32k/LA_E_8064700.wav,fake,la_p4fix,none,opus-32k,opus-32k,na,LA_0027,3.193,16000,test,LA_E_8064700_opus-32k
data/attacks/g711-8k/LA_E_8064700.wav,fake,la_p4fix,none,g711-8k,g711-8k,na,LA_0027,3.193,16000,test,LA_E_8064700_g711-8k
data/attacks/awgn-snr5/LA_E_8064700.wav,fake,la_p4fix,none,awgn-snr5,snr5,na,LA_0027,3.193,16000,test,LA_E_8064700_awgn-snr5
data/attacks/awgn-snr10/LA_E_8064700.wav,fake,la_p4fix,none,awgn-snr10,snr10,na,LA_0027,3.193,16000,test,LA_E_8064700_awgn-snr10
data/attacks/bandpass-300-3400/LA_E_8064700.wav,fake,la_p4fix,none,bandpass-300-3400,bandpass300-3400,na,LA_0027,3.193,16000,test,LA_E_8064700_bandpass-300-3400
data/attacks/reverb-rt60-0.4/LA_E_8064700.wav,fake,la_p4fix,none,reverb-rt60-0.4,rt60-0.4,na,LA_0027,3.193,16000,test,LA_E_8064700_reverb-rt60-0.4
data/attacks/speed0.9/LA_E_8064700.wav,fake,la_p4fix,none,speed0.9,speed0.9,na,LA_0027,3.548,16000,test,LA_E_8064700_speed0.9
data/attacks/mp3-64k/LA_E_7256174.wav,fake,la_p4fix,none,mp3-64k,mp3-64k,na,LA_0033,2.043,16000,test,LA_E_7256174_mp3-64k
data/attacks/aac-128k/LA_E_7256174.wav,fake,la_p4fix,none,aac-128k,aac-128k,na,LA_0033,2.048,16000,test,LA_E_7256174_aac-128k
data/attacks/opus-32k/LA_E_7256174.wav,fake,la_p4fix,none,opus-32k,opus-32k,na,LA_0033,2.043,16000,test,LA_E_7256174_opus-32k
data/attacks/g711-8k/LA_E_7256174.wav,fake,la_p4fix,none,g711-8k,g711-8k,na,LA_0033,2.043,16000,test,LA_E_7256174_g711-8k
data/attacks/awgn-snr5/LA_E_7256174.wav,fake,la_p4fix,none,awgn-snr5,snr5,na,LA_0033,2.043,16000,test,LA_E_7256174_awgn-snr5
data/attacks/awgn-snr10/LA_E_7256174.wav,fake,la_p4fix,none,awgn-snr10,snr10,na,LA_0033,2.043,16000,test,LA_E_7256174_awgn-snr10
data/attacks/bandpass-300-3400/LA_E_7256174.wav,fake,la_p4fix,none,bandpass-300-3400,bandpass300-3400,na,LA_0033,2.043,16000,test,LA_E_7256174_bandpass-300-3400
data/attacks/reverb-rt60-0.4/LA_E_7256174.wav,fake,la_p4fix,none,reverb-rt60-0.4,rt60-0.4,na,LA_0033,2.043,16000,test,LA_E_7256174_reverb-rt60-0.4
data/attacks/speed0.9/LA_E_7256174.wav,fake,la_p4fix,none,speed0.9,speed0.9,na,LA_0033,2.27,16000,test,LA_E_7256174_speed0.9
data/attacks/mp3-64k/LA_E_1432875.wav,fake,la_p4fix,none,mp3-64k,mp3-64k,na,LA_0028,5.076,16000,test,LA_E_1432875_mp3-64k
data/attacks/aac-128k/LA_E_1432875.wav,fake,la_p4fix,none,aac-128k,aac-128k,na,LA_0028,5.12,16000,test,LA_E_1432875_aac-128k
data/attacks/opus-32k/LA_E_1432875.wav,fake,la_p4fix,none,opus-32k,opus-32k,na,LA_0028,5.076,16000,test,LA_E_1432875_opus-32k
data/attacks/g711-8k/LA_E_1432875.wav,fake,la_p4fix,none,g711-8k,g711-8k,na,LA_0028,5.076,16000,test,LA_E_1432875_g711-8k
data/attacks/awgn-snr5/LA_E_1432875.wav,fake,la_p4fix,none,awgn-snr5,snr5,na,LA_0028,5.076,16000,test,LA_E_1432875_awgn-snr5
data/attacks/awgn-snr10/LA_E_1432875.wav,fake,la_p4fix,none,awgn-snr10,snr10,na,LA_0028,5.076,16000,test,LA_E_1432875_awgn-snr10
data/attacks/bandpass-300-3400/LA_E_1432875.wav,fake,la_p4fix,none,bandpass-300-3400,bandpass300-3400,na,LA_0028,5.076,16000,test,LA_E_1432875_bandpass-300-3400
data/attacks/reverb-rt60-0.4/LA_E_1432875.wav,fake,la_p4fix,none,reverb-rt60-0.4,rt60-0.4,na,LA_0028,5.076,16000,test,LA_E_1432875_reverb-rt60-0.4
data/attacks/speed0.9/LA_E_1432875.wav,fake,la_p4fix,none,speed0.9,speed0.9,na,LA_0028,5.64,16000,test,LA_E_1432875_speed0.9
