utt_id,audio_path,label,source,clone_model,attack_type,attack_params,text,text_source,prompt_utt_id,speaker_id,sample_rate,duration,split,sha256
librispeech-test-00172_mp3-128k,data/attacks/mp3-128k/librispeech-test-00172.wav,real,real_attack,none,mp3-128k,mp3-128k,THE NARRATIVE IT MAY BE IS WOVEN OF SO HUMBLE A TEXTURE AS TO REQUIRE THIS ADVANTAGE AND AT THE SAME TIME TO RENDER IT THE MORE DIFFICULT OF ATTAINMENT,na,na,2086,16000,9.81,test,na
librispeech-test-00172_mp3-64k,data/attacks/mp3-64k/librispeech-test-00172.wav,real,real_attack,none,mp3-64k,mp3-64k,THE NARRATIVE IT MAY BE IS WOVEN OF SO HUMBLE A TEXTURE AS TO REQUIRE THIS ADVANTAGE AND AT THE SAME TIME TO RENDER IT THE MORE DIFFICULT OF ATTAINMENT,na,na,2086,16000,9.81,test,na
librispeech-test-00172_aac-128k,data/attacks/aac-128k/librispeech-test-00172.wav,real,real_attack,none,aac-128k,aac-128k,THE NARRATIVE IT MAY BE IS WOVEN OF SO HUMBLE A TEXTURE AS TO REQUIRE THIS ADVANTAGE AND AT THE SAME TIME TO RENDER IT THE MORE DIFFICULT OF ATTAINMENT,na,na,2086,16000,9.856,test,na
librispeech-test-00172_opus-32k,data/attacks/opus-32k/librispeech-test-00172.wav,real,real_attack,none,opus-32k,opus-32k,THE NARRATIVE IT MAY BE IS WOVEN OF SO HUMBLE A TEXTURE AS TO REQUIRE THIS ADVANTAGE AND AT THE SAME TIME TO RENDER IT THE MORE DIFFICULT OF ATTAINMENT,na,na,2086,16000,9.81,test,na
librispeech-test-00172_g711-8k,data/attacks/g711-8k/librispeech-test-00172.wav,real,real_attack,none,g711-8k,g711-8k,THE NARRATIVE IT MAY BE IS WOVEN OF SO HUMBLE A TEXTURE AS TO REQUIRE THIS ADVANTAGE AND AT THE SAME TIME TO RENDER IT THE MORE DIFFICULT OF ATTAINMENT,na,na,2086,16000,9.81,test,na
librispeech-test-00172_resample-8k,data/attacks/resample-8k/librispeech-test-00172.wav,real,real_attack,none,resample-8k,8k-roundtrip,THE NARRATIVE IT MAY BE IS WOVEN OF SO HUMBLE A TEXTURE AS TO REQUIRE THIS ADVANTAGE AND AT THE SAME TIME TO RENDER IT THE MORE DIFFICULT OF ATTAINMENT,na,na,2086,16000,9.81,test,na
librispeech-test-00172_awgn-snr5,data/attacks/awgn-snr5/librispeech-test-00172.wav,real,real_attack,none,awgn-snr5,snr5,THE NARRATIVE IT MAY BE IS WOVEN OF SO HUMBLE A TEXTURE AS TO REQUIRE THIS ADVANTAGE AND AT THE SAME TIME TO RENDER IT THE MORE DIFFICULT OF ATTAINMENT,na,na,2086,16000,9.81,test,na
librispeech-test-00172_awgn-snr10,data/attacks/awgn-snr10/librispeech-test-00172.wav,real,real_attack,none,awgn-snr10,snr10,THE NARRATIVE IT MAY BE IS WOVEN OF SO HUMBLE A TEXTURE AS TO REQUIRE THIS ADVANTAGE AND AT THE SAME TIME TO RENDER IT THE MORE DIFFICULT OF ATTAINMENT,na,na,2086,16000,9.81,test,na
librispeech-test-00172_awgn-snr20,data/attacks/awgn-snr20/librispeech-test-00172.wav,real,real_attack,none,awgn-snr20,snr20,THE NARRATIVE IT MAY BE IS WOVEN OF SO HUMBLE A TEXTURE AS TO REQUIRE THIS ADVANTAGE AND AT THE SAME TIME TO RENDER IT THE MORE DIFFICULT OF ATTAINMENT,na,na,2086,16000,9.81,test,na
librispeech-test-00172_bandpass-300-3400,data/attacks/bandpass-300-3400/librispeech-test-00172.wav,real,real_attack,none,bandpass-300-3400,bandpass300-3400,THE NARRATIVE IT MAY BE IS WOVEN OF SO HUMBLE A TEXTURE AS TO REQUIRE THIS ADVANTAGE AND AT THE SAME TIME TO RENDER IT THE MORE DIFFICULT OF ATTAINMENT,na,na,2086,16000,9.81,test,na
librispeech-test-00172_reverb-rt60-0.2,data/attacks/reverb-rt60-0.2/librispeech-test-00172.wav,real,real_attack,none,reverb-rt60-0.2,rt60-0.2,THE NARRATIVE IT MAY BE IS WOVEN OF SO HUMBLE A TEXTURE AS TO REQUIRE THIS ADVANTAGE AND AT THE SAME TIME TO RENDER IT THE MORE DIFFICULT OF ATTAINMENT,na,na,2086,16000,9.81,test,na
librispeech-test-00172_reverb-rt60-0.4,data/attacks/reverb-rt60-0.4/librispeech-test-00172.wav,real,real_attack,none,reverb-rt60-0.4,rt60-0.4,THE NARRATIVE IT MAY BE IS WOVEN OF SO HUMBLE A TEXTURE AS TO REQUIRE THIS ADVANTAGE AND AT THE SAME TIME TO RENDER IT THE MORE DIFFICULT OF ATTAINMENT,na,na,2086,16000,9.81,test,na
librispeech-test-00172_reverb-rt60-0.8,data/attacks/reverb-rt60-0.8/librispeech-test-00172.wav,real,real_attack,none,reverb-rt60-0.8,rt60-0.8,THE NARRATIVE IT MAY BE IS WOVEN OF SO HUMBLE A TEXTURE AS TO REQUIRE THIS ADVANTAGE AND AT THE SAME TIME TO RENDER IT THE MORE DIFFICULT OF ATTAINMENT,na,na,2086,16000,9.81,test,na
librispeech-test-00172_speed0.9,data/attacks/speed0.9/librispeech-test-00172.wav,real,real_attack,none,speed0.9,speed0.9,THE NARRATIVE IT MAY BE IS WOVEN OF SO HUMBLE A TEXTURE AS TO REQUIRE THIS ADVANTAGE AND AT THE SAME TIME TO RENDER IT THE MORE DIFFICULT OF ATTAINMENT,na,na,2086,16000,10.9,test,na
librispeech-test-00172_speed1.1,data/attacks/speed1.1/librispeech-test-00172.wav,real,real_attack,none,speed1.1,speed1.1,THE NARRATIVE IT MAY BE IS WOVEN OF SO HUMBLE A TEXTURE AS TO REQUIRE THIS ADVANTAGE AND AT THE SAME TIME TO RENDER IT THE MORE DIFFICULT OF ATTAINMENT,na,na,2086,16000,8.918,test,na
librispeech-test-00173_mp3-128k,data/attacks/mp3-128k/librispeech-test-00173.wav,real,real_attack,none,mp3-128k,mp3-128k,IN GOOD FAITH HOWEVER HE IS NOT SUFFICIENTLY IMAGINATIVE TO FLATTER HIMSELF WITH THE SLIGHTEST HOPE OF THIS KIND,na,na,2086,16000,6.97,test,na
librispeech-test-00173_mp3-64k,data/attacks/mp3-64k/librispeech-test-00173.wav,real,real_attack,none,mp3-64k,mp3-64k,IN GOOD FAITH HOWEVER HE IS NOT SUFFICIENTLY IMAGINATIVE TO FLATTER HIMSELF WITH THE SLIGHTEST HOPE OF THIS KIND,na,na,2086,16000,6.97,test,na
librispeech-test-00173_aac-128k,data/attacks/aac-128k/librispeech-test-00173.wav,real,real_attack,none,aac-128k,aac-128k,IN GOOD FAITH HOWEVER HE IS NOT SUFFICIENTLY IMAGINATIVE TO FLATTER HIMSELF WITH THE SLIGHTEST HOPE OF THIS KIND,na,na,2086,16000,6.976,test,na
librispeech-test-00173_opus-32k,data/attacks/opus-32k/librispeech-test-00173.wav,real,real_attack,none,opus-32k,opus-32k,IN GOOD FAITH HOWEVER HE IS NOT SUFFICIENTLY IMAGINATIVE TO FLATTER HIMSELF WITH THE SLIGHTEST HOPE OF THIS KIND,na,na,2086,16000,6.97,test,na
librispeech-test-00173_g711-8k,data/attacks/g711-8k/librispeech-test-00173.wav,real,real_attack,none,g711-8k,g711-8k,IN GOOD FAITH HOWEVER HE IS NOT SUFFICIENTLY IMAGINATIVE TO FLATTER HIMSELF WITH THE SLIGHTEST HOPE OF THIS KIND,na,na,2086,16000,6.97,test,na
librispeech-test-00173_resample-8k,data/attacks/resample-8k/librispeech-test-00173.wav,real,real_attack,none,resample-8k,8k-roundtrip,IN GOOD FAITH HOWEVER HE IS NOT SUFFICIENTLY IMAGINATIVE TO FLATTER HIMSELF WITH THE SLIGHTEST HOPE OF THIS KIND,na,na,2086,16000,6.97,test,na
librispeech-test-00173_awgn-snr5,data/attacks/awgn-snr5/librispeech-test-00173.wav,real,real_attack,none,awgn-snr5,snr5,IN GOOD FAITH HOWEVER HE IS NOT SUFFICIENTLY IMAGINATIVE TO FLATTER HIMSELF WITH THE SLIGHTEST HOPE OF THIS KIND,na,na,2086,16000,6.97,test,na
librispeech-test-00173_awgn-snr10,data/attacks/awgn-snr10/librispeech-test-00173.wav,real,real_attack,none,awgn-snr10,snr10,IN GOOD FAITH HOWEVER HE IS NOT SUFFICIENTLY IMAGINATIVE TO FLATTER HIMSELF WITH THE SLIGHTEST HOPE OF THIS KIND,na,na,2086,16000,6.97,test,na
librispeech-test-00173_awgn-snr20,data/attacks/awgn-snr20/librispeech-test-00173.wav,real,real_attack,none,awgn-snr20,snr20,IN GOOD FAITH HOWEVER HE IS NOT SUFFICIENTLY IMAGINATIVE TO FLATTER HIMSELF WITH THE SLIGHTEST HOPE OF THIS KIND,na,na,2086,16000,6.97,test,na
librispeech-test-00173_bandpass-300-3400,data/attacks/bandpass-300-3400/librispeech-test-00173.wav,real,real_attack,none,bandpass-300-3400,bandpass300-3400,IN GOOD FAITH HOWEVER HE IS NOT SUFFICIENTLY IMAGINATIVE TO FLATTER HIMSELF WITH THE SLIGHTEST HOPE OF THIS KIND,na,na,2086,16000,6.97,test,na
librispeech-test-00173_reverb-rt60-0.2,data/attacks/reverb-rt60-0.2/librispeech-test-00173.wav,real,real_attack,none,reverb-rt60-0.2,rt60-0.2,IN GOOD FAITH HOWEVER HE IS NOT SUFFICIENTLY IMAGINATIVE TO FLATTER HIMSELF WITH THE SLIGHTEST HOPE OF THIS KIND,na,na,2086,16000,6.97,test,na
librispeech-test-00173_reverb-rt60-0.4,data/attacks/reverb-rt60-0.4/librispeech-test-00173.wav,real,real_attack,none,reverb-rt60-0.4,rt60-0.4,IN GOOD FAITH HOWEVER HE IS NOT SUFFICIENTLY IMAGINATIVE TO FLATTER HIMSELF WITH THE SLIGHTEST HOPE OF THIS KIND,na,na,2086,16000,6.97,test,na
librispeech-test-00173_reverb-rt60-0.8,data/attacks/reverb-rt60-0.8/librispeech-test-00173.wav,real,real_attack,none,reverb-rt60-0.8,rt60-0.8,IN GOOD FAITH HOWEVER HE IS NOT SUFFICIENTLY IMAGINATIVE TO FLATTER HIMSELF WITH THE SLIGHTEST HOPE OF THIS KIND,na,na,2086,16000,6.97,test,na
librispeech-test-00173_speed0.9,data/attacks/speed0.9/librispeech-test-00173.wav,real,real_attack,none,speed0.9,speed0.9,IN GOOD FAITH HOWEVER HE IS NOT SUFFICIENTLY IMAGINATIVE TO FLATTER HIMSELF WITH THE SLIGHTEST HOPE OF THIS KIND,na,na,2086,16000,7.744,test,na
librispeech-test-00173_speed1.1,data/attacks/speed1.1/librispeech-test-00173.wav,real,real_attack,none,speed1.1,speed1.1,IN GOOD FAITH HOWEVER HE IS NOT SUFFICIENTLY IMAGINATIVE TO FLATTER HIMSELF WITH THE SLIGHTEST HOPE OF THIS KIND,na,na,2086,16000,6.336,test,na
librispeech-test-00174_mp3-128k,data/attacks/mp3-128k/librispeech-test-00174.wav,real,real_attack,none,mp3-128k,mp3-128k,THE AUTHOR HAS CONSIDERED IT HARDLY WORTH HIS WHILE THEREFORE RELENTLESSLY TO IMPALE THE STORY WITH ITS MORAL AS WITH AN IRON ROD OR RATHER AS BY STICKING A PIN THROUGH A BUTTERFLY THUS AT ONCE DEPRIVING IT OF LIFE AND CAUSING IT TO STIFFEN IN AN UNGAINLY AND UNNATURAL ATTITUDE,na,na,2086,16000,16.745,test,na
librispeech-test-00174_mp3-64k,data/attacks/mp3-64k/librispeech-test-00174.wav,real,real_attack,none,mp3-64k,mp3-64k,THE AUTHOR HAS CONSIDERED IT HARDLY WORTH HIS WHILE THEREFORE RELENTLESSLY TO IMPALE THE STORY WITH ITS MORAL AS WITH AN IRON ROD OR RATHER AS BY STICKING A PIN THROUGH A BUTTERFLY THUS AT ONCE DEPRIVING IT OF LIFE AND CAUSING IT TO STIFFEN IN AN UNGAINLY AND UNNATURAL ATTITUDE,na,na,2086,16000,16.745,test,na
librispeech-test-00174_aac-128k,data/attacks/aac-128k/librispeech-test-00174.wav,real,real_attack,none,aac-128k,aac-128k,THE AUTHOR HAS CONSIDERED IT HARDLY WORTH HIS WHILE THEREFORE RELENTLESSLY TO IMPALE THE STORY WITH ITS MORAL AS WITH AN IRON ROD OR RATHER AS BY STICKING A PIN THROUGH A BUTTERFLY THUS AT ONCE DEPRIVING IT OF LIFE AND CAUSING IT TO STIFFEN IN AN UNGAINLY AND UNNATURAL ATTITUDE,na,na,2086,16000,16.768,test,na
librispeech-test-00174_opus-32k,data/attacks/opus-32k/librispeech-test-00174.wav,real,real_attack,none,opus-32k,opus-32k,THE AUTHOR HAS CONSIDERED IT HARDLY WORTH HIS WHILE THEREFORE RELENTLESSLY TO IMPALE THE STORY WITH ITS MORAL AS WITH AN IRON ROD OR RATHER AS BY STICKING A PIN THROUGH A BUTTERFLY THUS AT ONCE DEPRIVING IT OF LIFE AND CAUSING IT TO STIFFEN IN AN UNGAINLY AND UNNATURAL ATTITUDE,na,na,2086,16000,16.745,test,na
librispeech-test-00174_g711-8k,data/attacks/g711-8k/librispeech-test-00174.wav,real,real_attack,none,g711-8k,g711-8k,THE AUTHOR HAS CONSIDERED IT HARDLY WORTH HIS WHILE THEREFORE RELENTLESSLY TO IMPALE THE STORY WITH ITS MORAL AS WITH AN IRON ROD OR RATHER AS BY STICKING A PIN THROUGH A BUTTERFLY THUS AT ONCE DEPRIVING IT OF LIFE AND CAUSING IT TO STIFFEN IN AN UNGAINLY AND UNNATURAL ATTITUDE,na,na,2086,16000,16.745,test,na
librispeech-test-00174_resample-8k,data/attacks/resample-8k/librispeech-test-00174.wav,real,real_attack,none,resample-8k,8k-roundtrip,THE AUTHOR HAS CONSIDERED IT HARDLY WORTH HIS WHILE THEREFORE RELENTLESSLY TO IMPALE THE STORY WITH ITS MORAL AS WITH AN IRON ROD OR RATHER AS BY STICKING A PIN THROUGH A BUTTERFLY THUS AT ONCE DEPRIVING IT OF LIFE AND CAUSING IT TO STIFFEN IN AN UNGAINLY AND UNNATURAL ATTITUDE,na,na,2086,16000,16.745,test,na
librispeech-test-00174_awgn-snr5,data/attacks/awgn-snr5/librispeech-test-00174.wav,real,real_attack,none,awgn-snr5,snr5,THE AUTHOR HAS CONSIDERED IT HARDLY WORTH HIS WHILE THEREFORE RELENTLESSLY TO IMPALE THE STORY WITH ITS MORAL AS WITH AN IRON ROD OR RATHER AS BY STICKING A PIN THROUGH A BUTTERFLY THUS AT ONCE DEPRIVING IT OF LIFE AND CAUSING IT TO STIFFEN IN AN UNGAINLY AND UNNATURAL ATTITUDE,na,na,2086,16000,16.745,test,na
librispeech-test-00174_awgn-snr10,data/attacks/awgn-snr10/librispeech-test-00174.wav,real,real_attack,none,awgn-snr10,snr10,THE AUTHOR HAS CONSIDERED IT HARDLY WORTH HIS WHILE THEREFORE RELENTLESSLY TO IMPALE THE STORY WITH ITS MORAL AS WITH AN IRON ROD OR RATHER AS BY STICKING A PIN THROUGH A BUTTERFLY THUS AT ONCE DEPRIVING IT OF LIFE AND CAUSING IT TO STIFFEN IN AN UNGAINLY AND UNNATURAL ATTITUDE,na,na,2086,16000,16.745,test,na
librispeech-test-00174_awgn-snr20,data/attacks/awgn-snr20/librispeech-test-00174.wav,real,real_attack,none,awgn-snr20,snr20,THE AUTHOR HAS CONSIDERED IT HARDLY WORTH HIS WHILE THEREFORE RELENTLESSLY TO IMPALE THE STORY WITH ITS MORAL AS WITH AN IRON ROD OR RATHER AS BY STICKING A PIN THROUGH A BUTTERFLY THUS AT ONCE DEPRIVING IT OF LIFE AND CAUSING IT TO STIFFEN IN AN UNGAINLY AND UNNATURAL ATTITUDE,na,na,2086,16000,16.745,test,na
librispeech-test-00174_bandpass-300-3400,data/attacks/bandpass-300-3400/librispeech-test-00174.wav,real,real_attack,none,bandpass-300-3400,bandpass300-3400,THE AUTHOR HAS CONSIDERED IT HARDLY WORTH HIS WHILE THEREFORE RELENTLESSLY TO IMPALE THE STORY WITH ITS MORAL AS WITH AN IRON ROD OR RATHER AS BY STICKING A PIN THROUGH A BUTTERFLY THUS AT ONCE DEPRIVING IT OF LIFE AND CAUSING IT TO STIFFEN IN AN UNGAINLY AND UNNATURAL ATTITUDE,na,na,2086,16000,16.745,test,na
librispeech-test-00174_reverb-rt60-0.2,data/attacks/reverb-rt60-0.2/librispeech-test-00174.wav,real,real_attack,none,reverb-rt60-0.2,rt60-0.2,THE AUTHOR HAS CONSIDERED IT HARDLY WORTH HIS WHILE THEREFORE RELENTLESSLY TO IMPALE THE STORY WITH ITS MORAL AS WITH AN IRON ROD OR RATHER AS BY STICKING A PIN THROUGH A BUTTERFLY THUS AT ONCE DEPRIVING IT OF LIFE AND CAUSING IT TO STIFFEN IN AN UNGAINLY AND UNNATURAL ATTITUDE,na,na,2086,16000,16.745,test,na
librispeech-test-00174_reverb-rt60-0.4,data/attacks/reverb-rt60-0.4/librispeech-test-00174.wav,real,real_attack,none,reverb-rt60-0.4,rt60-0.4,THE AUTHOR HAS CONSIDERED IT HARDLY WORTH HIS WHILE THEREFORE RELENTLESSLY TO IMPALE THE STORY WITH ITS MORAL AS WITH AN IRON ROD OR RATHER AS BY STICKING A PIN THROUGH A BUTTERFLY THUS AT ONCE DEPRIVING IT OF LIFE AND CAUSING IT TO STIFFEN IN AN UNGAINLY AND UNNATURAL ATTITUDE,na,na,2086,16000,16.745,test,na
librispeech-test-00174_reverb-rt60-0.8,data/attacks/reverb-rt60-0.8/librispeech-test-00174.wav,real,real_attack,none,reverb-rt60-0.8,rt60-0.8,THE AUTHOR HAS CONSIDERED IT HARDLY WORTH HIS WHILE THEREFORE RELENTLESSLY TO IMPALE THE STORY WITH ITS MORAL AS WITH AN IRON ROD OR RATHER AS BY STICKING A PIN THROUGH A BUTTERFLY THUS AT ONCE DEPRIVING IT OF LIFE AND CAUSING IT TO STIFFEN IN AN UNGAINLY AND UNNATURAL ATTITUDE,na,na,2086,16000,16.745,test,na
librispeech-test-00174_speed0.9,data/attacks/speed0.9/librispeech-test-00174.wav,real,real_attack,none,speed0.9,speed0.9,THE AUTHOR HAS CONSIDERED IT HARDLY WORTH HIS WHILE THEREFORE RELENTLESSLY TO IMPALE THE STORY WITH ITS MORAL AS WITH AN IRON ROD OR RATHER AS BY STICKING A PIN THROUGH A BUTTERFLY THUS AT ONCE DEPRIVING IT OF LIFE AND CAUSING IT TO STIFFEN IN AN UNGAINLY AND UNNATURAL ATTITUDE,na,na,2086,16000,18.606,test,na
librispeech-test-00174_speed1.1,data/attacks/speed1.1/librispeech-test-00174.wav,real,real_attack,none,speed1.1,speed1.1,THE AUTHOR HAS CONSIDERED IT HARDLY WORTH HIS WHILE THEREFORE RELENTLESSLY TO IMPALE THE STORY WITH ITS MORAL AS WITH AN IRON ROD OR RATHER AS BY STICKING A PIN THROUGH A BUTTERFLY THUS AT ONCE DEPRIVING IT OF LIFE AND CAUSING IT TO STIFFEN IN AN UNGAINLY AND UNNATURAL ATTITUDE,na,na,2086,16000,15.223,test,na
librispeech-test-00175_mp3-128k,data/attacks/mp3-128k/librispeech-test-00175.wav,real,real_attack,none,mp3-128k,mp3-128k,IF PERMITTED BY THE HISTORICAL CONNECTION WHICH THOUGH SLIGHT WAS ESSENTIAL TO HIS PLAN THE AUTHOR WOULD VERY WILLINGLY HAVE AVOIDED ANYTHING OF THIS NATURE,na,na,2086,16000,8.995,test,na
librispeech-test-00175_mp3-64k,data/attacks/mp3-64k/librispeech-test-00175.wav,real,real_attack,none,mp3-64k,mp3-64k,IF PERMITTED BY THE HISTORICAL CONNECTION WHICH THOUGH SLIGHT WAS ESSENTIAL TO HIS PLAN THE AUTHOR WOULD VERY WILLINGLY HAVE AVOIDED ANYTHING OF THIS NATURE,na,na,2086,16000,8.995,test,na
librispeech-test-00175_aac-128k,data/attacks/aac-128k/librispeech-test-00175.wav,real,real_attack,none,aac-128k,aac-128k,IF PERMITTED BY THE HISTORICAL CONNECTION WHICH THOUGH SLIGHT WAS ESSENTIAL TO HIS PLAN THE AUTHOR WOULD VERY WILLINGLY HAVE AVOIDED ANYTHING OF THIS NATURE,na,na,2086,16000,9.024,test,na
librispeech-test-00175_opus-32k,data/attacks/opus-32k/librispeech-test-00175.wav,real,real_attack,none,opus-32k,opus-32k,IF PERMITTED BY THE HISTORICAL CONNECTION WHICH THOUGH SLIGHT WAS ESSENTIAL TO HIS PLAN THE AUTHOR WOULD VERY WILLINGLY HAVE AVOIDED ANYTHING OF THIS NATURE,na,na,2086,16000,8.995,test,na
librispeech-test-00175_g711-8k,data/attacks/g711-8k/librispeech-test-00175.wav,real,real_attack,none,g711-8k,g711-8k,IF PERMITTED BY THE HISTORICAL CONNECTION WHICH THOUGH SLIGHT WAS ESSENTIAL TO HIS PLAN THE AUTHOR WOULD VERY WILLINGLY HAVE AVOIDED ANYTHING OF THIS NATURE,na,na,2086,16000,8.995,test,na
librispeech-test-00175_resample-8k,data/attacks/resample-8k/librispeech-test-00175.wav,real,real_attack,none,resample-8k,8k-roundtrip,IF PERMITTED BY THE HISTORICAL CONNECTION WHICH THOUGH SLIGHT WAS ESSENTIAL TO HIS PLAN THE AUTHOR WOULD VERY WILLINGLY HAVE AVOIDED ANYTHING OF THIS NATURE,na,na,2086,16000,8.995,test,na
librispeech-test-00175_awgn-snr5,data/attacks/awgn-snr5/librispeech-test-00175.wav,real,real_attack,none,awgn-snr5,snr5,IF PERMITTED BY THE HISTORICAL CONNECTION WHICH THOUGH SLIGHT WAS ESSENTIAL TO HIS PLAN THE AUTHOR WOULD VERY WILLINGLY HAVE AVOIDED ANYTHING OF THIS NATURE,na,na,2086,16000,8.995,test,na
librispeech-test-00175_awgn-snr10,data/attacks/awgn-snr10/librispeech-test-00175.wav,real,real_attack,none,awgn-snr10,snr10,IF PERMITTED BY THE HISTORICAL CONNECTION WHICH THOUGH SLIGHT WAS ESSENTIAL TO HIS PLAN THE AUTHOR WOULD VERY WILLINGLY HAVE AVOIDED ANYTHING OF THIS NATURE,na,na,2086,16000,8.995,test,na
librispeech-test-00175_awgn-snr20,data/attacks/awgn-snr20/librispeech-test-00175.wav,real,real_attack,none,awgn-snr20,snr20,IF PERMITTED BY THE HISTORICAL CONNECTION WHICH THOUGH SLIGHT WAS ESSENTIAL TO HIS PLAN THE AUTHOR WOULD VERY WILLINGLY HAVE AVOIDED ANYTHING OF THIS NATURE,na,na,2086,16000,8.995,test,na
librispeech-test-00175_bandpass-300-3400,data/attacks/bandpass-300-3400/librispeech-test-00175.wav,real,real_attack,none,bandpass-300-3400,bandpass300-3400,IF PERMITTED BY THE HISTORICAL CONNECTION WHICH THOUGH SLIGHT WAS ESSENTIAL TO HIS PLAN THE AUTHOR WOULD VERY WILLINGLY HAVE AVOIDED ANYTHING OF THIS NATURE,na,na,2086,16000,8.995,test,na
librispeech-test-00175_reverb-rt60-0.2,data/attacks/reverb-rt60-0.2/librispeech-test-00175.wav,real,real_attack,none,reverb-rt60-0.2,rt60-0.2,IF PERMITTED BY THE HISTORICAL CONNECTION WHICH THOUGH SLIGHT WAS ESSENTIAL TO HIS PLAN THE AUTHOR WOULD VERY WILLINGLY HAVE AVOIDED ANYTHING OF THIS NATURE,na,na,2086,16000,8.995,test,na
librispeech-test-00175_reverb-rt60-0.4,data/attacks/reverb-rt60-0.4/librispeech-test-00175.wav,real,real_attack,none,reverb-rt60-0.4,rt60-0.4,IF PERMITTED BY THE HISTORICAL CONNECTION WHICH THOUGH SLIGHT WAS ESSENTIAL TO HIS PLAN THE AUTHOR WOULD VERY WILLINGLY HAVE AVOIDED ANYTHING OF THIS NATURE,na,na,2086,16000,8.995,test,na
librispeech-test-00175_reverb-rt60-0.8,data/attacks/reverb-rt60-0.8/librispeech-test-00175.wav,real,real_attack,none,reverb-rt60-0.8,rt60-0.8,IF PERMITTED BY THE HISTORICAL CONNECTION WHICH THOUGH SLIGHT WAS ESSENTIAL TO HIS PLAN THE AUTHOR WOULD VERY WILLINGLY HAVE AVOIDED ANYTHING OF THIS NATURE,na,na,2086,16000,8.995,test,na
librispeech-test-00175_speed0.9,data/attacks/speed0.9/librispeech-test-00175.wav,real,real_attack,none,speed0.9,speed0.9,IF PERMITTED BY THE HISTORICAL CONNECTION WHICH THOUGH SLIGHT WAS ESSENTIAL TO HIS PLAN THE AUTHOR WOULD VERY WILLINGLY HAVE AVOIDED ANYTHING OF THIS NATURE,na,na,2086,16000,9.994,test,na
librispeech-test-00175_speed1.1,data/attacks/speed1.1/librispeech-test-00175.wav,real,real_attack,none,speed1.1,speed1.1,IF PERMITTED BY THE HISTORICAL CONNECTION WHICH THOUGH SLIGHT WAS ESSENTIAL TO HIS PLAN THE AUTHOR WOULD VERY WILLINGLY HAVE AVOIDED ANYTHING OF THIS NATURE,na,na,2086,16000,8.177,test,na
librispeech-test-00176_mp3-128k,data/attacks/mp3-128k/librispeech-test-00176.wav,real,real_attack,none,mp3-128k,mp3-128k,HE TRUSTS NOT TO BE CONSIDERED AS UNPARDONABLY OFFENDING BY LAYING OUT A STREET THAT INFRINGES UPON NOBODY'S PRIVATE RIGHTS AND APPROPRIATING A LOT OF LAND WHICH HAD NO VISIBLE OWNER AND BUILDING A HOUSE OF MATERIALS LONG IN USE FOR CONSTRUCTING CASTLES IN THE AIR,na,na,2086,16000,15.22,test,na
librispeech-test-00176_mp3-64k,data/attacks/mp3-64k/librispeech-test-00176.wav,real,real_attack,none,mp3-64k,mp3-64k,HE TRUSTS NOT TO BE CONSIDERED AS UNPARDONABLY OFFENDING BY LAYING OUT A STREET THAT INFRINGES UPON NOBODY'S PRIVATE RIGHTS AND APPROPRIATING A LOT OF LAND WHICH HAD NO VISIBLE OWNER AND BUILDING A HOUSE OF MATERIALS LONG IN USE FOR CONSTRUCTING CASTLES IN THE AIR,na,na,2086,16000,15.22,test,na
librispeech-test-00176_aac-128k,data/attacks/aac-128k/librispeech-test-00176.wav,real,real_attack,none,aac-128k,aac-128k,HE TRUSTS NOT TO BE CONSIDERED AS UNPARDONABLY OFFENDING BY LAYING OUT A STREET THAT INFRINGES UPON NOBODY'S PRIVATE RIGHTS AND APPROPRIATING A LOT OF LAND WHICH HAD NO VISIBLE OWNER AND BUILDING A HOUSE OF MATERIALS LONG IN USE FOR CONSTRUCTING CASTLES IN THE AIR,na,na,2086,16000,15.232,test,na
librispeech-test-00176_opus-32k,data/attacks/opus-32k/librispeech-test-00176.wav,real,real_attack,none,opus-32k,opus-32k,HE TRUSTS NOT TO BE CONSIDERED AS UNPARDONABLY OFFENDING BY LAYING OUT A STREET THAT INFRINGES UPON NOBODY'S PRIVATE RIGHTS AND APPROPRIATING A LOT OF LAND WHICH HAD NO VISIBLE OWNER AND BUILDING A HOUSE OF MATERIALS LONG IN USE FOR CONSTRUCTING CASTLES IN THE AIR,na,na,2086,16000,15.22,test,na
librispeech-test-00176_g711-8k,data/attacks/g711-8k/librispeech-test-00176.wav,real,real_attack,none,g711-8k,g711-8k,HE TRUSTS NOT TO BE CONSIDERED AS UNPARDONABLY OFFENDING BY LAYING OUT A STREET THAT INFRINGES UPON NOBODY'S PRIVATE RIGHTS AND APPROPRIATING A LOT OF LAND WHICH HAD NO VISIBLE OWNER AND BUILDING A HOUSE OF MATERIALS LONG IN USE FOR CONSTRUCTING CASTLES IN THE AIR,na,na,2086,16000,15.22,test,na
librispeech-test-00176_resample-8k,data/attacks/resample-8k/librispeech-test-00176.wav,real,real_attack,none,resample-8k,8k-roundtrip,HE TRUSTS NOT TO BE CONSIDERED AS UNPARDONABLY OFFENDING BY LAYING OUT A STREET THAT INFRINGES UPON NOBODY'S PRIVATE RIGHTS AND APPROPRIATING A LOT OF LAND WHICH HAD NO VISIBLE OWNER AND BUILDING A HOUSE OF MATERIALS LONG IN USE FOR CONSTRUCTING CASTLES IN THE AIR,na,na,2086,16000,15.22,test,na
librispeech-test-00176_awgn-snr5,data/attacks/awgn-snr5/librispeech-test-00176.wav,real,real_attack,none,awgn-snr5,snr5,HE TRUSTS NOT TO BE CONSIDERED AS UNPARDONABLY OFFENDING BY LAYING OUT A STREET THAT INFRINGES UPON NOBODY'S PRIVATE RIGHTS AND APPROPRIATING A LOT OF LAND WHICH HAD NO VISIBLE OWNER AND BUILDING A HOUSE OF MATERIALS LONG IN USE FOR CONSTRUCTING CASTLES IN THE AIR,na,na,2086,16000,15.22,test,na
librispeech-test-00176_awgn-snr10,data/attacks/awgn-snr10/librispeech-test-00176.wav,real,real_attack,none,awgn-snr10,snr10,HE TRUSTS NOT TO BE CONSIDERED AS UNPARDONABLY OFFENDING BY LAYING OUT A STREET THAT INFRINGES UPON NOBODY'S PRIVATE RIGHTS AND APPROPRIATING A LOT OF LAND WHICH HAD NO VISIBLE OWNER AND BUILDING A HOUSE OF MATERIALS LONG IN USE FOR CONSTRUCTING CASTLES IN THE AIR,na,na,2086,16000,15.22,test,na
librispeech-test-00176_awgn-snr20,data/attacks/awgn-snr20/librispeech-test-00176.wav,real,real_attack,none,awgn-snr20,snr20,HE TRUSTS NOT TO BE CONSIDERED AS UNPARDONABLY OFFENDING BY LAYING OUT A STREET THAT INFRINGES UPON NOBODY'S PRIVATE RIGHTS AND APPROPRIATING A LOT OF LAND WHICH HAD NO VISIBLE OWNER AND BUILDING A HOUSE OF MATERIALS LONG IN USE FOR CONSTRUCTING CASTLES IN THE AIR,na,na,2086,16000,15.22,test,na
librispeech-test-00176_bandpass-300-3400,data/attacks/bandpass-300-3400/librispeech-test-00176.wav,real,real_attack,none,bandpass-300-3400,bandpass300-3400,HE TRUSTS NOT TO BE CONSIDERED AS UNPARDONABLY OFFENDING BY LAYING OUT A STREET THAT INFRINGES UPON NOBODY'S PRIVATE RIGHTS AND APPROPRIATING A LOT OF LAND WHICH HAD NO VISIBLE OWNER AND BUILDING A HOUSE OF MATERIALS LONG IN USE FOR CONSTRUCTING CASTLES IN THE AIR,na,na,2086,16000,15.22,test,na
librispeech-test-00176_reverb-rt60-0.2,data/attacks/reverb-rt60-0.2/librispeech-test-00176.wav,real,real_attack,none,reverb-rt60-0.2,rt60-0.2,HE TRUSTS NOT TO BE CONSIDERED AS UNPARDONABLY OFFENDING BY LAYING OUT A STREET THAT INFRINGES UPON NOBODY'S PRIVATE RIGHTS AND APPROPRIATING A LOT OF LAND WHICH HAD NO VISIBLE OWNER AND BUILDING A HOUSE OF MATERIALS LONG IN USE FOR CONSTRUCTING CASTLES IN THE AIR,na,na,2086,16000,15.22,test,na
librispeech-test-00176_reverb-rt60-0.4,data/attacks/reverb-rt60-0.4/librispeech-test-00176.wav,real,real_attack,none,reverb-rt60-0.4,rt60-0.4,HE TRUSTS NOT TO BE CONSIDERED AS UNPARDONABLY OFFENDING BY LAYING OUT A STREET THAT INFRINGES UPON NOBODY'S PRIVATE RIGHTS AND APPROPRIATING A LOT OF LAND WHICH HAD NO VISIBLE OWNER AND BUILDING A HOUSE OF MATERIALS LONG IN USE FOR CONSTRUCTING CASTLES IN THE AIR,na,na,2086,16000,15.22,test,na
librispeech-test-00176_reverb-rt60-0.8,data/attacks/reverb-rt60-0.8/librispeech-test-00176.wav,real,real_attack,none,reverb-rt60-0.8,rt60-0.8,HE TRUSTS NOT TO BE CONSIDERED AS UNPARDONABLY OFFENDING BY LAYING OUT A STREET THAT INFRINGES UPON NOBODY'S PRIVATE RIGHTS AND APPROPRIATING A LOT OF LAND WHICH HAD NO VISIBLE OWNER AND BUILDING A HOUSE OF MATERIALS LONG IN USE FOR CONSTRUCTING CASTLES IN THE AIR,na,na,2086,16000,15.22,test,na
librispeech-test-00176_speed0.9,data/attacks/speed0.9/librispeech-test-00176.wav,real,real_attack,none,speed0.9,speed0.9,HE TRUSTS NOT TO BE CONSIDERED AS UNPARDONABLY OFFENDING BY LAYING OUT A STREET THAT INFRINGES UPON NOBODY'S PRIVATE RIGHTS AND APPROPRIATING A LOT OF LAND WHICH HAD NO VISIBLE OWNER AND BUILDING A HOUSE OF MATERIALS LONG IN USE FOR CONSTRUCTING CASTLES IN THE AIR,na,na,2086,16000,16.911,test,na
librispeech-test-00176_speed1.1,data/attacks/speed1.1/librispeech-test-00176.wav,real,real_attack,none,speed1.1,speed1.1,HE TRUSTS NOT TO BE CONSIDERED AS UNPARDONABLY OFFENDING BY LAYING OUT A STREET THAT INFRINGES UPON NOBODY'S PRIVATE RIGHTS AND APPROPRIATING A LOT OF LAND WHICH HAD NO VISIBLE OWNER AND BUILDING A HOUSE OF MATERIALS LONG IN USE FOR CONSTRUCTING CASTLES IN THE AIR,na,na,2086,16000,13.836,test,na
librispeech-test-00177_mp3-128k,data/attacks/mp3-128k/librispeech-test-00177.wav,real,real_attack,none,mp3-128k,mp3-128k,THE ENCLOSURE HAD FORMERLY BEEN VERY EXTENSIVE BUT WAS NOW CONTRACTED WITHIN SMALL COMPASS AND HEMMED ABOUT PARTLY BY HIGH WOODEN FENCES AND PARTLY BY THE OUTBUILDINGS OF HOUSES THAT STOOD ON ANOTHER STREET,na,na,2086,16000,12.095,test,na
librispeech-test-00177_mp3-64k,data/attacks/mp3-64k/librispeech-test-00177.wav,real,real_attack,none,mp3-64k,mp3-64k,THE ENCLOSURE HAD FORMERLY BEEN VERY EXTENSIVE BUT WAS NOW CONTRACTED WITHIN SMALL COMPASS AND HEMMED ABOUT PARTLY BY HIGH WOODEN FENCES AND PARTLY BY THE OUTBUILDINGS OF HOUSES THAT STOOD ON ANOTHER STREET,na,na,2086,16000,12.095,test,na
librispeech-test-00177_aac-128k,data/attacks/aac-128k/librispeech-test-00177.wav,real,real_attack,none,aac-128k,aac-128k,THE ENCLOSURE HAD FORMERLY BEEN VERY EXTENSIVE BUT WAS NOW CONTRACTED WITHIN SMALL COMPASS AND HEMMED ABOUT PARTLY BY HIGH WOODEN FENCES AND PARTLY BY THE OUTBUILDINGS OF HOUSES THAT STOOD ON ANOTHER STREET,na,na,2086,16000,12.096,test,na
librispeech-test-00177_opus-32k,data/attacks/opus-32k/librispeech-test-00177.wav,real,real_attack,none,opus-32k,opus-32k,THE ENCLOSURE HAD FORMERLY BEEN VERY EXTENSIVE BUT WAS NOW CONTRACTED WITHIN SMALL COMPASS AND HEMMED ABOUT PARTLY BY HIGH WOODEN FENCES AND PARTLY BY THE OUTBUILDINGS OF HOUSES THAT STOOD ON ANOTHER STREET,na,na,2086,16000,12.095,test,na
librispeech-test-00177_g711-8k,data/attacks/g711-8k/librispeech-test-00177.wav,real,real_attack,none,g711-8k,g711-8k,THE ENCLOSURE HAD FORMERLY BEEN VERY EXTENSIVE BUT WAS NOW CONTRACTED WITHIN SMALL COMPASS AND HEMMED ABOUT PARTLY BY HIGH WOODEN FENCES AND PARTLY BY THE OUTBUILDINGS OF HOUSES THAT STOOD ON ANOTHER STREET,na,na,2086,16000,12.095,test,na
librispeech-test-00177_resample-8k,data/attacks/resample-8k/librispeech-test-00177.wav,real,real_attack,none,resample-8k,8k-roundtrip,THE ENCLOSURE HAD FORMERLY BEEN VERY EXTENSIVE BUT WAS NOW CONTRACTED WITHIN SMALL COMPASS AND HEMMED ABOUT PARTLY BY HIGH WOODEN FENCES AND PARTLY BY THE OUTBUILDINGS OF HOUSES THAT STOOD ON ANOTHER STREET,na,na,2086,16000,12.095,test,na
librispeech-test-00177_awgn-snr5,data/attacks/awgn-snr5/librispeech-test-00177.wav,real,real_attack,none,awgn-snr5,snr5,THE ENCLOSURE HAD FORMERLY BEEN VERY EXTENSIVE BUT WAS NOW CONTRACTED WITHIN SMALL COMPASS AND HEMMED ABOUT PARTLY BY HIGH WOODEN FENCES AND PARTLY BY THE OUTBUILDINGS OF HOUSES THAT STOOD ON ANOTHER STREET,na,na,2086,16000,12.095,test,na
librispeech-test-00177_awgn-snr10,data/attacks/awgn-snr10/librispeech-test-00177.wav,real,real_attack,none,awgn-snr10,snr10,THE ENCLOSURE HAD FORMERLY BEEN VERY EXTENSIVE BUT WAS NOW CONTRACTED WITHIN SMALL COMPASS AND HEMMED ABOUT PARTLY BY HIGH WOODEN FENCES AND PARTLY BY THE OUTBUILDINGS OF HOUSES THAT STOOD ON ANOTHER STREET,na,na,2086,16000,12.095,test,na
librispeech-test-00177_awgn-snr20,data/attacks/awgn-snr20/librispeech-test-00177.wav,real,real_attack,none,awgn-snr20,snr20,THE ENCLOSURE HAD FORMERLY BEEN VERY EXTENSIVE BUT WAS NOW CONTRACTED WITHIN SMALL COMPASS AND HEMMED ABOUT PARTLY BY HIGH WOODEN FENCES AND PARTLY BY THE OUTBUILDINGS OF HOUSES THAT STOOD ON ANOTHER STREET,na,na,2086,16000,12.095,test,na
librispeech-test-00177_bandpass-300-3400,data/attacks/bandpass-300-3400/librispeech-test-00177.wav,real,real_attack,none,bandpass-300-3400,bandpass300-3400,THE ENCLOSURE HAD FORMERLY BEEN VERY EXTENSIVE BUT WAS NOW CONTRACTED WITHIN SMALL COMPASS AND HEMMED ABOUT PARTLY BY HIGH WOODEN FENCES AND PARTLY BY THE OUTBUILDINGS OF HOUSES THAT STOOD ON ANOTHER STREET,na,na,2086,16000,12.095,test,na
librispeech-test-00177_reverb-rt60-0.2,data/attacks/reverb-rt60-0.2/librispeech-test-00177.wav,real,real_attack,none,reverb-rt60-0.2,rt60-0.2,THE ENCLOSURE HAD FORMERLY BEEN VERY EXTENSIVE BUT WAS NOW CONTRACTED WITHIN SMALL COMPASS AND HEMMED ABOUT PARTLY BY HIGH WOODEN FENCES AND PARTLY BY THE OUTBUILDINGS OF HOUSES THAT STOOD ON ANOTHER STREET,na,na,2086,16000,12.095,test,na
librispeech-test-00177_reverb-rt60-0.4,data/attacks/reverb-rt60-0.4/librispeech-test-00177.wav,real,real_attack,none,reverb-rt60-0.4,rt60-0.4,THE ENCLOSURE HAD FORMERLY BEEN VERY EXTENSIVE BUT WAS NOW CONTRACTED WITHIN SMALL COMPASS AND HEMMED ABOUT PARTLY BY HIGH WOODEN FENCES AND PARTLY BY THE OUTBUILDINGS OF HOUSES THAT STOOD ON ANOTHER STREET,na,na,2086,16000,12.095,test,na
librispeech-test-00177_reverb-rt60-0.8,data/attacks/reverb-rt60-0.8/librispeech-test-00177.wav,real,real_attack,none,reverb-rt60-0.8,rt60-0.8,THE ENCLOSURE HAD FORMERLY BEEN VERY EXTENSIVE BUT WAS NOW CONTRACTED WITHIN SMALL COMPASS AND HEMMED ABOUT PARTLY BY HIGH WOODEN FENCES AND PARTLY BY THE OUTBUILDINGS OF HOUSES THAT STOOD ON ANOTHER STREET,na,na,2086,16000,12.095,test,na
librispeech-test-00177_speed0.9,data/attacks/speed0.9/librispeech-test-00177.wav,real,real_attack,none,speed0.9,speed0.9,THE ENCLOSURE HAD FORMERLY BEEN VERY EXTENSIVE BUT WAS NOW CONTRACTED WITHIN SMALL COMPASS AND HEMMED ABOUT PARTLY BY HIGH WOODEN FENCES AND PARTLY BY THE OUTBUILDINGS OF HOUSES THAT STOOD ON ANOTHER STREET,na,na,2086,16000,13.439,test,na
librispeech-test-00177_speed1.1,data/attacks/speed1.1/librispeech-test-00177.wav,real,real_attack,none,speed1.1,speed1.1,THE ENCLOSURE HAD FORMERLY BEEN VERY EXTENSIVE BUT WAS NOW CONTRACTED WITHIN SMALL COMPASS AND HEMMED ABOUT PARTLY BY HIGH WOODEN FENCES AND PARTLY BY THE OUTBUILDINGS OF HOUSES THAT STOOD ON ANOTHER STREET,na,na,2086,16000,10.995,test,na
librispeech-test-00178_mp3-128k,data/attacks/mp3-128k/librispeech-test-00178.wav,real,real_attack,none,mp3-128k,mp3-128k,THE WHITE DOUBLE ROSEBUSH HAD EVIDENTLY BEEN PROPPED UP ANEW AGAINST THE HOUSE SINCE THE COMMENCEMENT OF THE SEASON AND A PEAR TREE AND THREE DAMSON TREES WHICH EXCEPT A ROW OF CURRANT BUSHES CONSTITUTED THE ONLY VARIETIES OF FRUIT BORE MARKS OF THE RECENT AMPUTATION OF SEVERAL SUPERFLUOUS OR DEFECTIVE LIMBS,na,na,2086,16000,19.78,test,na
librispeech-test-00178_mp3-64k,data/attacks/mp3-64k/librispeech-test-00178.wav,real,real_attack,none,mp3-64k,mp3-64k,THE WHITE DOUBLE ROSEBUSH HAD EVIDENTLY BEEN PROPPED UP ANEW AGAINST THE HOUSE SINCE THE COMMENCEMENT OF THE SEASON AND A PEAR TREE AND THREE DAMSON TREES WHICH EXCEPT A ROW OF CURRANT BUSHES CONSTITUTED THE ONLY VARIETIES OF FRUIT BORE MARKS OF THE RECENT AMPUTATION OF SEVERAL SUPERFLUOUS OR DEFECTIVE LIMBS,na,na,2086,16000,19.78,test,na
librispeech-test-00178_aac-128k,data/attacks/aac-128k/librispeech-test-00178.wav,real,real_attack,none,aac-128k,aac-128k,THE WHITE DOUBLE ROSEBUSH HAD EVIDENTLY BEEN PROPPED UP ANEW AGAINST THE HOUSE SINCE THE COMMENCEMENT OF THE SEASON AND A PEAR TREE AND THREE DAMSON TREES WHICH EXCEPT A ROW OF CURRANT BUSHES CONSTITUTED THE ONLY VARIETIES OF FRUIT BORE MARKS OF THE RECENT AMPUTATION OF SEVERAL SUPERFLUOUS OR DEFECTIVE LIMBS,na,na,2086,16000,19.84,test,na
librispeech-test-00178_opus-32k,data/attacks/opus-32k/librispeech-test-00178.wav,real,real_attack,none,opus-32k,opus-32k,THE WHITE DOUBLE ROSEBUSH HAD EVIDENTLY BEEN PROPPED UP ANEW AGAINST THE HOUSE SINCE THE COMMENCEMENT OF THE SEASON AND A PEAR TREE AND THREE DAMSON TREES WHICH EXCEPT A ROW OF CURRANT BUSHES CONSTITUTED THE ONLY VARIETIES OF FRUIT BORE MARKS OF THE RECENT AMPUTATION OF SEVERAL SUPERFLUOUS OR DEFECTIVE LIMBS,na,na,2086,16000,19.78,test,na
librispeech-test-00178_g711-8k,data/attacks/g711-8k/librispeech-test-00178.wav,real,real_attack,none,g711-8k,g711-8k,THE WHITE DOUBLE ROSEBUSH HAD EVIDENTLY BEEN PROPPED UP ANEW AGAINST THE HOUSE SINCE THE COMMENCEMENT OF THE SEASON AND A PEAR TREE AND THREE DAMSON TREES WHICH EXCEPT A ROW OF CURRANT BUSHES CONSTITUTED THE ONLY VARIETIES OF FRUIT BORE MARKS OF THE RECENT AMPUTATION OF SEVERAL SUPERFLUOUS OR DEFECTIVE LIMBS,na,na,2086,16000,19.78,test,na
librispeech-test-00178_resample-8k,data/attacks/resample-8k/librispeech-test-00178.wav,real,real_attack,none,resample-8k,8k-roundtrip,THE WHITE DOUBLE ROSEBUSH HAD EVIDENTLY BEEN PROPPED UP ANEW AGAINST THE HOUSE SINCE THE COMMENCEMENT OF THE SEASON AND A PEAR TREE AND THREE DAMSON TREES WHICH EXCEPT A ROW OF CURRANT BUSHES CONSTITUTED THE ONLY VARIETIES OF FRUIT BORE MARKS OF THE RECENT AMPUTATION OF SEVERAL SUPERFLUOUS OR DEFECTIVE LIMBS,na,na,2086,16000,19.78,test,na
librispeech-test-00178_awgn-snr5,data/attacks/awgn-snr5/librispeech-test-00178.wav,real,real_attack,none,awgn-snr5,snr5,THE WHITE DOUBLE ROSEBUSH HAD EVIDENTLY BEEN PROPPED UP ANEW AGAINST THE HOUSE SINCE THE COMMENCEMENT OF THE SEASON AND A PEAR TREE AND THREE DAMSON TREES WHICH EXCEPT A ROW OF CURRANT BUSHES CONSTITUTED THE ONLY VARIETIES OF FRUIT BORE MARKS OF THE RECENT AMPUTATION OF SEVERAL SUPERFLUOUS OR DEFECTIVE LIMBS,na,na,2086,16000,19.78,test,na
librispeech-test-00178_awgn-snr10,data/attacks/awgn-snr10/librispeech-test-00178.wav,real,real_attack,none,awgn-snr10,snr10,THE WHITE DOUBLE ROSEBUSH HAD EVIDENTLY BEEN PROPPED UP ANEW AGAINST THE HOUSE SINCE THE COMMENCEMENT OF THE SEASON AND A PEAR TREE AND THREE DAMSON TREES WHICH EXCEPT A ROW OF CURRANT BUSHES CONSTITUTED THE ONLY VARIETIES OF FRUIT BORE MARKS OF THE RECENT AMPUTATION OF SEVERAL SUPERFLUOUS OR DEFECTIVE LIMBS,na,na,2086,16000,19.78,test,na
librispeech-test-00178_awgn-snr20,data/attacks/awgn-snr20/librispeech-test-00178.wav,real,real_attack,none,awgn-snr20,snr20,THE WHITE DOUBLE ROSEBUSH HAD EVIDENTLY BEEN PROPPED UP ANEW AGAINST THE HOUSE SINCE THE COMMENCEMENT OF THE SEASON AND A PEAR TREE AND THREE DAMSON TREES WHICH EXCEPT A ROW OF CURRANT BUSHES CONSTITUTED THE ONLY VARIETIES OF FRUIT BORE MARKS OF THE RECENT AMPUTATION OF SEVERAL SUPERFLUOUS OR DEFECTIVE LIMBS,na,na,2086,16000,19.78,test,na
librispeech-test-00178_bandpass-300-3400,data/attacks/bandpass-300-3400/librispeech-test-00178.wav,real,real_attack,none,bandpass-300-3400,bandpass300-3400,THE WHITE DOUBLE ROSEBUSH HAD EVIDENTLY BEEN PROPPED UP ANEW AGAINST THE HOUSE SINCE THE COMMENCEMENT OF THE SEASON AND A PEAR TREE AND THREE DAMSON TREES WHICH EXCEPT A ROW OF CURRANT BUSHES CONSTITUTED THE ONLY VARIETIES OF FRUIT BORE MARKS OF THE RECENT AMPUTATION OF SEVERAL SUPERFLUOUS OR DEFECTIVE LIMBS,na,na,2086,16000,19.78,test,na
librispeech-test-00178_reverb-rt60-0.2,data/attacks/reverb-rt60-0.2/librispeech-test-00178.wav,real,real_attack,none,reverb-rt60-0.2,rt60-0.2,THE WHITE DOUBLE ROSEBUSH HAD EVIDENTLY BEEN PROPPED UP ANEW AGAINST THE HOUSE SINCE THE COMMENCEMENT OF THE SEASON AND A PEAR TREE AND THREE DAMSON TREES WHICH EXCEPT A ROW OF CURRANT BUSHES CONSTITUTED THE ONLY VARIETIES OF FRUIT BORE MARKS OF THE RECENT AMPUTATION OF SEVERAL SUPERFLUOUS OR DEFECTIVE LIMBS,na,na,2086,16000,19.78,test,na
librispeech-test-00178_reverb-rt60-0.4,data/attacks/reverb-rt60-0.4/librispeech-test-00178.wav,real,real_attack,none,reverb-rt60-0.4,rt60-0.4,THE WHITE DOUBLE ROSEBUSH HAD EVIDENTLY BEEN PROPPED UP ANEW AGAINST THE HOUSE SINCE THE COMMENCEMENT OF THE SEASON AND A PEAR TREE AND THREE DAMSON TREES WHICH EXCEPT A ROW OF CURRANT BUSHES CONSTITUTED THE ONLY VARIETIES OF FRUIT BORE MARKS OF THE RECENT AMPUTATION OF SEVERAL SUPERFLUOUS OR DEFECTIVE LIMBS,na,na,2086,16000,19.78,test,na
librispeech-test-00178_reverb-rt60-0.8,data/attacks/reverb-rt60-0.8/librispeech-test-00178.wav,real,real_attack,none,reverb-rt60-0.8,rt60-0.8,THE WHITE DOUBLE ROSEBUSH HAD EVIDENTLY BEEN PROPPED UP ANEW AGAINST THE HOUSE SINCE THE COMMENCEMENT OF THE SEASON AND A PEAR TREE AND THREE DAMSON TREES WHICH EXCEPT A ROW OF CURRANT BUSHES CONSTITUTED THE ONLY VARIETIES OF FRUIT BORE MARKS OF THE RECENT AMPUTATION OF SEVERAL SUPERFLUOUS OR DEFECTIVE LIMBS,na,na,2086,16000,19.78,test,na
librispeech-test-00178_speed0.9,data/attacks/speed0.9/librispeech-test-00178.wav,real,real_attack,none,speed0.9,speed0.9,THE WHITE DOUBLE ROSEBUSH HAD EVIDENTLY BEEN PROPPED UP ANEW AGAINST THE HOUSE SINCE THE COMMENCEMENT OF THE SEASON AND A PEAR TREE AND THREE DAMSON TREES WHICH EXCEPT A ROW OF CURRANT BUSHES CONSTITUTED THE ONLY VARIETIES OF FRUIT BORE MARKS OF THE RECENT AMPUTATION OF SEVERAL SUPERFLUOUS OR DEFECTIVE LIMBS,na,na,2086,16000,21.978,test,na
librispeech-test-00178_speed1.1,data/attacks/speed1.1/librispeech-test-00178.wav,real,real_attack,none,speed1.1,speed1.1,THE WHITE DOUBLE ROSEBUSH HAD EVIDENTLY BEEN PROPPED UP ANEW AGAINST THE HOUSE SINCE THE COMMENCEMENT OF THE SEASON AND A PEAR TREE AND THREE DAMSON TREES WHICH EXCEPT A ROW OF CURRANT BUSHES CONSTITUTED THE ONLY VARIETIES OF FRUIT BORE MARKS OF THE RECENT AMPUTATION OF SEVERAL SUPERFLUOUS OR DEFECTIVE LIMBS,na,na,2086,16000,17.982,test,na
librispeech-test-00179_mp3-128k,data/attacks/mp3-128k/librispeech-test-00179.wav,real,real_attack,none,mp3-128k,mp3-128k,THERE WERE ALSO A FEW SPECIES OF ANTIQUE AND HEREDITARY FLOWERS IN NO VERY FLOURISHING CONDITION BUT SCRUPULOUSLY WEEDED AS IF SOME PERSON EITHER OUT OF LOVE OR CURIOSITY HAD BEEN ANXIOUS TO BRING THEM TO SUCH PERFECTION AS THEY WERE CAPABLE OF ATTAINING,na,na,2086,16000,16.01,test,na
librispeech-test-00179_mp3-64k,data/attacks/mp3-64k/librispeech-test-00179.wav,real,real_attack,none,mp3-64k,mp3-64k,THERE WERE ALSO A FEW SPECIES OF ANTIQUE AND HEREDITARY FLOWERS IN NO VERY FLOURISHING CONDITION BUT SCRUPULOUSLY WEEDED AS IF SOME PERSON EITHER OUT OF LOVE OR CURIOSITY HAD BEEN ANXIOUS TO BRING THEM TO SUCH PERFECTION AS THEY WERE CAPABLE OF ATTAINING,na,na,2086,16000,16.01,test,na
librispeech-test-00179_aac-128k,data/attacks/aac-128k/librispeech-test-00179.wav,real,real_attack,none,aac-128k,aac-128k,THERE WERE ALSO A FEW SPECIES OF ANTIQUE AND HEREDITARY FLOWERS IN NO VERY FLOURISHING CONDITION BUT SCRUPULOUSLY WEEDED AS IF SOME PERSON EITHER OUT OF LOVE OR CURIOSITY HAD BEEN ANXIOUS TO BRING THEM TO SUCH PERFECTION AS THEY WERE CAPABLE OF ATTAINING,na,na,2086,16000,16.064,test,na
librispeech-test-00179_opus-32k,data/attacks/opus-32k/librispeech-test-00179.wav,real,real_attack,none,opus-32k,opus-32k,THERE WERE ALSO A FEW SPECIES OF ANTIQUE AND HEREDITARY FLOWERS IN NO VERY FLOURISHING CONDITION BUT SCRUPULOUSLY WEEDED AS IF SOME PERSON EITHER OUT OF LOVE OR CURIOSITY HAD BEEN ANXIOUS TO BRING THEM TO SUCH PERFECTION AS THEY WERE CAPABLE OF ATTAINING,na,na,2086,16000,16.01,test,na
librispeech-test-00179_g711-8k,data/attacks/g711-8k/librispeech-test-00179.wav,real,real_attack,none,g711-8k,g711-8k,THERE WERE ALSO A FEW SPECIES OF ANTIQUE AND HEREDITARY FLOWERS IN NO VERY FLOURISHING CONDITION BUT SCRUPULOUSLY WEEDED AS IF SOME PERSON EITHER OUT OF LOVE OR CURIOSITY HAD BEEN ANXIOUS TO BRING THEM TO SUCH PERFECTION AS THEY WERE CAPABLE OF ATTAINING,na,na,2086,16000,16.01,test,na
librispeech-test-00179_resample-8k,data/attacks/resample-8k/librispeech-test-00179.wav,real,real_attack,none,resample-8k,8k-roundtrip,THERE WERE ALSO A FEW SPECIES OF ANTIQUE AND HEREDITARY FLOWERS IN NO VERY FLOURISHING CONDITION BUT SCRUPULOUSLY WEEDED AS IF SOME PERSON EITHER OUT OF LOVE OR CURIOSITY HAD BEEN ANXIOUS TO BRING THEM TO SUCH PERFECTION AS THEY WERE CAPABLE OF ATTAINING,na,na,2086,16000,16.01,test,na
librispeech-test-00179_awgn-snr5,data/attacks/awgn-snr5/librispeech-test-00179.wav,real,real_attack,none,awgn-snr5,snr5,THERE WERE ALSO A FEW SPECIES OF ANTIQUE AND HEREDITARY FLOWERS IN NO VERY FLOURISHING CONDITION BUT SCRUPULOUSLY WEEDED AS IF SOME PERSON EITHER OUT OF LOVE OR CURIOSITY HAD BEEN ANXIOUS TO BRING THEM TO SUCH PERFECTION AS THEY WERE CAPABLE OF ATTAINING,na,na,2086,16000,16.01,test,na
librispeech-test-00179_awgn-snr10,data/attacks/awgn-snr10/librispeech-test-00179.wav,real,real_attack,none,awgn-snr10,snr10,THERE WERE ALSO A FEW SPECIES OF ANTIQUE AND HEREDITARY FLOWERS IN NO VERY FLOURISHING CONDITION BUT SCRUPULOUSLY WEEDED AS IF SOME PERSON EITHER OUT OF LOVE OR CURIOSITY HAD BEEN ANXIOUS TO BRING THEM TO SUCH PERFECTION AS THEY WERE CAPABLE OF ATTAINING,na,na,2086,16000,16.01,test,na
librispeech-test-00179_awgn-snr20,data/attacks/awgn-snr20/librispeech-test-00179.wav,real,real_attack,none,awgn-snr20,snr20,THERE WERE ALSO A FEW SPECIES OF ANTIQUE AND HEREDITARY FLOWERS IN NO VERY FLOURISHING CONDITION BUT SCRUPULOUSLY WEEDED AS IF SOME PERSON EITHER OUT OF LOVE OR CURIOSITY HAD BEEN ANXIOUS TO BRING THEM TO SUCH PERFECTION AS THEY WERE CAPABLE OF ATTAINING,na,na,2086,16000,16.01,test,na
librispeech-test-00179_bandpass-300-3400,data/attacks/bandpass-300-3400/librispeech-test-00179.wav,real,real_attack,none,bandpass-300-3400,bandpass300-3400,THERE WERE ALSO A FEW SPECIES OF ANTIQUE AND HEREDITARY FLOWERS IN NO VERY FLOURISHING CONDITION BUT SCRUPULOUSLY WEEDED AS IF SOME PERSON EITHER OUT OF LOVE OR CURIOSITY HAD BEEN ANXIOUS TO BRING THEM TO SUCH PERFECTION AS THEY WERE CAPABLE OF ATTAINING,na,na,2086,16000,16.01,test,na
librispeech-test-00179_reverb-rt60-0.2,data/attacks/reverb-rt60-0.2/librispeech-test-00179.wav,real,real_attack,none,reverb-rt60-0.2,rt60-0.2,THERE WERE ALSO A FEW SPECIES OF ANTIQUE AND HEREDITARY FLOWERS IN NO VERY FLOURISHING CONDITION BUT SCRUPULOUSLY WEEDED AS IF SOME PERSON EITHER OUT OF LOVE OR CURIOSITY HAD BEEN ANXIOUS TO BRING THEM TO SUCH PERFECTION AS THEY WERE CAPABLE OF ATTAINING,na,na,2086,16000,16.01,test,na
librispeech-test-00179_reverb-rt60-0.4,data/attacks/reverb-rt60-0.4/librispeech-test-00179.wav,real,real_attack,none,reverb-rt60-0.4,rt60-0.4,THERE WERE ALSO A FEW SPECIES OF ANTIQUE AND HEREDITARY FLOWERS IN NO VERY FLOURISHING CONDITION BUT SCRUPULOUSLY WEEDED AS IF SOME PERSON EITHER OUT OF LOVE OR CURIOSITY HAD BEEN ANXIOUS TO BRING THEM TO SUCH PERFECTION AS THEY WERE CAPABLE OF ATTAINING,na,na,2086,16000,16.01,test,na
librispeech-test-00179_reverb-rt60-0.8,data/attacks/reverb-rt60-0.8/librispeech-test-00179.wav,real,real_attack,none,reverb-rt60-0.8,rt60-0.8,THERE WERE ALSO A FEW SPECIES OF ANTIQUE AND HEREDITARY FLOWERS IN NO VERY FLOURISHING CONDITION BUT SCRUPULOUSLY WEEDED AS IF SOME PERSON EITHER OUT OF LOVE OR CURIOSITY HAD BEEN ANXIOUS TO BRING THEM TO SUCH PERFECTION AS THEY WERE CAPABLE OF ATTAINING,na,na,2086,16000,16.01,test,na
librispeech-test-00179_speed0.9,data/attacks/speed0.9/librispeech-test-00179.wav,real,real_attack,none,speed0.9,speed0.9,THERE WERE ALSO A FEW SPECIES OF ANTIQUE AND HEREDITARY FLOWERS IN NO VERY FLOURISHING CONDITION BUT SCRUPULOUSLY WEEDED AS IF SOME PERSON EITHER OUT OF LOVE OR CURIOSITY HAD BEEN ANXIOUS TO BRING THEM TO SUCH PERFECTION AS THEY WERE CAPABLE OF ATTAINING,na,na,2086,16000,17.789,test,na
librispeech-test-00179_speed1.1,data/attacks/speed1.1/librispeech-test-00179.wav,real,real_attack,none,speed1.1,speed1.1,THERE WERE ALSO A FEW SPECIES OF ANTIQUE AND HEREDITARY FLOWERS IN NO VERY FLOURISHING CONDITION BUT SCRUPULOUSLY WEEDED AS IF SOME PERSON EITHER OUT OF LOVE OR CURIOSITY HAD BEEN ANXIOUS TO BRING THEM TO SUCH PERFECTION AS THEY WERE CAPABLE OF ATTAINING,na,na,2086,16000,14.555,test,na
librispeech-test-00180_mp3-128k,data/attacks/mp3-128k/librispeech-test-00180.wav,real,real_attack,none,mp3-128k,mp3-128k,SUMMER SQUASHES ALMOST IN THEIR GOLDEN BLOSSOM CUCUMBERS NOW EVINCING A TENDENCY TO SPREAD AWAY FROM THE MAIN STOCK AND RAMBLE FAR AND WIDE TWO OR THREE ROWS OF STRING BEANS AND AS MANY MORE THAT WERE ABOUT TO FESTOON THEMSELVES ON POLES TOMATOES OCCUPYING A SITE SO SHELTERED AND SUNNY THAT THE PLANTS WERE ALREADY GIGANTIC AND PROMISED AN EARLY AND ABUNDANT HARVEST,na,na,2086,16000,22.81,test,na
librispeech-test-00180_mp3-64k,data/attacks/mp3-64k/librispeech-test-00180.wav,real,real_attack,none,mp3-64k,mp3-64k,SUMMER SQUASHES ALMOST IN THEIR GOLDEN BLOSSOM CUCUMBERS NOW EVINCING A TENDENCY TO SPREAD AWAY FROM THE MAIN STOCK AND RAMBLE FAR AND WIDE TWO OR THREE ROWS OF STRING BEANS AND AS MANY MORE THAT WERE ABOUT TO FESTOON THEMSELVES ON POLES TOMATOES OCCUPYING A SITE SO SHELTERED AND SUNNY THAT THE PLANTS WERE ALREADY GIGANTIC AND PROMISED AN EARLY AND ABUNDANT HARVEST,na,na,2086,16000,22.81,test,na
librispeech-test-00180_aac-128k,data/attacks/aac-128k/librispeech-test-00180.wav,real,real_attack,none,aac-128k,aac-128k,SUMMER SQUASHES ALMOST IN THEIR GOLDEN BLOSSOM CUCUMBERS NOW EVINCING A TENDENCY TO SPREAD AWAY FROM THE MAIN STOCK AND RAMBLE FAR AND WIDE TWO OR THREE ROWS OF STRING BEANS AND AS MANY MORE THAT WERE ABOUT TO FESTOON THEMSELVES ON POLES TOMATOES OCCUPYING A SITE SO SHELTERED AND SUNNY THAT THE PLANTS WERE ALREADY GIGANTIC AND PROMISED AN EARLY AND ABUNDANT HARVEST,na,na,2086,16000,22.848,test,na
librispeech-test-00180_opus-32k,data/attacks/opus-32k/librispeech-test-00180.wav,real,real_attack,none,opus-32k,opus-32k,SUMMER SQUASHES ALMOST IN THEIR GOLDEN BLOSSOM CUCUMBERS NOW EVINCING A TENDENCY TO SPREAD AWAY FROM THE MAIN STOCK AND RAMBLE FAR AND WIDE TWO OR THREE ROWS OF STRING BEANS AND AS MANY MORE THAT WERE ABOUT TO FESTOON THEMSELVES ON POLES TOMATOES OCCUPYING A SITE SO SHELTERED AND SUNNY THAT THE PLANTS WERE ALREADY GIGANTIC AND PROMISED AN EARLY AND ABUNDANT HARVEST,na,na,2086,16000,22.81,test,na
librispeech-test-00180_g711-8k,data/attacks/g711-8k/librispeech-test-00180.wav,real,real_attack,none,g711-8k,g711-8k,SUMMER SQUASHES ALMOST IN THEIR GOLDEN BLOSSOM CUCUMBERS NOW EVINCING A TENDENCY TO SPREAD AWAY FROM THE MAIN STOCK AND RAMBLE FAR AND WIDE TWO OR THREE ROWS OF STRING BEANS AND AS MANY MORE THAT WERE ABOUT TO FESTOON THEMSELVES ON POLES TOMATOES OCCUPYING A SITE SO SHELTERED AND SUNNY THAT THE PLANTS WERE ALREADY GIGANTIC AND PROMISED AN EARLY AND ABUNDANT HARVEST,na,na,2086,16000,22.81,test,na
librispeech-test-00180_resample-8k,data/attacks/resample-8k/librispeech-test-00180.wav,real,real_attack,none,resample-8k,8k-roundtrip,SUMMER SQUASHES ALMOST IN THEIR GOLDEN BLOSSOM CUCUMBERS NOW EVINCING A TENDENCY TO SPREAD AWAY FROM THE MAIN STOCK AND RAMBLE FAR AND WIDE TWO OR THREE ROWS OF STRING BEANS AND AS MANY MORE THAT WERE ABOUT TO FESTOON THEMSELVES ON POLES TOMATOES OCCUPYING A SITE SO SHELTERED AND SUNNY THAT THE PLANTS WERE ALREADY GIGANTIC AND PROMISED AN EARLY AND ABUNDANT HARVEST,na,na,2086,16000,22.81,test,na
librispeech-test-00180_awgn-snr5,data/attacks/awgn-snr5/librispeech-test-00180.wav,real,real_attack,none,awgn-snr5,snr5,SUMMER SQUASHES ALMOST IN THEIR GOLDEN BLOSSOM CUCUMBERS NOW EVINCING A TENDENCY TO SPREAD AWAY FROM THE MAIN STOCK AND RAMBLE FAR AND WIDE TWO OR THREE ROWS OF STRING BEANS AND AS MANY MORE THAT WERE ABOUT TO FESTOON THEMSELVES ON POLES TOMATOES OCCUPYING A SITE SO SHELTERED AND SUNNY THAT THE PLANTS WERE ALREADY GIGANTIC AND PROMISED AN EARLY AND ABUNDANT HARVEST,na,na,2086,16000,22.81,test,na
librispeech-test-00180_awgn-snr10,data/attacks/awgn-snr10/librispeech-test-00180.wav,real,real_attack,none,awgn-snr10,snr10,SUMMER SQUASHES ALMOST IN THEIR GOLDEN BLOSSOM CUCUMBERS NOW EVINCING A TENDENCY TO SPREAD AWAY FROM THE MAIN STOCK AND RAMBLE FAR AND WIDE TWO OR THREE ROWS OF STRING BEANS AND AS MANY MORE THAT WERE ABOUT TO FESTOON THEMSELVES ON POLES TOMATOES OCCUPYING A SITE SO SHELTERED AND SUNNY THAT THE PLANTS WERE ALREADY GIGANTIC AND PROMISED AN EARLY AND ABUNDANT HARVEST,na,na,2086,16000,22.81,test,na
librispeech-test-00180_awgn-snr20,data/attacks/awgn-snr20/librispeech-test-00180.wav,real,real_attack,none,awgn-snr20,snr20,SUMMER SQUASHES ALMOST IN THEIR GOLDEN BLOSSOM CUCUMBERS NOW EVINCING A TENDENCY TO SPREAD AWAY FROM THE MAIN STOCK AND RAMBLE FAR AND WIDE TWO OR THREE ROWS OF STRING BEANS AND AS MANY MORE THAT WERE ABOUT TO FESTOON THEMSELVES ON POLES TOMATOES OCCUPYING A SITE SO SHELTERED AND SUNNY THAT THE PLANTS WERE ALREADY GIGANTIC AND PROMISED AN EARLY AND ABUNDANT HARVEST,na,na,2086,16000,22.81,test,na
librispeech-test-00180_bandpass-300-3400,data/attacks/bandpass-300-3400/librispeech-test-00180.wav,real,real_attack,none,bandpass-300-3400,bandpass300-3400,SUMMER SQUASHES ALMOST IN THEIR GOLDEN BLOSSOM CUCUMBERS NOW EVINCING A TENDENCY TO SPREAD AWAY FROM THE MAIN STOCK AND RAMBLE FAR AND WIDE TWO OR THREE ROWS OF STRING BEANS AND AS MANY MORE THAT WERE ABOUT TO FESTOON THEMSELVES ON POLES TOMATOES OCCUPYING A SITE SO SHELTERED AND SUNNY THAT THE PLANTS WERE ALREADY GIGANTIC AND PROMISED AN EARLY AND ABUNDANT HARVEST,na,na,2086,16000,22.81,test,na
librispeech-test-00180_reverb-rt60-0.2,data/attacks/reverb-rt60-0.2/librispeech-test-00180.wav,real,real_attack,none,reverb-rt60-0.2,rt60-0.2,SUMMER SQUASHES ALMOST IN THEIR GOLDEN BLOSSOM CUCUMBERS NOW EVINCING A TENDENCY TO SPREAD AWAY FROM THE MAIN STOCK AND RAMBLE FAR AND WIDE TWO OR THREE ROWS OF STRING BEANS AND AS MANY MORE THAT WERE ABOUT TO FESTOON THEMSELVES ON POLES TOMATOES OCCUPYING A SITE SO SHELTERED AND SUNNY THAT THE PLANTS WERE ALREADY GIGANTIC AND PROMISED AN EARLY AND ABUNDANT HARVEST,na,na,2086,16000,22.81,test,na
librispeech-test-00180_reverb-rt60-0.4,data/attacks/reverb-rt60-0.4/librispeech-test-00180.wav,real,real_attack,none,reverb-rt60-0.4,rt60-0.4,SUMMER SQUASHES ALMOST IN THEIR GOLDEN BLOSSOM CUCUMBERS NOW EVINCING A TENDENCY TO SPREAD AWAY FROM THE MAIN STOCK AND RAMBLE FAR AND WIDE TWO OR THREE ROWS OF STRING BEANS AND AS MANY MORE THAT WERE ABOUT TO FESTOON THEMSELVES ON POLES TOMATOES OCCUPYING A SITE SO SHELTERED AND SUNNY THAT THE PLANTS WERE ALREADY GIGANTIC AND PROMISED AN EARLY AND ABUNDANT HARVEST,na,na,2086,16000,22.81,test,na
librispeech-test-00180_reverb-rt60-0.8,data/attacks/reverb-rt60-0.8/librispeech-test-00180.wav,real,real_attack,none,reverb-rt60-0.8,rt60-0.8,SUMMER SQUASHES ALMOST IN THEIR GOLDEN BLOSSOM CUCUMBERS NOW EVINCING A TENDENCY TO SPREAD AWAY FROM THE MAIN STOCK AND RAMBLE FAR AND WIDE TWO OR THREE ROWS OF STRING BEANS AND AS MANY MORE THAT WERE ABOUT TO FESTOON THEMSELVES ON POLES TOMATOES OCCUPYING A SITE SO SHELTERED AND SUNNY THAT THE PLANTS WERE ALREADY GIGANTIC AND PROMISED AN EARLY AND ABUNDANT HARVEST,na,na,2086,16000,22.81,test,na
librispeech-test-00180_speed0.9,data/attacks/speed0.9/librispeech-test-00180.wav,real,real_attack,none,speed0.9,speed0.9,SUMMER SQUASHES ALMOST IN THEIR GOLDEN BLOSSOM CUCUMBERS NOW EVINCING A TENDENCY TO SPREAD AWAY FROM THE MAIN STOCK AND RAMBLE FAR AND WIDE TWO OR THREE ROWS OF STRING BEANS AND AS MANY MORE THAT WERE ABOUT TO FESTOON THEMSELVES ON POLES TOMATOES OCCUPYING A SITE SO SHELTERED AND SUNNY THAT THE PLANTS WERE ALREADY GIGANTIC AND PROMISED AN EARLY AND ABUNDANT HARVEST,na,na,2086,16000,25.344,test,na
librispeech-test-00180_speed1.1,data/attacks/speed1.1/librispeech-test-00180.wav,real,real_attack,none,speed1.1,speed1.1,SUMMER SQUASHES ALMOST IN THEIR GOLDEN BLOSSOM CUCUMBERS NOW EVINCING A TENDENCY TO SPREAD AWAY FROM THE MAIN STOCK AND RAMBLE FAR AND WIDE TWO OR THREE ROWS OF STRING BEANS AND AS MANY MORE THAT WERE ABOUT TO FESTOON THEMSELVES ON POLES TOMATOES OCCUPYING A SITE SO SHELTERED AND SUNNY THAT THE PLANTS WERE ALREADY GIGANTIC AND PROMISED AN EARLY AND ABUNDANT HARVEST,na,na,2086,16000,20.736,test,na
librispeech-test-00854_mp3-128k,data/attacks/mp3-128k/librispeech-test-00854.wav,real,real_attack,none,mp3-128k,mp3-128k,YOU'LL ALL BE OVER IF YOU DON'T HAVE A CARE,na,na,6313,16000,2.355,test,na
librispeech-test-00854_mp3-64k,data/attacks/mp3-64k/librispeech-test-00854.wav,real,real_attack,none,mp3-64k,mp3-64k,YOU'LL ALL BE OVER IF YOU DON'T HAVE A CARE,na,na,6313,16000,2.355,test,na
librispeech-test-00854_aac-128k,data/attacks/aac-128k/librispeech-test-00854.wav,real,real_attack,none,aac-128k,aac-128k,YOU'LL ALL BE OVER IF YOU DON'T HAVE A CARE,na,na,6313,16000,2.368,test,na
librispeech-test-00854_opus-32k,data/attacks/opus-32k/librispeech-test-00854.wav,real,real_attack,none,opus-32k,opus-32k,YOU'LL ALL BE OVER IF YOU DON'T HAVE A CARE,na,na,6313,16000,2.355,test,na
librispeech-test-00854_g711-8k,data/attacks/g711-8k/librispeech-test-00854.wav,real,real_attack,none,g711-8k,g711-8k,YOU'LL ALL BE OVER IF YOU DON'T HAVE A CARE,na,na,6313,16000,2.355,test,na
librispeech-test-00854_resample-8k,data/attacks/resample-8k/librispeech-test-00854.wav,real,real_attack,none,resample-8k,8k-roundtrip,YOU'LL ALL BE OVER IF YOU DON'T HAVE A CARE,na,na,6313,16000,2.355,test,na
librispeech-test-00854_awgn-snr5,data/attacks/awgn-snr5/librispeech-test-00854.wav,real,real_attack,none,awgn-snr5,snr5,YOU'LL ALL BE OVER IF YOU DON'T HAVE A CARE,na,na,6313,16000,2.355,test,na
librispeech-test-00854_awgn-snr10,data/attacks/awgn-snr10/librispeech-test-00854.wav,real,real_attack,none,awgn-snr10,snr10,YOU'LL ALL BE OVER IF YOU DON'T HAVE A CARE,na,na,6313,16000,2.355,test,na
librispeech-test-00854_awgn-snr20,data/attacks/awgn-snr20/librispeech-test-00854.wav,real,real_attack,none,awgn-snr20,snr20,YOU'LL ALL BE OVER IF YOU DON'T HAVE A CARE,na,na,6313,16000,2.355,test,na
librispeech-test-00854_bandpass-300-3400,data/attacks/bandpass-300-3400/librispeech-test-00854.wav,real,real_attack,none,bandpass-300-3400,bandpass300-3400,YOU'LL ALL BE OVER IF YOU DON'T HAVE A CARE,na,na,6313,16000,2.355,test,na
librispeech-test-00854_reverb-rt60-0.2,data/attacks/reverb-rt60-0.2/librispeech-test-00854.wav,real,real_attack,none,reverb-rt60-0.2,rt60-0.2,YOU'LL ALL BE OVER IF YOU DON'T HAVE A CARE,na,na,6313,16000,2.355,test,na
librispeech-test-00854_reverb-rt60-0.4,data/attacks/reverb-rt60-0.4/librispeech-test-00854.wav,real,real_attack,none,reverb-rt60-0.4,rt60-0.4,YOU'LL ALL BE OVER IF YOU DON'T HAVE A CARE,na,na,6313,16000,2.355,test,na
librispeech-test-00854_reverb-rt60-0.8,data/attacks/reverb-rt60-0.8/librispeech-test-00854.wav,real,real_attack,none,reverb-rt60-0.8,rt60-0.8,YOU'LL ALL BE OVER IF YOU DON'T HAVE A CARE,na,na,6313,16000,2.355,test,na
librispeech-test-00854_speed0.9,data/attacks/speed0.9/librispeech-test-00854.wav,real,real_attack,none,speed0.9,speed0.9,YOU'LL ALL BE OVER IF YOU DON'T HAVE A CARE,na,na,6313,16000,2.617,test,na
librispeech-test-00854_speed1.1,data/attacks/speed1.1/librispeech-test-00854.wav,real,real_attack,none,speed1.1,speed1.1,YOU'LL ALL BE OVER IF YOU DON'T HAVE A CARE,na,na,6313,16000,2.141,test,na
librispeech-test-00855_mp3-128k,data/attacks/mp3-128k/librispeech-test-00855.wav,real,real_attack,none,mp3-128k,mp3-128k,LOOKS LIKE A CLUMP OF BUSHES DOWN THERE BUT I AIN'T SURE CAN YOU MAKE IT OUT,na,na,6313,16000,4.5,test,na
librispeech-test-00855_mp3-64k,data/attacks/mp3-64k/librispeech-test-00855.wav,real,real_attack,none,mp3-64k,mp3-64k,LOOKS LIKE A CLUMP OF BUSHES DOWN THERE BUT I AIN'T SURE CAN YOU MAKE IT OUT,na,na,6313,16000,4.5,test,na
librispeech-test-00855_aac-128k,data/attacks/aac-128k/librispeech-test-00855.wav,real,real_attack,none,aac-128k,aac-128k,LOOKS LIKE A CLUMP OF BUSHES DOWN THERE BUT I AIN'T SURE CAN YOU MAKE IT OUT,na,na,6313,16000,4.544,test,na
librispeech-test-00855_opus-32k,data/attacks/opus-32k/librispeech-test-00855.wav,real,real_attack,none,opus-32k,opus-32k,LOOKS LIKE A CLUMP OF BUSHES DOWN THERE BUT I AIN'T SURE CAN YOU MAKE IT OUT,na,na,6313,16000,4.5,test,na
librispeech-test-00855_g711-8k,data/attacks/g711-8k/librispeech-test-00855.wav,real,real_attack,none,g711-8k,g711-8k,LOOKS LIKE A CLUMP OF BUSHES DOWN THERE BUT I AIN'T SURE CAN YOU MAKE IT OUT,na,na,6313,16000,4.5,test,na
librispeech-test-00855_resample-8k,data/attacks/resample-8k/librispeech-test-00855.wav,real,real_attack,none,resample-8k,8k-roundtrip,LOOKS LIKE A CLUMP OF BUSHES DOWN THERE BUT I AIN'T SURE CAN YOU MAKE IT OUT,na,na,6313,16000,4.5,test,na
librispeech-test-00855_awgn-snr5,data/attacks/awgn-snr5/librispeech-test-00855.wav,real,real_attack,none,awgn-snr5,snr5,LOOKS LIKE A CLUMP OF BUSHES DOWN THERE BUT I AIN'T SURE CAN YOU MAKE IT OUT,na,na,6313,16000,4.5,test,na
librispeech-test-00855_awgn-snr10,data/attacks/awgn-snr10/librispeech-test-00855.wav,real,real_attack,none,awgn-snr10,snr10,LOOKS LIKE A CLUMP OF BUSHES DOWN THERE BUT I AIN'T SURE CAN YOU MAKE IT OUT,na,na,6313,16000,4.5,test,na
librispeech-test-00855_awgn-snr20,data/attacks/awgn-snr20/librispeech-test-00855.wav,real,real_attack,none,awgn-snr20,snr20,LOOKS LIKE A CLUMP OF BUSHES DOWN THERE BUT I AIN'T SURE CAN YOU MAKE IT OUT,na,na,6313,16000,4.5,test,na
librispeech-test-00855_bandpass-300-3400,data/attacks/bandpass-300-3400/librispeech-test-00855.wav,real,real_attack,none,bandpass-300-3400,bandpass300-3400,LOOKS LIKE A CLUMP OF BUSHES DOWN THERE BUT I AIN'T SURE CAN YOU MAKE IT OUT,na,na,6313,16000,4.5,test,na
librispeech-test-00855_reverb-rt60-0.2,data/attacks/reverb-rt60-0.2/librispeech-test-00855.wav,real,real_attack,none,reverb-rt60-0.2,rt60-0.2,LOOKS LIKE A CLUMP OF BUSHES DOWN THERE BUT I AIN'T SURE CAN YOU MAKE IT OUT,na,na,6313,16000,4.5,test,na
librispeech-test-00855_reverb-rt60-0.4,data/attacks/reverb-rt60-0.4/librispeech-test-00855.wav,real,real_attack,none,reverb-rt60-0.4,rt60-0.4,LOOKS LIKE A CLUMP OF BUSHES DOWN THERE BUT I AIN'T SURE CAN YOU MAKE IT OUT,na,na,6313,16000,4.5,test,na
librispeech-test-00855_reverb-rt60-0.8,data/attacks/reverb-rt60-0.8/librispeech-test-00855.wav,real,real_attack,none,reverb-rt60-0.8,rt60-0.8,LOOKS LIKE A CLUMP OF BUSHES DOWN THERE BUT I AIN'T SURE CAN YOU MAKE IT OUT,na,na,6313,16000,4.5,test,na
librispeech-test-00855_speed0.9,data/attacks/speed0.9/librispeech-test-00855.wav,real,real_attack,none,speed0.9,speed0.9,LOOKS LIKE A CLUMP OF BUSHES DOWN THERE BUT I AIN'T SURE CAN YOU MAKE IT OUT,na,na,6313,16000,5.0,test,na
librispeech-test-00855_speed1.1,data/attacks/speed1.1/librispeech-test-00855.wav,real,real_attack,none,speed1.1,speed1.1,LOOKS LIKE A CLUMP OF BUSHES DOWN THERE BUT I AIN'T SURE CAN YOU MAKE IT OUT,na,na,6313,16000,4.091,test,na
librispeech-test-00856_mp3-128k,data/attacks/mp3-128k/librispeech-test-00856.wav,real,real_attack,none,mp3-128k,mp3-128k,YES AGREED TAD THAT DOES LOOK LIKE BUSHES,na,na,6313,16000,3.075,test,na
librispeech-test-00856_mp3-64k,data/attacks/mp3-64k/librispeech-test-00856.wav,real,real_attack,none,mp3-64k,mp3-64k,YES AGREED TAD THAT DOES LOOK LIKE BUSHES,na,na,6313,16000,3.075,test,na
librispeech-test-00856_aac-128k,data/attacks/aac-128k/librispeech-test-00856.wav,real,real_attack,none,aac-128k,aac-128k,YES AGREED TAD THAT DOES LOOK LIKE BUSHES,na,na,6313,16000,3.136,test,na
librispeech-test-00856_opus-32k,data/attacks/opus-32k/librispeech-test-00856.wav,real,real_attack,none,opus-32k,opus-32k,YES AGREED TAD THAT DOES LOOK LIKE BUSHES,na,na,6313,16000,3.075,test,na
librispeech-test-00856_g711-8k,data/attacks/g711-8k/librispeech-test-00856.wav,real,real_attack,none,g711-8k,g711-8k,YES AGREED TAD THAT DOES LOOK LIKE BUSHES,na,na,6313,16000,3.075,test,na
librispeech-test-00856_resample-8k,data/attacks/resample-8k/librispeech-test-00856.wav,real,real_attack,none,resample-8k,8k-roundtrip,YES AGREED TAD THAT DOES LOOK LIKE BUSHES,na,na,6313,16000,3.075,test,na
librispeech-test-00856_awgn-snr5,data/attacks/awgn-snr5/librispeech-test-00856.wav,real,real_attack,none,awgn-snr5,snr5,YES AGREED TAD THAT DOES LOOK LIKE BUSHES,na,na,6313,16000,3.075,test,na
librispeech-test-00856_awgn-snr10,data/attacks/awgn-snr10/librispeech-test-00856.wav,real,real_attack,none,awgn-snr10,snr10,YES AGREED TAD THAT DOES LOOK LIKE BUSHES,na,na,6313,16000,3.075,test,na
librispeech-test-00856_awgn-snr20,data/attacks/awgn-snr20/librispeech-test-00856.wav,real,real_attack,none,awgn-snr20,snr20,YES AGREED TAD THAT DOES LOOK LIKE BUSHES,na,na,6313,16000,3.075,test,na
librispeech-test-00856_bandpass-300-3400,data/attacks/bandpass-300-3400/librispeech-test-00856.wav,real,real_attack,none,bandpass-300-3400,bandpass300-3400,YES AGREED TAD THAT DOES LOOK LIKE BUSHES,na,na,6313,16000,3.075,test,na
librispeech-test-00856_reverb-rt60-0.2,data/attacks/reverb-rt60-0.2/librispeech-test-00856.wav,real,real_attack,none,reverb-rt60-0.2,rt60-0.2,YES AGREED TAD THAT DOES LOOK LIKE BUSHES,na,na,6313,16000,3.075,test,na
librispeech-test-00856_reverb-rt60-0.4,data/attacks/reverb-rt60-0.4/librispeech-test-00856.wav,real,real_attack,none,reverb-rt60-0.4,rt60-0.4,YES AGREED TAD THAT DOES LOOK LIKE BUSHES,na,na,6313,16000,3.075,test,na
librispeech-test-00856_reverb-rt60-0.8,data/attacks/reverb-rt60-0.8/librispeech-test-00856.wav,real,real_attack,none,reverb-rt60-0.8,rt60-0.8,YES AGREED TAD THAT DOES LOOK LIKE BUSHES,na,na,6313,16000,3.075,test,na
librispeech-test-00856_speed0.9,data/attacks/speed0.9/librispeech-test-00856.wav,real,real_attack,none,speed0.9,speed0.9,YES AGREED TAD THAT DOES LOOK LIKE BUSHES,na,na,6313,16000,3.417,test,na
librispeech-test-00856_speed1.1,data/attacks/speed1.1/librispeech-test-00856.wav,real,real_attack,none,speed1.1,speed1.1,YES AGREED TAD THAT DOES LOOK LIKE BUSHES,na,na,6313,16000,2.795,test,na
librispeech-test-00857_mp3-128k,data/attacks/mp3-128k/librispeech-test-00857.wav,real,real_attack,none,mp3-128k,mp3-128k,DON'T MOVE AROUND LIE PERFECTLY STILL WARNED THE GUIDE ARE YOU HURT,na,na,6313,16000,4.58,test,na
librispeech-test-00857_mp3-64k,data/attacks/mp3-64k/librispeech-test-00857.wav,real,real_attack,none,mp3-64k,mp3-64k,DON'T MOVE AROUND LIE PERFECTLY STILL WARNED THE GUIDE ARE YOU HURT,na,na,6313,16000,4.58,test,na
librispeech-test-00857_aac-128k,data/attacks/aac-128k/librispeech-test-00857.wav,real,real_attack,none,aac-128k,aac-128k,DON'T MOVE AROUND LIE PERFECTLY STILL WARNED THE GUIDE ARE YOU HURT,na,na,6313,16000,4.608,test,na
librispeech-test-00857_opus-32k,data/attacks/opus-32k/librispeech-test-00857.wav,real,real_attack,none,opus-32k,opus-32k,DON'T MOVE AROUND LIE PERFECTLY STILL WARNED THE GUIDE ARE YOU HURT,na,na,6313,16000,4.58,test,na
librispeech-test-00857_g711-8k,data/attacks/g711-8k/librispeech-test-00857.wav,real,real_attack,none,g711-8k,g711-8k,DON'T MOVE AROUND LIE PERFECTLY STILL WARNED THE GUIDE ARE YOU HURT,na,na,6313,16000,4.58,test,na
librispeech-test-00857_resample-8k,data/attacks/resample-8k/librispeech-test-00857.wav,real,real_attack,none,resample-8k,8k-roundtrip,DON'T MOVE AROUND LIE PERFECTLY STILL WARNED THE GUIDE ARE YOU HURT,na,na,6313,16000,4.58,test,na
librispeech-test-00857_awgn-snr5,data/attacks/awgn-snr5/librispeech-test-00857.wav,real,real_attack,none,awgn-snr5,snr5,DON'T MOVE AROUND LIE PERFECTLY STILL WARNED THE GUIDE ARE YOU HURT,na,na,6313,16000,4.58,test,na
librispeech-test-00857_awgn-snr10,data/attacks/awgn-snr10/librispeech-test-00857.wav,real,real_attack,none,awgn-snr10,snr10,DON'T MOVE AROUND LIE PERFECTLY STILL WARNED THE GUIDE ARE YOU HURT,na,na,6313,16000,4.58,test,na
librispeech-test-00857_awgn-snr20,data/attacks/awgn-snr20/librispeech-test-00857.wav,real,real_attack,none,awgn-snr20,snr20,DON'T MOVE AROUND LIE PERFECTLY STILL WARNED THE GUIDE ARE YOU HURT,na,na,6313,16000,4.58,test,na
librispeech-test-00857_bandpass-300-3400,data/attacks/bandpass-300-3400/librispeech-test-00857.wav,real,real_attack,none,bandpass-300-3400,bandpass300-3400,DON'T MOVE AROUND LIE PERFECTLY STILL WARNED THE GUIDE ARE YOU HURT,na,na,6313,16000,4.58,test,na
librispeech-test-00857_reverb-rt60-0.2,data/attacks/reverb-rt60-0.2/librispeech-test-00857.wav,real,real_attack,none,reverb-rt60-0.2,rt60-0.2,DON'T MOVE AROUND LIE PERFECTLY STILL WARNED THE GUIDE ARE YOU HURT,na,na,6313,16000,4.58,test,na
librispeech-test-00857_reverb-rt60-0.4,data/attacks/reverb-rt60-0.4/librispeech-test-00857.wav,real,real_attack,none,reverb-rt60-0.4,rt60-0.4,DON'T MOVE AROUND LIE PERFECTLY STILL WARNED THE GUIDE ARE YOU HURT,na,na,6313,16000,4.58,test,na
librispeech-test-00857_reverb-rt60-0.8,data/attacks/reverb-rt60-0.8/librispeech-test-00857.wav,real,real_attack,none,reverb-rt60-0.8,rt60-0.8,DON'T MOVE AROUND LIE PERFECTLY STILL WARNED THE GUIDE ARE YOU HURT,na,na,6313,16000,4.58,test,na
librispeech-test-00857_speed0.9,data/attacks/speed0.9/librispeech-test-00857.wav,real,real_attack,none,speed0.9,speed0.9,DON'T MOVE AROUND LIE PERFECTLY STILL WARNED THE GUIDE ARE YOU HURT,na,na,6313,16000,5.089,test,na
librispeech-test-00857_speed1.1,data/attacks/speed1.1/librispeech-test-00857.wav,real,real_attack,none,speed1.1,speed1.1,DON'T MOVE AROUND LIE PERFECTLY STILL WARNED THE GUIDE ARE YOU HURT,na,na,6313,16000,4.164,test,na
librispeech-test-00858_mp3-128k,data/attacks/mp3-128k/librispeech-test-00858.wav,real,real_attack,none,mp3-128k,mp3-128k,AND THAT TUMBLE'S ENOUGH TO KNOCK THE SENSE OUT OF A FULL GROWN MAN,na,na,6313,16000,3.26,test,na
librispeech-test-00858_mp3-64k,data/attacks/mp3-64k/librispeech-test-00858.wav,real,real_attack,none,mp3-64k,mp3-64k,AND THAT TUMBLE'S ENOUGH TO KNOCK THE SENSE OUT OF A FULL GROWN MAN,na,na,6313,16000,3.26,test,na
librispeech-test-00858_aac-128k,data/attacks/aac-128k/librispeech-test-00858.wav,real,real_attack,none,aac-128k,aac-128k,AND THAT TUMBLE'S ENOUGH TO KNOCK THE SENSE OUT OF A FULL GROWN MAN,na,na,6313,16000,3.264,test,na
librispeech-test-00858_opus-32k,data/attacks/opus-32k/librispeech-test-00858.wav,real,real_attack,none,opus-32k,opus-32k,AND THAT TUMBLE'S ENOUGH TO KNOCK THE SENSE OUT OF A FULL GROWN MAN,na,na,6313,16000,3.26,test,na
librispeech-test-00858_g711-8k,data/attacks/g711-8k/librispeech-test-00858.wav,real,real_attack,none,g711-8k,g711-8k,AND THAT TUMBLE'S ENOUGH TO KNOCK THE SENSE OUT OF A FULL GROWN MAN,na,na,6313,16000,3.26,test,na
librispeech-test-00858_resample-8k,data/attacks/resample-8k/librispeech-test-00858.wav,real,real_attack,none,resample-8k,8k-roundtrip,AND THAT TUMBLE'S ENOUGH TO KNOCK THE SENSE OUT OF A FULL GROWN MAN,na,na,6313,16000,3.26,test,na
librispeech-test-00858_awgn-snr5,data/attacks/awgn-snr5/librispeech-test-00858.wav,real,real_attack,none,awgn-snr5,snr5,AND THAT TUMBLE'S ENOUGH TO KNOCK THE SENSE OUT OF A FULL GROWN MAN,na,na,6313,16000,3.26,test,na
librispeech-test-00858_awgn-snr10,data/attacks/awgn-snr10/librispeech-test-00858.wav,real,real_attack,none,awgn-snr10,snr10,AND THAT TUMBLE'S ENOUGH TO KNOCK THE SENSE OUT OF A FULL GROWN MAN,na,na,6313,16000,3.26,test,na
librispeech-test-00858_awgn-snr20,data/attacks/awgn-snr20/librispeech-test-00858.wav,real,real_attack,none,awgn-snr20,snr20,AND THAT TUMBLE'S ENOUGH TO KNOCK THE SENSE OUT OF A FULL GROWN MAN,na,na,6313,16000,3.26,test,na
librispeech-test-00858_bandpass-300-3400,data/attacks/bandpass-300-3400/librispeech-test-00858.wav,real,real_attack,none,bandpass-300-3400,bandpass300-3400,AND THAT TUMBLE'S ENOUGH TO KNOCK THE SENSE OUT OF A FULL GROWN MAN,na,na,6313,16000,3.26,test,na
librispeech-test-00858_reverb-rt60-0.2,data/attacks/reverb-rt60-0.2/librispeech-test-00858.wav,real,real_attack,none,reverb-rt60-0.2,rt60-0.2,AND THAT TUMBLE'S ENOUGH TO KNOCK THE SENSE OUT OF A FULL GROWN MAN,na,na,6313,16000,3.26,test,na
librispeech-test-00858_reverb-rt60-0.4,data/attacks/reverb-rt60-0.4/librispeech-test-00858.wav,real,real_attack,none,reverb-rt60-0.4,rt60-0.4,AND THAT TUMBLE'S ENOUGH TO KNOCK THE SENSE OUT OF A FULL GROWN MAN,na,na,6313,16000,3.26,test,na
librispeech-test-00858_reverb-rt60-0.8,data/attacks/reverb-rt60-0.8/librispeech-test-00858.wav,real,real_attack,none,reverb-rt60-0.8,rt60-0.8,AND THAT TUMBLE'S ENOUGH TO KNOCK THE SENSE OUT OF A FULL GROWN MAN,na,na,6313,16000,3.26,test,na
librispeech-test-00858_speed0.9,data/attacks/speed0.9/librispeech-test-00858.wav,real,real_attack,none,speed0.9,speed0.9,AND THAT TUMBLE'S ENOUGH TO KNOCK THE SENSE OUT OF A FULL GROWN MAN,na,na,6313,16000,3.622,test,na
librispeech-test-00858_speed1.1,data/attacks/speed1.1/librispeech-test-00858.wav,real,real_attack,none,speed1.1,speed1.1,AND THAT TUMBLE'S ENOUGH TO KNOCK THE SENSE OUT OF A FULL GROWN MAN,na,na,6313,16000,2.964,test,na
librispeech-test-00859_mp3-128k,data/attacks/mp3-128k/librispeech-test-00859.wav,real,real_attack,none,mp3-128k,mp3-128k,I COULD NOT THINK OF ALLOWING ANY OF MY CHARGES TO TAKE SO TERRIBLE A RISK AND,na,na,6313,16000,4.64,test,na
librispeech-test-00859_mp3-64k,data/attacks/mp3-64k/librispeech-test-00859.wav,real,real_attack,none,mp3-64k,mp3-64k,I COULD NOT THINK OF ALLOWING ANY OF MY CHARGES TO TAKE SO TERRIBLE A RISK AND,na,na,6313,16000,4.64,test,na
librispeech-test-00859_aac-128k,data/attacks/aac-128k/librispeech-test-00859.wav,real,real_attack,none,aac-128k,aac-128k,I COULD NOT THINK OF ALLOWING ANY OF MY CHARGES TO TAKE SO TERRIBLE A RISK AND,na,na,6313,16000,4.672,test,na
librispeech-test-00859_opus-32k,data/attacks/opus-32k/librispeech-test-00859.wav,real,real_attack,none,opus-32k,opus-32k,I COULD NOT THINK OF ALLOWING ANY OF MY CHARGES TO TAKE SO TERRIBLE A RISK AND,na,na,6313,16000,4.64,test,na
librispeech-test-00859_g711-8k,data/attacks/g711-8k/librispeech-test-00859.wav,real,real_attack,none,g711-8k,g711-8k,I COULD NOT THINK OF ALLOWING ANY OF MY CHARGES TO TAKE SO TERRIBLE A RISK AND,na,na,6313,16000,4.64,test,na
librispeech-test-00859_resample-8k,data/attacks/resample-8k/librispeech-test-00859.wav,real,real_attack,none,resample-8k,8k-roundtrip,I COULD NOT THINK OF ALLOWING ANY OF MY CHARGES TO TAKE SO TERRIBLE A RISK AND,na,na,6313,16000,4.64,test,na
librispeech-test-00859_awgn-snr5,data/attacks/awgn-snr5/librispeech-test-00859.wav,real,real_attack,none,awgn-snr5,snr5,I COULD NOT THINK OF ALLOWING ANY OF MY CHARGES TO TAKE SO TERRIBLE A RISK AND,na,na,6313,16000,4.64,test,na
librispeech-test-00859_awgn-snr10,data/attacks/awgn-snr10/librispeech-test-00859.wav,real,real_attack,none,awgn-snr10,snr10,I COULD NOT THINK OF ALLOWING ANY OF MY CHARGES TO TAKE SO TERRIBLE A RISK AND,na,na,6313,16000,4.64,test,na
librispeech-test-00859_awgn-snr20,data/attacks/awgn-snr20/librispeech-test-00859.wav,real,real_attack,none,awgn-snr20,snr20,I COULD NOT THINK OF ALLOWING ANY OF MY CHARGES TO TAKE SO TERRIBLE A RISK AND,na,na,6313,16000,4.64,test,na
librispeech-test-00859_bandpass-300-3400,data/attacks/bandpass-300-3400/librispeech-test-00859.wav,real,real_attack,none,bandpass-300-3400,bandpass300-3400,I COULD NOT THINK OF ALLOWING ANY OF MY CHARGES TO TAKE SO TERRIBLE A RISK AND,na,na,6313,16000,4.64,test,na
librispeech-test-00859_reverb-rt60-0.2,data/attacks/reverb-rt60-0.2/librispeech-test-00859.wav,real,real_attack,none,reverb-rt60-0.2,rt60-0.2,I COULD NOT THINK OF ALLOWING ANY OF MY CHARGES TO TAKE SO TERRIBLE A RISK AND,na,na,6313,16000,4.64,test,na
librispeech-test-00859_reverb-rt60-0.4,data/attacks/reverb-rt60-0.4/librispeech-test-00859.wav,real,real_attack,none,reverb-rt60-0.4,rt60-0.4,I COULD NOT THINK OF ALLOWING ANY OF MY CHARGES TO TAKE SO TERRIBLE A RISK AND,na,na,6313,16000,4.64,test,na
librispeech-test-00859_reverb-rt60-0.8,data/attacks/reverb-rt60-0.8/librispeech-test-00859.wav,real,real_attack,none,reverb-rt60-0.8,rt60-0.8,I COULD NOT THINK OF ALLOWING ANY OF MY CHARGES TO TAKE SO TERRIBLE A RISK AND,na,na,6313,16000,4.64,test,na
librispeech-test-00859_speed0.9,data/attacks/speed0.9/librispeech-test-00859.wav,real,real_attack,none,speed0.9,speed0.9,I COULD NOT THINK OF ALLOWING ANY OF MY CHARGES TO TAKE SO TERRIBLE A RISK AND,na,na,6313,16000,5.156,test,na
librispeech-test-00859_speed1.1,data/attacks/speed1.1/librispeech-test-00859.wav,real,real_attack,none,speed1.1,speed1.1,I COULD NOT THINK OF ALLOWING ANY OF MY CHARGES TO TAKE SO TERRIBLE A RISK AND,na,na,6313,16000,4.218,test,na
librispeech-test-00860_mp3-128k,data/attacks/mp3-128k/librispeech-test-00860.wav,real,real_attack,none,mp3-128k,mp3-128k,NO I AM THE LIGHTER OF THE TWO URGED TAD,na,na,6313,16000,3.005,test,na
librispeech-test-00860_mp3-64k,data/attacks/mp3-64k/librispeech-test-00860.wav,real,real_attack,none,mp3-64k,mp3-64k,NO I AM THE LIGHTER OF THE TWO URGED TAD,na,na,6313,16000,3.005,test,na
librispeech-test-00860_aac-128k,data/attacks/aac-128k/librispeech-test-00860.wav,real,real_attack,none,aac-128k,aac-128k,NO I AM THE LIGHTER OF THE TWO URGED TAD,na,na,6313,16000,3.008,test,na
librispeech-test-00860_opus-32k,data/attacks/opus-32k/librispeech-test-00860.wav,real,real_attack,none,opus-32k,opus-32k,NO I AM THE LIGHTER OF THE TWO URGED TAD,na,na,6313,16000,3.005,test,na
librispeech-test-00860_g711-8k,data/attacks/g711-8k/librispeech-test-00860.wav,real,real_attack,none,g711-8k,g711-8k,NO I AM THE LIGHTER OF THE TWO URGED TAD,na,na,6313,16000,3.005,test,na
librispeech-test-00860_resample-8k,data/attacks/resample-8k/librispeech-test-00860.wav,real,real_attack,none,resample-8k,8k-roundtrip,NO I AM THE LIGHTER OF THE TWO URGED TAD,na,na,6313,16000,3.005,test,na
librispeech-test-00860_awgn-snr5,data/attacks/awgn-snr5/librispeech-test-00860.wav,real,real_attack,none,awgn-snr5,snr5,NO I AM THE LIGHTER OF THE TWO URGED TAD,na,na,6313,16000,3.005,test,na
librispeech-test-00860_awgn-snr10,data/attacks/awgn-snr10/librispeech-test-00860.wav,real,real_attack,none,awgn-snr10,snr10,NO I AM THE LIGHTER OF THE TWO URGED TAD,na,na,6313,16000,3.005,test,na
librispeech-test-00860_awgn-snr20,data/attacks/awgn-snr20/librispeech-test-00860.wav,real,real_attack,none,awgn-snr20,snr20,NO I AM THE LIGHTER OF THE TWO URGED TAD,na,na,6313,16000,3.005,test,na
librispeech-test-00860_bandpass-300-3400,data/attacks/bandpass-300-3400/librispeech-test-00860.wav,real,real_attack,none,bandpass-300-3400,bandpass300-3400,NO I AM THE LIGHTER OF THE TWO URGED TAD,na,na,6313,16000,3.005,test,na
librispeech-test-00860_reverb-rt60-0.2,data/attacks/reverb-rt60-0.2/librispeech-test-00860.wav,real,real_attack,none,reverb-rt60-0.2,rt60-0.2,NO I AM THE LIGHTER OF THE TWO URGED TAD,na,na,6313,16000,3.005,test,na
librispeech-test-00860_reverb-rt60-0.4,data/attacks/reverb-rt60-0.4/librispeech-test-00860.wav,real,real_attack,none,reverb-rt60-0.4,rt60-0.4,NO I AM THE LIGHTER OF THE TWO URGED TAD,na,na,6313,16000,3.005,test,na
librispeech-test-00860_reverb-rt60-0.8,data/attacks/reverb-rt60-0.8/librispeech-test-00860.wav,real,real_attack,none,reverb-rt60-0.8,rt60-0.8,NO I AM THE LIGHTER OF THE TWO URGED TAD,na,na,6313,16000,3.005,test,na
librispeech-test-00860_speed0.9,data/attacks/speed0.9/librispeech-test-00860.wav,real,real_attack,none,speed0.9,speed0.9,NO I AM THE LIGHTER OF THE TWO URGED TAD,na,na,6313,16000,3.339,test,na
librispeech-test-00860_speed1.1,data/attacks/speed1.1/librispeech-test-00860.wav,real,real_attack,none,speed1.1,speed1.1,NO I AM THE LIGHTER OF THE TWO URGED TAD,na,na,6313,16000,2.732,test,na
librispeech-test-00861_mp3-128k,data/attacks/mp3-128k/librispeech-test-00861.wav,real,real_attack,none,mp3-128k,mp3-128k,I AM THE ONE TO GO AFTER WALT IF ANYONE HAS TO I'LL GO DOWN MISTER THOMAS,na,na,6313,16000,4.93,test,na
librispeech-test-00861_mp3-64k,data/attacks/mp3-64k/librispeech-test-00861.wav,real,real_attack,none,mp3-64k,mp3-64k,I AM THE ONE TO GO AFTER WALT IF ANYONE HAS TO I'LL GO DOWN MISTER THOMAS,na,na,6313,16000,4.93,test,na
librispeech-test-00861_aac-128k,data/attacks/aac-128k/librispeech-test-00861.wav,real,real_attack,none,aac-128k,aac-128k,I AM THE ONE TO GO AFTER WALT IF ANYONE HAS TO I'LL GO DOWN MISTER THOMAS,na,na,6313,16000,4.992,test,na
librispeech-test-00861_opus-32k,data/attacks/opus-32k/librispeech-test-00861.wav,real,real_attack,none,opus-32k,opus-32k,I AM THE ONE TO GO AFTER WALT IF ANYONE HAS TO I'LL GO DOWN MISTER THOMAS,na,na,6313,16000,4.93,test,na
librispeech-test-00861_g711-8k,data/attacks/g711-8k/librispeech-test-00861.wav,real,real_attack,none,g711-8k,g711-8k,I AM THE ONE TO GO AFTER WALT IF ANYONE HAS TO I'LL GO DOWN MISTER THOMAS,na,na,6313,16000,4.93,test,na
librispeech-test-00861_resample-8k,data/attacks/resample-8k/librispeech-test-00861.wav,real,real_attack,none,resample-8k,8k-roundtrip,I AM THE ONE TO GO AFTER WALT IF ANYONE HAS TO I'LL GO DOWN MISTER THOMAS,na,na,6313,16000,4.93,test,na
librispeech-test-00861_awgn-snr5,data/attacks/awgn-snr5/librispeech-test-00861.wav,real,real_attack,none,awgn-snr5,snr5,I AM THE ONE TO GO AFTER WALT IF ANYONE HAS TO I'LL GO DOWN MISTER THOMAS,na,na,6313,16000,4.93,test,na
librispeech-test-00861_awgn-snr10,data/attacks/awgn-snr10/librispeech-test-00861.wav,real,real_attack,none,awgn-snr10,snr10,I AM THE ONE TO GO AFTER WALT IF ANYONE HAS TO I'LL GO DOWN MISTER THOMAS,na,na,6313,16000,4.93,test,na
librispeech-test-00861_awgn-snr20,data/attacks/awgn-snr20/librispeech-test-00861.wav,real,real_attack,none,awgn-snr20,snr20,I AM THE ONE TO GO AFTER WALT IF ANYONE HAS TO I'LL GO DOWN MISTER THOMAS,na,na,6313,16000,4.93,test,na
librispeech-test-00861_bandpass-300-3400,data/attacks/bandpass-300-3400/librispeech-test-00861.wav,real,real_attack,none,bandpass-300-3400,bandpass300-3400,I AM THE ONE TO GO AFTER WALT IF ANYONE HAS TO I'LL GO DOWN MISTER THOMAS,na,na,6313,16000,4.93,test,na
librispeech-test-00861_reverb-rt60-0.2,data/attacks/reverb-rt60-0.2/librispeech-test-00861.wav,real,real_attack,none,reverb-rt60-0.2,rt60-0.2,I AM THE ONE TO GO AFTER WALT IF ANYONE HAS TO I'LL GO DOWN MISTER THOMAS,na,na,6313,16000,4.93,test,na
librispeech-test-00861_reverb-rt60-0.4,data/attacks/reverb-rt60-0.4/librispeech-test-00861.wav,real,real_attack,none,reverb-rt60-0.4,rt60-0.4,I AM THE ONE TO GO AFTER WALT IF ANYONE HAS TO I'LL GO DOWN MISTER THOMAS,na,na,6313,16000,4.93,test,na
librispeech-test-00861_reverb-rt60-0.8,data/attacks/reverb-rt60-0.8/librispeech-test-00861.wav,real,real_attack,none,reverb-rt60-0.8,rt60-0.8,I AM THE ONE TO GO AFTER WALT IF ANYONE HAS TO I'LL GO DOWN MISTER THOMAS,na,na,6313,16000,4.93,test,na
librispeech-test-00861_speed0.9,data/attacks/speed0.9/librispeech-test-00861.wav,real,real_attack,none,speed0.9,speed0.9,I AM THE ONE TO GO AFTER WALT IF ANYONE HAS TO I'LL GO DOWN MISTER THOMAS,na,na,6313,16000,5.478,test,na
librispeech-test-00861_speed1.1,data/attacks/speed1.1/librispeech-test-00861.wav,real,real_attack,none,speed1.1,speed1.1,I AM THE ONE TO GO AFTER WALT IF ANYONE HAS TO I'LL GO DOWN MISTER THOMAS,na,na,6313,16000,4.482,test,na
librispeech-test-00862_mp3-128k,data/attacks/mp3-128k/librispeech-test-00862.wav,real,real_attack,none,mp3-128k,mp3-128k,MASTER TAD IS RIGHT DECIDED THE GUIDE GAZING AT THE TWO BOYS APPROVINGLY,na,na,6313,16000,4.49,test,na
librispeech-test-00862_mp3-64k,data/attacks/mp3-64k/librispeech-test-00862.wav,real,real_attack,none,mp3-64k,mp3-64k,MASTER TAD IS RIGHT DECIDED THE GUIDE GAZING AT THE TWO BOYS APPROVINGLY,na,na,6313,16000,4.49,test,na
librispeech-test-00862_aac-128k,data/attacks/aac-128k/librispeech-test-00862.wav,real,real_attack,none,aac-128k,aac-128k,MASTER TAD IS RIGHT DECIDED THE GUIDE GAZING AT THE TWO BOYS APPROVINGLY,na,na,6313,16000,4.544,test,na
librispeech-test-00862_opus-32k,data/attacks/opus-32k/librispeech-test-00862.wav,real,real_attack,none,opus-32k,opus-32k,MASTER TAD IS RIGHT DECIDED THE GUIDE GAZING AT THE TWO BOYS APPROVINGLY,na,na,6313,16000,4.49,test,na
librispeech-test-00862_g711-8k,data/attacks/g711-8k/librispeech-test-00862.wav,real,real_attack,none,g711-8k,g711-8k,MASTER TAD IS RIGHT DECIDED THE GUIDE GAZING AT THE TWO BOYS APPROVINGLY,na,na,6313,16000,4.49,test,na
librispeech-test-00862_resample-8k,data/attacks/resample-8k/librispeech-test-00862.wav,real,real_attack,none,resample-8k,8k-roundtrip,MASTER TAD IS RIGHT DECIDED THE GUIDE GAZING AT THE TWO BOYS APPROVINGLY,na,na,6313,16000,4.49,test,na
librispeech-test-00862_awgn-snr5,data/attacks/awgn-snr5/librispeech-test-00862.wav,real,real_attack,none,awgn-snr5,snr5,MASTER TAD IS RIGHT DECIDED THE GUIDE GAZING AT THE TWO BOYS APPROVINGLY,na,na,6313,16000,4.49,test,na
librispeech-test-00862_awgn-snr10,data/attacks/awgn-snr10/librispeech-test-00862.wav,real,real_attack,none,awgn-snr10,snr10,MASTER TAD IS RIGHT DECIDED THE GUIDE GAZING AT THE TWO BOYS APPROVINGLY,na,na,6313,16000,4.49,test,na
librispeech-test-00862_awgn-snr20,data/attacks/awgn-snr20/librispeech-test-00862.wav,real,real_attack,none,awgn-snr20,snr20,MASTER TAD IS RIGHT DECIDED THE GUIDE GAZING AT THE TWO BOYS APPROVINGLY,na,na,6313,16000,4.49,test,na
librispeech-test-00862_bandpass-300-3400,data/attacks/bandpass-300-3400/librispeech-test-00862.wav,real,real_attack,none,bandpass-300-3400,bandpass300-3400,MASTER TAD IS RIGHT DECIDED THE GUIDE GAZING AT THE TWO BOYS APPROVINGLY,na,na,6313,16000,4.49,test,na
librispeech-test-00862_reverb-rt60-0.2,data/attacks/reverb-rt60-0.2/librispeech-test-00862.wav,real,real_attack,none,reverb-rt60-0.2,rt60-0.2,MASTER TAD IS RIGHT DECIDED THE GUIDE GAZING AT THE TWO BOYS APPROVINGLY,na,na,6313,16000,4.49,test,na
librispeech-test-00862_reverb-rt60-0.4,data/attacks/reverb-rt60-0.4/librispeech-test-00862.wav,real,real_attack,none,reverb-rt60-0.4,rt60-0.4,MASTER TAD IS RIGHT DECIDED THE GUIDE GAZING AT THE TWO BOYS APPROVINGLY,na,na,6313,16000,4.49,test,na
librispeech-test-00862_reverb-rt60-0.8,data/attacks/reverb-rt60-0.8/librispeech-test-00862.wav,real,real_attack,none,reverb-rt60-0.8,rt60-0.8,MASTER TAD IS RIGHT DECIDED THE GUIDE GAZING AT THE TWO BOYS APPROVINGLY,na,na,6313,16000,4.49,test,na
librispeech-test-00862_speed0.9,data/attacks/speed0.9/librispeech-test-00862.wav,real,real_attack,none,speed0.9,speed0.9,MASTER TAD IS RIGHT DECIDED THE GUIDE GAZING AT THE TWO BOYS APPROVINGLY,na,na,6313,16000,4.989,test,na
librispeech-test-00862_speed1.1,data/attacks/speed1.1/librispeech-test-00862.wav,real,real_attack,none,speed1.1,speed1.1,MASTER TAD IS RIGHT DECIDED THE GUIDE GAZING AT THE TWO BOYS APPROVINGLY,na,na,6313,16000,4.082,test,na
librispeech-test-01122_mp3-128k,data/attacks/mp3-128k/librispeech-test-01122.wav,real,real_attack,none,mp3-128k,mp3-128k,KIRKLEATHAM YEAST,na,na,2078,16000,2.195,test,na
librispeech-test-01122_mp3-64k,data/attacks/mp3-64k/librispeech-test-01122.wav,real,real_attack,none,mp3-64k,mp3-64k,KIRKLEATHAM YEAST,na,na,2078,16000,2.195,test,na
librispeech-test-01122_aac-128k,data/attacks/aac-128k/librispeech-test-01122.wav,real,real_attack,none,aac-128k,aac-128k,KIRKLEATHAM YEAST,na,na,2078,16000,2.24,test,na
librispeech-test-01122_opus-32k,data/attacks/opus-32k/librispeech-test-01122.wav,real,real_attack,none,opus-32k,opus-32k,KIRKLEATHAM YEAST,na,na,2078,16000,2.195,test,na
librispeech-test-01122_g711-8k,data/attacks/g711-8k/librispeech-test-01122.wav,real,real_attack,none,g711-8k,g711-8k,KIRKLEATHAM YEAST,na,na,2078,16000,2.195,test,na
librispeech-test-01122_resample-8k,data/attacks/resample-8k/librispeech-test-01122.wav,real,real_attack,none,resample-8k,8k-roundtrip,KIRKLEATHAM YEAST,na,na,2078,16000,2.195,test,na
librispeech-test-01122_awgn-snr5,data/attacks/awgn-snr5/librispeech-test-01122.wav,real,real_attack,none,awgn-snr5,snr5,KIRKLEATHAM YEAST,na,na,2078,16000,2.195,test,na
librispeech-test-01122_awgn-snr10,data/attacks/awgn-snr10/librispeech-test-01122.wav,real,real_attack,none,awgn-snr10,snr10,KIRKLEATHAM YEAST,na,na,2078,16000,2.195,test,na
librispeech-test-01122_awgn-snr20,data/attacks/awgn-snr20/librispeech-test-01122.wav,real,real_attack,none,awgn-snr20,snr20,KIRKLEATHAM YEAST,na,na,2078,16000,2.195,test,na
librispeech-test-01122_bandpass-300-3400,data/attacks/bandpass-300-3400/librispeech-test-01122.wav,real,real_attack,none,bandpass-300-3400,bandpass300-3400,KIRKLEATHAM YEAST,na,na,2078,16000,2.195,test,na
librispeech-test-01122_reverb-rt60-0.2,data/attacks/reverb-rt60-0.2/librispeech-test-01122.wav,real,real_attack,none,reverb-rt60-0.2,rt60-0.2,KIRKLEATHAM YEAST,na,na,2078,16000,2.195,test,na
librispeech-test-01122_reverb-rt60-0.4,data/attacks/reverb-rt60-0.4/librispeech-test-01122.wav,real,real_attack,none,reverb-rt60-0.4,rt60-0.4,KIRKLEATHAM YEAST,na,na,2078,16000,2.195,test,na
librispeech-test-01122_reverb-rt60-0.8,data/attacks/reverb-rt60-0.8/librispeech-test-01122.wav,real,real_attack,none,reverb-rt60-0.8,rt60-0.8,KIRKLEATHAM YEAST,na,na,2078,16000,2.195,test,na
librispeech-test-01122_speed0.9,data/attacks/speed0.9/librispeech-test-01122.wav,real,real_attack,none,speed0.9,speed0.9,KIRKLEATHAM YEAST,na,na,2078,16000,2.439,test,na
librispeech-test-01122_speed1.1,data/attacks/speed1.1/librispeech-test-01122.wav,real,real_attack,none,speed1.1,speed1.1,KIRKLEATHAM YEAST,na,na,2078,16000,1.995,test,na
librispeech-test-01123_mp3-128k,data/attacks/mp3-128k/librispeech-test-01123.wav,real,real_attack,none,mp3-128k,mp3-128k,SEVENTEEN SEVENTEEN,na,na,2078,16000,2.135,test,na
librispeech-test-01123_mp3-64k,data/attacks/mp3-64k/librispeech-test-01123.wav,real,real_attack,none,mp3-64k,mp3-64k,SEVENTEEN SEVENTEEN,na,na,2078,16000,2.135,test,na
librispeech-test-01123_aac-128k,data/attacks/aac-128k/librispeech-test-01123.wav,real,real_attack,none,aac-128k,aac-128k,SEVENTEEN SEVENTEEN,na,na,2078,16000,2.176,test,na
librispeech-test-01123_opus-32k,data/attacks/opus-32k/librispeech-test-01123.wav,real,real_attack,none,opus-32k,opus-32k,SEVENTEEN SEVENTEEN,na,na,2078,16000,2.135,test,na
librispeech-test-01123_g711-8k,data/attacks/g711-8k/librispeech-test-01123.wav,real,real_attack,none,g711-8k,g711-8k,SEVENTEEN SEVENTEEN,na,na,2078,16000,2.135,test,na
librispeech-test-01123_resample-8k,data/attacks/resample-8k/librispeech-test-01123.wav,real,real_attack,none,resample-8k,8k-roundtrip,SEVENTEEN SEVENTEEN,na,na,2078,16000,2.135,test,na
librispeech-test-01123_awgn-snr5,data/attacks/awgn-snr5/librispeech-test-01123.wav,real,real_attack,none,awgn-snr5,snr5,SEVENTEEN SEVENTEEN,na,na,2078,16000,2.135,test,na
librispeech-test-01123_awgn-snr10,data/attacks/awgn-snr10/librispeech-test-01123.wav,real,real_attack,none,awgn-snr10,snr10,SEVENTEEN SEVENTEEN,na,na,2078,16000,2.135,test,na
librispeech-test-01123_awgn-snr20,data/attacks/awgn-snr20/librispeech-test-01123.wav,real,real_attack,none,awgn-snr20,snr20,SEVENTEEN SEVENTEEN,na,na,2078,16000,2.135,test,na
librispeech-test-01123_bandpass-300-3400,data/attacks/bandpass-300-3400/librispeech-test-01123.wav,real,real_attack,none,bandpass-300-3400,bandpass300-3400,SEVENTEEN SEVENTEEN,na,na,2078,16000,2.135,test,na
librispeech-test-01123_reverb-rt60-0.2,data/attacks/reverb-rt60-0.2/librispeech-test-01123.wav,real,real_attack,none,reverb-rt60-0.2,rt60-0.2,SEVENTEEN SEVENTEEN,na,na,2078,16000,2.135,test,na
librispeech-test-01123_reverb-rt60-0.4,data/attacks/reverb-rt60-0.4/librispeech-test-01123.wav,real,real_attack,none,reverb-rt60-0.4,rt60-0.4,SEVENTEEN SEVENTEEN,na,na,2078,16000,2.135,test,na
librispeech-test-01123_reverb-rt60-0.8,data/attacks/reverb-rt60-0.8/librispeech-test-01123.wav,real,real_attack,none,reverb-rt60-0.8,rt60-0.8,SEVENTEEN SEVENTEEN,na,na,2078,16000,2.135,test,na
librispeech-test-01123_speed0.9,data/attacks/speed0.9/librispeech-test-01123.wav,real,real_attack,none,speed0.9,speed0.9,SEVENTEEN SEVENTEEN,na,na,2078,16000,2.372,test,na
librispeech-test-01123_speed1.1,data/attacks/speed1.1/librispeech-test-01123.wav,real,real_attack,none,speed1.1,speed1.1,SEVENTEEN SEVENTEEN,na,na,2078,16000,1.941,test,na
librispeech-test-01124_mp3-128k,data/attacks/mp3-128k/librispeech-test-01124.wav,real,real_attack,none,mp3-128k,mp3-128k,TO MAKE GOOD HOME MADE BREAD,na,na,2078,16000,2.915,test,na
librispeech-test-01124_mp3-64k,data/attacks/mp3-64k/librispeech-test-01124.wav,real,real_attack,none,mp3-64k,mp3-64k,TO MAKE GOOD HOME MADE BREAD,na,na,2078,16000,2.915,test,na
librispeech-test-01124_aac-128k,data/attacks/aac-128k/librispeech-test-01124.wav,real,real_attack,none,aac-128k,aac-128k,TO MAKE GOOD HOME MADE BREAD,na,na,2078,16000,2.944,test,na
librispeech-test-01124_opus-32k,data/attacks/opus-32k/librispeech-test-01124.wav,real,real_attack,none,opus-32k,opus-32k,TO MAKE GOOD HOME MADE BREAD,na,na,2078,16000,2.915,test,na
librispeech-test-01124_g711-8k,data/attacks/g711-8k/librispeech-test-01124.wav,real,real_attack,none,g711-8k,g711-8k,TO MAKE GOOD HOME MADE BREAD,na,na,2078,16000,2.915,test,na
librispeech-test-01124_resample-8k,data/attacks/resample-8k/librispeech-test-01124.wav,real,real_attack,none,resample-8k,8k-roundtrip,TO MAKE GOOD HOME MADE BREAD,na,na,2078,16000,2.915,test,na
librispeech-test-01124_awgn-snr5,data/attacks/awgn-snr5/librispeech-test-01124.wav,real,real_attack,none,awgn-snr5,snr5,TO MAKE GOOD HOME MADE BREAD,na,na,2078,16000,2.915,test,na
librispeech-test-01124_awgn-snr10,data/attacks/awgn-snr10/librispeech-test-01124.wav,real,real_attack,none,awgn-snr10,snr10,TO MAKE GOOD HOME MADE BREAD,na,na,2078,16000,2.915,test,na
librispeech-test-01124_awgn-snr20,data/attacks/awgn-snr20/librispeech-test-01124.wav,real,real_attack,none,awgn-snr20,snr20,TO MAKE GOOD HOME MADE BREAD,na,na,2078,16000,2.915,test,na
librispeech-test-01124_bandpass-300-3400,data/attacks/bandpass-300-3400/librispeech-test-01124.wav,real,real_attack,none,bandpass-300-3400,bandpass300-3400,TO MAKE GOOD HOME MADE BREAD,na,na,2078,16000,2.915,test,na
librispeech-test-01124_reverb-rt60-0.2,data/attacks/reverb-rt60-0.2/librispeech-test-01124.wav,real,real_attack,none,reverb-rt60-0.2,rt60-0.2,TO MAKE GOOD HOME MADE BREAD,na,na,2078,16000,2.915,test,na
librispeech-test-01124_reverb-rt60-0.4,data/attacks/reverb-rt60-0.4/librispeech-test-01124.wav,real,real_attack,none,reverb-rt60-0.4,rt60-0.4,TO MAKE GOOD HOME MADE BREAD,na,na,2078,16000,2.915,test,na
librispeech-test-01124_reverb-rt60-0.8,data/attacks/reverb-rt60-0.8/librispeech-test-01124.wav,real,real_attack,none,reverb-rt60-0.8,rt60-0.8,TO MAKE GOOD HOME MADE BREAD,na,na,2078,16000,2.915,test,na
librispeech-test-01124_speed0.9,data/attacks/speed0.9/librispeech-test-01124.wav,real,real_attack,none,speed0.9,speed0.9,TO MAKE GOOD HOME MADE BREAD,na,na,2078,16000,3.239,test,na
librispeech-test-01124_speed1.1,data/attacks/speed1.1/librispeech-test-01124.wav,real,real_attack,none,speed1.1,speed1.1,TO MAKE GOOD HOME MADE BREAD,na,na,2078,16000,2.65,test,na
librispeech-test-01125_mp3-128k,data/attacks/mp3-128k/librispeech-test-01125.wav,real,real_attack,none,mp3-128k,mp3-128k,SEVENTEEN EIGHTEEN,na,na,2078,16000,2.075,test,na
librispeech-test-01125_mp3-64k,data/attacks/mp3-64k/librispeech-test-01125.wav,real,real_attack,none,mp3-64k,mp3-64k,SEVENTEEN EIGHTEEN,na,na,2078,16000,2.075,test,na
librispeech-test-01125_aac-128k,data/attacks/aac-128k/librispeech-test-01125.wav,real,real_attack,none,aac-128k,aac-128k,SEVENTEEN EIGHTEEN,na,na,2078,16000,2.112,test,na
librispeech-test-01125_opus-32k,data/attacks/opus-32k/librispeech-test-01125.wav,real,real_attack,none,opus-32k,opus-32k,SEVENTEEN EIGHTEEN,na,na,2078,16000,2.075,test,na
librispeech-test-01125_g711-8k,data/attacks/g711-8k/librispeech-test-01125.wav,real,real_attack,none,g711-8k,g711-8k,SEVENTEEN EIGHTEEN,na,na,2078,16000,2.075,test,na
librispeech-test-01125_resample-8k,data/attacks/resample-8k/librispeech-test-01125.wav,real,real_attack,none,resample-8k,8k-roundtrip,SEVENTEEN EIGHTEEN,na,na,2078,16000,2.075,test,na
librispeech-test-01125_awgn-snr5,data/attacks/awgn-snr5/librispeech-test-01125.wav,real,real_attack,none,awgn-snr5,snr5,SEVENTEEN EIGHTEEN,na,na,2078,16000,2.075,test,na
librispeech-test-01125_awgn-snr10,data/attacks/awgn-snr10/librispeech-test-01125.wav,real,real_attack,none,awgn-snr10,snr10,SEVENTEEN EIGHTEEN,na,na,2078,16000,2.075,test,na
librispeech-test-01125_awgn-snr20,data/attacks/awgn-snr20/librispeech-test-01125.wav,real,real_attack,none,awgn-snr20,snr20,SEVENTEEN EIGHTEEN,na,na,2078,16000,2.075,test,na
librispeech-test-01125_bandpass-300-3400,data/attacks/bandpass-300-3400/librispeech-test-01125.wav,real,real_attack,none,bandpass-300-3400,bandpass300-3400,SEVENTEEN EIGHTEEN,na,na,2078,16000,2.075,test,na
librispeech-test-01125_reverb-rt60-0.2,data/attacks/reverb-rt60-0.2/librispeech-test-01125.wav,real,real_attack,none,reverb-rt60-0.2,rt60-0.2,SEVENTEEN EIGHTEEN,na,na,2078,16000,2.075,test,na
librispeech-test-01125_reverb-rt60-0.4,data/attacks/reverb-rt60-0.4/librispeech-test-01125.wav,real,real_attack,none,reverb-rt60-0.4,rt60-0.4,SEVENTEEN EIGHTEEN,na,na,2078,16000,2.075,test,na
librispeech-test-01125_reverb-rt60-0.8,data/attacks/reverb-rt60-0.8/librispeech-test-01125.wav,real,real_attack,none,reverb-rt60-0.8,rt60-0.8,SEVENTEEN EIGHTEEN,na,na,2078,16000,2.075,test,na
librispeech-test-01125_speed0.9,data/attacks/speed0.9/librispeech-test-01125.wav,real,real_attack,none,speed0.9,speed0.9,SEVENTEEN EIGHTEEN,na,na,2078,16000,2.306,test,na
librispeech-test-01125_speed1.1,data/attacks/speed1.1/librispeech-test-01125.wav,real,real_attack,none,speed1.1,speed1.1,SEVENTEEN EIGHTEEN,na,na,2078,16000,1.886,test,na
librispeech-test-01126_mp3-128k,data/attacks/mp3-128k/librispeech-test-01126.wav,real,real_attack,none,mp3-128k,mp3-128k,MODE PUT THE FLOUR INTO A LARGE EARTHENWARE BOWL OR DEEP PAN THEN WITH A STRONG METAL OR WOODEN SPOON HOLLOW OUT THE MIDDLE BUT DO NOT CLEAR IT ENTIRELY AWAY FROM THE BOTTOM OF THE PAN AS IN THAT CASE THE SPONGE OR LEAVEN AS IT WAS FORMERLY TERMED WOULD STICK TO IT WHICH IT OUGHT NOT TO DO,na,na,2078,16000,23.175,test,na
librispeech-test-01126_mp3-64k,data/attacks/mp3-64k/librispeech-test-01126.wav,real,real_attack,none,mp3-64k,mp3-64k,MODE PUT THE FLOUR INTO A LARGE EARTHENWARE BOWL OR DEEP PAN THEN WITH A STRONG METAL OR WOODEN SPOON HOLLOW OUT THE MIDDLE BUT DO NOT CLEAR IT ENTIRELY AWAY FROM THE BOTTOM OF THE PAN AS IN THAT CASE THE SPONGE OR LEAVEN AS IT WAS FORMERLY TERMED WOULD STICK TO IT WHICH IT OUGHT NOT TO DO,na,na,2078,16000,23.175,test,na
librispeech-test-01126_aac-128k,data/attacks/aac-128k/librispeech-test-01126.wav,real,real_attack,none,aac-128k,aac-128k,MODE PUT THE FLOUR INTO A LARGE EARTHENWARE BOWL OR DEEP PAN THEN WITH A STRONG METAL OR WOODEN SPOON HOLLOW OUT THE MIDDLE BUT DO NOT CLEAR IT ENTIRELY AWAY FROM THE BOTTOM OF THE PAN AS IN THAT CASE THE SPONGE OR LEAVEN AS IT WAS FORMERLY TERMED WOULD STICK TO IT WHICH IT OUGHT NOT TO DO,na,na,2078,16000,23.232,test,na
librispeech-test-01126_opus-32k,data/attacks/opus-32k/librispeech-test-01126.wav,real,real_attack,none,opus-32k,opus-32k,MODE PUT THE FLOUR INTO A LARGE EARTHENWARE BOWL OR DEEP PAN THEN WITH A STRONG METAL OR WOODEN SPOON HOLLOW OUT THE MIDDLE BUT DO NOT CLEAR IT ENTIRELY AWAY FROM THE BOTTOM OF THE PAN AS IN THAT CASE THE SPONGE OR LEAVEN AS IT WAS FORMERLY TERMED WOULD STICK TO IT WHICH IT OUGHT NOT TO DO,na,na,2078,16000,23.175,test,na
librispeech-test-01126_g711-8k,data/attacks/g711-8k/librispeech-test-01126.wav,real,real_attack,none,g711-8k,g711-8k,MODE PUT THE FLOUR INTO A LARGE EARTHENWARE BOWL OR DEEP PAN THEN WITH A STRONG METAL OR WOODEN SPOON HOLLOW OUT THE MIDDLE BUT DO NOT CLEAR IT ENTIRELY AWAY FROM THE BOTTOM OF THE PAN AS IN THAT CASE THE SPONGE OR LEAVEN AS IT WAS FORMERLY TERMED WOULD STICK TO IT WHICH IT OUGHT NOT TO DO,na,na,2078,16000,23.175,test,na
librispeech-test-01126_resample-8k,data/attacks/resample-8k/librispeech-test-01126.wav,real,real_attack,none,resample-8k,8k-roundtrip,MODE PUT THE FLOUR INTO A LARGE EARTHENWARE BOWL OR DEEP PAN THEN WITH A STRONG METAL OR WOODEN SPOON HOLLOW OUT THE MIDDLE BUT DO NOT CLEAR IT ENTIRELY AWAY FROM THE BOTTOM OF THE PAN AS IN THAT CASE THE SPONGE OR LEAVEN AS IT WAS FORMERLY TERMED WOULD STICK TO IT WHICH IT OUGHT NOT TO DO,na,na,2078,16000,23.175,test,na
librispeech-test-01126_awgn-snr5,data/attacks/awgn-snr5/librispeech-test-01126.wav,real,real_attack,none,awgn-snr5,snr5,MODE PUT THE FLOUR INTO A LARGE EARTHENWARE BOWL OR DEEP PAN THEN WITH A STRONG METAL OR WOODEN SPOON HOLLOW OUT THE MIDDLE BUT DO NOT CLEAR IT ENTIRELY AWAY FROM THE BOTTOM OF THE PAN AS IN THAT CASE THE SPONGE OR LEAVEN AS IT WAS FORMERLY TERMED WOULD STICK TO IT WHICH IT OUGHT NOT TO DO,na,na,2078,16000,23.175,test,na
librispeech-test-01126_awgn-snr10,data/attacks/awgn-snr10/librispeech-test-01126.wav,real,real_attack,none,awgn-snr10,snr10,MODE PUT THE FLOUR INTO A LARGE EARTHENWARE BOWL OR DEEP PAN THEN WITH A STRONG METAL OR WOODEN SPOON HOLLOW OUT THE MIDDLE BUT DO NOT CLEAR IT ENTIRELY AWAY FROM THE BOTTOM OF THE PAN AS IN THAT CASE THE SPONGE OR LEAVEN AS IT WAS FORMERLY TERMED WOULD STICK TO IT WHICH IT OUGHT NOT TO DO,na,na,2078,16000,23.175,test,na
librispeech-test-01126_awgn-snr20,data/attacks/awgn-snr20/librispeech-test-01126.wav,real,real_attack,none,awgn-snr20,snr20,MODE PUT THE FLOUR INTO A LARGE EARTHENWARE BOWL OR DEEP PAN THEN WITH A STRONG METAL OR WOODEN SPOON HOLLOW OUT THE MIDDLE BUT DO NOT CLEAR IT ENTIRELY AWAY FROM THE BOTTOM OF THE PAN AS IN THAT CASE THE SPONGE OR LEAVEN AS IT WAS FORMERLY TERMED WOULD STICK TO IT WHICH IT OUGHT NOT TO DO,na,na,2078,16000,23.175,test,na
librispeech-test-01126_bandpass-300-3400,data/attacks/bandpass-300-3400/librispeech-test-01126.wav,real,real_attack,none,bandpass-300-3400,bandpass300-3400,MODE PUT THE FLOUR INTO A LARGE EARTHENWARE BOWL OR DEEP PAN THEN WITH A STRONG METAL OR WOODEN SPOON HOLLOW OUT THE MIDDLE BUT DO NOT CLEAR IT ENTIRELY AWAY FROM THE BOTTOM OF THE PAN AS IN THAT CASE THE SPONGE OR LEAVEN AS IT WAS FORMERLY TERMED WOULD STICK TO IT WHICH IT OUGHT NOT TO DO,na,na,2078,16000,23.175,test,na
librispeech-test-01126_reverb-rt60-0.2,data/attacks/reverb-rt60-0.2/librispeech-test-01126.wav,real,real_attack,none,reverb-rt60-0.2,rt60-0.2,MODE PUT THE FLOUR INTO A LARGE EARTHENWARE BOWL OR DEEP PAN THEN WITH A STRONG METAL OR WOODEN SPOON HOLLOW OUT THE MIDDLE BUT DO NOT CLEAR IT ENTIRELY AWAY FROM THE BOTTOM OF THE PAN AS IN THAT CASE THE SPONGE OR LEAVEN AS IT WAS FORMERLY TERMED WOULD STICK TO IT WHICH IT OUGHT NOT TO DO,na,na,2078,16000,23.175,test,na
librispeech-test-01126_reverb-rt60-0.4,data/attacks/reverb-rt60-0.4/librispeech-test-01126.wav,real,real_attack,none,reverb-rt60-0.4,rt60-0.4,MODE PUT THE FLOUR INTO A LARGE EARTHENWARE BOWL OR DEEP PAN THEN WITH A STRONG METAL OR WOODEN SPOON HOLLOW OUT THE MIDDLE BUT DO NOT CLEAR IT ENTIRELY AWAY FROM THE BOTTOM OF THE PAN AS IN THAT CASE THE SPONGE OR LEAVEN AS IT WAS FORMERLY TERMED WOULD STICK TO IT WHICH IT OUGHT NOT TO DO,na,na,2078,16000,23.175,test,na
librispeech-test-01126_reverb-rt60-0.8,data/attacks/reverb-rt60-0.8/librispeech-test-01126.wav,real,real_attack,none,reverb-rt60-0.8,rt60-0.8,MODE PUT THE FLOUR INTO A LARGE EARTHENWARE BOWL OR DEEP PAN THEN WITH A STRONG METAL OR WOODEN SPOON HOLLOW OUT THE MIDDLE BUT DO NOT CLEAR IT ENTIRELY AWAY FROM THE BOTTOM OF THE PAN AS IN THAT CASE THE SPONGE OR LEAVEN AS IT WAS FORMERLY TERMED WOULD STICK TO IT WHICH IT OUGHT NOT TO DO,na,na,2078,16000,23.175,test,na
librispeech-test-01126_speed0.9,data/attacks/speed0.9/librispeech-test-01126.wav,real,real_attack,none,speed0.9,speed0.9,MODE PUT THE FLOUR INTO A LARGE EARTHENWARE BOWL OR DEEP PAN THEN WITH A STRONG METAL OR WOODEN SPOON HOLLOW OUT THE MIDDLE BUT DO NOT CLEAR IT ENTIRELY AWAY FROM THE BOTTOM OF THE PAN AS IN THAT CASE THE SPONGE OR LEAVEN AS IT WAS FORMERLY TERMED WOULD STICK TO IT WHICH IT OUGHT NOT TO DO,na,na,2078,16000,25.75,test,na
librispeech-test-01126_speed1.1,data/attacks/speed1.1/librispeech-test-01126.wav,real,real_attack,none,speed1.1,speed1.1,MODE PUT THE FLOUR INTO A LARGE EARTHENWARE BOWL OR DEEP PAN THEN WITH A STRONG METAL OR WOODEN SPOON HOLLOW OUT THE MIDDLE BUT DO NOT CLEAR IT ENTIRELY AWAY FROM THE BOTTOM OF THE PAN AS IN THAT CASE THE SPONGE OR LEAVEN AS IT WAS FORMERLY TERMED WOULD STICK TO IT WHICH IT OUGHT NOT TO DO,na,na,2078,16000,21.068,test,na
librispeech-test-01127_mp3-128k,data/attacks/mp3-128k/librispeech-test-01127.wav,real,real_attack,none,mp3-128k,mp3-128k,NEXT TAKE EITHER A LARGE TABLESPOONFUL OF BREWER'S YEAST WHICH HAS BEEN RENDERED SOLID BY MIXING IT WITH PLENTY OF COLD WATER AND LETTING IT AFTERWARDS STAND TO SETTLE FOR A DAY AND NIGHT OR NEARLY AN OUNCE OF GERMAN YEAST PUT IT INTO A LARGE BASIN AND PROCEED TO MIX IT SO THAT IT SHALL BE AS SMOOTH AS CREAM WITH THREE QUARTERS PINT OF WARM MILK AND WATER OR WITH WATER ONLY THOUGH EVEN A VERY LITTLE MILK WILL MUCH IMPROVE THE BREAD,na,na,2078,16000,31.375,test,na
librispeech-test-01127_mp3-64k,data/attacks/mp3-64k/librispeech-test-01127.wav,real,real_attack,none,mp3-64k,mp3-64k,NEXT TAKE EITHER A LARGE TABLESPOONFUL OF BREWER'S YEAST WHICH HAS BEEN RENDERED SOLID BY MIXING IT WITH PLENTY OF COLD WATER AND LETTING IT AFTERWARDS STAND TO SETTLE FOR A DAY AND NIGHT OR NEARLY AN OUNCE OF GERMAN YEAST PUT IT INTO A LARGE BASIN AND PROCEED TO MIX IT SO THAT IT SHALL BE AS SMOOTH AS CREAM WITH THREE QUARTERS PINT OF WARM MILK AND WATER OR WITH WATER ONLY THOUGH EVEN A VERY LITTLE MILK WILL MUCH IMPROVE THE BREAD,na,na,2078,16000,31.375,test,na
librispeech-test-01127_aac-128k,data/attacks/aac-128k/librispeech-test-01127.wav,real,real_attack,none,aac-128k,aac-128k,NEXT TAKE EITHER A LARGE TABLESPOONFUL OF BREWER'S YEAST WHICH HAS BEEN RENDERED SOLID BY MIXING IT WITH PLENTY OF COLD WATER AND LETTING IT AFTERWARDS STAND TO SETTLE FOR A DAY AND NIGHT OR NEARLY AN OUNCE OF GERMAN YEAST PUT IT INTO A LARGE BASIN AND PROCEED TO MIX IT SO THAT IT SHALL BE AS SMOOTH AS CREAM WITH THREE QUARTERS PINT OF WARM MILK AND WATER OR WITH WATER ONLY THOUGH EVEN A VERY LITTLE MILK WILL MUCH IMPROVE THE BREAD,na,na,2078,16000,31.424,test,na
librispeech-test-01127_opus-32k,data/attacks/opus-32k/librispeech-test-01127.wav,real,real_attack,none,opus-32k,opus-32k,NEXT TAKE EITHER A LARGE TABLESPOONFUL OF BREWER'S YEAST WHICH HAS BEEN RENDERED SOLID BY MIXING IT WITH PLENTY OF COLD WATER AND LETTING IT AFTERWARDS STAND TO SETTLE FOR A DAY AND NIGHT OR NEARLY AN OUNCE OF GERMAN YEAST PUT IT INTO A LARGE BASIN AND PROCEED TO MIX IT SO THAT IT SHALL BE AS SMOOTH AS CREAM WITH THREE QUARTERS PINT OF WARM MILK AND WATER OR WITH WATER ONLY THOUGH EVEN A VERY LITTLE MILK WILL MUCH IMPROVE THE BREAD,na,na,2078,16000,31.375,test,na
librispeech-test-01127_g711-8k,data/attacks/g711-8k/librispeech-test-01127.wav,real,real_attack,none,g711-8k,g711-8k,NEXT TAKE EITHER A LARGE TABLESPOONFUL OF BREWER'S YEAST WHICH HAS BEEN RENDERED SOLID BY MIXING IT WITH PLENTY OF COLD WATER AND LETTING IT AFTERWARDS STAND TO SETTLE FOR A DAY AND NIGHT OR NEARLY AN OUNCE OF GERMAN YEAST PUT IT INTO A LARGE BASIN AND PROCEED TO MIX IT SO THAT IT SHALL BE AS SMOOTH AS CREAM WITH THREE QUARTERS PINT OF WARM MILK AND WATER OR WITH WATER ONLY THOUGH EVEN A VERY LITTLE MILK WILL MUCH IMPROVE THE BREAD,na,na,2078,16000,31.375,test,na
librispeech-test-01127_resample-8k,data/attacks/resample-8k/librispeech-test-01127.wav,real,real_attack,none,resample-8k,8k-roundtrip,NEXT TAKE EITHER A LARGE TABLESPOONFUL OF BREWER'S YEAST WHICH HAS BEEN RENDERED SOLID BY MIXING IT WITH PLENTY OF COLD WATER AND LETTING IT AFTERWARDS STAND TO SETTLE FOR A DAY AND NIGHT OR NEARLY AN OUNCE OF GERMAN YEAST PUT IT INTO A LARGE BASIN AND PROCEED TO MIX IT SO THAT IT SHALL BE AS SMOOTH AS CREAM WITH THREE QUARTERS PINT OF WARM MILK AND WATER OR WITH WATER ONLY THOUGH EVEN A VERY LITTLE MILK WILL MUCH IMPROVE THE BREAD,na,na,2078,16000,31.375,test,na
librispeech-test-01127_awgn-snr5,data/attacks/awgn-snr5/librispeech-test-01127.wav,real,real_attack,none,awgn-snr5,snr5,NEXT TAKE EITHER A LARGE TABLESPOONFUL OF BREWER'S YEAST WHICH HAS BEEN RENDERED SOLID BY MIXING IT WITH PLENTY OF COLD WATER AND LETTING IT AFTERWARDS STAND TO SETTLE FOR A DAY AND NIGHT OR NEARLY AN OUNCE OF GERMAN YEAST PUT IT INTO A LARGE BASIN AND PROCEED TO MIX IT SO THAT IT SHALL BE AS SMOOTH AS CREAM WITH THREE QUARTERS PINT OF WARM MILK AND WATER OR WITH WATER ONLY THOUGH EVEN A VERY LITTLE MILK WILL MUCH IMPROVE THE BREAD,na,na,2078,16000,31.375,test,na
librispeech-test-01127_awgn-snr10,data/attacks/awgn-snr10/librispeech-test-01127.wav,real,real_attack,none,awgn-snr10,snr10,NEXT TAKE EITHER A LARGE TABLESPOONFUL OF BREWER'S YEAST WHICH HAS BEEN RENDERED SOLID BY MIXING IT WITH PLENTY OF COLD WATER AND LETTING IT AFTERWARDS STAND TO SETTLE FOR A DAY AND NIGHT OR NEARLY AN OUNCE OF GERMAN YEAST PUT IT INTO A LARGE BASIN AND PROCEED TO MIX IT SO THAT IT SHALL BE AS SMOOTH AS CREAM WITH THREE QUARTERS PINT OF WARM MILK AND WATER OR WITH WATER ONLY THOUGH EVEN A VERY LITTLE MILK WILL MUCH IMPROVE THE BREAD,na,na,2078,16000,31.375,test,na
librispeech-test-01127_awgn-snr20,data/attacks/awgn-snr20/librispeech-test-01127.wav,real,real_attack,none,awgn-snr20,snr20,NEXT TAKE EITHER A LARGE TABLESPOONFUL OF BREWER'S YEAST WHICH HAS BEEN RENDERED SOLID BY MIXING IT WITH PLENTY OF COLD WATER AND LETTING IT AFTERWARDS STAND TO SETTLE FOR A DAY AND NIGHT OR NEARLY AN OUNCE OF GERMAN YEAST PUT IT INTO A LARGE BASIN AND PROCEED TO MIX IT SO THAT IT SHALL BE AS SMOOTH AS CREAM WITH THREE QUARTERS PINT OF WARM MILK AND WATER OR WITH WATER ONLY THOUGH EVEN A VERY LITTLE MILK WILL MUCH IMPROVE THE BREAD,na,na,2078,16000,31.375,test,na
librispeech-test-01127_bandpass-300-3400,data/attacks/bandpass-300-3400/librispeech-test-01127.wav,real,real_attack,none,bandpass-300-3400,bandpass300-3400,NEXT TAKE EITHER A LARGE TABLESPOONFUL OF BREWER'S YEAST WHICH HAS BEEN RENDERED SOLID BY MIXING IT WITH PLENTY OF COLD WATER AND LETTING IT AFTERWARDS STAND TO SETTLE FOR A DAY AND NIGHT OR NEARLY AN OUNCE OF GERMAN YEAST PUT IT INTO A LARGE BASIN AND PROCEED TO MIX IT SO THAT IT SHALL BE AS SMOOTH AS CREAM WITH THREE QUARTERS PINT OF WARM MILK AND WATER OR WITH WATER ONLY THOUGH EVEN A VERY LITTLE MILK WILL MUCH IMPROVE THE BREAD,na,na,2078,16000,31.375,test,na
librispeech-test-01127_reverb-rt60-0.2,data/attacks/reverb-rt60-0.2/librispeech-test-01127.wav,real,real_attack,none,reverb-rt60-0.2,rt60-0.2,NEXT TAKE EITHER A LARGE TABLESPOONFUL OF BREWER'S YEAST WHICH HAS BEEN RENDERED SOLID BY MIXING IT WITH PLENTY OF COLD WATER AND LETTING IT AFTERWARDS STAND TO SETTLE FOR A DAY AND NIGHT OR NEARLY AN OUNCE OF GERMAN YEAST PUT IT INTO A LARGE BASIN AND PROCEED TO MIX IT SO THAT IT SHALL BE AS SMOOTH AS CREAM WITH THREE QUARTERS PINT OF WARM MILK AND WATER OR WITH WATER ONLY THOUGH EVEN A VERY LITTLE MILK WILL MUCH IMPROVE THE BREAD,na,na,2078,16000,31.375,test,na
librispeech-test-01127_reverb-rt60-0.4,data/attacks/reverb-rt60-0.4/librispeech-test-01127.wav,real,real_attack,none,reverb-rt60-0.4,rt60-0.4,NEXT TAKE EITHER A LARGE TABLESPOONFUL OF BREWER'S YEAST WHICH HAS BEEN RENDERED SOLID BY MIXING IT WITH PLENTY OF COLD WATER AND LETTING IT AFTERWARDS STAND TO SETTLE FOR A DAY AND NIGHT OR NEARLY AN OUNCE OF GERMAN YEAST PUT IT INTO A LARGE BASIN AND PROCEED TO MIX IT SO THAT IT SHALL BE AS SMOOTH AS CREAM WITH THREE QUARTERS PINT OF WARM MILK AND WATER OR WITH WATER ONLY THOUGH EVEN A VERY LITTLE MILK WILL MUCH IMPROVE THE BREAD,na,na,2078,16000,31.375,test,na
librispeech-test-01127_reverb-rt60-0.8,data/attacks/reverb-rt60-0.8/librispeech-test-01127.wav,real,real_attack,none,reverb-rt60-0.8,rt60-0.8,NEXT TAKE EITHER A LARGE TABLESPOONFUL OF BREWER'S YEAST WHICH HAS BEEN RENDERED SOLID BY MIXING IT WITH PLENTY OF COLD WATER AND LETTING IT AFTERWARDS STAND TO SETTLE FOR A DAY AND NIGHT OR NEARLY AN OUNCE OF GERMAN YEAST PUT IT INTO A LARGE BASIN AND PROCEED TO MIX IT SO THAT IT SHALL BE AS SMOOTH AS CREAM WITH THREE QUARTERS PINT OF WARM MILK AND WATER OR WITH WATER ONLY THOUGH EVEN A VERY LITTLE MILK WILL MUCH IMPROVE THE BREAD,na,na,2078,16000,31.375,test,na
librispeech-test-01127_speed0.9,data/attacks/speed0.9/librispeech-test-01127.wav,real,real_attack,none,speed0.9,speed0.9,NEXT TAKE EITHER A LARGE TABLESPOONFUL OF BREWER'S YEAST WHICH HAS BEEN RENDERED SOLID BY MIXING IT WITH PLENTY OF COLD WATER AND LETTING IT AFTERWARDS STAND TO SETTLE FOR A DAY AND NIGHT OR NEARLY AN OUNCE OF GERMAN YEAST PUT IT INTO A LARGE BASIN AND PROCEED TO MIX IT SO THAT IT SHALL BE AS SMOOTH AS CREAM WITH THREE QUARTERS PINT OF WARM MILK AND WATER OR WITH WATER ONLY THOUGH EVEN A VERY LITTLE MILK WILL MUCH IMPROVE THE BREAD,na,na,2078,16000,34.861,test,na
librispeech-test-01127_speed1.1,data/attacks/speed1.1/librispeech-test-01127.wav,real,real_attack,none,speed1.1,speed1.1,NEXT TAKE EITHER A LARGE TABLESPOONFUL OF BREWER'S YEAST WHICH HAS BEEN RENDERED SOLID BY MIXING IT WITH PLENTY OF COLD WATER AND LETTING IT AFTERWARDS STAND TO SETTLE FOR A DAY AND NIGHT OR NEARLY AN OUNCE OF GERMAN YEAST PUT IT INTO A LARGE BASIN AND PROCEED TO MIX IT SO THAT IT SHALL BE AS SMOOTH AS CREAM WITH THREE QUARTERS PINT OF WARM MILK AND WATER OR WITH WATER ONLY THOUGH EVEN A VERY LITTLE MILK WILL MUCH IMPROVE THE BREAD,na,na,2078,16000,28.523,test,na
librispeech-test-01128_mp3-128k,data/attacks/mp3-128k/librispeech-test-01128.wav,real,real_attack,none,mp3-128k,mp3-128k,LOOK AT IT FROM TIME TO TIME WHEN IT HAS BEEN LAID FOR NEARLY AN HOUR AND WHEN THE YEAST HAS RISEN AND BROKEN THROUGH THE FLOUR SO THAT BUBBLES APPEAR IN IT YOU WILL KNOW THAT IT IS READY TO BE MADE UP INTO DOUGH,na,na,2078,16000,14.645,test,na
librispeech-test-01128_mp3-64k,data/attacks/mp3-64k/librispeech-test-01128.wav,real,real_attack,none,mp3-64k,mp3-64k,LOOK AT IT FROM TIME TO TIME WHEN IT HAS BEEN LAID FOR NEARLY AN HOUR AND WHEN THE YEAST HAS RISEN AND BROKEN THROUGH THE FLOUR SO THAT BUBBLES APPEAR IN IT YOU WILL KNOW THAT IT IS READY TO BE MADE UP INTO DOUGH,na,na,2078,16000,14.645,test,na
librispeech-test-01128_aac-128k,data/attacks/aac-128k/librispeech-test-01128.wav,real,real_attack,none,aac-128k,aac-128k,LOOK AT IT FROM TIME TO TIME WHEN IT HAS BEEN LAID FOR NEARLY AN HOUR AND WHEN THE YEAST HAS RISEN AND BROKEN THROUGH THE FLOUR SO THAT BUBBLES APPEAR IN IT YOU WILL KNOW THAT IT IS READY TO BE MADE UP INTO DOUGH,na,na,2078,16000,14.656,test,na
librispeech-test-01128_opus-32k,data/attacks/opus-32k/librispeech-test-01128.wav,real,real_attack,none,opus-32k,opus-32k,LOOK AT IT FROM TIME TO TIME WHEN IT HAS BEEN LAID FOR NEARLY AN HOUR AND WHEN THE YEAST HAS RISEN AND BROKEN THROUGH THE FLOUR SO THAT BUBBLES APPEAR IN IT YOU WILL KNOW THAT IT IS READY TO BE MADE UP INTO DOUGH,na,na,2078,16000,14.645,test,na
librispeech-test-01128_g711-8k,data/attacks/g711-8k/librispeech-test-01128.wav,real,real_attack,none,g711-8k,g711-8k,LOOK AT IT FROM TIME TO TIME WHEN IT HAS BEEN LAID FOR NEARLY AN HOUR AND WHEN THE YEAST HAS RISEN AND BROKEN THROUGH THE FLOUR SO THAT BUBBLES APPEAR IN IT YOU WILL KNOW THAT IT IS READY TO BE MADE UP INTO DOUGH,na,na,2078,16000,14.645,test,na
librispeech-test-01128_resample-8k,data/attacks/resample-8k/librispeech-test-01128.wav,real,real_attack,none,resample-8k,8k-roundtrip,LOOK AT IT FROM TIME TO TIME WHEN IT HAS BEEN LAID FOR NEARLY AN HOUR AND WHEN THE YEAST HAS RISEN AND BROKEN THROUGH THE FLOUR SO THAT BUBBLES APPEAR IN IT YOU WILL KNOW THAT IT IS READY TO BE MADE UP INTO DOUGH,na,na,2078,16000,14.645,test,na
librispeech-test-01128_awgn-snr5,data/attacks/awgn-snr5/librispeech-test-01128.wav,real,real_attack,none,awgn-snr5,snr5,LOOK AT IT FROM TIME TO TIME WHEN IT HAS BEEN LAID FOR NEARLY AN HOUR AND WHEN THE YEAST HAS RISEN AND BROKEN THROUGH THE FLOUR SO THAT BUBBLES APPEAR IN IT YOU WILL KNOW THAT IT IS READY TO BE MADE UP INTO DOUGH,na,na,2078,16000,14.645,test,na
librispeech-test-01128_awgn-snr10,data/attacks/awgn-snr10/librispeech-test-01128.wav,real,real_attack,none,awgn-snr10,snr10,LOOK AT IT FROM TIME TO TIME WHEN IT HAS BEEN LAID FOR NEARLY AN HOUR AND WHEN THE YEAST HAS RISEN AND BROKEN THROUGH THE FLOUR SO THAT BUBBLES APPEAR IN IT YOU WILL KNOW THAT IT IS READY TO BE MADE UP INTO DOUGH,na,na,2078,16000,14.645,test,na
librispeech-test-01128_awgn-snr20,data/attacks/awgn-snr20/librispeech-test-01128.wav,real,real_attack,none,awgn-snr20,snr20,LOOK AT IT FROM TIME TO TIME WHEN IT HAS BEEN LAID FOR NEARLY AN HOUR AND WHEN THE YEAST HAS RISEN AND BROKEN THROUGH THE FLOUR SO THAT BUBBLES APPEAR IN IT YOU WILL KNOW THAT IT IS READY TO BE MADE UP INTO DOUGH,na,na,2078,16000,14.645,test,na
librispeech-test-01128_bandpass-300-3400,data/attacks/bandpass-300-3400/librispeech-test-01128.wav,real,real_attack,none,bandpass-300-3400,bandpass300-3400,LOOK AT IT FROM TIME TO TIME WHEN IT HAS BEEN LAID FOR NEARLY AN HOUR AND WHEN THE YEAST HAS RISEN AND BROKEN THROUGH THE FLOUR SO THAT BUBBLES APPEAR IN IT YOU WILL KNOW THAT IT IS READY TO BE MADE UP INTO DOUGH,na,na,2078,16000,14.645,test,na
librispeech-test-01128_reverb-rt60-0.2,data/attacks/reverb-rt60-0.2/librispeech-test-01128.wav,real,real_attack,none,reverb-rt60-0.2,rt60-0.2,LOOK AT IT FROM TIME TO TIME WHEN IT HAS BEEN LAID FOR NEARLY AN HOUR AND WHEN THE YEAST HAS RISEN AND BROKEN THROUGH THE FLOUR SO THAT BUBBLES APPEAR IN IT YOU WILL KNOW THAT IT IS READY TO BE MADE UP INTO DOUGH,na,na,2078,16000,14.645,test,na
librispeech-test-01128_reverb-rt60-0.4,data/attacks/reverb-rt60-0.4/librispeech-test-01128.wav,real,real_attack,none,reverb-rt60-0.4,rt60-0.4,LOOK AT IT FROM TIME TO TIME WHEN IT HAS BEEN LAID FOR NEARLY AN HOUR AND WHEN THE YEAST HAS RISEN AND BROKEN THROUGH THE FLOUR SO THAT BUBBLES APPEAR IN IT YOU WILL KNOW THAT IT IS READY TO BE MADE UP INTO DOUGH,na,na,2078,16000,14.645,test,na
librispeech-test-01128_reverb-rt60-0.8,data/attacks/reverb-rt60-0.8/librispeech-test-01128.wav,real,real_attack,none,reverb-rt60-0.8,rt60-0.8,LOOK AT IT FROM TIME TO TIME WHEN IT HAS BEEN LAID FOR NEARLY AN HOUR AND WHEN THE YEAST HAS RISEN AND BROKEN THROUGH THE FLOUR SO THAT BUBBLES APPEAR IN IT YOU WILL KNOW THAT IT IS READY TO BE MADE UP INTO DOUGH,na,na,2078,16000,14.645,test,na
librispeech-test-01128_speed0.9,data/attacks/speed0.9/librispeech-test-01128.wav,real,real_attack,none,speed0.9,speed0.9,LOOK AT IT FROM TIME TO TIME WHEN IT HAS BEEN LAID FOR NEARLY AN HOUR AND WHEN THE YEAST HAS RISEN AND BROKEN THROUGH THE FLOUR SO THAT BUBBLES APPEAR IN IT YOU WILL KNOW THAT IT IS READY TO BE MADE UP INTO DOUGH,na,na,2078,16000,16.272,test,na
librispeech-test-01128_speed1.1,data/attacks/speed1.1/librispeech-test-01128.wav,real,real_attack,none,speed1.1,speed1.1,LOOK AT IT FROM TIME TO TIME WHEN IT HAS BEEN LAID FOR NEARLY AN HOUR AND WHEN THE YEAST HAS RISEN AND BROKEN THROUGH THE FLOUR SO THAT BUBBLES APPEAR IN IT YOU WILL KNOW THAT IT IS READY TO BE MADE UP INTO DOUGH,na,na,2078,16000,13.314,test,na
librispeech-test-01129_mp3-128k,data/attacks/mp3-128k/librispeech-test-01129.wav,real,real_attack,none,mp3-128k,mp3-128k,THEN PLACE THE PAN ON A STRONG CHAIR OR DRESSER OR TABLE OF CONVENIENT HEIGHT POUR INTO THE SPONGE THE REMAINDER OF THE WARM MILK AND WATER STIR INTO IT AS MUCH OF THE FLOUR AS YOU CAN WITH THE SPOON THEN WIPE IT OUT CLEAN WITH YOUR FINGERS AND LAY IT ASIDE,na,na,2078,16000,20.74,test,na
librispeech-test-01129_mp3-64k,data/attacks/mp3-64k/librispeech-test-01129.wav,real,real_attack,none,mp3-64k,mp3-64k,THEN PLACE THE PAN ON A STRONG CHAIR OR DRESSER OR TABLE OF CONVENIENT HEIGHT POUR INTO THE SPONGE THE REMAINDER OF THE WARM MILK AND WATER STIR INTO IT AS MUCH OF THE FLOUR AS YOU CAN WITH THE SPOON THEN WIPE IT OUT CLEAN WITH YOUR FINGERS AND LAY IT ASIDE,na,na,2078,16000,20.74,test,na
librispeech-test-01129_aac-128k,data/attacks/aac-128k/librispeech-test-01129.wav,real,real_attack,none,aac-128k,aac-128k,THEN PLACE THE PAN ON A STRONG CHAIR OR DRESSER OR TABLE OF CONVENIENT HEIGHT POUR INTO THE SPONGE THE REMAINDER OF THE WARM MILK AND WATER STIR INTO IT AS MUCH OF THE FLOUR AS YOU CAN WITH THE SPOON THEN WIPE IT OUT CLEAN WITH YOUR FINGERS AND LAY IT ASIDE,na,na,2078,16000,20.8,test,na
librispeech-test-01129_opus-32k,data/attacks/opus-32k/librispeech-test-01129.wav,real,real_attack,none,opus-32k,opus-32k,THEN PLACE THE PAN ON A STRONG CHAIR OR DRESSER OR TABLE OF CONVENIENT HEIGHT POUR INTO THE SPONGE THE REMAINDER OF THE WARM MILK AND WATER STIR INTO IT AS MUCH OF THE FLOUR AS YOU CAN WITH THE SPOON THEN WIPE IT OUT CLEAN WITH YOUR FINGERS AND LAY IT ASIDE,na,na,2078,16000,20.74,test,na
librispeech-test-01129_g711-8k,data/attacks/g711-8k/librispeech-test-01129.wav,real,real_attack,none,g711-8k,g711-8k,THEN PLACE THE PAN ON A STRONG CHAIR OR DRESSER OR TABLE OF CONVENIENT HEIGHT POUR INTO THE SPONGE THE REMAINDER OF THE WARM MILK AND WATER STIR INTO IT AS MUCH OF THE FLOUR AS YOU CAN WITH THE SPOON THEN WIPE IT OUT CLEAN WITH YOUR FINGERS AND LAY IT ASIDE,na,na,2078,16000,20.74,test,na
librispeech-test-01129_resample-8k,data/attacks/resample-8k/librispeech-test-01129.wav,real,real_attack,none,resample-8k,8k-roundtrip,THEN PLACE THE PAN ON A STRONG CHAIR OR DRESSER OR TABLE OF CONVENIENT HEIGHT POUR INTO THE SPONGE THE REMAINDER OF THE WARM MILK AND WATER STIR INTO IT AS MUCH OF THE FLOUR AS YOU CAN WITH THE SPOON THEN WIPE IT OUT CLEAN WITH YOUR FINGERS AND LAY IT ASIDE,na,na,2078,16000,20.74,test,na
librispeech-test-01129_awgn-snr5,data/attacks/awgn-snr5/librispeech-test-01129.wav,real,real_attack,none,awgn-snr5,snr5,THEN PLACE THE PAN ON A STRONG CHAIR OR DRESSER OR TABLE OF CONVENIENT HEIGHT POUR INTO THE SPONGE THE REMAINDER OF THE WARM MILK AND WATER STIR INTO IT AS MUCH OF THE FLOUR AS YOU CAN WITH THE SPOON THEN WIPE IT OUT CLEAN WITH YOUR FINGERS AND LAY IT ASIDE,na,na,2078,16000,20.74,test,na
librispeech-test-01129_awgn-snr10,data/attacks/awgn-snr10/librispeech-test-01129.wav,real,real_attack,none,awgn-snr10,snr10,THEN PLACE THE PAN ON A STRONG CHAIR OR DRESSER OR TABLE OF CONVENIENT HEIGHT POUR INTO THE SPONGE THE REMAINDER OF THE WARM MILK AND WATER STIR INTO IT AS MUCH OF THE FLOUR AS YOU CAN WITH THE SPOON THEN WIPE IT OUT CLEAN WITH YOUR FINGERS AND LAY IT ASIDE,na,na,2078,16000,20.74,test,na
librispeech-test-01129_awgn-snr20,data/attacks/awgn-snr20/librispeech-test-01129.wav,real,real_attack,none,awgn-snr20,snr20,THEN PLACE THE PAN ON A STRONG CHAIR OR DRESSER OR TABLE OF CONVENIENT HEIGHT POUR INTO THE SPONGE THE REMAINDER OF THE WARM MILK AND WATER STIR INTO IT AS MUCH OF THE FLOUR AS YOU CAN WITH THE SPOON THEN WIPE IT OUT CLEAN WITH YOUR FINGERS AND LAY IT ASIDE,na,na,2078,16000,20.74,test,na
librispeech-test-01129_bandpass-300-3400,data/attacks/bandpass-300-3400/librispeech-test-01129.wav,real,real_attack,none,bandpass-300-3400,bandpass300-3400,THEN PLACE THE PAN ON A STRONG CHAIR OR DRESSER OR TABLE OF CONVENIENT HEIGHT POUR INTO THE SPONGE THE REMAINDER OF THE WARM MILK AND WATER STIR INTO IT AS MUCH OF THE FLOUR AS YOU CAN WITH THE SPOON THEN WIPE IT OUT CLEAN WITH YOUR FINGERS AND LAY IT ASIDE,na,na,2078,16000,20.74,test,na
librispeech-test-01129_reverb-rt60-0.2,data/attacks/reverb-rt60-0.2/librispeech-test-01129.wav,real,real_attack,none,reverb-rt60-0.2,rt60-0.2,THEN PLACE THE PAN ON A STRONG CHAIR OR DRESSER OR TABLE OF CONVENIENT HEIGHT POUR INTO THE SPONGE THE REMAINDER OF THE WARM MILK AND WATER STIR INTO IT AS MUCH OF THE FLOUR AS YOU CAN WITH THE SPOON THEN WIPE IT OUT CLEAN WITH YOUR FINGERS AND LAY IT ASIDE,na,na,2078,16000,20.74,test,na
librispeech-test-01129_reverb-rt60-0.4,data/attacks/reverb-rt60-0.4/librispeech-test-01129.wav,real,real_attack,none,reverb-rt60-0.4,rt60-0.4,THEN PLACE THE PAN ON A STRONG CHAIR OR DRESSER OR TABLE OF CONVENIENT HEIGHT POUR INTO THE SPONGE THE REMAINDER OF THE WARM MILK AND WATER STIR INTO IT AS MUCH OF THE FLOUR AS YOU CAN WITH THE SPOON THEN WIPE IT OUT CLEAN WITH YOUR FINGERS AND LAY IT ASIDE,na,na,2078,16000,20.74,test,na
librispeech-test-01129_reverb-rt60-0.8,data/attacks/reverb-rt60-0.8/librispeech-test-01129.wav,real,real_attack,none,reverb-rt60-0.8,rt60-0.8,THEN PLACE THE PAN ON A STRONG CHAIR OR DRESSER OR TABLE OF CONVENIENT HEIGHT POUR INTO THE SPONGE THE REMAINDER OF THE WARM MILK AND WATER STIR INTO IT AS MUCH OF THE FLOUR AS YOU CAN WITH THE SPOON THEN WIPE IT OUT CLEAN WITH YOUR FINGERS AND LAY IT ASIDE,na,na,2078,16000,20.74,test,na
librispeech-test-01129_speed0.9,data/attacks/speed0.9/librispeech-test-01129.wav,real,real_attack,none,speed0.9,speed0.9,THEN PLACE THE PAN ON A STRONG CHAIR OR DRESSER OR TABLE OF CONVENIENT HEIGHT POUR INTO THE SPONGE THE REMAINDER OF THE WARM MILK AND WATER STIR INTO IT AS MUCH OF THE FLOUR AS YOU CAN WITH THE SPOON THEN WIPE IT OUT CLEAN WITH YOUR FINGERS AND LAY IT ASIDE,na,na,2078,16000,23.044,test,na
librispeech-test-01129_speed1.1,data/attacks/speed1.1/librispeech-test-01129.wav,real,real_attack,none,speed1.1,speed1.1,THEN PLACE THE PAN ON A STRONG CHAIR OR DRESSER OR TABLE OF CONVENIENT HEIGHT POUR INTO THE SPONGE THE REMAINDER OF THE WARM MILK AND WATER STIR INTO IT AS MUCH OF THE FLOUR AS YOU CAN WITH THE SPOON THEN WIPE IT OUT CLEAN WITH YOUR FINGERS AND LAY IT ASIDE,na,na,2078,16000,18.855,test,na
librispeech-test-01130_mp3-128k,data/attacks/mp3-128k/librispeech-test-01130.wav,real,real_attack,none,mp3-128k,mp3-128k,TURN IT THEN ON TO A PASTE BOARD OR VERY CLEAN DRESSER AND WITH A LARGE SHARP KNIFE DIVIDE IT IN TWO MAKE IT UP QUICKLY INTO LOAVES AND DISPATCH IT TO THE OVEN MAKE ONE OR TWO INCISIONS ACROSS THE TOPS OF THE LOAVES AS THEY WILL RISE MORE EASILY IF THIS BE DONE,na,na,2078,16000,19.38,test,na
librispeech-test-01130_mp3-64k,data/attacks/mp3-64k/librispeech-test-01130.wav,real,real_attack,none,mp3-64k,mp3-64k,TURN IT THEN ON TO A PASTE BOARD OR VERY CLEAN DRESSER AND WITH A LARGE SHARP KNIFE DIVIDE IT IN TWO MAKE IT UP QUICKLY INTO LOAVES AND DISPATCH IT TO THE OVEN MAKE ONE OR TWO INCISIONS ACROSS THE TOPS OF THE LOAVES AS THEY WILL RISE MORE EASILY IF THIS BE DONE,na,na,2078,16000,19.38,test,na
librispeech-test-01130_aac-128k,data/attacks/aac-128k/librispeech-test-01130.wav,real,real_attack,none,aac-128k,aac-128k,TURN IT THEN ON TO A PASTE BOARD OR VERY CLEAN DRESSER AND WITH A LARGE SHARP KNIFE DIVIDE IT IN TWO MAKE IT UP QUICKLY INTO LOAVES AND DISPATCH IT TO THE OVEN MAKE ONE OR TWO INCISIONS ACROSS THE TOPS OF THE LOAVES AS THEY WILL RISE MORE EASILY IF THIS BE DONE,na,na,2078,16000,19.392,test,na
librispeech-test-01130_opus-32k,data/attacks/opus-32k/librispeech-test-01130.wav,real,real_attack,none,opus-32k,opus-32k,TURN IT THEN ON TO A PASTE BOARD OR VERY CLEAN DRESSER AND WITH A LARGE SHARP KNIFE DIVIDE IT IN TWO MAKE IT UP QUICKLY INTO LOAVES AND DISPATCH IT TO THE OVEN MAKE ONE OR TWO INCISIONS ACROSS THE TOPS OF THE LOAVES AS THEY WILL RISE MORE EASILY IF THIS BE DONE,na,na,2078,16000,19.38,test,na
librispeech-test-01130_g711-8k,data/attacks/g711-8k/librispeech-test-01130.wav,real,real_attack,none,g711-8k,g711-8k,TURN IT THEN ON TO A PASTE BOARD OR VERY CLEAN DRESSER AND WITH A LARGE SHARP KNIFE DIVIDE IT IN TWO MAKE IT UP QUICKLY INTO LOAVES AND DISPATCH IT TO THE OVEN MAKE ONE OR TWO INCISIONS ACROSS THE TOPS OF THE LOAVES AS THEY WILL RISE MORE EASILY IF THIS BE DONE,na,na,2078,16000,19.38,test,na
librispeech-test-01130_resample-8k,data/attacks/resample-8k/librispeech-test-01130.wav,real,real_attack,none,resample-8k,8k-roundtrip,TURN IT THEN ON TO A PASTE BOARD OR VERY CLEAN DRESSER AND WITH A LARGE SHARP KNIFE DIVIDE IT IN TWO MAKE IT UP QUICKLY INTO LOAVES AND DISPATCH IT TO THE OVEN MAKE ONE OR TWO INCISIONS ACROSS THE TOPS OF THE LOAVES AS THEY WILL RISE MORE EASILY IF THIS BE DONE,na,na,2078,16000,19.38,test,na
librispeech-test-01130_awgn-snr5,data/attacks/awgn-snr5/librispeech-test-01130.wav,real,real_attack,none,awgn-snr5,snr5,TURN IT THEN ON TO A PASTE BOARD OR VERY CLEAN DRESSER AND WITH A LARGE SHARP KNIFE DIVIDE IT IN TWO MAKE IT UP QUICKLY INTO LOAVES AND DISPATCH IT TO THE OVEN MAKE ONE OR TWO INCISIONS ACROSS THE TOPS OF THE LOAVES AS THEY WILL RISE MORE EASILY IF THIS BE DONE,na,na,2078,16000,19.38,test,na
librispeech-test-01130_awgn-snr10,data/attacks/awgn-snr10/librispeech-test-01130.wav,real,real_attack,none,awgn-snr10,snr10,TURN IT THEN ON TO A PASTE BOARD OR VERY CLEAN DRESSER AND WITH A LARGE SHARP KNIFE DIVIDE IT IN TWO MAKE IT UP QUICKLY INTO LOAVES AND DISPATCH IT TO THE OVEN MAKE ONE OR TWO INCISIONS ACROSS THE TOPS OF THE LOAVES AS THEY WILL RISE MORE EASILY IF THIS BE DONE,na,na,2078,16000,19.38,test,na
librispeech-test-01130_awgn-snr20,data/attacks/awgn-snr20/librispeech-test-01130.wav,real,real_attack,none,awgn-snr20,snr20,TURN IT THEN ON TO A PASTE BOARD OR VERY CLEAN DRESSER AND WITH A LARGE SHARP KNIFE DIVIDE IT IN TWO MAKE IT UP QUICKLY INTO LOAVES AND DISPATCH IT TO THE OVEN MAKE ONE OR TWO INCISIONS ACROSS THE TOPS OF THE LOAVES AS THEY WILL RISE MORE EASILY IF THIS BE DONE,na,na,2078,16000,19.38,test,na
librispeech-test-01130_bandpass-300-3400,data/attacks/bandpass-300-3400/librispeech-test-01130.wav,real,real_attack,none,bandpass-300-3400,bandpass300-3400,TURN IT THEN ON TO A PASTE BOARD OR VERY CLEAN DRESSER AND WITH A LARGE SHARP KNIFE DIVIDE IT IN TWO MAKE IT UP QUICKLY INTO LOAVES AND DISPATCH IT TO THE OVEN MAKE ONE OR TWO INCISIONS ACROSS THE TOPS OF THE LOAVES AS THEY WILL RISE MORE EASILY IF THIS BE DONE,na,na,2078,16000,19.38,test,na
librispeech-test-01130_reverb-rt60-0.2,data/attacks/reverb-rt60-0.2/librispeech-test-01130.wav,real,real_attack,none,reverb-rt60-0.2,rt60-0.2,TURN IT THEN ON TO A PASTE BOARD OR VERY CLEAN DRESSER AND WITH A LARGE SHARP KNIFE DIVIDE IT IN TWO MAKE IT UP QUICKLY INTO LOAVES AND DISPATCH IT TO THE OVEN MAKE ONE OR TWO INCISIONS ACROSS THE TOPS OF THE LOAVES AS THEY WILL RISE MORE EASILY IF THIS BE DONE,na,na,2078,16000,19.38,test,na
librispeech-test-01130_reverb-rt60-0.4,data/attacks/reverb-rt60-0.4/librispeech-test-01130.wav,real,real_attack,none,reverb-rt60-0.4,rt60-0.4,TURN IT THEN ON TO A PASTE BOARD OR VERY CLEAN DRESSER AND WITH A LARGE SHARP KNIFE DIVIDE IT IN TWO MAKE IT UP QUICKLY INTO LOAVES AND DISPATCH IT TO THE OVEN MAKE ONE OR TWO INCISIONS ACROSS THE TOPS OF THE LOAVES AS THEY WILL RISE MORE EASILY IF THIS BE DONE,na,na,2078,16000,19.38,test,na
librispeech-test-01130_reverb-rt60-0.8,data/attacks/reverb-rt60-0.8/librispeech-test-01130.wav,real,real_attack,none,reverb-rt60-0.8,rt60-0.8,TURN IT THEN ON TO A PASTE BOARD OR VERY CLEAN DRESSER AND WITH A LARGE SHARP KNIFE DIVIDE IT IN TWO MAKE IT UP QUICKLY INTO LOAVES AND DISPATCH IT TO THE OVEN MAKE ONE OR TWO INCISIONS ACROSS THE TOPS OF THE LOAVES AS THEY WILL RISE MORE EASILY IF THIS BE DONE,na,na,2078,16000,19.38,test,na
librispeech-test-01130_speed0.9,data/attacks/speed0.9/librispeech-test-01130.wav,real,real_attack,none,speed0.9,speed0.9,TURN IT THEN ON TO A PASTE BOARD OR VERY CLEAN DRESSER AND WITH A LARGE SHARP KNIFE DIVIDE IT IN TWO MAKE IT UP QUICKLY INTO LOAVES AND DISPATCH IT TO THE OVEN MAKE ONE OR TWO INCISIONS ACROSS THE TOPS OF THE LOAVES AS THEY WILL RISE MORE EASILY IF THIS BE DONE,na,na,2078,16000,21.533,test,na
librispeech-test-01130_speed1.1,data/attacks/speed1.1/librispeech-test-01130.wav,real,real_attack,none,speed1.1,speed1.1,TURN IT THEN ON TO A PASTE BOARD OR VERY CLEAN DRESSER AND WITH A LARGE SHARP KNIFE DIVIDE IT IN TWO MAKE IT UP QUICKLY INTO LOAVES AND DISPATCH IT TO THE OVEN MAKE ONE OR TWO INCISIONS ACROSS THE TOPS OF THE LOAVES AS THEY WILL RISE MORE EASILY IF THIS BE DONE,na,na,2078,16000,17.618,test,na
librispeech-test-01877_mp3-128k,data/attacks/mp3-128k/librispeech-test-01877.wav,real,real_attack,none,mp3-128k,mp3-128k,I IMAGINE THERE WERE SEVERAL KINDS OF OLD FASHIONED CHRISTMASES BUT IT COULD HARDLY BE WORSE THAN A CHOP IN MY CHAMBERS OR HORROR OF HORRORS AT THE CLUB OR MY COUSIN LUCY'S NOTION OF WHAT SHE CALLS THE FESTIVE SEASON,na,na,2428,16000,13.305,test,na
librispeech-test-01877_mp3-64k,data/attacks/mp3-64k/librispeech-test-01877.wav,real,real_attack,none,mp3-64k,mp3-64k,I IMAGINE THERE WERE SEVERAL KINDS OF OLD FASHIONED CHRISTMASES BUT IT COULD HARDLY BE WORSE THAN A CHOP IN MY CHAMBERS OR HORROR OF HORRORS AT THE CLUB OR MY COUSIN LUCY'S NOTION OF WHAT SHE CALLS THE FESTIVE SEASON,na,na,2428,16000,13.305,test,na
librispeech-test-01877_aac-128k,data/attacks/aac-128k/librispeech-test-01877.wav,real,real_attack,none,aac-128k,aac-128k,I IMAGINE THERE WERE SEVERAL KINDS OF OLD FASHIONED CHRISTMASES BUT IT COULD HARDLY BE WORSE THAN A CHOP IN MY CHAMBERS OR HORROR OF HORRORS AT THE CLUB OR MY COUSIN LUCY'S NOTION OF WHAT SHE CALLS THE FESTIVE SEASON,na,na,2428,16000,13.312,test,na
librispeech-test-01877_opus-32k,data/attacks/opus-32k/librispeech-test-01877.wav,real,real_attack,none,opus-32k,opus-32k,I IMAGINE THERE WERE SEVERAL KINDS OF OLD FASHIONED CHRISTMASES BUT IT COULD HARDLY BE WORSE THAN A CHOP IN MY CHAMBERS OR HORROR OF HORRORS AT THE CLUB OR MY COUSIN LUCY'S NOTION OF WHAT SHE CALLS THE FESTIVE SEASON,na,na,2428,16000,13.305,test,na
librispeech-test-01877_g711-8k,data/attacks/g711-8k/librispeech-test-01877.wav,real,real_attack,none,g711-8k,g711-8k,I IMAGINE THERE WERE SEVERAL KINDS OF OLD FASHIONED CHRISTMASES BUT IT COULD HARDLY BE WORSE THAN A CHOP IN MY CHAMBERS OR HORROR OF HORRORS AT THE CLUB OR MY COUSIN LUCY'S NOTION OF WHAT SHE CALLS THE FESTIVE SEASON,na,na,2428,16000,13.305,test,na
librispeech-test-01877_resample-8k,data/attacks/resample-8k/librispeech-test-01877.wav,real,real_attack,none,resample-8k,8k-roundtrip,I IMAGINE THERE WERE SEVERAL KINDS OF OLD FASHIONED CHRISTMASES BUT IT COULD HARDLY BE WORSE THAN A CHOP IN MY CHAMBERS OR HORROR OF HORRORS AT THE CLUB OR MY COUSIN LUCY'S NOTION OF WHAT SHE CALLS THE FESTIVE SEASON,na,na,2428,16000,13.305,test,na
librispeech-test-01877_awgn-snr5,data/attacks/awgn-snr5/librispeech-test-01877.wav,real,real_attack,none,awgn-snr5,snr5,I IMAGINE THERE WERE SEVERAL KINDS OF OLD FASHIONED CHRISTMASES BUT IT COULD HARDLY BE WORSE THAN A CHOP IN MY CHAMBERS OR HORROR OF HORRORS AT THE CLUB OR MY COUSIN LUCY'S NOTION OF WHAT SHE CALLS THE FESTIVE SEASON,na,na,2428,16000,13.305,test,na
librispeech-test-01877_awgn-snr10,data/attacks/awgn-snr10/librispeech-test-01877.wav,real,real_attack,none,awgn-snr10,snr10,I IMAGINE THERE WERE SEVERAL KINDS OF OLD FASHIONED CHRISTMASES BUT IT COULD HARDLY BE WORSE THAN A CHOP IN MY CHAMBERS OR HORROR OF HORRORS AT THE CLUB OR MY COUSIN LUCY'S NOTION OF WHAT SHE CALLS THE FESTIVE SEASON,na,na,2428,16000,13.305,test,na
librispeech-test-01877_awgn-snr20,data/attacks/awgn-snr20/librispeech-test-01877.wav,real,real_attack,none,awgn-snr20,snr20,I IMAGINE THERE WERE SEVERAL KINDS OF OLD FASHIONED CHRISTMASES BUT IT COULD HARDLY BE WORSE THAN A CHOP IN MY CHAMBERS OR HORROR OF HORRORS AT THE CLUB OR MY COUSIN LUCY'S NOTION OF WHAT SHE CALLS THE FESTIVE SEASON,na,na,2428,16000,13.305,test,na
librispeech-test-01877_bandpass-300-3400,data/attacks/bandpass-300-3400/librispeech-test-01877.wav,real,real_attack,none,bandpass-300-3400,bandpass300-3400,I IMAGINE THERE WERE SEVERAL KINDS OF OLD FASHIONED CHRISTMASES BUT IT COULD HARDLY BE WORSE THAN A CHOP IN MY CHAMBERS OR HORROR OF HORRORS AT THE CLUB OR MY COUSIN LUCY'S NOTION OF WHAT SHE CALLS THE FESTIVE SEASON,na,na,2428,16000,13.305,test,na
librispeech-test-01877_reverb-rt60-0.2,data/attacks/reverb-rt60-0.2/librispeech-test-01877.wav,real,real_attack,none,reverb-rt60-0.2,rt60-0.2,I IMAGINE THERE WERE SEVERAL KINDS OF OLD FASHIONED CHRISTMASES BUT IT COULD HARDLY BE WORSE THAN A CHOP IN MY CHAMBERS OR HORROR OF HORRORS AT THE CLUB OR MY COUSIN LUCY'S NOTION OF WHAT SHE CALLS THE FESTIVE SEASON,na,na,2428,16000,13.305,test,na
librispeech-test-01877_reverb-rt60-0.4,data/attacks/reverb-rt60-0.4/librispeech-test-01877.wav,real,real_attack,none,reverb-rt60-0.4,rt60-0.4,I IMAGINE THERE WERE SEVERAL KINDS OF OLD FASHIONED CHRISTMASES BUT IT COULD HARDLY BE WORSE THAN A CHOP IN MY CHAMBERS OR HORROR OF HORRORS AT THE CLUB OR MY COUSIN LUCY'S NOTION OF WHAT SHE CALLS THE FESTIVE SEASON,na,na,2428,16000,13.305,test,na
librispeech-test-01877_reverb-rt60-0.8,data/attacks/reverb-rt60-0.8/librispeech-test-01877.wav,real,real_attack,none,reverb-rt60-0.8,rt60-0.8,I IMAGINE THERE WERE SEVERAL KINDS OF OLD FASHIONED CHRISTMASES BUT IT COULD HARDLY BE WORSE THAN A CHOP IN MY CHAMBERS OR HORROR OF HORRORS AT THE CLUB OR MY COUSIN LUCY'S NOTION OF WHAT SHE CALLS THE FESTIVE SEASON,na,na,2428,16000,13.305,test,na
librispeech-test-01877_speed0.9,data/attacks/speed0.9/librispeech-test-01877.wav,real,real_attack,none,speed0.9,speed0.9,I IMAGINE THERE WERE SEVERAL KINDS OF OLD FASHIONED CHRISTMASES BUT IT COULD HARDLY BE WORSE THAN A CHOP IN MY CHAMBERS OR HORROR OF HORRORS AT THE CLUB OR MY COUSIN LUCY'S NOTION OF WHAT SHE CALLS THE FESTIVE SEASON,na,na,2428,16000,14.783,test,na
librispeech-test-01877_speed1.1,data/attacks/speed1.1/librispeech-test-01877.wav,real,real_attack,none,speed1.1,speed1.1,I IMAGINE THERE WERE SEVERAL KINDS OF OLD FASHIONED CHRISTMASES BUT IT COULD HARDLY BE WORSE THAN A CHOP IN MY CHAMBERS OR HORROR OF HORRORS AT THE CLUB OR MY COUSIN LUCY'S NOTION OF WHAT SHE CALLS THE FESTIVE SEASON,na,na,2428,16000,12.095,test,na
librispeech-test-01878_mp3-128k,data/attacks/mp3-128k/librispeech-test-01878.wav,real,real_attack,none,mp3-128k,mp3-128k,FESTIVE YES,na,na,2428,16000,2.07,test,na
librispeech-test-01878_mp3-64k,data/attacks/mp3-64k/librispeech-test-01878.wav,real,real_attack,none,mp3-64k,mp3-64k,FESTIVE YES,na,na,2428,16000,2.07,test,na
librispeech-test-01878_aac-128k,data/attacks/aac-128k/librispeech-test-01878.wav,real,real_attack,none,aac-128k,aac-128k,FESTIVE YES,na,na,2428,16000,2.112,test,na
librispeech-test-01878_opus-32k,data/attacks/opus-32k/librispeech-test-01878.wav,real,real_attack,none,opus-32k,opus-32k,FESTIVE YES,na,na,2428,16000,2.07,test,na
librispeech-test-01878_g711-8k,data/attacks/g711-8k/librispeech-test-01878.wav,real,real_attack,none,g711-8k,g711-8k,FESTIVE YES,na,na,2428,16000,2.07,test,na
librispeech-test-01878_resample-8k,data/attacks/resample-8k/librispeech-test-01878.wav,real,real_attack,none,resample-8k,8k-roundtrip,FESTIVE YES,na,na,2428,16000,2.07,test,na
librispeech-test-01878_awgn-snr5,data/attacks/awgn-snr5/librispeech-test-01878.wav,real,real_attack,none,awgn-snr5,snr5,FESTIVE YES,na,na,2428,16000,2.07,test,na
librispeech-test-01878_awgn-snr10,data/attacks/awgn-snr10/librispeech-test-01878.wav,real,real_attack,none,awgn-snr10,snr10,FESTIVE YES,na,na,2428,16000,2.07,test,na
librispeech-test-01878_awgn-snr20,data/attacks/awgn-snr20/librispeech-test-01878.wav,real,real_attack,none,awgn-snr20,snr20,FESTIVE YES,na,na,2428,16000,2.07,test,na
librispeech-test-01878_bandpass-300-3400,data/attacks/bandpass-300-3400/librispeech-test-01878.wav,real,real_attack,none,bandpass-300-3400,bandpass300-3400,FESTIVE YES,na,na,2428,16000,2.07,test,na
librispeech-test-01878_reverb-rt60-0.2,data/attacks/reverb-rt60-0.2/librispeech-test-01878.wav,real,real_attack,none,reverb-rt60-0.2,rt60-0.2,FESTIVE YES,na,na,2428,16000,2.07,test,na
librispeech-test-01878_reverb-rt60-0.4,data/attacks/reverb-rt60-0.4/librispeech-test-01878.wav,real,real_attack,none,reverb-rt60-0.4,rt60-0.4,FESTIVE YES,na,na,2428,16000,2.07,test,na
librispeech-test-01878_reverb-rt60-0.8,data/attacks/reverb-rt60-0.8/librispeech-test-01878.wav,real,real_attack,none,reverb-rt60-0.8,rt60-0.8,FESTIVE YES,na,na,2428,16000,2.07,test,na
librispeech-test-01878_speed0.9,data/attacks/speed0.9/librispeech-test-01878.wav,real,real_attack,none,speed0.9,speed0.9,FESTIVE YES,na,na,2428,16000,2.3,test,na
librispeech-test-01878_speed1.1,data/attacks/speed1.1/librispeech-test-01878.wav,real,real_attack,none,speed1.1,speed1.1,FESTIVE YES,na,na,2428,16000,1.882,test,na
librispeech-test-01879_mp3-128k,data/attacks/mp3-128k/librispeech-test-01879.wav,real,real_attack,none,mp3-128k,mp3-128k,THE REPLY WAS WRITTEN IN A SPRAWLING FEMININE HAND IT WAS A LITTLE VAGUE,na,na,2428,16000,4.26,test,na
librispeech-test-01879_mp3-64k,data/attacks/mp3-64k/librispeech-test-01879.wav,real,real_attack,none,mp3-64k,mp3-64k,THE REPLY WAS WRITTEN IN A SPRAWLING FEMININE HAND IT WAS A LITTLE VAGUE,na,na,2428,16000,4.26,test,na
librispeech-test-01879_aac-128k,data/attacks/aac-128k/librispeech-test-01879.wav,real,real_attack,none,aac-128k,aac-128k,THE REPLY WAS WRITTEN IN A SPRAWLING FEMININE HAND IT WAS A LITTLE VAGUE,na,na,2428,16000,4.288,test,na
librispeech-test-01879_opus-32k,data/attacks/opus-32k/librispeech-test-01879.wav,real,real_attack,none,opus-32k,opus-32k,THE REPLY WAS WRITTEN IN A SPRAWLING FEMININE HAND IT WAS A LITTLE VAGUE,na,na,2428,16000,4.26,test,na
librispeech-test-01879_g711-8k,data/attacks/g711-8k/librispeech-test-01879.wav,real,real_attack,none,g711-8k,g711-8k,THE REPLY WAS WRITTEN IN A SPRAWLING FEMININE HAND IT WAS A LITTLE VAGUE,na,na,2428,16000,4.26,test,na
librispeech-test-01879_resample-8k,data/attacks/resample-8k/librispeech-test-01879.wav,real,real_attack,none,resample-8k,8k-roundtrip,THE REPLY WAS WRITTEN IN A SPRAWLING FEMININE HAND IT WAS A LITTLE VAGUE,na,na,2428,16000,4.26,test,na
librispeech-test-01879_awgn-snr5,data/attacks/awgn-snr5/librispeech-test-01879.wav,real,real_attack,none,awgn-snr5,snr5,THE REPLY WAS WRITTEN IN A SPRAWLING FEMININE HAND IT WAS A LITTLE VAGUE,na,na,2428,16000,4.26,test,na
librispeech-test-01879_awgn-snr10,data/attacks/awgn-snr10/librispeech-test-01879.wav,real,real_attack,none,awgn-snr10,snr10,THE REPLY WAS WRITTEN IN A SPRAWLING FEMININE HAND IT WAS A LITTLE VAGUE,na,na,2428,16000,4.26,test,na
librispeech-test-01879_awgn-snr20,data/attacks/awgn-snr20/librispeech-test-01879.wav,real,real_attack,none,awgn-snr20,snr20,THE REPLY WAS WRITTEN IN A SPRAWLING FEMININE HAND IT WAS A LITTLE VAGUE,na,na,2428,16000,4.26,test,na
librispeech-test-01879_bandpass-300-3400,data/attacks/bandpass-300-3400/librispeech-test-01879.wav,real,real_attack,none,bandpass-300-3400,bandpass300-3400,THE REPLY WAS WRITTEN IN A SPRAWLING FEMININE HAND IT WAS A LITTLE VAGUE,na,na,2428,16000,4.26,test,na
librispeech-test-01879_reverb-rt60-0.2,data/attacks/reverb-rt60-0.2/librispeech-test-01879.wav,real,real_attack,none,reverb-rt60-0.2,rt60-0.2,THE REPLY WAS WRITTEN IN A SPRAWLING FEMININE HAND IT WAS A LITTLE VAGUE,na,na,2428,16000,4.26,test,na
librispeech-test-01879_reverb-rt60-0.4,data/attacks/reverb-rt60-0.4/librispeech-test-01879.wav,real,real_attack,none,reverb-rt60-0.4,rt60-0.4,THE REPLY WAS WRITTEN IN A SPRAWLING FEMININE HAND IT WAS A LITTLE VAGUE,na,na,2428,16000,4.26,test,na
librispeech-test-01879_reverb-rt60-0.8,data/attacks/reverb-rt60-0.8/librispeech-test-01879.wav,real,real_attack,none,reverb-rt60-0.8,rt60-0.8,THE REPLY WAS WRITTEN IN A SPRAWLING FEMININE HAND IT WAS A LITTLE VAGUE,na,na,2428,16000,4.26,test,na
librispeech-test-01879_speed0.9,data/attacks/speed0.9/librispeech-test-01879.wav,real,real_attack,none,speed0.9,speed0.9,THE REPLY WAS WRITTEN IN A SPRAWLING FEMININE HAND IT WAS A LITTLE VAGUE,na,na,2428,16000,4.733,test,na
librispeech-test-01879_speed1.1,data/attacks/speed1.1/librispeech-test-01879.wav,real,real_attack,none,speed1.1,speed1.1,THE REPLY WAS WRITTEN IN A SPRAWLING FEMININE HAND IT WAS A LITTLE VAGUE,na,na,2428,16000,3.873,test,na
librispeech-test-01880_mp3-128k,data/attacks/mp3-128k/librispeech-test-01880.wav,real,real_attack,none,mp3-128k,mp3-128k,IT APPEARED THAT THE TERMS WOULD BE FIVE GUINEAS BUT THERE WAS NO MENTION OF THE LENGTH OF TIME WHICH THAT FEE WOULD COVER,na,na,2428,16000,6.267,test,na
librispeech-test-01880_mp3-64k,data/attacks/mp3-64k/librispeech-test-01880.wav,real,real_attack,none,mp3-64k,mp3-64k,IT APPEARED THAT THE TERMS WOULD BE FIVE GUINEAS BUT THERE WAS NO MENTION OF THE LENGTH OF TIME WHICH THAT FEE WOULD COVER,na,na,2428,16000,6.267,test,na
librispeech-test-01880_aac-128k,data/attacks/aac-128k/librispeech-test-01880.wav,real,real_attack,none,aac-128k,aac-128k,IT APPEARED THAT THE TERMS WOULD BE FIVE GUINEAS BUT THERE WAS NO MENTION OF THE LENGTH OF TIME WHICH THAT FEE WOULD COVER,na,na,2428,16000,6.272,test,na
librispeech-test-01880_opus-32k,data/attacks/opus-32k/librispeech-test-01880.wav,real,real_attack,none,opus-32k,opus-32k,IT APPEARED THAT THE TERMS WOULD BE FIVE GUINEAS BUT THERE WAS NO MENTION OF THE LENGTH OF TIME WHICH THAT FEE WOULD COVER,na,na,2428,16000,6.265,test,na
librispeech-test-01880_g711-8k,data/attacks/g711-8k/librispeech-test-01880.wav,real,real_attack,none,g711-8k,g711-8k,IT APPEARED THAT THE TERMS WOULD BE FIVE GUINEAS BUT THERE WAS NO MENTION OF THE LENGTH OF TIME WHICH THAT FEE WOULD COVER,na,na,2428,16000,6.265,test,na
librispeech-test-01880_resample-8k,data/attacks/resample-8k/librispeech-test-01880.wav,real,real_attack,none,resample-8k,8k-roundtrip,IT APPEARED THAT THE TERMS WOULD BE FIVE GUINEAS BUT THERE WAS NO MENTION OF THE LENGTH OF TIME WHICH THAT FEE WOULD COVER,na,na,2428,16000,6.265,test,na
librispeech-test-01880_awgn-snr5,data/attacks/awgn-snr5/librispeech-test-01880.wav,real,real_attack,none,awgn-snr5,snr5,IT APPEARED THAT THE TERMS WOULD BE FIVE GUINEAS BUT THERE WAS NO MENTION OF THE LENGTH OF TIME WHICH THAT FEE WOULD COVER,na,na,2428,16000,6.265,test,na
librispeech-test-01880_awgn-snr10,data/attacks/awgn-snr10/librispeech-test-01880.wav,real,real_attack,none,awgn-snr10,snr10,IT APPEARED THAT THE TERMS WOULD BE FIVE GUINEAS BUT THERE WAS NO MENTION OF THE LENGTH OF TIME WHICH THAT FEE WOULD COVER,na,na,2428,16000,6.265,test,na
librispeech-test-01880_awgn-snr20,data/attacks/awgn-snr20/librispeech-test-01880.wav,real,real_attack,none,awgn-snr20,snr20,IT APPEARED THAT THE TERMS WOULD BE FIVE GUINEAS BUT THERE WAS NO MENTION OF THE LENGTH OF TIME WHICH THAT FEE WOULD COVER,na,na,2428,16000,6.265,test,na
librispeech-test-01880_bandpass-300-3400,data/attacks/bandpass-300-3400/librispeech-test-01880.wav,real,real_attack,none,bandpass-300-3400,bandpass300-3400,IT APPEARED THAT THE TERMS WOULD BE FIVE GUINEAS BUT THERE WAS NO MENTION OF THE LENGTH OF TIME WHICH THAT FEE WOULD COVER,na,na,2428,16000,6.265,test,na
librispeech-test-01880_reverb-rt60-0.2,data/attacks/reverb-rt60-0.2/librispeech-test-01880.wav,real,real_attack,none,reverb-rt60-0.2,rt60-0.2,IT APPEARED THAT THE TERMS WOULD BE FIVE GUINEAS BUT THERE WAS NO MENTION OF THE LENGTH OF TIME WHICH THAT FEE WOULD COVER,na,na,2428,16000,6.265,test,na
librispeech-test-01880_reverb-rt60-0.4,data/attacks/reverb-rt60-0.4/librispeech-test-01880.wav,real,real_attack,none,reverb-rt60-0.4,rt60-0.4,IT APPEARED THAT THE TERMS WOULD BE FIVE GUINEAS BUT THERE WAS NO MENTION OF THE LENGTH OF TIME WHICH THAT FEE WOULD COVER,na,na,2428,16000,6.265,test,na
librispeech-test-01880_reverb-rt60-0.8,data/attacks/reverb-rt60-0.8/librispeech-test-01880.wav,real,real_attack,none,reverb-rt60-0.8,rt60-0.8,IT APPEARED THAT THE TERMS WOULD BE FIVE GUINEAS BUT THERE WAS NO MENTION OF THE LENGTH OF TIME WHICH THAT FEE WOULD COVER,na,na,2428,16000,6.265,test,na
librispeech-test-01880_speed0.9,data/attacks/speed0.9/librispeech-test-01880.wav,real,real_attack,none,speed0.9,speed0.9,IT APPEARED THAT THE TERMS WOULD BE FIVE GUINEAS BUT THERE WAS NO MENTION OF THE LENGTH OF TIME WHICH THAT FEE WOULD COVER,na,na,2428,16000,6.961,test,na
librispeech-test-01880_speed1.1,data/attacks/speed1.1/librispeech-test-01880.wav,real,real_attack,none,speed1.1,speed1.1,IT APPEARED THAT THE TERMS WOULD BE FIVE GUINEAS BUT THERE WAS NO MENTION OF THE LENGTH OF TIME WHICH THAT FEE WOULD COVER,na,na,2428,16000,5.695,test,na
librispeech-test-01881_mp3-128k,data/attacks/mp3-128k/librispeech-test-01881.wav,real,real_attack,none,mp3-128k,mp3-128k,THE WHOLE THING WAS A TRIFLE ODD,na,na,2428,16000,1.88,test,na
librispeech-test-01881_mp3-64k,data/attacks/mp3-64k/librispeech-test-01881.wav,real,real_attack,none,mp3-64k,mp3-64k,THE WHOLE THING WAS A TRIFLE ODD,na,na,2428,16000,1.88,test,na
librispeech-test-01881_aac-128k,data/attacks/aac-128k/librispeech-test-01881.wav,real,real_attack,none,aac-128k,aac-128k,THE WHOLE THING WAS A TRIFLE ODD,na,na,2428,16000,1.92,test,na
librispeech-test-01881_opus-32k,data/attacks/opus-32k/librispeech-test-01881.wav,real,real_attack,none,opus-32k,opus-32k,THE WHOLE THING WAS A TRIFLE ODD,na,na,2428,16000,1.88,test,na
librispeech-test-01881_g711-8k,data/attacks/g711-8k/librispeech-test-01881.wav,real,real_attack,none,g711-8k,g711-8k,THE WHOLE THING WAS A TRIFLE ODD,na,na,2428,16000,1.88,test,na
librispeech-test-01881_resample-8k,data/attacks/resample-8k/librispeech-test-01881.wav,real,real_attack,none,resample-8k,8k-roundtrip,THE WHOLE THING WAS A TRIFLE ODD,na,na,2428,16000,1.88,test,na
librispeech-test-01881_awgn-snr5,data/attacks/awgn-snr5/librispeech-test-01881.wav,real,real_attack,none,awgn-snr5,snr5,THE WHOLE THING WAS A TRIFLE ODD,na,na,2428,16000,1.88,test,na
librispeech-test-01881_awgn-snr10,data/attacks/awgn-snr10/librispeech-test-01881.wav,real,real_attack,none,awgn-snr10,snr10,THE WHOLE THING WAS A TRIFLE ODD,na,na,2428,16000,1.88,test,na
librispeech-test-01881_awgn-snr20,data/attacks/awgn-snr20/librispeech-test-01881.wav,real,real_attack,none,awgn-snr20,snr20,THE WHOLE THING WAS A TRIFLE ODD,na,na,2428,16000,1.88,test,na
librispeech-test-01881_bandpass-300-3400,data/attacks/bandpass-300-3400/librispeech-test-01881.wav,real,real_attack,none,bandpass-300-3400,bandpass300-3400,THE WHOLE THING WAS A TRIFLE ODD,na,na,2428,16000,1.88,test,na
librispeech-test-01881_reverb-rt60-0.2,data/attacks/reverb-rt60-0.2/librispeech-test-01881.wav,real,real_attack,none,reverb-rt60-0.2,rt60-0.2,THE WHOLE THING WAS A TRIFLE ODD,na,na,2428,16000,1.88,test,na
librispeech-test-01881_reverb-rt60-0.4,data/attacks/reverb-rt60-0.4/librispeech-test-01881.wav,real,real_attack,none,reverb-rt60-0.4,rt60-0.4,THE WHOLE THING WAS A TRIFLE ODD,na,na,2428,16000,1.88,test,na
librispeech-test-01881_reverb-rt60-0.8,data/attacks/reverb-rt60-0.8/librispeech-test-01881.wav,real,real_attack,none,reverb-rt60-0.8,rt60-0.8,THE WHOLE THING WAS A TRIFLE ODD,na,na,2428,16000,1.88,test,na
librispeech-test-01881_speed0.9,data/attacks/speed0.9/librispeech-test-01881.wav,real,real_attack,none,speed0.9,speed0.9,THE WHOLE THING WAS A TRIFLE ODD,na,na,2428,16000,2.089,test,na
librispeech-test-01881_speed1.1,data/attacks/speed1.1/librispeech-test-01881.wav,real,real_attack,none,speed1.1,speed1.1,THE WHOLE THING WAS A TRIFLE ODD,na,na,2428,16000,1.709,test,na
librispeech-test-01882_mp3-128k,data/attacks/mp3-128k/librispeech-test-01882.wav,real,real_attack,none,mp3-128k,mp3-128k,THERE WAS NOTHING SAID ABOUT THE SORT OF ACCOMMODATION WHICH WOULD BE PROVIDED NOTHING ABOUT THE KIND OF ESTABLISHMENT WHICH WAS MAINTAINED OR THE TABLE WHICH WAS KEPT,na,na,2428,16000,9.09,test,na
librispeech-test-01882_mp3-64k,data/attacks/mp3-64k/librispeech-test-01882.wav,real,real_attack,none,mp3-64k,mp3-64k,THERE WAS NOTHING SAID ABOUT THE SORT OF ACCOMMODATION WHICH WOULD BE PROVIDED NOTHING ABOUT THE KIND OF ESTABLISHMENT WHICH WAS MAINTAINED OR THE TABLE WHICH WAS KEPT,na,na,2428,16000,9.09,test,na
librispeech-test-01882_aac-128k,data/attacks/aac-128k/librispeech-test-01882.wav,real,real_attack,none,aac-128k,aac-128k,THERE WAS NOTHING SAID ABOUT THE SORT OF ACCOMMODATION WHICH WOULD BE PROVIDED NOTHING ABOUT THE KIND OF ESTABLISHMENT WHICH WAS MAINTAINED OR THE TABLE WHICH WAS KEPT,na,na,2428,16000,9.152,test,na
librispeech-test-01882_opus-32k,data/attacks/opus-32k/librispeech-test-01882.wav,real,real_attack,none,opus-32k,opus-32k,THERE WAS NOTHING SAID ABOUT THE SORT OF ACCOMMODATION WHICH WOULD BE PROVIDED NOTHING ABOUT THE KIND OF ESTABLISHMENT WHICH WAS MAINTAINED OR THE TABLE WHICH WAS KEPT,na,na,2428,16000,9.09,test,na
librispeech-test-01882_g711-8k,data/attacks/g711-8k/librispeech-test-01882.wav,real,real_attack,none,g711-8k,g711-8k,THERE WAS NOTHING SAID ABOUT THE SORT OF ACCOMMODATION WHICH WOULD BE PROVIDED NOTHING ABOUT THE KIND OF ESTABLISHMENT WHICH WAS MAINTAINED OR THE TABLE WHICH WAS KEPT,na,na,2428,16000,9.09,test,na
librispeech-test-01882_resample-8k,data/attacks/resample-8k/librispeech-test-01882.wav,real,real_attack,none,resample-8k,8k-roundtrip,THERE WAS NOTHING SAID ABOUT THE SORT OF ACCOMMODATION WHICH WOULD BE PROVIDED NOTHING ABOUT THE KIND OF ESTABLISHMENT WHICH WAS MAINTAINED OR THE TABLE WHICH WAS KEPT,na,na,2428,16000,9.09,test,na
librispeech-test-01882_awgn-snr5,data/attacks/awgn-snr5/librispeech-test-01882.wav,real,real_attack,none,awgn-snr5,snr5,THERE WAS NOTHING SAID ABOUT THE SORT OF ACCOMMODATION WHICH WOULD BE PROVIDED NOTHING ABOUT THE KIND OF ESTABLISHMENT WHICH WAS MAINTAINED OR THE TABLE WHICH WAS KEPT,na,na,2428,16000,9.09,test,na
librispeech-test-01882_awgn-snr10,data/attacks/awgn-snr10/librispeech-test-01882.wav,real,real_attack,none,awgn-snr10,snr10,THERE WAS NOTHING SAID ABOUT THE SORT OF ACCOMMODATION WHICH WOULD BE PROVIDED NOTHING ABOUT THE KIND OF ESTABLISHMENT WHICH WAS MAINTAINED OR THE TABLE WHICH WAS KEPT,na,na,2428,16000,9.09,test,na
librispeech-test-01882_awgn-snr20,data/attacks/awgn-snr20/librispeech-test-01882.wav,real,real_attack,none,awgn-snr20,snr20,THERE WAS NOTHING SAID ABOUT THE SORT OF ACCOMMODATION WHICH WOULD BE PROVIDED NOTHING ABOUT THE KIND OF ESTABLISHMENT WHICH WAS MAINTAINED OR THE TABLE WHICH WAS KEPT,na,na,2428,16000,9.09,test,na
librispeech-test-01882_bandpass-300-3400,data/attacks/bandpass-300-3400/librispeech-test-01882.wav,real,real_attack,none,bandpass-300-3400,bandpass300-3400,THERE WAS NOTHING SAID ABOUT THE SORT OF ACCOMMODATION WHICH WOULD BE PROVIDED NOTHING ABOUT THE KIND OF ESTABLISHMENT WHICH WAS MAINTAINED OR THE TABLE WHICH WAS KEPT,na,na,2428,16000,9.09,test,na
librispeech-test-01882_reverb-rt60-0.2,data/attacks/reverb-rt60-0.2/librispeech-test-01882.wav,real,real_attack,none,reverb-rt60-0.2,rt60-0.2,THERE WAS NOTHING SAID ABOUT THE SORT OF ACCOMMODATION WHICH WOULD BE PROVIDED NOTHING ABOUT THE KIND OF ESTABLISHMENT WHICH WAS MAINTAINED OR THE TABLE WHICH WAS KEPT,na,na,2428,16000,9.09,test,na
librispeech-test-01882_reverb-rt60-0.4,data/attacks/reverb-rt60-0.4/librispeech-test-01882.wav,real,real_attack,none,reverb-rt60-0.4,rt60-0.4,THERE WAS NOTHING SAID ABOUT THE SORT OF ACCOMMODATION WHICH WOULD BE PROVIDED NOTHING ABOUT THE KIND OF ESTABLISHMENT WHICH WAS MAINTAINED OR THE TABLE WHICH WAS KEPT,na,na,2428,16000,9.09,test,na
librispeech-test-01882_reverb-rt60-0.8,data/attacks/reverb-rt60-0.8/librispeech-test-01882.wav,real,real_attack,none,reverb-rt60-0.8,rt60-0.8,THERE WAS NOTHING SAID ABOUT THE SORT OF ACCOMMODATION WHICH WOULD BE PROVIDED NOTHING ABOUT THE KIND OF ESTABLISHMENT WHICH WAS MAINTAINED OR THE TABLE WHICH WAS KEPT,na,na,2428,16000,9.09,test,na
librispeech-test-01882_speed0.9,data/attacks/speed0.9/librispeech-test-01882.wav,real,real_attack,none,speed0.9,speed0.9,THERE WAS NOTHING SAID ABOUT THE SORT OF ACCOMMODATION WHICH WOULD BE PROVIDED NOTHING ABOUT THE KIND OF ESTABLISHMENT WHICH WAS MAINTAINED OR THE TABLE WHICH WAS KEPT,na,na,2428,16000,10.1,test,na
librispeech-test-01882_speed1.1,data/attacks/speed1.1/librispeech-test-01882.wav,real,real_attack,none,speed1.1,speed1.1,THERE WAS NOTHING SAID ABOUT THE SORT OF ACCOMMODATION WHICH WOULD BE PROVIDED NOTHING ABOUT THE KIND OF ESTABLISHMENT WHICH WAS MAINTAINED OR THE TABLE WHICH WAS KEPT,na,na,2428,16000,8.264,test,na
librispeech-test-01883_mp3-128k,data/attacks/mp3-128k/librispeech-test-01883.wav,real,real_attack,none,mp3-128k,mp3-128k,NOW IT IS A REMARKABLE THING THAT I HAVE ALWAYS HAD AN EXTRAORDINARY PREDILECTION FOR THE NAME MADGE I DO NOT KNOW WHY,na,na,2428,16000,6.825,test,na
librispeech-test-01883_mp3-64k,data/attacks/mp3-64k/librispeech-test-01883.wav,real,real_attack,none,mp3-64k,mp3-64k,NOW IT IS A REMARKABLE THING THAT I HAVE ALWAYS HAD AN EXTRAORDINARY PREDILECTION FOR THE NAME MADGE I DO NOT KNOW WHY,na,na,2428,16000,6.825,test,na
librispeech-test-01883_aac-128k,data/attacks/aac-128k/librispeech-test-01883.wav,real,real_attack,none,aac-128k,aac-128k,NOW IT IS A REMARKABLE THING THAT I HAVE ALWAYS HAD AN EXTRAORDINARY PREDILECTION FOR THE NAME MADGE I DO NOT KNOW WHY,na,na,2428,16000,6.848,test,na
librispeech-test-01883_opus-32k,data/attacks/opus-32k/librispeech-test-01883.wav,real,real_attack,none,opus-32k,opus-32k,NOW IT IS A REMARKABLE THING THAT I HAVE ALWAYS HAD AN EXTRAORDINARY PREDILECTION FOR THE NAME MADGE I DO NOT KNOW WHY,na,na,2428,16000,6.825,test,na
librispeech-test-01883_g711-8k,data/attacks/g711-8k/librispeech-test-01883.wav,real,real_attack,none,g711-8k,g711-8k,NOW IT IS A REMARKABLE THING THAT I HAVE ALWAYS HAD AN EXTRAORDINARY PREDILECTION FOR THE NAME MADGE I DO NOT KNOW WHY,na,na,2428,16000,6.825,test,na
librispeech-test-01883_resample-8k,data/attacks/resample-8k/librispeech-test-01883.wav,real,real_attack,none,resample-8k,8k-roundtrip,NOW IT IS A REMARKABLE THING THAT I HAVE ALWAYS HAD AN EXTRAORDINARY PREDILECTION FOR THE NAME MADGE I DO NOT KNOW WHY,na,na,2428,16000,6.825,test,na
librispeech-test-01883_awgn-snr5,data/attacks/awgn-snr5/librispeech-test-01883.wav,real,real_attack,none,awgn-snr5,snr5,NOW IT IS A REMARKABLE THING THAT I HAVE ALWAYS HAD AN EXTRAORDINARY PREDILECTION FOR THE NAME MADGE I DO NOT KNOW WHY,na,na,2428,16000,6.825,test,na
librispeech-test-01883_awgn-snr10,data/attacks/awgn-snr10/librispeech-test-01883.wav,real,real_attack,none,awgn-snr10,snr10,NOW IT IS A REMARKABLE THING THAT I HAVE ALWAYS HAD AN EXTRAORDINARY PREDILECTION FOR THE NAME MADGE I DO NOT KNOW WHY,na,na,2428,16000,6.825,test,na
librispeech-test-01883_awgn-snr20,data/attacks/awgn-snr20/librispeech-test-01883.wav,real,real_attack,none,awgn-snr20,snr20,NOW IT IS A REMARKABLE THING THAT I HAVE ALWAYS HAD AN EXTRAORDINARY PREDILECTION FOR THE NAME MADGE I DO NOT KNOW WHY,na,na,2428,16000,6.825,test,na
librispeech-test-01883_bandpass-300-3400,data/attacks/bandpass-300-3400/librispeech-test-01883.wav,real,real_attack,none,bandpass-300-3400,bandpass300-3400,NOW IT IS A REMARKABLE THING THAT I HAVE ALWAYS HAD AN EXTRAORDINARY PREDILECTION FOR THE NAME MADGE I DO NOT KNOW WHY,na,na,2428,16000,6.825,test,na
librispeech-test-01883_reverb-rt60-0.2,data/attacks/reverb-rt60-0.2/librispeech-test-01883.wav,real,real_attack,none,reverb-rt60-0.2,rt60-0.2,NOW IT IS A REMARKABLE THING THAT I HAVE ALWAYS HAD AN EXTRAORDINARY PREDILECTION FOR THE NAME MADGE I DO NOT KNOW WHY,na,na,2428,16000,6.825,test,na
librispeech-test-01883_reverb-rt60-0.4,data/attacks/reverb-rt60-0.4/librispeech-test-01883.wav,real,real_attack,none,reverb-rt60-0.4,rt60-0.4,NOW IT IS A REMARKABLE THING THAT I HAVE ALWAYS HAD AN EXTRAORDINARY PREDILECTION FOR THE NAME MADGE I DO NOT KNOW WHY,na,na,2428,16000,6.825,test,na
librispeech-test-01883_reverb-rt60-0.8,data/attacks/reverb-rt60-0.8/librispeech-test-01883.wav,real,real_attack,none,reverb-rt60-0.8,rt60-0.8,NOW IT IS A REMARKABLE THING THAT I HAVE ALWAYS HAD AN EXTRAORDINARY PREDILECTION FOR THE NAME MADGE I DO NOT KNOW WHY,na,na,2428,16000,6.825,test,na
librispeech-test-01883_speed0.9,data/attacks/speed0.9/librispeech-test-01883.wav,real,real_attack,none,speed0.9,speed0.9,NOW IT IS A REMARKABLE THING THAT I HAVE ALWAYS HAD AN EXTRAORDINARY PREDILECTION FOR THE NAME MADGE I DO NOT KNOW WHY,na,na,2428,16000,7.583,test,na
librispeech-test-01883_speed1.1,data/attacks/speed1.1/librispeech-test-01883.wav,real,real_attack,none,speed1.1,speed1.1,NOW IT IS A REMARKABLE THING THAT I HAVE ALWAYS HAD AN EXTRAORDINARY PREDILECTION FOR THE NAME MADGE I DO NOT KNOW WHY,na,na,2428,16000,6.205,test,na
librispeech-test-01884_mp3-128k,data/attacks/mp3-128k/librispeech-test-01884.wav,real,real_attack,none,mp3-128k,mp3-128k,I HAVE NEVER KNOWN A MADGE AND YET FROM MY BOYHOOD UPWARD I HAVE DESIRED TO MEET ONE,na,na,2428,16000,5.71,test,na
librispeech-test-01884_mp3-64k,data/attacks/mp3-64k/librispeech-test-01884.wav,real,real_attack,none,mp3-64k,mp3-64k,I HAVE NEVER KNOWN A MADGE AND YET FROM MY BOYHOOD UPWARD I HAVE DESIRED TO MEET ONE,na,na,2428,16000,5.71,test,na
librispeech-test-01884_aac-128k,data/attacks/aac-128k/librispeech-test-01884.wav,real,real_attack,none,aac-128k,aac-128k,I HAVE NEVER KNOWN A MADGE AND YET FROM MY BOYHOOD UPWARD I HAVE DESIRED TO MEET ONE,na,na,2428,16000,5.76,test,na
librispeech-test-01884_opus-32k,data/attacks/opus-32k/librispeech-test-01884.wav,real,real_attack,none,opus-32k,opus-32k,I HAVE NEVER KNOWN A MADGE AND YET FROM MY BOYHOOD UPWARD I HAVE DESIRED TO MEET ONE,na,na,2428,16000,5.71,test,na
librispeech-test-01884_g711-8k,data/attacks/g711-8k/librispeech-test-01884.wav,real,real_attack,none,g711-8k,g711-8k,I HAVE NEVER KNOWN A MADGE AND YET FROM MY BOYHOOD UPWARD I HAVE DESIRED TO MEET ONE,na,na,2428,16000,5.71,test,na
librispeech-test-01884_resample-8k,data/attacks/resample-8k/librispeech-test-01884.wav,real,real_attack,none,resample-8k,8k-roundtrip,I HAVE NEVER KNOWN A MADGE AND YET FROM MY BOYHOOD UPWARD I HAVE DESIRED TO MEET ONE,na,na,2428,16000,5.71,test,na
librispeech-test-01884_awgn-snr5,data/attacks/awgn-snr5/librispeech-test-01884.wav,real,real_attack,none,awgn-snr5,snr5,I HAVE NEVER KNOWN A MADGE AND YET FROM MY BOYHOOD UPWARD I HAVE DESIRED TO MEET ONE,na,na,2428,16000,5.71,test,na
librispeech-test-01884_awgn-snr10,data/attacks/awgn-snr10/librispeech-test-01884.wav,real,real_attack,none,awgn-snr10,snr10,I HAVE NEVER KNOWN A MADGE AND YET FROM MY BOYHOOD UPWARD I HAVE DESIRED TO MEET ONE,na,na,2428,16000,5.71,test,na
librispeech-test-01884_awgn-snr20,data/attacks/awgn-snr20/librispeech-test-01884.wav,real,real_attack,none,awgn-snr20,snr20,I HAVE NEVER KNOWN A MADGE AND YET FROM MY BOYHOOD UPWARD I HAVE DESIRED TO MEET ONE,na,na,2428,16000,5.71,test,na
librispeech-test-01884_bandpass-300-3400,data/attacks/bandpass-300-3400/librispeech-test-01884.wav,real,real_attack,none,bandpass-300-3400,bandpass300-3400,I HAVE NEVER KNOWN A MADGE AND YET FROM MY BOYHOOD UPWARD I HAVE DESIRED TO MEET ONE,na,na,2428,16000,5.71,test,na
librispeech-test-01884_reverb-rt60-0.2,data/attacks/reverb-rt60-0.2/librispeech-test-01884.wav,real,real_attack,none,reverb-rt60-0.2,rt60-0.2,I HAVE NEVER KNOWN A MADGE AND YET FROM MY BOYHOOD UPWARD I HAVE DESIRED TO MEET ONE,na,na,2428,16000,5.71,test,na
librispeech-test-01884_reverb-rt60-0.4,data/attacks/reverb-rt60-0.4/librispeech-test-01884.wav,real,real_attack,none,reverb-rt60-0.4,rt60-0.4,I HAVE NEVER KNOWN A MADGE AND YET FROM MY BOYHOOD UPWARD I HAVE DESIRED TO MEET ONE,na,na,2428,16000,5.71,test,na
librispeech-test-01884_reverb-rt60-0.8,data/attacks/reverb-rt60-0.8/librispeech-test-01884.wav,real,real_attack,none,reverb-rt60-0.8,rt60-0.8,I HAVE NEVER KNOWN A MADGE AND YET FROM MY BOYHOOD UPWARD I HAVE DESIRED TO MEET ONE,na,na,2428,16000,5.71,test,na
librispeech-test-01884_speed0.9,data/attacks/speed0.9/librispeech-test-01884.wav,real,real_attack,none,speed0.9,speed0.9,I HAVE NEVER KNOWN A MADGE AND YET FROM MY BOYHOOD UPWARD I HAVE DESIRED TO MEET ONE,na,na,2428,16000,6.344,test,na
librispeech-test-01884_speed1.1,data/attacks/speed1.1/librispeech-test-01884.wav,real,real_attack,none,speed1.1,speed1.1,I HAVE NEVER KNOWN A MADGE AND YET FROM MY BOYHOOD UPWARD I HAVE DESIRED TO MEET ONE,na,na,2428,16000,5.191,test,na
librispeech-test-01885_mp3-128k,data/attacks/mp3-128k/librispeech-test-01885.wav,real,real_attack,none,mp3-128k,mp3-128k,UNDER SUCH CIRCUMSTANCES SHE WAS HARDLY LIKELY TO BE LIVELY HERSELF BUT HER NAME WAS MADGE AND IT WAS THE ACCIDENT OF HER CHRISTIAN NAME WHICH DECIDED ME TO GO,na,na,2428,16000,10.38,test,na
librispeech-test-01885_mp3-64k,data/attacks/mp3-64k/librispeech-test-01885.wav,real,real_attack,none,mp3-64k,mp3-64k,UNDER SUCH CIRCUMSTANCES SHE WAS HARDLY LIKELY TO BE LIVELY HERSELF BUT HER NAME WAS MADGE AND IT WAS THE ACCIDENT OF HER CHRISTIAN NAME WHICH DECIDED ME TO GO,na,na,2428,16000,10.38,test,na
librispeech-test-01885_aac-128k,data/attacks/aac-128k/librispeech-test-01885.wav,real,real_attack,none,aac-128k,aac-128k,UNDER SUCH CIRCUMSTANCES SHE WAS HARDLY LIKELY TO BE LIVELY HERSELF BUT HER NAME WAS MADGE AND IT WAS THE ACCIDENT OF HER CHRISTIAN NAME WHICH DECIDED ME TO GO,na,na,2428,16000,10.432,test,na
librispeech-test-01885_opus-32k,data/attacks/opus-32k/librispeech-test-01885.wav,real,real_attack,none,opus-32k,opus-32k,UNDER SUCH CIRCUMSTANCES SHE WAS HARDLY LIKELY TO BE LIVELY HERSELF BUT HER NAME WAS MADGE AND IT WAS THE ACCIDENT OF HER CHRISTIAN NAME WHICH DECIDED ME TO GO,na,na,2428,16000,10.38,test,na
librispeech-test-01885_g711-8k,data/attacks/g711-8k/librispeech-test-01885.wav,real,real_attack,none,g711-8k,g711-8k,UNDER SUCH CIRCUMSTANCES SHE WAS HARDLY LIKELY TO BE LIVELY HERSELF BUT HER NAME WAS MADGE AND IT WAS THE ACCIDENT OF HER CHRISTIAN NAME WHICH DECIDED ME TO GO,na,na,2428,16000,10.38,test,na
librispeech-test-01885_resample-8k,data/attacks/resample-8k/librispeech-test-01885.wav,real,real_attack,none,resample-8k,8k-roundtrip,UNDER SUCH CIRCUMSTANCES SHE WAS HARDLY LIKELY TO BE LIVELY HERSELF BUT HER NAME WAS MADGE AND IT WAS THE ACCIDENT OF HER CHRISTIAN NAME WHICH DECIDED ME TO GO,na,na,2428,16000,10.38,test,na
librispeech-test-01885_awgn-snr5,data/attacks/awgn-snr5/librispeech-test-01885.wav,real,real_attack,none,awgn-snr5,snr5,UNDER SUCH CIRCUMSTANCES SHE WAS HARDLY LIKELY TO BE LIVELY HERSELF BUT HER NAME WAS MADGE AND IT WAS THE ACCIDENT OF HER CHRISTIAN NAME WHICH DECIDED ME TO GO,na,na,2428,16000,10.38,test,na
librispeech-test-01885_awgn-snr10,data/attacks/awgn-snr10/librispeech-test-01885.wav,real,real_attack,none,awgn-snr10,snr10,UNDER SUCH CIRCUMSTANCES SHE WAS HARDLY LIKELY TO BE LIVELY HERSELF BUT HER NAME WAS MADGE AND IT WAS THE ACCIDENT OF HER CHRISTIAN NAME WHICH DECIDED ME TO GO,na,na,2428,16000,10.38,test,na
librispeech-test-01885_awgn-snr20,data/attacks/awgn-snr20/librispeech-test-01885.wav,real,real_attack,none,awgn-snr20,snr20,UNDER SUCH CIRCUMSTANCES SHE WAS HARDLY LIKELY TO BE LIVELY HERSELF BUT HER NAME WAS MADGE AND IT WAS THE ACCIDENT OF HER CHRISTIAN NAME WHICH DECIDED ME TO GO,na,na,2428,16000,10.38,test,na
librispeech-test-01885_bandpass-300-3400,data/attacks/bandpass-300-3400/librispeech-test-01885.wav,real,real_attack,none,bandpass-300-3400,bandpass300-3400,UNDER SUCH CIRCUMSTANCES SHE WAS HARDLY LIKELY TO BE LIVELY HERSELF BUT HER NAME WAS MADGE AND IT WAS THE ACCIDENT OF HER CHRISTIAN NAME WHICH DECIDED ME TO GO,na,na,2428,16000,10.38,test,na
librispeech-test-01885_reverb-rt60-0.2,data/attacks/reverb-rt60-0.2/librispeech-test-01885.wav,real,real_attack,none,reverb-rt60-0.2,rt60-0.2,UNDER SUCH CIRCUMSTANCES SHE WAS HARDLY LIKELY TO BE LIVELY HERSELF BUT HER NAME WAS MADGE AND IT WAS THE ACCIDENT OF HER CHRISTIAN NAME WHICH DECIDED ME TO GO,na,na,2428,16000,10.38,test,na
librispeech-test-01885_reverb-rt60-0.4,data/attacks/reverb-rt60-0.4/librispeech-test-01885.wav,real,real_attack,none,reverb-rt60-0.4,rt60-0.4,UNDER SUCH CIRCUMSTANCES SHE WAS HARDLY LIKELY TO BE LIVELY HERSELF BUT HER NAME WAS MADGE AND IT WAS THE ACCIDENT OF HER CHRISTIAN NAME WHICH DECIDED ME TO GO,na,na,2428,16000,10.38,test,na
librispeech-test-01885_reverb-rt60-0.8,data/attacks/reverb-rt60-0.8/librispeech-test-01885.wav,real,real_attack,none,reverb-rt60-0.8,rt60-0.8,UNDER SUCH CIRCUMSTANCES SHE WAS HARDLY LIKELY TO BE LIVELY HERSELF BUT HER NAME WAS MADGE AND IT WAS THE ACCIDENT OF HER CHRISTIAN NAME WHICH DECIDED ME TO GO,na,na,2428,16000,10.38,test,na
librispeech-test-01885_speed0.9,data/attacks/speed0.9/librispeech-test-01885.wav,real,real_attack,none,speed0.9,speed0.9,UNDER SUCH CIRCUMSTANCES SHE WAS HARDLY LIKELY TO BE LIVELY HERSELF BUT HER NAME WAS MADGE AND IT WAS THE ACCIDENT OF HER CHRISTIAN NAME WHICH DECIDED ME TO GO,na,na,2428,16000,11.533,test,na
librispeech-test-01885_speed1.1,data/attacks/speed1.1/librispeech-test-01885.wav,real,real_attack,none,speed1.1,speed1.1,UNDER SUCH CIRCUMSTANCES SHE WAS HARDLY LIKELY TO BE LIVELY HERSELF BUT HER NAME WAS MADGE AND IT WAS THE ACCIDENT OF HER CHRISTIAN NAME WHICH DECIDED ME TO GO,na,na,2428,16000,9.436,test,na
librispeech-test-02074_mp3-128k,data/attacks/mp3-128k/librispeech-test-02074.wav,real,real_attack,none,mp3-128k,mp3-128k,BUT IS LAUGHTER A SYNONYM OF JOY,na,na,5895,16000,3.335,test,na
librispeech-test-02074_mp3-64k,data/attacks/mp3-64k/librispeech-test-02074.wav,real,real_attack,none,mp3-64k,mp3-64k,BUT IS LAUGHTER A SYNONYM OF JOY,na,na,5895,16000,3.335,test,na
librispeech-test-02074_aac-128k,data/attacks/aac-128k/librispeech-test-02074.wav,real,real_attack,none,aac-128k,aac-128k,BUT IS LAUGHTER A SYNONYM OF JOY,na,na,5895,16000,3.392,test,na
librispeech-test-02074_opus-32k,data/attacks/opus-32k/librispeech-test-02074.wav,real,real_attack,none,opus-32k,opus-32k,BUT IS LAUGHTER A SYNONYM OF JOY,na,na,5895,16000,3.335,test,na
librispeech-test-02074_g711-8k,data/attacks/g711-8k/librispeech-test-02074.wav,real,real_attack,none,g711-8k,g711-8k,BUT IS LAUGHTER A SYNONYM OF JOY,na,na,5895,16000,3.335,test,na
librispeech-test-02074_resample-8k,data/attacks/resample-8k/librispeech-test-02074.wav,real,real_attack,none,resample-8k,8k-roundtrip,BUT IS LAUGHTER A SYNONYM OF JOY,na,na,5895,16000,3.335,test,na
librispeech-test-02074_awgn-snr5,data/attacks/awgn-snr5/librispeech-test-02074.wav,real,real_attack,none,awgn-snr5,snr5,BUT IS LAUGHTER A SYNONYM OF JOY,na,na,5895,16000,3.335,test,na
librispeech-test-02074_awgn-snr10,data/attacks/awgn-snr10/librispeech-test-02074.wav,real,real_attack,none,awgn-snr10,snr10,BUT IS LAUGHTER A SYNONYM OF JOY,na,na,5895,16000,3.335,test,na
librispeech-test-02074_awgn-snr20,data/attacks/awgn-snr20/librispeech-test-02074.wav,real,real_attack,none,awgn-snr20,snr20,BUT IS LAUGHTER A SYNONYM OF JOY,na,na,5895,16000,3.335,test,na
librispeech-test-02074_bandpass-300-3400,data/attacks/bandpass-300-3400/librispeech-test-02074.wav,real,real_attack,none,bandpass-300-3400,bandpass300-3400,BUT IS LAUGHTER A SYNONYM OF JOY,na,na,5895,16000,3.335,test,na
librispeech-test-02074_reverb-rt60-0.2,data/attacks/reverb-rt60-0.2/librispeech-test-02074.wav,real,real_attack,none,reverb-rt60-0.2,rt60-0.2,BUT IS LAUGHTER A SYNONYM OF JOY,na,na,5895,16000,3.335,test,na
librispeech-test-02074_reverb-rt60-0.4,data/attacks/reverb-rt60-0.4/librispeech-test-02074.wav,real,real_attack,none,reverb-rt60-0.4,rt60-0.4,BUT IS LAUGHTER A SYNONYM OF JOY,na,na,5895,16000,3.335,test,na
librispeech-test-02074_reverb-rt60-0.8,data/attacks/reverb-rt60-0.8/librispeech-test-02074.wav,real,real_attack,none,reverb-rt60-0.8,rt60-0.8,BUT IS LAUGHTER A SYNONYM OF JOY,na,na,5895,16000,3.335,test,na
librispeech-test-02074_speed0.9,data/attacks/speed0.9/librispeech-test-02074.wav,real,real_attack,none,speed0.9,speed0.9,BUT IS LAUGHTER A SYNONYM OF JOY,na,na,5895,16000,3.706,test,na
librispeech-test-02074_speed1.1,data/attacks/speed1.1/librispeech-test-02074.wav,real,real_attack,none,speed1.1,speed1.1,BUT IS LAUGHTER A SYNONYM OF JOY,na,na,5895,16000,3.032,test,na
librispeech-test-02075_mp3-128k,data/attacks/mp3-128k/librispeech-test-02075.wav,real,real_attack,none,mp3-128k,mp3-128k,SUCH PERFECT COMPLETENESS IS NOT IN NATURE,na,na,5895,16000,3.305,test,na
librispeech-test-02075_mp3-64k,data/attacks/mp3-64k/librispeech-test-02075.wav,real,real_attack,none,mp3-64k,mp3-64k,SUCH PERFECT COMPLETENESS IS NOT IN NATURE,na,na,5895,16000,3.305,test,na
librispeech-test-02075_aac-128k,data/attacks/aac-128k/librispeech-test-02075.wav,real,real_attack,none,aac-128k,aac-128k,SUCH PERFECT COMPLETENESS IS NOT IN NATURE,na,na,5895,16000,3.328,test,na
librispeech-test-02075_opus-32k,data/attacks/opus-32k/librispeech-test-02075.wav,real,real_attack,none,opus-32k,opus-32k,SUCH PERFECT COMPLETENESS IS NOT IN NATURE,na,na,5895,16000,3.305,test,na
librispeech-test-02075_g711-8k,data/attacks/g711-8k/librispeech-test-02075.wav,real,real_attack,none,g711-8k,g711-8k,SUCH PERFECT COMPLETENESS IS NOT IN NATURE,na,na,5895,16000,3.305,test,na
librispeech-test-02075_resample-8k,data/attacks/resample-8k/librispeech-test-02075.wav,real,real_attack,none,resample-8k,8k-roundtrip,SUCH PERFECT COMPLETENESS IS NOT IN NATURE,na,na,5895,16000,3.305,test,na
librispeech-test-02075_awgn-snr5,data/attacks/awgn-snr5/librispeech-test-02075.wav,real,real_attack,none,awgn-snr5,snr5,SUCH PERFECT COMPLETENESS IS NOT IN NATURE,na,na,5895,16000,3.305,test,na
librispeech-test-02075_awgn-snr10,data/attacks/awgn-snr10/librispeech-test-02075.wav,real,real_attack,none,awgn-snr10,snr10,SUCH PERFECT COMPLETENESS IS NOT IN NATURE,na,na,5895,16000,3.305,test,na
librispeech-test-02075_awgn-snr20,data/attacks/awgn-snr20/librispeech-test-02075.wav,real,real_attack,none,awgn-snr20,snr20,SUCH PERFECT COMPLETENESS IS NOT IN NATURE,na,na,5895,16000,3.305,test,na
librispeech-test-02075_bandpass-300-3400,data/attacks/bandpass-300-3400/librispeech-test-02075.wav,real,real_attack,none,bandpass-300-3400,bandpass300-3400,SUCH PERFECT COMPLETENESS IS NOT IN NATURE,na,na,5895,16000,3.305,test,na
librispeech-test-02075_reverb-rt60-0.2,data/attacks/reverb-rt60-0.2/librispeech-test-02075.wav,real,real_attack,none,reverb-rt60-0.2,rt60-0.2,SUCH PERFECT COMPLETENESS IS NOT IN NATURE,na,na,5895,16000,3.305,test,na
librispeech-test-02075_reverb-rt60-0.4,data/attacks/reverb-rt60-0.4/librispeech-test-02075.wav,real,real_attack,none,reverb-rt60-0.4,rt60-0.4,SUCH PERFECT COMPLETENESS IS NOT IN NATURE,na,na,5895,16000,3.305,test,na
librispeech-test-02075_reverb-rt60-0.8,data/attacks/reverb-rt60-0.8/librispeech-test-02075.wav,real,real_attack,none,reverb-rt60-0.8,rt60-0.8,SUCH PERFECT COMPLETENESS IS NOT IN NATURE,na,na,5895,16000,3.305,test,na
librispeech-test-02075_speed0.9,data/attacks/speed0.9/librispeech-test-02075.wav,real,real_attack,none,speed0.9,speed0.9,SUCH PERFECT COMPLETENESS IS NOT IN NATURE,na,na,5895,16000,3.672,test,na
librispeech-test-02075_speed1.1,data/attacks/speed1.1/librispeech-test-02075.wav,real,real_attack,none,speed1.1,speed1.1,SUCH PERFECT COMPLETENESS IS NOT IN NATURE,na,na,5895,16000,3.005,test,na
librispeech-test-02076_mp3-128k,data/attacks/mp3-128k/librispeech-test-02076.wav,real,real_attack,none,mp3-128k,mp3-128k,HAD GWYNPLAINE WHEN A CHILD BEEN SO WORTHY OF ATTENTION THAT HIS FACE HAD BEEN SUBJECTED TO TRANSMUTATION WHY NOT,na,na,5895,16000,8.73,test,na
librispeech-test-02076_mp3-64k,data/attacks/mp3-64k/librispeech-test-02076.wav,real,real_attack,none,mp3-64k,mp3-64k,HAD GWYNPLAINE WHEN A CHILD BEEN SO WORTHY OF ATTENTION THAT HIS FACE HAD BEEN SUBJECTED TO TRANSMUTATION WHY NOT,na,na,5895,16000,8.73,test,na
librispeech-test-02076_aac-128k,data/attacks/aac-128k/librispeech-test-02076.wav,real,real_attack,none,aac-128k,aac-128k,HAD GWYNPLAINE WHEN A CHILD BEEN SO WORTHY OF ATTENTION THAT HIS FACE HAD BEEN SUBJECTED TO TRANSMUTATION WHY NOT,na,na,5895,16000,8.768,test,na
librispeech-test-02076_opus-32k,data/attacks/opus-32k/librispeech-test-02076.wav,real,real_attack,none,opus-32k,opus-32k,HAD GWYNPLAINE WHEN A CHILD BEEN SO WORTHY OF ATTENTION THAT HIS FACE HAD BEEN SUBJECTED TO TRANSMUTATION WHY NOT,na,na,5895,16000,8.73,test,na
librispeech-test-02076_g711-8k,data/attacks/g711-8k/librispeech-test-02076.wav,real,real_attack,none,g711-8k,g711-8k,HAD GWYNPLAINE WHEN A CHILD BEEN SO WORTHY OF ATTENTION THAT HIS FACE HAD BEEN SUBJECTED TO TRANSMUTATION WHY NOT,na,na,5895,16000,8.73,test,na
librispeech-test-02076_resample-8k,data/attacks/resample-8k/librispeech-test-02076.wav,real,real_attack,none,resample-8k,8k-roundtrip,HAD GWYNPLAINE WHEN A CHILD BEEN SO WORTHY OF ATTENTION THAT HIS FACE HAD BEEN SUBJECTED TO TRANSMUTATION WHY NOT,na,na,5895,16000,8.73,test,na
librispeech-test-02076_awgn-snr5,data/attacks/awgn-snr5/librispeech-test-02076.wav,real,real_attack,none,awgn-snr5,snr5,HAD GWYNPLAINE WHEN A CHILD BEEN SO WORTHY OF ATTENTION THAT HIS FACE HAD BEEN SUBJECTED TO TRANSMUTATION WHY NOT,na,na,5895,16000,8.73,test,na
librispeech-test-02076_awgn-snr10,data/attacks/awgn-snr10/librispeech-test-02076.wav,real,real_attack,none,awgn-snr10,snr10,HAD GWYNPLAINE WHEN A CHILD BEEN SO WORTHY OF ATTENTION THAT HIS FACE HAD BEEN SUBJECTED TO TRANSMUTATION WHY NOT,na,na,5895,16000,8.73,test,na
librispeech-test-02076_awgn-snr20,data/attacks/awgn-snr20/librispeech-test-02076.wav,real,real_attack,none,awgn-snr20,snr20,HAD GWYNPLAINE WHEN A CHILD BEEN SO WORTHY OF ATTENTION THAT HIS FACE HAD BEEN SUBJECTED TO TRANSMUTATION WHY NOT,na,na,5895,16000,8.73,test,na
librispeech-test-02076_bandpass-300-3400,data/attacks/bandpass-300-3400/librispeech-test-02076.wav,real,real_attack,none,bandpass-300-3400,bandpass300-3400,HAD GWYNPLAINE WHEN A CHILD BEEN SO WORTHY OF ATTENTION THAT HIS FACE HAD BEEN SUBJECTED TO TRANSMUTATION WHY NOT,na,na,5895,16000,8.73,test,na
librispeech-test-02076_reverb-rt60-0.2,data/attacks/reverb-rt60-0.2/librispeech-test-02076.wav,real,real_attack,none,reverb-rt60-0.2,rt60-0.2,HAD GWYNPLAINE WHEN A CHILD BEEN SO WORTHY OF ATTENTION THAT HIS FACE HAD BEEN SUBJECTED TO TRANSMUTATION WHY NOT,na,na,5895,16000,8.73,test,na
librispeech-test-02076_reverb-rt60-0.4,data/attacks/reverb-rt60-0.4/librispeech-test-02076.wav,real,real_attack,none,reverb-rt60-0.4,rt60-0.4,HAD GWYNPLAINE WHEN A CHILD BEEN SO WORTHY OF ATTENTION THAT HIS FACE HAD BEEN SUBJECTED TO TRANSMUTATION WHY NOT,na,na,5895,16000,8.73,test,na
librispeech-test-02076_reverb-rt60-0.8,data/attacks/reverb-rt60-0.8/librispeech-test-02076.wav,real,real_attack,none,reverb-rt60-0.8,rt60-0.8,HAD GWYNPLAINE WHEN A CHILD BEEN SO WORTHY OF ATTENTION THAT HIS FACE HAD BEEN SUBJECTED TO TRANSMUTATION WHY NOT,na,na,5895,16000,8.73,test,na
librispeech-test-02076_speed0.9,data/attacks/speed0.9/librispeech-test-02076.wav,real,real_attack,none,speed0.9,speed0.9,HAD GWYNPLAINE WHEN A CHILD BEEN SO WORTHY OF ATTENTION THAT HIS FACE HAD BEEN SUBJECTED TO TRANSMUTATION WHY NOT,na,na,5895,16000,9.7,test,na
librispeech-test-02076_speed1.1,data/attacks/speed1.1/librispeech-test-02076.wav,real,real_attack,none,speed1.1,speed1.1,HAD GWYNPLAINE WHEN A CHILD BEEN SO WORTHY OF ATTENTION THAT HIS FACE HAD BEEN SUBJECTED TO TRANSMUTATION WHY NOT,na,na,5895,16000,7.936,test,na
librispeech-test-02077_mp3-128k,data/attacks/mp3-128k/librispeech-test-02077.wav,real,real_attack,none,mp3-128k,mp3-128k,ACCORDING TO ALL APPEARANCE INDUSTRIOUS MANIPULATORS OF CHILDREN HAD WORKED UPON HIS FACE,na,na,5895,16000,6.605,test,na
librispeech-test-02077_mp3-64k,data/attacks/mp3-64k/librispeech-test-02077.wav,real,real_attack,none,mp3-64k,mp3-64k,ACCORDING TO ALL APPEARANCE INDUSTRIOUS MANIPULATORS OF CHILDREN HAD WORKED UPON HIS FACE,na,na,5895,16000,6.605,test,na
librispeech-test-02077_aac-128k,data/attacks/aac-128k/librispeech-test-02077.wav,real,real_attack,none,aac-128k,aac-128k,ACCORDING TO ALL APPEARANCE INDUSTRIOUS MANIPULATORS OF CHILDREN HAD WORKED UPON HIS FACE,na,na,5895,16000,6.656,test,na
librispeech-test-02077_opus-32k,data/attacks/opus-32k/librispeech-test-02077.wav,real,real_attack,none,opus-32k,opus-32k,ACCORDING TO ALL APPEARANCE INDUSTRIOUS MANIPULATORS OF CHILDREN HAD WORKED UPON HIS FACE,na,na,5895,16000,6.605,test,na
librispeech-test-02077_g711-8k,data/attacks/g711-8k/librispeech-test-02077.wav,real,real_attack,none,g711-8k,g711-8k,ACCORDING TO ALL APPEARANCE INDUSTRIOUS MANIPULATORS OF CHILDREN HAD WORKED UPON HIS FACE,na,na,5895,16000,6.605,test,na
librispeech-test-02077_resample-8k,data/attacks/resample-8k/librispeech-test-02077.wav,real,real_attack,none,resample-8k,8k-roundtrip,ACCORDING TO ALL APPEARANCE INDUSTRIOUS MANIPULATORS OF CHILDREN HAD WORKED UPON HIS FACE,na,na,5895,16000,6.605,test,na
librispeech-test-02077_awgn-snr5,data/attacks/awgn-snr5/librispeech-test-02077.wav,real,real_attack,none,awgn-snr5,snr5,ACCORDING TO ALL APPEARANCE INDUSTRIOUS MANIPULATORS OF CHILDREN HAD WORKED UPON HIS FACE,na,na,5895,16000,6.605,test,na
librispeech-test-02077_awgn-snr10,data/attacks/awgn-snr10/librispeech-test-02077.wav,real,real_attack,none,awgn-snr10,snr10,ACCORDING TO ALL APPEARANCE INDUSTRIOUS MANIPULATORS OF CHILDREN HAD WORKED UPON HIS FACE,na,na,5895,16000,6.605,test,na
librispeech-test-02077_awgn-snr20,data/attacks/awgn-snr20/librispeech-test-02077.wav,real,real_attack,none,awgn-snr20,snr20,ACCORDING TO ALL APPEARANCE INDUSTRIOUS MANIPULATORS OF CHILDREN HAD WORKED UPON HIS FACE,na,na,5895,16000,6.605,test,na
librispeech-test-02077_bandpass-300-3400,data/attacks/bandpass-300-3400/librispeech-test-02077.wav,real,real_attack,none,bandpass-300-3400,bandpass300-3400,ACCORDING TO ALL APPEARANCE INDUSTRIOUS MANIPULATORS OF CHILDREN HAD WORKED UPON HIS FACE,na,na,5895,16000,6.605,test,na
librispeech-test-02077_reverb-rt60-0.2,data/attacks/reverb-rt60-0.2/librispeech-test-02077.wav,real,real_attack,none,reverb-rt60-0.2,rt60-0.2,ACCORDING TO ALL APPEARANCE INDUSTRIOUS MANIPULATORS OF CHILDREN HAD WORKED UPON HIS FACE,na,na,5895,16000,6.605,test,na
librispeech-test-02077_reverb-rt60-0.4,data/attacks/reverb-rt60-0.4/librispeech-test-02077.wav,real,real_attack,none,reverb-rt60-0.4,rt60-0.4,ACCORDING TO ALL APPEARANCE INDUSTRIOUS MANIPULATORS OF CHILDREN HAD WORKED UPON HIS FACE,na,na,5895,16000,6.605,test,na
librispeech-test-02077_reverb-rt60-0.8,data/attacks/reverb-rt60-0.8/librispeech-test-02077.wav,real,real_attack,none,reverb-rt60-0.8,rt60-0.8,ACCORDING TO ALL APPEARANCE INDUSTRIOUS MANIPULATORS OF CHILDREN HAD WORKED UPON HIS FACE,na,na,5895,16000,6.605,test,na
librispeech-test-02077_speed0.9,data/attacks/speed0.9/librispeech-test-02077.wav,real,real_attack,none,speed0.9,speed0.9,ACCORDING TO ALL APPEARANCE INDUSTRIOUS MANIPULATORS OF CHILDREN HAD WORKED UPON HIS FACE,na,na,5895,16000,7.339,test,na
librispeech-test-02077_speed1.1,data/attacks/speed1.1/librispeech-test-02077.wav,real,real_attack,none,speed1.1,speed1.1,ACCORDING TO ALL APPEARANCE INDUSTRIOUS MANIPULATORS OF CHILDREN HAD WORKED UPON HIS FACE,na,na,5895,16000,6.005,test,na
librispeech-test-02078_mp3-128k,data/attacks/mp3-128k/librispeech-test-02078.wav,real,real_attack,none,mp3-128k,mp3-128k,IT SEEMED EVIDENT THAT A MYSTERIOUS AND PROBABLY OCCULT SCIENCE WHICH WAS TO SURGERY WHAT ALCHEMY WAS TO CHEMISTRY HAD CHISELLED HIS FLESH EVIDENTLY AT A VERY TENDER AGE AND MANUFACTURED HIS COUNTENANCE WITH PREMEDITATION,na,na,5895,16000,15.951,test,na
librispeech-test-02078_mp3-64k,data/attacks/mp3-64k/librispeech-test-02078.wav,real,real_attack,none,mp3-64k,mp3-64k,IT SEEMED EVIDENT THAT A MYSTERIOUS AND PROBABLY OCCULT SCIENCE WHICH WAS TO SURGERY WHAT ALCHEMY WAS TO CHEMISTRY HAD CHISELLED HIS FLESH EVIDENTLY AT A VERY TENDER AGE AND MANUFACTURED HIS COUNTENANCE WITH PREMEDITATION,na,na,5895,16000,15.951,test,na
librispeech-test-02078_aac-128k,data/attacks/aac-128k/librispeech-test-02078.wav,real,real_attack,none,aac-128k,aac-128k,IT SEEMED EVIDENT THAT A MYSTERIOUS AND PROBABLY OCCULT SCIENCE WHICH WAS TO SURGERY WHAT ALCHEMY WAS TO CHEMISTRY HAD CHISELLED HIS FLESH EVIDENTLY AT A VERY TENDER AGE AND MANUFACTURED HIS COUNTENANCE WITH PREMEDITATION,na,na,5895,16000,16.0,test,na
librispeech-test-02078_opus-32k,data/attacks/opus-32k/librispeech-test-02078.wav,real,real_attack,none,opus-32k,opus-32k,IT SEEMED EVIDENT THAT A MYSTERIOUS AND PROBABLY OCCULT SCIENCE WHICH WAS TO SURGERY WHAT ALCHEMY WAS TO CHEMISTRY HAD CHISELLED HIS FLESH EVIDENTLY AT A VERY TENDER AGE AND MANUFACTURED HIS COUNTENANCE WITH PREMEDITATION,na,na,5895,16000,15.95,test,na
librispeech-test-02078_g711-8k,data/attacks/g711-8k/librispeech-test-02078.wav,real,real_attack,none,g711-8k,g711-8k,IT SEEMED EVIDENT THAT A MYSTERIOUS AND PROBABLY OCCULT SCIENCE WHICH WAS TO SURGERY WHAT ALCHEMY WAS TO CHEMISTRY HAD CHISELLED HIS FLESH EVIDENTLY AT A VERY TENDER AGE AND MANUFACTURED HIS COUNTENANCE WITH PREMEDITATION,na,na,5895,16000,15.95,test,na
librispeech-test-02078_resample-8k,data/attacks/resample-8k/librispeech-test-02078.wav,real,real_attack,none,resample-8k,8k-roundtrip,IT SEEMED EVIDENT THAT A MYSTERIOUS AND PROBABLY OCCULT SCIENCE WHICH WAS TO SURGERY WHAT ALCHEMY WAS TO CHEMISTRY HAD CHISELLED HIS FLESH EVIDENTLY AT A VERY TENDER AGE AND MANUFACTURED HIS COUNTENANCE WITH PREMEDITATION,na,na,5895,16000,15.95,test,na
librispeech-test-02078_awgn-snr5,data/attacks/awgn-snr5/librispeech-test-02078.wav,real,real_attack,none,awgn-snr5,snr5,IT SEEMED EVIDENT THAT A MYSTERIOUS AND PROBABLY OCCULT SCIENCE WHICH WAS TO SURGERY WHAT ALCHEMY WAS TO CHEMISTRY HAD CHISELLED HIS FLESH EVIDENTLY AT A VERY TENDER AGE AND MANUFACTURED HIS COUNTENANCE WITH PREMEDITATION,na,na,5895,16000,15.95,test,na
librispeech-test-02078_awgn-snr10,data/attacks/awgn-snr10/librispeech-test-02078.wav,real,real_attack,none,awgn-snr10,snr10,IT SEEMED EVIDENT THAT A MYSTERIOUS AND PROBABLY OCCULT SCIENCE WHICH WAS TO SURGERY WHAT ALCHEMY WAS TO CHEMISTRY HAD CHISELLED HIS FLESH EVIDENTLY AT A VERY TENDER AGE AND MANUFACTURED HIS COUNTENANCE WITH PREMEDITATION,na,na,5895,16000,15.95,test,na
librispeech-test-02078_awgn-snr20,data/attacks/awgn-snr20/librispeech-test-02078.wav,real,real_attack,none,awgn-snr20,snr20,IT SEEMED EVIDENT THAT A MYSTERIOUS AND PROBABLY OCCULT SCIENCE WHICH WAS TO SURGERY WHAT ALCHEMY WAS TO CHEMISTRY HAD CHISELLED HIS FLESH EVIDENTLY AT A VERY TENDER AGE AND MANUFACTURED HIS COUNTENANCE WITH PREMEDITATION,na,na,5895,16000,15.95,test,na
librispeech-test-02078_bandpass-300-3400,data/attacks/bandpass-300-3400/librispeech-test-02078.wav,real,real_attack,none,bandpass-300-3400,bandpass300-3400,IT SEEMED EVIDENT THAT A MYSTERIOUS AND PROBABLY OCCULT SCIENCE WHICH WAS TO SURGERY WHAT ALCHEMY WAS TO CHEMISTRY HAD CHISELLED HIS FLESH EVIDENTLY AT A VERY TENDER AGE AND MANUFACTURED HIS COUNTENANCE WITH PREMEDITATION,na,na,5895,16000,15.95,test,na
librispeech-test-02078_reverb-rt60-0.2,data/attacks/reverb-rt60-0.2/librispeech-test-02078.wav,real,real_attack,none,reverb-rt60-0.2,rt60-0.2,IT SEEMED EVIDENT THAT A MYSTERIOUS AND PROBABLY OCCULT SCIENCE WHICH WAS TO SURGERY WHAT ALCHEMY WAS TO CHEMISTRY HAD CHISELLED HIS FLESH EVIDENTLY AT A VERY TENDER AGE AND MANUFACTURED HIS COUNTENANCE WITH PREMEDITATION,na,na,5895,16000,15.95,test,na
librispeech-test-02078_reverb-rt60-0.4,data/attacks/reverb-rt60-0.4/librispeech-test-02078.wav,real,real_attack,none,reverb-rt60-0.4,rt60-0.4,IT SEEMED EVIDENT THAT A MYSTERIOUS AND PROBABLY OCCULT SCIENCE WHICH WAS TO SURGERY WHAT ALCHEMY WAS TO CHEMISTRY HAD CHISELLED HIS FLESH EVIDENTLY AT A VERY TENDER AGE AND MANUFACTURED HIS COUNTENANCE WITH PREMEDITATION,na,na,5895,16000,15.95,test,na
librispeech-test-02078_reverb-rt60-0.8,data/attacks/reverb-rt60-0.8/librispeech-test-02078.wav,real,real_attack,none,reverb-rt60-0.8,rt60-0.8,IT SEEMED EVIDENT THAT A MYSTERIOUS AND PROBABLY OCCULT SCIENCE WHICH WAS TO SURGERY WHAT ALCHEMY WAS TO CHEMISTRY HAD CHISELLED HIS FLESH EVIDENTLY AT A VERY TENDER AGE AND MANUFACTURED HIS COUNTENANCE WITH PREMEDITATION,na,na,5895,16000,15.95,test,na
librispeech-test-02078_speed0.9,data/attacks/speed0.9/librispeech-test-02078.wav,real,real_attack,none,speed0.9,speed0.9,IT SEEMED EVIDENT THAT A MYSTERIOUS AND PROBABLY OCCULT SCIENCE WHICH WAS TO SURGERY WHAT ALCHEMY WAS TO CHEMISTRY HAD CHISELLED HIS FLESH EVIDENTLY AT A VERY TENDER AGE AND MANUFACTURED HIS COUNTENANCE WITH PREMEDITATION,na,na,5895,16000,17.722,test,na
librispeech-test-02078_speed1.1,data/attacks/speed1.1/librispeech-test-02078.wav,real,real_attack,none,speed1.1,speed1.1,IT SEEMED EVIDENT THAT A MYSTERIOUS AND PROBABLY OCCULT SCIENCE WHICH WAS TO SURGERY WHAT ALCHEMY WAS TO CHEMISTRY HAD CHISELLED HIS FLESH EVIDENTLY AT A VERY TENDER AGE AND MANUFACTURED HIS COUNTENANCE WITH PREMEDITATION,na,na,5895,16000,14.5,test,na
librispeech-test-02079_mp3-128k,data/attacks/mp3-128k/librispeech-test-02079.wav,real,real_attack,none,mp3-128k,mp3-128k,GWYNPLAINE WAS A MOUNTEBANK,na,na,5895,16000,2.495,test,na
librispeech-test-02079_mp3-64k,data/attacks/mp3-64k/librispeech-test-02079.wav,real,real_attack,none,mp3-64k,mp3-64k,GWYNPLAINE WAS A MOUNTEBANK,na,na,5895,16000,2.495,test,na
librispeech-test-02079_aac-128k,data/attacks/aac-128k/librispeech-test-02079.wav,real,real_attack,none,aac-128k,aac-128k,GWYNPLAINE WAS A MOUNTEBANK,na,na,5895,16000,2.496,test,na
librispeech-test-02079_opus-32k,data/attacks/opus-32k/librispeech-test-02079.wav,real,real_attack,none,opus-32k,opus-32k,GWYNPLAINE WAS A MOUNTEBANK,na,na,5895,16000,2.495,test,na
librispeech-test-02079_g711-8k,data/attacks/g711-8k/librispeech-test-02079.wav,real,real_attack,none,g711-8k,g711-8k,GWYNPLAINE WAS A MOUNTEBANK,na,na,5895,16000,2.495,test,na
librispeech-test-02079_resample-8k,data/attacks/resample-8k/librispeech-test-02079.wav,real,real_attack,none,resample-8k,8k-roundtrip,GWYNPLAINE WAS A MOUNTEBANK,na,na,5895,16000,2.495,test,na
librispeech-test-02079_awgn-snr5,data/attacks/awgn-snr5/librispeech-test-02079.wav,real,real_attack,none,awgn-snr5,snr5,GWYNPLAINE WAS A MOUNTEBANK,na,na,5895,16000,2.495,test,na
librispeech-test-02079_awgn-snr10,data/attacks/awgn-snr10/librispeech-test-02079.wav,real,real_attack,none,awgn-snr10,snr10,GWYNPLAINE WAS A MOUNTEBANK,na,na,5895,16000,2.495,test,na
librispeech-test-02079_awgn-snr20,data/attacks/awgn-snr20/librispeech-test-02079.wav,real,real_attack,none,awgn-snr20,snr20,GWYNPLAINE WAS A MOUNTEBANK,na,na,5895,16000,2.495,test,na
librispeech-test-02079_bandpass-300-3400,data/attacks/bandpass-300-3400/librispeech-test-02079.wav,real,real_attack,none,bandpass-300-3400,bandpass300-3400,GWYNPLAINE WAS A MOUNTEBANK,na,na,5895,16000,2.495,test,na
librispeech-test-02079_reverb-rt60-0.2,data/attacks/reverb-rt60-0.2/librispeech-test-02079.wav,real,real_attack,none,reverb-rt60-0.2,rt60-0.2,GWYNPLAINE WAS A MOUNTEBANK,na,na,5895,16000,2.495,test,na
librispeech-test-02079_reverb-rt60-0.4,data/attacks/reverb-rt60-0.4/librispeech-test-02079.wav,real,real_attack,none,reverb-rt60-0.4,rt60-0.4,GWYNPLAINE WAS A MOUNTEBANK,na,na,5895,16000,2.495,test,na
librispeech-test-02079_reverb-rt60-0.8,data/attacks/reverb-rt60-0.8/librispeech-test-02079.wav,real,real_attack,none,reverb-rt60-0.8,rt60-0.8,GWYNPLAINE WAS A MOUNTEBANK,na,na,5895,16000,2.495,test,na
librispeech-test-02079_speed0.9,data/attacks/speed0.9/librispeech-test-02079.wav,real,real_attack,none,speed0.9,speed0.9,GWYNPLAINE WAS A MOUNTEBANK,na,na,5895,16000,2.772,test,na
librispeech-test-02079_speed1.1,data/attacks/speed1.1/librispeech-test-02079.wav,real,real_attack,none,speed1.1,speed1.1,GWYNPLAINE WAS A MOUNTEBANK,na,na,5895,16000,2.268,test,na
librispeech-test-02080_mp3-128k,data/attacks/mp3-128k/librispeech-test-02080.wav,real,real_attack,none,mp3-128k,mp3-128k,HE SHOWED HIMSELF ON THE PLATFORM,na,na,5895,16000,2.525,test,na
librispeech-test-02080_mp3-64k,data/attacks/mp3-64k/librispeech-test-02080.wav,real,real_attack,none,mp3-64k,mp3-64k,HE SHOWED HIMSELF ON THE PLATFORM,na,na,5895,16000,2.525,test,na
librispeech-test-02080_aac-128k,data/attacks/aac-128k/librispeech-test-02080.wav,real,real_attack,none,aac-128k,aac-128k,HE SHOWED HIMSELF ON THE PLATFORM,na,na,5895,16000,2.56,test,na
librispeech-test-02080_opus-32k,data/attacks/opus-32k/librispeech-test-02080.wav,real,real_attack,none,opus-32k,opus-32k,HE SHOWED HIMSELF ON THE PLATFORM,na,na,5895,16000,2.525,test,na
librispeech-test-02080_g711-8k,data/attacks/g711-8k/librispeech-test-02080.wav,real,real_attack,none,g711-8k,g711-8k,HE SHOWED HIMSELF ON THE PLATFORM,na,na,5895,16000,2.525,test,na
librispeech-test-02080_resample-8k,data/attacks/resample-8k/librispeech-test-02080.wav,real,real_attack,none,resample-8k,8k-roundtrip,HE SHOWED HIMSELF ON THE PLATFORM,na,na,5895,16000,2.525,test,na
librispeech-test-02080_awgn-snr5,data/attacks/awgn-snr5/librispeech-test-02080.wav,real,real_attack,none,awgn-snr5,snr5,HE SHOWED HIMSELF ON THE PLATFORM,na,na,5895,16000,2.525,test,na
librispeech-test-02080_awgn-snr10,data/attacks/awgn-snr10/librispeech-test-02080.wav,real,real_attack,none,awgn-snr10,snr10,HE SHOWED HIMSELF ON THE PLATFORM,na,na,5895,16000,2.525,test,na
librispeech-test-02080_awgn-snr20,data/attacks/awgn-snr20/librispeech-test-02080.wav,real,real_attack,none,awgn-snr20,snr20,HE SHOWED HIMSELF ON THE PLATFORM,na,na,5895,16000,2.525,test,na
librispeech-test-02080_bandpass-300-3400,data/attacks/bandpass-300-3400/librispeech-test-02080.wav,real,real_attack,none,bandpass-300-3400,bandpass300-3400,HE SHOWED HIMSELF ON THE PLATFORM,na,na,5895,16000,2.525,test,na
librispeech-test-02080_reverb-rt60-0.2,data/attacks/reverb-rt60-0.2/librispeech-test-02080.wav,real,real_attack,none,reverb-rt60-0.2,rt60-0.2,HE SHOWED HIMSELF ON THE PLATFORM,na,na,5895,16000,2.525,test,na
librispeech-test-02080_reverb-rt60-0.4,data/attacks/reverb-rt60-0.4/librispeech-test-02080.wav,real,real_attack,none,reverb-rt60-0.4,rt60-0.4,HE SHOWED HIMSELF ON THE PLATFORM,na,na,5895,16000,2.525,test,na
librispeech-test-02080_reverb-rt60-0.8,data/attacks/reverb-rt60-0.8/librispeech-test-02080.wav,real,real_attack,none,reverb-rt60-0.8,rt60-0.8,HE SHOWED HIMSELF ON THE PLATFORM,na,na,5895,16000,2.525,test,na
librispeech-test-02080_speed0.9,data/attacks/speed0.9/librispeech-test-02080.wav,real,real_attack,none,speed0.9,speed0.9,HE SHOWED HIMSELF ON THE PLATFORM,na,na,5895,16000,2.806,test,na
librispeech-test-02080_speed1.1,data/attacks/speed1.1/librispeech-test-02080.wav,real,real_attack,none,speed1.1,speed1.1,HE SHOWED HIMSELF ON THE PLATFORM,na,na,5895,16000,2.295,test,na
librispeech-test-02081_mp3-128k,data/attacks/mp3-128k/librispeech-test-02081.wav,real,real_attack,none,mp3-128k,mp3-128k,IT WAS GWYNPLAINE'S LAUGH WHICH CREATED THE LAUGHTER OF OTHERS YET HE DID NOT LAUGH HIMSELF,na,na,5895,16000,5.705,test,na
librispeech-test-02081_mp3-64k,data/attacks/mp3-64k/librispeech-test-02081.wav,real,real_attack,none,mp3-64k,mp3-64k,IT WAS GWYNPLAINE'S LAUGH WHICH CREATED THE LAUGHTER OF OTHERS YET HE DID NOT LAUGH HIMSELF,na,na,5895,16000,5.705,test,na
librispeech-test-02081_aac-128k,data/attacks/aac-128k/librispeech-test-02081.wav,real,real_attack,none,aac-128k,aac-128k,IT WAS GWYNPLAINE'S LAUGH WHICH CREATED THE LAUGHTER OF OTHERS YET HE DID NOT LAUGH HIMSELF,na,na,5895,16000,5.76,test,na
librispeech-test-02081_opus-32k,data/attacks/opus-32k/librispeech-test-02081.wav,real,real_attack,none,opus-32k,opus-32k,IT WAS GWYNPLAINE'S LAUGH WHICH CREATED THE LAUGHTER OF OTHERS YET HE DID NOT LAUGH HIMSELF,na,na,5895,16000,5.705,test,na
librispeech-test-02081_g711-8k,data/attacks/g711-8k/librispeech-test-02081.wav,real,real_attack,none,g711-8k,g711-8k,IT WAS GWYNPLAINE'S LAUGH WHICH CREATED THE LAUGHTER OF OTHERS YET HE DID NOT LAUGH HIMSELF,na,na,5895,16000,5.705,test,na
librispeech-test-02081_resample-8k,data/attacks/resample-8k/librispeech-test-02081.wav,real,real_attack,none,resample-8k,8k-roundtrip,IT WAS GWYNPLAINE'S LAUGH WHICH CREATED THE LAUGHTER OF OTHERS YET HE DID NOT LAUGH HIMSELF,na,na,5895,16000,5.705,test,na
librispeech-test-02081_awgn-snr5,data/attacks/awgn-snr5/librispeech-test-02081.wav,real,real_attack,none,awgn-snr5,snr5,IT WAS GWYNPLAINE'S LAUGH WHICH CREATED THE LAUGHTER OF OTHERS YET HE DID NOT LAUGH HIMSELF,na,na,5895,16000,5.705,test,na
librispeech-test-02081_awgn-snr10,data/attacks/awgn-snr10/librispeech-test-02081.wav,real,real_attack,none,awgn-snr10,snr10,IT WAS GWYNPLAINE'S LAUGH WHICH CREATED THE LAUGHTER OF OTHERS YET HE DID NOT LAUGH HIMSELF,na,na,5895,16000,5.705,test,na
librispeech-test-02081_awgn-snr20,data/attacks/awgn-snr20/librispeech-test-02081.wav,real,real_attack,none,awgn-snr20,snr20,IT WAS GWYNPLAINE'S LAUGH WHICH CREATED THE LAUGHTER OF OTHERS YET HE DID NOT LAUGH HIMSELF,na,na,5895,16000,5.705,test,na
librispeech-test-02081_bandpass-300-3400,data/attacks/bandpass-300-3400/librispeech-test-02081.wav,real,real_attack,none,bandpass-300-3400,bandpass300-3400,IT WAS GWYNPLAINE'S LAUGH WHICH CREATED THE LAUGHTER OF OTHERS YET HE DID NOT LAUGH HIMSELF,na,na,5895,16000,5.705,test,na
librispeech-test-02081_reverb-rt60-0.2,data/attacks/reverb-rt60-0.2/librispeech-test-02081.wav,real,real_attack,none,reverb-rt60-0.2,rt60-0.2,IT WAS GWYNPLAINE'S LAUGH WHICH CREATED THE LAUGHTER OF OTHERS YET HE DID NOT LAUGH HIMSELF,na,na,5895,16000,5.705,test,na
librispeech-test-02081_reverb-rt60-0.4,data/attacks/reverb-rt60-0.4/librispeech-test-02081.wav,real,real_attack,none,reverb-rt60-0.4,rt60-0.4,IT WAS GWYNPLAINE'S LAUGH WHICH CREATED THE LAUGHTER OF OTHERS YET HE DID NOT LAUGH HIMSELF,na,na,5895,16000,5.705,test,na
librispeech-test-02081_reverb-rt60-0.8,data/attacks/reverb-rt60-0.8/librispeech-test-02081.wav,real,real_attack,none,reverb-rt60-0.8,rt60-0.8,IT WAS GWYNPLAINE'S LAUGH WHICH CREATED THE LAUGHTER OF OTHERS YET HE DID NOT LAUGH HIMSELF,na,na,5895,16000,5.705,test,na
librispeech-test-02081_speed0.9,data/attacks/speed0.9/librispeech-test-02081.wav,real,real_attack,none,speed0.9,speed0.9,IT WAS GWYNPLAINE'S LAUGH WHICH CREATED THE LAUGHTER OF OTHERS YET HE DID NOT LAUGH HIMSELF,na,na,5895,16000,6.339,test,na
librispeech-test-02081_speed1.1,data/attacks/speed1.1/librispeech-test-02081.wav,real,real_attack,none,speed1.1,speed1.1,IT WAS GWYNPLAINE'S LAUGH WHICH CREATED THE LAUGHTER OF OTHERS YET HE DID NOT LAUGH HIMSELF,na,na,5895,16000,5.186,test,na
librispeech-test-02082_mp3-128k,data/attacks/mp3-128k/librispeech-test-02082.wav,real,real_attack,none,mp3-128k,mp3-128k,THE OUTSIDE DID NOT DEPEND ON THE INTERIOR,na,na,5895,16000,3.055,test,na
librispeech-test-02082_mp3-64k,data/attacks/mp3-64k/librispeech-test-02082.wav,real,real_attack,none,mp3-64k,mp3-64k,THE OUTSIDE DID NOT DEPEND ON THE INTERIOR,na,na,5895,16000,3.055,test,na
librispeech-test-02082_aac-128k,data/attacks/aac-128k/librispeech-test-02082.wav,real,real_attack,none,aac-128k,aac-128k,THE OUTSIDE DID NOT DEPEND ON THE INTERIOR,na,na,5895,16000,3.072,test,na
librispeech-test-02082_opus-32k,data/attacks/opus-32k/librispeech-test-02082.wav,real,real_attack,none,opus-32k,opus-32k,THE OUTSIDE DID NOT DEPEND ON THE INTERIOR,na,na,5895,16000,3.055,test,na
librispeech-test-02082_g711-8k,data/attacks/g711-8k/librispeech-test-02082.wav,real,real_attack,none,g711-8k,g711-8k,THE OUTSIDE DID NOT DEPEND ON THE INTERIOR,na,na,5895,16000,3.055,test,na
librispeech-test-02082_resample-8k,data/attacks/resample-8k/librispeech-test-02082.wav,real,real_attack,none,resample-8k,8k-roundtrip,THE OUTSIDE DID NOT DEPEND ON THE INTERIOR,na,na,5895,16000,3.055,test,na
librispeech-test-02082_awgn-snr5,data/attacks/awgn-snr5/librispeech-test-02082.wav,real,real_attack,none,awgn-snr5,snr5,THE OUTSIDE DID NOT DEPEND ON THE INTERIOR,na,na,5895,16000,3.055,test,na
librispeech-test-02082_awgn-snr10,data/attacks/awgn-snr10/librispeech-test-02082.wav,real,real_attack,none,awgn-snr10,snr10,THE OUTSIDE DID NOT DEPEND ON THE INTERIOR,na,na,5895,16000,3.055,test,na
librispeech-test-02082_awgn-snr20,data/attacks/awgn-snr20/librispeech-test-02082.wav,real,real_attack,none,awgn-snr20,snr20,THE OUTSIDE DID NOT DEPEND ON THE INTERIOR,na,na,5895,16000,3.055,test,na
librispeech-test-02082_bandpass-300-3400,data/attacks/bandpass-300-3400/librispeech-test-02082.wav,real,real_attack,none,bandpass-300-3400,bandpass300-3400,THE OUTSIDE DID NOT DEPEND ON THE INTERIOR,na,na,5895,16000,3.055,test,na
librispeech-test-02082_reverb-rt60-0.2,data/attacks/reverb-rt60-0.2/librispeech-test-02082.wav,real,real_attack,none,reverb-rt60-0.2,rt60-0.2,THE OUTSIDE DID NOT DEPEND ON THE INTERIOR,na,na,5895,16000,3.055,test,na
librispeech-test-02082_reverb-rt60-0.4,data/attacks/reverb-rt60-0.4/librispeech-test-02082.wav,real,real_attack,none,reverb-rt60-0.4,rt60-0.4,THE OUTSIDE DID NOT DEPEND ON THE INTERIOR,na,na,5895,16000,3.055,test,na
librispeech-test-02082_reverb-rt60-0.8,data/attacks/reverb-rt60-0.8/librispeech-test-02082.wav,real,real_attack,none,reverb-rt60-0.8,rt60-0.8,THE OUTSIDE DID NOT DEPEND ON THE INTERIOR,na,na,5895,16000,3.055,test,na
librispeech-test-02082_speed0.9,data/attacks/speed0.9/librispeech-test-02082.wav,real,real_attack,none,speed0.9,speed0.9,THE OUTSIDE DID NOT DEPEND ON THE INTERIOR,na,na,5895,16000,3.394,test,na
librispeech-test-02082_speed1.1,data/attacks/speed1.1/librispeech-test-02082.wav,real,real_attack,none,speed1.1,speed1.1,THE OUTSIDE DID NOT DEPEND ON THE INTERIOR,na,na,5895,16000,2.777,test,na
librispeech-test-02301_mp3-128k,data/attacks/mp3-128k/librispeech-test-02301.wav,real,real_attack,none,mp3-128k,mp3-128k,MASTER AND MAN DISMOUNTED FROM THEIR BEASTS AND AS SOON AS THEY HAD SETTLED THEMSELVES AT THE FOOT OF THE TREES SANCHO WHO HAD HAD A GOOD NOONTIDE MEAL THAT DAY LET HIMSELF WITHOUT MORE ADO PASS THE GATES OF SLEEP,na,na,3576,16000,14.14,test,na
librispeech-test-02301_mp3-64k,data/attacks/mp3-64k/librispeech-test-02301.wav,real,real_attack,none,mp3-64k,mp3-64k,MASTER AND MAN DISMOUNTED FROM THEIR BEASTS AND AS SOON AS THEY HAD SETTLED THEMSELVES AT THE FOOT OF THE TREES SANCHO WHO HAD HAD A GOOD NOONTIDE MEAL THAT DAY LET HIMSELF WITHOUT MORE ADO PASS THE GATES OF SLEEP,na,na,3576,16000,14.14,test,na
librispeech-test-02301_aac-128k,data/attacks/aac-128k/librispeech-test-02301.wav,real,real_attack,none,aac-128k,aac-128k,MASTER AND MAN DISMOUNTED FROM THEIR BEASTS AND AS SOON AS THEY HAD SETTLED THEMSELVES AT THE FOOT OF THE TREES SANCHO WHO HAD HAD A GOOD NOONTIDE MEAL THAT DAY LET HIMSELF WITHOUT MORE ADO PASS THE GATES OF SLEEP,na,na,3576,16000,14.144,test,na
librispeech-test-02301_opus-32k,data/attacks/opus-32k/librispeech-test-02301.wav,real,real_attack,none,opus-32k,opus-32k,MASTER AND MAN DISMOUNTED FROM THEIR BEASTS AND AS SOON AS THEY HAD SETTLED THEMSELVES AT THE FOOT OF THE TREES SANCHO WHO HAD HAD A GOOD NOONTIDE MEAL THAT DAY LET HIMSELF WITHOUT MORE ADO PASS THE GATES OF SLEEP,na,na,3576,16000,14.14,test,na
librispeech-test-02301_g711-8k,data/attacks/g711-8k/librispeech-test-02301.wav,real,real_attack,none,g711-8k,g711-8k,MASTER AND MAN DISMOUNTED FROM THEIR BEASTS AND AS SOON AS THEY HAD SETTLED THEMSELVES AT THE FOOT OF THE TREES SANCHO WHO HAD HAD A GOOD NOONTIDE MEAL THAT DAY LET HIMSELF WITHOUT MORE ADO PASS THE GATES OF SLEEP,na,na,3576,16000,14.14,test,na
librispeech-test-02301_resample-8k,data/attacks/resample-8k/librispeech-test-02301.wav,real,real_attack,none,resample-8k,8k-roundtrip,MASTER AND MAN DISMOUNTED FROM THEIR BEASTS AND AS SOON AS THEY HAD SETTLED THEMSELVES AT THE FOOT OF THE TREES SANCHO WHO HAD HAD A GOOD NOONTIDE MEAL THAT DAY LET HIMSELF WITHOUT MORE ADO PASS THE GATES OF SLEEP,na,na,3576,16000,14.14,test,na
librispeech-test-02301_awgn-snr5,data/attacks/awgn-snr5/librispeech-test-02301.wav,real,real_attack,none,awgn-snr5,snr5,MASTER AND MAN DISMOUNTED FROM THEIR BEASTS AND AS SOON AS THEY HAD SETTLED THEMSELVES AT THE FOOT OF THE TREES SANCHO WHO HAD HAD A GOOD NOONTIDE MEAL THAT DAY LET HIMSELF WITHOUT MORE ADO PASS THE GATES OF SLEEP,na,na,3576,16000,14.14,test,na
librispeech-test-02301_awgn-snr10,data/attacks/awgn-snr10/librispeech-test-02301.wav,real,real_attack,none,awgn-snr10,snr10,MASTER AND MAN DISMOUNTED FROM THEIR BEASTS AND AS SOON AS THEY HAD SETTLED THEMSELVES AT THE FOOT OF THE TREES SANCHO WHO HAD HAD A GOOD NOONTIDE MEAL THAT DAY LET HIMSELF WITHOUT MORE ADO PASS THE GATES OF SLEEP,na,na,3576,16000,14.14,test,na
librispeech-test-02301_awgn-snr20,data/attacks/awgn-snr20/librispeech-test-02301.wav,real,real_attack,none,awgn-snr20,snr20,MASTER AND MAN DISMOUNTED FROM THEIR BEASTS AND AS SOON AS THEY HAD SETTLED THEMSELVES AT THE FOOT OF THE TREES SANCHO WHO HAD HAD A GOOD NOONTIDE MEAL THAT DAY LET HIMSELF WITHOUT MORE ADO PASS THE GATES OF SLEEP,na,na,3576,16000,14.14,test,na
librispeech-test-02301_bandpass-300-3400,data/attacks/bandpass-300-3400/librispeech-test-02301.wav,real,real_attack,none,bandpass-300-3400,bandpass300-3400,MASTER AND MAN DISMOUNTED FROM THEIR BEASTS AND AS SOON AS THEY HAD SETTLED THEMSELVES AT THE FOOT OF THE TREES SANCHO WHO HAD HAD A GOOD NOONTIDE MEAL THAT DAY LET HIMSELF WITHOUT MORE ADO PASS THE GATES OF SLEEP,na,na,3576,16000,14.14,test,na
librispeech-test-02301_reverb-rt60-0.2,data/attacks/reverb-rt60-0.2/librispeech-test-02301.wav,real,real_attack,none,reverb-rt60-0.2,rt60-0.2,MASTER AND MAN DISMOUNTED FROM THEIR BEASTS AND AS SOON AS THEY HAD SETTLED THEMSELVES AT THE FOOT OF THE TREES SANCHO WHO HAD HAD A GOOD NOONTIDE MEAL THAT DAY LET HIMSELF WITHOUT MORE ADO PASS THE GATES OF SLEEP,na,na,3576,16000,14.14,test,na
librispeech-test-02301_reverb-rt60-0.4,data/attacks/reverb-rt60-0.4/librispeech-test-02301.wav,real,real_attack,none,reverb-rt60-0.4,rt60-0.4,MASTER AND MAN DISMOUNTED FROM THEIR BEASTS AND AS SOON AS THEY HAD SETTLED THEMSELVES AT THE FOOT OF THE TREES SANCHO WHO HAD HAD A GOOD NOONTIDE MEAL THAT DAY LET HIMSELF WITHOUT MORE ADO PASS THE GATES OF SLEEP,na,na,3576,16000,14.14,test,na
librispeech-test-02301_reverb-rt60-0.8,data/attacks/reverb-rt60-0.8/librispeech-test-02301.wav,real,real_attack,none,reverb-rt60-0.8,rt60-0.8,MASTER AND MAN DISMOUNTED FROM THEIR BEASTS AND AS SOON AS THEY HAD SETTLED THEMSELVES AT THE FOOT OF THE TREES SANCHO WHO HAD HAD A GOOD NOONTIDE MEAL THAT DAY LET HIMSELF WITHOUT MORE ADO PASS THE GATES OF SLEEP,na,na,3576,16000,14.14,test,na
librispeech-test-02301_speed0.9,data/attacks/speed0.9/librispeech-test-02301.wav,real,real_attack,none,speed0.9,speed0.9,MASTER AND MAN DISMOUNTED FROM THEIR BEASTS AND AS SOON AS THEY HAD SETTLED THEMSELVES AT THE FOOT OF THE TREES SANCHO WHO HAD HAD A GOOD NOONTIDE MEAL THAT DAY LET HIMSELF WITHOUT MORE ADO PASS THE GATES OF SLEEP,na,na,3576,16000,15.711,test,na
librispeech-test-02301_speed1.1,data/attacks/speed1.1/librispeech-test-02301.wav,real,real_attack,none,speed1.1,speed1.1,MASTER AND MAN DISMOUNTED FROM THEIR BEASTS AND AS SOON AS THEY HAD SETTLED THEMSELVES AT THE FOOT OF THE TREES SANCHO WHO HAD HAD A GOOD NOONTIDE MEAL THAT DAY LET HIMSELF WITHOUT MORE ADO PASS THE GATES OF SLEEP,na,na,3576,16000,12.855,test,na
librispeech-test-02302_mp3-128k,data/attacks/mp3-128k/librispeech-test-02302.wav,real,real_attack,none,mp3-128k,mp3-128k,BUT DON QUIXOTE WHOM HIS THOUGHTS FAR MORE THAN HUNGER KEPT AWAKE COULD NOT CLOSE AN EYE AND ROAMED IN FANCY TO AND FRO THROUGH ALL SORTS OF PLACES,na,na,3576,16000,10.78,test,na
librispeech-test-02302_mp3-64k,data/attacks/mp3-64k/librispeech-test-02302.wav,real,real_attack,none,mp3-64k,mp3-64k,BUT DON QUIXOTE WHOM HIS THOUGHTS FAR MORE THAN HUNGER KEPT AWAKE COULD NOT CLOSE AN EYE AND ROAMED IN FANCY TO AND FRO THROUGH ALL SORTS OF PLACES,na,na,3576,16000,10.78,test,na
librispeech-test-02302_aac-128k,data/attacks/aac-128k/librispeech-test-02302.wav,real,real_attack,none,aac-128k,aac-128k,BUT DON QUIXOTE WHOM HIS THOUGHTS FAR MORE THAN HUNGER KEPT AWAKE COULD NOT CLOSE AN EYE AND ROAMED IN FANCY TO AND FRO THROUGH ALL SORTS OF PLACES,na,na,3576,16000,10.816,test,na
librispeech-test-02302_opus-32k,data/attacks/opus-32k/librispeech-test-02302.wav,real,real_attack,none,opus-32k,opus-32k,BUT DON QUIXOTE WHOM HIS THOUGHTS FAR MORE THAN HUNGER KEPT AWAKE COULD NOT CLOSE AN EYE AND ROAMED IN FANCY TO AND FRO THROUGH ALL SORTS OF PLACES,na,na,3576,16000,10.78,test,na
librispeech-test-02302_g711-8k,data/attacks/g711-8k/librispeech-test-02302.wav,real,real_attack,none,g711-8k,g711-8k,BUT DON QUIXOTE WHOM HIS THOUGHTS FAR MORE THAN HUNGER KEPT AWAKE COULD NOT CLOSE AN EYE AND ROAMED IN FANCY TO AND FRO THROUGH ALL SORTS OF PLACES,na,na,3576,16000,10.78,test,na
librispeech-test-02302_resample-8k,data/attacks/resample-8k/librispeech-test-02302.wav,real,real_attack,none,resample-8k,8k-roundtrip,BUT DON QUIXOTE WHOM HIS THOUGHTS FAR MORE THAN HUNGER KEPT AWAKE COULD NOT CLOSE AN EYE AND ROAMED IN FANCY TO AND FRO THROUGH ALL SORTS OF PLACES,na,na,3576,16000,10.78,test,na
librispeech-test-02302_awgn-snr5,data/attacks/awgn-snr5/librispeech-test-02302.wav,real,real_attack,none,awgn-snr5,snr5,BUT DON QUIXOTE WHOM HIS THOUGHTS FAR MORE THAN HUNGER KEPT AWAKE COULD NOT CLOSE AN EYE AND ROAMED IN FANCY TO AND FRO THROUGH ALL SORTS OF PLACES,na,na,3576,16000,10.78,test,na
librispeech-test-02302_awgn-snr10,data/attacks/awgn-snr10/librispeech-test-02302.wav,real,real_attack,none,awgn-snr10,snr10,BUT DON QUIXOTE WHOM HIS THOUGHTS FAR MORE THAN HUNGER KEPT AWAKE COULD NOT CLOSE AN EYE AND ROAMED IN FANCY TO AND FRO THROUGH ALL SORTS OF PLACES,na,na,3576,16000,10.78,test,na
librispeech-test-02302_awgn-snr20,data/attacks/awgn-snr20/librispeech-test-02302.wav,real,real_attack,none,awgn-snr20,snr20,BUT DON QUIXOTE WHOM HIS THOUGHTS FAR MORE THAN HUNGER KEPT AWAKE COULD NOT CLOSE AN EYE AND ROAMED IN FANCY TO AND FRO THROUGH ALL SORTS OF PLACES,na,na,3576,16000,10.78,test,na
librispeech-test-02302_bandpass-300-3400,data/attacks/bandpass-300-3400/librispeech-test-02302.wav,real,real_attack,none,bandpass-300-3400,bandpass300-3400,BUT DON QUIXOTE WHOM HIS THOUGHTS FAR MORE THAN HUNGER KEPT AWAKE COULD NOT CLOSE AN EYE AND ROAMED IN FANCY TO AND FRO THROUGH ALL SORTS OF PLACES,na,na,3576,16000,10.78,test,na
librispeech-test-02302_reverb-rt60-0.2,data/attacks/reverb-rt60-0.2/librispeech-test-02302.wav,real,real_attack,none,reverb-rt60-0.2,rt60-0.2,BUT DON QUIXOTE WHOM HIS THOUGHTS FAR MORE THAN HUNGER KEPT AWAKE COULD NOT CLOSE AN EYE AND ROAMED IN FANCY TO AND FRO THROUGH ALL SORTS OF PLACES,na,na,3576,16000,10.78,test,na
librispeech-test-02302_reverb-rt60-0.4,data/attacks/reverb-rt60-0.4/librispeech-test-02302.wav,real,real_attack,none,reverb-rt60-0.4,rt60-0.4,BUT DON QUIXOTE WHOM HIS THOUGHTS FAR MORE THAN HUNGER KEPT AWAKE COULD NOT CLOSE AN EYE AND ROAMED IN FANCY TO AND FRO THROUGH ALL SORTS OF PLACES,na,na,3576,16000,10.78,test,na
librispeech-test-02302_reverb-rt60-0.8,data/attacks/reverb-rt60-0.8/librispeech-test-02302.wav,real,real_attack,none,reverb-rt60-0.8,rt60-0.8,BUT DON QUIXOTE WHOM HIS THOUGHTS FAR MORE THAN HUNGER KEPT AWAKE COULD NOT CLOSE AN EYE AND ROAMED IN FANCY TO AND FRO THROUGH ALL SORTS OF PLACES,na,na,3576,16000,10.78,test,na
librispeech-test-02302_speed0.9,data/attacks/speed0.9/librispeech-test-02302.wav,real,real_attack,none,speed0.9,speed0.9,BUT DON QUIXOTE WHOM HIS THOUGHTS FAR MORE THAN HUNGER KEPT AWAKE COULD NOT CLOSE AN EYE AND ROAMED IN FANCY TO AND FRO THROUGH ALL SORTS OF PLACES,na,na,3576,16000,11.978,test,na
librispeech-test-02302_speed1.1,data/attacks/speed1.1/librispeech-test-02302.wav,real,real_attack,none,speed1.1,speed1.1,BUT DON QUIXOTE WHOM HIS THOUGHTS FAR MORE THAN HUNGER KEPT AWAKE COULD NOT CLOSE AN EYE AND ROAMED IN FANCY TO AND FRO THROUGH ALL SORTS OF PLACES,na,na,3576,16000,9.8,test,na
librispeech-test-02303_mp3-128k,data/attacks/mp3-128k/librispeech-test-02303.wav,real,real_attack,none,mp3-128k,mp3-128k,AT ONE MOMENT IT SEEMED TO HIM THAT HE WAS IN THE CAVE OF MONTESINOS AND SAW DULCINEA TRANSFORMED INTO A COUNTRY WENCH SKIPPING AND MOUNTING UPON HER SHE ASS AGAIN THAT THE WORDS OF THE SAGE MERLIN WERE SOUNDING IN HIS EARS SETTING FORTH THE CONDITIONS TO BE OBSERVED AND THE EXERTIONS TO BE MADE FOR THE DISENCHANTMENT OF DULCINEA,na,na,3576,16000,22.33,test,na
librispeech-test-02303_mp3-64k,data/attacks/mp3-64k/librispeech-test-02303.wav,real,real_attack,none,mp3-64k,mp3-64k,AT ONE MOMENT IT SEEMED TO HIM THAT HE WAS IN THE CAVE OF MONTESINOS AND SAW DULCINEA TRANSFORMED INTO A COUNTRY WENCH SKIPPING AND MOUNTING UPON HER SHE ASS AGAIN THAT THE WORDS OF THE SAGE MERLIN WERE SOUNDING IN HIS EARS SETTING FORTH THE CONDITIONS TO BE OBSERVED AND THE EXERTIONS TO BE MADE FOR THE DISENCHANTMENT OF DULCINEA,na,na,3576,16000,22.33,test,na
librispeech-test-02303_aac-128k,data/attacks/aac-128k/librispeech-test-02303.wav,real,real_attack,none,aac-128k,aac-128k,AT ONE MOMENT IT SEEMED TO HIM THAT HE WAS IN THE CAVE OF MONTESINOS AND SAW DULCINEA TRANSFORMED INTO A COUNTRY WENCH SKIPPING AND MOUNTING UPON HER SHE ASS AGAIN THAT THE WORDS OF THE SAGE MERLIN WERE SOUNDING IN HIS EARS SETTING FORTH THE CONDITIONS TO BE OBSERVED AND THE EXERTIONS TO BE MADE FOR THE DISENCHANTMENT OF DULCINEA,na,na,3576,16000,22.336,test,na
librispeech-test-02303_opus-32k,data/attacks/opus-32k/librispeech-test-02303.wav,real,real_attack,none,opus-32k,opus-32k,AT ONE MOMENT IT SEEMED TO HIM THAT HE WAS IN THE CAVE OF MONTESINOS AND SAW DULCINEA TRANSFORMED INTO A COUNTRY WENCH SKIPPING AND MOUNTING UPON HER SHE ASS AGAIN THAT THE WORDS OF THE SAGE MERLIN WERE SOUNDING IN HIS EARS SETTING FORTH THE CONDITIONS TO BE OBSERVED AND THE EXERTIONS TO BE MADE FOR THE DISENCHANTMENT OF DULCINEA,na,na,3576,16000,22.33,test,na
librispeech-test-02303_g711-8k,data/attacks/g711-8k/librispeech-test-02303.wav,real,real_attack,none,g711-8k,g711-8k,AT ONE MOMENT IT SEEMED TO HIM THAT HE WAS IN THE CAVE OF MONTESINOS AND SAW DULCINEA TRANSFORMED INTO A COUNTRY WENCH SKIPPING AND MOUNTING UPON HER SHE ASS AGAIN THAT THE WORDS OF THE SAGE MERLIN WERE SOUNDING IN HIS EARS SETTING FORTH THE CONDITIONS TO BE OBSERVED AND THE EXERTIONS TO BE MADE FOR THE DISENCHANTMENT OF DULCINEA,na,na,3576,16000,22.33,test,na
librispeech-test-02303_resample-8k,data/attacks/resample-8k/librispeech-test-02303.wav,real,real_attack,none,resample-8k,8k-roundtrip,AT ONE MOMENT IT SEEMED TO HIM THAT HE WAS IN THE CAVE OF MONTESINOS AND SAW DULCINEA TRANSFORMED INTO A COUNTRY WENCH SKIPPING AND MOUNTING UPON HER SHE ASS AGAIN THAT THE WORDS OF THE SAGE MERLIN WERE SOUNDING IN HIS EARS SETTING FORTH THE CONDITIONS TO BE OBSERVED AND THE EXERTIONS TO BE MADE FOR THE DISENCHANTMENT OF DULCINEA,na,na,3576,16000,22.33,test,na
librispeech-test-02303_awgn-snr5,data/attacks/awgn-snr5/librispeech-test-02303.wav,real,real_attack,none,awgn-snr5,snr5,AT ONE MOMENT IT SEEMED TO HIM THAT HE WAS IN THE CAVE OF MONTESINOS AND SAW DULCINEA TRANSFORMED INTO A COUNTRY WENCH SKIPPING AND MOUNTING UPON HER SHE ASS AGAIN THAT THE WORDS OF THE SAGE MERLIN WERE SOUNDING IN HIS EARS SETTING FORTH THE CONDITIONS TO BE OBSERVED AND THE EXERTIONS TO BE MADE FOR THE DISENCHANTMENT OF DULCINEA,na,na,3576,16000,22.33,test,na
librispeech-test-02303_awgn-snr10,data/attacks/awgn-snr10/librispeech-test-02303.wav,real,real_attack,none,awgn-snr10,snr10,AT ONE MOMENT IT SEEMED TO HIM THAT HE WAS IN THE CAVE OF MONTESINOS AND SAW DULCINEA TRANSFORMED INTO A COUNTRY WENCH SKIPPING AND MOUNTING UPON HER SHE ASS AGAIN THAT THE WORDS OF THE SAGE MERLIN WERE SOUNDING IN HIS EARS SETTING FORTH THE CONDITIONS TO BE OBSERVED AND THE EXERTIONS TO BE MADE FOR THE DISENCHANTMENT OF DULCINEA,na,na,3576,16000,22.33,test,na
librispeech-test-02303_awgn-snr20,data/attacks/awgn-snr20/librispeech-test-02303.wav,real,real_attack,none,awgn-snr20,snr20,AT ONE MOMENT IT SEEMED TO HIM THAT HE WAS IN THE CAVE OF MONTESINOS AND SAW DULCINEA TRANSFORMED INTO A COUNTRY WENCH SKIPPING AND MOUNTING UPON HER SHE ASS AGAIN THAT THE WORDS OF THE SAGE MERLIN WERE SOUNDING IN HIS EARS SETTING FORTH THE CONDITIONS TO BE OBSERVED AND THE EXERTIONS TO BE MADE FOR THE DISENCHANTMENT OF DULCINEA,na,na,3576,16000,22.33,test,na
librispeech-test-02303_bandpass-300-3400,data/attacks/bandpass-300-3400/librispeech-test-02303.wav,real,real_attack,none,bandpass-300-3400,bandpass300-3400,AT ONE MOMENT IT SEEMED TO HIM THAT HE WAS IN THE CAVE OF MONTESINOS AND SAW DULCINEA TRANSFORMED INTO A COUNTRY WENCH SKIPPING AND MOUNTING UPON HER SHE ASS AGAIN THAT THE WORDS OF THE SAGE MERLIN WERE SOUNDING IN HIS EARS SETTING FORTH THE CONDITIONS TO BE OBSERVED AND THE EXERTIONS TO BE MADE FOR THE DISENCHANTMENT OF DULCINEA,na,na,3576,16000,22.33,test,na
librispeech-test-02303_reverb-rt60-0.2,data/attacks/reverb-rt60-0.2/librispeech-test-02303.wav,real,real_attack,none,reverb-rt60-0.2,rt60-0.2,AT ONE MOMENT IT SEEMED TO HIM THAT HE WAS IN THE CAVE OF MONTESINOS AND SAW DULCINEA TRANSFORMED INTO A COUNTRY WENCH SKIPPING AND MOUNTING UPON HER SHE ASS AGAIN THAT THE WORDS OF THE SAGE MERLIN WERE SOUNDING IN HIS EARS SETTING FORTH THE CONDITIONS TO BE OBSERVED AND THE EXERTIONS TO BE MADE FOR THE DISENCHANTMENT OF DULCINEA,na,na,3576,16000,22.33,test,na
librispeech-test-02303_reverb-rt60-0.4,data/attacks/reverb-rt60-0.4/librispeech-test-02303.wav,real,real_attack,none,reverb-rt60-0.4,rt60-0.4,AT ONE MOMENT IT SEEMED TO HIM THAT HE WAS IN THE CAVE OF MONTESINOS AND SAW DULCINEA TRANSFORMED INTO A COUNTRY WENCH SKIPPING AND MOUNTING UPON HER SHE ASS AGAIN THAT THE WORDS OF THE SAGE MERLIN WERE SOUNDING IN HIS EARS SETTING FORTH THE CONDITIONS TO BE OBSERVED AND THE EXERTIONS TO BE MADE FOR THE DISENCHANTMENT OF DULCINEA,na,na,3576,16000,22.33,test,na
librispeech-test-02303_reverb-rt60-0.8,data/attacks/reverb-rt60-0.8/librispeech-test-02303.wav,real,real_attack,none,reverb-rt60-0.8,rt60-0.8,AT ONE MOMENT IT SEEMED TO HIM THAT HE WAS IN THE CAVE OF MONTESINOS AND SAW DULCINEA TRANSFORMED INTO A COUNTRY WENCH SKIPPING AND MOUNTING UPON HER SHE ASS AGAIN THAT THE WORDS OF THE SAGE MERLIN WERE SOUNDING IN HIS EARS SETTING FORTH THE CONDITIONS TO BE OBSERVED AND THE EXERTIONS TO BE MADE FOR THE DISENCHANTMENT OF DULCINEA,na,na,3576,16000,22.33,test,na
librispeech-test-02303_speed0.9,data/attacks/speed0.9/librispeech-test-02303.wav,real,real_attack,none,speed0.9,speed0.9,AT ONE MOMENT IT SEEMED TO HIM THAT HE WAS IN THE CAVE OF MONTESINOS AND SAW DULCINEA TRANSFORMED INTO A COUNTRY WENCH SKIPPING AND MOUNTING UPON HER SHE ASS AGAIN THAT THE WORDS OF THE SAGE MERLIN WERE SOUNDING IN HIS EARS SETTING FORTH THE CONDITIONS TO BE OBSERVED AND THE EXERTIONS TO BE MADE FOR THE DISENCHANTMENT OF DULCINEA,na,na,3576,16000,24.811,test,na
librispeech-test-02303_speed1.1,data/attacks/speed1.1/librispeech-test-02303.wav,real,real_attack,none,speed1.1,speed1.1,AT ONE MOMENT IT SEEMED TO HIM THAT HE WAS IN THE CAVE OF MONTESINOS AND SAW DULCINEA TRANSFORMED INTO A COUNTRY WENCH SKIPPING AND MOUNTING UPON HER SHE ASS AGAIN THAT THE WORDS OF THE SAGE MERLIN WERE SOUNDING IN HIS EARS SETTING FORTH THE CONDITIONS TO BE OBSERVED AND THE EXERTIONS TO BE MADE FOR THE DISENCHANTMENT OF DULCINEA,na,na,3576,16000,20.3,test,na
librispeech-test-02304_mp3-128k,data/attacks/mp3-128k/librispeech-test-02304.wav,real,real_attack,none,mp3-128k,mp3-128k,WHO IS TOUCHING ME AND UNTRUSSING ME,na,na,3576,16000,2.51,test,na
librispeech-test-02304_mp3-64k,data/attacks/mp3-64k/librispeech-test-02304.wav,real,real_attack,none,mp3-64k,mp3-64k,WHO IS TOUCHING ME AND UNTRUSSING ME,na,na,3576,16000,2.51,test,na
librispeech-test-02304_aac-128k,data/attacks/aac-128k/librispeech-test-02304.wav,real,real_attack,none,aac-128k,aac-128k,WHO IS TOUCHING ME AND UNTRUSSING ME,na,na,3576,16000,2.56,test,na
librispeech-test-02304_opus-32k,data/attacks/opus-32k/librispeech-test-02304.wav,real,real_attack,none,opus-32k,opus-32k,WHO IS TOUCHING ME AND UNTRUSSING ME,na,na,3576,16000,2.51,test,na
librispeech-test-02304_g711-8k,data/attacks/g711-8k/librispeech-test-02304.wav,real,real_attack,none,g711-8k,g711-8k,WHO IS TOUCHING ME AND UNTRUSSING ME,na,na,3576,16000,2.51,test,na
librispeech-test-02304_resample-8k,data/attacks/resample-8k/librispeech-test-02304.wav,real,real_attack,none,resample-8k,8k-roundtrip,WHO IS TOUCHING ME AND UNTRUSSING ME,na,na,3576,16000,2.51,test,na
librispeech-test-02304_awgn-snr5,data/attacks/awgn-snr5/librispeech-test-02304.wav,real,real_attack,none,awgn-snr5,snr5,WHO IS TOUCHING ME AND UNTRUSSING ME,na,na,3576,16000,2.51,test,na
librispeech-test-02304_awgn-snr10,data/attacks/awgn-snr10/librispeech-test-02304.wav,real,real_attack,none,awgn-snr10,snr10,WHO IS TOUCHING ME AND UNTRUSSING ME,na,na,3576,16000,2.51,test,na
librispeech-test-02304_awgn-snr20,data/attacks/awgn-snr20/librispeech-test-02304.wav,real,real_attack,none,awgn-snr20,snr20,WHO IS TOUCHING ME AND UNTRUSSING ME,na,na,3576,16000,2.51,test,na
librispeech-test-02304_bandpass-300-3400,data/attacks/bandpass-300-3400/librispeech-test-02304.wav,real,real_attack,none,bandpass-300-3400,bandpass300-3400,WHO IS TOUCHING ME AND UNTRUSSING ME,na,na,3576,16000,2.51,test,na
librispeech-test-02304_reverb-rt60-0.2,data/attacks/reverb-rt60-0.2/librispeech-test-02304.wav,real,real_attack,none,reverb-rt60-0.2,rt60-0.2,WHO IS TOUCHING ME AND UNTRUSSING ME,na,na,3576,16000,2.51,test,na
librispeech-test-02304_reverb-rt60-0.4,data/attacks/reverb-rt60-0.4/librispeech-test-02304.wav,real,real_attack,none,reverb-rt60-0.4,rt60-0.4,WHO IS TOUCHING ME AND UNTRUSSING ME,na,na,3576,16000,2.51,test,na
librispeech-test-02304_reverb-rt60-0.8,data/attacks/reverb-rt60-0.8/librispeech-test-02304.wav,real,real_attack,none,reverb-rt60-0.8,rt60-0.8,WHO IS TOUCHING ME AND UNTRUSSING ME,na,na,3576,16000,2.51,test,na
librispeech-test-02304_speed0.9,data/attacks/speed0.9/librispeech-test-02304.wav,real,real_attack,none,speed0.9,speed0.9,WHO IS TOUCHING ME AND UNTRUSSING ME,na,na,3576,16000,2.789,test,na
librispeech-test-02304_speed1.1,data/attacks/speed1.1/librispeech-test-02304.wav,real,real_attack,none,speed1.1,speed1.1,WHO IS TOUCHING ME AND UNTRUSSING ME,na,na,3576,16000,2.282,test,na
librispeech-test-02305_mp3-128k,data/attacks/mp3-128k/librispeech-test-02305.wav,real,real_attack,none,mp3-128k,mp3-128k,DULCINEA IS PERISHING THOU ART LIVING ON REGARDLESS I AM DYING OF HOPE DEFERRED THEREFORE UNTRUSS THYSELF WITH A GOOD WILL FOR MINE IT IS HERE IN THIS RETIRED SPOT TO GIVE THEE AT LEAST TWO THOUSAND LASHES,na,na,3576,16000,16.56,test,na
librispeech-test-02305_mp3-64k,data/attacks/mp3-64k/librispeech-test-02305.wav,real,real_attack,none,mp3-64k,mp3-64k,DULCINEA IS PERISHING THOU ART LIVING ON REGARDLESS I AM DYING OF HOPE DEFERRED THEREFORE UNTRUSS THYSELF WITH A GOOD WILL FOR MINE IT IS HERE IN THIS RETIRED SPOT TO GIVE THEE AT LEAST TWO THOUSAND LASHES,na,na,3576,16000,16.56,test,na
librispeech-test-02305_aac-128k,data/attacks/aac-128k/librispeech-test-02305.wav,real,real_attack,none,aac-128k,aac-128k,DULCINEA IS PERISHING THOU ART LIVING ON REGARDLESS I AM DYING OF HOPE DEFERRED THEREFORE UNTRUSS THYSELF WITH A GOOD WILL FOR MINE IT IS HERE IN THIS RETIRED SPOT TO GIVE THEE AT LEAST TWO THOUSAND LASHES,na,na,3576,16000,16.576,test,na
librispeech-test-02305_opus-32k,data/attacks/opus-32k/librispeech-test-02305.wav,real,real_attack,none,opus-32k,opus-32k,DULCINEA IS PERISHING THOU ART LIVING ON REGARDLESS I AM DYING OF HOPE DEFERRED THEREFORE UNTRUSS THYSELF WITH A GOOD WILL FOR MINE IT IS HERE IN THIS RETIRED SPOT TO GIVE THEE AT LEAST TWO THOUSAND LASHES,na,na,3576,16000,16.56,test,na
librispeech-test-02305_g711-8k,data/attacks/g711-8k/librispeech-test-02305.wav,real,real_attack,none,g711-8k,g711-8k,DULCINEA IS PERISHING THOU ART LIVING ON REGARDLESS I AM DYING OF HOPE DEFERRED THEREFORE UNTRUSS THYSELF WITH A GOOD WILL FOR MINE IT IS HERE IN THIS RETIRED SPOT TO GIVE THEE AT LEAST TWO THOUSAND LASHES,na,na,3576,16000,16.56,test,na
librispeech-test-02305_resample-8k,data/attacks/resample-8k/librispeech-test-02305.wav,real,real_attack,none,resample-8k,8k-roundtrip,DULCINEA IS PERISHING THOU ART LIVING ON REGARDLESS I AM DYING OF HOPE DEFERRED THEREFORE UNTRUSS THYSELF WITH A GOOD WILL FOR MINE IT IS HERE IN THIS RETIRED SPOT TO GIVE THEE AT LEAST TWO THOUSAND LASHES,na,na,3576,16000,16.56,test,na
librispeech-test-02305_awgn-snr5,data/attacks/awgn-snr5/librispeech-test-02305.wav,real,real_attack,none,awgn-snr5,snr5,DULCINEA IS PERISHING THOU ART LIVING ON REGARDLESS I AM DYING OF HOPE DEFERRED THEREFORE UNTRUSS THYSELF WITH A GOOD WILL FOR MINE IT IS HERE IN THIS RETIRED SPOT TO GIVE THEE AT LEAST TWO THOUSAND LASHES,na,na,3576,16000,16.56,test,na
librispeech-test-02305_awgn-snr10,data/attacks/awgn-snr10/librispeech-test-02305.wav,real,real_attack,none,awgn-snr10,snr10,DULCINEA IS PERISHING THOU ART LIVING ON REGARDLESS I AM DYING OF HOPE DEFERRED THEREFORE UNTRUSS THYSELF WITH A GOOD WILL FOR MINE IT IS HERE IN THIS RETIRED SPOT TO GIVE THEE AT LEAST TWO THOUSAND LASHES,na,na,3576,16000,16.56,test,na
librispeech-test-02305_awgn-snr20,data/attacks/awgn-snr20/librispeech-test-02305.wav,real,real_attack,none,awgn-snr20,snr20,DULCINEA IS PERISHING THOU ART LIVING ON REGARDLESS I AM DYING OF HOPE DEFERRED THEREFORE UNTRUSS THYSELF WITH A GOOD WILL FOR MINE IT IS HERE IN THIS RETIRED SPOT TO GIVE THEE AT LEAST TWO THOUSAND LASHES,na,na,3576,16000,16.56,test,na
librispeech-test-02305_bandpass-300-3400,data/attacks/bandpass-300-3400/librispeech-test-02305.wav,real,real_attack,none,bandpass-300-3400,bandpass300-3400,DULCINEA IS PERISHING THOU ART LIVING ON REGARDLESS I AM DYING OF HOPE DEFERRED THEREFORE UNTRUSS THYSELF WITH A GOOD WILL FOR MINE IT IS HERE IN THIS RETIRED SPOT TO GIVE THEE AT LEAST TWO THOUSAND LASHES,na,na,3576,16000,16.56,test,na
librispeech-test-02305_reverb-rt60-0.2,data/attacks/reverb-rt60-0.2/librispeech-test-02305.wav,real,real_attack,none,reverb-rt60-0.2,rt60-0.2,DULCINEA IS PERISHING THOU ART LIVING ON REGARDLESS I AM DYING OF HOPE DEFERRED THEREFORE UNTRUSS THYSELF WITH A GOOD WILL FOR MINE IT IS HERE IN THIS RETIRED SPOT TO GIVE THEE AT LEAST TWO THOUSAND LASHES,na,na,3576,16000,16.56,test,na
librispeech-test-02305_reverb-rt60-0.4,data/attacks/reverb-rt60-0.4/librispeech-test-02305.wav,real,real_attack,none,reverb-rt60-0.4,rt60-0.4,DULCINEA IS PERISHING THOU ART LIVING ON REGARDLESS I AM DYING OF HOPE DEFERRED THEREFORE UNTRUSS THYSELF WITH A GOOD WILL FOR MINE IT IS HERE IN THIS RETIRED SPOT TO GIVE THEE AT LEAST TWO THOUSAND LASHES,na,na,3576,16000,16.56,test,na
librispeech-test-02305_reverb-rt60-0.8,data/attacks/reverb-rt60-0.8/librispeech-test-02305.wav,real,real_attack,none,reverb-rt60-0.8,rt60-0.8,DULCINEA IS PERISHING THOU ART LIVING ON REGARDLESS I AM DYING OF HOPE DEFERRED THEREFORE UNTRUSS THYSELF WITH A GOOD WILL FOR MINE IT IS HERE IN THIS RETIRED SPOT TO GIVE THEE AT LEAST TWO THOUSAND LASHES,na,na,3576,16000,16.56,test,na
librispeech-test-02305_speed0.9,data/attacks/speed0.9/librispeech-test-02305.wav,real,real_attack,none,speed0.9,speed0.9,DULCINEA IS PERISHING THOU ART LIVING ON REGARDLESS I AM DYING OF HOPE DEFERRED THEREFORE UNTRUSS THYSELF WITH A GOOD WILL FOR MINE IT IS HERE IN THIS RETIRED SPOT TO GIVE THEE AT LEAST TWO THOUSAND LASHES,na,na,3576,16000,18.4,test,na
librispeech-test-02305_speed1.1,data/attacks/speed1.1/librispeech-test-02305.wav,real,real_attack,none,speed1.1,speed1.1,DULCINEA IS PERISHING THOU ART LIVING ON REGARDLESS I AM DYING OF HOPE DEFERRED THEREFORE UNTRUSS THYSELF WITH A GOOD WILL FOR MINE IT IS HERE IN THIS RETIRED SPOT TO GIVE THEE AT LEAST TWO THOUSAND LASHES,na,na,3576,16000,15.055,test,na
librispeech-test-02306_mp3-128k,data/attacks/mp3-128k/librispeech-test-02306.wav,real,real_attack,none,mp3-128k,mp3-128k,SEEING THIS SANCHO GOT UP AND GRAPPLING WITH HIS MASTER HE GRIPPED HIM WITH ALL HIS MIGHT IN HIS ARMS GIVING HIM A TRIP WITH THE HEEL STRETCHED HIM ON THE GROUND ON HIS BACK AND PRESSING HIS RIGHT KNEE ON HIS CHEST HELD HIS HANDS IN HIS OWN SO THAT HE COULD NEITHER MOVE NOR BREATHE,na,na,3576,16000,16.655,test,na
librispeech-test-02306_mp3-64k,data/attacks/mp3-64k/librispeech-test-02306.wav,real,real_attack,none,mp3-64k,mp3-64k,SEEING THIS SANCHO GOT UP AND GRAPPLING WITH HIS MASTER HE GRIPPED HIM WITH ALL HIS MIGHT IN HIS ARMS GIVING HIM A TRIP WITH THE HEEL STRETCHED HIM ON THE GROUND ON HIS BACK AND PRESSING HIS RIGHT KNEE ON HIS CHEST HELD HIS HANDS IN HIS OWN SO THAT HE COULD NEITHER MOVE NOR BREATHE,na,na,3576,16000,16.655,test,na
librispeech-test-02306_aac-128k,data/attacks/aac-128k/librispeech-test-02306.wav,real,real_attack,none,aac-128k,aac-128k,SEEING THIS SANCHO GOT UP AND GRAPPLING WITH HIS MASTER HE GRIPPED HIM WITH ALL HIS MIGHT IN HIS ARMS GIVING HIM A TRIP WITH THE HEEL STRETCHED HIM ON THE GROUND ON HIS BACK AND PRESSING HIS RIGHT KNEE ON HIS CHEST HELD HIS HANDS IN HIS OWN SO THAT HE COULD NEITHER MOVE NOR BREATHE,na,na,3576,16000,16.704,test,na
librispeech-test-02306_opus-32k,data/attacks/opus-32k/librispeech-test-02306.wav,real,real_attack,none,opus-32k,opus-32k,SEEING THIS SANCHO GOT UP AND GRAPPLING WITH HIS MASTER HE GRIPPED HIM WITH ALL HIS MIGHT IN HIS ARMS GIVING HIM A TRIP WITH THE HEEL STRETCHED HIM ON THE GROUND ON HIS BACK AND PRESSING HIS RIGHT KNEE ON HIS CHEST HELD HIS HANDS IN HIS OWN SO THAT HE COULD NEITHER MOVE NOR BREATHE,na,na,3576,16000,16.655,test,na
librispeech-test-02306_g711-8k,data/attacks/g711-8k/librispeech-test-02306.wav,real,real_attack,none,g711-8k,g711-8k,SEEING THIS SANCHO GOT UP AND GRAPPLING WITH HIS MASTER HE GRIPPED HIM WITH ALL HIS MIGHT IN HIS ARMS GIVING HIM A TRIP WITH THE HEEL STRETCHED HIM ON THE GROUND ON HIS BACK AND PRESSING HIS RIGHT KNEE ON HIS CHEST HELD HIS HANDS IN HIS OWN SO THAT HE COULD NEITHER MOVE NOR BREATHE,na,na,3576,16000,16.655,test,na
librispeech-test-02306_resample-8k,data/attacks/resample-8k/librispeech-test-02306.wav,real,real_attack,none,resample-8k,8k-roundtrip,SEEING THIS SANCHO GOT UP AND GRAPPLING WITH HIS MASTER HE GRIPPED HIM WITH ALL HIS MIGHT IN HIS ARMS GIVING HIM A TRIP WITH THE HEEL STRETCHED HIM ON THE GROUND ON HIS BACK AND PRESSING HIS RIGHT KNEE ON HIS CHEST HELD HIS HANDS IN HIS OWN SO THAT HE COULD NEITHER MOVE NOR BREATHE,na,na,3576,16000,16.655,test,na
librispeech-test-02306_awgn-snr5,data/attacks/awgn-snr5/librispeech-test-02306.wav,real,real_attack,none,awgn-snr5,snr5,SEEING THIS SANCHO GOT UP AND GRAPPLING WITH HIS MASTER HE GRIPPED HIM WITH ALL HIS MIGHT IN HIS ARMS GIVING HIM A TRIP WITH THE HEEL STRETCHED HIM ON THE GROUND ON HIS BACK AND PRESSING HIS RIGHT KNEE ON HIS CHEST HELD HIS HANDS IN HIS OWN SO THAT HE COULD NEITHER MOVE NOR BREATHE,na,na,3576,16000,16.655,test,na
librispeech-test-02306_awgn-snr10,data/attacks/awgn-snr10/librispeech-test-02306.wav,real,real_attack,none,awgn-snr10,snr10,SEEING THIS SANCHO GOT UP AND GRAPPLING WITH HIS MASTER HE GRIPPED HIM WITH ALL HIS MIGHT IN HIS ARMS GIVING HIM A TRIP WITH THE HEEL STRETCHED HIM ON THE GROUND ON HIS BACK AND PRESSING HIS RIGHT KNEE ON HIS CHEST HELD HIS HANDS IN HIS OWN SO THAT HE COULD NEITHER MOVE NOR BREATHE,na,na,3576,16000,16.655,test,na
librispeech-test-02306_awgn-snr20,data/attacks/awgn-snr20/librispeech-test-02306.wav,real,real_attack,none,awgn-snr20,snr20,SEEING THIS SANCHO GOT UP AND GRAPPLING WITH HIS MASTER HE GRIPPED HIM WITH ALL HIS MIGHT IN HIS ARMS GIVING HIM A TRIP WITH THE HEEL STRETCHED HIM ON THE GROUND ON HIS BACK AND PRESSING HIS RIGHT KNEE ON HIS CHEST HELD HIS HANDS IN HIS OWN SO THAT HE COULD NEITHER MOVE NOR BREATHE,na,na,3576,16000,16.655,test,na
librispeech-test-02306_bandpass-300-3400,data/attacks/bandpass-300-3400/librispeech-test-02306.wav,real,real_attack,none,bandpass-300-3400,bandpass300-3400,SEEING THIS SANCHO GOT UP AND GRAPPLING WITH HIS MASTER HE GRIPPED HIM WITH ALL HIS MIGHT IN HIS ARMS GIVING HIM A TRIP WITH THE HEEL STRETCHED HIM ON THE GROUND ON HIS BACK AND PRESSING HIS RIGHT KNEE ON HIS CHEST HELD HIS HANDS IN HIS OWN SO THAT HE COULD NEITHER MOVE NOR BREATHE,na,na,3576,16000,16.655,test,na
librispeech-test-02306_reverb-rt60-0.2,data/attacks/reverb-rt60-0.2/librispeech-test-02306.wav,real,real_attack,none,reverb-rt60-0.2,rt60-0.2,SEEING THIS SANCHO GOT UP AND GRAPPLING WITH HIS MASTER HE GRIPPED HIM WITH ALL HIS MIGHT IN HIS ARMS GIVING HIM A TRIP WITH THE HEEL STRETCHED HIM ON THE GROUND ON HIS BACK AND PRESSING HIS RIGHT KNEE ON HIS CHEST HELD HIS HANDS IN HIS OWN SO THAT HE COULD NEITHER MOVE NOR BREATHE,na,na,3576,16000,16.655,test,na
librispeech-test-02306_reverb-rt60-0.4,data/attacks/reverb-rt60-0.4/librispeech-test-02306.wav,real,real_attack,none,reverb-rt60-0.4,rt60-0.4,SEEING THIS SANCHO GOT UP AND GRAPPLING WITH HIS MASTER HE GRIPPED HIM WITH ALL HIS MIGHT IN HIS ARMS GIVING HIM A TRIP WITH THE HEEL STRETCHED HIM ON THE GROUND ON HIS BACK AND PRESSING HIS RIGHT KNEE ON HIS CHEST HELD HIS HANDS IN HIS OWN SO THAT HE COULD NEITHER MOVE NOR BREATHE,na,na,3576,16000,16.655,test,na
librispeech-test-02306_reverb-rt60-0.8,data/attacks/reverb-rt60-0.8/librispeech-test-02306.wav,real,real_attack,none,reverb-rt60-0.8,rt60-0.8,SEEING THIS SANCHO GOT UP AND GRAPPLING WITH HIS MASTER HE GRIPPED HIM WITH ALL HIS MIGHT IN HIS ARMS GIVING HIM A TRIP WITH THE HEEL STRETCHED HIM ON THE GROUND ON HIS BACK AND PRESSING HIS RIGHT KNEE ON HIS CHEST HELD HIS HANDS IN HIS OWN SO THAT HE COULD NEITHER MOVE NOR BREATHE,na,na,3576,16000,16.655,test,na
librispeech-test-02306_speed0.9,data/attacks/speed0.9/librispeech-test-02306.wav,real,real_attack,none,speed0.9,speed0.9,SEEING THIS SANCHO GOT UP AND GRAPPLING WITH HIS MASTER HE GRIPPED HIM WITH ALL HIS MIGHT IN HIS ARMS GIVING HIM A TRIP WITH THE HEEL STRETCHED HIM ON THE GROUND ON HIS BACK AND PRESSING HIS RIGHT KNEE ON HIS CHEST HELD HIS HANDS IN HIS OWN SO THAT HE COULD NEITHER MOVE NOR BREATHE,na,na,3576,16000,18.506,test,na
librispeech-test-02306_speed1.1,data/attacks/speed1.1/librispeech-test-02306.wav,real,real_attack,none,speed1.1,speed1.1,SEEING THIS SANCHO GOT UP AND GRAPPLING WITH HIS MASTER HE GRIPPED HIM WITH ALL HIS MIGHT IN HIS ARMS GIVING HIM A TRIP WITH THE HEEL STRETCHED HIM ON THE GROUND ON HIS BACK AND PRESSING HIS RIGHT KNEE ON HIS CHEST HELD HIS HANDS IN HIS OWN SO THAT HE COULD NEITHER MOVE NOR BREATHE,na,na,3576,16000,15.141,test,na
librispeech-test-02307_mp3-128k,data/attacks/mp3-128k/librispeech-test-02307.wav,real,real_attack,none,mp3-128k,mp3-128k,HOW NOW TRAITOR EXCLAIMED DON QUIXOTE,na,na,3576,16000,3.945,test,na
librispeech-test-02307_mp3-64k,data/attacks/mp3-64k/librispeech-test-02307.wav,real,real_attack,none,mp3-64k,mp3-64k,HOW NOW TRAITOR EXCLAIMED DON QUIXOTE,na,na,3576,16000,3.945,test,na
librispeech-test-02307_aac-128k,data/attacks/aac-128k/librispeech-test-02307.wav,real,real_attack,none,aac-128k,aac-128k,HOW NOW TRAITOR EXCLAIMED DON QUIXOTE,na,na,3576,16000,3.968,test,na
librispeech-test-02307_opus-32k,data/attacks/opus-32k/librispeech-test-02307.wav,real,real_attack,none,opus-32k,opus-32k,HOW NOW TRAITOR EXCLAIMED DON QUIXOTE,na,na,3576,16000,3.945,test,na
librispeech-test-02307_g711-8k,data/attacks/g711-8k/librispeech-test-02307.wav,real,real_attack,none,g711-8k,g711-8k,HOW NOW TRAITOR EXCLAIMED DON QUIXOTE,na,na,3576,16000,3.945,test,na
librispeech-test-02307_resample-8k,data/attacks/resample-8k/librispeech-test-02307.wav,real,real_attack,none,resample-8k,8k-roundtrip,HOW NOW TRAITOR EXCLAIMED DON QUIXOTE,na,na,3576,16000,3.945,test,na
librispeech-test-02307_awgn-snr5,data/attacks/awgn-snr5/librispeech-test-02307.wav,real,real_attack,none,awgn-snr5,snr5,HOW NOW TRAITOR EXCLAIMED DON QUIXOTE,na,na,3576,16000,3.945,test,na
librispeech-test-02307_awgn-snr10,data/attacks/awgn-snr10/librispeech-test-02307.wav,real,real_attack,none,awgn-snr10,snr10,HOW NOW TRAITOR EXCLAIMED DON QUIXOTE,na,na,3576,16000,3.945,test,na
librispeech-test-02307_awgn-snr20,data/attacks/awgn-snr20/librispeech-test-02307.wav,real,real_attack,none,awgn-snr20,snr20,HOW NOW TRAITOR EXCLAIMED DON QUIXOTE,na,na,3576,16000,3.945,test,na
librispeech-test-02307_bandpass-300-3400,data/attacks/bandpass-300-3400/librispeech-test-02307.wav,real,real_attack,none,bandpass-300-3400,bandpass300-3400,HOW NOW TRAITOR EXCLAIMED DON QUIXOTE,na,na,3576,16000,3.945,test,na
librispeech-test-02307_reverb-rt60-0.2,data/attacks/reverb-rt60-0.2/librispeech-test-02307.wav,real,real_attack,none,reverb-rt60-0.2,rt60-0.2,HOW NOW TRAITOR EXCLAIMED DON QUIXOTE,na,na,3576,16000,3.945,test,na
librispeech-test-02307_reverb-rt60-0.4,data/attacks/reverb-rt60-0.4/librispeech-test-02307.wav,real,real_attack,none,reverb-rt60-0.4,rt60-0.4,HOW NOW TRAITOR EXCLAIMED DON QUIXOTE,na,na,3576,16000,3.945,test,na
librispeech-test-02307_reverb-rt60-0.8,data/attacks/reverb-rt60-0.8/librispeech-test-02307.wav,real,real_attack,none,reverb-rt60-0.8,rt60-0.8,HOW NOW TRAITOR EXCLAIMED DON QUIXOTE,na,na,3576,16000,3.945,test,na
librispeech-test-02307_speed0.9,data/attacks/speed0.9/librispeech-test-02307.wav,real,real_attack,none,speed0.9,speed0.9,HOW NOW TRAITOR EXCLAIMED DON QUIXOTE,na,na,3576,16000,4.383,test,na
librispeech-test-02307_speed1.1,data/attacks/speed1.1/librispeech-test-02307.wav,real,real_attack,none,speed1.1,speed1.1,HOW NOW TRAITOR EXCLAIMED DON QUIXOTE,na,na,3576,16000,3.586,test,na
librispeech-test-02308_mp3-128k,data/attacks/mp3-128k/librispeech-test-02308.wav,real,real_attack,none,mp3-128k,mp3-128k,DOST THOU REVOLT AGAINST THY MASTER AND NATURAL LORD,na,na,3576,16000,3.55,test,na
librispeech-test-02308_mp3-64k,data/attacks/mp3-64k/librispeech-test-02308.wav,real,real_attack,none,mp3-64k,mp3-64k,DOST THOU REVOLT AGAINST THY MASTER AND NATURAL LORD,na,na,3576,16000,3.55,test,na
librispeech-test-02308_aac-128k,data/attacks/aac-128k/librispeech-test-02308.wav,real,real_attack,none,aac-128k,aac-128k,DOST THOU REVOLT AGAINST THY MASTER AND NATURAL LORD,na,na,3576,16000,3.584,test,na
librispeech-test-02308_opus-32k,data/attacks/opus-32k/librispeech-test-02308.wav,real,real_attack,none,opus-32k,opus-32k,DOST THOU REVOLT AGAINST THY MASTER AND NATURAL LORD,na,na,3576,16000,3.55,test,na
librispeech-test-02308_g711-8k,data/attacks/g711-8k/librispeech-test-02308.wav,real,real_attack,none,g711-8k,g711-8k,DOST THOU REVOLT AGAINST THY MASTER AND NATURAL LORD,na,na,3576,16000,3.55,test,na
librispeech-test-02308_resample-8k,data/attacks/resample-8k/librispeech-test-02308.wav,real,real_attack,none,resample-8k,8k-roundtrip,DOST THOU REVOLT AGAINST THY MASTER AND NATURAL LORD,na,na,3576,16000,3.55,test,na
librispeech-test-02308_awgn-snr5,data/attacks/awgn-snr5/librispeech-test-02308.wav,real,real_attack,none,awgn-snr5,snr5,DOST THOU REVOLT AGAINST THY MASTER AND NATURAL LORD,na,na,3576,16000,3.55,test,na
librispeech-test-02308_awgn-snr10,data/attacks/awgn-snr10/librispeech-test-02308.wav,real,real_attack,none,awgn-snr10,snr10,DOST THOU REVOLT AGAINST THY MASTER AND NATURAL LORD,na,na,3576,16000,3.55,test,na
librispeech-test-02308_awgn-snr20,data/attacks/awgn-snr20/librispeech-test-02308.wav,real,real_attack,none,awgn-snr20,snr20,DOST THOU REVOLT AGAINST THY MASTER AND NATURAL LORD,na,na,3576,16000,3.55,test,na
librispeech-test-02308_bandpass-300-3400,data/attacks/bandpass-300-3400/librispeech-test-02308.wav,real,real_attack,none,bandpass-300-3400,bandpass300-3400,DOST THOU REVOLT AGAINST THY MASTER AND NATURAL LORD,na,na,3576,16000,3.55,test,na
librispeech-test-02308_reverb-rt60-0.2,data/attacks/reverb-rt60-0.2/librispeech-test-02308.wav,real,real_attack,none,reverb-rt60-0.2,rt60-0.2,DOST THOU REVOLT AGAINST THY MASTER AND NATURAL LORD,na,na,3576,16000,3.55,test,na
librispeech-test-02308_reverb-rt60-0.4,data/attacks/reverb-rt60-0.4/librispeech-test-02308.wav,real,real_attack,none,reverb-rt60-0.4,rt60-0.4,DOST THOU REVOLT AGAINST THY MASTER AND NATURAL LORD,na,na,3576,16000,3.55,test,na
librispeech-test-02308_reverb-rt60-0.8,data/attacks/reverb-rt60-0.8/librispeech-test-02308.wav,real,real_attack,none,reverb-rt60-0.8,rt60-0.8,DOST THOU REVOLT AGAINST THY MASTER AND NATURAL LORD,na,na,3576,16000,3.55,test,na
librispeech-test-02308_speed0.9,data/attacks/speed0.9/librispeech-test-02308.wav,real,real_attack,none,speed0.9,speed0.9,DOST THOU REVOLT AGAINST THY MASTER AND NATURAL LORD,na,na,3576,16000,3.944,test,na
librispeech-test-02308_speed1.1,data/attacks/speed1.1/librispeech-test-02308.wav,real,real_attack,none,speed1.1,speed1.1,DOST THOU REVOLT AGAINST THY MASTER AND NATURAL LORD,na,na,3576,16000,3.227,test,na
librispeech-test-02309_mp3-128k,data/attacks/mp3-128k/librispeech-test-02309.wav,real,real_attack,none,mp3-128k,mp3-128k,DOST THOU RISE AGAINST HIM WHO GIVES THEE HIS BREAD,na,na,3576,16000,3.86,test,na
librispeech-test-02309_mp3-64k,data/attacks/mp3-64k/librispeech-test-02309.wav,real,real_attack,none,mp3-64k,mp3-64k,DOST THOU RISE AGAINST HIM WHO GIVES THEE HIS BREAD,na,na,3576,16000,3.86,test,na
librispeech-test-02309_aac-128k,data/attacks/aac-128k/librispeech-test-02309.wav,real,real_attack,none,aac-128k,aac-128k,DOST THOU RISE AGAINST HIM WHO GIVES THEE HIS BREAD,na,na,3576,16000,3.904,test,na
librispeech-test-02309_opus-32k,data/attacks/opus-32k/librispeech-test-02309.wav,real,real_attack,none,opus-32k,opus-32k,DOST THOU RISE AGAINST HIM WHO GIVES THEE HIS BREAD,na,na,3576,16000,3.86,test,na
librispeech-test-02309_g711-8k,data/attacks/g711-8k/librispeech-test-02309.wav,real,real_attack,none,g711-8k,g711-8k,DOST THOU RISE AGAINST HIM WHO GIVES THEE HIS BREAD,na,na,3576,16000,3.86,test,na
librispeech-test-02309_resample-8k,data/attacks/resample-8k/librispeech-test-02309.wav,real,real_attack,none,resample-8k,8k-roundtrip,DOST THOU RISE AGAINST HIM WHO GIVES THEE HIS BREAD,na,na,3576,16000,3.86,test,na
librispeech-test-02309_awgn-snr5,data/attacks/awgn-snr5/librispeech-test-02309.wav,real,real_attack,none,awgn-snr5,snr5,DOST THOU RISE AGAINST HIM WHO GIVES THEE HIS BREAD,na,na,3576,16000,3.86,test,na
librispeech-test-02309_awgn-snr10,data/attacks/awgn-snr10/librispeech-test-02309.wav,real,real_attack,none,awgn-snr10,snr10,DOST THOU RISE AGAINST HIM WHO GIVES THEE HIS BREAD,na,na,3576,16000,3.86,test,na
librispeech-test-02309_awgn-snr20,data/attacks/awgn-snr20/librispeech-test-02309.wav,real,real_attack,none,awgn-snr20,snr20,DOST THOU RISE AGAINST HIM WHO GIVES THEE HIS BREAD,na,na,3576,16000,3.86,test,na
librispeech-test-02309_bandpass-300-3400,data/attacks/bandpass-300-3400/librispeech-test-02309.wav,real,real_attack,none,bandpass-300-3400,bandpass300-3400,DOST THOU RISE AGAINST HIM WHO GIVES THEE HIS BREAD,na,na,3576,16000,3.86,test,na
librispeech-test-02309_reverb-rt60-0.2,data/attacks/reverb-rt60-0.2/librispeech-test-02309.wav,real,real_attack,none,reverb-rt60-0.2,rt60-0.2,DOST THOU RISE AGAINST HIM WHO GIVES THEE HIS BREAD,na,na,3576,16000,3.86,test,na
librispeech-test-02309_reverb-rt60-0.4,data/attacks/reverb-rt60-0.4/librispeech-test-02309.wav,real,real_attack,none,reverb-rt60-0.4,rt60-0.4,DOST THOU RISE AGAINST HIM WHO GIVES THEE HIS BREAD,na,na,3576,16000,3.86,test,na
librispeech-test-02309_reverb-rt60-0.8,data/attacks/reverb-rt60-0.8/librispeech-test-02309.wav,real,real_attack,none,reverb-rt60-0.8,rt60-0.8,DOST THOU RISE AGAINST HIM WHO GIVES THEE HIS BREAD,na,na,3576,16000,3.86,test,na
librispeech-test-02309_speed0.9,data/attacks/speed0.9/librispeech-test-02309.wav,real,real_attack,none,speed0.9,speed0.9,DOST THOU RISE AGAINST HIM WHO GIVES THEE HIS BREAD,na,na,3576,16000,4.289,test,na
librispeech-test-02309_speed1.1,data/attacks/speed1.1/librispeech-test-02309.wav,real,real_attack,none,speed1.1,speed1.1,DOST THOU RISE AGAINST HIM WHO GIVES THEE HIS BREAD,na,na,3576,16000,3.509,test,na
2078-142845-0000_formant_mp3-128k,data/attacks/mp3-128k/2078-142845-0000_formant.wav,fake,attack,none,mp3-128k,mp3-128k,KIRKLEATHAM YEAST,na,na,2078,16000,2.195,test,na
2078-142845-0000_formant_mp3-64k,data/attacks/mp3-64k/2078-142845-0000_formant.wav,fake,attack,none,mp3-64k,mp3-64k,KIRKLEATHAM YEAST,na,na,2078,16000,2.195,test,na
2078-142845-0000_formant_opus-32k,data/attacks/opus-32k/2078-142845-0000_formant.wav,fake,attack,none,opus-32k,opus-32k,KIRKLEATHAM YEAST,na,na,2078,16000,2.195,test,na
2078-142845-0000_formant_g711-8k,data/attacks/g711-8k/2078-142845-0000_formant.wav,fake,attack,none,g711-8k,g711-8k,KIRKLEATHAM YEAST,na,na,2078,16000,2.195,test,na
2078-142845-0000_formant_resample-8k,data/attacks/resample-8k/2078-142845-0000_formant.wav,fake,attack,none,resample-8k,8k-roundtrip,KIRKLEATHAM YEAST,na,na,2078,16000,2.195,test,na
2078-142845-0000_formant_awgn-snr5,data/attacks/awgn-snr5/2078-142845-0000_formant.wav,fake,attack,none,awgn-snr5,snr5,KIRKLEATHAM YEAST,na,na,2078,16000,2.195,test,na
2078-142845-0000_formant_awgn-snr10,data/attacks/awgn-snr10/2078-142845-0000_formant.wav,fake,attack,none,awgn-snr10,snr10,KIRKLEATHAM YEAST,na,na,2078,16000,2.195,test,na
2078-142845-0000_formant_awgn-snr20,data/attacks/awgn-snr20/2078-142845-0000_formant.wav,fake,attack,none,awgn-snr20,snr20,KIRKLEATHAM YEAST,na,na,2078,16000,2.195,test,na
2078-142845-0000_formant_bandpass-300-3400,data/attacks/bandpass-300-3400/2078-142845-0000_formant.wav,fake,attack,none,bandpass-300-3400,bandpass300-3400,KIRKLEATHAM YEAST,na,na,2078,16000,2.195,test,na
2078-142845-0000_formant_reverb-rt60-0.2,data/attacks/reverb-rt60-0.2/2078-142845-0000_formant.wav,fake,attack,none,reverb-rt60-0.2,rt60-0.2,KIRKLEATHAM YEAST,na,na,2078,16000,2.195,test,na
2078-142845-0000_formant_reverb-rt60-0.4,data/attacks/reverb-rt60-0.4/2078-142845-0000_formant.wav,fake,attack,none,reverb-rt60-0.4,rt60-0.4,KIRKLEATHAM YEAST,na,na,2078,16000,2.195,test,na
2078-142845-0000_formant_reverb-rt60-0.8,data/attacks/reverb-rt60-0.8/2078-142845-0000_formant.wav,fake,attack,none,reverb-rt60-0.8,rt60-0.8,KIRKLEATHAM YEAST,na,na,2078,16000,2.195,test,na
2078-142845-0000_formant_speed0.9,data/attacks/speed0.9/2078-142845-0000_formant.wav,fake,attack,none,speed0.9,speed0.9,KIRKLEATHAM YEAST,na,na,2078,16000,2.439,test,na
2078-142845-0000_formant_speed1.1,data/attacks/speed1.1/2078-142845-0000_formant.wav,fake,attack,none,speed1.1,speed1.1,KIRKLEATHAM YEAST,na,na,2078,16000,1.995,test,na
2078-142845-0000_melvoc_mp3-128k,data/attacks/mp3-128k/2078-142845-0000_melvoc.wav,fake,attack,none,mp3-128k,mp3-128k,KIRKLEATHAM YEAST,na,na,2078,16000,2.192,test,na
2078-142845-0000_melvoc_mp3-64k,data/attacks/mp3-64k/2078-142845-0000_melvoc.wav,fake,attack,none,mp3-64k,mp3-64k,KIRKLEATHAM YEAST,na,na,2078,16000,2.192,test,na
2078-142845-0000_melvoc_opus-32k,data/attacks/opus-32k/2078-142845-0000_melvoc.wav,fake,attack,none,opus-32k,opus-32k,KIRKLEATHAM YEAST,na,na,2078,16000,2.192,test,na
2078-142845-0000_melvoc_g711-8k,data/attacks/g711-8k/2078-142845-0000_melvoc.wav,fake,attack,none,g711-8k,g711-8k,KIRKLEATHAM YEAST,na,na,2078,16000,2.192,test,na
2078-142845-0000_melvoc_resample-8k,data/attacks/resample-8k/2078-142845-0000_melvoc.wav,fake,attack,none,resample-8k,8k-roundtrip,KIRKLEATHAM YEAST,na,na,2078,16000,2.192,test,na
2078-142845-0000_melvoc_awgn-snr5,data/attacks/awgn-snr5/2078-142845-0000_melvoc.wav,fake,attack,none,awgn-snr5,snr5,KIRKLEATHAM YEAST,na,na,2078,16000,2.192,test,na
2078-142845-0000_melvoc_awgn-snr10,data/attacks/awgn-snr10/2078-142845-0000_melvoc.wav,fake,attack,none,awgn-snr10,snr10,KIRKLEATHAM YEAST,na,na,2078,16000,2.192,test,na
2078-142845-0000_melvoc_awgn-snr20,data/attacks/awgn-snr20/2078-142845-0000_melvoc.wav,fake,attack,none,awgn-snr20,snr20,KIRKLEATHAM YEAST,na,na,2078,16000,2.192,test,na
2078-142845-0000_melvoc_bandpass-300-3400,data/attacks/bandpass-300-3400/2078-142845-0000_melvoc.wav,fake,attack,none,bandpass-300-3400,bandpass300-3400,KIRKLEATHAM YEAST,na,na,2078,16000,2.192,test,na
2078-142845-0000_melvoc_reverb-rt60-0.2,data/attacks/reverb-rt60-0.2/2078-142845-0000_melvoc.wav,fake,attack,none,reverb-rt60-0.2,rt60-0.2,KIRKLEATHAM YEAST,na,na,2078,16000,2.192,test,na
2078-142845-0000_melvoc_reverb-rt60-0.4,data/attacks/reverb-rt60-0.4/2078-142845-0000_melvoc.wav,fake,attack,none,reverb-rt60-0.4,rt60-0.4,KIRKLEATHAM YEAST,na,na,2078,16000,2.192,test,na
2078-142845-0000_melvoc_reverb-rt60-0.8,data/attacks/reverb-rt60-0.8/2078-142845-0000_melvoc.wav,fake,attack,none,reverb-rt60-0.8,rt60-0.8,KIRKLEATHAM YEAST,na,na,2078,16000,2.192,test,na
2078-142845-0000_melvoc_speed0.9,data/attacks/speed0.9/2078-142845-0000_melvoc.wav,fake,attack,none,speed0.9,speed0.9,KIRKLEATHAM YEAST,na,na,2078,16000,2.436,test,na
2078-142845-0000_melvoc_speed1.1,data/attacks/speed1.1/2078-142845-0000_melvoc.wav,fake,attack,none,speed1.1,speed1.1,KIRKLEATHAM YEAST,na,na,2078,16000,1.993,test,na
2078-142845-0000_pitch_mp3-128k,data/attacks/mp3-128k/2078-142845-0000_pitch.wav,fake,attack,none,mp3-128k,mp3-128k,KIRKLEATHAM YEAST,na,na,2078,16000,2.195,test,na
2078-142845-0000_pitch_mp3-64k,data/attacks/mp3-64k/2078-142845-0000_pitch.wav,fake,attack,none,mp3-64k,mp3-64k,KIRKLEATHAM YEAST,na,na,2078,16000,2.195,test,na
2078-142845-0000_pitch_opus-32k,data/attacks/opus-32k/2078-142845-0000_pitch.wav,fake,attack,none,opus-32k,opus-32k,KIRKLEATHAM YEAST,na,na,2078,16000,2.195,test,na
2078-142845-0000_pitch_g711-8k,data/attacks/g711-8k/2078-142845-0000_pitch.wav,fake,attack,none,g711-8k,g711-8k,KIRKLEATHAM YEAST,na,na,2078,16000,2.195,test,na
2078-142845-0000_pitch_resample-8k,data/attacks/resample-8k/2078-142845-0000_pitch.wav,fake,attack,none,resample-8k,8k-roundtrip,KIRKLEATHAM YEAST,na,na,2078,16000,2.195,test,na
2078-142845-0000_pitch_awgn-snr5,data/attacks/awgn-snr5/2078-142845-0000_pitch.wav,fake,attack,none,awgn-snr5,snr5,KIRKLEATHAM YEAST,na,na,2078,16000,2.195,test,na
2078-142845-0000_pitch_awgn-snr10,data/attacks/awgn-snr10/2078-142845-0000_pitch.wav,fake,attack,none,awgn-snr10,snr10,KIRKLEATHAM YEAST,na,na,2078,16000,2.195,test,na
2078-142845-0000_pitch_awgn-snr20,data/attacks/awgn-snr20/2078-142845-0000_pitch.wav,fake,attack,none,awgn-snr20,snr20,KIRKLEATHAM YEAST,na,na,2078,16000,2.195,test,na
2078-142845-0000_pitch_bandpass-300-3400,data/attacks/bandpass-300-3400/2078-142845-0000_pitch.wav,fake,attack,none,bandpass-300-3400,bandpass300-3400,KIRKLEATHAM YEAST,na,na,2078,16000,2.195,test,na
2078-142845-0000_pitch_reverb-rt60-0.2,data/attacks/reverb-rt60-0.2/2078-142845-0000_pitch.wav,fake,attack,none,reverb-rt60-0.2,rt60-0.2,KIRKLEATHAM YEAST,na,na,2078,16000,2.195,test,na
2078-142845-0000_pitch_reverb-rt60-0.4,data/attacks/reverb-rt60-0.4/2078-142845-0000_pitch.wav,fake,attack,none,reverb-rt60-0.4,rt60-0.4,KIRKLEATHAM YEAST,na,na,2078,16000,2.195,test,na
2078-142845-0000_pitch_reverb-rt60-0.8,data/attacks/reverb-rt60-0.8/2078-142845-0000_pitch.wav,fake,attack,none,reverb-rt60-0.8,rt60-0.8,KIRKLEATHAM YEAST,na,na,2078,16000,2.195,test,na
2078-142845-0000_pitch_speed0.9,data/attacks/speed0.9/2078-142845-0000_pitch.wav,fake,attack,none,speed0.9,speed0.9,KIRKLEATHAM YEAST,na,na,2078,16000,2.439,test,na
2078-142845-0000_pitch_speed1.1,data/attacks/speed1.1/2078-142845-0000_pitch.wav,fake,attack,none,speed1.1,speed1.1,KIRKLEATHAM YEAST,na,na,2078,16000,1.995,test,na
2078-142845-0001_formant_mp3-128k,data/attacks/mp3-128k/2078-142845-0001_formant.wav,fake,attack,none,mp3-128k,mp3-128k,SEVENTEEN SEVENTEEN,na,na,2078,16000,2.135,test,na
2078-142845-0001_formant_mp3-64k,data/attacks/mp3-64k/2078-142845-0001_formant.wav,fake,attack,none,mp3-64k,mp3-64k,SEVENTEEN SEVENTEEN,na,na,2078,16000,2.135,test,na
2078-142845-0001_formant_opus-32k,data/attacks/opus-32k/2078-142845-0001_formant.wav,fake,attack,none,opus-32k,opus-32k,SEVENTEEN SEVENTEEN,na,na,2078,16000,2.135,test,na
2078-142845-0001_formant_g711-8k,data/attacks/g711-8k/2078-142845-0001_formant.wav,fake,attack,none,g711-8k,g711-8k,SEVENTEEN SEVENTEEN,na,na,2078,16000,2.135,test,na
2078-142845-0001_formant_resample-8k,data/attacks/resample-8k/2078-142845-0001_formant.wav,fake,attack,none,resample-8k,8k-roundtrip,SEVENTEEN SEVENTEEN,na,na,2078,16000,2.135,test,na
2078-142845-0001_formant_awgn-snr5,data/attacks/awgn-snr5/2078-142845-0001_formant.wav,fake,attack,none,awgn-snr5,snr5,SEVENTEEN SEVENTEEN,na,na,2078,16000,2.135,test,na
2078-142845-0001_formant_awgn-snr10,data/attacks/awgn-snr10/2078-142845-0001_formant.wav,fake,attack,none,awgn-snr10,snr10,SEVENTEEN SEVENTEEN,na,na,2078,16000,2.135,test,na
2078-142845-0001_formant_awgn-snr20,data/attacks/awgn-snr20/2078-142845-0001_formant.wav,fake,attack,none,awgn-snr20,snr20,SEVENTEEN SEVENTEEN,na,na,2078,16000,2.135,test,na
2078-142845-0001_formant_bandpass-300-3400,data/attacks/bandpass-300-3400/2078-142845-0001_formant.wav,fake,attack,none,bandpass-300-3400,bandpass300-3400,SEVENTEEN SEVENTEEN,na,na,2078,16000,2.135,test,na
2078-142845-0001_formant_reverb-rt60-0.2,data/attacks/reverb-rt60-0.2/2078-142845-0001_formant.wav,fake,attack,none,reverb-rt60-0.2,rt60-0.2,SEVENTEEN SEVENTEEN,na,na,2078,16000,2.135,test,na
2078-142845-0001_formant_reverb-rt60-0.4,data/attacks/reverb-rt60-0.4/2078-142845-0001_formant.wav,fake,attack,none,reverb-rt60-0.4,rt60-0.4,SEVENTEEN SEVENTEEN,na,na,2078,16000,2.135,test,na
2078-142845-0001_formant_reverb-rt60-0.8,data/attacks/reverb-rt60-0.8/2078-142845-0001_formant.wav,fake,attack,none,reverb-rt60-0.8,rt60-0.8,SEVENTEEN SEVENTEEN,na,na,2078,16000,2.135,test,na
2078-142845-0001_formant_speed0.9,data/attacks/speed0.9/2078-142845-0001_formant.wav,fake,attack,none,speed0.9,speed0.9,SEVENTEEN SEVENTEEN,na,na,2078,16000,2.372,test,na
2078-142845-0001_formant_speed1.1,data/attacks/speed1.1/2078-142845-0001_formant.wav,fake,attack,none,speed1.1,speed1.1,SEVENTEEN SEVENTEEN,na,na,2078,16000,1.941,test,na
2078-142845-0001_melvoc_mp3-128k,data/attacks/mp3-128k/2078-142845-0001_melvoc.wav,fake,attack,none,mp3-128k,mp3-128k,SEVENTEEN SEVENTEEN,na,na,2078,16000,2.128,test,na
2078-142845-0001_melvoc_mp3-64k,data/attacks/mp3-64k/2078-142845-0001_melvoc.wav,fake,attack,none,mp3-64k,mp3-64k,SEVENTEEN SEVENTEEN,na,na,2078,16000,2.128,test,na
2078-142845-0001_melvoc_opus-32k,data/attacks/opus-32k/2078-142845-0001_melvoc.wav,fake,attack,none,opus-32k,opus-32k,SEVENTEEN SEVENTEEN,na,na,2078,16000,2.128,test,na
2078-142845-0001_melvoc_g711-8k,data/attacks/g711-8k/2078-142845-0001_melvoc.wav,fake,attack,none,g711-8k,g711-8k,SEVENTEEN SEVENTEEN,na,na,2078,16000,2.128,test,na
2078-142845-0001_melvoc_resample-8k,data/attacks/resample-8k/2078-142845-0001_melvoc.wav,fake,attack,none,resample-8k,8k-roundtrip,SEVENTEEN SEVENTEEN,na,na,2078,16000,2.128,test,na
2078-142845-0001_melvoc_awgn-snr5,data/attacks/awgn-snr5/2078-142845-0001_melvoc.wav,fake,attack,none,awgn-snr5,snr5,SEVENTEEN SEVENTEEN,na,na,2078,16000,2.128,test,na
2078-142845-0001_melvoc_awgn-snr10,data/attacks/awgn-snr10/2078-142845-0001_melvoc.wav,fake,attack,none,awgn-snr10,snr10,SEVENTEEN SEVENTEEN,na,na,2078,16000,2.128,test,na
2078-142845-0001_melvoc_awgn-snr20,data/attacks/awgn-snr20/2078-142845-0001_melvoc.wav,fake,attack,none,awgn-snr20,snr20,SEVENTEEN SEVENTEEN,na,na,2078,16000,2.128,test,na
2078-142845-0001_melvoc_bandpass-300-3400,data/attacks/bandpass-300-3400/2078-142845-0001_melvoc.wav,fake,attack,none,bandpass-300-3400,bandpass300-3400,SEVENTEEN SEVENTEEN,na,na,2078,16000,2.128,test,na
2078-142845-0001_melvoc_reverb-rt60-0.2,data/attacks/reverb-rt60-0.2/2078-142845-0001_melvoc.wav,fake,attack,none,reverb-rt60-0.2,rt60-0.2,SEVENTEEN SEVENTEEN,na,na,2078,16000,2.128,test,na
2078-142845-0001_melvoc_reverb-rt60-0.4,data/attacks/reverb-rt60-0.4/2078-142845-0001_melvoc.wav,fake,attack,none,reverb-rt60-0.4,rt60-0.4,SEVENTEEN SEVENTEEN,na,na,2078,16000,2.128,test,na
2078-142845-0001_melvoc_reverb-rt60-0.8,data/attacks/reverb-rt60-0.8/2078-142845-0001_melvoc.wav,fake,attack,none,reverb-rt60-0.8,rt60-0.8,SEVENTEEN SEVENTEEN,na,na,2078,16000,2.128,test,na
2078-142845-0001_melvoc_speed0.9,data/attacks/speed0.9/2078-142845-0001_melvoc.wav,fake,attack,none,speed0.9,speed0.9,SEVENTEEN SEVENTEEN,na,na,2078,16000,2.364,test,na
2078-142845-0001_melvoc_speed1.1,data/attacks/speed1.1/2078-142845-0001_melvoc.wav,fake,attack,none,speed1.1,speed1.1,SEVENTEEN SEVENTEEN,na,na,2078,16000,1.935,test,na
2078-142845-0001_pitch_mp3-128k,data/attacks/mp3-128k/2078-142845-0001_pitch.wav,fake,attack,none,mp3-128k,mp3-128k,SEVENTEEN SEVENTEEN,na,na,2078,16000,2.135,test,na
2078-142845-0001_pitch_mp3-64k,data/attacks/mp3-64k/2078-142845-0001_pitch.wav,fake,attack,none,mp3-64k,mp3-64k,SEVENTEEN SEVENTEEN,na,na,2078,16000,2.135,test,na
2078-142845-0001_pitch_opus-32k,data/attacks/opus-32k/2078-142845-0001_pitch.wav,fake,attack,none,opus-32k,opus-32k,SEVENTEEN SEVENTEEN,na,na,2078,16000,2.135,test,na
2078-142845-0001_pitch_g711-8k,data/attacks/g711-8k/2078-142845-0001_pitch.wav,fake,attack,none,g711-8k,g711-8k,SEVENTEEN SEVENTEEN,na,na,2078,16000,2.135,test,na
2078-142845-0001_pitch_resample-8k,data/attacks/resample-8k/2078-142845-0001_pitch.wav,fake,attack,none,resample-8k,8k-roundtrip,SEVENTEEN SEVENTEEN,na,na,2078,16000,2.135,test,na
2078-142845-0001_pitch_awgn-snr5,data/attacks/awgn-snr5/2078-142845-0001_pitch.wav,fake,attack,none,awgn-snr5,snr5,SEVENTEEN SEVENTEEN,na,na,2078,16000,2.135,test,na
2078-142845-0001_pitch_awgn-snr10,data/attacks/awgn-snr10/2078-142845-0001_pitch.wav,fake,attack,none,awgn-snr10,snr10,SEVENTEEN SEVENTEEN,na,na,2078,16000,2.135,test,na
2078-142845-0001_pitch_awgn-snr20,data/attacks/awgn-snr20/2078-142845-0001_pitch.wav,fake,attack,none,awgn-snr20,snr20,SEVENTEEN SEVENTEEN,na,na,2078,16000,2.135,test,na
2078-142845-0001_pitch_bandpass-300-3400,data/attacks/bandpass-300-3400/2078-142845-0001_pitch.wav,fake,attack,none,bandpass-300-3400,bandpass300-3400,SEVENTEEN SEVENTEEN,na,na,2078,16000,2.135,test,na
2078-142845-0001_pitch_reverb-rt60-0.2,data/attacks/reverb-rt60-0.2/2078-142845-0001_pitch.wav,fake,attack,none,reverb-rt60-0.2,rt60-0.2,SEVENTEEN SEVENTEEN,na,na,2078,16000,2.135,test,na
2078-142845-0001_pitch_reverb-rt60-0.4,data/attacks/reverb-rt60-0.4/2078-142845-0001_pitch.wav,fake,attack,none,reverb-rt60-0.4,rt60-0.4,SEVENTEEN SEVENTEEN,na,na,2078,16000,2.135,test,na
2078-142845-0001_pitch_reverb-rt60-0.8,data/attacks/reverb-rt60-0.8/2078-142845-0001_pitch.wav,fake,attack,none,reverb-rt60-0.8,rt60-0.8,SEVENTEEN SEVENTEEN,na,na,2078,16000,2.135,test,na
2078-142845-0001_pitch_speed0.9,data/attacks/speed0.9/2078-142845-0001_pitch.wav,fake,attack,none,speed0.9,speed0.9,SEVENTEEN SEVENTEEN,na,na,2078,16000,2.372,test,na
2078-142845-0001_pitch_speed1.1,data/attacks/speed1.1/2078-142845-0001_pitch.wav,fake,attack,none,speed1.1,speed1.1,SEVENTEEN SEVENTEEN,na,na,2078,16000,1.941,test,na
2078-142845-0002_formant_mp3-128k,data/attacks/mp3-128k/2078-142845-0002_formant.wav,fake,attack,none,mp3-128k,mp3-128k,TO MAKE GOOD HOME MADE BREAD,na,na,2078,16000,2.915,test,na
2078-142845-0002_formant_mp3-64k,data/attacks/mp3-64k/2078-142845-0002_formant.wav,fake,attack,none,mp3-64k,mp3-64k,TO MAKE GOOD HOME MADE BREAD,na,na,2078,16000,2.915,test,na
2078-142845-0002_formant_opus-32k,data/attacks/opus-32k/2078-142845-0002_formant.wav,fake,attack,none,opus-32k,opus-32k,TO MAKE GOOD HOME MADE BREAD,na,na,2078,16000,2.915,test,na
2078-142845-0002_formant_g711-8k,data/attacks/g711-8k/2078-142845-0002_formant.wav,fake,attack,none,g711-8k,g711-8k,TO MAKE GOOD HOME MADE BREAD,na,na,2078,16000,2.915,test,na
2078-142845-0002_formant_resample-8k,data/attacks/resample-8k/2078-142845-0002_formant.wav,fake,attack,none,resample-8k,8k-roundtrip,TO MAKE GOOD HOME MADE BREAD,na,na,2078,16000,2.915,test,na
2078-142845-0002_formant_awgn-snr5,data/attacks/awgn-snr5/2078-142845-0002_formant.wav,fake,attack,none,awgn-snr5,snr5,TO MAKE GOOD HOME MADE BREAD,na,na,2078,16000,2.915,test,na
2078-142845-0002_formant_awgn-snr10,data/attacks/awgn-snr10/2078-142845-0002_formant.wav,fake,attack,none,awgn-snr10,snr10,TO MAKE GOOD HOME MADE BREAD,na,na,2078,16000,2.915,test,na
2078-142845-0002_formant_awgn-snr20,data/attacks/awgn-snr20/2078-142845-0002_formant.wav,fake,attack,none,awgn-snr20,snr20,TO MAKE GOOD HOME MADE BREAD,na,na,2078,16000,2.915,test,na
2078-142845-0002_formant_bandpass-300-3400,data/attacks/bandpass-300-3400/2078-142845-0002_formant.wav,fake,attack,none,bandpass-300-3400,bandpass300-3400,TO MAKE GOOD HOME MADE BREAD,na,na,2078,16000,2.915,test,na
2078-142845-0002_formant_reverb-rt60-0.2,data/attacks/reverb-rt60-0.2/2078-142845-0002_formant.wav,fake,attack,none,reverb-rt60-0.2,rt60-0.2,TO MAKE GOOD HOME MADE BREAD,na,na,2078,16000,2.915,test,na
2078-142845-0002_formant_reverb-rt60-0.4,data/attacks/reverb-rt60-0.4/2078-142845-0002_formant.wav,fake,attack,none,reverb-rt60-0.4,rt60-0.4,TO MAKE GOOD HOME MADE BREAD,na,na,2078,16000,2.915,test,na
2078-142845-0002_formant_reverb-rt60-0.8,data/attacks/reverb-rt60-0.8/2078-142845-0002_formant.wav,fake,attack,none,reverb-rt60-0.8,rt60-0.8,TO MAKE GOOD HOME MADE BREAD,na,na,2078,16000,2.915,test,na
2078-142845-0002_formant_speed0.9,data/attacks/speed0.9/2078-142845-0002_formant.wav,fake,attack,none,speed0.9,speed0.9,TO MAKE GOOD HOME MADE BREAD,na,na,2078,16000,3.239,test,na
2078-142845-0002_formant_speed1.1,data/attacks/speed1.1/2078-142845-0002_formant.wav,fake,attack,none,speed1.1,speed1.1,TO MAKE GOOD HOME MADE BREAD,na,na,2078,16000,2.65,test,na
2078-142845-0002_melvoc_mp3-128k,data/attacks/mp3-128k/2078-142845-0002_melvoc.wav,fake,attack,none,mp3-128k,mp3-128k,TO MAKE GOOD HOME MADE BREAD,na,na,2078,16000,2.912,test,na
2078-142845-0002_melvoc_mp3-64k,data/attacks/mp3-64k/2078-142845-0002_melvoc.wav,fake,attack,none,mp3-64k,mp3-64k,TO MAKE GOOD HOME MADE BREAD,na,na,2078,16000,2.912,test,na
2078-142845-0002_melvoc_opus-32k,data/attacks/opus-32k/2078-142845-0002_melvoc.wav,fake,attack,none,opus-32k,opus-32k,TO MAKE GOOD HOME MADE BREAD,na,na,2078,16000,2.912,test,na
2078-142845-0002_melvoc_g711-8k,data/attacks/g711-8k/2078-142845-0002_melvoc.wav,fake,attack,none,g711-8k,g711-8k,TO MAKE GOOD HOME MADE BREAD,na,na,2078,16000,2.912,test,na
2078-142845-0002_melvoc_resample-8k,data/attacks/resample-8k/2078-142845-0002_melvoc.wav,fake,attack,none,resample-8k,8k-roundtrip,TO MAKE GOOD HOME MADE BREAD,na,na,2078,16000,2.912,test,na
2078-142845-0002_melvoc_awgn-snr5,data/attacks/awgn-snr5/2078-142845-0002_melvoc.wav,fake,attack,none,awgn-snr5,snr5,TO MAKE GOOD HOME MADE BREAD,na,na,2078,16000,2.912,test,na
2078-142845-0002_melvoc_awgn-snr10,data/attacks/awgn-snr10/2078-142845-0002_melvoc.wav,fake,attack,none,awgn-snr10,snr10,TO MAKE GOOD HOME MADE BREAD,na,na,2078,16000,2.912,test,na
2078-142845-0002_melvoc_awgn-snr20,data/attacks/awgn-snr20/2078-142845-0002_melvoc.wav,fake,attack,none,awgn-snr20,snr20,TO MAKE GOOD HOME MADE BREAD,na,na,2078,16000,2.912,test,na
2078-142845-0002_melvoc_bandpass-300-3400,data/attacks/bandpass-300-3400/2078-142845-0002_melvoc.wav,fake,attack,none,bandpass-300-3400,bandpass300-3400,TO MAKE GOOD HOME MADE BREAD,na,na,2078,16000,2.912,test,na
2078-142845-0002_melvoc_reverb-rt60-0.2,data/attacks/reverb-rt60-0.2/2078-142845-0002_melvoc.wav,fake,attack,none,reverb-rt60-0.2,rt60-0.2,TO MAKE GOOD HOME MADE BREAD,na,na,2078,16000,2.912,test,na
2078-142845-0002_melvoc_reverb-rt60-0.4,data/attacks/reverb-rt60-0.4/2078-142845-0002_melvoc.wav,fake,attack,none,reverb-rt60-0.4,rt60-0.4,TO MAKE GOOD HOME MADE BREAD,na,na,2078,16000,2.912,test,na
2078-142845-0002_melvoc_reverb-rt60-0.8,data/attacks/reverb-rt60-0.8/2078-142845-0002_melvoc.wav,fake,attack,none,reverb-rt60-0.8,rt60-0.8,TO MAKE GOOD HOME MADE BREAD,na,na,2078,16000,2.912,test,na
2078-142845-0002_melvoc_speed0.9,data/attacks/speed0.9/2078-142845-0002_melvoc.wav,fake,attack,none,speed0.9,speed0.9,TO MAKE GOOD HOME MADE BREAD,na,na,2078,16000,3.236,test,na
2078-142845-0002_melvoc_speed1.1,data/attacks/speed1.1/2078-142845-0002_melvoc.wav,fake,attack,none,speed1.1,speed1.1,TO MAKE GOOD HOME MADE BREAD,na,na,2078,16000,2.647,test,na
2078-142845-0002_pitch_mp3-128k,data/attacks/mp3-128k/2078-142845-0002_pitch.wav,fake,attack,none,mp3-128k,mp3-128k,TO MAKE GOOD HOME MADE BREAD,na,na,2078,16000,2.915,test,na
2078-142845-0002_pitch_mp3-64k,data/attacks/mp3-64k/2078-142845-0002_pitch.wav,fake,attack,none,mp3-64k,mp3-64k,TO MAKE GOOD HOME MADE BREAD,na,na,2078,16000,2.915,test,na
2078-142845-0002_pitch_opus-32k,data/attacks/opus-32k/2078-142845-0002_pitch.wav,fake,attack,none,opus-32k,opus-32k,TO MAKE GOOD HOME MADE BREAD,na,na,2078,16000,2.915,test,na
2078-142845-0002_pitch_g711-8k,data/attacks/g711-8k/2078-142845-0002_pitch.wav,fake,attack,none,g711-8k,g711-8k,TO MAKE GOOD HOME MADE BREAD,na,na,2078,16000,2.915,test,na
2078-142845-0002_pitch_resample-8k,data/attacks/resample-8k/2078-142845-0002_pitch.wav,fake,attack,none,resample-8k,8k-roundtrip,TO MAKE GOOD HOME MADE BREAD,na,na,2078,16000,2.915,test,na
2078-142845-0002_pitch_awgn-snr5,data/attacks/awgn-snr5/2078-142845-0002_pitch.wav,fake,attack,none,awgn-snr5,snr5,TO MAKE GOOD HOME MADE BREAD,na,na,2078,16000,2.915,test,na
2078-142845-0002_pitch_awgn-snr10,data/attacks/awgn-snr10/2078-142845-0002_pitch.wav,fake,attack,none,awgn-snr10,snr10,TO MAKE GOOD HOME MADE BREAD,na,na,2078,16000,2.915,test,na
2078-142845-0002_pitch_awgn-snr20,data/attacks/awgn-snr20/2078-142845-0002_pitch.wav,fake,attack,none,awgn-snr20,snr20,TO MAKE GOOD HOME MADE BREAD,na,na,2078,16000,2.915,test,na
2078-142845-0002_pitch_bandpass-300-3400,data/attacks/bandpass-300-3400/2078-142845-0002_pitch.wav,fake,attack,none,bandpass-300-3400,bandpass300-3400,TO MAKE GOOD HOME MADE BREAD,na,na,2078,16000,2.915,test,na
2078-142845-0002_pitch_reverb-rt60-0.2,data/attacks/reverb-rt60-0.2/2078-142845-0002_pitch.wav,fake,attack,none,reverb-rt60-0.2,rt60-0.2,TO MAKE GOOD HOME MADE BREAD,na,na,2078,16000,2.915,test,na
2078-142845-0002_pitch_reverb-rt60-0.4,data/attacks/reverb-rt60-0.4/2078-142845-0002_pitch.wav,fake,attack,none,reverb-rt60-0.4,rt60-0.4,TO MAKE GOOD HOME MADE BREAD,na,na,2078,16000,2.915,test,na
2078-142845-0002_pitch_reverb-rt60-0.8,data/attacks/reverb-rt60-0.8/2078-142845-0002_pitch.wav,fake,attack,none,reverb-rt60-0.8,rt60-0.8,TO MAKE GOOD HOME MADE BREAD,na,na,2078,16000,2.915,test,na
2078-142845-0002_pitch_speed0.9,data/attacks/speed0.9/2078-142845-0002_pitch.wav,fake,attack,none,speed0.9,speed0.9,TO MAKE GOOD HOME MADE BREAD,na,na,2078,16000,3.239,test,na
2078-142845-0002_pitch_speed1.1,data/attacks/speed1.1/2078-142845-0002_pitch.wav,fake,attack,none,speed1.1,speed1.1,TO MAKE GOOD HOME MADE BREAD,na,na,2078,16000,2.65,test,na
2078-142845-0003_formant_mp3-128k,data/attacks/mp3-128k/2078-142845-0003_formant.wav,fake,attack,none,mp3-128k,mp3-128k,SEVENTEEN EIGHTEEN,na,na,2078,16000,2.075,test,na
2078-142845-0003_formant_mp3-64k,data/attacks/mp3-64k/2078-142845-0003_formant.wav,fake,attack,none,mp3-64k,mp3-64k,SEVENTEEN EIGHTEEN,na,na,2078,16000,2.075,test,na
2078-142845-0003_formant_opus-32k,data/attacks/opus-32k/2078-142845-0003_formant.wav,fake,attack,none,opus-32k,opus-32k,SEVENTEEN EIGHTEEN,na,na,2078,16000,2.075,test,na
2078-142845-0003_formant_g711-8k,data/attacks/g711-8k/2078-142845-0003_formant.wav,fake,attack,none,g711-8k,g711-8k,SEVENTEEN EIGHTEEN,na,na,2078,16000,2.075,test,na
2078-142845-0003_formant_resample-8k,data/attacks/resample-8k/2078-142845-0003_formant.wav,fake,attack,none,resample-8k,8k-roundtrip,SEVENTEEN EIGHTEEN,na,na,2078,16000,2.075,test,na
2078-142845-0003_formant_awgn-snr5,data/attacks/awgn-snr5/2078-142845-0003_formant.wav,fake,attack,none,awgn-snr5,snr5,SEVENTEEN EIGHTEEN,na,na,2078,16000,2.075,test,na
2078-142845-0003_formant_awgn-snr10,data/attacks/awgn-snr10/2078-142845-0003_formant.wav,fake,attack,none,awgn-snr10,snr10,SEVENTEEN EIGHTEEN,na,na,2078,16000,2.075,test,na
2078-142845-0003_formant_awgn-snr20,data/attacks/awgn-snr20/2078-142845-0003_formant.wav,fake,attack,none,awgn-snr20,snr20,SEVENTEEN EIGHTEEN,na,na,2078,16000,2.075,test,na
2078-142845-0003_formant_bandpass-300-3400,data/attacks/bandpass-300-3400/2078-142845-0003_formant.wav,fake,attack,none,bandpass-300-3400,bandpass300-3400,SEVENTEEN EIGHTEEN,na,na,2078,16000,2.075,test,na
2078-142845-0003_formant_reverb-rt60-0.2,data/attacks/reverb-rt60-0.2/2078-142845-0003_formant.wav,fake,attack,none,reverb-rt60-0.2,rt60-0.2,SEVENTEEN EIGHTEEN,na,na,2078,16000,2.075,test,na
2078-142845-0003_formant_reverb-rt60-0.4,data/attacks/reverb-rt60-0.4/2078-142845-0003_formant.wav,fake,attack,none,reverb-rt60-0.4,rt60-0.4,SEVENTEEN EIGHTEEN,na,na,2078,16000,2.075,test,na
2078-142845-0003_formant_reverb-rt60-0.8,data/attacks/reverb-rt60-0.8/2078-142845-0003_formant.wav,fake,attack,none,reverb-rt60-0.8,rt60-0.8,SEVENTEEN EIGHTEEN,na,na,2078,16000,2.075,test,na
2078-142845-0003_formant_speed0.9,data/attacks/speed0.9/2078-142845-0003_formant.wav,fake,attack,none,speed0.9,speed0.9,SEVENTEEN EIGHTEEN,na,na,2078,16000,2.306,test,na
2078-142845-0003_formant_speed1.1,data/attacks/speed1.1/2078-142845-0003_formant.wav,fake,attack,none,speed1.1,speed1.1,SEVENTEEN EIGHTEEN,na,na,2078,16000,1.886,test,na
2078-142845-0003_melvoc_mp3-128k,data/attacks/mp3-128k/2078-142845-0003_melvoc.wav,fake,attack,none,mp3-128k,mp3-128k,SEVENTEEN EIGHTEEN,na,na,2078,16000,2.072,test,na
2078-142845-0003_melvoc_mp3-64k,data/attacks/mp3-64k/2078-142845-0003_melvoc.wav,fake,attack,none,mp3-64k,mp3-64k,SEVENTEEN EIGHTEEN,na,na,2078,16000,2.072,test,na
2078-142845-0003_melvoc_opus-32k,data/attacks/opus-32k/2078-142845-0003_melvoc.wav,fake,attack,none,opus-32k,opus-32k,SEVENTEEN EIGHTEEN,na,na,2078,16000,2.072,test,na
2078-142845-0003_melvoc_g711-8k,data/attacks/g711-8k/2078-142845-0003_melvoc.wav,fake,attack,none,g711-8k,g711-8k,SEVENTEEN EIGHTEEN,na,na,2078,16000,2.072,test,na
2078-142845-0003_melvoc_resample-8k,data/attacks/resample-8k/2078-142845-0003_melvoc.wav,fake,attack,none,resample-8k,8k-roundtrip,SEVENTEEN EIGHTEEN,na,na,2078,16000,2.072,test,na
2078-142845-0003_melvoc_awgn-snr5,data/attacks/awgn-snr5/2078-142845-0003_melvoc.wav,fake,attack,none,awgn-snr5,snr5,SEVENTEEN EIGHTEEN,na,na,2078,16000,2.072,test,na
2078-142845-0003_melvoc_awgn-snr10,data/attacks/awgn-snr10/2078-142845-0003_melvoc.wav,fake,attack,none,awgn-snr10,snr10,SEVENTEEN EIGHTEEN,na,na,2078,16000,2.072,test,na
2078-142845-0003_melvoc_awgn-snr20,data/attacks/awgn-snr20/2078-142845-0003_melvoc.wav,fake,attack,none,awgn-snr20,snr20,SEVENTEEN EIGHTEEN,na,na,2078,16000,2.072,test,na
2078-142845-0003_melvoc_bandpass-300-3400,data/attacks/bandpass-300-3400/2078-142845-0003_melvoc.wav,fake,attack,none,bandpass-300-3400,bandpass300-3400,SEVENTEEN EIGHTEEN,na,na,2078,16000,2.072,test,na
2078-142845-0003_melvoc_reverb-rt60-0.2,data/attacks/reverb-rt60-0.2/2078-142845-0003_melvoc.wav,fake,attack,none,reverb-rt60-0.2,rt60-0.2,SEVENTEEN EIGHTEEN,na,na,2078,16000,2.072,test,na
2078-142845-0003_melvoc_reverb-rt60-0.4,data/attacks/reverb-rt60-0.4/2078-142845-0003_melvoc.wav,fake,attack,none,reverb-rt60-0.4,rt60-0.4,SEVENTEEN EIGHTEEN,na,na,2078,16000,2.072,test,na
2078-142845-0003_melvoc_reverb-rt60-0.8,data/attacks/reverb-rt60-0.8/2078-142845-0003_melvoc.wav,fake,attack,none,reverb-rt60-0.8,rt60-0.8,SEVENTEEN EIGHTEEN,na,na,2078,16000,2.072,test,na
2078-142845-0003_melvoc_speed0.9,data/attacks/speed0.9/2078-142845-0003_melvoc.wav,fake,attack,none,speed0.9,speed0.9,SEVENTEEN EIGHTEEN,na,na,2078,16000,2.302,test,na
2078-142845-0003_melvoc_speed1.1,data/attacks/speed1.1/2078-142845-0003_melvoc.wav,fake,attack,none,speed1.1,speed1.1,SEVENTEEN EIGHTEEN,na,na,2078,16000,1.884,test,na
2078-142845-0003_pitch_mp3-128k,data/attacks/mp3-128k/2078-142845-0003_pitch.wav,fake,attack,none,mp3-128k,mp3-128k,SEVENTEEN EIGHTEEN,na,na,2078,16000,2.075,test,na
2078-142845-0003_pitch_mp3-64k,data/attacks/mp3-64k/2078-142845-0003_pitch.wav,fake,attack,none,mp3-64k,mp3-64k,SEVENTEEN EIGHTEEN,na,na,2078,16000,2.075,test,na
2078-142845-0003_pitch_opus-32k,data/attacks/opus-32k/2078-142845-0003_pitch.wav,fake,attack,none,opus-32k,opus-32k,SEVENTEEN EIGHTEEN,na,na,2078,16000,2.075,test,na
2078-142845-0003_pitch_g711-8k,data/attacks/g711-8k/2078-142845-0003_pitch.wav,fake,attack,none,g711-8k,g711-8k,SEVENTEEN EIGHTEEN,na,na,2078,16000,2.075,test,na
2078-142845-0003_pitch_resample-8k,data/attacks/resample-8k/2078-142845-0003_pitch.wav,fake,attack,none,resample-8k,8k-roundtrip,SEVENTEEN EIGHTEEN,na,na,2078,16000,2.075,test,na
2078-142845-0003_pitch_awgn-snr5,data/attacks/awgn-snr5/2078-142845-0003_pitch.wav,fake,attack,none,awgn-snr5,snr5,SEVENTEEN EIGHTEEN,na,na,2078,16000,2.075,test,na
2078-142845-0003_pitch_awgn-snr10,data/attacks/awgn-snr10/2078-142845-0003_pitch.wav,fake,attack,none,awgn-snr10,snr10,SEVENTEEN EIGHTEEN,na,na,2078,16000,2.075,test,na
2078-142845-0003_pitch_awgn-snr20,data/attacks/awgn-snr20/2078-142845-0003_pitch.wav,fake,attack,none,awgn-snr20,snr20,SEVENTEEN EIGHTEEN,na,na,2078,16000,2.075,test,na
2078-142845-0003_pitch_bandpass-300-3400,data/attacks/bandpass-300-3400/2078-142845-0003_pitch.wav,fake,attack,none,bandpass-300-3400,bandpass300-3400,SEVENTEEN EIGHTEEN,na,na,2078,16000,2.075,test,na
2078-142845-0003_pitch_reverb-rt60-0.2,data/attacks/reverb-rt60-0.2/2078-142845-0003_pitch.wav,fake,attack,none,reverb-rt60-0.2,rt60-0.2,SEVENTEEN EIGHTEEN,na,na,2078,16000,2.075,test,na
2078-142845-0003_pitch_reverb-rt60-0.4,data/attacks/reverb-rt60-0.4/2078-142845-0003_pitch.wav,fake,attack,none,reverb-rt60-0.4,rt60-0.4,SEVENTEEN EIGHTEEN,na,na,2078,16000,2.075,test,na
2078-142845-0003_pitch_reverb-rt60-0.8,data/attacks/reverb-rt60-0.8/2078-142845-0003_pitch.wav,fake,attack,none,reverb-rt60-0.8,rt60-0.8,SEVENTEEN EIGHTEEN,na,na,2078,16000,2.075,test,na
2078-142845-0003_pitch_speed0.9,data/attacks/speed0.9/2078-142845-0003_pitch.wav,fake,attack,none,speed0.9,speed0.9,SEVENTEEN EIGHTEEN,na,na,2078,16000,2.306,test,na
2078-142845-0003_pitch_speed1.1,data/attacks/speed1.1/2078-142845-0003_pitch.wav,fake,attack,none,speed1.1,speed1.1,SEVENTEEN EIGHTEEN,na,na,2078,16000,1.886,test,na
2078-142845-0004_formant_mp3-128k,data/attacks/mp3-128k/2078-142845-0004_formant.wav,fake,attack,none,mp3-128k,mp3-128k,MODE PUT THE FLOUR INTO A LARGE EARTHENWARE BOWL OR DEEP PAN THEN WITH A STRONG METAL OR WOODEN SPOON HOLLOW OUT THE MIDDLE BUT DO NOT CLEAR IT ENTIRELY AWAY FROM THE BOTTOM OF THE PAN AS IN THAT CASE THE SPONGE OR LEAVEN AS IT WAS FORMERLY TERMED WOULD STICK TO IT WHICH IT OUGHT NOT TO DO,na,na,2078,16000,23.175,test,na
2078-142845-0004_formant_mp3-64k,data/attacks/mp3-64k/2078-142845-0004_formant.wav,fake,attack,none,mp3-64k,mp3-64k,MODE PUT THE FLOUR INTO A LARGE EARTHENWARE BOWL OR DEEP PAN THEN WITH A STRONG METAL OR WOODEN SPOON HOLLOW OUT THE MIDDLE BUT DO NOT CLEAR IT ENTIRELY AWAY FROM THE BOTTOM OF THE PAN AS IN THAT CASE THE SPONGE OR LEAVEN AS IT WAS FORMERLY TERMED WOULD STICK TO IT WHICH IT OUGHT NOT TO DO,na,na,2078,16000,23.175,test,na
2078-142845-0004_formant_opus-32k,data/attacks/opus-32k/2078-142845-0004_formant.wav,fake,attack,none,opus-32k,opus-32k,MODE PUT THE FLOUR INTO A LARGE EARTHENWARE BOWL OR DEEP PAN THEN WITH A STRONG METAL OR WOODEN SPOON HOLLOW OUT THE MIDDLE BUT DO NOT CLEAR IT ENTIRELY AWAY FROM THE BOTTOM OF THE PAN AS IN THAT CASE THE SPONGE OR LEAVEN AS IT WAS FORMERLY TERMED WOULD STICK TO IT WHICH IT OUGHT NOT TO DO,na,na,2078,16000,23.175,test,na
2078-142845-0004_formant_g711-8k,data/attacks/g711-8k/2078-142845-0004_formant.wav,fake,attack,none,g711-8k,g711-8k,MODE PUT THE FLOUR INTO A LARGE EARTHENWARE BOWL OR DEEP PAN THEN WITH A STRONG METAL OR WOODEN SPOON HOLLOW OUT THE MIDDLE BUT DO NOT CLEAR IT ENTIRELY AWAY FROM THE BOTTOM OF THE PAN AS IN THAT CASE THE SPONGE OR LEAVEN AS IT WAS FORMERLY TERMED WOULD STICK TO IT WHICH IT OUGHT NOT TO DO,na,na,2078,16000,23.175,test,na
2078-142845-0004_formant_resample-8k,data/attacks/resample-8k/2078-142845-0004_formant.wav,fake,attack,none,resample-8k,8k-roundtrip,MODE PUT THE FLOUR INTO A LARGE EARTHENWARE BOWL OR DEEP PAN THEN WITH A STRONG METAL OR WOODEN SPOON HOLLOW OUT THE MIDDLE BUT DO NOT CLEAR IT ENTIRELY AWAY FROM THE BOTTOM OF THE PAN AS IN THAT CASE THE SPONGE OR LEAVEN AS IT WAS FORMERLY TERMED WOULD STICK TO IT WHICH IT OUGHT NOT TO DO,na,na,2078,16000,23.175,test,na
2078-142845-0004_formant_awgn-snr5,data/attacks/awgn-snr5/2078-142845-0004_formant.wav,fake,attack,none,awgn-snr5,snr5,MODE PUT THE FLOUR INTO A LARGE EARTHENWARE BOWL OR DEEP PAN THEN WITH A STRONG METAL OR WOODEN SPOON HOLLOW OUT THE MIDDLE BUT DO NOT CLEAR IT ENTIRELY AWAY FROM THE BOTTOM OF THE PAN AS IN THAT CASE THE SPONGE OR LEAVEN AS IT WAS FORMERLY TERMED WOULD STICK TO IT WHICH IT OUGHT NOT TO DO,na,na,2078,16000,23.175,test,na
2078-142845-0004_formant_awgn-snr10,data/attacks/awgn-snr10/2078-142845-0004_formant.wav,fake,attack,none,awgn-snr10,snr10,MODE PUT THE FLOUR INTO A LARGE EARTHENWARE BOWL OR DEEP PAN THEN WITH A STRONG METAL OR WOODEN SPOON HOLLOW OUT THE MIDDLE BUT DO NOT CLEAR IT ENTIRELY AWAY FROM THE BOTTOM OF THE PAN AS IN THAT CASE THE SPONGE OR LEAVEN AS IT WAS FORMERLY TERMED WOULD STICK TO IT WHICH IT OUGHT NOT TO DO,na,na,2078,16000,23.175,test,na
2078-142845-0004_formant_awgn-snr20,data/attacks/awgn-snr20/2078-142845-0004_formant.wav,fake,attack,none,awgn-snr20,snr20,MODE PUT THE FLOUR INTO A LARGE EARTHENWARE BOWL OR DEEP PAN THEN WITH A STRONG METAL OR WOODEN SPOON HOLLOW OUT THE MIDDLE BUT DO NOT CLEAR IT ENTIRELY AWAY FROM THE BOTTOM OF THE PAN AS IN THAT CASE THE SPONGE OR LEAVEN AS IT WAS FORMERLY TERMED WOULD STICK TO IT WHICH IT OUGHT NOT TO DO,na,na,2078,16000,23.175,test,na
2078-142845-0004_formant_bandpass-300-3400,data/attacks/bandpass-300-3400/2078-142845-0004_formant.wav,fake,attack,none,bandpass-300-3400,bandpass300-3400,MODE PUT THE FLOUR INTO A LARGE EARTHENWARE BOWL OR DEEP PAN THEN WITH A STRONG METAL OR WOODEN SPOON HOLLOW OUT THE MIDDLE BUT DO NOT CLEAR IT ENTIRELY AWAY FROM THE BOTTOM OF THE PAN AS IN THAT CASE THE SPONGE OR LEAVEN AS IT WAS FORMERLY TERMED WOULD STICK TO IT WHICH IT OUGHT NOT TO DO,na,na,2078,16000,23.175,test,na
2078-142845-0004_formant_reverb-rt60-0.2,data/attacks/reverb-rt60-0.2/2078-142845-0004_formant.wav,fake,attack,none,reverb-rt60-0.2,rt60-0.2,MODE PUT THE FLOUR INTO A LARGE EARTHENWARE BOWL OR DEEP PAN THEN WITH A STRONG METAL OR WOODEN SPOON HOLLOW OUT THE MIDDLE BUT DO NOT CLEAR IT ENTIRELY AWAY FROM THE BOTTOM OF THE PAN AS IN THAT CASE THE SPONGE OR LEAVEN AS IT WAS FORMERLY TERMED WOULD STICK TO IT WHICH IT OUGHT NOT TO DO,na,na,2078,16000,23.175,test,na
2078-142845-0004_formant_reverb-rt60-0.4,data/attacks/reverb-rt60-0.4/2078-142845-0004_formant.wav,fake,attack,none,reverb-rt60-0.4,rt60-0.4,MODE PUT THE FLOUR INTO A LARGE EARTHENWARE BOWL OR DEEP PAN THEN WITH A STRONG METAL OR WOODEN SPOON HOLLOW OUT THE MIDDLE BUT DO NOT CLEAR IT ENTIRELY AWAY FROM THE BOTTOM OF THE PAN AS IN THAT CASE THE SPONGE OR LEAVEN AS IT WAS FORMERLY TERMED WOULD STICK TO IT WHICH IT OUGHT NOT TO DO,na,na,2078,16000,23.175,test,na
2078-142845-0004_formant_reverb-rt60-0.8,data/attacks/reverb-rt60-0.8/2078-142845-0004_formant.wav,fake,attack,none,reverb-rt60-0.8,rt60-0.8,MODE PUT THE FLOUR INTO A LARGE EARTHENWARE BOWL OR DEEP PAN THEN WITH A STRONG METAL OR WOODEN SPOON HOLLOW OUT THE MIDDLE BUT DO NOT CLEAR IT ENTIRELY AWAY FROM THE BOTTOM OF THE PAN AS IN THAT CASE THE SPONGE OR LEAVEN AS IT WAS FORMERLY TERMED WOULD STICK TO IT WHICH IT OUGHT NOT TO DO,na,na,2078,16000,23.175,test,na
2078-142845-0004_formant_speed0.9,data/attacks/speed0.9/2078-142845-0004_formant.wav,fake,attack,none,speed0.9,speed0.9,MODE PUT THE FLOUR INTO A LARGE EARTHENWARE BOWL OR DEEP PAN THEN WITH A STRONG METAL OR WOODEN SPOON HOLLOW OUT THE MIDDLE BUT DO NOT CLEAR IT ENTIRELY AWAY FROM THE BOTTOM OF THE PAN AS IN THAT CASE THE SPONGE OR LEAVEN AS IT WAS FORMERLY TERMED WOULD STICK TO IT WHICH IT OUGHT NOT TO DO,na,na,2078,16000,25.75,test,na
2078-142845-0004_formant_speed1.1,data/attacks/speed1.1/2078-142845-0004_formant.wav,fake,attack,none,speed1.1,speed1.1,MODE PUT THE FLOUR INTO A LARGE EARTHENWARE BOWL OR DEEP PAN THEN WITH A STRONG METAL OR WOODEN SPOON HOLLOW OUT THE MIDDLE BUT DO NOT CLEAR IT ENTIRELY AWAY FROM THE BOTTOM OF THE PAN AS IN THAT CASE THE SPONGE OR LEAVEN AS IT WAS FORMERLY TERMED WOULD STICK TO IT WHICH IT OUGHT NOT TO DO,na,na,2078,16000,21.068,test,na
2078-142845-0004_melvoc_mp3-128k,data/attacks/mp3-128k/2078-142845-0004_melvoc.wav,fake,attack,none,mp3-128k,mp3-128k,MODE PUT THE FLOUR INTO A LARGE EARTHENWARE BOWL OR DEEP PAN THEN WITH A STRONG METAL OR WOODEN SPOON HOLLOW OUT THE MIDDLE BUT DO NOT CLEAR IT ENTIRELY AWAY FROM THE BOTTOM OF THE PAN AS IN THAT CASE THE SPONGE OR LEAVEN AS IT WAS FORMERLY TERMED WOULD STICK TO IT WHICH IT OUGHT NOT TO DO,na,na,2078,16000,23.168,test,na
2078-142845-0004_melvoc_mp3-64k,data/attacks/mp3-64k/2078-142845-0004_melvoc.wav,fake,attack,none,mp3-64k,mp3-64k,MODE PUT THE FLOUR INTO A LARGE EARTHENWARE BOWL OR DEEP PAN THEN WITH A STRONG METAL OR WOODEN SPOON HOLLOW OUT THE MIDDLE BUT DO NOT CLEAR IT ENTIRELY AWAY FROM THE BOTTOM OF THE PAN AS IN THAT CASE THE SPONGE OR LEAVEN AS IT WAS FORMERLY TERMED WOULD STICK TO IT WHICH IT OUGHT NOT TO DO,na,na,2078,16000,23.168,test,na
2078-142845-0004_melvoc_opus-32k,data/attacks/opus-32k/2078-142845-0004_melvoc.wav,fake,attack,none,opus-32k,opus-32k,MODE PUT THE FLOUR INTO A LARGE EARTHENWARE BOWL OR DEEP PAN THEN WITH A STRONG METAL OR WOODEN SPOON HOLLOW OUT THE MIDDLE BUT DO NOT CLEAR IT ENTIRELY AWAY FROM THE BOTTOM OF THE PAN AS IN THAT CASE THE SPONGE OR LEAVEN AS IT WAS FORMERLY TERMED WOULD STICK TO IT WHICH IT OUGHT NOT TO DO,na,na,2078,16000,23.168,test,na
2078-142845-0004_melvoc_g711-8k,data/attacks/g711-8k/2078-142845-0004_melvoc.wav,fake,attack,none,g711-8k,g711-8k,MODE PUT THE FLOUR INTO A LARGE EARTHENWARE BOWL OR DEEP PAN THEN WITH A STRONG METAL OR WOODEN SPOON HOLLOW OUT THE MIDDLE BUT DO NOT CLEAR IT ENTIRELY AWAY FROM THE BOTTOM OF THE PAN AS IN THAT CASE THE SPONGE OR LEAVEN AS IT WAS FORMERLY TERMED WOULD STICK TO IT WHICH IT OUGHT NOT TO DO,na,na,2078,16000,23.168,test,na
2078-142845-0004_melvoc_resample-8k,data/attacks/resample-8k/2078-142845-0004_melvoc.wav,fake,attack,none,resample-8k,8k-roundtrip,MODE PUT THE FLOUR INTO A LARGE EARTHENWARE BOWL OR DEEP PAN THEN WITH A STRONG METAL OR WOODEN SPOON HOLLOW OUT THE MIDDLE BUT DO NOT CLEAR IT ENTIRELY AWAY FROM THE BOTTOM OF THE PAN AS IN THAT CASE THE SPONGE OR LEAVEN AS IT WAS FORMERLY TERMED WOULD STICK TO IT WHICH IT OUGHT NOT TO DO,na,na,2078,16000,23.168,test,na
2078-142845-0004_melvoc_awgn-snr5,data/attacks/awgn-snr5/2078-142845-0004_melvoc.wav,fake,attack,none,awgn-snr5,snr5,MODE PUT THE FLOUR INTO A LARGE EARTHENWARE BOWL OR DEEP PAN THEN WITH A STRONG METAL OR WOODEN SPOON HOLLOW OUT THE MIDDLE BUT DO NOT CLEAR IT ENTIRELY AWAY FROM THE BOTTOM OF THE PAN AS IN THAT CASE THE SPONGE OR LEAVEN AS IT WAS FORMERLY TERMED WOULD STICK TO IT WHICH IT OUGHT NOT TO DO,na,na,2078,16000,23.168,test,na
2078-142845-0004_melvoc_awgn-snr10,data/attacks/awgn-snr10/2078-142845-0004_melvoc.wav,fake,attack,none,awgn-snr10,snr10,MODE PUT THE FLOUR INTO A LARGE EARTHENWARE BOWL OR DEEP PAN THEN WITH A STRONG METAL OR WOODEN SPOON HOLLOW OUT THE MIDDLE BUT DO NOT CLEAR IT ENTIRELY AWAY FROM THE BOTTOM OF THE PAN AS IN THAT CASE THE SPONGE OR LEAVEN AS IT WAS FORMERLY TERMED WOULD STICK TO IT WHICH IT OUGHT NOT TO DO,na,na,2078,16000,23.168,test,na
2078-142845-0004_melvoc_awgn-snr20,data/attacks/awgn-snr20/2078-142845-0004_melvoc.wav,fake,attack,none,awgn-snr20,snr20,MODE PUT THE FLOUR INTO A LARGE EARTHENWARE BOWL OR DEEP PAN THEN WITH A STRONG METAL OR WOODEN SPOON HOLLOW OUT THE MIDDLE BUT DO NOT CLEAR IT ENTIRELY AWAY FROM THE BOTTOM OF THE PAN AS IN THAT CASE THE SPONGE OR LEAVEN AS IT WAS FORMERLY TERMED WOULD STICK TO IT WHICH IT OUGHT NOT TO DO,na,na,2078,16000,23.168,test,na
2078-142845-0004_melvoc_bandpass-300-3400,data/attacks/bandpass-300-3400/2078-142845-0004_melvoc.wav,fake,attack,none,bandpass-300-3400,bandpass300-3400,MODE PUT THE FLOUR INTO A LARGE EARTHENWARE BOWL OR DEEP PAN THEN WITH A STRONG METAL OR WOODEN SPOON HOLLOW OUT THE MIDDLE BUT DO NOT CLEAR IT ENTIRELY AWAY FROM THE BOTTOM OF THE PAN AS IN THAT CASE THE SPONGE OR LEAVEN AS IT WAS FORMERLY TERMED WOULD STICK TO IT WHICH IT OUGHT NOT TO DO,na,na,2078,16000,23.168,test,na
2078-142845-0004_melvoc_reverb-rt60-0.2,data/attacks/reverb-rt60-0.2/2078-142845-0004_melvoc.wav,fake,attack,none,reverb-rt60-0.2,rt60-0.2,MODE PUT THE FLOUR INTO A LARGE EARTHENWARE BOWL OR DEEP PAN THEN WITH A STRONG METAL OR WOODEN SPOON HOLLOW OUT THE MIDDLE BUT DO NOT CLEAR IT ENTIRELY AWAY FROM THE BOTTOM OF THE PAN AS IN THAT CASE THE SPONGE OR LEAVEN AS IT WAS FORMERLY TERMED WOULD STICK TO IT WHICH IT OUGHT NOT TO DO,na,na,2078,16000,23.168,test,na
2078-142845-0004_melvoc_reverb-rt60-0.4,data/attacks/reverb-rt60-0.4/2078-142845-0004_melvoc.wav,fake,attack,none,reverb-rt60-0.4,rt60-0.4,MODE PUT THE FLOUR INTO A LARGE EARTHENWARE BOWL OR DEEP PAN THEN WITH A STRONG METAL OR WOODEN SPOON HOLLOW OUT THE MIDDLE BUT DO NOT CLEAR IT ENTIRELY AWAY FROM THE BOTTOM OF THE PAN AS IN THAT CASE THE SPONGE OR LEAVEN AS IT WAS FORMERLY TERMED WOULD STICK TO IT WHICH IT OUGHT NOT TO DO,na,na,2078,16000,23.168,test,na
2078-142845-0004_melvoc_reverb-rt60-0.8,data/attacks/reverb-rt60-0.8/2078-142845-0004_melvoc.wav,fake,attack,none,reverb-rt60-0.8,rt60-0.8,MODE PUT THE FLOUR INTO A LARGE EARTHENWARE BOWL OR DEEP PAN THEN WITH A STRONG METAL OR WOODEN SPOON HOLLOW OUT THE MIDDLE BUT DO NOT CLEAR IT ENTIRELY AWAY FROM THE BOTTOM OF THE PAN AS IN THAT CASE THE SPONGE OR LEAVEN AS IT WAS FORMERLY TERMED WOULD STICK TO IT WHICH IT OUGHT NOT TO DO,na,na,2078,16000,23.168,test,na
2078-142845-0004_melvoc_speed0.9,data/attacks/speed0.9/2078-142845-0004_melvoc.wav,fake,attack,none,speed0.9,speed0.9,MODE PUT THE FLOUR INTO A LARGE EARTHENWARE BOWL OR DEEP PAN THEN WITH A STRONG METAL OR WOODEN SPOON HOLLOW OUT THE MIDDLE BUT DO NOT CLEAR IT ENTIRELY AWAY FROM THE BOTTOM OF THE PAN AS IN THAT CASE THE SPONGE OR LEAVEN AS IT WAS FORMERLY TERMED WOULD STICK TO IT WHICH IT OUGHT NOT TO DO,na,na,2078,16000,25.742,test,na
2078-142845-0004_melvoc_speed1.1,data/attacks/speed1.1/2078-142845-0004_melvoc.wav,fake,attack,none,speed1.1,speed1.1,MODE PUT THE FLOUR INTO A LARGE EARTHENWARE BOWL OR DEEP PAN THEN WITH A STRONG METAL OR WOODEN SPOON HOLLOW OUT THE MIDDLE BUT DO NOT CLEAR IT ENTIRELY AWAY FROM THE BOTTOM OF THE PAN AS IN THAT CASE THE SPONGE OR LEAVEN AS IT WAS FORMERLY TERMED WOULD STICK TO IT WHICH IT OUGHT NOT TO DO,na,na,2078,16000,21.062,test,na
2078-142845-0004_pitch_mp3-128k,data/attacks/mp3-128k/2078-142845-0004_pitch.wav,fake,attack,none,mp3-128k,mp3-128k,MODE PUT THE FLOUR INTO A LARGE EARTHENWARE BOWL OR DEEP PAN THEN WITH A STRONG METAL OR WOODEN SPOON HOLLOW OUT THE MIDDLE BUT DO NOT CLEAR IT ENTIRELY AWAY FROM THE BOTTOM OF THE PAN AS IN THAT CASE THE SPONGE OR LEAVEN AS IT WAS FORMERLY TERMED WOULD STICK TO IT WHICH IT OUGHT NOT TO DO,na,na,2078,16000,23.175,test,na
2078-142845-0004_pitch_mp3-64k,data/attacks/mp3-64k/2078-142845-0004_pitch.wav,fake,attack,none,mp3-64k,mp3-64k,MODE PUT THE FLOUR INTO A LARGE EARTHENWARE BOWL OR DEEP PAN THEN WITH A STRONG METAL OR WOODEN SPOON HOLLOW OUT THE MIDDLE BUT DO NOT CLEAR IT ENTIRELY AWAY FROM THE BOTTOM OF THE PAN AS IN THAT CASE THE SPONGE OR LEAVEN AS IT WAS FORMERLY TERMED WOULD STICK TO IT WHICH IT OUGHT NOT TO DO,na,na,2078,16000,23.175,test,na
2078-142845-0004_pitch_opus-32k,data/attacks/opus-32k/2078-142845-0004_pitch.wav,fake,attack,none,opus-32k,opus-32k,MODE PUT THE FLOUR INTO A LARGE EARTHENWARE BOWL OR DEEP PAN THEN WITH A STRONG METAL OR WOODEN SPOON HOLLOW OUT THE MIDDLE BUT DO NOT CLEAR IT ENTIRELY AWAY FROM THE BOTTOM OF THE PAN AS IN THAT CASE THE SPONGE OR LEAVEN AS IT WAS FORMERLY TERMED WOULD STICK TO IT WHICH IT OUGHT NOT TO DO,na,na,2078,16000,23.175,test,na
2078-142845-0004_pitch_g711-8k,data/attacks/g711-8k/2078-142845-0004_pitch.wav,fake,attack,none,g711-8k,g711-8k,MODE PUT THE FLOUR INTO A LARGE EARTHENWARE BOWL OR DEEP PAN THEN WITH A STRONG METAL OR WOODEN SPOON HOLLOW OUT THE MIDDLE BUT DO NOT CLEAR IT ENTIRELY AWAY FROM THE BOTTOM OF THE PAN AS IN THAT CASE THE SPONGE OR LEAVEN AS IT WAS FORMERLY TERMED WOULD STICK TO IT WHICH IT OUGHT NOT TO DO,na,na,2078,16000,23.175,test,na
2078-142845-0004_pitch_resample-8k,data/attacks/resample-8k/2078-142845-0004_pitch.wav,fake,attack,none,resample-8k,8k-roundtrip,MODE PUT THE FLOUR INTO A LARGE EARTHENWARE BOWL OR DEEP PAN THEN WITH A STRONG METAL OR WOODEN SPOON HOLLOW OUT THE MIDDLE BUT DO NOT CLEAR IT ENTIRELY AWAY FROM THE BOTTOM OF THE PAN AS IN THAT CASE THE SPONGE OR LEAVEN AS IT WAS FORMERLY TERMED WOULD STICK TO IT WHICH IT OUGHT NOT TO DO,na,na,2078,16000,23.175,test,na
2078-142845-0004_pitch_awgn-snr5,data/attacks/awgn-snr5/2078-142845-0004_pitch.wav,fake,attack,none,awgn-snr5,snr5,MODE PUT THE FLOUR INTO A LARGE EARTHENWARE BOWL OR DEEP PAN THEN WITH A STRONG METAL OR WOODEN SPOON HOLLOW OUT THE MIDDLE BUT DO NOT CLEAR IT ENTIRELY AWAY FROM THE BOTTOM OF THE PAN AS IN THAT CASE THE SPONGE OR LEAVEN AS IT WAS FORMERLY TERMED WOULD STICK TO IT WHICH IT OUGHT NOT TO DO,na,na,2078,16000,23.175,test,na
2078-142845-0004_pitch_awgn-snr10,data/attacks/awgn-snr10/2078-142845-0004_pitch.wav,fake,attack,none,awgn-snr10,snr10,MODE PUT THE FLOUR INTO A LARGE EARTHENWARE BOWL OR DEEP PAN THEN WITH A STRONG METAL OR WOODEN SPOON HOLLOW OUT THE MIDDLE BUT DO NOT CLEAR IT ENTIRELY AWAY FROM THE BOTTOM OF THE PAN AS IN THAT CASE THE SPONGE OR LEAVEN AS IT WAS FORMERLY TERMED WOULD STICK TO IT WHICH IT OUGHT NOT TO DO,na,na,2078,16000,23.175,test,na
2078-142845-0004_pitch_awgn-snr20,data/attacks/awgn-snr20/2078-142845-0004_pitch.wav,fake,attack,none,awgn-snr20,snr20,MODE PUT THE FLOUR INTO A LARGE EARTHENWARE BOWL OR DEEP PAN THEN WITH A STRONG METAL OR WOODEN SPOON HOLLOW OUT THE MIDDLE BUT DO NOT CLEAR IT ENTIRELY AWAY FROM THE BOTTOM OF THE PAN AS IN THAT CASE THE SPONGE OR LEAVEN AS IT WAS FORMERLY TERMED WOULD STICK TO IT WHICH IT OUGHT NOT TO DO,na,na,2078,16000,23.175,test,na
2078-142845-0004_pitch_bandpass-300-3400,data/attacks/bandpass-300-3400/2078-142845-0004_pitch.wav,fake,attack,none,bandpass-300-3400,bandpass300-3400,MODE PUT THE FLOUR INTO A LARGE EARTHENWARE BOWL OR DEEP PAN THEN WITH A STRONG METAL OR WOODEN SPOON HOLLOW OUT THE MIDDLE BUT DO NOT CLEAR IT ENTIRELY AWAY FROM THE BOTTOM OF THE PAN AS IN THAT CASE THE SPONGE OR LEAVEN AS IT WAS FORMERLY TERMED WOULD STICK TO IT WHICH IT OUGHT NOT TO DO,na,na,2078,16000,23.175,test,na
2078-142845-0004_pitch_reverb-rt60-0.2,data/attacks/reverb-rt60-0.2/2078-142845-0004_pitch.wav,fake,attack,none,reverb-rt60-0.2,rt60-0.2,MODE PUT THE FLOUR INTO A LARGE EARTHENWARE BOWL OR DEEP PAN THEN WITH A STRONG METAL OR WOODEN SPOON HOLLOW OUT THE MIDDLE BUT DO NOT CLEAR IT ENTIRELY AWAY FROM THE BOTTOM OF THE PAN AS IN THAT CASE THE SPONGE OR LEAVEN AS IT WAS FORMERLY TERMED WOULD STICK TO IT WHICH IT OUGHT NOT TO DO,na,na,2078,16000,23.175,test,na
2078-142845-0004_pitch_reverb-rt60-0.4,data/attacks/reverb-rt60-0.4/2078-142845-0004_pitch.wav,fake,attack,none,reverb-rt60-0.4,rt60-0.4,MODE PUT THE FLOUR INTO A LARGE EARTHENWARE BOWL OR DEEP PAN THEN WITH A STRONG METAL OR WOODEN SPOON HOLLOW OUT THE MIDDLE BUT DO NOT CLEAR IT ENTIRELY AWAY FROM THE BOTTOM OF THE PAN AS IN THAT CASE THE SPONGE OR LEAVEN AS IT WAS FORMERLY TERMED WOULD STICK TO IT WHICH IT OUGHT NOT TO DO,na,na,2078,16000,23.175,test,na
2078-142845-0004_pitch_reverb-rt60-0.8,data/attacks/reverb-rt60-0.8/2078-142845-0004_pitch.wav,fake,attack,none,reverb-rt60-0.8,rt60-0.8,MODE PUT THE FLOUR INTO A LARGE EARTHENWARE BOWL OR DEEP PAN THEN WITH A STRONG METAL OR WOODEN SPOON HOLLOW OUT THE MIDDLE BUT DO NOT CLEAR IT ENTIRELY AWAY FROM THE BOTTOM OF THE PAN AS IN THAT CASE THE SPONGE OR LEAVEN AS IT WAS FORMERLY TERMED WOULD STICK TO IT WHICH IT OUGHT NOT TO DO,na,na,2078,16000,23.175,test,na
2078-142845-0004_pitch_speed0.9,data/attacks/speed0.9/2078-142845-0004_pitch.wav,fake,attack,none,speed0.9,speed0.9,MODE PUT THE FLOUR INTO A LARGE EARTHENWARE BOWL OR DEEP PAN THEN WITH A STRONG METAL OR WOODEN SPOON HOLLOW OUT THE MIDDLE BUT DO NOT CLEAR IT ENTIRELY AWAY FROM THE BOTTOM OF THE PAN AS IN THAT CASE THE SPONGE OR LEAVEN AS IT WAS FORMERLY TERMED WOULD STICK TO IT WHICH IT OUGHT NOT TO DO,na,na,2078,16000,25.75,test,na
2078-142845-0004_pitch_speed1.1,data/attacks/speed1.1/2078-142845-0004_pitch.wav,fake,attack,none,speed1.1,speed1.1,MODE PUT THE FLOUR INTO A LARGE EARTHENWARE BOWL OR DEEP PAN THEN WITH A STRONG METAL OR WOODEN SPOON HOLLOW OUT THE MIDDLE BUT DO NOT CLEAR IT ENTIRELY AWAY FROM THE BOTTOM OF THE PAN AS IN THAT CASE THE SPONGE OR LEAVEN AS IT WAS FORMERLY TERMED WOULD STICK TO IT WHICH IT OUGHT NOT TO DO,na,na,2078,16000,21.068,test,na
2078-142845-0005_formant_mp3-128k,data/attacks/mp3-128k/2078-142845-0005_formant.wav,fake,attack,none,mp3-128k,mp3-128k,NEXT TAKE EITHER A LARGE TABLESPOONFUL OF BREWER'S YEAST WHICH HAS BEEN RENDERED SOLID BY MIXING IT WITH PLENTY OF COLD WATER AND LETTING IT AFTERWARDS STAND TO SETTLE FOR A DAY AND NIGHT OR NEARLY AN OUNCE OF GERMAN YEAST PUT IT INTO A LARGE BASIN AND PROCEED TO MIX IT SO THAT IT SHALL BE AS SMOOTH AS CREAM WITH THREE QUARTERS PINT OF WARM MILK AND WATER OR WITH WATER ONLY THOUGH EVEN A VERY LITTLE MILK WILL MUCH IMPROVE THE BREAD,na,na,2078,16000,31.375,test,na
2078-142845-0005_formant_mp3-64k,data/attacks/mp3-64k/2078-142845-0005_formant.wav,fake,attack,none,mp3-64k,mp3-64k,NEXT TAKE EITHER A LARGE TABLESPOONFUL OF BREWER'S YEAST WHICH HAS BEEN RENDERED SOLID BY MIXING IT WITH PLENTY OF COLD WATER AND LETTING IT AFTERWARDS STAND TO SETTLE FOR A DAY AND NIGHT OR NEARLY AN OUNCE OF GERMAN YEAST PUT IT INTO A LARGE BASIN AND PROCEED TO MIX IT SO THAT IT SHALL BE AS SMOOTH AS CREAM WITH THREE QUARTERS PINT OF WARM MILK AND WATER OR WITH WATER ONLY THOUGH EVEN A VERY LITTLE MILK WILL MUCH IMPROVE THE BREAD,na,na,2078,16000,31.375,test,na
2078-142845-0005_formant_opus-32k,data/attacks/opus-32k/2078-142845-0005_formant.wav,fake,attack,none,opus-32k,opus-32k,NEXT TAKE EITHER A LARGE TABLESPOONFUL OF BREWER'S YEAST WHICH HAS BEEN RENDERED SOLID BY MIXING IT WITH PLENTY OF COLD WATER AND LETTING IT AFTERWARDS STAND TO SETTLE FOR A DAY AND NIGHT OR NEARLY AN OUNCE OF GERMAN YEAST PUT IT INTO A LARGE BASIN AND PROCEED TO MIX IT SO THAT IT SHALL BE AS SMOOTH AS CREAM WITH THREE QUARTERS PINT OF WARM MILK AND WATER OR WITH WATER ONLY THOUGH EVEN A VERY LITTLE MILK WILL MUCH IMPROVE THE BREAD,na,na,2078,16000,31.375,test,na
2078-142845-0005_formant_g711-8k,data/attacks/g711-8k/2078-142845-0005_formant.wav,fake,attack,none,g711-8k,g711-8k,NEXT TAKE EITHER A LARGE TABLESPOONFUL OF BREWER'S YEAST WHICH HAS BEEN RENDERED SOLID BY MIXING IT WITH PLENTY OF COLD WATER AND LETTING IT AFTERWARDS STAND TO SETTLE FOR A DAY AND NIGHT OR NEARLY AN OUNCE OF GERMAN YEAST PUT IT INTO A LARGE BASIN AND PROCEED TO MIX IT SO THAT IT SHALL BE AS SMOOTH AS CREAM WITH THREE QUARTERS PINT OF WARM MILK AND WATER OR WITH WATER ONLY THOUGH EVEN A VERY LITTLE MILK WILL MUCH IMPROVE THE BREAD,na,na,2078,16000,31.375,test,na
2078-142845-0005_formant_resample-8k,data/attacks/resample-8k/2078-142845-0005_formant.wav,fake,attack,none,resample-8k,8k-roundtrip,NEXT TAKE EITHER A LARGE TABLESPOONFUL OF BREWER'S YEAST WHICH HAS BEEN RENDERED SOLID BY MIXING IT WITH PLENTY OF COLD WATER AND LETTING IT AFTERWARDS STAND TO SETTLE FOR A DAY AND NIGHT OR NEARLY AN OUNCE OF GERMAN YEAST PUT IT INTO A LARGE BASIN AND PROCEED TO MIX IT SO THAT IT SHALL BE AS SMOOTH AS CREAM WITH THREE QUARTERS PINT OF WARM MILK AND WATER OR WITH WATER ONLY THOUGH EVEN A VERY LITTLE MILK WILL MUCH IMPROVE THE BREAD,na,na,2078,16000,31.375,test,na
2078-142845-0005_formant_awgn-snr5,data/attacks/awgn-snr5/2078-142845-0005_formant.wav,fake,attack,none,awgn-snr5,snr5,NEXT TAKE EITHER A LARGE TABLESPOONFUL OF BREWER'S YEAST WHICH HAS BEEN RENDERED SOLID BY MIXING IT WITH PLENTY OF COLD WATER AND LETTING IT AFTERWARDS STAND TO SETTLE FOR A DAY AND NIGHT OR NEARLY AN OUNCE OF GERMAN YEAST PUT IT INTO A LARGE BASIN AND PROCEED TO MIX IT SO THAT IT SHALL BE AS SMOOTH AS CREAM WITH THREE QUARTERS PINT OF WARM MILK AND WATER OR WITH WATER ONLY THOUGH EVEN A VERY LITTLE MILK WILL MUCH IMPROVE THE BREAD,na,na,2078,16000,31.375,test,na
2078-142845-0005_formant_awgn-snr10,data/attacks/awgn-snr10/2078-142845-0005_formant.wav,fake,attack,none,awgn-snr10,snr10,NEXT TAKE EITHER A LARGE TABLESPOONFUL OF BREWER'S YEAST WHICH HAS BEEN RENDERED SOLID BY MIXING IT WITH PLENTY OF COLD WATER AND LETTING IT AFTERWARDS STAND TO SETTLE FOR A DAY AND NIGHT OR NEARLY AN OUNCE OF GERMAN YEAST PUT IT INTO A LARGE BASIN AND PROCEED TO MIX IT SO THAT IT SHALL BE AS SMOOTH AS CREAM WITH THREE QUARTERS PINT OF WARM MILK AND WATER OR WITH WATER ONLY THOUGH EVEN A VERY LITTLE MILK WILL MUCH IMPROVE THE BREAD,na,na,2078,16000,31.375,test,na
2078-142845-0005_formant_awgn-snr20,data/attacks/awgn-snr20/2078-142845-0005_formant.wav,fake,attack,none,awgn-snr20,snr20,NEXT TAKE EITHER A LARGE TABLESPOONFUL OF BREWER'S YEAST WHICH HAS BEEN RENDERED SOLID BY MIXING IT WITH PLENTY OF COLD WATER AND LETTING IT AFTERWARDS STAND TO SETTLE FOR A DAY AND NIGHT OR NEARLY AN OUNCE OF GERMAN YEAST PUT IT INTO A LARGE BASIN AND PROCEED TO MIX IT SO THAT IT SHALL BE AS SMOOTH AS CREAM WITH THREE QUARTERS PINT OF WARM MILK AND WATER OR WITH WATER ONLY THOUGH EVEN A VERY LITTLE MILK WILL MUCH IMPROVE THE BREAD,na,na,2078,16000,31.375,test,na
2078-142845-0005_formant_bandpass-300-3400,data/attacks/bandpass-300-3400/2078-142845-0005_formant.wav,fake,attack,none,bandpass-300-3400,bandpass300-3400,NEXT TAKE EITHER A LARGE TABLESPOONFUL OF BREWER'S YEAST WHICH HAS BEEN RENDERED SOLID BY MIXING IT WITH PLENTY OF COLD WATER AND LETTING IT AFTERWARDS STAND TO SETTLE FOR A DAY AND NIGHT OR NEARLY AN OUNCE OF GERMAN YEAST PUT IT INTO A LARGE BASIN AND PROCEED TO MIX IT SO THAT IT SHALL BE AS SMOOTH AS CREAM WITH THREE QUARTERS PINT OF WARM MILK AND WATER OR WITH WATER ONLY THOUGH EVEN A VERY LITTLE MILK WILL MUCH IMPROVE THE BREAD,na,na,2078,16000,31.375,test,na
2078-142845-0005_formant_reverb-rt60-0.2,data/attacks/reverb-rt60-0.2/2078-142845-0005_formant.wav,fake,attack,none,reverb-rt60-0.2,rt60-0.2,NEXT TAKE EITHER A LARGE TABLESPOONFUL OF BREWER'S YEAST WHICH HAS BEEN RENDERED SOLID BY MIXING IT WITH PLENTY OF COLD WATER AND LETTING IT AFTERWARDS STAND TO SETTLE FOR A DAY AND NIGHT OR NEARLY AN OUNCE OF GERMAN YEAST PUT IT INTO A LARGE BASIN AND PROCEED TO MIX IT SO THAT IT SHALL BE AS SMOOTH AS CREAM WITH THREE QUARTERS PINT OF WARM MILK AND WATER OR WITH WATER ONLY THOUGH EVEN A VERY LITTLE MILK WILL MUCH IMPROVE THE BREAD,na,na,2078,16000,31.375,test,na
2078-142845-0005_formant_reverb-rt60-0.4,data/attacks/reverb-rt60-0.4/2078-142845-0005_formant.wav,fake,attack,none,reverb-rt60-0.4,rt60-0.4,NEXT TAKE EITHER A LARGE TABLESPOONFUL OF BREWER'S YEAST WHICH HAS BEEN RENDERED SOLID BY MIXING IT WITH PLENTY OF COLD WATER AND LETTING IT AFTERWARDS STAND TO SETTLE FOR A DAY AND NIGHT OR NEARLY AN OUNCE OF GERMAN YEAST PUT IT INTO A LARGE BASIN AND PROCEED TO MIX IT SO THAT IT SHALL BE AS SMOOTH AS CREAM WITH THREE QUARTERS PINT OF WARM MILK AND WATER OR WITH WATER ONLY THOUGH EVEN A VERY LITTLE MILK WILL MUCH IMPROVE THE BREAD,na,na,2078,16000,31.375,test,na
2078-142845-0005_formant_reverb-rt60-0.8,data/attacks/reverb-rt60-0.8/2078-142845-0005_formant.wav,fake,attack,none,reverb-rt60-0.8,rt60-0.8,NEXT TAKE EITHER A LARGE TABLESPOONFUL OF BREWER'S YEAST WHICH HAS BEEN RENDERED SOLID BY MIXING IT WITH PLENTY OF COLD WATER AND LETTING IT AFTERWARDS STAND TO SETTLE FOR A DAY AND NIGHT OR NEARLY AN OUNCE OF GERMAN YEAST PUT IT INTO A LARGE BASIN AND PROCEED TO MIX IT SO THAT IT SHALL BE AS SMOOTH AS CREAM WITH THREE QUARTERS PINT OF WARM MILK AND WATER OR WITH WATER ONLY THOUGH EVEN A VERY LITTLE MILK WILL MUCH IMPROVE THE BREAD,na,na,2078,16000,31.375,test,na
2078-142845-0005_formant_speed0.9,data/attacks/speed0.9/2078-142845-0005_formant.wav,fake,attack,none,speed0.9,speed0.9,NEXT TAKE EITHER A LARGE TABLESPOONFUL OF BREWER'S YEAST WHICH HAS BEEN RENDERED SOLID BY MIXING IT WITH PLENTY OF COLD WATER AND LETTING IT AFTERWARDS STAND TO SETTLE FOR A DAY AND NIGHT OR NEARLY AN OUNCE OF GERMAN YEAST PUT IT INTO A LARGE BASIN AND PROCEED TO MIX IT SO THAT IT SHALL BE AS SMOOTH AS CREAM WITH THREE QUARTERS PINT OF WARM MILK AND WATER OR WITH WATER ONLY THOUGH EVEN A VERY LITTLE MILK WILL MUCH IMPROVE THE BREAD,na,na,2078,16000,34.861,test,na
2078-142845-0005_formant_speed1.1,data/attacks/speed1.1/2078-142845-0005_formant.wav,fake,attack,none,speed1.1,speed1.1,NEXT TAKE EITHER A LARGE TABLESPOONFUL OF BREWER'S YEAST WHICH HAS BEEN RENDERED SOLID BY MIXING IT WITH PLENTY OF COLD WATER AND LETTING IT AFTERWARDS STAND TO SETTLE FOR A DAY AND NIGHT OR NEARLY AN OUNCE OF GERMAN YEAST PUT IT INTO A LARGE BASIN AND PROCEED TO MIX IT SO THAT IT SHALL BE AS SMOOTH AS CREAM WITH THREE QUARTERS PINT OF WARM MILK AND WATER OR WITH WATER ONLY THOUGH EVEN A VERY LITTLE MILK WILL MUCH IMPROVE THE BREAD,na,na,2078,16000,28.523,test,na
2078-142845-0005_melvoc_mp3-128k,data/attacks/mp3-128k/2078-142845-0005_melvoc.wav,fake,attack,none,mp3-128k,mp3-128k,NEXT TAKE EITHER A LARGE TABLESPOONFUL OF BREWER'S YEAST WHICH HAS BEEN RENDERED SOLID BY MIXING IT WITH PLENTY OF COLD WATER AND LETTING IT AFTERWARDS STAND TO SETTLE FOR A DAY AND NIGHT OR NEARLY AN OUNCE OF GERMAN YEAST PUT IT INTO A LARGE BASIN AND PROCEED TO MIX IT SO THAT IT SHALL BE AS SMOOTH AS CREAM WITH THREE QUARTERS PINT OF WARM MILK AND WATER OR WITH WATER ONLY THOUGH EVEN A VERY LITTLE MILK WILL MUCH IMPROVE THE BREAD,na,na,2078,16000,31.368,test,na
2078-142845-0005_melvoc_mp3-64k,data/attacks/mp3-64k/2078-142845-0005_melvoc.wav,fake,attack,none,mp3-64k,mp3-64k,NEXT TAKE EITHER A LARGE TABLESPOONFUL OF BREWER'S YEAST WHICH HAS BEEN RENDERED SOLID BY MIXING IT WITH PLENTY OF COLD WATER AND LETTING IT AFTERWARDS STAND TO SETTLE FOR A DAY AND NIGHT OR NEARLY AN OUNCE OF GERMAN YEAST PUT IT INTO A LARGE BASIN AND PROCEED TO MIX IT SO THAT IT SHALL BE AS SMOOTH AS CREAM WITH THREE QUARTERS PINT OF WARM MILK AND WATER OR WITH WATER ONLY THOUGH EVEN A VERY LITTLE MILK WILL MUCH IMPROVE THE BREAD,na,na,2078,16000,31.368,test,na
2078-142845-0005_melvoc_opus-32k,data/attacks/opus-32k/2078-142845-0005_melvoc.wav,fake,attack,none,opus-32k,opus-32k,NEXT TAKE EITHER A LARGE TABLESPOONFUL OF BREWER'S YEAST WHICH HAS BEEN RENDERED SOLID BY MIXING IT WITH PLENTY OF COLD WATER AND LETTING IT AFTERWARDS STAND TO SETTLE FOR A DAY AND NIGHT OR NEARLY AN OUNCE OF GERMAN YEAST PUT IT INTO A LARGE BASIN AND PROCEED TO MIX IT SO THAT IT SHALL BE AS SMOOTH AS CREAM WITH THREE QUARTERS PINT OF WARM MILK AND WATER OR WITH WATER ONLY THOUGH EVEN A VERY LITTLE MILK WILL MUCH IMPROVE THE BREAD,na,na,2078,16000,31.368,test,na
2078-142845-0005_melvoc_g711-8k,data/attacks/g711-8k/2078-142845-0005_melvoc.wav,fake,attack,none,g711-8k,g711-8k,NEXT TAKE EITHER A LARGE TABLESPOONFUL OF BREWER'S YEAST WHICH HAS BEEN RENDERED SOLID BY MIXING IT WITH PLENTY OF COLD WATER AND LETTING IT AFTERWARDS STAND TO SETTLE FOR A DAY AND NIGHT OR NEARLY AN OUNCE OF GERMAN YEAST PUT IT INTO A LARGE BASIN AND PROCEED TO MIX IT SO THAT IT SHALL BE AS SMOOTH AS CREAM WITH THREE QUARTERS PINT OF WARM MILK AND WATER OR WITH WATER ONLY THOUGH EVEN A VERY LITTLE MILK WILL MUCH IMPROVE THE BREAD,na,na,2078,16000,31.368,test,na
2078-142845-0005_melvoc_resample-8k,data/attacks/resample-8k/2078-142845-0005_melvoc.wav,fake,attack,none,resample-8k,8k-roundtrip,NEXT TAKE EITHER A LARGE TABLESPOONFUL OF BREWER'S YEAST WHICH HAS BEEN RENDERED SOLID BY MIXING IT WITH PLENTY OF COLD WATER AND LETTING IT AFTERWARDS STAND TO SETTLE FOR A DAY AND NIGHT OR NEARLY AN OUNCE OF GERMAN YEAST PUT IT INTO A LARGE BASIN AND PROCEED TO MIX IT SO THAT IT SHALL BE AS SMOOTH AS CREAM WITH THREE QUARTERS PINT OF WARM MILK AND WATER OR WITH WATER ONLY THOUGH EVEN A VERY LITTLE MILK WILL MUCH IMPROVE THE BREAD,na,na,2078,16000,31.368,test,na
2078-142845-0005_melvoc_awgn-snr5,data/attacks/awgn-snr5/2078-142845-0005_melvoc.wav,fake,attack,none,awgn-snr5,snr5,NEXT TAKE EITHER A LARGE TABLESPOONFUL OF BREWER'S YEAST WHICH HAS BEEN RENDERED SOLID BY MIXING IT WITH PLENTY OF COLD WATER AND LETTING IT AFTERWARDS STAND TO SETTLE FOR A DAY AND NIGHT OR NEARLY AN OUNCE OF GERMAN YEAST PUT IT INTO A LARGE BASIN AND PROCEED TO MIX IT SO THAT IT SHALL BE AS SMOOTH AS CREAM WITH THREE QUARTERS PINT OF WARM MILK AND WATER OR WITH WATER ONLY THOUGH EVEN A VERY LITTLE MILK WILL MUCH IMPROVE THE BREAD,na,na,2078,16000,31.368,test,na
2078-142845-0005_melvoc_awgn-snr10,data/attacks/awgn-snr10/2078-142845-0005_melvoc.wav,fake,attack,none,awgn-snr10,snr10,NEXT TAKE EITHER A LARGE TABLESPOONFUL OF BREWER'S YEAST WHICH HAS BEEN RENDERED SOLID BY MIXING IT WITH PLENTY OF COLD WATER AND LETTING IT AFTERWARDS STAND TO SETTLE FOR A DAY AND NIGHT OR NEARLY AN OUNCE OF GERMAN YEAST PUT IT INTO A LARGE BASIN AND PROCEED TO MIX IT SO THAT IT SHALL BE AS SMOOTH AS CREAM WITH THREE QUARTERS PINT OF WARM MILK AND WATER OR WITH WATER ONLY THOUGH EVEN A VERY LITTLE MILK WILL MUCH IMPROVE THE BREAD,na,na,2078,16000,31.368,test,na
2078-142845-0005_melvoc_awgn-snr20,data/attacks/awgn-snr20/2078-142845-0005_melvoc.wav,fake,attack,none,awgn-snr20,snr20,NEXT TAKE EITHER A LARGE TABLESPOONFUL OF BREWER'S YEAST WHICH HAS BEEN RENDERED SOLID BY MIXING IT WITH PLENTY OF COLD WATER AND LETTING IT AFTERWARDS STAND TO SETTLE FOR A DAY AND NIGHT OR NEARLY AN OUNCE OF GERMAN YEAST PUT IT INTO A LARGE BASIN AND PROCEED TO MIX IT SO THAT IT SHALL BE AS SMOOTH AS CREAM WITH THREE QUARTERS PINT OF WARM MILK AND WATER OR WITH WATER ONLY THOUGH EVEN A VERY LITTLE MILK WILL MUCH IMPROVE THE BREAD,na,na,2078,16000,31.368,test,na
2078-142845-0005_melvoc_bandpass-300-3400,data/attacks/bandpass-300-3400/2078-142845-0005_melvoc.wav,fake,attack,none,bandpass-300-3400,bandpass300-3400,NEXT TAKE EITHER A LARGE TABLESPOONFUL OF BREWER'S YEAST WHICH HAS BEEN RENDERED SOLID BY MIXING IT WITH PLENTY OF COLD WATER AND LETTING IT AFTERWARDS STAND TO SETTLE FOR A DAY AND NIGHT OR NEARLY AN OUNCE OF GERMAN YEAST PUT IT INTO A LARGE BASIN AND PROCEED TO MIX IT SO THAT IT SHALL BE AS SMOOTH AS CREAM WITH THREE QUARTERS PINT OF WARM MILK AND WATER OR WITH WATER ONLY THOUGH EVEN A VERY LITTLE MILK WILL MUCH IMPROVE THE BREAD,na,na,2078,16000,31.368,test,na
2078-142845-0005_melvoc_reverb-rt60-0.2,data/attacks/reverb-rt60-0.2/2078-142845-0005_melvoc.wav,fake,attack,none,reverb-rt60-0.2,rt60-0.2,NEXT TAKE EITHER A LARGE TABLESPOONFUL OF BREWER'S YEAST WHICH HAS BEEN RENDERED SOLID BY MIXING IT WITH PLENTY OF COLD WATER AND LETTING IT AFTERWARDS STAND TO SETTLE FOR A DAY AND NIGHT OR NEARLY AN OUNCE OF GERMAN YEAST PUT IT INTO A LARGE BASIN AND PROCEED TO MIX IT SO THAT IT SHALL BE AS SMOOTH AS CREAM WITH THREE QUARTERS PINT OF WARM MILK AND WATER OR WITH WATER ONLY THOUGH EVEN A VERY LITTLE MILK WILL MUCH IMPROVE THE BREAD,na,na,2078,16000,31.368,test,na
2078-142845-0005_melvoc_reverb-rt60-0.4,data/attacks/reverb-rt60-0.4/2078-142845-0005_melvoc.wav,fake,attack,none,reverb-rt60-0.4,rt60-0.4,NEXT TAKE EITHER A LARGE TABLESPOONFUL OF BREWER'S YEAST WHICH HAS BEEN RENDERED SOLID BY MIXING IT WITH PLENTY OF COLD WATER AND LETTING IT AFTERWARDS STAND TO SETTLE FOR A DAY AND NIGHT OR NEARLY AN OUNCE OF GERMAN YEAST PUT IT INTO A LARGE BASIN AND PROCEED TO MIX IT SO THAT IT SHALL BE AS SMOOTH AS CREAM WITH THREE QUARTERS PINT OF WARM MILK AND WATER OR WITH WATER ONLY THOUGH EVEN A VERY LITTLE MILK WILL MUCH IMPROVE THE BREAD,na,na,2078,16000,31.368,test,na
2078-142845-0005_melvoc_reverb-rt60-0.8,data/attacks/reverb-rt60-0.8/2078-142845-0005_melvoc.wav,fake,attack,none,reverb-rt60-0.8,rt60-0.8,NEXT TAKE EITHER A LARGE TABLESPOONFUL OF BREWER'S YEAST WHICH HAS BEEN RENDERED SOLID BY MIXING IT WITH PLENTY OF COLD WATER AND LETTING IT AFTERWARDS STAND TO SETTLE FOR A DAY AND NIGHT OR NEARLY AN OUNCE OF GERMAN YEAST PUT IT INTO A LARGE BASIN AND PROCEED TO MIX IT SO THAT IT SHALL BE AS SMOOTH AS CREAM WITH THREE QUARTERS PINT OF WARM MILK AND WATER OR WITH WATER ONLY THOUGH EVEN A VERY LITTLE MILK WILL MUCH IMPROVE THE BREAD,na,na,2078,16000,31.368,test,na
2078-142845-0005_melvoc_speed0.9,data/attacks/speed0.9/2078-142845-0005_melvoc.wav,fake,attack,none,speed0.9,speed0.9,NEXT TAKE EITHER A LARGE TABLESPOONFUL OF BREWER'S YEAST WHICH HAS BEEN RENDERED SOLID BY MIXING IT WITH PLENTY OF COLD WATER AND LETTING IT AFTERWARDS STAND TO SETTLE FOR A DAY AND NIGHT OR NEARLY AN OUNCE OF GERMAN YEAST PUT IT INTO A LARGE BASIN AND PROCEED TO MIX IT SO THAT IT SHALL BE AS SMOOTH AS CREAM WITH THREE QUARTERS PINT OF WARM MILK AND WATER OR WITH WATER ONLY THOUGH EVEN A VERY LITTLE MILK WILL MUCH IMPROVE THE BREAD,na,na,2078,16000,34.853,test,na
2078-142845-0005_melvoc_speed1.1,data/attacks/speed1.1/2078-142845-0005_melvoc.wav,fake,attack,none,speed1.1,speed1.1,NEXT TAKE EITHER A LARGE TABLESPOONFUL OF BREWER'S YEAST WHICH HAS BEEN RENDERED SOLID BY MIXING IT WITH PLENTY OF COLD WATER AND LETTING IT AFTERWARDS STAND TO SETTLE FOR A DAY AND NIGHT OR NEARLY AN OUNCE OF GERMAN YEAST PUT IT INTO A LARGE BASIN AND PROCEED TO MIX IT SO THAT IT SHALL BE AS SMOOTH AS CREAM WITH THREE QUARTERS PINT OF WARM MILK AND WATER OR WITH WATER ONLY THOUGH EVEN A VERY LITTLE MILK WILL MUCH IMPROVE THE BREAD,na,na,2078,16000,28.516,test,na
2078-142845-0005_pitch_mp3-128k,data/attacks/mp3-128k/2078-142845-0005_pitch.wav,fake,attack,none,mp3-128k,mp3-128k,NEXT TAKE EITHER A LARGE TABLESPOONFUL OF BREWER'S YEAST WHICH HAS BEEN RENDERED SOLID BY MIXING IT WITH PLENTY OF COLD WATER AND LETTING IT AFTERWARDS STAND TO SETTLE FOR A DAY AND NIGHT OR NEARLY AN OUNCE OF GERMAN YEAST PUT IT INTO A LARGE BASIN AND PROCEED TO MIX IT SO THAT IT SHALL BE AS SMOOTH AS CREAM WITH THREE QUARTERS PINT OF WARM MILK AND WATER OR WITH WATER ONLY THOUGH EVEN A VERY LITTLE MILK WILL MUCH IMPROVE THE BREAD,na,na,2078,16000,31.375,test,na
2078-142845-0005_pitch_mp3-64k,data/attacks/mp3-64k/2078-142845-0005_pitch.wav,fake,attack,none,mp3-64k,mp3-64k,NEXT TAKE EITHER A LARGE TABLESPOONFUL OF BREWER'S YEAST WHICH HAS BEEN RENDERED SOLID BY MIXING IT WITH PLENTY OF COLD WATER AND LETTING IT AFTERWARDS STAND TO SETTLE FOR A DAY AND NIGHT OR NEARLY AN OUNCE OF GERMAN YEAST PUT IT INTO A LARGE BASIN AND PROCEED TO MIX IT SO THAT IT SHALL BE AS SMOOTH AS CREAM WITH THREE QUARTERS PINT OF WARM MILK AND WATER OR WITH WATER ONLY THOUGH EVEN A VERY LITTLE MILK WILL MUCH IMPROVE THE BREAD,na,na,2078,16000,31.375,test,na
2078-142845-0005_pitch_opus-32k,data/attacks/opus-32k/2078-142845-0005_pitch.wav,fake,attack,none,opus-32k,opus-32k,NEXT TAKE EITHER A LARGE TABLESPOONFUL OF BREWER'S YEAST WHICH HAS BEEN RENDERED SOLID BY MIXING IT WITH PLENTY OF COLD WATER AND LETTING IT AFTERWARDS STAND TO SETTLE FOR A DAY AND NIGHT OR NEARLY AN OUNCE OF GERMAN YEAST PUT IT INTO A LARGE BASIN AND PROCEED TO MIX IT SO THAT IT SHALL BE AS SMOOTH AS CREAM WITH THREE QUARTERS PINT OF WARM MILK AND WATER OR WITH WATER ONLY THOUGH EVEN A VERY LITTLE MILK WILL MUCH IMPROVE THE BREAD,na,na,2078,16000,31.375,test,na
2078-142845-0005_pitch_g711-8k,data/attacks/g711-8k/2078-142845-0005_pitch.wav,fake,attack,none,g711-8k,g711-8k,NEXT TAKE EITHER A LARGE TABLESPOONFUL OF BREWER'S YEAST WHICH HAS BEEN RENDERED SOLID BY MIXING IT WITH PLENTY OF COLD WATER AND LETTING IT AFTERWARDS STAND TO SETTLE FOR A DAY AND NIGHT OR NEARLY AN OUNCE OF GERMAN YEAST PUT IT INTO A LARGE BASIN AND PROCEED TO MIX IT SO THAT IT SHALL BE AS SMOOTH AS CREAM WITH THREE QUARTERS PINT OF WARM MILK AND WATER OR WITH WATER ONLY THOUGH EVEN A VERY LITTLE MILK WILL MUCH IMPROVE THE BREAD,na,na,2078,16000,31.375,test,na
2078-142845-0005_pitch_resample-8k,data/attacks/resample-8k/2078-142845-0005_pitch.wav,fake,attack,none,resample-8k,8k-roundtrip,NEXT TAKE EITHER A LARGE TABLESPOONFUL OF BREWER'S YEAST WHICH HAS BEEN RENDERED SOLID BY MIXING IT WITH PLENTY OF COLD WATER AND LETTING IT AFTERWARDS STAND TO SETTLE FOR A DAY AND NIGHT OR NEARLY AN OUNCE OF GERMAN YEAST PUT IT INTO A LARGE BASIN AND PROCEED TO MIX IT SO THAT IT SHALL BE AS SMOOTH AS CREAM WITH THREE QUARTERS PINT OF WARM MILK AND WATER OR WITH WATER ONLY THOUGH EVEN A VERY LITTLE MILK WILL MUCH IMPROVE THE BREAD,na,na,2078,16000,31.375,test,na
2078-142845-0005_pitch_awgn-snr5,data/attacks/awgn-snr5/2078-142845-0005_pitch.wav,fake,attack,none,awgn-snr5,snr5,NEXT TAKE EITHER A LARGE TABLESPOONFUL OF BREWER'S YEAST WHICH HAS BEEN RENDERED SOLID BY MIXING IT WITH PLENTY OF COLD WATER AND LETTING IT AFTERWARDS STAND TO SETTLE FOR A DAY AND NIGHT OR NEARLY AN OUNCE OF GERMAN YEAST PUT IT INTO A LARGE BASIN AND PROCEED TO MIX IT SO THAT IT SHALL BE AS SMOOTH AS CREAM WITH THREE QUARTERS PINT OF WARM MILK AND WATER OR WITH WATER ONLY THOUGH EVEN A VERY LITTLE MILK WILL MUCH IMPROVE THE BREAD,na,na,2078,16000,31.375,test,na
2078-142845-0005_pitch_awgn-snr10,data/attacks/awgn-snr10/2078-142845-0005_pitch.wav,fake,attack,none,awgn-snr10,snr10,NEXT TAKE EITHER A LARGE TABLESPOONFUL OF BREWER'S YEAST WHICH HAS BEEN RENDERED SOLID BY MIXING IT WITH PLENTY OF COLD WATER AND LETTING IT AFTERWARDS STAND TO SETTLE FOR A DAY AND NIGHT OR NEARLY AN OUNCE OF GERMAN YEAST PUT IT INTO A LARGE BASIN AND PROCEED TO MIX IT SO THAT IT SHALL BE AS SMOOTH AS CREAM WITH THREE QUARTERS PINT OF WARM MILK AND WATER OR WITH WATER ONLY THOUGH EVEN A VERY LITTLE MILK WILL MUCH IMPROVE THE BREAD,na,na,2078,16000,31.375,test,na
2078-142845-0005_pitch_awgn-snr20,data/attacks/awgn-snr20/2078-142845-0005_pitch.wav,fake,attack,none,awgn-snr20,snr20,NEXT TAKE EITHER A LARGE TABLESPOONFUL OF BREWER'S YEAST WHICH HAS BEEN RENDERED SOLID BY MIXING IT WITH PLENTY OF COLD WATER AND LETTING IT AFTERWARDS STAND TO SETTLE FOR A DAY AND NIGHT OR NEARLY AN OUNCE OF GERMAN YEAST PUT IT INTO A LARGE BASIN AND PROCEED TO MIX IT SO THAT IT SHALL BE AS SMOOTH AS CREAM WITH THREE QUARTERS PINT OF WARM MILK AND WATER OR WITH WATER ONLY THOUGH EVEN A VERY LITTLE MILK WILL MUCH IMPROVE THE BREAD,na,na,2078,16000,31.375,test,na
2078-142845-0005_pitch_bandpass-300-3400,data/attacks/bandpass-300-3400/2078-142845-0005_pitch.wav,fake,attack,none,bandpass-300-3400,bandpass300-3400,NEXT TAKE EITHER A LARGE TABLESPOONFUL OF BREWER'S YEAST WHICH HAS BEEN RENDERED SOLID BY MIXING IT WITH PLENTY OF COLD WATER AND LETTING IT AFTERWARDS STAND TO SETTLE FOR A DAY AND NIGHT OR NEARLY AN OUNCE OF GERMAN YEAST PUT IT INTO A LARGE BASIN AND PROCEED TO MIX IT SO THAT IT SHALL BE AS SMOOTH AS CREAM WITH THREE QUARTERS PINT OF WARM MILK AND WATER OR WITH WATER ONLY THOUGH EVEN A VERY LITTLE MILK WILL MUCH IMPROVE THE BREAD,na,na,2078,16000,31.375,test,na
2078-142845-0005_pitch_reverb-rt60-0.2,data/attacks/reverb-rt60-0.2/2078-142845-0005_pitch.wav,fake,attack,none,reverb-rt60-0.2,rt60-0.2,NEXT TAKE EITHER A LARGE TABLESPOONFUL OF BREWER'S YEAST WHICH HAS BEEN RENDERED SOLID BY MIXING IT WITH PLENTY OF COLD WATER AND LETTING IT AFTERWARDS STAND TO SETTLE FOR A DAY AND NIGHT OR NEARLY AN OUNCE OF GERMAN YEAST PUT IT INTO A LARGE BASIN AND PROCEED TO MIX IT SO THAT IT SHALL BE AS SMOOTH AS CREAM WITH THREE QUARTERS PINT OF WARM MILK AND WATER OR WITH WATER ONLY THOUGH EVEN A VERY LITTLE MILK WILL MUCH IMPROVE THE BREAD,na,na,2078,16000,31.375,test,na
2078-142845-0005_pitch_reverb-rt60-0.4,data/attacks/reverb-rt60-0.4/2078-142845-0005_pitch.wav,fake,attack,none,reverb-rt60-0.4,rt60-0.4,NEXT TAKE EITHER A LARGE TABLESPOONFUL OF BREWER'S YEAST WHICH HAS BEEN RENDERED SOLID BY MIXING IT WITH PLENTY OF COLD WATER AND LETTING IT AFTERWARDS STAND TO SETTLE FOR A DAY AND NIGHT OR NEARLY AN OUNCE OF GERMAN YEAST PUT IT INTO A LARGE BASIN AND PROCEED TO MIX IT SO THAT IT SHALL BE AS SMOOTH AS CREAM WITH THREE QUARTERS PINT OF WARM MILK AND WATER OR WITH WATER ONLY THOUGH EVEN A VERY LITTLE MILK WILL MUCH IMPROVE THE BREAD,na,na,2078,16000,31.375,test,na
2078-142845-0005_pitch_reverb-rt60-0.8,data/attacks/reverb-rt60-0.8/2078-142845-0005_pitch.wav,fake,attack,none,reverb-rt60-0.8,rt60-0.8,NEXT TAKE EITHER A LARGE TABLESPOONFUL OF BREWER'S YEAST WHICH HAS BEEN RENDERED SOLID BY MIXING IT WITH PLENTY OF COLD WATER AND LETTING IT AFTERWARDS STAND TO SETTLE FOR A DAY AND NIGHT OR NEARLY AN OUNCE OF GERMAN YEAST PUT IT INTO A LARGE BASIN AND PROCEED TO MIX IT SO THAT IT SHALL BE AS SMOOTH AS CREAM WITH THREE QUARTERS PINT OF WARM MILK AND WATER OR WITH WATER ONLY THOUGH EVEN A VERY LITTLE MILK WILL MUCH IMPROVE THE BREAD,na,na,2078,16000,31.375,test,na
2078-142845-0005_pitch_speed0.9,data/attacks/speed0.9/2078-142845-0005_pitch.wav,fake,attack,none,speed0.9,speed0.9,NEXT TAKE EITHER A LARGE TABLESPOONFUL OF BREWER'S YEAST WHICH HAS BEEN RENDERED SOLID BY MIXING IT WITH PLENTY OF COLD WATER AND LETTING IT AFTERWARDS STAND TO SETTLE FOR A DAY AND NIGHT OR NEARLY AN OUNCE OF GERMAN YEAST PUT IT INTO A LARGE BASIN AND PROCEED TO MIX IT SO THAT IT SHALL BE AS SMOOTH AS CREAM WITH THREE QUARTERS PINT OF WARM MILK AND WATER OR WITH WATER ONLY THOUGH EVEN A VERY LITTLE MILK WILL MUCH IMPROVE THE BREAD,na,na,2078,16000,34.861,test,na
2078-142845-0005_pitch_speed1.1,data/attacks/speed1.1/2078-142845-0005_pitch.wav,fake,attack,none,speed1.1,speed1.1,NEXT TAKE EITHER A LARGE TABLESPOONFUL OF BREWER'S YEAST WHICH HAS BEEN RENDERED SOLID BY MIXING IT WITH PLENTY OF COLD WATER AND LETTING IT AFTERWARDS STAND TO SETTLE FOR A DAY AND NIGHT OR NEARLY AN OUNCE OF GERMAN YEAST PUT IT INTO A LARGE BASIN AND PROCEED TO MIX IT SO THAT IT SHALL BE AS SMOOTH AS CREAM WITH THREE QUARTERS PINT OF WARM MILK AND WATER OR WITH WATER ONLY THOUGH EVEN A VERY LITTLE MILK WILL MUCH IMPROVE THE BREAD,na,na,2078,16000,28.523,test,na
2078-142845-0006_formant_mp3-128k,data/attacks/mp3-128k/2078-142845-0006_formant.wav,fake,attack,none,mp3-128k,mp3-128k,LOOK AT IT FROM TIME TO TIME WHEN IT HAS BEEN LAID FOR NEARLY AN HOUR AND WHEN THE YEAST HAS RISEN AND BROKEN THROUGH THE FLOUR SO THAT BUBBLES APPEAR IN IT YOU WILL KNOW THAT IT IS READY TO BE MADE UP INTO DOUGH,na,na,2078,16000,14.645,test,na
2078-142845-0006_formant_mp3-64k,data/attacks/mp3-64k/2078-142845-0006_formant.wav,fake,attack,none,mp3-64k,mp3-64k,LOOK AT IT FROM TIME TO TIME WHEN IT HAS BEEN LAID FOR NEARLY AN HOUR AND WHEN THE YEAST HAS RISEN AND BROKEN THROUGH THE FLOUR SO THAT BUBBLES APPEAR IN IT YOU WILL KNOW THAT IT IS READY TO BE MADE UP INTO DOUGH,na,na,2078,16000,14.645,test,na
2078-142845-0006_formant_opus-32k,data/attacks/opus-32k/2078-142845-0006_formant.wav,fake,attack,none,opus-32k,opus-32k,LOOK AT IT FROM TIME TO TIME WHEN IT HAS BEEN LAID FOR NEARLY AN HOUR AND WHEN THE YEAST HAS RISEN AND BROKEN THROUGH THE FLOUR SO THAT BUBBLES APPEAR IN IT YOU WILL KNOW THAT IT IS READY TO BE MADE UP INTO DOUGH,na,na,2078,16000,14.645,test,na
2078-142845-0006_formant_g711-8k,data/attacks/g711-8k/2078-142845-0006_formant.wav,fake,attack,none,g711-8k,g711-8k,LOOK AT IT FROM TIME TO TIME WHEN IT HAS BEEN LAID FOR NEARLY AN HOUR AND WHEN THE YEAST HAS RISEN AND BROKEN THROUGH THE FLOUR SO THAT BUBBLES APPEAR IN IT YOU WILL KNOW THAT IT IS READY TO BE MADE UP INTO DOUGH,na,na,2078,16000,14.645,test,na
2078-142845-0006_formant_resample-8k,data/attacks/resample-8k/2078-142845-0006_formant.wav,fake,attack,none,resample-8k,8k-roundtrip,LOOK AT IT FROM TIME TO TIME WHEN IT HAS BEEN LAID FOR NEARLY AN HOUR AND WHEN THE YEAST HAS RISEN AND BROKEN THROUGH THE FLOUR SO THAT BUBBLES APPEAR IN IT YOU WILL KNOW THAT IT IS READY TO BE MADE UP INTO DOUGH,na,na,2078,16000,14.645,test,na
2078-142845-0006_formant_awgn-snr5,data/attacks/awgn-snr5/2078-142845-0006_formant.wav,fake,attack,none,awgn-snr5,snr5,LOOK AT IT FROM TIME TO TIME WHEN IT HAS BEEN LAID FOR NEARLY AN HOUR AND WHEN THE YEAST HAS RISEN AND BROKEN THROUGH THE FLOUR SO THAT BUBBLES APPEAR IN IT YOU WILL KNOW THAT IT IS READY TO BE MADE UP INTO DOUGH,na,na,2078,16000,14.645,test,na
2078-142845-0006_formant_awgn-snr10,data/attacks/awgn-snr10/2078-142845-0006_formant.wav,fake,attack,none,awgn-snr10,snr10,LOOK AT IT FROM TIME TO TIME WHEN IT HAS BEEN LAID FOR NEARLY AN HOUR AND WHEN THE YEAST HAS RISEN AND BROKEN THROUGH THE FLOUR SO THAT BUBBLES APPEAR IN IT YOU WILL KNOW THAT IT IS READY TO BE MADE UP INTO DOUGH,na,na,2078,16000,14.645,test,na
2078-142845-0006_formant_awgn-snr20,data/attacks/awgn-snr20/2078-142845-0006_formant.wav,fake,attack,none,awgn-snr20,snr20,LOOK AT IT FROM TIME TO TIME WHEN IT HAS BEEN LAID FOR NEARLY AN HOUR AND WHEN THE YEAST HAS RISEN AND BROKEN THROUGH THE FLOUR SO THAT BUBBLES APPEAR IN IT YOU WILL KNOW THAT IT IS READY TO BE MADE UP INTO DOUGH,na,na,2078,16000,14.645,test,na
2078-142845-0006_formant_bandpass-300-3400,data/attacks/bandpass-300-3400/2078-142845-0006_formant.wav,fake,attack,none,bandpass-300-3400,bandpass300-3400,LOOK AT IT FROM TIME TO TIME WHEN IT HAS BEEN LAID FOR NEARLY AN HOUR AND WHEN THE YEAST HAS RISEN AND BROKEN THROUGH THE FLOUR SO THAT BUBBLES APPEAR IN IT YOU WILL KNOW THAT IT IS READY TO BE MADE UP INTO DOUGH,na,na,2078,16000,14.645,test,na
2078-142845-0006_formant_reverb-rt60-0.2,data/attacks/reverb-rt60-0.2/2078-142845-0006_formant.wav,fake,attack,none,reverb-rt60-0.2,rt60-0.2,LOOK AT IT FROM TIME TO TIME WHEN IT HAS BEEN LAID FOR NEARLY AN HOUR AND WHEN THE YEAST HAS RISEN AND BROKEN THROUGH THE FLOUR SO THAT BUBBLES APPEAR IN IT YOU WILL KNOW THAT IT IS READY TO BE MADE UP INTO DOUGH,na,na,2078,16000,14.645,test,na
2078-142845-0006_formant_reverb-rt60-0.4,data/attacks/reverb-rt60-0.4/2078-142845-0006_formant.wav,fake,attack,none,reverb-rt60-0.4,rt60-0.4,LOOK AT IT FROM TIME TO TIME WHEN IT HAS BEEN LAID FOR NEARLY AN HOUR AND WHEN THE YEAST HAS RISEN AND BROKEN THROUGH THE FLOUR SO THAT BUBBLES APPEAR IN IT YOU WILL KNOW THAT IT IS READY TO BE MADE UP INTO DOUGH,na,na,2078,16000,14.645,test,na
2078-142845-0006_formant_reverb-rt60-0.8,data/attacks/reverb-rt60-0.8/2078-142845-0006_formant.wav,fake,attack,none,reverb-rt60-0.8,rt60-0.8,LOOK AT IT FROM TIME TO TIME WHEN IT HAS BEEN LAID FOR NEARLY AN HOUR AND WHEN THE YEAST HAS RISEN AND BROKEN THROUGH THE FLOUR SO THAT BUBBLES APPEAR IN IT YOU WILL KNOW THAT IT IS READY TO BE MADE UP INTO DOUGH,na,na,2078,16000,14.645,test,na
2078-142845-0006_formant_speed0.9,data/attacks/speed0.9/2078-142845-0006_formant.wav,fake,attack,none,speed0.9,speed0.9,LOOK AT IT FROM TIME TO TIME WHEN IT HAS BEEN LAID FOR NEARLY AN HOUR AND WHEN THE YEAST HAS RISEN AND BROKEN THROUGH THE FLOUR SO THAT BUBBLES APPEAR IN IT YOU WILL KNOW THAT IT IS READY TO BE MADE UP INTO DOUGH,na,na,2078,16000,16.272,test,na
2078-142845-0006_formant_speed1.1,data/attacks/speed1.1/2078-142845-0006_formant.wav,fake,attack,none,speed1.1,speed1.1,LOOK AT IT FROM TIME TO TIME WHEN IT HAS BEEN LAID FOR NEARLY AN HOUR AND WHEN THE YEAST HAS RISEN AND BROKEN THROUGH THE FLOUR SO THAT BUBBLES APPEAR IN IT YOU WILL KNOW THAT IT IS READY TO BE MADE UP INTO DOUGH,na,na,2078,16000,13.314,test,na
2078-142845-0006_melvoc_mp3-128k,data/attacks/mp3-128k/2078-142845-0006_melvoc.wav,fake,attack,none,mp3-128k,mp3-128k,LOOK AT IT FROM TIME TO TIME WHEN IT HAS BEEN LAID FOR NEARLY AN HOUR AND WHEN THE YEAST HAS RISEN AND BROKEN THROUGH THE FLOUR SO THAT BUBBLES APPEAR IN IT YOU WILL KNOW THAT IT IS READY TO BE MADE UP INTO DOUGH,na,na,2078,16000,14.64,test,na
2078-142845-0006_melvoc_mp3-64k,data/attacks/mp3-64k/2078-142845-0006_melvoc.wav,fake,attack,none,mp3-64k,mp3-64k,LOOK AT IT FROM TIME TO TIME WHEN IT HAS BEEN LAID FOR NEARLY AN HOUR AND WHEN THE YEAST HAS RISEN AND BROKEN THROUGH THE FLOUR SO THAT BUBBLES APPEAR IN IT YOU WILL KNOW THAT IT IS READY TO BE MADE UP INTO DOUGH,na,na,2078,16000,14.64,test,na
2078-142845-0006_melvoc_opus-32k,data/attacks/opus-32k/2078-142845-0006_melvoc.wav,fake,attack,none,opus-32k,opus-32k,LOOK AT IT FROM TIME TO TIME WHEN IT HAS BEEN LAID FOR NEARLY AN HOUR AND WHEN THE YEAST HAS RISEN AND BROKEN THROUGH THE FLOUR SO THAT BUBBLES APPEAR IN IT YOU WILL KNOW THAT IT IS READY TO BE MADE UP INTO DOUGH,na,na,2078,16000,14.64,test,na
2078-142845-0006_melvoc_g711-8k,data/attacks/g711-8k/2078-142845-0006_melvoc.wav,fake,attack,none,g711-8k,g711-8k,LOOK AT IT FROM TIME TO TIME WHEN IT HAS BEEN LAID FOR NEARLY AN HOUR AND WHEN THE YEAST HAS RISEN AND BROKEN THROUGH THE FLOUR SO THAT BUBBLES APPEAR IN IT YOU WILL KNOW THAT IT IS READY TO BE MADE UP INTO DOUGH,na,na,2078,16000,14.64,test,na
2078-142845-0006_melvoc_resample-8k,data/attacks/resample-8k/2078-142845-0006_melvoc.wav,fake,attack,none,resample-8k,8k-roundtrip,LOOK AT IT FROM TIME TO TIME WHEN IT HAS BEEN LAID FOR NEARLY AN HOUR AND WHEN THE YEAST HAS RISEN AND BROKEN THROUGH THE FLOUR SO THAT BUBBLES APPEAR IN IT YOU WILL KNOW THAT IT IS READY TO BE MADE UP INTO DOUGH,na,na,2078,16000,14.64,test,na
2078-142845-0006_melvoc_awgn-snr5,data/attacks/awgn-snr5/2078-142845-0006_melvoc.wav,fake,attack,none,awgn-snr5,snr5,LOOK AT IT FROM TIME TO TIME WHEN IT HAS BEEN LAID FOR NEARLY AN HOUR AND WHEN THE YEAST HAS RISEN AND BROKEN THROUGH THE FLOUR SO THAT BUBBLES APPEAR IN IT YOU WILL KNOW THAT IT IS READY TO BE MADE UP INTO DOUGH,na,na,2078,16000,14.64,test,na
2078-142845-0006_melvoc_awgn-snr10,data/attacks/awgn-snr10/2078-142845-0006_melvoc.wav,fake,attack,none,awgn-snr10,snr10,LOOK AT IT FROM TIME TO TIME WHEN IT HAS BEEN LAID FOR NEARLY AN HOUR AND WHEN THE YEAST HAS RISEN AND BROKEN THROUGH THE FLOUR SO THAT BUBBLES APPEAR IN IT YOU WILL KNOW THAT IT IS READY TO BE MADE UP INTO DOUGH,na,na,2078,16000,14.64,test,na
2078-142845-0006_melvoc_awgn-snr20,data/attacks/awgn-snr20/2078-142845-0006_melvoc.wav,fake,attack,none,awgn-snr20,snr20,LOOK AT IT FROM TIME TO TIME WHEN IT HAS BEEN LAID FOR NEARLY AN HOUR AND WHEN THE YEAST HAS RISEN AND BROKEN THROUGH THE FLOUR SO THAT BUBBLES APPEAR IN IT YOU WILL KNOW THAT IT IS READY TO BE MADE UP INTO DOUGH,na,na,2078,16000,14.64,test,na
2078-142845-0006_melvoc_bandpass-300-3400,data/attacks/bandpass-300-3400/2078-142845-0006_melvoc.wav,fake,attack,none,bandpass-300-3400,bandpass300-3400,LOOK AT IT FROM TIME TO TIME WHEN IT HAS BEEN LAID FOR NEARLY AN HOUR AND WHEN THE YEAST HAS RISEN AND BROKEN THROUGH THE FLOUR SO THAT BUBBLES APPEAR IN IT YOU WILL KNOW THAT IT IS READY TO BE MADE UP INTO DOUGH,na,na,2078,16000,14.64,test,na
2078-142845-0006_melvoc_reverb-rt60-0.2,data/attacks/reverb-rt60-0.2/2078-142845-0006_melvoc.wav,fake,attack,none,reverb-rt60-0.2,rt60-0.2,LOOK AT IT FROM TIME TO TIME WHEN IT HAS BEEN LAID FOR NEARLY AN HOUR AND WHEN THE YEAST HAS RISEN AND BROKEN THROUGH THE FLOUR SO THAT BUBBLES APPEAR IN IT YOU WILL KNOW THAT IT IS READY TO BE MADE UP INTO DOUGH,na,na,2078,16000,14.64,test,na
2078-142845-0006_melvoc_reverb-rt60-0.4,data/attacks/reverb-rt60-0.4/2078-142845-0006_melvoc.wav,fake,attack,none,reverb-rt60-0.4,rt60-0.4,LOOK AT IT FROM TIME TO TIME WHEN IT HAS BEEN LAID FOR NEARLY AN HOUR AND WHEN THE YEAST HAS RISEN AND BROKEN THROUGH THE FLOUR SO THAT BUBBLES APPEAR IN IT YOU WILL KNOW THAT IT IS READY TO BE MADE UP INTO DOUGH,na,na,2078,16000,14.64,test,na
2078-142845-0006_melvoc_reverb-rt60-0.8,data/attacks/reverb-rt60-0.8/2078-142845-0006_melvoc.wav,fake,attack,none,reverb-rt60-0.8,rt60-0.8,LOOK AT IT FROM TIME TO TIME WHEN IT HAS BEEN LAID FOR NEARLY AN HOUR AND WHEN THE YEAST HAS RISEN AND BROKEN THROUGH THE FLOUR SO THAT BUBBLES APPEAR IN IT YOU WILL KNOW THAT IT IS READY TO BE MADE UP INTO DOUGH,na,na,2078,16000,14.64,test,na
2078-142845-0006_melvoc_speed0.9,data/attacks/speed0.9/2078-142845-0006_melvoc.wav,fake,attack,none,speed0.9,speed0.9,LOOK AT IT FROM TIME TO TIME WHEN IT HAS BEEN LAID FOR NEARLY AN HOUR AND WHEN THE YEAST HAS RISEN AND BROKEN THROUGH THE FLOUR SO THAT BUBBLES APPEAR IN IT YOU WILL KNOW THAT IT IS READY TO BE MADE UP INTO DOUGH,na,na,2078,16000,16.267,test,na
2078-142845-0006_melvoc_speed1.1,data/attacks/speed1.1/2078-142845-0006_melvoc.wav,fake,attack,none,speed1.1,speed1.1,LOOK AT IT FROM TIME TO TIME WHEN IT HAS BEEN LAID FOR NEARLY AN HOUR AND WHEN THE YEAST HAS RISEN AND BROKEN THROUGH THE FLOUR SO THAT BUBBLES APPEAR IN IT YOU WILL KNOW THAT IT IS READY TO BE MADE UP INTO DOUGH,na,na,2078,16000,13.309,test,na
2078-142845-0006_pitch_mp3-128k,data/attacks/mp3-128k/2078-142845-0006_pitch.wav,fake,attack,none,mp3-128k,mp3-128k,LOOK AT IT FROM TIME TO TIME WHEN IT HAS BEEN LAID FOR NEARLY AN HOUR AND WHEN THE YEAST HAS RISEN AND BROKEN THROUGH THE FLOUR SO THAT BUBBLES APPEAR IN IT YOU WILL KNOW THAT IT IS READY TO BE MADE UP INTO DOUGH,na,na,2078,16000,14.645,test,na
2078-142845-0006_pitch_mp3-64k,data/attacks/mp3-64k/2078-142845-0006_pitch.wav,fake,attack,none,mp3-64k,mp3-64k,LOOK AT IT FROM TIME TO TIME WHEN IT HAS BEEN LAID FOR NEARLY AN HOUR AND WHEN THE YEAST HAS RISEN AND BROKEN THROUGH THE FLOUR SO THAT BUBBLES APPEAR IN IT YOU WILL KNOW THAT IT IS READY TO BE MADE UP INTO DOUGH,na,na,2078,16000,14.645,test,na
2078-142845-0006_pitch_opus-32k,data/attacks/opus-32k/2078-142845-0006_pitch.wav,fake,attack,none,opus-32k,opus-32k,LOOK AT IT FROM TIME TO TIME WHEN IT HAS BEEN LAID FOR NEARLY AN HOUR AND WHEN THE YEAST HAS RISEN AND BROKEN THROUGH THE FLOUR SO THAT BUBBLES APPEAR IN IT YOU WILL KNOW THAT IT IS READY TO BE MADE UP INTO DOUGH,na,na,2078,16000,14.645,test,na
2078-142845-0006_pitch_g711-8k,data/attacks/g711-8k/2078-142845-0006_pitch.wav,fake,attack,none,g711-8k,g711-8k,LOOK AT IT FROM TIME TO TIME WHEN IT HAS BEEN LAID FOR NEARLY AN HOUR AND WHEN THE YEAST HAS RISEN AND BROKEN THROUGH THE FLOUR SO THAT BUBBLES APPEAR IN IT YOU WILL KNOW THAT IT IS READY TO BE MADE UP INTO DOUGH,na,na,2078,16000,14.645,test,na
2078-142845-0006_pitch_resample-8k,data/attacks/resample-8k/2078-142845-0006_pitch.wav,fake,attack,none,resample-8k,8k-roundtrip,LOOK AT IT FROM TIME TO TIME WHEN IT HAS BEEN LAID FOR NEARLY AN HOUR AND WHEN THE YEAST HAS RISEN AND BROKEN THROUGH THE FLOUR SO THAT BUBBLES APPEAR IN IT YOU WILL KNOW THAT IT IS READY TO BE MADE UP INTO DOUGH,na,na,2078,16000,14.645,test,na
2078-142845-0006_pitch_awgn-snr5,data/attacks/awgn-snr5/2078-142845-0006_pitch.wav,fake,attack,none,awgn-snr5,snr5,LOOK AT IT FROM TIME TO TIME WHEN IT HAS BEEN LAID FOR NEARLY AN HOUR AND WHEN THE YEAST HAS RISEN AND BROKEN THROUGH THE FLOUR SO THAT BUBBLES APPEAR IN IT YOU WILL KNOW THAT IT IS READY TO BE MADE UP INTO DOUGH,na,na,2078,16000,14.645,test,na
2078-142845-0006_pitch_awgn-snr10,data/attacks/awgn-snr10/2078-142845-0006_pitch.wav,fake,attack,none,awgn-snr10,snr10,LOOK AT IT FROM TIME TO TIME WHEN IT HAS BEEN LAID FOR NEARLY AN HOUR AND WHEN THE YEAST HAS RISEN AND BROKEN THROUGH THE FLOUR SO THAT BUBBLES APPEAR IN IT YOU WILL KNOW THAT IT IS READY TO BE MADE UP INTO DOUGH,na,na,2078,16000,14.645,test,na
2078-142845-0006_pitch_awgn-snr20,data/attacks/awgn-snr20/2078-142845-0006_pitch.wav,fake,attack,none,awgn-snr20,snr20,LOOK AT IT FROM TIME TO TIME WHEN IT HAS BEEN LAID FOR NEARLY AN HOUR AND WHEN THE YEAST HAS RISEN AND BROKEN THROUGH THE FLOUR SO THAT BUBBLES APPEAR IN IT YOU WILL KNOW THAT IT IS READY TO BE MADE UP INTO DOUGH,na,na,2078,16000,14.645,test,na
2078-142845-0006_pitch_bandpass-300-3400,data/attacks/bandpass-300-3400/2078-142845-0006_pitch.wav,fake,attack,none,bandpass-300-3400,bandpass300-3400,LOOK AT IT FROM TIME TO TIME WHEN IT HAS BEEN LAID FOR NEARLY AN HOUR AND WHEN THE YEAST HAS RISEN AND BROKEN THROUGH THE FLOUR SO THAT BUBBLES APPEAR IN IT YOU WILL KNOW THAT IT IS READY TO BE MADE UP INTO DOUGH,na,na,2078,16000,14.645,test,na
2078-142845-0006_pitch_reverb-rt60-0.2,data/attacks/reverb-rt60-0.2/2078-142845-0006_pitch.wav,fake,attack,none,reverb-rt60-0.2,rt60-0.2,LOOK AT IT FROM TIME TO TIME WHEN IT HAS BEEN LAID FOR NEARLY AN HOUR AND WHEN THE YEAST HAS RISEN AND BROKEN THROUGH THE FLOUR SO THAT BUBBLES APPEAR IN IT YOU WILL KNOW THAT IT IS READY TO BE MADE UP INTO DOUGH,na,na,2078,16000,14.645,test,na
2078-142845-0006_pitch_reverb-rt60-0.4,data/attacks/reverb-rt60-0.4/2078-142845-0006_pitch.wav,fake,attack,none,reverb-rt60-0.4,rt60-0.4,LOOK AT IT FROM TIME TO TIME WHEN IT HAS BEEN LAID FOR NEARLY AN HOUR AND WHEN THE YEAST HAS RISEN AND BROKEN THROUGH THE FLOUR SO THAT BUBBLES APPEAR IN IT YOU WILL KNOW THAT IT IS READY TO BE MADE UP INTO DOUGH,na,na,2078,16000,14.645,test,na
2078-142845-0006_pitch_reverb-rt60-0.8,data/attacks/reverb-rt60-0.8/2078-142845-0006_pitch.wav,fake,attack,none,reverb-rt60-0.8,rt60-0.8,LOOK AT IT FROM TIME TO TIME WHEN IT HAS BEEN LAID FOR NEARLY AN HOUR AND WHEN THE YEAST HAS RISEN AND BROKEN THROUGH THE FLOUR SO THAT BUBBLES APPEAR IN IT YOU WILL KNOW THAT IT IS READY TO BE MADE UP INTO DOUGH,na,na,2078,16000,14.645,test,na
2078-142845-0006_pitch_speed0.9,data/attacks/speed0.9/2078-142845-0006_pitch.wav,fake,attack,none,speed0.9,speed0.9,LOOK AT IT FROM TIME TO TIME WHEN IT HAS BEEN LAID FOR NEARLY AN HOUR AND WHEN THE YEAST HAS RISEN AND BROKEN THROUGH THE FLOUR SO THAT BUBBLES APPEAR IN IT YOU WILL KNOW THAT IT IS READY TO BE MADE UP INTO DOUGH,na,na,2078,16000,16.272,test,na
2078-142845-0006_pitch_speed1.1,data/attacks/speed1.1/2078-142845-0006_pitch.wav,fake,attack,none,speed1.1,speed1.1,LOOK AT IT FROM TIME TO TIME WHEN IT HAS BEEN LAID FOR NEARLY AN HOUR AND WHEN THE YEAST HAS RISEN AND BROKEN THROUGH THE FLOUR SO THAT BUBBLES APPEAR IN IT YOU WILL KNOW THAT IT IS READY TO BE MADE UP INTO DOUGH,na,na,2078,16000,13.314,test,na
2078-142845-0007_formant_mp3-128k,data/attacks/mp3-128k/2078-142845-0007_formant.wav,fake,attack,none,mp3-128k,mp3-128k,THEN PLACE THE PAN ON A STRONG CHAIR OR DRESSER OR TABLE OF CONVENIENT HEIGHT POUR INTO THE SPONGE THE REMAINDER OF THE WARM MILK AND WATER STIR INTO IT AS MUCH OF THE FLOUR AS YOU CAN WITH THE SPOON THEN WIPE IT OUT CLEAN WITH YOUR FINGERS AND LAY IT ASIDE,na,na,2078,16000,20.74,test,na
2078-142845-0007_formant_mp3-64k,data/attacks/mp3-64k/2078-142845-0007_formant.wav,fake,attack,none,mp3-64k,mp3-64k,THEN PLACE THE PAN ON A STRONG CHAIR OR DRESSER OR TABLE OF CONVENIENT HEIGHT POUR INTO THE SPONGE THE REMAINDER OF THE WARM MILK AND WATER STIR INTO IT AS MUCH OF THE FLOUR AS YOU CAN WITH THE SPOON THEN WIPE IT OUT CLEAN WITH YOUR FINGERS AND LAY IT ASIDE,na,na,2078,16000,20.74,test,na
2078-142845-0007_formant_opus-32k,data/attacks/opus-32k/2078-142845-0007_formant.wav,fake,attack,none,opus-32k,opus-32k,THEN PLACE THE PAN ON A STRONG CHAIR OR DRESSER OR TABLE OF CONVENIENT HEIGHT POUR INTO THE SPONGE THE REMAINDER OF THE WARM MILK AND WATER STIR INTO IT AS MUCH OF THE FLOUR AS YOU CAN WITH THE SPOON THEN WIPE IT OUT CLEAN WITH YOUR FINGERS AND LAY IT ASIDE,na,na,2078,16000,20.74,test,na
2078-142845-0007_formant_g711-8k,data/attacks/g711-8k/2078-142845-0007_formant.wav,fake,attack,none,g711-8k,g711-8k,THEN PLACE THE PAN ON A STRONG CHAIR OR DRESSER OR TABLE OF CONVENIENT HEIGHT POUR INTO THE SPONGE THE REMAINDER OF THE WARM MILK AND WATER STIR INTO IT AS MUCH OF THE FLOUR AS YOU CAN WITH THE SPOON THEN WIPE IT OUT CLEAN WITH YOUR FINGERS AND LAY IT ASIDE,na,na,2078,16000,20.74,test,na
2078-142845-0007_formant_resample-8k,data/attacks/resample-8k/2078-142845-0007_formant.wav,fake,attack,none,resample-8k,8k-roundtrip,THEN PLACE THE PAN ON A STRONG CHAIR OR DRESSER OR TABLE OF CONVENIENT HEIGHT POUR INTO THE SPONGE THE REMAINDER OF THE WARM MILK AND WATER STIR INTO IT AS MUCH OF THE FLOUR AS YOU CAN WITH THE SPOON THEN WIPE IT OUT CLEAN WITH YOUR FINGERS AND LAY IT ASIDE,na,na,2078,16000,20.74,test,na
2078-142845-0007_formant_awgn-snr5,data/attacks/awgn-snr5/2078-142845-0007_formant.wav,fake,attack,none,awgn-snr5,snr5,THEN PLACE THE PAN ON A STRONG CHAIR OR DRESSER OR TABLE OF CONVENIENT HEIGHT POUR INTO THE SPONGE THE REMAINDER OF THE WARM MILK AND WATER STIR INTO IT AS MUCH OF THE FLOUR AS YOU CAN WITH THE SPOON THEN WIPE IT OUT CLEAN WITH YOUR FINGERS AND LAY IT ASIDE,na,na,2078,16000,20.74,test,na
2078-142845-0007_formant_awgn-snr10,data/attacks/awgn-snr10/2078-142845-0007_formant.wav,fake,attack,none,awgn-snr10,snr10,THEN PLACE THE PAN ON A STRONG CHAIR OR DRESSER OR TABLE OF CONVENIENT HEIGHT POUR INTO THE SPONGE THE REMAINDER OF THE WARM MILK AND WATER STIR INTO IT AS MUCH OF THE FLOUR AS YOU CAN WITH THE SPOON THEN WIPE IT OUT CLEAN WITH YOUR FINGERS AND LAY IT ASIDE,na,na,2078,16000,20.74,test,na
2078-142845-0007_formant_awgn-snr20,data/attacks/awgn-snr20/2078-142845-0007_formant.wav,fake,attack,none,awgn-snr20,snr20,THEN PLACE THE PAN ON A STRONG CHAIR OR DRESSER OR TABLE OF CONVENIENT HEIGHT POUR INTO THE SPONGE THE REMAINDER OF THE WARM MILK AND WATER STIR INTO IT AS MUCH OF THE FLOUR AS YOU CAN WITH THE SPOON THEN WIPE IT OUT CLEAN WITH YOUR FINGERS AND LAY IT ASIDE,na,na,2078,16000,20.74,test,na
2078-142845-0007_formant_bandpass-300-3400,data/attacks/bandpass-300-3400/2078-142845-0007_formant.wav,fake,attack,none,bandpass-300-3400,bandpass300-3400,THEN PLACE THE PAN ON A STRONG CHAIR OR DRESSER OR TABLE OF CONVENIENT HEIGHT POUR INTO THE SPONGE THE REMAINDER OF THE WARM MILK AND WATER STIR INTO IT AS MUCH OF THE FLOUR AS YOU CAN WITH THE SPOON THEN WIPE IT OUT CLEAN WITH YOUR FINGERS AND LAY IT ASIDE,na,na,2078,16000,20.74,test,na
2078-142845-0007_formant_reverb-rt60-0.2,data/attacks/reverb-rt60-0.2/2078-142845-0007_formant.wav,fake,attack,none,reverb-rt60-0.2,rt60-0.2,THEN PLACE THE PAN ON A STRONG CHAIR OR DRESSER OR TABLE OF CONVENIENT HEIGHT POUR INTO THE SPONGE THE REMAINDER OF THE WARM MILK AND WATER STIR INTO IT AS MUCH OF THE FLOUR AS YOU CAN WITH THE SPOON THEN WIPE IT OUT CLEAN WITH YOUR FINGERS AND LAY IT ASIDE,na,na,2078,16000,20.74,test,na
2078-142845-0007_formant_reverb-rt60-0.4,data/attacks/reverb-rt60-0.4/2078-142845-0007_formant.wav,fake,attack,none,reverb-rt60-0.4,rt60-0.4,THEN PLACE THE PAN ON A STRONG CHAIR OR DRESSER OR TABLE OF CONVENIENT HEIGHT POUR INTO THE SPONGE THE REMAINDER OF THE WARM MILK AND WATER STIR INTO IT AS MUCH OF THE FLOUR AS YOU CAN WITH THE SPOON THEN WIPE IT OUT CLEAN WITH YOUR FINGERS AND LAY IT ASIDE,na,na,2078,16000,20.74,test,na
2078-142845-0007_formant_reverb-rt60-0.8,data/attacks/reverb-rt60-0.8/2078-142845-0007_formant.wav,fake,attack,none,reverb-rt60-0.8,rt60-0.8,THEN PLACE THE PAN ON A STRONG CHAIR OR DRESSER OR TABLE OF CONVENIENT HEIGHT POUR INTO THE SPONGE THE REMAINDER OF THE WARM MILK AND WATER STIR INTO IT AS MUCH OF THE FLOUR AS YOU CAN WITH THE SPOON THEN WIPE IT OUT CLEAN WITH YOUR FINGERS AND LAY IT ASIDE,na,na,2078,16000,20.74,test,na
2078-142845-0007_formant_speed0.9,data/attacks/speed0.9/2078-142845-0007_formant.wav,fake,attack,none,speed0.9,speed0.9,THEN PLACE THE PAN ON A STRONG CHAIR OR DRESSER OR TABLE OF CONVENIENT HEIGHT POUR INTO THE SPONGE THE REMAINDER OF THE WARM MILK AND WATER STIR INTO IT AS MUCH OF THE FLOUR AS YOU CAN WITH THE SPOON THEN WIPE IT OUT CLEAN WITH YOUR FINGERS AND LAY IT ASIDE,na,na,2078,16000,23.044,test,na
2078-142845-0007_formant_speed1.1,data/attacks/speed1.1/2078-142845-0007_formant.wav,fake,attack,none,speed1.1,speed1.1,THEN PLACE THE PAN ON A STRONG CHAIR OR DRESSER OR TABLE OF CONVENIENT HEIGHT POUR INTO THE SPONGE THE REMAINDER OF THE WARM MILK AND WATER STIR INTO IT AS MUCH OF THE FLOUR AS YOU CAN WITH THE SPOON THEN WIPE IT OUT CLEAN WITH YOUR FINGERS AND LAY IT ASIDE,na,na,2078,16000,18.855,test,na
2078-142845-0007_melvoc_mp3-128k,data/attacks/mp3-128k/2078-142845-0007_melvoc.wav,fake,attack,none,mp3-128k,mp3-128k,THEN PLACE THE PAN ON A STRONG CHAIR OR DRESSER OR TABLE OF CONVENIENT HEIGHT POUR INTO THE SPONGE THE REMAINDER OF THE WARM MILK AND WATER STIR INTO IT AS MUCH OF THE FLOUR AS YOU CAN WITH THE SPOON THEN WIPE IT OUT CLEAN WITH YOUR FINGERS AND LAY IT ASIDE,na,na,2078,16000,20.736,test,na
2078-142845-0007_melvoc_mp3-64k,data/attacks/mp3-64k/2078-142845-0007_melvoc.wav,fake,attack,none,mp3-64k,mp3-64k,THEN PLACE THE PAN ON A STRONG CHAIR OR DRESSER OR TABLE OF CONVENIENT HEIGHT POUR INTO THE SPONGE THE REMAINDER OF THE WARM MILK AND WATER STIR INTO IT AS MUCH OF THE FLOUR AS YOU CAN WITH THE SPOON THEN WIPE IT OUT CLEAN WITH YOUR FINGERS AND LAY IT ASIDE,na,na,2078,16000,20.736,test,na
2078-142845-0007_melvoc_opus-32k,data/attacks/opus-32k/2078-142845-0007_melvoc.wav,fake,attack,none,opus-32k,opus-32k,THEN PLACE THE PAN ON A STRONG CHAIR OR DRESSER OR TABLE OF CONVENIENT HEIGHT POUR INTO THE SPONGE THE REMAINDER OF THE WARM MILK AND WATER STIR INTO IT AS MUCH OF THE FLOUR AS YOU CAN WITH THE SPOON THEN WIPE IT OUT CLEAN WITH YOUR FINGERS AND LAY IT ASIDE,na,na,2078,16000,20.736,test,na
2078-142845-0007_melvoc_g711-8k,data/attacks/g711-8k/2078-142845-0007_melvoc.wav,fake,attack,none,g711-8k,g711-8k,THEN PLACE THE PAN ON A STRONG CHAIR OR DRESSER OR TABLE OF CONVENIENT HEIGHT POUR INTO THE SPONGE THE REMAINDER OF THE WARM MILK AND WATER STIR INTO IT AS MUCH OF THE FLOUR AS YOU CAN WITH THE SPOON THEN WIPE IT OUT CLEAN WITH YOUR FINGERS AND LAY IT ASIDE,na,na,2078,16000,20.736,test,na
2078-142845-0007_melvoc_resample-8k,data/attacks/resample-8k/2078-142845-0007_melvoc.wav,fake,attack,none,resample-8k,8k-roundtrip,THEN PLACE THE PAN ON A STRONG CHAIR OR DRESSER OR TABLE OF CONVENIENT HEIGHT POUR INTO THE SPONGE THE REMAINDER OF THE WARM MILK AND WATER STIR INTO IT AS MUCH OF THE FLOUR AS YOU CAN WITH THE SPOON THEN WIPE IT OUT CLEAN WITH YOUR FINGERS AND LAY IT ASIDE,na,na,2078,16000,20.736,test,na
2078-142845-0007_melvoc_awgn-snr5,data/attacks/awgn-snr5/2078-142845-0007_melvoc.wav,fake,attack,none,awgn-snr5,snr5,THEN PLACE THE PAN ON A STRONG CHAIR OR DRESSER OR TABLE OF CONVENIENT HEIGHT POUR INTO THE SPONGE THE REMAINDER OF THE WARM MILK AND WATER STIR INTO IT AS MUCH OF THE FLOUR AS YOU CAN WITH THE SPOON THEN WIPE IT OUT CLEAN WITH YOUR FINGERS AND LAY IT ASIDE,na,na,2078,16000,20.736,test,na
2078-142845-0007_melvoc_awgn-snr10,data/attacks/awgn-snr10/2078-142845-0007_melvoc.wav,fake,attack,none,awgn-snr10,snr10,THEN PLACE THE PAN ON A STRONG CHAIR OR DRESSER OR TABLE OF CONVENIENT HEIGHT POUR INTO THE SPONGE THE REMAINDER OF THE WARM MILK AND WATER STIR INTO IT AS MUCH OF THE FLOUR AS YOU CAN WITH THE SPOON THEN WIPE IT OUT CLEAN WITH YOUR FINGERS AND LAY IT ASIDE,na,na,2078,16000,20.736,test,na
2078-142845-0007_melvoc_awgn-snr20,data/attacks/awgn-snr20/2078-142845-0007_melvoc.wav,fake,attack,none,awgn-snr20,snr20,THEN PLACE THE PAN ON A STRONG CHAIR OR DRESSER OR TABLE OF CONVENIENT HEIGHT POUR INTO THE SPONGE THE REMAINDER OF THE WARM MILK AND WATER STIR INTO IT AS MUCH OF THE FLOUR AS YOU CAN WITH THE SPOON THEN WIPE IT OUT CLEAN WITH YOUR FINGERS AND LAY IT ASIDE,na,na,2078,16000,20.736,test,na
2078-142845-0007_melvoc_bandpass-300-3400,data/attacks/bandpass-300-3400/2078-142845-0007_melvoc.wav,fake,attack,none,bandpass-300-3400,bandpass300-3400,THEN PLACE THE PAN ON A STRONG CHAIR OR DRESSER OR TABLE OF CONVENIENT HEIGHT POUR INTO THE SPONGE THE REMAINDER OF THE WARM MILK AND WATER STIR INTO IT AS MUCH OF THE FLOUR AS YOU CAN WITH THE SPOON THEN WIPE IT OUT CLEAN WITH YOUR FINGERS AND LAY IT ASIDE,na,na,2078,16000,20.736,test,na
2078-142845-0007_melvoc_reverb-rt60-0.2,data/attacks/reverb-rt60-0.2/2078-142845-0007_melvoc.wav,fake,attack,none,reverb-rt60-0.2,rt60-0.2,THEN PLACE THE PAN ON A STRONG CHAIR OR DRESSER OR TABLE OF CONVENIENT HEIGHT POUR INTO THE SPONGE THE REMAINDER OF THE WARM MILK AND WATER STIR INTO IT AS MUCH OF THE FLOUR AS YOU CAN WITH THE SPOON THEN WIPE IT OUT CLEAN WITH YOUR FINGERS AND LAY IT ASIDE,na,na,2078,16000,20.736,test,na
2078-142845-0007_melvoc_reverb-rt60-0.4,data/attacks/reverb-rt60-0.4/2078-142845-0007_melvoc.wav,fake,attack,none,reverb-rt60-0.4,rt60-0.4,THEN PLACE THE PAN ON A STRONG CHAIR OR DRESSER OR TABLE OF CONVENIENT HEIGHT POUR INTO THE SPONGE THE REMAINDER OF THE WARM MILK AND WATER STIR INTO IT AS MUCH OF THE FLOUR AS YOU CAN WITH THE SPOON THEN WIPE IT OUT CLEAN WITH YOUR FINGERS AND LAY IT ASIDE,na,na,2078,16000,20.736,test,na
2078-142845-0007_melvoc_reverb-rt60-0.8,data/attacks/reverb-rt60-0.8/2078-142845-0007_melvoc.wav,fake,attack,none,reverb-rt60-0.8,rt60-0.8,THEN PLACE THE PAN ON A STRONG CHAIR OR DRESSER OR TABLE OF CONVENIENT HEIGHT POUR INTO THE SPONGE THE REMAINDER OF THE WARM MILK AND WATER STIR INTO IT AS MUCH OF THE FLOUR AS YOU CAN WITH THE SPOON THEN WIPE IT OUT CLEAN WITH YOUR FINGERS AND LAY IT ASIDE,na,na,2078,16000,20.736,test,na
2078-142845-0007_melvoc_speed0.9,data/attacks/speed0.9/2078-142845-0007_melvoc.wav,fake,attack,none,speed0.9,speed0.9,THEN PLACE THE PAN ON A STRONG CHAIR OR DRESSER OR TABLE OF CONVENIENT HEIGHT POUR INTO THE SPONGE THE REMAINDER OF THE WARM MILK AND WATER STIR INTO IT AS MUCH OF THE FLOUR AS YOU CAN WITH THE SPOON THEN WIPE IT OUT CLEAN WITH YOUR FINGERS AND LAY IT ASIDE,na,na,2078,16000,23.04,test,na
2078-142845-0007_melvoc_speed1.1,data/attacks/speed1.1/2078-142845-0007_melvoc.wav,fake,attack,none,speed1.1,speed1.1,THEN PLACE THE PAN ON A STRONG CHAIR OR DRESSER OR TABLE OF CONVENIENT HEIGHT POUR INTO THE SPONGE THE REMAINDER OF THE WARM MILK AND WATER STIR INTO IT AS MUCH OF THE FLOUR AS YOU CAN WITH THE SPOON THEN WIPE IT OUT CLEAN WITH YOUR FINGERS AND LAY IT ASIDE,na,na,2078,16000,18.851,test,na
2078-142845-0007_pitch_mp3-128k,data/attacks/mp3-128k/2078-142845-0007_pitch.wav,fake,attack,none,mp3-128k,mp3-128k,THEN PLACE THE PAN ON A STRONG CHAIR OR DRESSER OR TABLE OF CONVENIENT HEIGHT POUR INTO THE SPONGE THE REMAINDER OF THE WARM MILK AND WATER STIR INTO IT AS MUCH OF THE FLOUR AS YOU CAN WITH THE SPOON THEN WIPE IT OUT CLEAN WITH YOUR FINGERS AND LAY IT ASIDE,na,na,2078,16000,20.74,test,na
2078-142845-0007_pitch_mp3-64k,data/attacks/mp3-64k/2078-142845-0007_pitch.wav,fake,attack,none,mp3-64k,mp3-64k,THEN PLACE THE PAN ON A STRONG CHAIR OR DRESSER OR TABLE OF CONVENIENT HEIGHT POUR INTO THE SPONGE THE REMAINDER OF THE WARM MILK AND WATER STIR INTO IT AS MUCH OF THE FLOUR AS YOU CAN WITH THE SPOON THEN WIPE IT OUT CLEAN WITH YOUR FINGERS AND LAY IT ASIDE,na,na,2078,16000,20.74,test,na
2078-142845-0007_pitch_opus-32k,data/attacks/opus-32k/2078-142845-0007_pitch.wav,fake,attack,none,opus-32k,opus-32k,THEN PLACE THE PAN ON A STRONG CHAIR OR DRESSER OR TABLE OF CONVENIENT HEIGHT POUR INTO THE SPONGE THE REMAINDER OF THE WARM MILK AND WATER STIR INTO IT AS MUCH OF THE FLOUR AS YOU CAN WITH THE SPOON THEN WIPE IT OUT CLEAN WITH YOUR FINGERS AND LAY IT ASIDE,na,na,2078,16000,20.74,test,na
2078-142845-0007_pitch_g711-8k,data/attacks/g711-8k/2078-142845-0007_pitch.wav,fake,attack,none,g711-8k,g711-8k,THEN PLACE THE PAN ON A STRONG CHAIR OR DRESSER OR TABLE OF CONVENIENT HEIGHT POUR INTO THE SPONGE THE REMAINDER OF THE WARM MILK AND WATER STIR INTO IT AS MUCH OF THE FLOUR AS YOU CAN WITH THE SPOON THEN WIPE IT OUT CLEAN WITH YOUR FINGERS AND LAY IT ASIDE,na,na,2078,16000,20.74,test,na
2078-142845-0007_pitch_resample-8k,data/attacks/resample-8k/2078-142845-0007_pitch.wav,fake,attack,none,resample-8k,8k-roundtrip,THEN PLACE THE PAN ON A STRONG CHAIR OR DRESSER OR TABLE OF CONVENIENT HEIGHT POUR INTO THE SPONGE THE REMAINDER OF THE WARM MILK AND WATER STIR INTO IT AS MUCH OF THE FLOUR AS YOU CAN WITH THE SPOON THEN WIPE IT OUT CLEAN WITH YOUR FINGERS AND LAY IT ASIDE,na,na,2078,16000,20.74,test,na
2078-142845-0007_pitch_awgn-snr5,data/attacks/awgn-snr5/2078-142845-0007_pitch.wav,fake,attack,none,awgn-snr5,snr5,THEN PLACE THE PAN ON A STRONG CHAIR OR DRESSER OR TABLE OF CONVENIENT HEIGHT POUR INTO THE SPONGE THE REMAINDER OF THE WARM MILK AND WATER STIR INTO IT AS MUCH OF THE FLOUR AS YOU CAN WITH THE SPOON THEN WIPE IT OUT CLEAN WITH YOUR FINGERS AND LAY IT ASIDE,na,na,2078,16000,20.74,test,na
2078-142845-0007_pitch_awgn-snr10,data/attacks/awgn-snr10/2078-142845-0007_pitch.wav,fake,attack,none,awgn-snr10,snr10,THEN PLACE THE PAN ON A STRONG CHAIR OR DRESSER OR TABLE OF CONVENIENT HEIGHT POUR INTO THE SPONGE THE REMAINDER OF THE WARM MILK AND WATER STIR INTO IT AS MUCH OF THE FLOUR AS YOU CAN WITH THE SPOON THEN WIPE IT OUT CLEAN WITH YOUR FINGERS AND LAY IT ASIDE,na,na,2078,16000,20.74,test,na
2078-142845-0007_pitch_awgn-snr20,data/attacks/awgn-snr20/2078-142845-0007_pitch.wav,fake,attack,none,awgn-snr20,snr20,THEN PLACE THE PAN ON A STRONG CHAIR OR DRESSER OR TABLE OF CONVENIENT HEIGHT POUR INTO THE SPONGE THE REMAINDER OF THE WARM MILK AND WATER STIR INTO IT AS MUCH OF THE FLOUR AS YOU CAN WITH THE SPOON THEN WIPE IT OUT CLEAN WITH YOUR FINGERS AND LAY IT ASIDE,na,na,2078,16000,20.74,test,na
2078-142845-0007_pitch_bandpass-300-3400,data/attacks/bandpass-300-3400/2078-142845-0007_pitch.wav,fake,attack,none,bandpass-300-3400,bandpass300-3400,THEN PLACE THE PAN ON A STRONG CHAIR OR DRESSER OR TABLE OF CONVENIENT HEIGHT POUR INTO THE SPONGE THE REMAINDER OF THE WARM MILK AND WATER STIR INTO IT AS MUCH OF THE FLOUR AS YOU CAN WITH THE SPOON THEN WIPE IT OUT CLEAN WITH YOUR FINGERS AND LAY IT ASIDE,na,na,2078,16000,20.74,test,na
2078-142845-0007_pitch_reverb-rt60-0.2,data/attacks/reverb-rt60-0.2/2078-142845-0007_pitch.wav,fake,attack,none,reverb-rt60-0.2,rt60-0.2,THEN PLACE THE PAN ON A STRONG CHAIR OR DRESSER OR TABLE OF CONVENIENT HEIGHT POUR INTO THE SPONGE THE REMAINDER OF THE WARM MILK AND WATER STIR INTO IT AS MUCH OF THE FLOUR AS YOU CAN WITH THE SPOON THEN WIPE IT OUT CLEAN WITH YOUR FINGERS AND LAY IT ASIDE,na,na,2078,16000,20.74,test,na
2078-142845-0007_pitch_reverb-rt60-0.4,data/attacks/reverb-rt60-0.4/2078-142845-0007_pitch.wav,fake,attack,none,reverb-rt60-0.4,rt60-0.4,THEN PLACE THE PAN ON A STRONG CHAIR OR DRESSER OR TABLE OF CONVENIENT HEIGHT POUR INTO THE SPONGE THE REMAINDER OF THE WARM MILK AND WATER STIR INTO IT AS MUCH OF THE FLOUR AS YOU CAN WITH THE SPOON THEN WIPE IT OUT CLEAN WITH YOUR FINGERS AND LAY IT ASIDE,na,na,2078,16000,20.74,test,na
2078-142845-0007_pitch_reverb-rt60-0.8,data/attacks/reverb-rt60-0.8/2078-142845-0007_pitch.wav,fake,attack,none,reverb-rt60-0.8,rt60-0.8,THEN PLACE THE PAN ON A STRONG CHAIR OR DRESSER OR TABLE OF CONVENIENT HEIGHT POUR INTO THE SPONGE THE REMAINDER OF THE WARM MILK AND WATER STIR INTO IT AS MUCH OF THE FLOUR AS YOU CAN WITH THE SPOON THEN WIPE IT OUT CLEAN WITH YOUR FINGERS AND LAY IT ASIDE,na,na,2078,16000,20.74,test,na
2078-142845-0007_pitch_speed0.9,data/attacks/speed0.9/2078-142845-0007_pitch.wav,fake,attack,none,speed0.9,speed0.9,THEN PLACE THE PAN ON A STRONG CHAIR OR DRESSER OR TABLE OF CONVENIENT HEIGHT POUR INTO THE SPONGE THE REMAINDER OF THE WARM MILK AND WATER STIR INTO IT AS MUCH OF THE FLOUR AS YOU CAN WITH THE SPOON THEN WIPE IT OUT CLEAN WITH YOUR FINGERS AND LAY IT ASIDE,na,na,2078,16000,23.044,test,na
2078-142845-0007_pitch_speed1.1,data/attacks/speed1.1/2078-142845-0007_pitch.wav,fake,attack,none,speed1.1,speed1.1,THEN PLACE THE PAN ON A STRONG CHAIR OR DRESSER OR TABLE OF CONVENIENT HEIGHT POUR INTO THE SPONGE THE REMAINDER OF THE WARM MILK AND WATER STIR INTO IT AS MUCH OF THE FLOUR AS YOU CAN WITH THE SPOON THEN WIPE IT OUT CLEAN WITH YOUR FINGERS AND LAY IT ASIDE,na,na,2078,16000,18.855,test,na
2078-142845-0008_formant_mp3-128k,data/attacks/mp3-128k/2078-142845-0008_formant.wav,fake,attack,none,mp3-128k,mp3-128k,TURN IT THEN ON TO A PASTE BOARD OR VERY CLEAN DRESSER AND WITH A LARGE SHARP KNIFE DIVIDE IT IN TWO MAKE IT UP QUICKLY INTO LOAVES AND DISPATCH IT TO THE OVEN MAKE ONE OR TWO INCISIONS ACROSS THE TOPS OF THE LOAVES AS THEY WILL RISE MORE EASILY IF THIS BE DONE,na,na,2078,16000,19.38,test,na
2078-142845-0008_formant_mp3-64k,data/attacks/mp3-64k/2078-142845-0008_formant.wav,fake,attack,none,mp3-64k,mp3-64k,TURN IT THEN ON TO A PASTE BOARD OR VERY CLEAN DRESSER AND WITH A LARGE SHARP KNIFE DIVIDE IT IN TWO MAKE IT UP QUICKLY INTO LOAVES AND DISPATCH IT TO THE OVEN MAKE ONE OR TWO INCISIONS ACROSS THE TOPS OF THE LOAVES AS THEY WILL RISE MORE EASILY IF THIS BE DONE,na,na,2078,16000,19.38,test,na
2078-142845-0008_formant_opus-32k,data/attacks/opus-32k/2078-142845-0008_formant.wav,fake,attack,none,opus-32k,opus-32k,TURN IT THEN ON TO A PASTE BOARD OR VERY CLEAN DRESSER AND WITH A LARGE SHARP KNIFE DIVIDE IT IN TWO MAKE IT UP QUICKLY INTO LOAVES AND DISPATCH IT TO THE OVEN MAKE ONE OR TWO INCISIONS ACROSS THE TOPS OF THE LOAVES AS THEY WILL RISE MORE EASILY IF THIS BE DONE,na,na,2078,16000,19.38,test,na
2078-142845-0008_formant_g711-8k,data/attacks/g711-8k/2078-142845-0008_formant.wav,fake,attack,none,g711-8k,g711-8k,TURN IT THEN ON TO A PASTE BOARD OR VERY CLEAN DRESSER AND WITH A LARGE SHARP KNIFE DIVIDE IT IN TWO MAKE IT UP QUICKLY INTO LOAVES AND DISPATCH IT TO THE OVEN MAKE ONE OR TWO INCISIONS ACROSS THE TOPS OF THE LOAVES AS THEY WILL RISE MORE EASILY IF THIS BE DONE,na,na,2078,16000,19.38,test,na
2078-142845-0008_formant_resample-8k,data/attacks/resample-8k/2078-142845-0008_formant.wav,fake,attack,none,resample-8k,8k-roundtrip,TURN IT THEN ON TO A PASTE BOARD OR VERY CLEAN DRESSER AND WITH A LARGE SHARP KNIFE DIVIDE IT IN TWO MAKE IT UP QUICKLY INTO LOAVES AND DISPATCH IT TO THE OVEN MAKE ONE OR TWO INCISIONS ACROSS THE TOPS OF THE LOAVES AS THEY WILL RISE MORE EASILY IF THIS BE DONE,na,na,2078,16000,19.38,test,na
2078-142845-0008_formant_awgn-snr5,data/attacks/awgn-snr5/2078-142845-0008_formant.wav,fake,attack,none,awgn-snr5,snr5,TURN IT THEN ON TO A PASTE BOARD OR VERY CLEAN DRESSER AND WITH A LARGE SHARP KNIFE DIVIDE IT IN TWO MAKE IT UP QUICKLY INTO LOAVES AND DISPATCH IT TO THE OVEN MAKE ONE OR TWO INCISIONS ACROSS THE TOPS OF THE LOAVES AS THEY WILL RISE MORE EASILY IF THIS BE DONE,na,na,2078,16000,19.38,test,na
2078-142845-0008_formant_awgn-snr10,data/attacks/awgn-snr10/2078-142845-0008_formant.wav,fake,attack,none,awgn-snr10,snr10,TURN IT THEN ON TO A PASTE BOARD OR VERY CLEAN DRESSER AND WITH A LARGE SHARP KNIFE DIVIDE IT IN TWO MAKE IT UP QUICKLY INTO LOAVES AND DISPATCH IT TO THE OVEN MAKE ONE OR TWO INCISIONS ACROSS THE TOPS OF THE LOAVES AS THEY WILL RISE MORE EASILY IF THIS BE DONE,na,na,2078,16000,19.38,test,na
2078-142845-0008_formant_awgn-snr20,data/attacks/awgn-snr20/2078-142845-0008_formant.wav,fake,attack,none,awgn-snr20,snr20,TURN IT THEN ON TO A PASTE BOARD OR VERY CLEAN DRESSER AND WITH A LARGE SHARP KNIFE DIVIDE IT IN TWO MAKE IT UP QUICKLY INTO LOAVES AND DISPATCH IT TO THE OVEN MAKE ONE OR TWO INCISIONS ACROSS THE TOPS OF THE LOAVES AS THEY WILL RISE MORE EASILY IF THIS BE DONE,na,na,2078,16000,19.38,test,na
2078-142845-0008_formant_bandpass-300-3400,data/attacks/bandpass-300-3400/2078-142845-0008_formant.wav,fake,attack,none,bandpass-300-3400,bandpass300-3400,TURN IT THEN ON TO A PASTE BOARD OR VERY CLEAN DRESSER AND WITH A LARGE SHARP KNIFE DIVIDE IT IN TWO MAKE IT UP QUICKLY INTO LOAVES AND DISPATCH IT TO THE OVEN MAKE ONE OR TWO INCISIONS ACROSS THE TOPS OF THE LOAVES AS THEY WILL RISE MORE EASILY IF THIS BE DONE,na,na,2078,16000,19.38,test,na
2078-142845-0008_formant_reverb-rt60-0.2,data/attacks/reverb-rt60-0.2/2078-142845-0008_formant.wav,fake,attack,none,reverb-rt60-0.2,rt60-0.2,TURN IT THEN ON TO A PASTE BOARD OR VERY CLEAN DRESSER AND WITH A LARGE SHARP KNIFE DIVIDE IT IN TWO MAKE IT UP QUICKLY INTO LOAVES AND DISPATCH IT TO THE OVEN MAKE ONE OR TWO INCISIONS ACROSS THE TOPS OF THE LOAVES AS THEY WILL RISE MORE EASILY IF THIS BE DONE,na,na,2078,16000,19.38,test,na
2078-142845-0008_formant_reverb-rt60-0.4,data/attacks/reverb-rt60-0.4/2078-142845-0008_formant.wav,fake,attack,none,reverb-rt60-0.4,rt60-0.4,TURN IT THEN ON TO A PASTE BOARD OR VERY CLEAN DRESSER AND WITH A LARGE SHARP KNIFE DIVIDE IT IN TWO MAKE IT UP QUICKLY INTO LOAVES AND DISPATCH IT TO THE OVEN MAKE ONE OR TWO INCISIONS ACROSS THE TOPS OF THE LOAVES AS THEY WILL RISE MORE EASILY IF THIS BE DONE,na,na,2078,16000,19.38,test,na
2078-142845-0008_formant_reverb-rt60-0.8,data/attacks/reverb-rt60-0.8/2078-142845-0008_formant.wav,fake,attack,none,reverb-rt60-0.8,rt60-0.8,TURN IT THEN ON TO A PASTE BOARD OR VERY CLEAN DRESSER AND WITH A LARGE SHARP KNIFE DIVIDE IT IN TWO MAKE IT UP QUICKLY INTO LOAVES AND DISPATCH IT TO THE OVEN MAKE ONE OR TWO INCISIONS ACROSS THE TOPS OF THE LOAVES AS THEY WILL RISE MORE EASILY IF THIS BE DONE,na,na,2078,16000,19.38,test,na
2078-142845-0008_formant_speed0.9,data/attacks/speed0.9/2078-142845-0008_formant.wav,fake,attack,none,speed0.9,speed0.9,TURN IT THEN ON TO A PASTE BOARD OR VERY CLEAN DRESSER AND WITH A LARGE SHARP KNIFE DIVIDE IT IN TWO MAKE IT UP QUICKLY INTO LOAVES AND DISPATCH IT TO THE OVEN MAKE ONE OR TWO INCISIONS ACROSS THE TOPS OF THE LOAVES AS THEY WILL RISE MORE EASILY IF THIS BE DONE,na,na,2078,16000,21.533,test,na
2078-142845-0008_formant_speed1.1,data/attacks/speed1.1/2078-142845-0008_formant.wav,fake,attack,none,speed1.1,speed1.1,TURN IT THEN ON TO A PASTE BOARD OR VERY CLEAN DRESSER AND WITH A LARGE SHARP KNIFE DIVIDE IT IN TWO MAKE IT UP QUICKLY INTO LOAVES AND DISPATCH IT TO THE OVEN MAKE ONE OR TWO INCISIONS ACROSS THE TOPS OF THE LOAVES AS THEY WILL RISE MORE EASILY IF THIS BE DONE,na,na,2078,16000,17.618,test,na
2086-149214-0000_formant_mp3-128k,data/attacks/mp3-128k/2086-149214-0000_formant.wav,fake,attack,none,mp3-128k,mp3-128k,THE NARRATIVE IT MAY BE IS WOVEN OF SO HUMBLE A TEXTURE AS TO REQUIRE THIS ADVANTAGE AND AT THE SAME TIME TO RENDER IT THE MORE DIFFICULT OF ATTAINMENT,na,na,2086,16000,9.81,test,na
2086-149214-0000_formant_mp3-64k,data/attacks/mp3-64k/2086-149214-0000_formant.wav,fake,attack,none,mp3-64k,mp3-64k,THE NARRATIVE IT MAY BE IS WOVEN OF SO HUMBLE A TEXTURE AS TO REQUIRE THIS ADVANTAGE AND AT THE SAME TIME TO RENDER IT THE MORE DIFFICULT OF ATTAINMENT,na,na,2086,16000,9.81,test,na
2086-149214-0000_formant_opus-32k,data/attacks/opus-32k/2086-149214-0000_formant.wav,fake,attack,none,opus-32k,opus-32k,THE NARRATIVE IT MAY BE IS WOVEN OF SO HUMBLE A TEXTURE AS TO REQUIRE THIS ADVANTAGE AND AT THE SAME TIME TO RENDER IT THE MORE DIFFICULT OF ATTAINMENT,na,na,2086,16000,9.81,test,na
2086-149214-0000_formant_g711-8k,data/attacks/g711-8k/2086-149214-0000_formant.wav,fake,attack,none,g711-8k,g711-8k,THE NARRATIVE IT MAY BE IS WOVEN OF SO HUMBLE A TEXTURE AS TO REQUIRE THIS ADVANTAGE AND AT THE SAME TIME TO RENDER IT THE MORE DIFFICULT OF ATTAINMENT,na,na,2086,16000,9.81,test,na
2086-149214-0000_formant_resample-8k,data/attacks/resample-8k/2086-149214-0000_formant.wav,fake,attack,none,resample-8k,8k-roundtrip,THE NARRATIVE IT MAY BE IS WOVEN OF SO HUMBLE A TEXTURE AS TO REQUIRE THIS ADVANTAGE AND AT THE SAME TIME TO RENDER IT THE MORE DIFFICULT OF ATTAINMENT,na,na,2086,16000,9.81,test,na
2086-149214-0000_formant_awgn-snr5,data/attacks/awgn-snr5/2086-149214-0000_formant.wav,fake,attack,none,awgn-snr5,snr5,THE NARRATIVE IT MAY BE IS WOVEN OF SO HUMBLE A TEXTURE AS TO REQUIRE THIS ADVANTAGE AND AT THE SAME TIME TO RENDER IT THE MORE DIFFICULT OF ATTAINMENT,na,na,2086,16000,9.81,test,na
2086-149214-0000_formant_awgn-snr10,data/attacks/awgn-snr10/2086-149214-0000_formant.wav,fake,attack,none,awgn-snr10,snr10,THE NARRATIVE IT MAY BE IS WOVEN OF SO HUMBLE A TEXTURE AS TO REQUIRE THIS ADVANTAGE AND AT THE SAME TIME TO RENDER IT THE MORE DIFFICULT OF ATTAINMENT,na,na,2086,16000,9.81,test,na
2086-149214-0000_formant_awgn-snr20,data/attacks/awgn-snr20/2086-149214-0000_formant.wav,fake,attack,none,awgn-snr20,snr20,THE NARRATIVE IT MAY BE IS WOVEN OF SO HUMBLE A TEXTURE AS TO REQUIRE THIS ADVANTAGE AND AT THE SAME TIME TO RENDER IT THE MORE DIFFICULT OF ATTAINMENT,na,na,2086,16000,9.81,test,na
2086-149214-0000_formant_bandpass-300-3400,data/attacks/bandpass-300-3400/2086-149214-0000_formant.wav,fake,attack,none,bandpass-300-3400,bandpass300-3400,THE NARRATIVE IT MAY BE IS WOVEN OF SO HUMBLE A TEXTURE AS TO REQUIRE THIS ADVANTAGE AND AT THE SAME TIME TO RENDER IT THE MORE DIFFICULT OF ATTAINMENT,na,na,2086,16000,9.81,test,na
2086-149214-0000_formant_reverb-rt60-0.2,data/attacks/reverb-rt60-0.2/2086-149214-0000_formant.wav,fake,attack,none,reverb-rt60-0.2,rt60-0.2,THE NARRATIVE IT MAY BE IS WOVEN OF SO HUMBLE A TEXTURE AS TO REQUIRE THIS ADVANTAGE AND AT THE SAME TIME TO RENDER IT THE MORE DIFFICULT OF ATTAINMENT,na,na,2086,16000,9.81,test,na
2086-149214-0000_formant_reverb-rt60-0.4,data/attacks/reverb-rt60-0.4/2086-149214-0000_formant.wav,fake,attack,none,reverb-rt60-0.4,rt60-0.4,THE NARRATIVE IT MAY BE IS WOVEN OF SO HUMBLE A TEXTURE AS TO REQUIRE THIS ADVANTAGE AND AT THE SAME TIME TO RENDER IT THE MORE DIFFICULT OF ATTAINMENT,na,na,2086,16000,9.81,test,na
2086-149214-0000_formant_reverb-rt60-0.8,data/attacks/reverb-rt60-0.8/2086-149214-0000_formant.wav,fake,attack,none,reverb-rt60-0.8,rt60-0.8,THE NARRATIVE IT MAY BE IS WOVEN OF SO HUMBLE A TEXTURE AS TO REQUIRE THIS ADVANTAGE AND AT THE SAME TIME TO RENDER IT THE MORE DIFFICULT OF ATTAINMENT,na,na,2086,16000,9.81,test,na
2086-149214-0000_formant_speed0.9,data/attacks/speed0.9/2086-149214-0000_formant.wav,fake,attack,none,speed0.9,speed0.9,THE NARRATIVE IT MAY BE IS WOVEN OF SO HUMBLE A TEXTURE AS TO REQUIRE THIS ADVANTAGE AND AT THE SAME TIME TO RENDER IT THE MORE DIFFICULT OF ATTAINMENT,na,na,2086,16000,10.9,test,na
2086-149214-0000_formant_speed1.1,data/attacks/speed1.1/2086-149214-0000_formant.wav,fake,attack,none,speed1.1,speed1.1,THE NARRATIVE IT MAY BE IS WOVEN OF SO HUMBLE A TEXTURE AS TO REQUIRE THIS ADVANTAGE AND AT THE SAME TIME TO RENDER IT THE MORE DIFFICULT OF ATTAINMENT,na,na,2086,16000,8.918,test,na
2086-149214-0000_melvoc_mp3-128k,data/attacks/mp3-128k/2086-149214-0000_melvoc.wav,fake,attack,none,mp3-128k,mp3-128k,THE NARRATIVE IT MAY BE IS WOVEN OF SO HUMBLE A TEXTURE AS TO REQUIRE THIS ADVANTAGE AND AT THE SAME TIME TO RENDER IT THE MORE DIFFICULT OF ATTAINMENT,na,na,2086,16000,9.808,test,na
2086-149214-0000_melvoc_mp3-64k,data/attacks/mp3-64k/2086-149214-0000_melvoc.wav,fake,attack,none,mp3-64k,mp3-64k,THE NARRATIVE IT MAY BE IS WOVEN OF SO HUMBLE A TEXTURE AS TO REQUIRE THIS ADVANTAGE AND AT THE SAME TIME TO RENDER IT THE MORE DIFFICULT OF ATTAINMENT,na,na,2086,16000,9.808,test,na
2086-149214-0000_melvoc_opus-32k,data/attacks/opus-32k/2086-149214-0000_melvoc.wav,fake,attack,none,opus-32k,opus-32k,THE NARRATIVE IT MAY BE IS WOVEN OF SO HUMBLE A TEXTURE AS TO REQUIRE THIS ADVANTAGE AND AT THE SAME TIME TO RENDER IT THE MORE DIFFICULT OF ATTAINMENT,na,na,2086,16000,9.808,test,na
2086-149214-0000_melvoc_g711-8k,data/attacks/g711-8k/2086-149214-0000_melvoc.wav,fake,attack,none,g711-8k,g711-8k,THE NARRATIVE IT MAY BE IS WOVEN OF SO HUMBLE A TEXTURE AS TO REQUIRE THIS ADVANTAGE AND AT THE SAME TIME TO RENDER IT THE MORE DIFFICULT OF ATTAINMENT,na,na,2086,16000,9.808,test,na
2086-149214-0000_melvoc_resample-8k,data/attacks/resample-8k/2086-149214-0000_melvoc.wav,fake,attack,none,resample-8k,8k-roundtrip,THE NARRATIVE IT MAY BE IS WOVEN OF SO HUMBLE A TEXTURE AS TO REQUIRE THIS ADVANTAGE AND AT THE SAME TIME TO RENDER IT THE MORE DIFFICULT OF ATTAINMENT,na,na,2086,16000,9.808,test,na
2086-149214-0000_melvoc_awgn-snr5,data/attacks/awgn-snr5/2086-149214-0000_melvoc.wav,fake,attack,none,awgn-snr5,snr5,THE NARRATIVE IT MAY BE IS WOVEN OF SO HUMBLE A TEXTURE AS TO REQUIRE THIS ADVANTAGE AND AT THE SAME TIME TO RENDER IT THE MORE DIFFICULT OF ATTAINMENT,na,na,2086,16000,9.808,test,na
2086-149214-0000_melvoc_awgn-snr10,data/attacks/awgn-snr10/2086-149214-0000_melvoc.wav,fake,attack,none,awgn-snr10,snr10,THE NARRATIVE IT MAY BE IS WOVEN OF SO HUMBLE A TEXTURE AS TO REQUIRE THIS ADVANTAGE AND AT THE SAME TIME TO RENDER IT THE MORE DIFFICULT OF ATTAINMENT,na,na,2086,16000,9.808,test,na
2086-149214-0000_melvoc_awgn-snr20,data/attacks/awgn-snr20/2086-149214-0000_melvoc.wav,fake,attack,none,awgn-snr20,snr20,THE NARRATIVE IT MAY BE IS WOVEN OF SO HUMBLE A TEXTURE AS TO REQUIRE THIS ADVANTAGE AND AT THE SAME TIME TO RENDER IT THE MORE DIFFICULT OF ATTAINMENT,na,na,2086,16000,9.808,test,na
2086-149214-0000_melvoc_bandpass-300-3400,data/attacks/bandpass-300-3400/2086-149214-0000_melvoc.wav,fake,attack,none,bandpass-300-3400,bandpass300-3400,THE NARRATIVE IT MAY BE IS WOVEN OF SO HUMBLE A TEXTURE AS TO REQUIRE THIS ADVANTAGE AND AT THE SAME TIME TO RENDER IT THE MORE DIFFICULT OF ATTAINMENT,na,na,2086,16000,9.808,test,na
2086-149214-0000_melvoc_reverb-rt60-0.2,data/attacks/reverb-rt60-0.2/2086-149214-0000_melvoc.wav,fake,attack,none,reverb-rt60-0.2,rt60-0.2,THE NARRATIVE IT MAY BE IS WOVEN OF SO HUMBLE A TEXTURE AS TO REQUIRE THIS ADVANTAGE AND AT THE SAME TIME TO RENDER IT THE MORE DIFFICULT OF ATTAINMENT,na,na,2086,16000,9.808,test,na
2086-149214-0000_melvoc_reverb-rt60-0.4,data/attacks/reverb-rt60-0.4/2086-149214-0000_melvoc.wav,fake,attack,none,reverb-rt60-0.4,rt60-0.4,THE NARRATIVE IT MAY BE IS WOVEN OF SO HUMBLE A TEXTURE AS TO REQUIRE THIS ADVANTAGE AND AT THE SAME TIME TO RENDER IT THE MORE DIFFICULT OF ATTAINMENT,na,na,2086,16000,9.808,test,na
2086-149214-0000_melvoc_reverb-rt60-0.8,data/attacks/reverb-rt60-0.8/2086-149214-0000_melvoc.wav,fake,attack,none,reverb-rt60-0.8,rt60-0.8,THE NARRATIVE IT MAY BE IS WOVEN OF SO HUMBLE A TEXTURE AS TO REQUIRE THIS ADVANTAGE AND AT THE SAME TIME TO RENDER IT THE MORE DIFFICULT OF ATTAINMENT,na,na,2086,16000,9.808,test,na
2086-149214-0000_melvoc_speed0.9,data/attacks/speed0.9/2086-149214-0000_melvoc.wav,fake,attack,none,speed0.9,speed0.9,THE NARRATIVE IT MAY BE IS WOVEN OF SO HUMBLE A TEXTURE AS TO REQUIRE THIS ADVANTAGE AND AT THE SAME TIME TO RENDER IT THE MORE DIFFICULT OF ATTAINMENT,na,na,2086,16000,10.898,test,na
2086-149214-0000_melvoc_speed1.1,data/attacks/speed1.1/2086-149214-0000_melvoc.wav,fake,attack,none,speed1.1,speed1.1,THE NARRATIVE IT MAY BE IS WOVEN OF SO HUMBLE A TEXTURE AS TO REQUIRE THIS ADVANTAGE AND AT THE SAME TIME TO RENDER IT THE MORE DIFFICULT OF ATTAINMENT,na,na,2086,16000,8.916,test,na
2086-149214-0000_pitch_mp3-128k,data/attacks/mp3-128k/2086-149214-0000_pitch.wav,fake,attack,none,mp3-128k,mp3-128k,THE NARRATIVE IT MAY BE IS WOVEN OF SO HUMBLE A TEXTURE AS TO REQUIRE THIS ADVANTAGE AND AT THE SAME TIME TO RENDER IT THE MORE DIFFICULT OF ATTAINMENT,na,na,2086,16000,9.81,test,na
2086-149214-0000_pitch_mp3-64k,data/attacks/mp3-64k/2086-149214-0000_pitch.wav,fake,attack,none,mp3-64k,mp3-64k,THE NARRATIVE IT MAY BE IS WOVEN OF SO HUMBLE A TEXTURE AS TO REQUIRE THIS ADVANTAGE AND AT THE SAME TIME TO RENDER IT THE MORE DIFFICULT OF ATTAINMENT,na,na,2086,16000,9.81,test,na
2086-149214-0000_pitch_opus-32k,data/attacks/opus-32k/2086-149214-0000_pitch.wav,fake,attack,none,opus-32k,opus-32k,THE NARRATIVE IT MAY BE IS WOVEN OF SO HUMBLE A TEXTURE AS TO REQUIRE THIS ADVANTAGE AND AT THE SAME TIME TO RENDER IT THE MORE DIFFICULT OF ATTAINMENT,na,na,2086,16000,9.81,test,na
2086-149214-0000_pitch_g711-8k,data/attacks/g711-8k/2086-149214-0000_pitch.wav,fake,attack,none,g711-8k,g711-8k,THE NARRATIVE IT MAY BE IS WOVEN OF SO HUMBLE A TEXTURE AS TO REQUIRE THIS ADVANTAGE AND AT THE SAME TIME TO RENDER IT THE MORE DIFFICULT OF ATTAINMENT,na,na,2086,16000,9.81,test,na
2086-149214-0000_pitch_resample-8k,data/attacks/resample-8k/2086-149214-0000_pitch.wav,fake,attack,none,resample-8k,8k-roundtrip,THE NARRATIVE IT MAY BE IS WOVEN OF SO HUMBLE A TEXTURE AS TO REQUIRE THIS ADVANTAGE AND AT THE SAME TIME TO RENDER IT THE MORE DIFFICULT OF ATTAINMENT,na,na,2086,16000,9.81,test,na
2086-149214-0000_pitch_awgn-snr5,data/attacks/awgn-snr5/2086-149214-0000_pitch.wav,fake,attack,none,awgn-snr5,snr5,THE NARRATIVE IT MAY BE IS WOVEN OF SO HUMBLE A TEXTURE AS TO REQUIRE THIS ADVANTAGE AND AT THE SAME TIME TO RENDER IT THE MORE DIFFICULT OF ATTAINMENT,na,na,2086,16000,9.81,test,na
2086-149214-0000_pitch_awgn-snr10,data/attacks/awgn-snr10/2086-149214-0000_pitch.wav,fake,attack,none,awgn-snr10,snr10,THE NARRATIVE IT MAY BE IS WOVEN OF SO HUMBLE A TEXTURE AS TO REQUIRE THIS ADVANTAGE AND AT THE SAME TIME TO RENDER IT THE MORE DIFFICULT OF ATTAINMENT,na,na,2086,16000,9.81,test,na
2086-149214-0000_pitch_awgn-snr20,data/attacks/awgn-snr20/2086-149214-0000_pitch.wav,fake,attack,none,awgn-snr20,snr20,THE NARRATIVE IT MAY BE IS WOVEN OF SO HUMBLE A TEXTURE AS TO REQUIRE THIS ADVANTAGE AND AT THE SAME TIME TO RENDER IT THE MORE DIFFICULT OF ATTAINMENT,na,na,2086,16000,9.81,test,na
2086-149214-0000_pitch_bandpass-300-3400,data/attacks/bandpass-300-3400/2086-149214-0000_pitch.wav,fake,attack,none,bandpass-300-3400,bandpass300-3400,THE NARRATIVE IT MAY BE IS WOVEN OF SO HUMBLE A TEXTURE AS TO REQUIRE THIS ADVANTAGE AND AT THE SAME TIME TO RENDER IT THE MORE DIFFICULT OF ATTAINMENT,na,na,2086,16000,9.81,test,na
2086-149214-0000_pitch_reverb-rt60-0.2,data/attacks/reverb-rt60-0.2/2086-149214-0000_pitch.wav,fake,attack,none,reverb-rt60-0.2,rt60-0.2,THE NARRATIVE IT MAY BE IS WOVEN OF SO HUMBLE A TEXTURE AS TO REQUIRE THIS ADVANTAGE AND AT THE SAME TIME TO RENDER IT THE MORE DIFFICULT OF ATTAINMENT,na,na,2086,16000,9.81,test,na
2086-149214-0000_pitch_reverb-rt60-0.4,data/attacks/reverb-rt60-0.4/2086-149214-0000_pitch.wav,fake,attack,none,reverb-rt60-0.4,rt60-0.4,THE NARRATIVE IT MAY BE IS WOVEN OF SO HUMBLE A TEXTURE AS TO REQUIRE THIS ADVANTAGE AND AT THE SAME TIME TO RENDER IT THE MORE DIFFICULT OF ATTAINMENT,na,na,2086,16000,9.81,test,na
2086-149214-0000_pitch_reverb-rt60-0.8,data/attacks/reverb-rt60-0.8/2086-149214-0000_pitch.wav,fake,attack,none,reverb-rt60-0.8,rt60-0.8,THE NARRATIVE IT MAY BE IS WOVEN OF SO HUMBLE A TEXTURE AS TO REQUIRE THIS ADVANTAGE AND AT THE SAME TIME TO RENDER IT THE MORE DIFFICULT OF ATTAINMENT,na,na,2086,16000,9.81,test,na
2086-149214-0000_pitch_speed0.9,data/attacks/speed0.9/2086-149214-0000_pitch.wav,fake,attack,none,speed0.9,speed0.9,THE NARRATIVE IT MAY BE IS WOVEN OF SO HUMBLE A TEXTURE AS TO REQUIRE THIS ADVANTAGE AND AT THE SAME TIME TO RENDER IT THE MORE DIFFICULT OF ATTAINMENT,na,na,2086,16000,10.9,test,na
2086-149214-0000_pitch_speed1.1,data/attacks/speed1.1/2086-149214-0000_pitch.wav,fake,attack,none,speed1.1,speed1.1,THE NARRATIVE IT MAY BE IS WOVEN OF SO HUMBLE A TEXTURE AS TO REQUIRE THIS ADVANTAGE AND AT THE SAME TIME TO RENDER IT THE MORE DIFFICULT OF ATTAINMENT,na,na,2086,16000,8.918,test,na
2086-149214-0001_formant_mp3-128k,data/attacks/mp3-128k/2086-149214-0001_formant.wav,fake,attack,none,mp3-128k,mp3-128k,IN GOOD FAITH HOWEVER HE IS NOT SUFFICIENTLY IMAGINATIVE TO FLATTER HIMSELF WITH THE SLIGHTEST HOPE OF THIS KIND,na,na,2086,16000,6.97,test,na
2086-149214-0001_formant_mp3-64k,data/attacks/mp3-64k/2086-149214-0001_formant.wav,fake,attack,none,mp3-64k,mp3-64k,IN GOOD FAITH HOWEVER HE IS NOT SUFFICIENTLY IMAGINATIVE TO FLATTER HIMSELF WITH THE SLIGHTEST HOPE OF THIS KIND,na,na,2086,16000,6.97,test,na
2086-149214-0001_formant_opus-32k,data/attacks/opus-32k/2086-149214-0001_formant.wav,fake,attack,none,opus-32k,opus-32k,IN GOOD FAITH HOWEVER HE IS NOT SUFFICIENTLY IMAGINATIVE TO FLATTER HIMSELF WITH THE SLIGHTEST HOPE OF THIS KIND,na,na,2086,16000,6.97,test,na
2086-149214-0001_formant_g711-8k,data/attacks/g711-8k/2086-149214-0001_formant.wav,fake,attack,none,g711-8k,g711-8k,IN GOOD FAITH HOWEVER HE IS NOT SUFFICIENTLY IMAGINATIVE TO FLATTER HIMSELF WITH THE SLIGHTEST HOPE OF THIS KIND,na,na,2086,16000,6.97,test,na
2086-149214-0001_formant_resample-8k,data/attacks/resample-8k/2086-149214-0001_formant.wav,fake,attack,none,resample-8k,8k-roundtrip,IN GOOD FAITH HOWEVER HE IS NOT SUFFICIENTLY IMAGINATIVE TO FLATTER HIMSELF WITH THE SLIGHTEST HOPE OF THIS KIND,na,na,2086,16000,6.97,test,na
2086-149214-0001_formant_awgn-snr5,data/attacks/awgn-snr5/2086-149214-0001_formant.wav,fake,attack,none,awgn-snr5,snr5,IN GOOD FAITH HOWEVER HE IS NOT SUFFICIENTLY IMAGINATIVE TO FLATTER HIMSELF WITH THE SLIGHTEST HOPE OF THIS KIND,na,na,2086,16000,6.97,test,na
2086-149214-0001_formant_awgn-snr10,data/attacks/awgn-snr10/2086-149214-0001_formant.wav,fake,attack,none,awgn-snr10,snr10,IN GOOD FAITH HOWEVER HE IS NOT SUFFICIENTLY IMAGINATIVE TO FLATTER HIMSELF WITH THE SLIGHTEST HOPE OF THIS KIND,na,na,2086,16000,6.97,test,na
2086-149214-0001_formant_awgn-snr20,data/attacks/awgn-snr20/2086-149214-0001_formant.wav,fake,attack,none,awgn-snr20,snr20,IN GOOD FAITH HOWEVER HE IS NOT SUFFICIENTLY IMAGINATIVE TO FLATTER HIMSELF WITH THE SLIGHTEST HOPE OF THIS KIND,na,na,2086,16000,6.97,test,na
2086-149214-0001_formant_bandpass-300-3400,data/attacks/bandpass-300-3400/2086-149214-0001_formant.wav,fake,attack,none,bandpass-300-3400,bandpass300-3400,IN GOOD FAITH HOWEVER HE IS NOT SUFFICIENTLY IMAGINATIVE TO FLATTER HIMSELF WITH THE SLIGHTEST HOPE OF THIS KIND,na,na,2086,16000,6.97,test,na
2086-149214-0001_formant_reverb-rt60-0.2,data/attacks/reverb-rt60-0.2/2086-149214-0001_formant.wav,fake,attack,none,reverb-rt60-0.2,rt60-0.2,IN GOOD FAITH HOWEVER HE IS NOT SUFFICIENTLY IMAGINATIVE TO FLATTER HIMSELF WITH THE SLIGHTEST HOPE OF THIS KIND,na,na,2086,16000,6.97,test,na
2086-149214-0001_formant_reverb-rt60-0.4,data/attacks/reverb-rt60-0.4/2086-149214-0001_formant.wav,fake,attack,none,reverb-rt60-0.4,rt60-0.4,IN GOOD FAITH HOWEVER HE IS NOT SUFFICIENTLY IMAGINATIVE TO FLATTER HIMSELF WITH THE SLIGHTEST HOPE OF THIS KIND,na,na,2086,16000,6.97,test,na
2086-149214-0001_formant_reverb-rt60-0.8,data/attacks/reverb-rt60-0.8/2086-149214-0001_formant.wav,fake,attack,none,reverb-rt60-0.8,rt60-0.8,IN GOOD FAITH HOWEVER HE IS NOT SUFFICIENTLY IMAGINATIVE TO FLATTER HIMSELF WITH THE SLIGHTEST HOPE OF THIS KIND,na,na,2086,16000,6.97,test,na
2086-149214-0001_formant_speed0.9,data/attacks/speed0.9/2086-149214-0001_formant.wav,fake,attack,none,speed0.9,speed0.9,IN GOOD FAITH HOWEVER HE IS NOT SUFFICIENTLY IMAGINATIVE TO FLATTER HIMSELF WITH THE SLIGHTEST HOPE OF THIS KIND,na,na,2086,16000,7.744,test,na
2086-149214-0001_formant_speed1.1,data/attacks/speed1.1/2086-149214-0001_formant.wav,fake,attack,none,speed1.1,speed1.1,IN GOOD FAITH HOWEVER HE IS NOT SUFFICIENTLY IMAGINATIVE TO FLATTER HIMSELF WITH THE SLIGHTEST HOPE OF THIS KIND,na,na,2086,16000,6.336,test,na
2086-149214-0001_melvoc_mp3-128k,data/attacks/mp3-128k/2086-149214-0001_melvoc.wav,fake,attack,none,mp3-128k,mp3-128k,IN GOOD FAITH HOWEVER HE IS NOT SUFFICIENTLY IMAGINATIVE TO FLATTER HIMSELF WITH THE SLIGHTEST HOPE OF THIS KIND,na,na,2086,16000,6.968,test,na
2086-149214-0001_melvoc_mp3-64k,data/attacks/mp3-64k/2086-149214-0001_melvoc.wav,fake,attack,none,mp3-64k,mp3-64k,IN GOOD FAITH HOWEVER HE IS NOT SUFFICIENTLY IMAGINATIVE TO FLATTER HIMSELF WITH THE SLIGHTEST HOPE OF THIS KIND,na,na,2086,16000,6.968,test,na
2086-149214-0001_melvoc_opus-32k,data/attacks/opus-32k/2086-149214-0001_melvoc.wav,fake,attack,none,opus-32k,opus-32k,IN GOOD FAITH HOWEVER HE IS NOT SUFFICIENTLY IMAGINATIVE TO FLATTER HIMSELF WITH THE SLIGHTEST HOPE OF THIS KIND,na,na,2086,16000,6.968,test,na
2086-149214-0001_melvoc_g711-8k,data/attacks/g711-8k/2086-149214-0001_melvoc.wav,fake,attack,none,g711-8k,g711-8k,IN GOOD FAITH HOWEVER HE IS NOT SUFFICIENTLY IMAGINATIVE TO FLATTER HIMSELF WITH THE SLIGHTEST HOPE OF THIS KIND,na,na,2086,16000,6.968,test,na
2086-149214-0001_melvoc_resample-8k,data/attacks/resample-8k/2086-149214-0001_melvoc.wav,fake,attack,none,resample-8k,8k-roundtrip,IN GOOD FAITH HOWEVER HE IS NOT SUFFICIENTLY IMAGINATIVE TO FLATTER HIMSELF WITH THE SLIGHTEST HOPE OF THIS KIND,na,na,2086,16000,6.968,test,na
2086-149214-0001_melvoc_awgn-snr5,data/attacks/awgn-snr5/2086-149214-0001_melvoc.wav,fake,attack,none,awgn-snr5,snr5,IN GOOD FAITH HOWEVER HE IS NOT SUFFICIENTLY IMAGINATIVE TO FLATTER HIMSELF WITH THE SLIGHTEST HOPE OF THIS KIND,na,na,2086,16000,6.968,test,na
2086-149214-0001_melvoc_awgn-snr10,data/attacks/awgn-snr10/2086-149214-0001_melvoc.wav,fake,attack,none,awgn-snr10,snr10,IN GOOD FAITH HOWEVER HE IS NOT SUFFICIENTLY IMAGINATIVE TO FLATTER HIMSELF WITH THE SLIGHTEST HOPE OF THIS KIND,na,na,2086,16000,6.968,test,na
2086-149214-0001_melvoc_awgn-snr20,data/attacks/awgn-snr20/2086-149214-0001_melvoc.wav,fake,attack,none,awgn-snr20,snr20,IN GOOD FAITH HOWEVER HE IS NOT SUFFICIENTLY IMAGINATIVE TO FLATTER HIMSELF WITH THE SLIGHTEST HOPE OF THIS KIND,na,na,2086,16000,6.968,test,na
2086-149214-0001_melvoc_bandpass-300-3400,data/attacks/bandpass-300-3400/2086-149214-0001_melvoc.wav,fake,attack,none,bandpass-300-3400,bandpass300-3400,IN GOOD FAITH HOWEVER HE IS NOT SUFFICIENTLY IMAGINATIVE TO FLATTER HIMSELF WITH THE SLIGHTEST HOPE OF THIS KIND,na,na,2086,16000,6.968,test,na
2086-149214-0001_melvoc_reverb-rt60-0.2,data/attacks/reverb-rt60-0.2/2086-149214-0001_melvoc.wav,fake,attack,none,reverb-rt60-0.2,rt60-0.2,IN GOOD FAITH HOWEVER HE IS NOT SUFFICIENTLY IMAGINATIVE TO FLATTER HIMSELF WITH THE SLIGHTEST HOPE OF THIS KIND,na,na,2086,16000,6.968,test,na
2086-149214-0001_melvoc_reverb-rt60-0.4,data/attacks/reverb-rt60-0.4/2086-149214-0001_melvoc.wav,fake,attack,none,reverb-rt60-0.4,rt60-0.4,IN GOOD FAITH HOWEVER HE IS NOT SUFFICIENTLY IMAGINATIVE TO FLATTER HIMSELF WITH THE SLIGHTEST HOPE OF THIS KIND,na,na,2086,16000,6.968,test,na
2086-149214-0001_melvoc_reverb-rt60-0.8,data/attacks/reverb-rt60-0.8/2086-149214-0001_melvoc.wav,fake,attack,none,reverb-rt60-0.8,rt60-0.8,IN GOOD FAITH HOWEVER HE IS NOT SUFFICIENTLY IMAGINATIVE TO FLATTER HIMSELF WITH THE SLIGHTEST HOPE OF THIS KIND,na,na,2086,16000,6.968,test,na
2086-149214-0001_melvoc_speed0.9,data/attacks/speed0.9/2086-149214-0001_melvoc.wav,fake,attack,none,speed0.9,speed0.9,IN GOOD FAITH HOWEVER HE IS NOT SUFFICIENTLY IMAGINATIVE TO FLATTER HIMSELF WITH THE SLIGHTEST HOPE OF THIS KIND,na,na,2086,16000,7.742,test,na
2086-149214-0001_melvoc_speed1.1,data/attacks/speed1.1/2086-149214-0001_melvoc.wav,fake,attack,none,speed1.1,speed1.1,IN GOOD FAITH HOWEVER HE IS NOT SUFFICIENTLY IMAGINATIVE TO FLATTER HIMSELF WITH THE SLIGHTEST HOPE OF THIS KIND,na,na,2086,16000,6.335,test,na
2086-149214-0001_pitch_mp3-128k,data/attacks/mp3-128k/2086-149214-0001_pitch.wav,fake,attack,none,mp3-128k,mp3-128k,IN GOOD FAITH HOWEVER HE IS NOT SUFFICIENTLY IMAGINATIVE TO FLATTER HIMSELF WITH THE SLIGHTEST HOPE OF THIS KIND,na,na,2086,16000,6.97,test,na
2086-149214-0001_pitch_mp3-64k,data/attacks/mp3-64k/2086-149214-0001_pitch.wav,fake,attack,none,mp3-64k,mp3-64k,IN GOOD FAITH HOWEVER HE IS NOT SUFFICIENTLY IMAGINATIVE TO FLATTER HIMSELF WITH THE SLIGHTEST HOPE OF THIS KIND,na,na,2086,16000,6.97,test,na
2086-149214-0001_pitch_opus-32k,data/attacks/opus-32k/2086-149214-0001_pitch.wav,fake,attack,none,opus-32k,opus-32k,IN GOOD FAITH HOWEVER HE IS NOT SUFFICIENTLY IMAGINATIVE TO FLATTER HIMSELF WITH THE SLIGHTEST HOPE OF THIS KIND,na,na,2086,16000,6.97,test,na
2086-149214-0001_pitch_g711-8k,data/attacks/g711-8k/2086-149214-0001_pitch.wav,fake,attack,none,g711-8k,g711-8k,IN GOOD FAITH HOWEVER HE IS NOT SUFFICIENTLY IMAGINATIVE TO FLATTER HIMSELF WITH THE SLIGHTEST HOPE OF THIS KIND,na,na,2086,16000,6.97,test,na
2086-149214-0001_pitch_resample-8k,data/attacks/resample-8k/2086-149214-0001_pitch.wav,fake,attack,none,resample-8k,8k-roundtrip,IN GOOD FAITH HOWEVER HE IS NOT SUFFICIENTLY IMAGINATIVE TO FLATTER HIMSELF WITH THE SLIGHTEST HOPE OF THIS KIND,na,na,2086,16000,6.97,test,na
2086-149214-0001_pitch_awgn-snr5,data/attacks/awgn-snr5/2086-149214-0001_pitch.wav,fake,attack,none,awgn-snr5,snr5,IN GOOD FAITH HOWEVER HE IS NOT SUFFICIENTLY IMAGINATIVE TO FLATTER HIMSELF WITH THE SLIGHTEST HOPE OF THIS KIND,na,na,2086,16000,6.97,test,na
2086-149214-0001_pitch_awgn-snr10,data/attacks/awgn-snr10/2086-149214-0001_pitch.wav,fake,attack,none,awgn-snr10,snr10,IN GOOD FAITH HOWEVER HE IS NOT SUFFICIENTLY IMAGINATIVE TO FLATTER HIMSELF WITH THE SLIGHTEST HOPE OF THIS KIND,na,na,2086,16000,6.97,test,na
2086-149214-0001_pitch_awgn-snr20,data/attacks/awgn-snr20/2086-149214-0001_pitch.wav,fake,attack,none,awgn-snr20,snr20,IN GOOD FAITH HOWEVER HE IS NOT SUFFICIENTLY IMAGINATIVE TO FLATTER HIMSELF WITH THE SLIGHTEST HOPE OF THIS KIND,na,na,2086,16000,6.97,test,na
2086-149214-0001_pitch_bandpass-300-3400,data/attacks/bandpass-300-3400/2086-149214-0001_pitch.wav,fake,attack,none,bandpass-300-3400,bandpass300-3400,IN GOOD FAITH HOWEVER HE IS NOT SUFFICIENTLY IMAGINATIVE TO FLATTER HIMSELF WITH THE SLIGHTEST HOPE OF THIS KIND,na,na,2086,16000,6.97,test,na
2086-149214-0001_pitch_reverb-rt60-0.2,data/attacks/reverb-rt60-0.2/2086-149214-0001_pitch.wav,fake,attack,none,reverb-rt60-0.2,rt60-0.2,IN GOOD FAITH HOWEVER HE IS NOT SUFFICIENTLY IMAGINATIVE TO FLATTER HIMSELF WITH THE SLIGHTEST HOPE OF THIS KIND,na,na,2086,16000,6.97,test,na
2086-149214-0001_pitch_reverb-rt60-0.4,data/attacks/reverb-rt60-0.4/2086-149214-0001_pitch.wav,fake,attack,none,reverb-rt60-0.4,rt60-0.4,IN GOOD FAITH HOWEVER HE IS NOT SUFFICIENTLY IMAGINATIVE TO FLATTER HIMSELF WITH THE SLIGHTEST HOPE OF THIS KIND,na,na,2086,16000,6.97,test,na
2086-149214-0001_pitch_reverb-rt60-0.8,data/attacks/reverb-rt60-0.8/2086-149214-0001_pitch.wav,fake,attack,none,reverb-rt60-0.8,rt60-0.8,IN GOOD FAITH HOWEVER HE IS NOT SUFFICIENTLY IMAGINATIVE TO FLATTER HIMSELF WITH THE SLIGHTEST HOPE OF THIS KIND,na,na,2086,16000,6.97,test,na
2086-149214-0001_pitch_speed0.9,data/attacks/speed0.9/2086-149214-0001_pitch.wav,fake,attack,none,speed0.9,speed0.9,IN GOOD FAITH HOWEVER HE IS NOT SUFFICIENTLY IMAGINATIVE TO FLATTER HIMSELF WITH THE SLIGHTEST HOPE OF THIS KIND,na,na,2086,16000,7.744,test,na
2086-149214-0001_pitch_speed1.1,data/attacks/speed1.1/2086-149214-0001_pitch.wav,fake,attack,none,speed1.1,speed1.1,IN GOOD FAITH HOWEVER HE IS NOT SUFFICIENTLY IMAGINATIVE TO FLATTER HIMSELF WITH THE SLIGHTEST HOPE OF THIS KIND,na,na,2086,16000,6.336,test,na
2086-149214-0002_formant_mp3-128k,data/attacks/mp3-128k/2086-149214-0002_formant.wav,fake,attack,none,mp3-128k,mp3-128k,THE AUTHOR HAS CONSIDERED IT HARDLY WORTH HIS WHILE THEREFORE RELENTLESSLY TO IMPALE THE STORY WITH ITS MORAL AS WITH AN IRON ROD OR RATHER AS BY STICKING A PIN THROUGH A BUTTERFLY THUS AT ONCE DEPRIVING IT OF LIFE AND CAUSING IT TO STIFFEN IN AN UNGAINLY AND UNNATURAL ATTITUDE,na,na,2086,16000,16.745,test,na
2086-149214-0002_formant_mp3-64k,data/attacks/mp3-64k/2086-149214-0002_formant.wav,fake,attack,none,mp3-64k,mp3-64k,THE AUTHOR HAS CONSIDERED IT HARDLY WORTH HIS WHILE THEREFORE RELENTLESSLY TO IMPALE THE STORY WITH ITS MORAL AS WITH AN IRON ROD OR RATHER AS BY STICKING A PIN THROUGH A BUTTERFLY THUS AT ONCE DEPRIVING IT OF LIFE AND CAUSING IT TO STIFFEN IN AN UNGAINLY AND UNNATURAL ATTITUDE,na,na,2086,16000,16.745,test,na
2086-149214-0002_formant_opus-32k,data/attacks/opus-32k/2086-149214-0002_formant.wav,fake,attack,none,opus-32k,opus-32k,THE AUTHOR HAS CONSIDERED IT HARDLY WORTH HIS WHILE THEREFORE RELENTLESSLY TO IMPALE THE STORY WITH ITS MORAL AS WITH AN IRON ROD OR RATHER AS BY STICKING A PIN THROUGH A BUTTERFLY THUS AT ONCE DEPRIVING IT OF LIFE AND CAUSING IT TO STIFFEN IN AN UNGAINLY AND UNNATURAL ATTITUDE,na,na,2086,16000,16.745,test,na
2086-149214-0002_formant_g711-8k,data/attacks/g711-8k/2086-149214-0002_formant.wav,fake,attack,none,g711-8k,g711-8k,THE AUTHOR HAS CONSIDERED IT HARDLY WORTH HIS WHILE THEREFORE RELENTLESSLY TO IMPALE THE STORY WITH ITS MORAL AS WITH AN IRON ROD OR RATHER AS BY STICKING A PIN THROUGH A BUTTERFLY THUS AT ONCE DEPRIVING IT OF LIFE AND CAUSING IT TO STIFFEN IN AN UNGAINLY AND UNNATURAL ATTITUDE,na,na,2086,16000,16.745,test,na
2086-149214-0002_formant_resample-8k,data/attacks/resample-8k/2086-149214-0002_formant.wav,fake,attack,none,resample-8k,8k-roundtrip,THE AUTHOR HAS CONSIDERED IT HARDLY WORTH HIS WHILE THEREFORE RELENTLESSLY TO IMPALE THE STORY WITH ITS MORAL AS WITH AN IRON ROD OR RATHER AS BY STICKING A PIN THROUGH A BUTTERFLY THUS AT ONCE DEPRIVING IT OF LIFE AND CAUSING IT TO STIFFEN IN AN UNGAINLY AND UNNATURAL ATTITUDE,na,na,2086,16000,16.745,test,na
2086-149214-0002_formant_awgn-snr5,data/attacks/awgn-snr5/2086-149214-0002_formant.wav,fake,attack,none,awgn-snr5,snr5,THE AUTHOR HAS CONSIDERED IT HARDLY WORTH HIS WHILE THEREFORE RELENTLESSLY TO IMPALE THE STORY WITH ITS MORAL AS WITH AN IRON ROD OR RATHER AS BY STICKING A PIN THROUGH A BUTTERFLY THUS AT ONCE DEPRIVING IT OF LIFE AND CAUSING IT TO STIFFEN IN AN UNGAINLY AND UNNATURAL ATTITUDE,na,na,2086,16000,16.745,test,na
2086-149214-0002_formant_awgn-snr10,data/attacks/awgn-snr10/2086-149214-0002_formant.wav,fake,attack,none,awgn-snr10,snr10,THE AUTHOR HAS CONSIDERED IT HARDLY WORTH HIS WHILE THEREFORE RELENTLESSLY TO IMPALE THE STORY WITH ITS MORAL AS WITH AN IRON ROD OR RATHER AS BY STICKING A PIN THROUGH A BUTTERFLY THUS AT ONCE DEPRIVING IT OF LIFE AND CAUSING IT TO STIFFEN IN AN UNGAINLY AND UNNATURAL ATTITUDE,na,na,2086,16000,16.745,test,na
2086-149214-0002_formant_awgn-snr20,data/attacks/awgn-snr20/2086-149214-0002_formant.wav,fake,attack,none,awgn-snr20,snr20,THE AUTHOR HAS CONSIDERED IT HARDLY WORTH HIS WHILE THEREFORE RELENTLESSLY TO IMPALE THE STORY WITH ITS MORAL AS WITH AN IRON ROD OR RATHER AS BY STICKING A PIN THROUGH A BUTTERFLY THUS AT ONCE DEPRIVING IT OF LIFE AND CAUSING IT TO STIFFEN IN AN UNGAINLY AND UNNATURAL ATTITUDE,na,na,2086,16000,16.745,test,na
2086-149214-0002_formant_bandpass-300-3400,data/attacks/bandpass-300-3400/2086-149214-0002_formant.wav,fake,attack,none,bandpass-300-3400,bandpass300-3400,THE AUTHOR HAS CONSIDERED IT HARDLY WORTH HIS WHILE THEREFORE RELENTLESSLY TO IMPALE THE STORY WITH ITS MORAL AS WITH AN IRON ROD OR RATHER AS BY STICKING A PIN THROUGH A BUTTERFLY THUS AT ONCE DEPRIVING IT OF LIFE AND CAUSING IT TO STIFFEN IN AN UNGAINLY AND UNNATURAL ATTITUDE,na,na,2086,16000,16.745,test,na
2086-149214-0002_formant_reverb-rt60-0.2,data/attacks/reverb-rt60-0.2/2086-149214-0002_formant.wav,fake,attack,none,reverb-rt60-0.2,rt60-0.2,THE AUTHOR HAS CONSIDERED IT HARDLY WORTH HIS WHILE THEREFORE RELENTLESSLY TO IMPALE THE STORY WITH ITS MORAL AS WITH AN IRON ROD OR RATHER AS BY STICKING A PIN THROUGH A BUTTERFLY THUS AT ONCE DEPRIVING IT OF LIFE AND CAUSING IT TO STIFFEN IN AN UNGAINLY AND UNNATURAL ATTITUDE,na,na,2086,16000,16.745,test,na
2086-149214-0002_formant_reverb-rt60-0.4,data/attacks/reverb-rt60-0.4/2086-149214-0002_formant.wav,fake,attack,none,reverb-rt60-0.4,rt60-0.4,THE AUTHOR HAS CONSIDERED IT HARDLY WORTH HIS WHILE THEREFORE RELENTLESSLY TO IMPALE THE STORY WITH ITS MORAL AS WITH AN IRON ROD OR RATHER AS BY STICKING A PIN THROUGH A BUTTERFLY THUS AT ONCE DEPRIVING IT OF LIFE AND CAUSING IT TO STIFFEN IN AN UNGAINLY AND UNNATURAL ATTITUDE,na,na,2086,16000,16.745,test,na
2086-149214-0002_formant_reverb-rt60-0.8,data/attacks/reverb-rt60-0.8/2086-149214-0002_formant.wav,fake,attack,none,reverb-rt60-0.8,rt60-0.8,THE AUTHOR HAS CONSIDERED IT HARDLY WORTH HIS WHILE THEREFORE RELENTLESSLY TO IMPALE THE STORY WITH ITS MORAL AS WITH AN IRON ROD OR RATHER AS BY STICKING A PIN THROUGH A BUTTERFLY THUS AT ONCE DEPRIVING IT OF LIFE AND CAUSING IT TO STIFFEN IN AN UNGAINLY AND UNNATURAL ATTITUDE,na,na,2086,16000,16.745,test,na
2086-149214-0002_formant_speed0.9,data/attacks/speed0.9/2086-149214-0002_formant.wav,fake,attack,none,speed0.9,speed0.9,THE AUTHOR HAS CONSIDERED IT HARDLY WORTH HIS WHILE THEREFORE RELENTLESSLY TO IMPALE THE STORY WITH ITS MORAL AS WITH AN IRON ROD OR RATHER AS BY STICKING A PIN THROUGH A BUTTERFLY THUS AT ONCE DEPRIVING IT OF LIFE AND CAUSING IT TO STIFFEN IN AN UNGAINLY AND UNNATURAL ATTITUDE,na,na,2086,16000,18.606,test,na
2086-149214-0002_formant_speed1.1,data/attacks/speed1.1/2086-149214-0002_formant.wav,fake,attack,none,speed1.1,speed1.1,THE AUTHOR HAS CONSIDERED IT HARDLY WORTH HIS WHILE THEREFORE RELENTLESSLY TO IMPALE THE STORY WITH ITS MORAL AS WITH AN IRON ROD OR RATHER AS BY STICKING A PIN THROUGH A BUTTERFLY THUS AT ONCE DEPRIVING IT OF LIFE AND CAUSING IT TO STIFFEN IN AN UNGAINLY AND UNNATURAL ATTITUDE,na,na,2086,16000,15.223,test,na
2086-149214-0002_melvoc_mp3-128k,data/attacks/mp3-128k/2086-149214-0002_melvoc.wav,fake,attack,none,mp3-128k,mp3-128k,THE AUTHOR HAS CONSIDERED IT HARDLY WORTH HIS WHILE THEREFORE RELENTLESSLY TO IMPALE THE STORY WITH ITS MORAL AS WITH AN IRON ROD OR RATHER AS BY STICKING A PIN THROUGH A BUTTERFLY THUS AT ONCE DEPRIVING IT OF LIFE AND CAUSING IT TO STIFFEN IN AN UNGAINLY AND UNNATURAL ATTITUDE,na,na,2086,16000,16.744,test,na
2086-149214-0002_melvoc_mp3-64k,data/attacks/mp3-64k/2086-149214-0002_melvoc.wav,fake,attack,none,mp3-64k,mp3-64k,THE AUTHOR HAS CONSIDERED IT HARDLY WORTH HIS WHILE THEREFORE RELENTLESSLY TO IMPALE THE STORY WITH ITS MORAL AS WITH AN IRON ROD OR RATHER AS BY STICKING A PIN THROUGH A BUTTERFLY THUS AT ONCE DEPRIVING IT OF LIFE AND CAUSING IT TO STIFFEN IN AN UNGAINLY AND UNNATURAL ATTITUDE,na,na,2086,16000,16.744,test,na
2086-149214-0002_melvoc_opus-32k,data/attacks/opus-32k/2086-149214-0002_melvoc.wav,fake,attack,none,opus-32k,opus-32k,THE AUTHOR HAS CONSIDERED IT HARDLY WORTH HIS WHILE THEREFORE RELENTLESSLY TO IMPALE THE STORY WITH ITS MORAL AS WITH AN IRON ROD OR RATHER AS BY STICKING A PIN THROUGH A BUTTERFLY THUS AT ONCE DEPRIVING IT OF LIFE AND CAUSING IT TO STIFFEN IN AN UNGAINLY AND UNNATURAL ATTITUDE,na,na,2086,16000,16.744,test,na
2086-149214-0002_melvoc_g711-8k,data/attacks/g711-8k/2086-149214-0002_melvoc.wav,fake,attack,none,g711-8k,g711-8k,THE AUTHOR HAS CONSIDERED IT HARDLY WORTH HIS WHILE THEREFORE RELENTLESSLY TO IMPALE THE STORY WITH ITS MORAL AS WITH AN IRON ROD OR RATHER AS BY STICKING A PIN THROUGH A BUTTERFLY THUS AT ONCE DEPRIVING IT OF LIFE AND CAUSING IT TO STIFFEN IN AN UNGAINLY AND UNNATURAL ATTITUDE,na,na,2086,16000,16.744,test,na
2086-149214-0002_melvoc_resample-8k,data/attacks/resample-8k/2086-149214-0002_melvoc.wav,fake,attack,none,resample-8k,8k-roundtrip,THE AUTHOR HAS CONSIDERED IT HARDLY WORTH HIS WHILE THEREFORE RELENTLESSLY TO IMPALE THE STORY WITH ITS MORAL AS WITH AN IRON ROD OR RATHER AS BY STICKING A PIN THROUGH A BUTTERFLY THUS AT ONCE DEPRIVING IT OF LIFE AND CAUSING IT TO STIFFEN IN AN UNGAINLY AND UNNATURAL ATTITUDE,na,na,2086,16000,16.744,test,na
2086-149214-0002_melvoc_awgn-snr5,data/attacks/awgn-snr5/2086-149214-0002_melvoc.wav,fake,attack,none,awgn-snr5,snr5,THE AUTHOR HAS CONSIDERED IT HARDLY WORTH HIS WHILE THEREFORE RELENTLESSLY TO IMPALE THE STORY WITH ITS MORAL AS WITH AN IRON ROD OR RATHER AS BY STICKING A PIN THROUGH A BUTTERFLY THUS AT ONCE DEPRIVING IT OF LIFE AND CAUSING IT TO STIFFEN IN AN UNGAINLY AND UNNATURAL ATTITUDE,na,na,2086,16000,16.744,test,na
2086-149214-0002_melvoc_awgn-snr10,data/attacks/awgn-snr10/2086-149214-0002_melvoc.wav,fake,attack,none,awgn-snr10,snr10,THE AUTHOR HAS CONSIDERED IT HARDLY WORTH HIS WHILE THEREFORE RELENTLESSLY TO IMPALE THE STORY WITH ITS MORAL AS WITH AN IRON ROD OR RATHER AS BY STICKING A PIN THROUGH A BUTTERFLY THUS AT ONCE DEPRIVING IT OF LIFE AND CAUSING IT TO STIFFEN IN AN UNGAINLY AND UNNATURAL ATTITUDE,na,na,2086,16000,16.744,test,na
2086-149214-0002_melvoc_awgn-snr20,data/attacks/awgn-snr20/2086-149214-0002_melvoc.wav,fake,attack,none,awgn-snr20,snr20,THE AUTHOR HAS CONSIDERED IT HARDLY WORTH HIS WHILE THEREFORE RELENTLESSLY TO IMPALE THE STORY WITH ITS MORAL AS WITH AN IRON ROD OR RATHER AS BY STICKING A PIN THROUGH A BUTTERFLY THUS AT ONCE DEPRIVING IT OF LIFE AND CAUSING IT TO STIFFEN IN AN UNGAINLY AND UNNATURAL ATTITUDE,na,na,2086,16000,16.744,test,na
2086-149214-0002_melvoc_bandpass-300-3400,data/attacks/bandpass-300-3400/2086-149214-0002_melvoc.wav,fake,attack,none,bandpass-300-3400,bandpass300-3400,THE AUTHOR HAS CONSIDERED IT HARDLY WORTH HIS WHILE THEREFORE RELENTLESSLY TO IMPALE THE STORY WITH ITS MORAL AS WITH AN IRON ROD OR RATHER AS BY STICKING A PIN THROUGH A BUTTERFLY THUS AT ONCE DEPRIVING IT OF LIFE AND CAUSING IT TO STIFFEN IN AN UNGAINLY AND UNNATURAL ATTITUDE,na,na,2086,16000,16.744,test,na
2086-149214-0002_melvoc_reverb-rt60-0.2,data/attacks/reverb-rt60-0.2/2086-149214-0002_melvoc.wav,fake,attack,none,reverb-rt60-0.2,rt60-0.2,THE AUTHOR HAS CONSIDERED IT HARDLY WORTH HIS WHILE THEREFORE RELENTLESSLY TO IMPALE THE STORY WITH ITS MORAL AS WITH AN IRON ROD OR RATHER AS BY STICKING A PIN THROUGH A BUTTERFLY THUS AT ONCE DEPRIVING IT OF LIFE AND CAUSING IT TO STIFFEN IN AN UNGAINLY AND UNNATURAL ATTITUDE,na,na,2086,16000,16.744,test,na
2086-149214-0002_melvoc_reverb-rt60-0.4,data/attacks/reverb-rt60-0.4/2086-149214-0002_melvoc.wav,fake,attack,none,reverb-rt60-0.4,rt60-0.4,THE AUTHOR HAS CONSIDERED IT HARDLY WORTH HIS WHILE THEREFORE RELENTLESSLY TO IMPALE THE STORY WITH ITS MORAL AS WITH AN IRON ROD OR RATHER AS BY STICKING A PIN THROUGH A BUTTERFLY THUS AT ONCE DEPRIVING IT OF LIFE AND CAUSING IT TO STIFFEN IN AN UNGAINLY AND UNNATURAL ATTITUDE,na,na,2086,16000,16.744,test,na
2086-149214-0002_melvoc_reverb-rt60-0.8,data/attacks/reverb-rt60-0.8/2086-149214-0002_melvoc.wav,fake,attack,none,reverb-rt60-0.8,rt60-0.8,THE AUTHOR HAS CONSIDERED IT HARDLY WORTH HIS WHILE THEREFORE RELENTLESSLY TO IMPALE THE STORY WITH ITS MORAL AS WITH AN IRON ROD OR RATHER AS BY STICKING A PIN THROUGH A BUTTERFLY THUS AT ONCE DEPRIVING IT OF LIFE AND CAUSING IT TO STIFFEN IN AN UNGAINLY AND UNNATURAL ATTITUDE,na,na,2086,16000,16.744,test,na
2086-149214-0002_melvoc_speed0.9,data/attacks/speed0.9/2086-149214-0002_melvoc.wav,fake,attack,none,speed0.9,speed0.9,THE AUTHOR HAS CONSIDERED IT HARDLY WORTH HIS WHILE THEREFORE RELENTLESSLY TO IMPALE THE STORY WITH ITS MORAL AS WITH AN IRON ROD OR RATHER AS BY STICKING A PIN THROUGH A BUTTERFLY THUS AT ONCE DEPRIVING IT OF LIFE AND CAUSING IT TO STIFFEN IN AN UNGAINLY AND UNNATURAL ATTITUDE,na,na,2086,16000,18.604,test,na
2086-149214-0002_melvoc_speed1.1,data/attacks/speed1.1/2086-149214-0002_melvoc.wav,fake,attack,none,speed1.1,speed1.1,THE AUTHOR HAS CONSIDERED IT HARDLY WORTH HIS WHILE THEREFORE RELENTLESSLY TO IMPALE THE STORY WITH ITS MORAL AS WITH AN IRON ROD OR RATHER AS BY STICKING A PIN THROUGH A BUTTERFLY THUS AT ONCE DEPRIVING IT OF LIFE AND CAUSING IT TO STIFFEN IN AN UNGAINLY AND UNNATURAL ATTITUDE,na,na,2086,16000,15.222,test,na
2086-149214-0002_pitch_mp3-128k,data/attacks/mp3-128k/2086-149214-0002_pitch.wav,fake,attack,none,mp3-128k,mp3-128k,THE AUTHOR HAS CONSIDERED IT HARDLY WORTH HIS WHILE THEREFORE RELENTLESSLY TO IMPALE THE STORY WITH ITS MORAL AS WITH AN IRON ROD OR RATHER AS BY STICKING A PIN THROUGH A BUTTERFLY THUS AT ONCE DEPRIVING IT OF LIFE AND CAUSING IT TO STIFFEN IN AN UNGAINLY AND UNNATURAL ATTITUDE,na,na,2086,16000,16.745,test,na
2086-149214-0002_pitch_mp3-64k,data/attacks/mp3-64k/2086-149214-0002_pitch.wav,fake,attack,none,mp3-64k,mp3-64k,THE AUTHOR HAS CONSIDERED IT HARDLY WORTH HIS WHILE THEREFORE RELENTLESSLY TO IMPALE THE STORY WITH ITS MORAL AS WITH AN IRON ROD OR RATHER AS BY STICKING A PIN THROUGH A BUTTERFLY THUS AT ONCE DEPRIVING IT OF LIFE AND CAUSING IT TO STIFFEN IN AN UNGAINLY AND UNNATURAL ATTITUDE,na,na,2086,16000,16.745,test,na
2086-149214-0002_pitch_opus-32k,data/attacks/opus-32k/2086-149214-0002_pitch.wav,fake,attack,none,opus-32k,opus-32k,THE AUTHOR HAS CONSIDERED IT HARDLY WORTH HIS WHILE THEREFORE RELENTLESSLY TO IMPALE THE STORY WITH ITS MORAL AS WITH AN IRON ROD OR RATHER AS BY STICKING A PIN THROUGH A BUTTERFLY THUS AT ONCE DEPRIVING IT OF LIFE AND CAUSING IT TO STIFFEN IN AN UNGAINLY AND UNNATURAL ATTITUDE,na,na,2086,16000,16.745,test,na
2086-149214-0002_pitch_g711-8k,data/attacks/g711-8k/2086-149214-0002_pitch.wav,fake,attack,none,g711-8k,g711-8k,THE AUTHOR HAS CONSIDERED IT HARDLY WORTH HIS WHILE THEREFORE RELENTLESSLY TO IMPALE THE STORY WITH ITS MORAL AS WITH AN IRON ROD OR RATHER AS BY STICKING A PIN THROUGH A BUTTERFLY THUS AT ONCE DEPRIVING IT OF LIFE AND CAUSING IT TO STIFFEN IN AN UNGAINLY AND UNNATURAL ATTITUDE,na,na,2086,16000,16.745,test,na
2086-149214-0002_pitch_resample-8k,data/attacks/resample-8k/2086-149214-0002_pitch.wav,fake,attack,none,resample-8k,8k-roundtrip,THE AUTHOR HAS CONSIDERED IT HARDLY WORTH HIS WHILE THEREFORE RELENTLESSLY TO IMPALE THE STORY WITH ITS MORAL AS WITH AN IRON ROD OR RATHER AS BY STICKING A PIN THROUGH A BUTTERFLY THUS AT ONCE DEPRIVING IT OF LIFE AND CAUSING IT TO STIFFEN IN AN UNGAINLY AND UNNATURAL ATTITUDE,na,na,2086,16000,16.745,test,na
2086-149214-0002_pitch_awgn-snr5,data/attacks/awgn-snr5/2086-149214-0002_pitch.wav,fake,attack,none,awgn-snr5,snr5,THE AUTHOR HAS CONSIDERED IT HARDLY WORTH HIS WHILE THEREFORE RELENTLESSLY TO IMPALE THE STORY WITH ITS MORAL AS WITH AN IRON ROD OR RATHER AS BY STICKING A PIN THROUGH A BUTTERFLY THUS AT ONCE DEPRIVING IT OF LIFE AND CAUSING IT TO STIFFEN IN AN UNGAINLY AND UNNATURAL ATTITUDE,na,na,2086,16000,16.745,test,na
2086-149214-0002_pitch_awgn-snr10,data/attacks/awgn-snr10/2086-149214-0002_pitch.wav,fake,attack,none,awgn-snr10,snr10,THE AUTHOR HAS CONSIDERED IT HARDLY WORTH HIS WHILE THEREFORE RELENTLESSLY TO IMPALE THE STORY WITH ITS MORAL AS WITH AN IRON ROD OR RATHER AS BY STICKING A PIN THROUGH A BUTTERFLY THUS AT ONCE DEPRIVING IT OF LIFE AND CAUSING IT TO STIFFEN IN AN UNGAINLY AND UNNATURAL ATTITUDE,na,na,2086,16000,16.745,test,na
2086-149214-0002_pitch_awgn-snr20,data/attacks/awgn-snr20/2086-149214-0002_pitch.wav,fake,attack,none,awgn-snr20,snr20,THE AUTHOR HAS CONSIDERED IT HARDLY WORTH HIS WHILE THEREFORE RELENTLESSLY TO IMPALE THE STORY WITH ITS MORAL AS WITH AN IRON ROD OR RATHER AS BY STICKING A PIN THROUGH A BUTTERFLY THUS AT ONCE DEPRIVING IT OF LIFE AND CAUSING IT TO STIFFEN IN AN UNGAINLY AND UNNATURAL ATTITUDE,na,na,2086,16000,16.745,test,na
2086-149214-0002_pitch_bandpass-300-3400,data/attacks/bandpass-300-3400/2086-149214-0002_pitch.wav,fake,attack,none,bandpass-300-3400,bandpass300-3400,THE AUTHOR HAS CONSIDERED IT HARDLY WORTH HIS WHILE THEREFORE RELENTLESSLY TO IMPALE THE STORY WITH ITS MORAL AS WITH AN IRON ROD OR RATHER AS BY STICKING A PIN THROUGH A BUTTERFLY THUS AT ONCE DEPRIVING IT OF LIFE AND CAUSING IT TO STIFFEN IN AN UNGAINLY AND UNNATURAL ATTITUDE,na,na,2086,16000,16.745,test,na
2086-149214-0002_pitch_reverb-rt60-0.2,data/attacks/reverb-rt60-0.2/2086-149214-0002_pitch.wav,fake,attack,none,reverb-rt60-0.2,rt60-0.2,THE AUTHOR HAS CONSIDERED IT HARDLY WORTH HIS WHILE THEREFORE RELENTLESSLY TO IMPALE THE STORY WITH ITS MORAL AS WITH AN IRON ROD OR RATHER AS BY STICKING A PIN THROUGH A BUTTERFLY THUS AT ONCE DEPRIVING IT OF LIFE AND CAUSING IT TO STIFFEN IN AN UNGAINLY AND UNNATURAL ATTITUDE,na,na,2086,16000,16.745,test,na
2086-149214-0002_pitch_reverb-rt60-0.4,data/attacks/reverb-rt60-0.4/2086-149214-0002_pitch.wav,fake,attack,none,reverb-rt60-0.4,rt60-0.4,THE AUTHOR HAS CONSIDERED IT HARDLY WORTH HIS WHILE THEREFORE RELENTLESSLY TO IMPALE THE STORY WITH ITS MORAL AS WITH AN IRON ROD OR RATHER AS BY STICKING A PIN THROUGH A BUTTERFLY THUS AT ONCE DEPRIVING IT OF LIFE AND CAUSING IT TO STIFFEN IN AN UNGAINLY AND UNNATURAL ATTITUDE,na,na,2086,16000,16.745,test,na
2086-149214-0002_pitch_reverb-rt60-0.8,data/attacks/reverb-rt60-0.8/2086-149214-0002_pitch.wav,fake,attack,none,reverb-rt60-0.8,rt60-0.8,THE AUTHOR HAS CONSIDERED IT HARDLY WORTH HIS WHILE THEREFORE RELENTLESSLY TO IMPALE THE STORY WITH ITS MORAL AS WITH AN IRON ROD OR RATHER AS BY STICKING A PIN THROUGH A BUTTERFLY THUS AT ONCE DEPRIVING IT OF LIFE AND CAUSING IT TO STIFFEN IN AN UNGAINLY AND UNNATURAL ATTITUDE,na,na,2086,16000,16.745,test,na
2086-149214-0002_pitch_speed0.9,data/attacks/speed0.9/2086-149214-0002_pitch.wav,fake,attack,none,speed0.9,speed0.9,THE AUTHOR HAS CONSIDERED IT HARDLY WORTH HIS WHILE THEREFORE RELENTLESSLY TO IMPALE THE STORY WITH ITS MORAL AS WITH AN IRON ROD OR RATHER AS BY STICKING A PIN THROUGH A BUTTERFLY THUS AT ONCE DEPRIVING IT OF LIFE AND CAUSING IT TO STIFFEN IN AN UNGAINLY AND UNNATURAL ATTITUDE,na,na,2086,16000,18.606,test,na
2086-149214-0002_pitch_speed1.1,data/attacks/speed1.1/2086-149214-0002_pitch.wav,fake,attack,none,speed1.1,speed1.1,THE AUTHOR HAS CONSIDERED IT HARDLY WORTH HIS WHILE THEREFORE RELENTLESSLY TO IMPALE THE STORY WITH ITS MORAL AS WITH AN IRON ROD OR RATHER AS BY STICKING A PIN THROUGH A BUTTERFLY THUS AT ONCE DEPRIVING IT OF LIFE AND CAUSING IT TO STIFFEN IN AN UNGAINLY AND UNNATURAL ATTITUDE,na,na,2086,16000,15.223,test,na
2086-149214-0003_formant_mp3-128k,data/attacks/mp3-128k/2086-149214-0003_formant.wav,fake,attack,none,mp3-128k,mp3-128k,IF PERMITTED BY THE HISTORICAL CONNECTION WHICH THOUGH SLIGHT WAS ESSENTIAL TO HIS PLAN THE AUTHOR WOULD VERY WILLINGLY HAVE AVOIDED ANYTHING OF THIS NATURE,na,na,2086,16000,8.995,test,na
2086-149214-0003_formant_mp3-64k,data/attacks/mp3-64k/2086-149214-0003_formant.wav,fake,attack,none,mp3-64k,mp3-64k,IF PERMITTED BY THE HISTORICAL CONNECTION WHICH THOUGH SLIGHT WAS ESSENTIAL TO HIS PLAN THE AUTHOR WOULD VERY WILLINGLY HAVE AVOIDED ANYTHING OF THIS NATURE,na,na,2086,16000,8.995,test,na
2086-149214-0003_formant_opus-32k,data/attacks/opus-32k/2086-149214-0003_formant.wav,fake,attack,none,opus-32k,opus-32k,IF PERMITTED BY THE HISTORICAL CONNECTION WHICH THOUGH SLIGHT WAS ESSENTIAL TO HIS PLAN THE AUTHOR WOULD VERY WILLINGLY HAVE AVOIDED ANYTHING OF THIS NATURE,na,na,2086,16000,8.995,test,na
2086-149214-0003_formant_g711-8k,data/attacks/g711-8k/2086-149214-0003_formant.wav,fake,attack,none,g711-8k,g711-8k,IF PERMITTED BY THE HISTORICAL CONNECTION WHICH THOUGH SLIGHT WAS ESSENTIAL TO HIS PLAN THE AUTHOR WOULD VERY WILLINGLY HAVE AVOIDED ANYTHING OF THIS NATURE,na,na,2086,16000,8.995,test,na
2086-149214-0003_formant_resample-8k,data/attacks/resample-8k/2086-149214-0003_formant.wav,fake,attack,none,resample-8k,8k-roundtrip,IF PERMITTED BY THE HISTORICAL CONNECTION WHICH THOUGH SLIGHT WAS ESSENTIAL TO HIS PLAN THE AUTHOR WOULD VERY WILLINGLY HAVE AVOIDED ANYTHING OF THIS NATURE,na,na,2086,16000,8.995,test,na
2086-149214-0003_formant_awgn-snr5,data/attacks/awgn-snr5/2086-149214-0003_formant.wav,fake,attack,none,awgn-snr5,snr5,IF PERMITTED BY THE HISTORICAL CONNECTION WHICH THOUGH SLIGHT WAS ESSENTIAL TO HIS PLAN THE AUTHOR WOULD VERY WILLINGLY HAVE AVOIDED ANYTHING OF THIS NATURE,na,na,2086,16000,8.995,test,na
2086-149214-0003_formant_awgn-snr10,data/attacks/awgn-snr10/2086-149214-0003_formant.wav,fake,attack,none,awgn-snr10,snr10,IF PERMITTED BY THE HISTORICAL CONNECTION WHICH THOUGH SLIGHT WAS ESSENTIAL TO HIS PLAN THE AUTHOR WOULD VERY WILLINGLY HAVE AVOIDED ANYTHING OF THIS NATURE,na,na,2086,16000,8.995,test,na
2086-149214-0003_formant_awgn-snr20,data/attacks/awgn-snr20/2086-149214-0003_formant.wav,fake,attack,none,awgn-snr20,snr20,IF PERMITTED BY THE HISTORICAL CONNECTION WHICH THOUGH SLIGHT WAS ESSENTIAL TO HIS PLAN THE AUTHOR WOULD VERY WILLINGLY HAVE AVOIDED ANYTHING OF THIS NATURE,na,na,2086,16000,8.995,test,na
2086-149214-0003_formant_bandpass-300-3400,data/attacks/bandpass-300-3400/2086-149214-0003_formant.wav,fake,attack,none,bandpass-300-3400,bandpass300-3400,IF PERMITTED BY THE HISTORICAL CONNECTION WHICH THOUGH SLIGHT WAS ESSENTIAL TO HIS PLAN THE AUTHOR WOULD VERY WILLINGLY HAVE AVOIDED ANYTHING OF THIS NATURE,na,na,2086,16000,8.995,test,na
2086-149214-0003_formant_reverb-rt60-0.2,data/attacks/reverb-rt60-0.2/2086-149214-0003_formant.wav,fake,attack,none,reverb-rt60-0.2,rt60-0.2,IF PERMITTED BY THE HISTORICAL CONNECTION WHICH THOUGH SLIGHT WAS ESSENTIAL TO HIS PLAN THE AUTHOR WOULD VERY WILLINGLY HAVE AVOIDED ANYTHING OF THIS NATURE,na,na,2086,16000,8.995,test,na
2086-149214-0003_formant_reverb-rt60-0.4,data/attacks/reverb-rt60-0.4/2086-149214-0003_formant.wav,fake,attack,none,reverb-rt60-0.4,rt60-0.4,IF PERMITTED BY THE HISTORICAL CONNECTION WHICH THOUGH SLIGHT WAS ESSENTIAL TO HIS PLAN THE AUTHOR WOULD VERY WILLINGLY HAVE AVOIDED ANYTHING OF THIS NATURE,na,na,2086,16000,8.995,test,na
2086-149214-0003_formant_reverb-rt60-0.8,data/attacks/reverb-rt60-0.8/2086-149214-0003_formant.wav,fake,attack,none,reverb-rt60-0.8,rt60-0.8,IF PERMITTED BY THE HISTORICAL CONNECTION WHICH THOUGH SLIGHT WAS ESSENTIAL TO HIS PLAN THE AUTHOR WOULD VERY WILLINGLY HAVE AVOIDED ANYTHING OF THIS NATURE,na,na,2086,16000,8.995,test,na
2086-149214-0003_formant_speed0.9,data/attacks/speed0.9/2086-149214-0003_formant.wav,fake,attack,none,speed0.9,speed0.9,IF PERMITTED BY THE HISTORICAL CONNECTION WHICH THOUGH SLIGHT WAS ESSENTIAL TO HIS PLAN THE AUTHOR WOULD VERY WILLINGLY HAVE AVOIDED ANYTHING OF THIS NATURE,na,na,2086,16000,9.994,test,na
2086-149214-0003_formant_speed1.1,data/attacks/speed1.1/2086-149214-0003_formant.wav,fake,attack,none,speed1.1,speed1.1,IF PERMITTED BY THE HISTORICAL CONNECTION WHICH THOUGH SLIGHT WAS ESSENTIAL TO HIS PLAN THE AUTHOR WOULD VERY WILLINGLY HAVE AVOIDED ANYTHING OF THIS NATURE,na,na,2086,16000,8.177,test,na
2086-149214-0003_melvoc_mp3-128k,data/attacks/mp3-128k/2086-149214-0003_melvoc.wav,fake,attack,none,mp3-128k,mp3-128k,IF PERMITTED BY THE HISTORICAL CONNECTION WHICH THOUGH SLIGHT WAS ESSENTIAL TO HIS PLAN THE AUTHOR WOULD VERY WILLINGLY HAVE AVOIDED ANYTHING OF THIS NATURE,na,na,2086,16000,8.992,test,na
2086-149214-0003_melvoc_mp3-64k,data/attacks/mp3-64k/2086-149214-0003_melvoc.wav,fake,attack,none,mp3-64k,mp3-64k,IF PERMITTED BY THE HISTORICAL CONNECTION WHICH THOUGH SLIGHT WAS ESSENTIAL TO HIS PLAN THE AUTHOR WOULD VERY WILLINGLY HAVE AVOIDED ANYTHING OF THIS NATURE,na,na,2086,16000,8.992,test,na
2086-149214-0003_melvoc_opus-32k,data/attacks/opus-32k/2086-149214-0003_melvoc.wav,fake,attack,none,opus-32k,opus-32k,IF PERMITTED BY THE HISTORICAL CONNECTION WHICH THOUGH SLIGHT WAS ESSENTIAL TO HIS PLAN THE AUTHOR WOULD VERY WILLINGLY HAVE AVOIDED ANYTHING OF THIS NATURE,na,na,2086,16000,8.992,test,na
2086-149214-0003_melvoc_g711-8k,data/attacks/g711-8k/2086-149214-0003_melvoc.wav,fake,attack,none,g711-8k,g711-8k,IF PERMITTED BY THE HISTORICAL CONNECTION WHICH THOUGH SLIGHT WAS ESSENTIAL TO HIS PLAN THE AUTHOR WOULD VERY WILLINGLY HAVE AVOIDED ANYTHING OF THIS NATURE,na,na,2086,16000,8.992,test,na
2086-149214-0003_melvoc_resample-8k,data/attacks/resample-8k/2086-149214-0003_melvoc.wav,fake,attack,none,resample-8k,8k-roundtrip,IF PERMITTED BY THE HISTORICAL CONNECTION WHICH THOUGH SLIGHT WAS ESSENTIAL TO HIS PLAN THE AUTHOR WOULD VERY WILLINGLY HAVE AVOIDED ANYTHING OF THIS NATURE,na,na,2086,16000,8.992,test,na
2086-149214-0003_melvoc_awgn-snr5,data/attacks/awgn-snr5/2086-149214-0003_melvoc.wav,fake,attack,none,awgn-snr5,snr5,IF PERMITTED BY THE HISTORICAL CONNECTION WHICH THOUGH SLIGHT WAS ESSENTIAL TO HIS PLAN THE AUTHOR WOULD VERY WILLINGLY HAVE AVOIDED ANYTHING OF THIS NATURE,na,na,2086,16000,8.992,test,na
2086-149214-0003_melvoc_awgn-snr10,data/attacks/awgn-snr10/2086-149214-0003_melvoc.wav,fake,attack,none,awgn-snr10,snr10,IF PERMITTED BY THE HISTORICAL CONNECTION WHICH THOUGH SLIGHT WAS ESSENTIAL TO HIS PLAN THE AUTHOR WOULD VERY WILLINGLY HAVE AVOIDED ANYTHING OF THIS NATURE,na,na,2086,16000,8.992,test,na
2086-149214-0003_melvoc_awgn-snr20,data/attacks/awgn-snr20/2086-149214-0003_melvoc.wav,fake,attack,none,awgn-snr20,snr20,IF PERMITTED BY THE HISTORICAL CONNECTION WHICH THOUGH SLIGHT WAS ESSENTIAL TO HIS PLAN THE AUTHOR WOULD VERY WILLINGLY HAVE AVOIDED ANYTHING OF THIS NATURE,na,na,2086,16000,8.992,test,na
2086-149214-0003_melvoc_bandpass-300-3400,data/attacks/bandpass-300-3400/2086-149214-0003_melvoc.wav,fake,attack,none,bandpass-300-3400,bandpass300-3400,IF PERMITTED BY THE HISTORICAL CONNECTION WHICH THOUGH SLIGHT WAS ESSENTIAL TO HIS PLAN THE AUTHOR WOULD VERY WILLINGLY HAVE AVOIDED ANYTHING OF THIS NATURE,na,na,2086,16000,8.992,test,na
2086-149214-0003_melvoc_reverb-rt60-0.2,data/attacks/reverb-rt60-0.2/2086-149214-0003_melvoc.wav,fake,attack,none,reverb-rt60-0.2,rt60-0.2,IF PERMITTED BY THE HISTORICAL CONNECTION WHICH THOUGH SLIGHT WAS ESSENTIAL TO HIS PLAN THE AUTHOR WOULD VERY WILLINGLY HAVE AVOIDED ANYTHING OF THIS NATURE,na,na,2086,16000,8.992,test,na
2086-149214-0003_melvoc_reverb-rt60-0.4,data/attacks/reverb-rt60-0.4/2086-149214-0003_melvoc.wav,fake,attack,none,reverb-rt60-0.4,rt60-0.4,IF PERMITTED BY THE HISTORICAL CONNECTION WHICH THOUGH SLIGHT WAS ESSENTIAL TO HIS PLAN THE AUTHOR WOULD VERY WILLINGLY HAVE AVOIDED ANYTHING OF THIS NATURE,na,na,2086,16000,8.992,test,na
2086-149214-0003_melvoc_reverb-rt60-0.8,data/attacks/reverb-rt60-0.8/2086-149214-0003_melvoc.wav,fake,attack,none,reverb-rt60-0.8,rt60-0.8,IF PERMITTED BY THE HISTORICAL CONNECTION WHICH THOUGH SLIGHT WAS ESSENTIAL TO HIS PLAN THE AUTHOR WOULD VERY WILLINGLY HAVE AVOIDED ANYTHING OF THIS NATURE,na,na,2086,16000,8.992,test,na
2086-149214-0003_melvoc_speed0.9,data/attacks/speed0.9/2086-149214-0003_melvoc.wav,fake,attack,none,speed0.9,speed0.9,IF PERMITTED BY THE HISTORICAL CONNECTION WHICH THOUGH SLIGHT WAS ESSENTIAL TO HIS PLAN THE AUTHOR WOULD VERY WILLINGLY HAVE AVOIDED ANYTHING OF THIS NATURE,na,na,2086,16000,9.991,test,na
2086-149214-0003_melvoc_speed1.1,data/attacks/speed1.1/2086-149214-0003_melvoc.wav,fake,attack,none,speed1.1,speed1.1,IF PERMITTED BY THE HISTORICAL CONNECTION WHICH THOUGH SLIGHT WAS ESSENTIAL TO HIS PLAN THE AUTHOR WOULD VERY WILLINGLY HAVE AVOIDED ANYTHING OF THIS NATURE,na,na,2086,16000,8.175,test,na
2086-149214-0003_pitch_mp3-128k,data/attacks/mp3-128k/2086-149214-0003_pitch.wav,fake,attack,none,mp3-128k,mp3-128k,IF PERMITTED BY THE HISTORICAL CONNECTION WHICH THOUGH SLIGHT WAS ESSENTIAL TO HIS PLAN THE AUTHOR WOULD VERY WILLINGLY HAVE AVOIDED ANYTHING OF THIS NATURE,na,na,2086,16000,8.995,test,na
2086-149214-0003_pitch_mp3-64k,data/attacks/mp3-64k/2086-149214-0003_pitch.wav,fake,attack,none,mp3-64k,mp3-64k,IF PERMITTED BY THE HISTORICAL CONNECTION WHICH THOUGH SLIGHT WAS ESSENTIAL TO HIS PLAN THE AUTHOR WOULD VERY WILLINGLY HAVE AVOIDED ANYTHING OF THIS NATURE,na,na,2086,16000,8.995,test,na
2086-149214-0003_pitch_opus-32k,data/attacks/opus-32k/2086-149214-0003_pitch.wav,fake,attack,none,opus-32k,opus-32k,IF PERMITTED BY THE HISTORICAL CONNECTION WHICH THOUGH SLIGHT WAS ESSENTIAL TO HIS PLAN THE AUTHOR WOULD VERY WILLINGLY HAVE AVOIDED ANYTHING OF THIS NATURE,na,na,2086,16000,8.995,test,na
2086-149214-0003_pitch_g711-8k,data/attacks/g711-8k/2086-149214-0003_pitch.wav,fake,attack,none,g711-8k,g711-8k,IF PERMITTED BY THE HISTORICAL CONNECTION WHICH THOUGH SLIGHT WAS ESSENTIAL TO HIS PLAN THE AUTHOR WOULD VERY WILLINGLY HAVE AVOIDED ANYTHING OF THIS NATURE,na,na,2086,16000,8.995,test,na
2086-149214-0003_pitch_resample-8k,data/attacks/resample-8k/2086-149214-0003_pitch.wav,fake,attack,none,resample-8k,8k-roundtrip,IF PERMITTED BY THE HISTORICAL CONNECTION WHICH THOUGH SLIGHT WAS ESSENTIAL TO HIS PLAN THE AUTHOR WOULD VERY WILLINGLY HAVE AVOIDED ANYTHING OF THIS NATURE,na,na,2086,16000,8.995,test,na
2086-149214-0003_pitch_awgn-snr5,data/attacks/awgn-snr5/2086-149214-0003_pitch.wav,fake,attack,none,awgn-snr5,snr5,IF PERMITTED BY THE HISTORICAL CONNECTION WHICH THOUGH SLIGHT WAS ESSENTIAL TO HIS PLAN THE AUTHOR WOULD VERY WILLINGLY HAVE AVOIDED ANYTHING OF THIS NATURE,na,na,2086,16000,8.995,test,na
2086-149214-0003_pitch_awgn-snr10,data/attacks/awgn-snr10/2086-149214-0003_pitch.wav,fake,attack,none,awgn-snr10,snr10,IF PERMITTED BY THE HISTORICAL CONNECTION WHICH THOUGH SLIGHT WAS ESSENTIAL TO HIS PLAN THE AUTHOR WOULD VERY WILLINGLY HAVE AVOIDED ANYTHING OF THIS NATURE,na,na,2086,16000,8.995,test,na
2086-149214-0003_pitch_awgn-snr20,data/attacks/awgn-snr20/2086-149214-0003_pitch.wav,fake,attack,none,awgn-snr20,snr20,IF PERMITTED BY THE HISTORICAL CONNECTION WHICH THOUGH SLIGHT WAS ESSENTIAL TO HIS PLAN THE AUTHOR WOULD VERY WILLINGLY HAVE AVOIDED ANYTHING OF THIS NATURE,na,na,2086,16000,8.995,test,na
2086-149214-0003_pitch_bandpass-300-3400,data/attacks/bandpass-300-3400/2086-149214-0003_pitch.wav,fake,attack,none,bandpass-300-3400,bandpass300-3400,IF PERMITTED BY THE HISTORICAL CONNECTION WHICH THOUGH SLIGHT WAS ESSENTIAL TO HIS PLAN THE AUTHOR WOULD VERY WILLINGLY HAVE AVOIDED ANYTHING OF THIS NATURE,na,na,2086,16000,8.995,test,na
2086-149214-0003_pitch_reverb-rt60-0.2,data/attacks/reverb-rt60-0.2/2086-149214-0003_pitch.wav,fake,attack,none,reverb-rt60-0.2,rt60-0.2,IF PERMITTED BY THE HISTORICAL CONNECTION WHICH THOUGH SLIGHT WAS ESSENTIAL TO HIS PLAN THE AUTHOR WOULD VERY WILLINGLY HAVE AVOIDED ANYTHING OF THIS NATURE,na,na,2086,16000,8.995,test,na
2086-149214-0003_pitch_reverb-rt60-0.4,data/attacks/reverb-rt60-0.4/2086-149214-0003_pitch.wav,fake,attack,none,reverb-rt60-0.4,rt60-0.4,IF PERMITTED BY THE HISTORICAL CONNECTION WHICH THOUGH SLIGHT WAS ESSENTIAL TO HIS PLAN THE AUTHOR WOULD VERY WILLINGLY HAVE AVOIDED ANYTHING OF THIS NATURE,na,na,2086,16000,8.995,test,na
2086-149214-0003_pitch_reverb-rt60-0.8,data/attacks/reverb-rt60-0.8/2086-149214-0003_pitch.wav,fake,attack,none,reverb-rt60-0.8,rt60-0.8,IF PERMITTED BY THE HISTORICAL CONNECTION WHICH THOUGH SLIGHT WAS ESSENTIAL TO HIS PLAN THE AUTHOR WOULD VERY WILLINGLY HAVE AVOIDED ANYTHING OF THIS NATURE,na,na,2086,16000,8.995,test,na
2086-149214-0003_pitch_speed0.9,data/attacks/speed0.9/2086-149214-0003_pitch.wav,fake,attack,none,speed0.9,speed0.9,IF PERMITTED BY THE HISTORICAL CONNECTION WHICH THOUGH SLIGHT WAS ESSENTIAL TO HIS PLAN THE AUTHOR WOULD VERY WILLINGLY HAVE AVOIDED ANYTHING OF THIS NATURE,na,na,2086,16000,9.994,test,na
2086-149214-0003_pitch_speed1.1,data/attacks/speed1.1/2086-149214-0003_pitch.wav,fake,attack,none,speed1.1,speed1.1,IF PERMITTED BY THE HISTORICAL CONNECTION WHICH THOUGH SLIGHT WAS ESSENTIAL TO HIS PLAN THE AUTHOR WOULD VERY WILLINGLY HAVE AVOIDED ANYTHING OF THIS NATURE,na,na,2086,16000,8.177,test,na
2086-149214-0004_formant_mp3-128k,data/attacks/mp3-128k/2086-149214-0004_formant.wav,fake,attack,none,mp3-128k,mp3-128k,HE TRUSTS NOT TO BE CONSIDERED AS UNPARDONABLY OFFENDING BY LAYING OUT A STREET THAT INFRINGES UPON NOBODY'S PRIVATE RIGHTS AND APPROPRIATING A LOT OF LAND WHICH HAD NO VISIBLE OWNER AND BUILDING A HOUSE OF MATERIALS LONG IN USE FOR CONSTRUCTING CASTLES IN THE AIR,na,na,2086,16000,15.22,test,na
2086-149214-0004_formant_mp3-64k,data/attacks/mp3-64k/2086-149214-0004_formant.wav,fake,attack,none,mp3-64k,mp3-64k,HE TRUSTS NOT TO BE CONSIDERED AS UNPARDONABLY OFFENDING BY LAYING OUT A STREET THAT INFRINGES UPON NOBODY'S PRIVATE RIGHTS AND APPROPRIATING A LOT OF LAND WHICH HAD NO VISIBLE OWNER AND BUILDING A HOUSE OF MATERIALS LONG IN USE FOR CONSTRUCTING CASTLES IN THE AIR,na,na,2086,16000,15.22,test,na
2086-149214-0004_formant_opus-32k,data/attacks/opus-32k/2086-149214-0004_formant.wav,fake,attack,none,opus-32k,opus-32k,HE TRUSTS NOT TO BE CONSIDERED AS UNPARDONABLY OFFENDING BY LAYING OUT A STREET THAT INFRINGES UPON NOBODY'S PRIVATE RIGHTS AND APPROPRIATING A LOT OF LAND WHICH HAD NO VISIBLE OWNER AND BUILDING A HOUSE OF MATERIALS LONG IN USE FOR CONSTRUCTING CASTLES IN THE AIR,na,na,2086,16000,15.22,test,na
2086-149214-0004_formant_g711-8k,data/attacks/g711-8k/2086-149214-0004_formant.wav,fake,attack,none,g711-8k,g711-8k,HE TRUSTS NOT TO BE CONSIDERED AS UNPARDONABLY OFFENDING BY LAYING OUT A STREET THAT INFRINGES UPON NOBODY'S PRIVATE RIGHTS AND APPROPRIATING A LOT OF LAND WHICH HAD NO VISIBLE OWNER AND BUILDING A HOUSE OF MATERIALS LONG IN USE FOR CONSTRUCTING CASTLES IN THE AIR,na,na,2086,16000,15.22,test,na
2086-149214-0004_formant_resample-8k,data/attacks/resample-8k/2086-149214-0004_formant.wav,fake,attack,none,resample-8k,8k-roundtrip,HE TRUSTS NOT TO BE CONSIDERED AS UNPARDONABLY OFFENDING BY LAYING OUT A STREET THAT INFRINGES UPON NOBODY'S PRIVATE RIGHTS AND APPROPRIATING A LOT OF LAND WHICH HAD NO VISIBLE OWNER AND BUILDING A HOUSE OF MATERIALS LONG IN USE FOR CONSTRUCTING CASTLES IN THE AIR,na,na,2086,16000,15.22,test,na
2086-149214-0004_formant_awgn-snr5,data/attacks/awgn-snr5/2086-149214-0004_formant.wav,fake,attack,none,awgn-snr5,snr5,HE TRUSTS NOT TO BE CONSIDERED AS UNPARDONABLY OFFENDING BY LAYING OUT A STREET THAT INFRINGES UPON NOBODY'S PRIVATE RIGHTS AND APPROPRIATING A LOT OF LAND WHICH HAD NO VISIBLE OWNER AND BUILDING A HOUSE OF MATERIALS LONG IN USE FOR CONSTRUCTING CASTLES IN THE AIR,na,na,2086,16000,15.22,test,na
2086-149214-0004_formant_awgn-snr10,data/attacks/awgn-snr10/2086-149214-0004_formant.wav,fake,attack,none,awgn-snr10,snr10,HE TRUSTS NOT TO BE CONSIDERED AS UNPARDONABLY OFFENDING BY LAYING OUT A STREET THAT INFRINGES UPON NOBODY'S PRIVATE RIGHTS AND APPROPRIATING A LOT OF LAND WHICH HAD NO VISIBLE OWNER AND BUILDING A HOUSE OF MATERIALS LONG IN USE FOR CONSTRUCTING CASTLES IN THE AIR,na,na,2086,16000,15.22,test,na
2086-149214-0004_formant_awgn-snr20,data/attacks/awgn-snr20/2086-149214-0004_formant.wav,fake,attack,none,awgn-snr20,snr20,HE TRUSTS NOT TO BE CONSIDERED AS UNPARDONABLY OFFENDING BY LAYING OUT A STREET THAT INFRINGES UPON NOBODY'S PRIVATE RIGHTS AND APPROPRIATING A LOT OF LAND WHICH HAD NO VISIBLE OWNER AND BUILDING A HOUSE OF MATERIALS LONG IN USE FOR CONSTRUCTING CASTLES IN THE AIR,na,na,2086,16000,15.22,test,na
2086-149214-0004_formant_bandpass-300-3400,data/attacks/bandpass-300-3400/2086-149214-0004_formant.wav,fake,attack,none,bandpass-300-3400,bandpass300-3400,HE TRUSTS NOT TO BE CONSIDERED AS UNPARDONABLY OFFENDING BY LAYING OUT A STREET THAT INFRINGES UPON NOBODY'S PRIVATE RIGHTS AND APPROPRIATING A LOT OF LAND WHICH HAD NO VISIBLE OWNER AND BUILDING A HOUSE OF MATERIALS LONG IN USE FOR CONSTRUCTING CASTLES IN THE AIR,na,na,2086,16000,15.22,test,na
2086-149214-0004_formant_reverb-rt60-0.2,data/attacks/reverb-rt60-0.2/2086-149214-0004_formant.wav,fake,attack,none,reverb-rt60-0.2,rt60-0.2,HE TRUSTS NOT TO BE CONSIDERED AS UNPARDONABLY OFFENDING BY LAYING OUT A STREET THAT INFRINGES UPON NOBODY'S PRIVATE RIGHTS AND APPROPRIATING A LOT OF LAND WHICH HAD NO VISIBLE OWNER AND BUILDING A HOUSE OF MATERIALS LONG IN USE FOR CONSTRUCTING CASTLES IN THE AIR,na,na,2086,16000,15.22,test,na
2086-149214-0004_formant_reverb-rt60-0.4,data/attacks/reverb-rt60-0.4/2086-149214-0004_formant.wav,fake,attack,none,reverb-rt60-0.4,rt60-0.4,HE TRUSTS NOT TO BE CONSIDERED AS UNPARDONABLY OFFENDING BY LAYING OUT A STREET THAT INFRINGES UPON NOBODY'S PRIVATE RIGHTS AND APPROPRIATING A LOT OF LAND WHICH HAD NO VISIBLE OWNER AND BUILDING A HOUSE OF MATERIALS LONG IN USE FOR CONSTRUCTING CASTLES IN THE AIR,na,na,2086,16000,15.22,test,na
2086-149214-0004_formant_reverb-rt60-0.8,data/attacks/reverb-rt60-0.8/2086-149214-0004_formant.wav,fake,attack,none,reverb-rt60-0.8,rt60-0.8,HE TRUSTS NOT TO BE CONSIDERED AS UNPARDONABLY OFFENDING BY LAYING OUT A STREET THAT INFRINGES UPON NOBODY'S PRIVATE RIGHTS AND APPROPRIATING A LOT OF LAND WHICH HAD NO VISIBLE OWNER AND BUILDING A HOUSE OF MATERIALS LONG IN USE FOR CONSTRUCTING CASTLES IN THE AIR,na,na,2086,16000,15.22,test,na
2086-149214-0004_formant_speed0.9,data/attacks/speed0.9/2086-149214-0004_formant.wav,fake,attack,none,speed0.9,speed0.9,HE TRUSTS NOT TO BE CONSIDERED AS UNPARDONABLY OFFENDING BY LAYING OUT A STREET THAT INFRINGES UPON NOBODY'S PRIVATE RIGHTS AND APPROPRIATING A LOT OF LAND WHICH HAD NO VISIBLE OWNER AND BUILDING A HOUSE OF MATERIALS LONG IN USE FOR CONSTRUCTING CASTLES IN THE AIR,na,na,2086,16000,16.911,test,na
2086-149214-0004_formant_speed1.1,data/attacks/speed1.1/2086-149214-0004_formant.wav,fake,attack,none,speed1.1,speed1.1,HE TRUSTS NOT TO BE CONSIDERED AS UNPARDONABLY OFFENDING BY LAYING OUT A STREET THAT INFRINGES UPON NOBODY'S PRIVATE RIGHTS AND APPROPRIATING A LOT OF LAND WHICH HAD NO VISIBLE OWNER AND BUILDING A HOUSE OF MATERIALS LONG IN USE FOR CONSTRUCTING CASTLES IN THE AIR,na,na,2086,16000,13.836,test,na
2086-149214-0004_melvoc_mp3-128k,data/attacks/mp3-128k/2086-149214-0004_melvoc.wav,fake,attack,none,mp3-128k,mp3-128k,HE TRUSTS NOT TO BE CONSIDERED AS UNPARDONABLY OFFENDING BY LAYING OUT A STREET THAT INFRINGES UPON NOBODY'S PRIVATE RIGHTS AND APPROPRIATING A LOT OF LAND WHICH HAD NO VISIBLE OWNER AND BUILDING A HOUSE OF MATERIALS LONG IN USE FOR CONSTRUCTING CASTLES IN THE AIR,na,na,2086,16000,15.216,test,na
2086-149214-0004_melvoc_mp3-64k,data/attacks/mp3-64k/2086-149214-0004_melvoc.wav,fake,attack,none,mp3-64k,mp3-64k,HE TRUSTS NOT TO BE CONSIDERED AS UNPARDONABLY OFFENDING BY LAYING OUT A STREET THAT INFRINGES UPON NOBODY'S PRIVATE RIGHTS AND APPROPRIATING A LOT OF LAND WHICH HAD NO VISIBLE OWNER AND BUILDING A HOUSE OF MATERIALS LONG IN USE FOR CONSTRUCTING CASTLES IN THE AIR,na,na,2086,16000,15.216,test,na
2086-149214-0004_melvoc_opus-32k,data/attacks/opus-32k/2086-149214-0004_melvoc.wav,fake,attack,none,opus-32k,opus-32k,HE TRUSTS NOT TO BE CONSIDERED AS UNPARDONABLY OFFENDING BY LAYING OUT A STREET THAT INFRINGES UPON NOBODY'S PRIVATE RIGHTS AND APPROPRIATING A LOT OF LAND WHICH HAD NO VISIBLE OWNER AND BUILDING A HOUSE OF MATERIALS LONG IN USE FOR CONSTRUCTING CASTLES IN THE AIR,na,na,2086,16000,15.216,test,na
2086-149214-0004_melvoc_g711-8k,data/attacks/g711-8k/2086-149214-0004_melvoc.wav,fake,attack,none,g711-8k,g711-8k,HE TRUSTS NOT TO BE CONSIDERED AS UNPARDONABLY OFFENDING BY LAYING OUT A STREET THAT INFRINGES UPON NOBODY'S PRIVATE RIGHTS AND APPROPRIATING A LOT OF LAND WHICH HAD NO VISIBLE OWNER AND BUILDING A HOUSE OF MATERIALS LONG IN USE FOR CONSTRUCTING CASTLES IN THE AIR,na,na,2086,16000,15.216,test,na
2086-149214-0004_melvoc_resample-8k,data/attacks/resample-8k/2086-149214-0004_melvoc.wav,fake,attack,none,resample-8k,8k-roundtrip,HE TRUSTS NOT TO BE CONSIDERED AS UNPARDONABLY OFFENDING BY LAYING OUT A STREET THAT INFRINGES UPON NOBODY'S PRIVATE RIGHTS AND APPROPRIATING A LOT OF LAND WHICH HAD NO VISIBLE OWNER AND BUILDING A HOUSE OF MATERIALS LONG IN USE FOR CONSTRUCTING CASTLES IN THE AIR,na,na,2086,16000,15.216,test,na
2086-149214-0004_melvoc_awgn-snr5,data/attacks/awgn-snr5/2086-149214-0004_melvoc.wav,fake,attack,none,awgn-snr5,snr5,HE TRUSTS NOT TO BE CONSIDERED AS UNPARDONABLY OFFENDING BY LAYING OUT A STREET THAT INFRINGES UPON NOBODY'S PRIVATE RIGHTS AND APPROPRIATING A LOT OF LAND WHICH HAD NO VISIBLE OWNER AND BUILDING A HOUSE OF MATERIALS LONG IN USE FOR CONSTRUCTING CASTLES IN THE AIR,na,na,2086,16000,15.216,test,na
2086-149214-0004_melvoc_awgn-snr10,data/attacks/awgn-snr10/2086-149214-0004_melvoc.wav,fake,attack,none,awgn-snr10,snr10,HE TRUSTS NOT TO BE CONSIDERED AS UNPARDONABLY OFFENDING BY LAYING OUT A STREET THAT INFRINGES UPON NOBODY'S PRIVATE RIGHTS AND APPROPRIATING A LOT OF LAND WHICH HAD NO VISIBLE OWNER AND BUILDING A HOUSE OF MATERIALS LONG IN USE FOR CONSTRUCTING CASTLES IN THE AIR,na,na,2086,16000,15.216,test,na
2086-149214-0004_melvoc_awgn-snr20,data/attacks/awgn-snr20/2086-149214-0004_melvoc.wav,fake,attack,none,awgn-snr20,snr20,HE TRUSTS NOT TO BE CONSIDERED AS UNPARDONABLY OFFENDING BY LAYING OUT A STREET THAT INFRINGES UPON NOBODY'S PRIVATE RIGHTS AND APPROPRIATING A LOT OF LAND WHICH HAD NO VISIBLE OWNER AND BUILDING A HOUSE OF MATERIALS LONG IN USE FOR CONSTRUCTING CASTLES IN THE AIR,na,na,2086,16000,15.216,test,na
2086-149214-0004_melvoc_bandpass-300-3400,data/attacks/bandpass-300-3400/2086-149214-0004_melvoc.wav,fake,attack,none,bandpass-300-3400,bandpass300-3400,HE TRUSTS NOT TO BE CONSIDERED AS UNPARDONABLY OFFENDING BY LAYING OUT A STREET THAT INFRINGES UPON NOBODY'S PRIVATE RIGHTS AND APPROPRIATING A LOT OF LAND WHICH HAD NO VISIBLE OWNER AND BUILDING A HOUSE OF MATERIALS LONG IN USE FOR CONSTRUCTING CASTLES IN THE AIR,na,na,2086,16000,15.216,test,na
2086-149214-0004_melvoc_reverb-rt60-0.2,data/attacks/reverb-rt60-0.2/2086-149214-0004_melvoc.wav,fake,attack,none,reverb-rt60-0.2,rt60-0.2,HE TRUSTS NOT TO BE CONSIDERED AS UNPARDONABLY OFFENDING BY LAYING OUT A STREET THAT INFRINGES UPON NOBODY'S PRIVATE RIGHTS AND APPROPRIATING A LOT OF LAND WHICH HAD NO VISIBLE OWNER AND BUILDING A HOUSE OF MATERIALS LONG IN USE FOR CONSTRUCTING CASTLES IN THE AIR,na,na,2086,16000,15.216,test,na
2086-149214-0004_melvoc_reverb-rt60-0.4,data/attacks/reverb-rt60-0.4/2086-149214-0004_melvoc.wav,fake,attack,none,reverb-rt60-0.4,rt60-0.4,HE TRUSTS NOT TO BE CONSIDERED AS UNPARDONABLY OFFENDING BY LAYING OUT A STREET THAT INFRINGES UPON NOBODY'S PRIVATE RIGHTS AND APPROPRIATING A LOT OF LAND WHICH HAD NO VISIBLE OWNER AND BUILDING A HOUSE OF MATERIALS LONG IN USE FOR CONSTRUCTING CASTLES IN THE AIR,na,na,2086,16000,15.216,test,na
2086-149214-0004_melvoc_reverb-rt60-0.8,data/attacks/reverb-rt60-0.8/2086-149214-0004_melvoc.wav,fake,attack,none,reverb-rt60-0.8,rt60-0.8,HE TRUSTS NOT TO BE CONSIDERED AS UNPARDONABLY OFFENDING BY LAYING OUT A STREET THAT INFRINGES UPON NOBODY'S PRIVATE RIGHTS AND APPROPRIATING A LOT OF LAND WHICH HAD NO VISIBLE OWNER AND BUILDING A HOUSE OF MATERIALS LONG IN USE FOR CONSTRUCTING CASTLES IN THE AIR,na,na,2086,16000,15.216,test,na
2086-149214-0004_melvoc_speed0.9,data/attacks/speed0.9/2086-149214-0004_melvoc.wav,fake,attack,none,speed0.9,speed0.9,HE TRUSTS NOT TO BE CONSIDERED AS UNPARDONABLY OFFENDING BY LAYING OUT A STREET THAT INFRINGES UPON NOBODY'S PRIVATE RIGHTS AND APPROPRIATING A LOT OF LAND WHICH HAD NO VISIBLE OWNER AND BUILDING A HOUSE OF MATERIALS LONG IN USE FOR CONSTRUCTING CASTLES IN THE AIR,na,na,2086,16000,16.907,test,na
2086-149214-0004_melvoc_speed1.1,data/attacks/speed1.1/2086-149214-0004_melvoc.wav,fake,attack,none,speed1.1,speed1.1,HE TRUSTS NOT TO BE CONSIDERED AS UNPARDONABLY OFFENDING BY LAYING OUT A STREET THAT INFRINGES UPON NOBODY'S PRIVATE RIGHTS AND APPROPRIATING A LOT OF LAND WHICH HAD NO VISIBLE OWNER AND BUILDING A HOUSE OF MATERIALS LONG IN USE FOR CONSTRUCTING CASTLES IN THE AIR,na,na,2086,16000,13.833,test,na
2086-149214-0004_pitch_mp3-128k,data/attacks/mp3-128k/2086-149214-0004_pitch.wav,fake,attack,none,mp3-128k,mp3-128k,HE TRUSTS NOT TO BE CONSIDERED AS UNPARDONABLY OFFENDING BY LAYING OUT A STREET THAT INFRINGES UPON NOBODY'S PRIVATE RIGHTS AND APPROPRIATING A LOT OF LAND WHICH HAD NO VISIBLE OWNER AND BUILDING A HOUSE OF MATERIALS LONG IN USE FOR CONSTRUCTING CASTLES IN THE AIR,na,na,2086,16000,15.22,test,na
2086-149214-0004_pitch_mp3-64k,data/attacks/mp3-64k/2086-149214-0004_pitch.wav,fake,attack,none,mp3-64k,mp3-64k,HE TRUSTS NOT TO BE CONSIDERED AS UNPARDONABLY OFFENDING BY LAYING OUT A STREET THAT INFRINGES UPON NOBODY'S PRIVATE RIGHTS AND APPROPRIATING A LOT OF LAND WHICH HAD NO VISIBLE OWNER AND BUILDING A HOUSE OF MATERIALS LONG IN USE FOR CONSTRUCTING CASTLES IN THE AIR,na,na,2086,16000,15.22,test,na
2086-149214-0004_pitch_opus-32k,data/attacks/opus-32k/2086-149214-0004_pitch.wav,fake,attack,none,opus-32k,opus-32k,HE TRUSTS NOT TO BE CONSIDERED AS UNPARDONABLY OFFENDING BY LAYING OUT A STREET THAT INFRINGES UPON NOBODY'S PRIVATE RIGHTS AND APPROPRIATING A LOT OF LAND WHICH HAD NO VISIBLE OWNER AND BUILDING A HOUSE OF MATERIALS LONG IN USE FOR CONSTRUCTING CASTLES IN THE AIR,na,na,2086,16000,15.22,test,na
2086-149214-0004_pitch_g711-8k,data/attacks/g711-8k/2086-149214-0004_pitch.wav,fake,attack,none,g711-8k,g711-8k,HE TRUSTS NOT TO BE CONSIDERED AS UNPARDONABLY OFFENDING BY LAYING OUT A STREET THAT INFRINGES UPON NOBODY'S PRIVATE RIGHTS AND APPROPRIATING A LOT OF LAND WHICH HAD NO VISIBLE OWNER AND BUILDING A HOUSE OF MATERIALS LONG IN USE FOR CONSTRUCTING CASTLES IN THE AIR,na,na,2086,16000,15.22,test,na
2086-149214-0004_pitch_resample-8k,data/attacks/resample-8k/2086-149214-0004_pitch.wav,fake,attack,none,resample-8k,8k-roundtrip,HE TRUSTS NOT TO BE CONSIDERED AS UNPARDONABLY OFFENDING BY LAYING OUT A STREET THAT INFRINGES UPON NOBODY'S PRIVATE RIGHTS AND APPROPRIATING A LOT OF LAND WHICH HAD NO VISIBLE OWNER AND BUILDING A HOUSE OF MATERIALS LONG IN USE FOR CONSTRUCTING CASTLES IN THE AIR,na,na,2086,16000,15.22,test,na
2086-149214-0004_pitch_awgn-snr5,data/attacks/awgn-snr5/2086-149214-0004_pitch.wav,fake,attack,none,awgn-snr5,snr5,HE TRUSTS NOT TO BE CONSIDERED AS UNPARDONABLY OFFENDING BY LAYING OUT A STREET THAT INFRINGES UPON NOBODY'S PRIVATE RIGHTS AND APPROPRIATING A LOT OF LAND WHICH HAD NO VISIBLE OWNER AND BUILDING A HOUSE OF MATERIALS LONG IN USE FOR CONSTRUCTING CASTLES IN THE AIR,na,na,2086,16000,15.22,test,na
2086-149214-0004_pitch_awgn-snr10,data/attacks/awgn-snr10/2086-149214-0004_pitch.wav,fake,attack,none,awgn-snr10,snr10,HE TRUSTS NOT TO BE CONSIDERED AS UNPARDONABLY OFFENDING BY LAYING OUT A STREET THAT INFRINGES UPON NOBODY'S PRIVATE RIGHTS AND APPROPRIATING A LOT OF LAND WHICH HAD NO VISIBLE OWNER AND BUILDING A HOUSE OF MATERIALS LONG IN USE FOR CONSTRUCTING CASTLES IN THE AIR,na,na,2086,16000,15.22,test,na
2086-149214-0004_pitch_awgn-snr20,data/attacks/awgn-snr20/2086-149214-0004_pitch.wav,fake,attack,none,awgn-snr20,snr20,HE TRUSTS NOT TO BE CONSIDERED AS UNPARDONABLY OFFENDING BY LAYING OUT A STREET THAT INFRINGES UPON NOBODY'S PRIVATE RIGHTS AND APPROPRIATING A LOT OF LAND WHICH HAD NO VISIBLE OWNER AND BUILDING A HOUSE OF MATERIALS LONG IN USE FOR CONSTRUCTING CASTLES IN THE AIR,na,na,2086,16000,15.22,test,na
2086-149214-0004_pitch_bandpass-300-3400,data/attacks/bandpass-300-3400/2086-149214-0004_pitch.wav,fake,attack,none,bandpass-300-3400,bandpass300-3400,HE TRUSTS NOT TO BE CONSIDERED AS UNPARDONABLY OFFENDING BY LAYING OUT A STREET THAT INFRINGES UPON NOBODY'S PRIVATE RIGHTS AND APPROPRIATING A LOT OF LAND WHICH HAD NO VISIBLE OWNER AND BUILDING A HOUSE OF MATERIALS LONG IN USE FOR CONSTRUCTING CASTLES IN THE AIR,na,na,2086,16000,15.22,test,na
2086-149214-0004_pitch_reverb-rt60-0.2,data/attacks/reverb-rt60-0.2/2086-149214-0004_pitch.wav,fake,attack,none,reverb-rt60-0.2,rt60-0.2,HE TRUSTS NOT TO BE CONSIDERED AS UNPARDONABLY OFFENDING BY LAYING OUT A STREET THAT INFRINGES UPON NOBODY'S PRIVATE RIGHTS AND APPROPRIATING A LOT OF LAND WHICH HAD NO VISIBLE OWNER AND BUILDING A HOUSE OF MATERIALS LONG IN USE FOR CONSTRUCTING CASTLES IN THE AIR,na,na,2086,16000,15.22,test,na
2086-149214-0004_pitch_reverb-rt60-0.4,data/attacks/reverb-rt60-0.4/2086-149214-0004_pitch.wav,fake,attack,none,reverb-rt60-0.4,rt60-0.4,HE TRUSTS NOT TO BE CONSIDERED AS UNPARDONABLY OFFENDING BY LAYING OUT A STREET THAT INFRINGES UPON NOBODY'S PRIVATE RIGHTS AND APPROPRIATING A LOT OF LAND WHICH HAD NO VISIBLE OWNER AND BUILDING A HOUSE OF MATERIALS LONG IN USE FOR CONSTRUCTING CASTLES IN THE AIR,na,na,2086,16000,15.22,test,na
2086-149214-0004_pitch_reverb-rt60-0.8,data/attacks/reverb-rt60-0.8/2086-149214-0004_pitch.wav,fake,attack,none,reverb-rt60-0.8,rt60-0.8,HE TRUSTS NOT TO BE CONSIDERED AS UNPARDONABLY OFFENDING BY LAYING OUT A STREET THAT INFRINGES UPON NOBODY'S PRIVATE RIGHTS AND APPROPRIATING A LOT OF LAND WHICH HAD NO VISIBLE OWNER AND BUILDING A HOUSE OF MATERIALS LONG IN USE FOR CONSTRUCTING CASTLES IN THE AIR,na,na,2086,16000,15.22,test,na
2086-149214-0004_pitch_speed0.9,data/attacks/speed0.9/2086-149214-0004_pitch.wav,fake,attack,none,speed0.9,speed0.9,HE TRUSTS NOT TO BE CONSIDERED AS UNPARDONABLY OFFENDING BY LAYING OUT A STREET THAT INFRINGES UPON NOBODY'S PRIVATE RIGHTS AND APPROPRIATING A LOT OF LAND WHICH HAD NO VISIBLE OWNER AND BUILDING A HOUSE OF MATERIALS LONG IN USE FOR CONSTRUCTING CASTLES IN THE AIR,na,na,2086,16000,16.911,test,na
2086-149214-0004_pitch_speed1.1,data/attacks/speed1.1/2086-149214-0004_pitch.wav,fake,attack,none,speed1.1,speed1.1,HE TRUSTS NOT TO BE CONSIDERED AS UNPARDONABLY OFFENDING BY LAYING OUT A STREET THAT INFRINGES UPON NOBODY'S PRIVATE RIGHTS AND APPROPRIATING A LOT OF LAND WHICH HAD NO VISIBLE OWNER AND BUILDING A HOUSE OF MATERIALS LONG IN USE FOR CONSTRUCTING CASTLES IN THE AIR,na,na,2086,16000,13.836,test,na
2086-149220-0000_formant_mp3-128k,data/attacks/mp3-128k/2086-149220-0000_formant.wav,fake,attack,none,mp3-128k,mp3-128k,THE ENCLOSURE HAD FORMERLY BEEN VERY EXTENSIVE BUT WAS NOW CONTRACTED WITHIN SMALL COMPASS AND HEMMED ABOUT PARTLY BY HIGH WOODEN FENCES AND PARTLY BY THE OUTBUILDINGS OF HOUSES THAT STOOD ON ANOTHER STREET,na,na,2086,16000,12.095,test,na
2086-149220-0000_formant_mp3-64k,data/attacks/mp3-64k/2086-149220-0000_formant.wav,fake,attack,none,mp3-64k,mp3-64k,THE ENCLOSURE HAD FORMERLY BEEN VERY EXTENSIVE BUT WAS NOW CONTRACTED WITHIN SMALL COMPASS AND HEMMED ABOUT PARTLY BY HIGH WOODEN FENCES AND PARTLY BY THE OUTBUILDINGS OF HOUSES THAT STOOD ON ANOTHER STREET,na,na,2086,16000,12.095,test,na
2086-149220-0000_formant_opus-32k,data/attacks/opus-32k/2086-149220-0000_formant.wav,fake,attack,none,opus-32k,opus-32k,THE ENCLOSURE HAD FORMERLY BEEN VERY EXTENSIVE BUT WAS NOW CONTRACTED WITHIN SMALL COMPASS AND HEMMED ABOUT PARTLY BY HIGH WOODEN FENCES AND PARTLY BY THE OUTBUILDINGS OF HOUSES THAT STOOD ON ANOTHER STREET,na,na,2086,16000,12.095,test,na
2086-149220-0000_formant_g711-8k,data/attacks/g711-8k/2086-149220-0000_formant.wav,fake,attack,none,g711-8k,g711-8k,THE ENCLOSURE HAD FORMERLY BEEN VERY EXTENSIVE BUT WAS NOW CONTRACTED WITHIN SMALL COMPASS AND HEMMED ABOUT PARTLY BY HIGH WOODEN FENCES AND PARTLY BY THE OUTBUILDINGS OF HOUSES THAT STOOD ON ANOTHER STREET,na,na,2086,16000,12.095,test,na
2086-149220-0000_formant_resample-8k,data/attacks/resample-8k/2086-149220-0000_formant.wav,fake,attack,none,resample-8k,8k-roundtrip,THE ENCLOSURE HAD FORMERLY BEEN VERY EXTENSIVE BUT WAS NOW CONTRACTED WITHIN SMALL COMPASS AND HEMMED ABOUT PARTLY BY HIGH WOODEN FENCES AND PARTLY BY THE OUTBUILDINGS OF HOUSES THAT STOOD ON ANOTHER STREET,na,na,2086,16000,12.095,test,na
2086-149220-0000_formant_awgn-snr5,data/attacks/awgn-snr5/2086-149220-0000_formant.wav,fake,attack,none,awgn-snr5,snr5,THE ENCLOSURE HAD FORMERLY BEEN VERY EXTENSIVE BUT WAS NOW CONTRACTED WITHIN SMALL COMPASS AND HEMMED ABOUT PARTLY BY HIGH WOODEN FENCES AND PARTLY BY THE OUTBUILDINGS OF HOUSES THAT STOOD ON ANOTHER STREET,na,na,2086,16000,12.095,test,na
2086-149220-0000_formant_awgn-snr10,data/attacks/awgn-snr10/2086-149220-0000_formant.wav,fake,attack,none,awgn-snr10,snr10,THE ENCLOSURE HAD FORMERLY BEEN VERY EXTENSIVE BUT WAS NOW CONTRACTED WITHIN SMALL COMPASS AND HEMMED ABOUT PARTLY BY HIGH WOODEN FENCES AND PARTLY BY THE OUTBUILDINGS OF HOUSES THAT STOOD ON ANOTHER STREET,na,na,2086,16000,12.095,test,na
2086-149220-0000_formant_awgn-snr20,data/attacks/awgn-snr20/2086-149220-0000_formant.wav,fake,attack,none,awgn-snr20,snr20,THE ENCLOSURE HAD FORMERLY BEEN VERY EXTENSIVE BUT WAS NOW CONTRACTED WITHIN SMALL COMPASS AND HEMMED ABOUT PARTLY BY HIGH WOODEN FENCES AND PARTLY BY THE OUTBUILDINGS OF HOUSES THAT STOOD ON ANOTHER STREET,na,na,2086,16000,12.095,test,na
2086-149220-0000_formant_bandpass-300-3400,data/attacks/bandpass-300-3400/2086-149220-0000_formant.wav,fake,attack,none,bandpass-300-3400,bandpass300-3400,THE ENCLOSURE HAD FORMERLY BEEN VERY EXTENSIVE BUT WAS NOW CONTRACTED WITHIN SMALL COMPASS AND HEMMED ABOUT PARTLY BY HIGH WOODEN FENCES AND PARTLY BY THE OUTBUILDINGS OF HOUSES THAT STOOD ON ANOTHER STREET,na,na,2086,16000,12.095,test,na
2086-149220-0000_formant_reverb-rt60-0.2,data/attacks/reverb-rt60-0.2/2086-149220-0000_formant.wav,fake,attack,none,reverb-rt60-0.2,rt60-0.2,THE ENCLOSURE HAD FORMERLY BEEN VERY EXTENSIVE BUT WAS NOW CONTRACTED WITHIN SMALL COMPASS AND HEMMED ABOUT PARTLY BY HIGH WOODEN FENCES AND PARTLY BY THE OUTBUILDINGS OF HOUSES THAT STOOD ON ANOTHER STREET,na,na,2086,16000,12.095,test,na
2086-149220-0000_formant_reverb-rt60-0.4,data/attacks/reverb-rt60-0.4/2086-149220-0000_formant.wav,fake,attack,none,reverb-rt60-0.4,rt60-0.4,THE ENCLOSURE HAD FORMERLY BEEN VERY EXTENSIVE BUT WAS NOW CONTRACTED WITHIN SMALL COMPASS AND HEMMED ABOUT PARTLY BY HIGH WOODEN FENCES AND PARTLY BY THE OUTBUILDINGS OF HOUSES THAT STOOD ON ANOTHER STREET,na,na,2086,16000,12.095,test,na
2086-149220-0000_formant_reverb-rt60-0.8,data/attacks/reverb-rt60-0.8/2086-149220-0000_formant.wav,fake,attack,none,reverb-rt60-0.8,rt60-0.8,THE ENCLOSURE HAD FORMERLY BEEN VERY EXTENSIVE BUT WAS NOW CONTRACTED WITHIN SMALL COMPASS AND HEMMED ABOUT PARTLY BY HIGH WOODEN FENCES AND PARTLY BY THE OUTBUILDINGS OF HOUSES THAT STOOD ON ANOTHER STREET,na,na,2086,16000,12.095,test,na
2086-149220-0000_formant_speed0.9,data/attacks/speed0.9/2086-149220-0000_formant.wav,fake,attack,none,speed0.9,speed0.9,THE ENCLOSURE HAD FORMERLY BEEN VERY EXTENSIVE BUT WAS NOW CONTRACTED WITHIN SMALL COMPASS AND HEMMED ABOUT PARTLY BY HIGH WOODEN FENCES AND PARTLY BY THE OUTBUILDINGS OF HOUSES THAT STOOD ON ANOTHER STREET,na,na,2086,16000,13.439,test,na
2086-149220-0000_formant_speed1.1,data/attacks/speed1.1/2086-149220-0000_formant.wav,fake,attack,none,speed1.1,speed1.1,THE ENCLOSURE HAD FORMERLY BEEN VERY EXTENSIVE BUT WAS NOW CONTRACTED WITHIN SMALL COMPASS AND HEMMED ABOUT PARTLY BY HIGH WOODEN FENCES AND PARTLY BY THE OUTBUILDINGS OF HOUSES THAT STOOD ON ANOTHER STREET,na,na,2086,16000,10.995,test,na
2086-149220-0000_melvoc_mp3-128k,data/attacks/mp3-128k/2086-149220-0000_melvoc.wav,fake,attack,none,mp3-128k,mp3-128k,THE ENCLOSURE HAD FORMERLY BEEN VERY EXTENSIVE BUT WAS NOW CONTRACTED WITHIN SMALL COMPASS AND HEMMED ABOUT PARTLY BY HIGH WOODEN FENCES AND PARTLY BY THE OUTBUILDINGS OF HOUSES THAT STOOD ON ANOTHER STREET,na,na,2086,16000,12.088,test,na
2086-149220-0000_melvoc_mp3-64k,data/attacks/mp3-64k/2086-149220-0000_melvoc.wav,fake,attack,none,mp3-64k,mp3-64k,THE ENCLOSURE HAD FORMERLY BEEN VERY EXTENSIVE BUT WAS NOW CONTRACTED WITHIN SMALL COMPASS AND HEMMED ABOUT PARTLY BY HIGH WOODEN FENCES AND PARTLY BY THE OUTBUILDINGS OF HOUSES THAT STOOD ON ANOTHER STREET,na,na,2086,16000,12.088,test,na
2086-149220-0000_melvoc_opus-32k,data/attacks/opus-32k/2086-149220-0000_melvoc.wav,fake,attack,none,opus-32k,opus-32k,THE ENCLOSURE HAD FORMERLY BEEN VERY EXTENSIVE BUT WAS NOW CONTRACTED WITHIN SMALL COMPASS AND HEMMED ABOUT PARTLY BY HIGH WOODEN FENCES AND PARTLY BY THE OUTBUILDINGS OF HOUSES THAT STOOD ON ANOTHER STREET,na,na,2086,16000,12.088,test,na
2086-149220-0000_melvoc_g711-8k,data/attacks/g711-8k/2086-149220-0000_melvoc.wav,fake,attack,none,g711-8k,g711-8k,THE ENCLOSURE HAD FORMERLY BEEN VERY EXTENSIVE BUT WAS NOW CONTRACTED WITHIN SMALL COMPASS AND HEMMED ABOUT PARTLY BY HIGH WOODEN FENCES AND PARTLY BY THE OUTBUILDINGS OF HOUSES THAT STOOD ON ANOTHER STREET,na,na,2086,16000,12.088,test,na
2086-149220-0000_melvoc_resample-8k,data/attacks/resample-8k/2086-149220-0000_melvoc.wav,fake,attack,none,resample-8k,8k-roundtrip,THE ENCLOSURE HAD FORMERLY BEEN VERY EXTENSIVE BUT WAS NOW CONTRACTED WITHIN SMALL COMPASS AND HEMMED ABOUT PARTLY BY HIGH WOODEN FENCES AND PARTLY BY THE OUTBUILDINGS OF HOUSES THAT STOOD ON ANOTHER STREET,na,na,2086,16000,12.088,test,na
2086-149220-0000_melvoc_awgn-snr5,data/attacks/awgn-snr5/2086-149220-0000_melvoc.wav,fake,attack,none,awgn-snr5,snr5,THE ENCLOSURE HAD FORMERLY BEEN VERY EXTENSIVE BUT WAS NOW CONTRACTED WITHIN SMALL COMPASS AND HEMMED ABOUT PARTLY BY HIGH WOODEN FENCES AND PARTLY BY THE OUTBUILDINGS OF HOUSES THAT STOOD ON ANOTHER STREET,na,na,2086,16000,12.088,test,na
2086-149220-0000_melvoc_awgn-snr10,data/attacks/awgn-snr10/2086-149220-0000_melvoc.wav,fake,attack,none,awgn-snr10,snr10,THE ENCLOSURE HAD FORMERLY BEEN VERY EXTENSIVE BUT WAS NOW CONTRACTED WITHIN SMALL COMPASS AND HEMMED ABOUT PARTLY BY HIGH WOODEN FENCES AND PARTLY BY THE OUTBUILDINGS OF HOUSES THAT STOOD ON ANOTHER STREET,na,na,2086,16000,12.088,test,na
2086-149220-0000_melvoc_awgn-snr20,data/attacks/awgn-snr20/2086-149220-0000_melvoc.wav,fake,attack,none,awgn-snr20,snr20,THE ENCLOSURE HAD FORMERLY BEEN VERY EXTENSIVE BUT WAS NOW CONTRACTED WITHIN SMALL COMPASS AND HEMMED ABOUT PARTLY BY HIGH WOODEN FENCES AND PARTLY BY THE OUTBUILDINGS OF HOUSES THAT STOOD ON ANOTHER STREET,na,na,2086,16000,12.088,test,na
2086-149220-0000_melvoc_bandpass-300-3400,data/attacks/bandpass-300-3400/2086-149220-0000_melvoc.wav,fake,attack,none,bandpass-300-3400,bandpass300-3400,THE ENCLOSURE HAD FORMERLY BEEN VERY EXTENSIVE BUT WAS NOW CONTRACTED WITHIN SMALL COMPASS AND HEMMED ABOUT PARTLY BY HIGH WOODEN FENCES AND PARTLY BY THE OUTBUILDINGS OF HOUSES THAT STOOD ON ANOTHER STREET,na,na,2086,16000,12.088,test,na
2086-149220-0000_melvoc_reverb-rt60-0.2,data/attacks/reverb-rt60-0.2/2086-149220-0000_melvoc.wav,fake,attack,none,reverb-rt60-0.2,rt60-0.2,THE ENCLOSURE HAD FORMERLY BEEN VERY EXTENSIVE BUT WAS NOW CONTRACTED WITHIN SMALL COMPASS AND HEMMED ABOUT PARTLY BY HIGH WOODEN FENCES AND PARTLY BY THE OUTBUILDINGS OF HOUSES THAT STOOD ON ANOTHER STREET,na,na,2086,16000,12.088,test,na
2086-149220-0000_melvoc_reverb-rt60-0.4,data/attacks/reverb-rt60-0.4/2086-149220-0000_melvoc.wav,fake,attack,none,reverb-rt60-0.4,rt60-0.4,THE ENCLOSURE HAD FORMERLY BEEN VERY EXTENSIVE BUT WAS NOW CONTRACTED WITHIN SMALL COMPASS AND HEMMED ABOUT PARTLY BY HIGH WOODEN FENCES AND PARTLY BY THE OUTBUILDINGS OF HOUSES THAT STOOD ON ANOTHER STREET,na,na,2086,16000,12.088,test,na
2086-149220-0000_melvoc_reverb-rt60-0.8,data/attacks/reverb-rt60-0.8/2086-149220-0000_melvoc.wav,fake,attack,none,reverb-rt60-0.8,rt60-0.8,THE ENCLOSURE HAD FORMERLY BEEN VERY EXTENSIVE BUT WAS NOW CONTRACTED WITHIN SMALL COMPASS AND HEMMED ABOUT PARTLY BY HIGH WOODEN FENCES AND PARTLY BY THE OUTBUILDINGS OF HOUSES THAT STOOD ON ANOTHER STREET,na,na,2086,16000,12.088,test,na
2086-149220-0000_melvoc_speed0.9,data/attacks/speed0.9/2086-149220-0000_melvoc.wav,fake,attack,none,speed0.9,speed0.9,THE ENCLOSURE HAD FORMERLY BEEN VERY EXTENSIVE BUT WAS NOW CONTRACTED WITHIN SMALL COMPASS AND HEMMED ABOUT PARTLY BY HIGH WOODEN FENCES AND PARTLY BY THE OUTBUILDINGS OF HOUSES THAT STOOD ON ANOTHER STREET,na,na,2086,16000,13.431,test,na
2086-149220-0000_melvoc_speed1.1,data/attacks/speed1.1/2086-149220-0000_melvoc.wav,fake,attack,none,speed1.1,speed1.1,THE ENCLOSURE HAD FORMERLY BEEN VERY EXTENSIVE BUT WAS NOW CONTRACTED WITHIN SMALL COMPASS AND HEMMED ABOUT PARTLY BY HIGH WOODEN FENCES AND PARTLY BY THE OUTBUILDINGS OF HOUSES THAT STOOD ON ANOTHER STREET,na,na,2086,16000,10.989,test,na
2086-149220-0000_pitch_mp3-128k,data/attacks/mp3-128k/2086-149220-0000_pitch.wav,fake,attack,none,mp3-128k,mp3-128k,THE ENCLOSURE HAD FORMERLY BEEN VERY EXTENSIVE BUT WAS NOW CONTRACTED WITHIN SMALL COMPASS AND HEMMED ABOUT PARTLY BY HIGH WOODEN FENCES AND PARTLY BY THE OUTBUILDINGS OF HOUSES THAT STOOD ON ANOTHER STREET,na,na,2086,16000,12.095,test,na
2086-149220-0000_pitch_mp3-64k,data/attacks/mp3-64k/2086-149220-0000_pitch.wav,fake,attack,none,mp3-64k,mp3-64k,THE ENCLOSURE HAD FORMERLY BEEN VERY EXTENSIVE BUT WAS NOW CONTRACTED WITHIN SMALL COMPASS AND HEMMED ABOUT PARTLY BY HIGH WOODEN FENCES AND PARTLY BY THE OUTBUILDINGS OF HOUSES THAT STOOD ON ANOTHER STREET,na,na,2086,16000,12.095,test,na
2086-149220-0000_pitch_opus-32k,data/attacks/opus-32k/2086-149220-0000_pitch.wav,fake,attack,none,opus-32k,opus-32k,THE ENCLOSURE HAD FORMERLY BEEN VERY EXTENSIVE BUT WAS NOW CONTRACTED WITHIN SMALL COMPASS AND HEMMED ABOUT PARTLY BY HIGH WOODEN FENCES AND PARTLY BY THE OUTBUILDINGS OF HOUSES THAT STOOD ON ANOTHER STREET,na,na,2086,16000,12.095,test,na
2086-149220-0000_pitch_g711-8k,data/attacks/g711-8k/2086-149220-0000_pitch.wav,fake,attack,none,g711-8k,g711-8k,THE ENCLOSURE HAD FORMERLY BEEN VERY EXTENSIVE BUT WAS NOW CONTRACTED WITHIN SMALL COMPASS AND HEMMED ABOUT PARTLY BY HIGH WOODEN FENCES AND PARTLY BY THE OUTBUILDINGS OF HOUSES THAT STOOD ON ANOTHER STREET,na,na,2086,16000,12.095,test,na
2086-149220-0000_pitch_resample-8k,data/attacks/resample-8k/2086-149220-0000_pitch.wav,fake,attack,none,resample-8k,8k-roundtrip,THE ENCLOSURE HAD FORMERLY BEEN VERY EXTENSIVE BUT WAS NOW CONTRACTED WITHIN SMALL COMPASS AND HEMMED ABOUT PARTLY BY HIGH WOODEN FENCES AND PARTLY BY THE OUTBUILDINGS OF HOUSES THAT STOOD ON ANOTHER STREET,na,na,2086,16000,12.095,test,na
2086-149220-0000_pitch_awgn-snr5,data/attacks/awgn-snr5/2086-149220-0000_pitch.wav,fake,attack,none,awgn-snr5,snr5,THE ENCLOSURE HAD FORMERLY BEEN VERY EXTENSIVE BUT WAS NOW CONTRACTED WITHIN SMALL COMPASS AND HEMMED ABOUT PARTLY BY HIGH WOODEN FENCES AND PARTLY BY THE OUTBUILDINGS OF HOUSES THAT STOOD ON ANOTHER STREET,na,na,2086,16000,12.095,test,na
2086-149220-0000_pitch_awgn-snr10,data/attacks/awgn-snr10/2086-149220-0000_pitch.wav,fake,attack,none,awgn-snr10,snr10,THE ENCLOSURE HAD FORMERLY BEEN VERY EXTENSIVE BUT WAS NOW CONTRACTED WITHIN SMALL COMPASS AND HEMMED ABOUT PARTLY BY HIGH WOODEN FENCES AND PARTLY BY THE OUTBUILDINGS OF HOUSES THAT STOOD ON ANOTHER STREET,na,na,2086,16000,12.095,test,na
2086-149220-0000_pitch_awgn-snr20,data/attacks/awgn-snr20/2086-149220-0000_pitch.wav,fake,attack,none,awgn-snr20,snr20,THE ENCLOSURE HAD FORMERLY BEEN VERY EXTENSIVE BUT WAS NOW CONTRACTED WITHIN SMALL COMPASS AND HEMMED ABOUT PARTLY BY HIGH WOODEN FENCES AND PARTLY BY THE OUTBUILDINGS OF HOUSES THAT STOOD ON ANOTHER STREET,na,na,2086,16000,12.095,test,na
2086-149220-0000_pitch_bandpass-300-3400,data/attacks/bandpass-300-3400/2086-149220-0000_pitch.wav,fake,attack,none,bandpass-300-3400,bandpass300-3400,THE ENCLOSURE HAD FORMERLY BEEN VERY EXTENSIVE BUT WAS NOW CONTRACTED WITHIN SMALL COMPASS AND HEMMED ABOUT PARTLY BY HIGH WOODEN FENCES AND PARTLY BY THE OUTBUILDINGS OF HOUSES THAT STOOD ON ANOTHER STREET,na,na,2086,16000,12.095,test,na
2086-149220-0000_pitch_reverb-rt60-0.2,data/attacks/reverb-rt60-0.2/2086-149220-0000_pitch.wav,fake,attack,none,reverb-rt60-0.2,rt60-0.2,THE ENCLOSURE HAD FORMERLY BEEN VERY EXTENSIVE BUT WAS NOW CONTRACTED WITHIN SMALL COMPASS AND HEMMED ABOUT PARTLY BY HIGH WOODEN FENCES AND PARTLY BY THE OUTBUILDINGS OF HOUSES THAT STOOD ON ANOTHER STREET,na,na,2086,16000,12.095,test,na
2086-149220-0000_pitch_reverb-rt60-0.4,data/attacks/reverb-rt60-0.4/2086-149220-0000_pitch.wav,fake,attack,none,reverb-rt60-0.4,rt60-0.4,THE ENCLOSURE HAD FORMERLY BEEN VERY EXTENSIVE BUT WAS NOW CONTRACTED WITHIN SMALL COMPASS AND HEMMED ABOUT PARTLY BY HIGH WOODEN FENCES AND PARTLY BY THE OUTBUILDINGS OF HOUSES THAT STOOD ON ANOTHER STREET,na,na,2086,16000,12.095,test,na
2086-149220-0000_pitch_reverb-rt60-0.8,data/attacks/reverb-rt60-0.8/2086-149220-0000_pitch.wav,fake,attack,none,reverb-rt60-0.8,rt60-0.8,THE ENCLOSURE HAD FORMERLY BEEN VERY EXTENSIVE BUT WAS NOW CONTRACTED WITHIN SMALL COMPASS AND HEMMED ABOUT PARTLY BY HIGH WOODEN FENCES AND PARTLY BY THE OUTBUILDINGS OF HOUSES THAT STOOD ON ANOTHER STREET,na,na,2086,16000,12.095,test,na
2086-149220-0000_pitch_speed0.9,data/attacks/speed0.9/2086-149220-0000_pitch.wav,fake,attack,none,speed0.9,speed0.9,THE ENCLOSURE HAD FORMERLY BEEN VERY EXTENSIVE BUT WAS NOW CONTRACTED WITHIN SMALL COMPASS AND HEMMED ABOUT PARTLY BY HIGH WOODEN FENCES AND PARTLY BY THE OUTBUILDINGS OF HOUSES THAT STOOD ON ANOTHER STREET,na,na,2086,16000,13.439,test,na
2086-149220-0000_pitch_speed1.1,data/attacks/speed1.1/2086-149220-0000_pitch.wav,fake,attack,none,speed1.1,speed1.1,THE ENCLOSURE HAD FORMERLY BEEN VERY EXTENSIVE BUT WAS NOW CONTRACTED WITHIN SMALL COMPASS AND HEMMED ABOUT PARTLY BY HIGH WOODEN FENCES AND PARTLY BY THE OUTBUILDINGS OF HOUSES THAT STOOD ON ANOTHER STREET,na,na,2086,16000,10.995,test,na
2086-149220-0001_formant_mp3-128k,data/attacks/mp3-128k/2086-149220-0001_formant.wav,fake,attack,none,mp3-128k,mp3-128k,THE WHITE DOUBLE ROSEBUSH HAD EVIDENTLY BEEN PROPPED UP ANEW AGAINST THE HOUSE SINCE THE COMMENCEMENT OF THE SEASON AND A PEAR TREE AND THREE DAMSON TREES WHICH EXCEPT A ROW OF CURRANT BUSHES CONSTITUTED THE ONLY VARIETIES OF FRUIT BORE MARKS OF THE RECENT AMPUTATION OF SEVERAL SUPERFLUOUS OR DEFECTIVE LIMBS,na,na,2086,16000,19.78,test,na
2086-149220-0001_formant_mp3-64k,data/attacks/mp3-64k/2086-149220-0001_formant.wav,fake,attack,none,mp3-64k,mp3-64k,THE WHITE DOUBLE ROSEBUSH HAD EVIDENTLY BEEN PROPPED UP ANEW AGAINST THE HOUSE SINCE THE COMMENCEMENT OF THE SEASON AND A PEAR TREE AND THREE DAMSON TREES WHICH EXCEPT A ROW OF CURRANT BUSHES CONSTITUTED THE ONLY VARIETIES OF FRUIT BORE MARKS OF THE RECENT AMPUTATION OF SEVERAL SUPERFLUOUS OR DEFECTIVE LIMBS,na,na,2086,16000,19.78,test,na
2086-149220-0001_formant_opus-32k,data/attacks/opus-32k/2086-149220-0001_formant.wav,fake,attack,none,opus-32k,opus-32k,THE WHITE DOUBLE ROSEBUSH HAD EVIDENTLY BEEN PROPPED UP ANEW AGAINST THE HOUSE SINCE THE COMMENCEMENT OF THE SEASON AND A PEAR TREE AND THREE DAMSON TREES WHICH EXCEPT A ROW OF CURRANT BUSHES CONSTITUTED THE ONLY VARIETIES OF FRUIT BORE MARKS OF THE RECENT AMPUTATION OF SEVERAL SUPERFLUOUS OR DEFECTIVE LIMBS,na,na,2086,16000,19.78,test,na
2086-149220-0001_formant_g711-8k,data/attacks/g711-8k/2086-149220-0001_formant.wav,fake,attack,none,g711-8k,g711-8k,THE WHITE DOUBLE ROSEBUSH HAD EVIDENTLY BEEN PROPPED UP ANEW AGAINST THE HOUSE SINCE THE COMMENCEMENT OF THE SEASON AND A PEAR TREE AND THREE DAMSON TREES WHICH EXCEPT A ROW OF CURRANT BUSHES CONSTITUTED THE ONLY VARIETIES OF FRUIT BORE MARKS OF THE RECENT AMPUTATION OF SEVERAL SUPERFLUOUS OR DEFECTIVE LIMBS,na,na,2086,16000,19.78,test,na
2086-149220-0001_formant_resample-8k,data/attacks/resample-8k/2086-149220-0001_formant.wav,fake,attack,none,resample-8k,8k-roundtrip,THE WHITE DOUBLE ROSEBUSH HAD EVIDENTLY BEEN PROPPED UP ANEW AGAINST THE HOUSE SINCE THE COMMENCEMENT OF THE SEASON AND A PEAR TREE AND THREE DAMSON TREES WHICH EXCEPT A ROW OF CURRANT BUSHES CONSTITUTED THE ONLY VARIETIES OF FRUIT BORE MARKS OF THE RECENT AMPUTATION OF SEVERAL SUPERFLUOUS OR DEFECTIVE LIMBS,na,na,2086,16000,19.78,test,na
2086-149220-0001_formant_awgn-snr5,data/attacks/awgn-snr5/2086-149220-0001_formant.wav,fake,attack,none,awgn-snr5,snr5,THE WHITE DOUBLE ROSEBUSH HAD EVIDENTLY BEEN PROPPED UP ANEW AGAINST THE HOUSE SINCE THE COMMENCEMENT OF THE SEASON AND A PEAR TREE AND THREE DAMSON TREES WHICH EXCEPT A ROW OF CURRANT BUSHES CONSTITUTED THE ONLY VARIETIES OF FRUIT BORE MARKS OF THE RECENT AMPUTATION OF SEVERAL SUPERFLUOUS OR DEFECTIVE LIMBS,na,na,2086,16000,19.78,test,na
2086-149220-0001_formant_awgn-snr10,data/attacks/awgn-snr10/2086-149220-0001_formant.wav,fake,attack,none,awgn-snr10,snr10,THE WHITE DOUBLE ROSEBUSH HAD EVIDENTLY BEEN PROPPED UP ANEW AGAINST THE HOUSE SINCE THE COMMENCEMENT OF THE SEASON AND A PEAR TREE AND THREE DAMSON TREES WHICH EXCEPT A ROW OF CURRANT BUSHES CONSTITUTED THE ONLY VARIETIES OF FRUIT BORE MARKS OF THE RECENT AMPUTATION OF SEVERAL SUPERFLUOUS OR DEFECTIVE LIMBS,na,na,2086,16000,19.78,test,na
2086-149220-0001_formant_awgn-snr20,data/attacks/awgn-snr20/2086-149220-0001_formant.wav,fake,attack,none,awgn-snr20,snr20,THE WHITE DOUBLE ROSEBUSH HAD EVIDENTLY BEEN PROPPED UP ANEW AGAINST THE HOUSE SINCE THE COMMENCEMENT OF THE SEASON AND A PEAR TREE AND THREE DAMSON TREES WHICH EXCEPT A ROW OF CURRANT BUSHES CONSTITUTED THE ONLY VARIETIES OF FRUIT BORE MARKS OF THE RECENT AMPUTATION OF SEVERAL SUPERFLUOUS OR DEFECTIVE LIMBS,na,na,2086,16000,19.78,test,na
2086-149220-0001_formant_bandpass-300-3400,data/attacks/bandpass-300-3400/2086-149220-0001_formant.wav,fake,attack,none,bandpass-300-3400,bandpass300-3400,THE WHITE DOUBLE ROSEBUSH HAD EVIDENTLY BEEN PROPPED UP ANEW AGAINST THE HOUSE SINCE THE COMMENCEMENT OF THE SEASON AND A PEAR TREE AND THREE DAMSON TREES WHICH EXCEPT A ROW OF CURRANT BUSHES CONSTITUTED THE ONLY VARIETIES OF FRUIT BORE MARKS OF THE RECENT AMPUTATION OF SEVERAL SUPERFLUOUS OR DEFECTIVE LIMBS,na,na,2086,16000,19.78,test,na
2086-149220-0001_formant_reverb-rt60-0.2,data/attacks/reverb-rt60-0.2/2086-149220-0001_formant.wav,fake,attack,none,reverb-rt60-0.2,rt60-0.2,THE WHITE DOUBLE ROSEBUSH HAD EVIDENTLY BEEN PROPPED UP ANEW AGAINST THE HOUSE SINCE THE COMMENCEMENT OF THE SEASON AND A PEAR TREE AND THREE DAMSON TREES WHICH EXCEPT A ROW OF CURRANT BUSHES CONSTITUTED THE ONLY VARIETIES OF FRUIT BORE MARKS OF THE RECENT AMPUTATION OF SEVERAL SUPERFLUOUS OR DEFECTIVE LIMBS,na,na,2086,16000,19.78,test,na
2086-149220-0001_formant_reverb-rt60-0.4,data/attacks/reverb-rt60-0.4/2086-149220-0001_formant.wav,fake,attack,none,reverb-rt60-0.4,rt60-0.4,THE WHITE DOUBLE ROSEBUSH HAD EVIDENTLY BEEN PROPPED UP ANEW AGAINST THE HOUSE SINCE THE COMMENCEMENT OF THE SEASON AND A PEAR TREE AND THREE DAMSON TREES WHICH EXCEPT A ROW OF CURRANT BUSHES CONSTITUTED THE ONLY VARIETIES OF FRUIT BORE MARKS OF THE RECENT AMPUTATION OF SEVERAL SUPERFLUOUS OR DEFECTIVE LIMBS,na,na,2086,16000,19.78,test,na
2086-149220-0001_formant_reverb-rt60-0.8,data/attacks/reverb-rt60-0.8/2086-149220-0001_formant.wav,fake,attack,none,reverb-rt60-0.8,rt60-0.8,THE WHITE DOUBLE ROSEBUSH HAD EVIDENTLY BEEN PROPPED UP ANEW AGAINST THE HOUSE SINCE THE COMMENCEMENT OF THE SEASON AND A PEAR TREE AND THREE DAMSON TREES WHICH EXCEPT A ROW OF CURRANT BUSHES CONSTITUTED THE ONLY VARIETIES OF FRUIT BORE MARKS OF THE RECENT AMPUTATION OF SEVERAL SUPERFLUOUS OR DEFECTIVE LIMBS,na,na,2086,16000,19.78,test,na
2086-149220-0001_formant_speed0.9,data/attacks/speed0.9/2086-149220-0001_formant.wav,fake,attack,none,speed0.9,speed0.9,THE WHITE DOUBLE ROSEBUSH HAD EVIDENTLY BEEN PROPPED UP ANEW AGAINST THE HOUSE SINCE THE COMMENCEMENT OF THE SEASON AND A PEAR TREE AND THREE DAMSON TREES WHICH EXCEPT A ROW OF CURRANT BUSHES CONSTITUTED THE ONLY VARIETIES OF FRUIT BORE MARKS OF THE RECENT AMPUTATION OF SEVERAL SUPERFLUOUS OR DEFECTIVE LIMBS,na,na,2086,16000,21.978,test,na
2086-149220-0001_formant_speed1.1,data/attacks/speed1.1/2086-149220-0001_formant.wav,fake,attack,none,speed1.1,speed1.1,THE WHITE DOUBLE ROSEBUSH HAD EVIDENTLY BEEN PROPPED UP ANEW AGAINST THE HOUSE SINCE THE COMMENCEMENT OF THE SEASON AND A PEAR TREE AND THREE DAMSON TREES WHICH EXCEPT A ROW OF CURRANT BUSHES CONSTITUTED THE ONLY VARIETIES OF FRUIT BORE MARKS OF THE RECENT AMPUTATION OF SEVERAL SUPERFLUOUS OR DEFECTIVE LIMBS,na,na,2086,16000,17.982,test,na
2086-149220-0001_melvoc_mp3-128k,data/attacks/mp3-128k/2086-149220-0001_melvoc.wav,fake,attack,none,mp3-128k,mp3-128k,THE WHITE DOUBLE ROSEBUSH HAD EVIDENTLY BEEN PROPPED UP ANEW AGAINST THE HOUSE SINCE THE COMMENCEMENT OF THE SEASON AND A PEAR TREE AND THREE DAMSON TREES WHICH EXCEPT A ROW OF CURRANT BUSHES CONSTITUTED THE ONLY VARIETIES OF FRUIT BORE MARKS OF THE RECENT AMPUTATION OF SEVERAL SUPERFLUOUS OR DEFECTIVE LIMBS,na,na,2086,16000,19.776,test,na
2086-149220-0001_melvoc_mp3-64k,data/attacks/mp3-64k/2086-149220-0001_melvoc.wav,fake,attack,none,mp3-64k,mp3-64k,THE WHITE DOUBLE ROSEBUSH HAD EVIDENTLY BEEN PROPPED UP ANEW AGAINST THE HOUSE SINCE THE COMMENCEMENT OF THE SEASON AND A PEAR TREE AND THREE DAMSON TREES WHICH EXCEPT A ROW OF CURRANT BUSHES CONSTITUTED THE ONLY VARIETIES OF FRUIT BORE MARKS OF THE RECENT AMPUTATION OF SEVERAL SUPERFLUOUS OR DEFECTIVE LIMBS,na,na,2086,16000,19.776,test,na
2086-149220-0001_melvoc_opus-32k,data/attacks/opus-32k/2086-149220-0001_melvoc.wav,fake,attack,none,opus-32k,opus-32k,THE WHITE DOUBLE ROSEBUSH HAD EVIDENTLY BEEN PROPPED UP ANEW AGAINST THE HOUSE SINCE THE COMMENCEMENT OF THE SEASON AND A PEAR TREE AND THREE DAMSON TREES WHICH EXCEPT A ROW OF CURRANT BUSHES CONSTITUTED THE ONLY VARIETIES OF FRUIT BORE MARKS OF THE RECENT AMPUTATION OF SEVERAL SUPERFLUOUS OR DEFECTIVE LIMBS,na,na,2086,16000,19.776,test,na
2086-149220-0001_melvoc_g711-8k,data/attacks/g711-8k/2086-149220-0001_melvoc.wav,fake,attack,none,g711-8k,g711-8k,THE WHITE DOUBLE ROSEBUSH HAD EVIDENTLY BEEN PROPPED UP ANEW AGAINST THE HOUSE SINCE THE COMMENCEMENT OF THE SEASON AND A PEAR TREE AND THREE DAMSON TREES WHICH EXCEPT A ROW OF CURRANT BUSHES CONSTITUTED THE ONLY VARIETIES OF FRUIT BORE MARKS OF THE RECENT AMPUTATION OF SEVERAL SUPERFLUOUS OR DEFECTIVE LIMBS,na,na,2086,16000,19.776,test,na
2086-149220-0001_melvoc_resample-8k,data/attacks/resample-8k/2086-149220-0001_melvoc.wav,fake,attack,none,resample-8k,8k-roundtrip,THE WHITE DOUBLE ROSEBUSH HAD EVIDENTLY BEEN PROPPED UP ANEW AGAINST THE HOUSE SINCE THE COMMENCEMENT OF THE SEASON AND A PEAR TREE AND THREE DAMSON TREES WHICH EXCEPT A ROW OF CURRANT BUSHES CONSTITUTED THE ONLY VARIETIES OF FRUIT BORE MARKS OF THE RECENT AMPUTATION OF SEVERAL SUPERFLUOUS OR DEFECTIVE LIMBS,na,na,2086,16000,19.776,test,na
2086-149220-0001_melvoc_awgn-snr5,data/attacks/awgn-snr5/2086-149220-0001_melvoc.wav,fake,attack,none,awgn-snr5,snr5,THE WHITE DOUBLE ROSEBUSH HAD EVIDENTLY BEEN PROPPED UP ANEW AGAINST THE HOUSE SINCE THE COMMENCEMENT OF THE SEASON AND A PEAR TREE AND THREE DAMSON TREES WHICH EXCEPT A ROW OF CURRANT BUSHES CONSTITUTED THE ONLY VARIETIES OF FRUIT BORE MARKS OF THE RECENT AMPUTATION OF SEVERAL SUPERFLUOUS OR DEFECTIVE LIMBS,na,na,2086,16000,19.776,test,na
2086-149220-0001_melvoc_awgn-snr10,data/attacks/awgn-snr10/2086-149220-0001_melvoc.wav,fake,attack,none,awgn-snr10,snr10,THE WHITE DOUBLE ROSEBUSH HAD EVIDENTLY BEEN PROPPED UP ANEW AGAINST THE HOUSE SINCE THE COMMENCEMENT OF THE SEASON AND A PEAR TREE AND THREE DAMSON TREES WHICH EXCEPT A ROW OF CURRANT BUSHES CONSTITUTED THE ONLY VARIETIES OF FRUIT BORE MARKS OF THE RECENT AMPUTATION OF SEVERAL SUPERFLUOUS OR DEFECTIVE LIMBS,na,na,2086,16000,19.776,test,na
2086-149220-0001_melvoc_awgn-snr20,data/attacks/awgn-snr20/2086-149220-0001_melvoc.wav,fake,attack,none,awgn-snr20,snr20,THE WHITE DOUBLE ROSEBUSH HAD EVIDENTLY BEEN PROPPED UP ANEW AGAINST THE HOUSE SINCE THE COMMENCEMENT OF THE SEASON AND A PEAR TREE AND THREE DAMSON TREES WHICH EXCEPT A ROW OF CURRANT BUSHES CONSTITUTED THE ONLY VARIETIES OF FRUIT BORE MARKS OF THE RECENT AMPUTATION OF SEVERAL SUPERFLUOUS OR DEFECTIVE LIMBS,na,na,2086,16000,19.776,test,na
2086-149220-0001_melvoc_bandpass-300-3400,data/attacks/bandpass-300-3400/2086-149220-0001_melvoc.wav,fake,attack,none,bandpass-300-3400,bandpass300-3400,THE WHITE DOUBLE ROSEBUSH HAD EVIDENTLY BEEN PROPPED UP ANEW AGAINST THE HOUSE SINCE THE COMMENCEMENT OF THE SEASON AND A PEAR TREE AND THREE DAMSON TREES WHICH EXCEPT A ROW OF CURRANT BUSHES CONSTITUTED THE ONLY VARIETIES OF FRUIT BORE MARKS OF THE RECENT AMPUTATION OF SEVERAL SUPERFLUOUS OR DEFECTIVE LIMBS,na,na,2086,16000,19.776,test,na
2086-149220-0001_melvoc_reverb-rt60-0.2,data/attacks/reverb-rt60-0.2/2086-149220-0001_melvoc.wav,fake,attack,none,reverb-rt60-0.2,rt60-0.2,THE WHITE DOUBLE ROSEBUSH HAD EVIDENTLY BEEN PROPPED UP ANEW AGAINST THE HOUSE SINCE THE COMMENCEMENT OF THE SEASON AND A PEAR TREE AND THREE DAMSON TREES WHICH EXCEPT A ROW OF CURRANT BUSHES CONSTITUTED THE ONLY VARIETIES OF FRUIT BORE MARKS OF THE RECENT AMPUTATION OF SEVERAL SUPERFLUOUS OR DEFECTIVE LIMBS,na,na,2086,16000,19.776,test,na
2086-149220-0001_melvoc_reverb-rt60-0.4,data/attacks/reverb-rt60-0.4/2086-149220-0001_melvoc.wav,fake,attack,none,reverb-rt60-0.4,rt60-0.4,THE WHITE DOUBLE ROSEBUSH HAD EVIDENTLY BEEN PROPPED UP ANEW AGAINST THE HOUSE SINCE THE COMMENCEMENT OF THE SEASON AND A PEAR TREE AND THREE DAMSON TREES WHICH EXCEPT A ROW OF CURRANT BUSHES CONSTITUTED THE ONLY VARIETIES OF FRUIT BORE MARKS OF THE RECENT AMPUTATION OF SEVERAL SUPERFLUOUS OR DEFECTIVE LIMBS,na,na,2086,16000,19.776,test,na
2086-149220-0001_melvoc_reverb-rt60-0.8,data/attacks/reverb-rt60-0.8/2086-149220-0001_melvoc.wav,fake,attack,none,reverb-rt60-0.8,rt60-0.8,THE WHITE DOUBLE ROSEBUSH HAD EVIDENTLY BEEN PROPPED UP ANEW AGAINST THE HOUSE SINCE THE COMMENCEMENT OF THE SEASON AND A PEAR TREE AND THREE DAMSON TREES WHICH EXCEPT A ROW OF CURRANT BUSHES CONSTITUTED THE ONLY VARIETIES OF FRUIT BORE MARKS OF THE RECENT AMPUTATION OF SEVERAL SUPERFLUOUS OR DEFECTIVE LIMBS,na,na,2086,16000,19.776,test,na
2086-149220-0001_melvoc_speed0.9,data/attacks/speed0.9/2086-149220-0001_melvoc.wav,fake,attack,none,speed0.9,speed0.9,THE WHITE DOUBLE ROSEBUSH HAD EVIDENTLY BEEN PROPPED UP ANEW AGAINST THE HOUSE SINCE THE COMMENCEMENT OF THE SEASON AND A PEAR TREE AND THREE DAMSON TREES WHICH EXCEPT A ROW OF CURRANT BUSHES CONSTITUTED THE ONLY VARIETIES OF FRUIT BORE MARKS OF THE RECENT AMPUTATION OF SEVERAL SUPERFLUOUS OR DEFECTIVE LIMBS,na,na,2086,16000,21.973,test,na
2086-149220-0001_melvoc_speed1.1,data/attacks/speed1.1/2086-149220-0001_melvoc.wav,fake,attack,none,speed1.1,speed1.1,THE WHITE DOUBLE ROSEBUSH HAD EVIDENTLY BEEN PROPPED UP ANEW AGAINST THE HOUSE SINCE THE COMMENCEMENT OF THE SEASON AND A PEAR TREE AND THREE DAMSON TREES WHICH EXCEPT A ROW OF CURRANT BUSHES CONSTITUTED THE ONLY VARIETIES OF FRUIT BORE MARKS OF THE RECENT AMPUTATION OF SEVERAL SUPERFLUOUS OR DEFECTIVE LIMBS,na,na,2086,16000,17.978,test,na
2086-149220-0001_pitch_mp3-128k,data/attacks/mp3-128k/2086-149220-0001_pitch.wav,fake,attack,none,mp3-128k,mp3-128k,THE WHITE DOUBLE ROSEBUSH HAD EVIDENTLY BEEN PROPPED UP ANEW AGAINST THE HOUSE SINCE THE COMMENCEMENT OF THE SEASON AND A PEAR TREE AND THREE DAMSON TREES WHICH EXCEPT A ROW OF CURRANT BUSHES CONSTITUTED THE ONLY VARIETIES OF FRUIT BORE MARKS OF THE RECENT AMPUTATION OF SEVERAL SUPERFLUOUS OR DEFECTIVE LIMBS,na,na,2086,16000,19.78,test,na
2086-149220-0001_pitch_mp3-64k,data/attacks/mp3-64k/2086-149220-0001_pitch.wav,fake,attack,none,mp3-64k,mp3-64k,THE WHITE DOUBLE ROSEBUSH HAD EVIDENTLY BEEN PROPPED UP ANEW AGAINST THE HOUSE SINCE THE COMMENCEMENT OF THE SEASON AND A PEAR TREE AND THREE DAMSON TREES WHICH EXCEPT A ROW OF CURRANT BUSHES CONSTITUTED THE ONLY VARIETIES OF FRUIT BORE MARKS OF THE RECENT AMPUTATION OF SEVERAL SUPERFLUOUS OR DEFECTIVE LIMBS,na,na,2086,16000,19.78,test,na
2086-149220-0001_pitch_opus-32k,data/attacks/opus-32k/2086-149220-0001_pitch.wav,fake,attack,none,opus-32k,opus-32k,THE WHITE DOUBLE ROSEBUSH HAD EVIDENTLY BEEN PROPPED UP ANEW AGAINST THE HOUSE SINCE THE COMMENCEMENT OF THE SEASON AND A PEAR TREE AND THREE DAMSON TREES WHICH EXCEPT A ROW OF CURRANT BUSHES CONSTITUTED THE ONLY VARIETIES OF FRUIT BORE MARKS OF THE RECENT AMPUTATION OF SEVERAL SUPERFLUOUS OR DEFECTIVE LIMBS,na,na,2086,16000,19.78,test,na
2086-149220-0001_pitch_g711-8k,data/attacks/g711-8k/2086-149220-0001_pitch.wav,fake,attack,none,g711-8k,g711-8k,THE WHITE DOUBLE ROSEBUSH HAD EVIDENTLY BEEN PROPPED UP ANEW AGAINST THE HOUSE SINCE THE COMMENCEMENT OF THE SEASON AND A PEAR TREE AND THREE DAMSON TREES WHICH EXCEPT A ROW OF CURRANT BUSHES CONSTITUTED THE ONLY VARIETIES OF FRUIT BORE MARKS OF THE RECENT AMPUTATION OF SEVERAL SUPERFLUOUS OR DEFECTIVE LIMBS,na,na,2086,16000,19.78,test,na
2086-149220-0001_pitch_resample-8k,data/attacks/resample-8k/2086-149220-0001_pitch.wav,fake,attack,none,resample-8k,8k-roundtrip,THE WHITE DOUBLE ROSEBUSH HAD EVIDENTLY BEEN PROPPED UP ANEW AGAINST THE HOUSE SINCE THE COMMENCEMENT OF THE SEASON AND A PEAR TREE AND THREE DAMSON TREES WHICH EXCEPT A ROW OF CURRANT BUSHES CONSTITUTED THE ONLY VARIETIES OF FRUIT BORE MARKS OF THE RECENT AMPUTATION OF SEVERAL SUPERFLUOUS OR DEFECTIVE LIMBS,na,na,2086,16000,19.78,test,na
2086-149220-0001_pitch_awgn-snr5,data/attacks/awgn-snr5/2086-149220-0001_pitch.wav,fake,attack,none,awgn-snr5,snr5,THE WHITE DOUBLE ROSEBUSH HAD EVIDENTLY BEEN PROPPED UP ANEW AGAINST THE HOUSE SINCE THE COMMENCEMENT OF THE SEASON AND A PEAR TREE AND THREE DAMSON TREES WHICH EXCEPT A ROW OF CURRANT BUSHES CONSTITUTED THE ONLY VARIETIES OF FRUIT BORE MARKS OF THE RECENT AMPUTATION OF SEVERAL SUPERFLUOUS OR DEFECTIVE LIMBS,na,na,2086,16000,19.78,test,na
2086-149220-0001_pitch_awgn-snr10,data/attacks/awgn-snr10/2086-149220-0001_pitch.wav,fake,attack,none,awgn-snr10,snr10,THE WHITE DOUBLE ROSEBUSH HAD EVIDENTLY BEEN PROPPED UP ANEW AGAINST THE HOUSE SINCE THE COMMENCEMENT OF THE SEASON AND A PEAR TREE AND THREE DAMSON TREES WHICH EXCEPT A ROW OF CURRANT BUSHES CONSTITUTED THE ONLY VARIETIES OF FRUIT BORE MARKS OF THE RECENT AMPUTATION OF SEVERAL SUPERFLUOUS OR DEFECTIVE LIMBS,na,na,2086,16000,19.78,test,na
2086-149220-0001_pitch_awgn-snr20,data/attacks/awgn-snr20/2086-149220-0001_pitch.wav,fake,attack,none,awgn-snr20,snr20,THE WHITE DOUBLE ROSEBUSH HAD EVIDENTLY BEEN PROPPED UP ANEW AGAINST THE HOUSE SINCE THE COMMENCEMENT OF THE SEASON AND A PEAR TREE AND THREE DAMSON TREES WHICH EXCEPT A ROW OF CURRANT BUSHES CONSTITUTED THE ONLY VARIETIES OF FRUIT BORE MARKS OF THE RECENT AMPUTATION OF SEVERAL SUPERFLUOUS OR DEFECTIVE LIMBS,na,na,2086,16000,19.78,test,na
2086-149220-0001_pitch_bandpass-300-3400,data/attacks/bandpass-300-3400/2086-149220-0001_pitch.wav,fake,attack,none,bandpass-300-3400,bandpass300-3400,THE WHITE DOUBLE ROSEBUSH HAD EVIDENTLY BEEN PROPPED UP ANEW AGAINST THE HOUSE SINCE THE COMMENCEMENT OF THE SEASON AND A PEAR TREE AND THREE DAMSON TREES WHICH EXCEPT A ROW OF CURRANT BUSHES CONSTITUTED THE ONLY VARIETIES OF FRUIT BORE MARKS OF THE RECENT AMPUTATION OF SEVERAL SUPERFLUOUS OR DEFECTIVE LIMBS,na,na,2086,16000,19.78,test,na
2086-149220-0001_pitch_reverb-rt60-0.2,data/attacks/reverb-rt60-0.2/2086-149220-0001_pitch.wav,fake,attack,none,reverb-rt60-0.2,rt60-0.2,THE WHITE DOUBLE ROSEBUSH HAD EVIDENTLY BEEN PROPPED UP ANEW AGAINST THE HOUSE SINCE THE COMMENCEMENT OF THE SEASON AND A PEAR TREE AND THREE DAMSON TREES WHICH EXCEPT A ROW OF CURRANT BUSHES CONSTITUTED THE ONLY VARIETIES OF FRUIT BORE MARKS OF THE RECENT AMPUTATION OF SEVERAL SUPERFLUOUS OR DEFECTIVE LIMBS,na,na,2086,16000,19.78,test,na
2086-149220-0001_pitch_reverb-rt60-0.4,data/attacks/reverb-rt60-0.4/2086-149220-0001_pitch.wav,fake,attack,none,reverb-rt60-0.4,rt60-0.4,THE WHITE DOUBLE ROSEBUSH HAD EVIDENTLY BEEN PROPPED UP ANEW AGAINST THE HOUSE SINCE THE COMMENCEMENT OF THE SEASON AND A PEAR TREE AND THREE DAMSON TREES WHICH EXCEPT A ROW OF CURRANT BUSHES CONSTITUTED THE ONLY VARIETIES OF FRUIT BORE MARKS OF THE RECENT AMPUTATION OF SEVERAL SUPERFLUOUS OR DEFECTIVE LIMBS,na,na,2086,16000,19.78,test,na
2086-149220-0001_pitch_reverb-rt60-0.8,data/attacks/reverb-rt60-0.8/2086-149220-0001_pitch.wav,fake,attack,none,reverb-rt60-0.8,rt60-0.8,THE WHITE DOUBLE ROSEBUSH HAD EVIDENTLY BEEN PROPPED UP ANEW AGAINST THE HOUSE SINCE THE COMMENCEMENT OF THE SEASON AND A PEAR TREE AND THREE DAMSON TREES WHICH EXCEPT A ROW OF CURRANT BUSHES CONSTITUTED THE ONLY VARIETIES OF FRUIT BORE MARKS OF THE RECENT AMPUTATION OF SEVERAL SUPERFLUOUS OR DEFECTIVE LIMBS,na,na,2086,16000,19.78,test,na
2086-149220-0001_pitch_speed0.9,data/attacks/speed0.9/2086-149220-0001_pitch.wav,fake,attack,none,speed0.9,speed0.9,THE WHITE DOUBLE ROSEBUSH HAD EVIDENTLY BEEN PROPPED UP ANEW AGAINST THE HOUSE SINCE THE COMMENCEMENT OF THE SEASON AND A PEAR TREE AND THREE DAMSON TREES WHICH EXCEPT A ROW OF CURRANT BUSHES CONSTITUTED THE ONLY VARIETIES OF FRUIT BORE MARKS OF THE RECENT AMPUTATION OF SEVERAL SUPERFLUOUS OR DEFECTIVE LIMBS,na,na,2086,16000,21.978,test,na
2086-149220-0001_pitch_speed1.1,data/attacks/speed1.1/2086-149220-0001_pitch.wav,fake,attack,none,speed1.1,speed1.1,THE WHITE DOUBLE ROSEBUSH HAD EVIDENTLY BEEN PROPPED UP ANEW AGAINST THE HOUSE SINCE THE COMMENCEMENT OF THE SEASON AND A PEAR TREE AND THREE DAMSON TREES WHICH EXCEPT A ROW OF CURRANT BUSHES CONSTITUTED THE ONLY VARIETIES OF FRUIT BORE MARKS OF THE RECENT AMPUTATION OF SEVERAL SUPERFLUOUS OR DEFECTIVE LIMBS,na,na,2086,16000,17.982,test,na
2086-149220-0002_formant_mp3-128k,data/attacks/mp3-128k/2086-149220-0002_formant.wav,fake,attack,none,mp3-128k,mp3-128k,THERE WERE ALSO A FEW SPECIES OF ANTIQUE AND HEREDITARY FLOWERS IN NO VERY FLOURISHING CONDITION BUT SCRUPULOUSLY WEEDED AS IF SOME PERSON EITHER OUT OF LOVE OR CURIOSITY HAD BEEN ANXIOUS TO BRING THEM TO SUCH PERFECTION AS THEY WERE CAPABLE OF ATTAINING,na,na,2086,16000,16.01,test,na
2086-149220-0002_formant_mp3-64k,data/attacks/mp3-64k/2086-149220-0002_formant.wav,fake,attack,none,mp3-64k,mp3-64k,THERE WERE ALSO A FEW SPECIES OF ANTIQUE AND HEREDITARY FLOWERS IN NO VERY FLOURISHING CONDITION BUT SCRUPULOUSLY WEEDED AS IF SOME PERSON EITHER OUT OF LOVE OR CURIOSITY HAD BEEN ANXIOUS TO BRING THEM TO SUCH PERFECTION AS THEY WERE CAPABLE OF ATTAINING,na,na,2086,16000,16.01,test,na
2086-149220-0002_formant_opus-32k,data/attacks/opus-32k/2086-149220-0002_formant.wav,fake,attack,none,opus-32k,opus-32k,THERE WERE ALSO A FEW SPECIES OF ANTIQUE AND HEREDITARY FLOWERS IN NO VERY FLOURISHING CONDITION BUT SCRUPULOUSLY WEEDED AS IF SOME PERSON EITHER OUT OF LOVE OR CURIOSITY HAD BEEN ANXIOUS TO BRING THEM TO SUCH PERFECTION AS THEY WERE CAPABLE OF ATTAINING,na,na,2086,16000,16.01,test,na
2086-149220-0002_formant_g711-8k,data/attacks/g711-8k/2086-149220-0002_formant.wav,fake,attack,none,g711-8k,g711-8k,THERE WERE ALSO A FEW SPECIES OF ANTIQUE AND HEREDITARY FLOWERS IN NO VERY FLOURISHING CONDITION BUT SCRUPULOUSLY WEEDED AS IF SOME PERSON EITHER OUT OF LOVE OR CURIOSITY HAD BEEN ANXIOUS TO BRING THEM TO SUCH PERFECTION AS THEY WERE CAPABLE OF ATTAINING,na,na,2086,16000,16.01,test,na
2086-149220-0002_formant_resample-8k,data/attacks/resample-8k/2086-149220-0002_formant.wav,fake,attack,none,resample-8k,8k-roundtrip,THERE WERE ALSO A FEW SPECIES OF ANTIQUE AND HEREDITARY FLOWERS IN NO VERY FLOURISHING CONDITION BUT SCRUPULOUSLY WEEDED AS IF SOME PERSON EITHER OUT OF LOVE OR CURIOSITY HAD BEEN ANXIOUS TO BRING THEM TO SUCH PERFECTION AS THEY WERE CAPABLE OF ATTAINING,na,na,2086,16000,16.01,test,na
2086-149220-0002_formant_awgn-snr5,data/attacks/awgn-snr5/2086-149220-0002_formant.wav,fake,attack,none,awgn-snr5,snr5,THERE WERE ALSO A FEW SPECIES OF ANTIQUE AND HEREDITARY FLOWERS IN NO VERY FLOURISHING CONDITION BUT SCRUPULOUSLY WEEDED AS IF SOME PERSON EITHER OUT OF LOVE OR CURIOSITY HAD BEEN ANXIOUS TO BRING THEM TO SUCH PERFECTION AS THEY WERE CAPABLE OF ATTAINING,na,na,2086,16000,16.01,test,na
2086-149220-0002_formant_awgn-snr10,data/attacks/awgn-snr10/2086-149220-0002_formant.wav,fake,attack,none,awgn-snr10,snr10,THERE WERE ALSO A FEW SPECIES OF ANTIQUE AND HEREDITARY FLOWERS IN NO VERY FLOURISHING CONDITION BUT SCRUPULOUSLY WEEDED AS IF SOME PERSON EITHER OUT OF LOVE OR CURIOSITY HAD BEEN ANXIOUS TO BRING THEM TO SUCH PERFECTION AS THEY WERE CAPABLE OF ATTAINING,na,na,2086,16000,16.01,test,na
2086-149220-0002_formant_awgn-snr20,data/attacks/awgn-snr20/2086-149220-0002_formant.wav,fake,attack,none,awgn-snr20,snr20,THERE WERE ALSO A FEW SPECIES OF ANTIQUE AND HEREDITARY FLOWERS IN NO VERY FLOURISHING CONDITION BUT SCRUPULOUSLY WEEDED AS IF SOME PERSON EITHER OUT OF LOVE OR CURIOSITY HAD BEEN ANXIOUS TO BRING THEM TO SUCH PERFECTION AS THEY WERE CAPABLE OF ATTAINING,na,na,2086,16000,16.01,test,na
2086-149220-0002_formant_bandpass-300-3400,data/attacks/bandpass-300-3400/2086-149220-0002_formant.wav,fake,attack,none,bandpass-300-3400,bandpass300-3400,THERE WERE ALSO A FEW SPECIES OF ANTIQUE AND HEREDITARY FLOWERS IN NO VERY FLOURISHING CONDITION BUT SCRUPULOUSLY WEEDED AS IF SOME PERSON EITHER OUT OF LOVE OR CURIOSITY HAD BEEN ANXIOUS TO BRING THEM TO SUCH PERFECTION AS THEY WERE CAPABLE OF ATTAINING,na,na,2086,16000,16.01,test,na
2086-149220-0002_formant_reverb-rt60-0.2,data/attacks/reverb-rt60-0.2/2086-149220-0002_formant.wav,fake,attack,none,reverb-rt60-0.2,rt60-0.2,THERE WERE ALSO A FEW SPECIES OF ANTIQUE AND HEREDITARY FLOWERS IN NO VERY FLOURISHING CONDITION BUT SCRUPULOUSLY WEEDED AS IF SOME PERSON EITHER OUT OF LOVE OR CURIOSITY HAD BEEN ANXIOUS TO BRING THEM TO SUCH PERFECTION AS THEY WERE CAPABLE OF ATTAINING,na,na,2086,16000,16.01,test,na
2086-149220-0002_formant_reverb-rt60-0.4,data/attacks/reverb-rt60-0.4/2086-149220-0002_formant.wav,fake,attack,none,reverb-rt60-0.4,rt60-0.4,THERE WERE ALSO A FEW SPECIES OF ANTIQUE AND HEREDITARY FLOWERS IN NO VERY FLOURISHING CONDITION BUT SCRUPULOUSLY WEEDED AS IF SOME PERSON EITHER OUT OF LOVE OR CURIOSITY HAD BEEN ANXIOUS TO BRING THEM TO SUCH PERFECTION AS THEY WERE CAPABLE OF ATTAINING,na,na,2086,16000,16.01,test,na
2086-149220-0002_formant_reverb-rt60-0.8,data/attacks/reverb-rt60-0.8/2086-149220-0002_formant.wav,fake,attack,none,reverb-rt60-0.8,rt60-0.8,THERE WERE ALSO A FEW SPECIES OF ANTIQUE AND HEREDITARY FLOWERS IN NO VERY FLOURISHING CONDITION BUT SCRUPULOUSLY WEEDED AS IF SOME PERSON EITHER OUT OF LOVE OR CURIOSITY HAD BEEN ANXIOUS TO BRING THEM TO SUCH PERFECTION AS THEY WERE CAPABLE OF ATTAINING,na,na,2086,16000,16.01,test,na
2086-149220-0002_formant_speed0.9,data/attacks/speed0.9/2086-149220-0002_formant.wav,fake,attack,none,speed0.9,speed0.9,THERE WERE ALSO A FEW SPECIES OF ANTIQUE AND HEREDITARY FLOWERS IN NO VERY FLOURISHING CONDITION BUT SCRUPULOUSLY WEEDED AS IF SOME PERSON EITHER OUT OF LOVE OR CURIOSITY HAD BEEN ANXIOUS TO BRING THEM TO SUCH PERFECTION AS THEY WERE CAPABLE OF ATTAINING,na,na,2086,16000,17.789,test,na
2086-149220-0002_formant_speed1.1,data/attacks/speed1.1/2086-149220-0002_formant.wav,fake,attack,none,speed1.1,speed1.1,THERE WERE ALSO A FEW SPECIES OF ANTIQUE AND HEREDITARY FLOWERS IN NO VERY FLOURISHING CONDITION BUT SCRUPULOUSLY WEEDED AS IF SOME PERSON EITHER OUT OF LOVE OR CURIOSITY HAD BEEN ANXIOUS TO BRING THEM TO SUCH PERFECTION AS THEY WERE CAPABLE OF ATTAINING,na,na,2086,16000,14.555,test,na
2086-149220-0002_melvoc_mp3-128k,data/attacks/mp3-128k/2086-149220-0002_melvoc.wav,fake,attack,none,mp3-128k,mp3-128k,THERE WERE ALSO A FEW SPECIES OF ANTIQUE AND HEREDITARY FLOWERS IN NO VERY FLOURISHING CONDITION BUT SCRUPULOUSLY WEEDED AS IF SOME PERSON EITHER OUT OF LOVE OR CURIOSITY HAD BEEN ANXIOUS TO BRING THEM TO SUCH PERFECTION AS THEY WERE CAPABLE OF ATTAINING,na,na,2086,16000,16.008,test,na
2086-149220-0002_melvoc_mp3-64k,data/attacks/mp3-64k/2086-149220-0002_melvoc.wav,fake,attack,none,mp3-64k,mp3-64k,THERE WERE ALSO A FEW SPECIES OF ANTIQUE AND HEREDITARY FLOWERS IN NO VERY FLOURISHING CONDITION BUT SCRUPULOUSLY WEEDED AS IF SOME PERSON EITHER OUT OF LOVE OR CURIOSITY HAD BEEN ANXIOUS TO BRING THEM TO SUCH PERFECTION AS THEY WERE CAPABLE OF ATTAINING,na,na,2086,16000,16.008,test,na
2086-149220-0002_melvoc_opus-32k,data/attacks/opus-32k/2086-149220-0002_melvoc.wav,fake,attack,none,opus-32k,opus-32k,THERE WERE ALSO A FEW SPECIES OF ANTIQUE AND HEREDITARY FLOWERS IN NO VERY FLOURISHING CONDITION BUT SCRUPULOUSLY WEEDED AS IF SOME PERSON EITHER OUT OF LOVE OR CURIOSITY HAD BEEN ANXIOUS TO BRING THEM TO SUCH PERFECTION AS THEY WERE CAPABLE OF ATTAINING,na,na,2086,16000,16.008,test,na
2086-149220-0002_melvoc_g711-8k,data/attacks/g711-8k/2086-149220-0002_melvoc.wav,fake,attack,none,g711-8k,g711-8k,THERE WERE ALSO A FEW SPECIES OF ANTIQUE AND HEREDITARY FLOWERS IN NO VERY FLOURISHING CONDITION BUT SCRUPULOUSLY WEEDED AS IF SOME PERSON EITHER OUT OF LOVE OR CURIOSITY HAD BEEN ANXIOUS TO BRING THEM TO SUCH PERFECTION AS THEY WERE CAPABLE OF ATTAINING,na,na,2086,16000,16.008,test,na
2086-149220-0002_melvoc_resample-8k,data/attacks/resample-8k/2086-149220-0002_melvoc.wav,fake,attack,none,resample-8k,8k-roundtrip,THERE WERE ALSO A FEW SPECIES OF ANTIQUE AND HEREDITARY FLOWERS IN NO VERY FLOURISHING CONDITION BUT SCRUPULOUSLY WEEDED AS IF SOME PERSON EITHER OUT OF LOVE OR CURIOSITY HAD BEEN ANXIOUS TO BRING THEM TO SUCH PERFECTION AS THEY WERE CAPABLE OF ATTAINING,na,na,2086,16000,16.008,test,na
2086-149220-0002_melvoc_awgn-snr5,data/attacks/awgn-snr5/2086-149220-0002_melvoc.wav,fake,attack,none,awgn-snr5,snr5,THERE WERE ALSO A FEW SPECIES OF ANTIQUE AND HEREDITARY FLOWERS IN NO VERY FLOURISHING CONDITION BUT SCRUPULOUSLY WEEDED AS IF SOME PERSON EITHER OUT OF LOVE OR CURIOSITY HAD BEEN ANXIOUS TO BRING THEM TO SUCH PERFECTION AS THEY WERE CAPABLE OF ATTAINING,na,na,2086,16000,16.008,test,na
2086-149220-0002_melvoc_awgn-snr10,data/attacks/awgn-snr10/2086-149220-0002_melvoc.wav,fake,attack,none,awgn-snr10,snr10,THERE WERE ALSO A FEW SPECIES OF ANTIQUE AND HEREDITARY FLOWERS IN NO VERY FLOURISHING CONDITION BUT SCRUPULOUSLY WEEDED AS IF SOME PERSON EITHER OUT OF LOVE OR CURIOSITY HAD BEEN ANXIOUS TO BRING THEM TO SUCH PERFECTION AS THEY WERE CAPABLE OF ATTAINING,na,na,2086,16000,16.008,test,na
2086-149220-0002_melvoc_awgn-snr20,data/attacks/awgn-snr20/2086-149220-0002_melvoc.wav,fake,attack,none,awgn-snr20,snr20,THERE WERE ALSO A FEW SPECIES OF ANTIQUE AND HEREDITARY FLOWERS IN NO VERY FLOURISHING CONDITION BUT SCRUPULOUSLY WEEDED AS IF SOME PERSON EITHER OUT OF LOVE OR CURIOSITY HAD BEEN ANXIOUS TO BRING THEM TO SUCH PERFECTION AS THEY WERE CAPABLE OF ATTAINING,na,na,2086,16000,16.008,test,na
2086-149220-0002_melvoc_bandpass-300-3400,data/attacks/bandpass-300-3400/2086-149220-0002_melvoc.wav,fake,attack,none,bandpass-300-3400,bandpass300-3400,THERE WERE ALSO A FEW SPECIES OF ANTIQUE AND HEREDITARY FLOWERS IN NO VERY FLOURISHING CONDITION BUT SCRUPULOUSLY WEEDED AS IF SOME PERSON EITHER OUT OF LOVE OR CURIOSITY HAD BEEN ANXIOUS TO BRING THEM TO SUCH PERFECTION AS THEY WERE CAPABLE OF ATTAINING,na,na,2086,16000,16.008,test,na
2086-149220-0002_melvoc_reverb-rt60-0.2,data/attacks/reverb-rt60-0.2/2086-149220-0002_melvoc.wav,fake,attack,none,reverb-rt60-0.2,rt60-0.2,THERE WERE ALSO A FEW SPECIES OF ANTIQUE AND HEREDITARY FLOWERS IN NO VERY FLOURISHING CONDITION BUT SCRUPULOUSLY WEEDED AS IF SOME PERSON EITHER OUT OF LOVE OR CURIOSITY HAD BEEN ANXIOUS TO BRING THEM TO SUCH PERFECTION AS THEY WERE CAPABLE OF ATTAINING,na,na,2086,16000,16.008,test,na
2086-149220-0002_melvoc_reverb-rt60-0.4,data/attacks/reverb-rt60-0.4/2086-149220-0002_melvoc.wav,fake,attack,none,reverb-rt60-0.4,rt60-0.4,THERE WERE ALSO A FEW SPECIES OF ANTIQUE AND HEREDITARY FLOWERS IN NO VERY FLOURISHING CONDITION BUT SCRUPULOUSLY WEEDED AS IF SOME PERSON EITHER OUT OF LOVE OR CURIOSITY HAD BEEN ANXIOUS TO BRING THEM TO SUCH PERFECTION AS THEY WERE CAPABLE OF ATTAINING,na,na,2086,16000,16.008,test,na
2086-149220-0002_melvoc_reverb-rt60-0.8,data/attacks/reverb-rt60-0.8/2086-149220-0002_melvoc.wav,fake,attack,none,reverb-rt60-0.8,rt60-0.8,THERE WERE ALSO A FEW SPECIES OF ANTIQUE AND HEREDITARY FLOWERS IN NO VERY FLOURISHING CONDITION BUT SCRUPULOUSLY WEEDED AS IF SOME PERSON EITHER OUT OF LOVE OR CURIOSITY HAD BEEN ANXIOUS TO BRING THEM TO SUCH PERFECTION AS THEY WERE CAPABLE OF ATTAINING,na,na,2086,16000,16.008,test,na
2086-149220-0002_melvoc_speed0.9,data/attacks/speed0.9/2086-149220-0002_melvoc.wav,fake,attack,none,speed0.9,speed0.9,THERE WERE ALSO A FEW SPECIES OF ANTIQUE AND HEREDITARY FLOWERS IN NO VERY FLOURISHING CONDITION BUT SCRUPULOUSLY WEEDED AS IF SOME PERSON EITHER OUT OF LOVE OR CURIOSITY HAD BEEN ANXIOUS TO BRING THEM TO SUCH PERFECTION AS THEY WERE CAPABLE OF ATTAINING,na,na,2086,16000,17.787,test,na
2086-149220-0002_melvoc_speed1.1,data/attacks/speed1.1/2086-149220-0002_melvoc.wav,fake,attack,none,speed1.1,speed1.1,THERE WERE ALSO A FEW SPECIES OF ANTIQUE AND HEREDITARY FLOWERS IN NO VERY FLOURISHING CONDITION BUT SCRUPULOUSLY WEEDED AS IF SOME PERSON EITHER OUT OF LOVE OR CURIOSITY HAD BEEN ANXIOUS TO BRING THEM TO SUCH PERFECTION AS THEY WERE CAPABLE OF ATTAINING,na,na,2086,16000,14.553,test,na
2086-149220-0002_pitch_mp3-128k,data/attacks/mp3-128k/2086-149220-0002_pitch.wav,fake,attack,none,mp3-128k,mp3-128k,THERE WERE ALSO A FEW SPECIES OF ANTIQUE AND HEREDITARY FLOWERS IN NO VERY FLOURISHING CONDITION BUT SCRUPULOUSLY WEEDED AS IF SOME PERSON EITHER OUT OF LOVE OR CURIOSITY HAD BEEN ANXIOUS TO BRING THEM TO SUCH PERFECTION AS THEY WERE CAPABLE OF ATTAINING,na,na,2086,16000,16.01,test,na
2086-149220-0002_pitch_mp3-64k,data/attacks/mp3-64k/2086-149220-0002_pitch.wav,fake,attack,none,mp3-64k,mp3-64k,THERE WERE ALSO A FEW SPECIES OF ANTIQUE AND HEREDITARY FLOWERS IN NO VERY FLOURISHING CONDITION BUT SCRUPULOUSLY WEEDED AS IF SOME PERSON EITHER OUT OF LOVE OR CURIOSITY HAD BEEN ANXIOUS TO BRING THEM TO SUCH PERFECTION AS THEY WERE CAPABLE OF ATTAINING,na,na,2086,16000,16.01,test,na
2086-149220-0002_pitch_opus-32k,data/attacks/opus-32k/2086-149220-0002_pitch.wav,fake,attack,none,opus-32k,opus-32k,THERE WERE ALSO A FEW SPECIES OF ANTIQUE AND HEREDITARY FLOWERS IN NO VERY FLOURISHING CONDITION BUT SCRUPULOUSLY WEEDED AS IF SOME PERSON EITHER OUT OF LOVE OR CURIOSITY HAD BEEN ANXIOUS TO BRING THEM TO SUCH PERFECTION AS THEY WERE CAPABLE OF ATTAINING,na,na,2086,16000,16.01,test,na
2086-149220-0002_pitch_g711-8k,data/attacks/g711-8k/2086-149220-0002_pitch.wav,fake,attack,none,g711-8k,g711-8k,THERE WERE ALSO A FEW SPECIES OF ANTIQUE AND HEREDITARY FLOWERS IN NO VERY FLOURISHING CONDITION BUT SCRUPULOUSLY WEEDED AS IF SOME PERSON EITHER OUT OF LOVE OR CURIOSITY HAD BEEN ANXIOUS TO BRING THEM TO SUCH PERFECTION AS THEY WERE CAPABLE OF ATTAINING,na,na,2086,16000,16.01,test,na
2086-149220-0002_pitch_resample-8k,data/attacks/resample-8k/2086-149220-0002_pitch.wav,fake,attack,none,resample-8k,8k-roundtrip,THERE WERE ALSO A FEW SPECIES OF ANTIQUE AND HEREDITARY FLOWERS IN NO VERY FLOURISHING CONDITION BUT SCRUPULOUSLY WEEDED AS IF SOME PERSON EITHER OUT OF LOVE OR CURIOSITY HAD BEEN ANXIOUS TO BRING THEM TO SUCH PERFECTION AS THEY WERE CAPABLE OF ATTAINING,na,na,2086,16000,16.01,test,na
2086-149220-0002_pitch_awgn-snr5,data/attacks/awgn-snr5/2086-149220-0002_pitch.wav,fake,attack,none,awgn-snr5,snr5,THERE WERE ALSO A FEW SPECIES OF ANTIQUE AND HEREDITARY FLOWERS IN NO VERY FLOURISHING CONDITION BUT SCRUPULOUSLY WEEDED AS IF SOME PERSON EITHER OUT OF LOVE OR CURIOSITY HAD BEEN ANXIOUS TO BRING THEM TO SUCH PERFECTION AS THEY WERE CAPABLE OF ATTAINING,na,na,2086,16000,16.01,test,na
2086-149220-0002_pitch_awgn-snr10,data/attacks/awgn-snr10/2086-149220-0002_pitch.wav,fake,attack,none,awgn-snr10,snr10,THERE WERE ALSO A FEW SPECIES OF ANTIQUE AND HEREDITARY FLOWERS IN NO VERY FLOURISHING CONDITION BUT SCRUPULOUSLY WEEDED AS IF SOME PERSON EITHER OUT OF LOVE OR CURIOSITY HAD BEEN ANXIOUS TO BRING THEM TO SUCH PERFECTION AS THEY WERE CAPABLE OF ATTAINING,na,na,2086,16000,16.01,test,na
2086-149220-0002_pitch_awgn-snr20,data/attacks/awgn-snr20/2086-149220-0002_pitch.wav,fake,attack,none,awgn-snr20,snr20,THERE WERE ALSO A FEW SPECIES OF ANTIQUE AND HEREDITARY FLOWERS IN NO VERY FLOURISHING CONDITION BUT SCRUPULOUSLY WEEDED AS IF SOME PERSON EITHER OUT OF LOVE OR CURIOSITY HAD BEEN ANXIOUS TO BRING THEM TO SUCH PERFECTION AS THEY WERE CAPABLE OF ATTAINING,na,na,2086,16000,16.01,test,na
2086-149220-0002_pitch_bandpass-300-3400,data/attacks/bandpass-300-3400/2086-149220-0002_pitch.wav,fake,attack,none,bandpass-300-3400,bandpass300-3400,THERE WERE ALSO A FEW SPECIES OF ANTIQUE AND HEREDITARY FLOWERS IN NO VERY FLOURISHING CONDITION BUT SCRUPULOUSLY WEEDED AS IF SOME PERSON EITHER OUT OF LOVE OR CURIOSITY HAD BEEN ANXIOUS TO BRING THEM TO SUCH PERFECTION AS THEY WERE CAPABLE OF ATTAINING,na,na,2086,16000,16.01,test,na
2086-149220-0002_pitch_reverb-rt60-0.2,data/attacks/reverb-rt60-0.2/2086-149220-0002_pitch.wav,fake,attack,none,reverb-rt60-0.2,rt60-0.2,THERE WERE ALSO A FEW SPECIES OF ANTIQUE AND HEREDITARY FLOWERS IN NO VERY FLOURISHING CONDITION BUT SCRUPULOUSLY WEEDED AS IF SOME PERSON EITHER OUT OF LOVE OR CURIOSITY HAD BEEN ANXIOUS TO BRING THEM TO SUCH PERFECTION AS THEY WERE CAPABLE OF ATTAINING,na,na,2086,16000,16.01,test,na
2086-149220-0002_pitch_reverb-rt60-0.4,data/attacks/reverb-rt60-0.4/2086-149220-0002_pitch.wav,fake,attack,none,reverb-rt60-0.4,rt60-0.4,THERE WERE ALSO A FEW SPECIES OF ANTIQUE AND HEREDITARY FLOWERS IN NO VERY FLOURISHING CONDITION BUT SCRUPULOUSLY WEEDED AS IF SOME PERSON EITHER OUT OF LOVE OR CURIOSITY HAD BEEN ANXIOUS TO BRING THEM TO SUCH PERFECTION AS THEY WERE CAPABLE OF ATTAINING,na,na,2086,16000,16.01,test,na
2086-149220-0002_pitch_reverb-rt60-0.8,data/attacks/reverb-rt60-0.8/2086-149220-0002_pitch.wav,fake,attack,none,reverb-rt60-0.8,rt60-0.8,THERE WERE ALSO A FEW SPECIES OF ANTIQUE AND HEREDITARY FLOWERS IN NO VERY FLOURISHING CONDITION BUT SCRUPULOUSLY WEEDED AS IF SOME PERSON EITHER OUT OF LOVE OR CURIOSITY HAD BEEN ANXIOUS TO BRING THEM TO SUCH PERFECTION AS THEY WERE CAPABLE OF ATTAINING,na,na,2086,16000,16.01,test,na
2086-149220-0002_pitch_speed0.9,data/attacks/speed0.9/2086-149220-0002_pitch.wav,fake,attack,none,speed0.9,speed0.9,THERE WERE ALSO A FEW SPECIES OF ANTIQUE AND HEREDITARY FLOWERS IN NO VERY FLOURISHING CONDITION BUT SCRUPULOUSLY WEEDED AS IF SOME PERSON EITHER OUT OF LOVE OR CURIOSITY HAD BEEN ANXIOUS TO BRING THEM TO SUCH PERFECTION AS THEY WERE CAPABLE OF ATTAINING,na,na,2086,16000,17.789,test,na
2086-149220-0002_pitch_speed1.1,data/attacks/speed1.1/2086-149220-0002_pitch.wav,fake,attack,none,speed1.1,speed1.1,THERE WERE ALSO A FEW SPECIES OF ANTIQUE AND HEREDITARY FLOWERS IN NO VERY FLOURISHING CONDITION BUT SCRUPULOUSLY WEEDED AS IF SOME PERSON EITHER OUT OF LOVE OR CURIOSITY HAD BEEN ANXIOUS TO BRING THEM TO SUCH PERFECTION AS THEY WERE CAPABLE OF ATTAINING,na,na,2086,16000,14.555,test,na
2086-149220-0003_formant_mp3-128k,data/attacks/mp3-128k/2086-149220-0003_formant.wav,fake,attack,none,mp3-128k,mp3-128k,SUMMER SQUASHES ALMOST IN THEIR GOLDEN BLOSSOM CUCUMBERS NOW EVINCING A TENDENCY TO SPREAD AWAY FROM THE MAIN STOCK AND RAMBLE FAR AND WIDE TWO OR THREE ROWS OF STRING BEANS AND AS MANY MORE THAT WERE ABOUT TO FESTOON THEMSELVES ON POLES TOMATOES OCCUPYING A SITE SO SHELTERED AND SUNNY THAT THE PLANTS WERE ALREADY GIGANTIC AND PROMISED AN EARLY AND ABUNDANT HARVEST,na,na,2086,16000,22.81,test,na
2086-149220-0003_formant_mp3-64k,data/attacks/mp3-64k/2086-149220-0003_formant.wav,fake,attack,none,mp3-64k,mp3-64k,SUMMER SQUASHES ALMOST IN THEIR GOLDEN BLOSSOM CUCUMBERS NOW EVINCING A TENDENCY TO SPREAD AWAY FROM THE MAIN STOCK AND RAMBLE FAR AND WIDE TWO OR THREE ROWS OF STRING BEANS AND AS MANY MORE THAT WERE ABOUT TO FESTOON THEMSELVES ON POLES TOMATOES OCCUPYING A SITE SO SHELTERED AND SUNNY THAT THE PLANTS WERE ALREADY GIGANTIC AND PROMISED AN EARLY AND ABUNDANT HARVEST,na,na,2086,16000,22.81,test,na
2086-149220-0003_formant_opus-32k,data/attacks/opus-32k/2086-149220-0003_formant.wav,fake,attack,none,opus-32k,opus-32k,SUMMER SQUASHES ALMOST IN THEIR GOLDEN BLOSSOM CUCUMBERS NOW EVINCING A TENDENCY TO SPREAD AWAY FROM THE MAIN STOCK AND RAMBLE FAR AND WIDE TWO OR THREE ROWS OF STRING BEANS AND AS MANY MORE THAT WERE ABOUT TO FESTOON THEMSELVES ON POLES TOMATOES OCCUPYING A SITE SO SHELTERED AND SUNNY THAT THE PLANTS WERE ALREADY GIGANTIC AND PROMISED AN EARLY AND ABUNDANT HARVEST,na,na,2086,16000,22.81,test,na
2086-149220-0003_formant_g711-8k,data/attacks/g711-8k/2086-149220-0003_formant.wav,fake,attack,none,g711-8k,g711-8k,SUMMER SQUASHES ALMOST IN THEIR GOLDEN BLOSSOM CUCUMBERS NOW EVINCING A TENDENCY TO SPREAD AWAY FROM THE MAIN STOCK AND RAMBLE FAR AND WIDE TWO OR THREE ROWS OF STRING BEANS AND AS MANY MORE THAT WERE ABOUT TO FESTOON THEMSELVES ON POLES TOMATOES OCCUPYING A SITE SO SHELTERED AND SUNNY THAT THE PLANTS WERE ALREADY GIGANTIC AND PROMISED AN EARLY AND ABUNDANT HARVEST,na,na,2086,16000,22.81,test,na
2086-149220-0003_formant_resample-8k,data/attacks/resample-8k/2086-149220-0003_formant.wav,fake,attack,none,resample-8k,8k-roundtrip,SUMMER SQUASHES ALMOST IN THEIR GOLDEN BLOSSOM CUCUMBERS NOW EVINCING A TENDENCY TO SPREAD AWAY FROM THE MAIN STOCK AND RAMBLE FAR AND WIDE TWO OR THREE ROWS OF STRING BEANS AND AS MANY MORE THAT WERE ABOUT TO FESTOON THEMSELVES ON POLES TOMATOES OCCUPYING A SITE SO SHELTERED AND SUNNY THAT THE PLANTS WERE ALREADY GIGANTIC AND PROMISED AN EARLY AND ABUNDANT HARVEST,na,na,2086,16000,22.81,test,na
2086-149220-0003_formant_awgn-snr5,data/attacks/awgn-snr5/2086-149220-0003_formant.wav,fake,attack,none,awgn-snr5,snr5,SUMMER SQUASHES ALMOST IN THEIR GOLDEN BLOSSOM CUCUMBERS NOW EVINCING A TENDENCY TO SPREAD AWAY FROM THE MAIN STOCK AND RAMBLE FAR AND WIDE TWO OR THREE ROWS OF STRING BEANS AND AS MANY MORE THAT WERE ABOUT TO FESTOON THEMSELVES ON POLES TOMATOES OCCUPYING A SITE SO SHELTERED AND SUNNY THAT THE PLANTS WERE ALREADY GIGANTIC AND PROMISED AN EARLY AND ABUNDANT HARVEST,na,na,2086,16000,22.81,test,na
2086-149220-0003_formant_awgn-snr10,data/attacks/awgn-snr10/2086-149220-0003_formant.wav,fake,attack,none,awgn-snr10,snr10,SUMMER SQUASHES ALMOST IN THEIR GOLDEN BLOSSOM CUCUMBERS NOW EVINCING A TENDENCY TO SPREAD AWAY FROM THE MAIN STOCK AND RAMBLE FAR AND WIDE TWO OR THREE ROWS OF STRING BEANS AND AS MANY MORE THAT WERE ABOUT TO FESTOON THEMSELVES ON POLES TOMATOES OCCUPYING A SITE SO SHELTERED AND SUNNY THAT THE PLANTS WERE ALREADY GIGANTIC AND PROMISED AN EARLY AND ABUNDANT HARVEST,na,na,2086,16000,22.81,test,na
2086-149220-0003_formant_awgn-snr20,data/attacks/awgn-snr20/2086-149220-0003_formant.wav,fake,attack,none,awgn-snr20,snr20,SUMMER SQUASHES ALMOST IN THEIR GOLDEN BLOSSOM CUCUMBERS NOW EVINCING A TENDENCY TO SPREAD AWAY FROM THE MAIN STOCK AND RAMBLE FAR AND WIDE TWO OR THREE ROWS OF STRING BEANS AND AS MANY MORE THAT WERE ABOUT TO FESTOON THEMSELVES ON POLES TOMATOES OCCUPYING A SITE SO SHELTERED AND SUNNY THAT THE PLANTS WERE ALREADY GIGANTIC AND PROMISED AN EARLY AND ABUNDANT HARVEST,na,na,2086,16000,22.81,test,na
2086-149220-0003_formant_bandpass-300-3400,data/attacks/bandpass-300-3400/2086-149220-0003_formant.wav,fake,attack,none,bandpass-300-3400,bandpass300-3400,SUMMER SQUASHES ALMOST IN THEIR GOLDEN BLOSSOM CUCUMBERS NOW EVINCING A TENDENCY TO SPREAD AWAY FROM THE MAIN STOCK AND RAMBLE FAR AND WIDE TWO OR THREE ROWS OF STRING BEANS AND AS MANY MORE THAT WERE ABOUT TO FESTOON THEMSELVES ON POLES TOMATOES OCCUPYING A SITE SO SHELTERED AND SUNNY THAT THE PLANTS WERE ALREADY GIGANTIC AND PROMISED AN EARLY AND ABUNDANT HARVEST,na,na,2086,16000,22.81,test,na
2086-149220-0003_formant_reverb-rt60-0.2,data/attacks/reverb-rt60-0.2/2086-149220-0003_formant.wav,fake,attack,none,reverb-rt60-0.2,rt60-0.2,SUMMER SQUASHES ALMOST IN THEIR GOLDEN BLOSSOM CUCUMBERS NOW EVINCING A TENDENCY TO SPREAD AWAY FROM THE MAIN STOCK AND RAMBLE FAR AND WIDE TWO OR THREE ROWS OF STRING BEANS AND AS MANY MORE THAT WERE ABOUT TO FESTOON THEMSELVES ON POLES TOMATOES OCCUPYING A SITE SO SHELTERED AND SUNNY THAT THE PLANTS WERE ALREADY GIGANTIC AND PROMISED AN EARLY AND ABUNDANT HARVEST,na,na,2086,16000,22.81,test,na
2086-149220-0003_formant_reverb-rt60-0.4,data/attacks/reverb-rt60-0.4/2086-149220-0003_formant.wav,fake,attack,none,reverb-rt60-0.4,rt60-0.4,SUMMER SQUASHES ALMOST IN THEIR GOLDEN BLOSSOM CUCUMBERS NOW EVINCING A TENDENCY TO SPREAD AWAY FROM THE MAIN STOCK AND RAMBLE FAR AND WIDE TWO OR THREE ROWS OF STRING BEANS AND AS MANY MORE THAT WERE ABOUT TO FESTOON THEMSELVES ON POLES TOMATOES OCCUPYING A SITE SO SHELTERED AND SUNNY THAT THE PLANTS WERE ALREADY GIGANTIC AND PROMISED AN EARLY AND ABUNDANT HARVEST,na,na,2086,16000,22.81,test,na
2086-149220-0003_formant_reverb-rt60-0.8,data/attacks/reverb-rt60-0.8/2086-149220-0003_formant.wav,fake,attack,none,reverb-rt60-0.8,rt60-0.8,SUMMER SQUASHES ALMOST IN THEIR GOLDEN BLOSSOM CUCUMBERS NOW EVINCING A TENDENCY TO SPREAD AWAY FROM THE MAIN STOCK AND RAMBLE FAR AND WIDE TWO OR THREE ROWS OF STRING BEANS AND AS MANY MORE THAT WERE ABOUT TO FESTOON THEMSELVES ON POLES TOMATOES OCCUPYING A SITE SO SHELTERED AND SUNNY THAT THE PLANTS WERE ALREADY GIGANTIC AND PROMISED AN EARLY AND ABUNDANT HARVEST,na,na,2086,16000,22.81,test,na
2086-149220-0003_formant_speed0.9,data/attacks/speed0.9/2086-149220-0003_formant.wav,fake,attack,none,speed0.9,speed0.9,SUMMER SQUASHES ALMOST IN THEIR GOLDEN BLOSSOM CUCUMBERS NOW EVINCING A TENDENCY TO SPREAD AWAY FROM THE MAIN STOCK AND RAMBLE FAR AND WIDE TWO OR THREE ROWS OF STRING BEANS AND AS MANY MORE THAT WERE ABOUT TO FESTOON THEMSELVES ON POLES TOMATOES OCCUPYING A SITE SO SHELTERED AND SUNNY THAT THE PLANTS WERE ALREADY GIGANTIC AND PROMISED AN EARLY AND ABUNDANT HARVEST,na,na,2086,16000,25.344,test,na
2086-149220-0003_formant_speed1.1,data/attacks/speed1.1/2086-149220-0003_formant.wav,fake,attack,none,speed1.1,speed1.1,SUMMER SQUASHES ALMOST IN THEIR GOLDEN BLOSSOM CUCUMBERS NOW EVINCING A TENDENCY TO SPREAD AWAY FROM THE MAIN STOCK AND RAMBLE FAR AND WIDE TWO OR THREE ROWS OF STRING BEANS AND AS MANY MORE THAT WERE ABOUT TO FESTOON THEMSELVES ON POLES TOMATOES OCCUPYING A SITE SO SHELTERED AND SUNNY THAT THE PLANTS WERE ALREADY GIGANTIC AND PROMISED AN EARLY AND ABUNDANT HARVEST,na,na,2086,16000,20.736,test,na
2428-83699-0000_formant_mp3-128k,data/attacks/mp3-128k/2428-83699-0000_formant.wav,fake,attack,none,mp3-128k,mp3-128k,I IMAGINE THERE WERE SEVERAL KINDS OF OLD FASHIONED CHRISTMASES BUT IT COULD HARDLY BE WORSE THAN A CHOP IN MY CHAMBERS OR HORROR OF HORRORS AT THE CLUB OR MY COUSIN LUCY'S NOTION OF WHAT SHE CALLS THE FESTIVE SEASON,na,na,2428,16000,13.305,test,na
2428-83699-0000_formant_mp3-64k,data/attacks/mp3-64k/2428-83699-0000_formant.wav,fake,attack,none,mp3-64k,mp3-64k,I IMAGINE THERE WERE SEVERAL KINDS OF OLD FASHIONED CHRISTMASES BUT IT COULD HARDLY BE WORSE THAN A CHOP IN MY CHAMBERS OR HORROR OF HORRORS AT THE CLUB OR MY COUSIN LUCY'S NOTION OF WHAT SHE CALLS THE FESTIVE SEASON,na,na,2428,16000,13.305,test,na
2428-83699-0000_formant_opus-32k,data/attacks/opus-32k/2428-83699-0000_formant.wav,fake,attack,none,opus-32k,opus-32k,I IMAGINE THERE WERE SEVERAL KINDS OF OLD FASHIONED CHRISTMASES BUT IT COULD HARDLY BE WORSE THAN A CHOP IN MY CHAMBERS OR HORROR OF HORRORS AT THE CLUB OR MY COUSIN LUCY'S NOTION OF WHAT SHE CALLS THE FESTIVE SEASON,na,na,2428,16000,13.305,test,na
2428-83699-0000_formant_g711-8k,data/attacks/g711-8k/2428-83699-0000_formant.wav,fake,attack,none,g711-8k,g711-8k,I IMAGINE THERE WERE SEVERAL KINDS OF OLD FASHIONED CHRISTMASES BUT IT COULD HARDLY BE WORSE THAN A CHOP IN MY CHAMBERS OR HORROR OF HORRORS AT THE CLUB OR MY COUSIN LUCY'S NOTION OF WHAT SHE CALLS THE FESTIVE SEASON,na,na,2428,16000,13.305,test,na
2428-83699-0000_formant_resample-8k,data/attacks/resample-8k/2428-83699-0000_formant.wav,fake,attack,none,resample-8k,8k-roundtrip,I IMAGINE THERE WERE SEVERAL KINDS OF OLD FASHIONED CHRISTMASES BUT IT COULD HARDLY BE WORSE THAN A CHOP IN MY CHAMBERS OR HORROR OF HORRORS AT THE CLUB OR MY COUSIN LUCY'S NOTION OF WHAT SHE CALLS THE FESTIVE SEASON,na,na,2428,16000,13.305,test,na
2428-83699-0000_formant_awgn-snr5,data/attacks/awgn-snr5/2428-83699-0000_formant.wav,fake,attack,none,awgn-snr5,snr5,I IMAGINE THERE WERE SEVERAL KINDS OF OLD FASHIONED CHRISTMASES BUT IT COULD HARDLY BE WORSE THAN A CHOP IN MY CHAMBERS OR HORROR OF HORRORS AT THE CLUB OR MY COUSIN LUCY'S NOTION OF WHAT SHE CALLS THE FESTIVE SEASON,na,na,2428,16000,13.305,test,na
2428-83699-0000_formant_awgn-snr10,data/attacks/awgn-snr10/2428-83699-0000_formant.wav,fake,attack,none,awgn-snr10,snr10,I IMAGINE THERE WERE SEVERAL KINDS OF OLD FASHIONED CHRISTMASES BUT IT COULD HARDLY BE WORSE THAN A CHOP IN MY CHAMBERS OR HORROR OF HORRORS AT THE CLUB OR MY COUSIN LUCY'S NOTION OF WHAT SHE CALLS THE FESTIVE SEASON,na,na,2428,16000,13.305,test,na
2428-83699-0000_formant_awgn-snr20,data/attacks/awgn-snr20/2428-83699-0000_formant.wav,fake,attack,none,awgn-snr20,snr20,I IMAGINE THERE WERE SEVERAL KINDS OF OLD FASHIONED CHRISTMASES BUT IT COULD HARDLY BE WORSE THAN A CHOP IN MY CHAMBERS OR HORROR OF HORRORS AT THE CLUB OR MY COUSIN LUCY'S NOTION OF WHAT SHE CALLS THE FESTIVE SEASON,na,na,2428,16000,13.305,test,na
2428-83699-0000_formant_bandpass-300-3400,data/attacks/bandpass-300-3400/2428-83699-0000_formant.wav,fake,attack,none,bandpass-300-3400,bandpass300-3400,I IMAGINE THERE WERE SEVERAL KINDS OF OLD FASHIONED CHRISTMASES BUT IT COULD HARDLY BE WORSE THAN A CHOP IN MY CHAMBERS OR HORROR OF HORRORS AT THE CLUB OR MY COUSIN LUCY'S NOTION OF WHAT SHE CALLS THE FESTIVE SEASON,na,na,2428,16000,13.305,test,na
2428-83699-0000_formant_reverb-rt60-0.2,data/attacks/reverb-rt60-0.2/2428-83699-0000_formant.wav,fake,attack,none,reverb-rt60-0.2,rt60-0.2,I IMAGINE THERE WERE SEVERAL KINDS OF OLD FASHIONED CHRISTMASES BUT IT COULD HARDLY BE WORSE THAN A CHOP IN MY CHAMBERS OR HORROR OF HORRORS AT THE CLUB OR MY COUSIN LUCY'S NOTION OF WHAT SHE CALLS THE FESTIVE SEASON,na,na,2428,16000,13.305,test,na
2428-83699-0000_formant_reverb-rt60-0.4,data/attacks/reverb-rt60-0.4/2428-83699-0000_formant.wav,fake,attack,none,reverb-rt60-0.4,rt60-0.4,I IMAGINE THERE WERE SEVERAL KINDS OF OLD FASHIONED CHRISTMASES BUT IT COULD HARDLY BE WORSE THAN A CHOP IN MY CHAMBERS OR HORROR OF HORRORS AT THE CLUB OR MY COUSIN LUCY'S NOTION OF WHAT SHE CALLS THE FESTIVE SEASON,na,na,2428,16000,13.305,test,na
2428-83699-0000_formant_reverb-rt60-0.8,data/attacks/reverb-rt60-0.8/2428-83699-0000_formant.wav,fake,attack,none,reverb-rt60-0.8,rt60-0.8,I IMAGINE THERE WERE SEVERAL KINDS OF OLD FASHIONED CHRISTMASES BUT IT COULD HARDLY BE WORSE THAN A CHOP IN MY CHAMBERS OR HORROR OF HORRORS AT THE CLUB OR MY COUSIN LUCY'S NOTION OF WHAT SHE CALLS THE FESTIVE SEASON,na,na,2428,16000,13.305,test,na
2428-83699-0000_formant_speed0.9,data/attacks/speed0.9/2428-83699-0000_formant.wav,fake,attack,none,speed0.9,speed0.9,I IMAGINE THERE WERE SEVERAL KINDS OF OLD FASHIONED CHRISTMASES BUT IT COULD HARDLY BE WORSE THAN A CHOP IN MY CHAMBERS OR HORROR OF HORRORS AT THE CLUB OR MY COUSIN LUCY'S NOTION OF WHAT SHE CALLS THE FESTIVE SEASON,na,na,2428,16000,14.783,test,na
2428-83699-0000_formant_speed1.1,data/attacks/speed1.1/2428-83699-0000_formant.wav,fake,attack,none,speed1.1,speed1.1,I IMAGINE THERE WERE SEVERAL KINDS OF OLD FASHIONED CHRISTMASES BUT IT COULD HARDLY BE WORSE THAN A CHOP IN MY CHAMBERS OR HORROR OF HORRORS AT THE CLUB OR MY COUSIN LUCY'S NOTION OF WHAT SHE CALLS THE FESTIVE SEASON,na,na,2428,16000,12.095,test,na
2428-83699-0000_melvoc_mp3-128k,data/attacks/mp3-128k/2428-83699-0000_melvoc.wav,fake,attack,none,mp3-128k,mp3-128k,I IMAGINE THERE WERE SEVERAL KINDS OF OLD FASHIONED CHRISTMASES BUT IT COULD HARDLY BE WORSE THAN A CHOP IN MY CHAMBERS OR HORROR OF HORRORS AT THE CLUB OR MY COUSIN LUCY'S NOTION OF WHAT SHE CALLS THE FESTIVE SEASON,na,na,2428,16000,13.304,test,na
2428-83699-0000_melvoc_mp3-64k,data/attacks/mp3-64k/2428-83699-0000_melvoc.wav,fake,attack,none,mp3-64k,mp3-64k,I IMAGINE THERE WERE SEVERAL KINDS OF OLD FASHIONED CHRISTMASES BUT IT COULD HARDLY BE WORSE THAN A CHOP IN MY CHAMBERS OR HORROR OF HORRORS AT THE CLUB OR MY COUSIN LUCY'S NOTION OF WHAT SHE CALLS THE FESTIVE SEASON,na,na,2428,16000,13.304,test,na
2428-83699-0000_melvoc_opus-32k,data/attacks/opus-32k/2428-83699-0000_melvoc.wav,fake,attack,none,opus-32k,opus-32k,I IMAGINE THERE WERE SEVERAL KINDS OF OLD FASHIONED CHRISTMASES BUT IT COULD HARDLY BE WORSE THAN A CHOP IN MY CHAMBERS OR HORROR OF HORRORS AT THE CLUB OR MY COUSIN LUCY'S NOTION OF WHAT SHE CALLS THE FESTIVE SEASON,na,na,2428,16000,13.304,test,na
2428-83699-0000_melvoc_g711-8k,data/attacks/g711-8k/2428-83699-0000_melvoc.wav,fake,attack,none,g711-8k,g711-8k,I IMAGINE THERE WERE SEVERAL KINDS OF OLD FASHIONED CHRISTMASES BUT IT COULD HARDLY BE WORSE THAN A CHOP IN MY CHAMBERS OR HORROR OF HORRORS AT THE CLUB OR MY COUSIN LUCY'S NOTION OF WHAT SHE CALLS THE FESTIVE SEASON,na,na,2428,16000,13.304,test,na
2428-83699-0000_melvoc_resample-8k,data/attacks/resample-8k/2428-83699-0000_melvoc.wav,fake,attack,none,resample-8k,8k-roundtrip,I IMAGINE THERE WERE SEVERAL KINDS OF OLD FASHIONED CHRISTMASES BUT IT COULD HARDLY BE WORSE THAN A CHOP IN MY CHAMBERS OR HORROR OF HORRORS AT THE CLUB OR MY COUSIN LUCY'S NOTION OF WHAT SHE CALLS THE FESTIVE SEASON,na,na,2428,16000,13.304,test,na
2428-83699-0000_melvoc_awgn-snr5,data/attacks/awgn-snr5/2428-83699-0000_melvoc.wav,fake,attack,none,awgn-snr5,snr5,I IMAGINE THERE WERE SEVERAL KINDS OF OLD FASHIONED CHRISTMASES BUT IT COULD HARDLY BE WORSE THAN A CHOP IN MY CHAMBERS OR HORROR OF HORRORS AT THE CLUB OR MY COUSIN LUCY'S NOTION OF WHAT SHE CALLS THE FESTIVE SEASON,na,na,2428,16000,13.304,test,na
2428-83699-0000_melvoc_awgn-snr10,data/attacks/awgn-snr10/2428-83699-0000_melvoc.wav,fake,attack,none,awgn-snr10,snr10,I IMAGINE THERE WERE SEVERAL KINDS OF OLD FASHIONED CHRISTMASES BUT IT COULD HARDLY BE WORSE THAN A CHOP IN MY CHAMBERS OR HORROR OF HORRORS AT THE CLUB OR MY COUSIN LUCY'S NOTION OF WHAT SHE CALLS THE FESTIVE SEASON,na,na,2428,16000,13.304,test,na
2428-83699-0000_melvoc_awgn-snr20,data/attacks/awgn-snr20/2428-83699-0000_melvoc.wav,fake,attack,none,awgn-snr20,snr20,I IMAGINE THERE WERE SEVERAL KINDS OF OLD FASHIONED CHRISTMASES BUT IT COULD HARDLY BE WORSE THAN A CHOP IN MY CHAMBERS OR HORROR OF HORRORS AT THE CLUB OR MY COUSIN LUCY'S NOTION OF WHAT SHE CALLS THE FESTIVE SEASON,na,na,2428,16000,13.304,test,na
2428-83699-0000_melvoc_bandpass-300-3400,data/attacks/bandpass-300-3400/2428-83699-0000_melvoc.wav,fake,attack,none,bandpass-300-3400,bandpass300-3400,I IMAGINE THERE WERE SEVERAL KINDS OF OLD FASHIONED CHRISTMASES BUT IT COULD HARDLY BE WORSE THAN A CHOP IN MY CHAMBERS OR HORROR OF HORRORS AT THE CLUB OR MY COUSIN LUCY'S NOTION OF WHAT SHE CALLS THE FESTIVE SEASON,na,na,2428,16000,13.304,test,na
2428-83699-0000_melvoc_reverb-rt60-0.2,data/attacks/reverb-rt60-0.2/2428-83699-0000_melvoc.wav,fake,attack,none,reverb-rt60-0.2,rt60-0.2,I IMAGINE THERE WERE SEVERAL KINDS OF OLD FASHIONED CHRISTMASES BUT IT COULD HARDLY BE WORSE THAN A CHOP IN MY CHAMBERS OR HORROR OF HORRORS AT THE CLUB OR MY COUSIN LUCY'S NOTION OF WHAT SHE CALLS THE FESTIVE SEASON,na,na,2428,16000,13.304,test,na
2428-83699-0000_melvoc_reverb-rt60-0.4,data/attacks/reverb-rt60-0.4/2428-83699-0000_melvoc.wav,fake,attack,none,reverb-rt60-0.4,rt60-0.4,I IMAGINE THERE WERE SEVERAL KINDS OF OLD FASHIONED CHRISTMASES BUT IT COULD HARDLY BE WORSE THAN A CHOP IN MY CHAMBERS OR HORROR OF HORRORS AT THE CLUB OR MY COUSIN LUCY'S NOTION OF WHAT SHE CALLS THE FESTIVE SEASON,na,na,2428,16000,13.304,test,na
2428-83699-0000_melvoc_reverb-rt60-0.8,data/attacks/reverb-rt60-0.8/2428-83699-0000_melvoc.wav,fake,attack,none,reverb-rt60-0.8,rt60-0.8,I IMAGINE THERE WERE SEVERAL KINDS OF OLD FASHIONED CHRISTMASES BUT IT COULD HARDLY BE WORSE THAN A CHOP IN MY CHAMBERS OR HORROR OF HORRORS AT THE CLUB OR MY COUSIN LUCY'S NOTION OF WHAT SHE CALLS THE FESTIVE SEASON,na,na,2428,16000,13.304,test,na
2428-83699-0000_melvoc_speed0.9,data/attacks/speed0.9/2428-83699-0000_melvoc.wav,fake,attack,none,speed0.9,speed0.9,I IMAGINE THERE WERE SEVERAL KINDS OF OLD FASHIONED CHRISTMASES BUT IT COULD HARDLY BE WORSE THAN A CHOP IN MY CHAMBERS OR HORROR OF HORRORS AT THE CLUB OR MY COUSIN LUCY'S NOTION OF WHAT SHE CALLS THE FESTIVE SEASON,na,na,2428,16000,14.782,test,na
2428-83699-0000_melvoc_speed1.1,data/attacks/speed1.1/2428-83699-0000_melvoc.wav,fake,attack,none,speed1.1,speed1.1,I IMAGINE THERE WERE SEVERAL KINDS OF OLD FASHIONED CHRISTMASES BUT IT COULD HARDLY BE WORSE THAN A CHOP IN MY CHAMBERS OR HORROR OF HORRORS AT THE CLUB OR MY COUSIN LUCY'S NOTION OF WHAT SHE CALLS THE FESTIVE SEASON,na,na,2428,16000,12.095,test,na
2428-83699-0000_pitch_mp3-128k,data/attacks/mp3-128k/2428-83699-0000_pitch.wav,fake,attack,none,mp3-128k,mp3-128k,I IMAGINE THERE WERE SEVERAL KINDS OF OLD FASHIONED CHRISTMASES BUT IT COULD HARDLY BE WORSE THAN A CHOP IN MY CHAMBERS OR HORROR OF HORRORS AT THE CLUB OR MY COUSIN LUCY'S NOTION OF WHAT SHE CALLS THE FESTIVE SEASON,na,na,2428,16000,13.305,test,na
2428-83699-0000_pitch_mp3-64k,data/attacks/mp3-64k/2428-83699-0000_pitch.wav,fake,attack,none,mp3-64k,mp3-64k,I IMAGINE THERE WERE SEVERAL KINDS OF OLD FASHIONED CHRISTMASES BUT IT COULD HARDLY BE WORSE THAN A CHOP IN MY CHAMBERS OR HORROR OF HORRORS AT THE CLUB OR MY COUSIN LUCY'S NOTION OF WHAT SHE CALLS THE FESTIVE SEASON,na,na,2428,16000,13.305,test,na
2428-83699-0000_pitch_opus-32k,data/attacks/opus-32k/2428-83699-0000_pitch.wav,fake,attack,none,opus-32k,opus-32k,I IMAGINE THERE WERE SEVERAL KINDS OF OLD FASHIONED CHRISTMASES BUT IT COULD HARDLY BE WORSE THAN A CHOP IN MY CHAMBERS OR HORROR OF HORRORS AT THE CLUB OR MY COUSIN LUCY'S NOTION OF WHAT SHE CALLS THE FESTIVE SEASON,na,na,2428,16000,13.305,test,na
2428-83699-0000_pitch_g711-8k,data/attacks/g711-8k/2428-83699-0000_pitch.wav,fake,attack,none,g711-8k,g711-8k,I IMAGINE THERE WERE SEVERAL KINDS OF OLD FASHIONED CHRISTMASES BUT IT COULD HARDLY BE WORSE THAN A CHOP IN MY CHAMBERS OR HORROR OF HORRORS AT THE CLUB OR MY COUSIN LUCY'S NOTION OF WHAT SHE CALLS THE FESTIVE SEASON,na,na,2428,16000,13.305,test,na
2428-83699-0000_pitch_resample-8k,data/attacks/resample-8k/2428-83699-0000_pitch.wav,fake,attack,none,resample-8k,8k-roundtrip,I IMAGINE THERE WERE SEVERAL KINDS OF OLD FASHIONED CHRISTMASES BUT IT COULD HARDLY BE WORSE THAN A CHOP IN MY CHAMBERS OR HORROR OF HORRORS AT THE CLUB OR MY COUSIN LUCY'S NOTION OF WHAT SHE CALLS THE FESTIVE SEASON,na,na,2428,16000,13.305,test,na
2428-83699-0000_pitch_awgn-snr5,data/attacks/awgn-snr5/2428-83699-0000_pitch.wav,fake,attack,none,awgn-snr5,snr5,I IMAGINE THERE WERE SEVERAL KINDS OF OLD FASHIONED CHRISTMASES BUT IT COULD HARDLY BE WORSE THAN A CHOP IN MY CHAMBERS OR HORROR OF HORRORS AT THE CLUB OR MY COUSIN LUCY'S NOTION OF WHAT SHE CALLS THE FESTIVE SEASON,na,na,2428,16000,13.305,test,na
2428-83699-0000_pitch_awgn-snr10,data/attacks/awgn-snr10/2428-83699-0000_pitch.wav,fake,attack,none,awgn-snr10,snr10,I IMAGINE THERE WERE SEVERAL KINDS OF OLD FASHIONED CHRISTMASES BUT IT COULD HARDLY BE WORSE THAN A CHOP IN MY CHAMBERS OR HORROR OF HORRORS AT THE CLUB OR MY COUSIN LUCY'S NOTION OF WHAT SHE CALLS THE FESTIVE SEASON,na,na,2428,16000,13.305,test,na
2428-83699-0000_pitch_awgn-snr20,data/attacks/awgn-snr20/2428-83699-0000_pitch.wav,fake,attack,none,awgn-snr20,snr20,I IMAGINE THERE WERE SEVERAL KINDS OF OLD FASHIONED CHRISTMASES BUT IT COULD HARDLY BE WORSE THAN A CHOP IN MY CHAMBERS OR HORROR OF HORRORS AT THE CLUB OR MY COUSIN LUCY'S NOTION OF WHAT SHE CALLS THE FESTIVE SEASON,na,na,2428,16000,13.305,test,na
2428-83699-0000_pitch_bandpass-300-3400,data/attacks/bandpass-300-3400/2428-83699-0000_pitch.wav,fake,attack,none,bandpass-300-3400,bandpass300-3400,I IMAGINE THERE WERE SEVERAL KINDS OF OLD FASHIONED CHRISTMASES BUT IT COULD HARDLY BE WORSE THAN A CHOP IN MY CHAMBERS OR HORROR OF HORRORS AT THE CLUB OR MY COUSIN LUCY'S NOTION OF WHAT SHE CALLS THE FESTIVE SEASON,na,na,2428,16000,13.305,test,na
2428-83699-0000_pitch_reverb-rt60-0.2,data/attacks/reverb-rt60-0.2/2428-83699-0000_pitch.wav,fake,attack,none,reverb-rt60-0.2,rt60-0.2,I IMAGINE THERE WERE SEVERAL KINDS OF OLD FASHIONED CHRISTMASES BUT IT COULD HARDLY BE WORSE THAN A CHOP IN MY CHAMBERS OR HORROR OF HORRORS AT THE CLUB OR MY COUSIN LUCY'S NOTION OF WHAT SHE CALLS THE FESTIVE SEASON,na,na,2428,16000,13.305,test,na
2428-83699-0000_pitch_reverb-rt60-0.4,data/attacks/reverb-rt60-0.4/2428-83699-0000_pitch.wav,fake,attack,none,reverb-rt60-0.4,rt60-0.4,I IMAGINE THERE WERE SEVERAL KINDS OF OLD FASHIONED CHRISTMASES BUT IT COULD HARDLY BE WORSE THAN A CHOP IN MY CHAMBERS OR HORROR OF HORRORS AT THE CLUB OR MY COUSIN LUCY'S NOTION OF WHAT SHE CALLS THE FESTIVE SEASON,na,na,2428,16000,13.305,test,na
2428-83699-0000_pitch_reverb-rt60-0.8,data/attacks/reverb-rt60-0.8/2428-83699-0000_pitch.wav,fake,attack,none,reverb-rt60-0.8,rt60-0.8,I IMAGINE THERE WERE SEVERAL KINDS OF OLD FASHIONED CHRISTMASES BUT IT COULD HARDLY BE WORSE THAN A CHOP IN MY CHAMBERS OR HORROR OF HORRORS AT THE CLUB OR MY COUSIN LUCY'S NOTION OF WHAT SHE CALLS THE FESTIVE SEASON,na,na,2428,16000,13.305,test,na
2428-83699-0000_pitch_speed0.9,data/attacks/speed0.9/2428-83699-0000_pitch.wav,fake,attack,none,speed0.9,speed0.9,I IMAGINE THERE WERE SEVERAL KINDS OF OLD FASHIONED CHRISTMASES BUT IT COULD HARDLY BE WORSE THAN A CHOP IN MY CHAMBERS OR HORROR OF HORRORS AT THE CLUB OR MY COUSIN LUCY'S NOTION OF WHAT SHE CALLS THE FESTIVE SEASON,na,na,2428,16000,14.783,test,na
2428-83699-0000_pitch_speed1.1,data/attacks/speed1.1/2428-83699-0000_pitch.wav,fake,attack,none,speed1.1,speed1.1,I IMAGINE THERE WERE SEVERAL KINDS OF OLD FASHIONED CHRISTMASES BUT IT COULD HARDLY BE WORSE THAN A CHOP IN MY CHAMBERS OR HORROR OF HORRORS AT THE CLUB OR MY COUSIN LUCY'S NOTION OF WHAT SHE CALLS THE FESTIVE SEASON,na,na,2428,16000,12.095,test,na
2428-83699-0001_formant_mp3-128k,data/attacks/mp3-128k/2428-83699-0001_formant.wav,fake,attack,none,mp3-128k,mp3-128k,FESTIVE YES,na,na,2428,16000,2.07,test,na
2428-83699-0001_formant_mp3-64k,data/attacks/mp3-64k/2428-83699-0001_formant.wav,fake,attack,none,mp3-64k,mp3-64k,FESTIVE YES,na,na,2428,16000,2.07,test,na
2428-83699-0001_formant_opus-32k,data/attacks/opus-32k/2428-83699-0001_formant.wav,fake,attack,none,opus-32k,opus-32k,FESTIVE YES,na,na,2428,16000,2.07,test,na
2428-83699-0001_formant_g711-8k,data/attacks/g711-8k/2428-83699-0001_formant.wav,fake,attack,none,g711-8k,g711-8k,FESTIVE YES,na,na,2428,16000,2.07,test,na
2428-83699-0001_formant_resample-8k,data/attacks/resample-8k/2428-83699-0001_formant.wav,fake,attack,none,resample-8k,8k-roundtrip,FESTIVE YES,na,na,2428,16000,2.07,test,na
2428-83699-0001_formant_awgn-snr5,data/attacks/awgn-snr5/2428-83699-0001_formant.wav,fake,attack,none,awgn-snr5,snr5,FESTIVE YES,na,na,2428,16000,2.07,test,na
2428-83699-0001_formant_awgn-snr10,data/attacks/awgn-snr10/2428-83699-0001_formant.wav,fake,attack,none,awgn-snr10,snr10,FESTIVE YES,na,na,2428,16000,2.07,test,na
2428-83699-0001_formant_awgn-snr20,data/attacks/awgn-snr20/2428-83699-0001_formant.wav,fake,attack,none,awgn-snr20,snr20,FESTIVE YES,na,na,2428,16000,2.07,test,na
2428-83699-0001_formant_bandpass-300-3400,data/attacks/bandpass-300-3400/2428-83699-0001_formant.wav,fake,attack,none,bandpass-300-3400,bandpass300-3400,FESTIVE YES,na,na,2428,16000,2.07,test,na
2428-83699-0001_formant_reverb-rt60-0.2,data/attacks/reverb-rt60-0.2/2428-83699-0001_formant.wav,fake,attack,none,reverb-rt60-0.2,rt60-0.2,FESTIVE YES,na,na,2428,16000,2.07,test,na
2428-83699-0001_formant_reverb-rt60-0.4,data/attacks/reverb-rt60-0.4/2428-83699-0001_formant.wav,fake,attack,none,reverb-rt60-0.4,rt60-0.4,FESTIVE YES,na,na,2428,16000,2.07,test,na
2428-83699-0001_formant_reverb-rt60-0.8,data/attacks/reverb-rt60-0.8/2428-83699-0001_formant.wav,fake,attack,none,reverb-rt60-0.8,rt60-0.8,FESTIVE YES,na,na,2428,16000,2.07,test,na
2428-83699-0001_formant_speed0.9,data/attacks/speed0.9/2428-83699-0001_formant.wav,fake,attack,none,speed0.9,speed0.9,FESTIVE YES,na,na,2428,16000,2.3,test,na
2428-83699-0001_formant_speed1.1,data/attacks/speed1.1/2428-83699-0001_formant.wav,fake,attack,none,speed1.1,speed1.1,FESTIVE YES,na,na,2428,16000,1.882,test,na
2428-83699-0001_melvoc_mp3-128k,data/attacks/mp3-128k/2428-83699-0001_melvoc.wav,fake,attack,none,mp3-128k,mp3-128k,FESTIVE YES,na,na,2428,16000,2.064,test,na
2428-83699-0001_melvoc_mp3-64k,data/attacks/mp3-64k/2428-83699-0001_melvoc.wav,fake,attack,none,mp3-64k,mp3-64k,FESTIVE YES,na,na,2428,16000,2.064,test,na
2428-83699-0001_melvoc_opus-32k,data/attacks/opus-32k/2428-83699-0001_melvoc.wav,fake,attack,none,opus-32k,opus-32k,FESTIVE YES,na,na,2428,16000,2.064,test,na
2428-83699-0001_melvoc_g711-8k,data/attacks/g711-8k/2428-83699-0001_melvoc.wav,fake,attack,none,g711-8k,g711-8k,FESTIVE YES,na,na,2428,16000,2.064,test,na
2428-83699-0001_melvoc_resample-8k,data/attacks/resample-8k/2428-83699-0001_melvoc.wav,fake,attack,none,resample-8k,8k-roundtrip,FESTIVE YES,na,na,2428,16000,2.064,test,na
2428-83699-0001_melvoc_awgn-snr5,data/attacks/awgn-snr5/2428-83699-0001_melvoc.wav,fake,attack,none,awgn-snr5,snr5,FESTIVE YES,na,na,2428,16000,2.064,test,na
2428-83699-0001_melvoc_awgn-snr10,data/attacks/awgn-snr10/2428-83699-0001_melvoc.wav,fake,attack,none,awgn-snr10,snr10,FESTIVE YES,na,na,2428,16000,2.064,test,na
2428-83699-0001_melvoc_awgn-snr20,data/attacks/awgn-snr20/2428-83699-0001_melvoc.wav,fake,attack,none,awgn-snr20,snr20,FESTIVE YES,na,na,2428,16000,2.064,test,na
2428-83699-0001_melvoc_bandpass-300-3400,data/attacks/bandpass-300-3400/2428-83699-0001_melvoc.wav,fake,attack,none,bandpass-300-3400,bandpass300-3400,FESTIVE YES,na,na,2428,16000,2.064,test,na
2428-83699-0001_melvoc_reverb-rt60-0.2,data/attacks/reverb-rt60-0.2/2428-83699-0001_melvoc.wav,fake,attack,none,reverb-rt60-0.2,rt60-0.2,FESTIVE YES,na,na,2428,16000,2.064,test,na
2428-83699-0001_melvoc_reverb-rt60-0.4,data/attacks/reverb-rt60-0.4/2428-83699-0001_melvoc.wav,fake,attack,none,reverb-rt60-0.4,rt60-0.4,FESTIVE YES,na,na,2428,16000,2.064,test,na
2428-83699-0001_melvoc_reverb-rt60-0.8,data/attacks/reverb-rt60-0.8/2428-83699-0001_melvoc.wav,fake,attack,none,reverb-rt60-0.8,rt60-0.8,FESTIVE YES,na,na,2428,16000,2.064,test,na
2428-83699-0001_melvoc_speed0.9,data/attacks/speed0.9/2428-83699-0001_melvoc.wav,fake,attack,none,speed0.9,speed0.9,FESTIVE YES,na,na,2428,16000,2.293,test,na
2428-83699-0001_melvoc_speed1.1,data/attacks/speed1.1/2428-83699-0001_melvoc.wav,fake,attack,none,speed1.1,speed1.1,FESTIVE YES,na,na,2428,16000,1.876,test,na
2428-83699-0001_pitch_mp3-128k,data/attacks/mp3-128k/2428-83699-0001_pitch.wav,fake,attack,none,mp3-128k,mp3-128k,FESTIVE YES,na,na,2428,16000,2.07,test,na
2428-83699-0001_pitch_mp3-64k,data/attacks/mp3-64k/2428-83699-0001_pitch.wav,fake,attack,none,mp3-64k,mp3-64k,FESTIVE YES,na,na,2428,16000,2.07,test,na
2428-83699-0001_pitch_opus-32k,data/attacks/opus-32k/2428-83699-0001_pitch.wav,fake,attack,none,opus-32k,opus-32k,FESTIVE YES,na,na,2428,16000,2.07,test,na
2428-83699-0001_pitch_g711-8k,data/attacks/g711-8k/2428-83699-0001_pitch.wav,fake,attack,none,g711-8k,g711-8k,FESTIVE YES,na,na,2428,16000,2.07,test,na
2428-83699-0001_pitch_resample-8k,data/attacks/resample-8k/2428-83699-0001_pitch.wav,fake,attack,none,resample-8k,8k-roundtrip,FESTIVE YES,na,na,2428,16000,2.07,test,na
2428-83699-0001_pitch_awgn-snr5,data/attacks/awgn-snr5/2428-83699-0001_pitch.wav,fake,attack,none,awgn-snr5,snr5,FESTIVE YES,na,na,2428,16000,2.07,test,na
2428-83699-0001_pitch_awgn-snr10,data/attacks/awgn-snr10/2428-83699-0001_pitch.wav,fake,attack,none,awgn-snr10,snr10,FESTIVE YES,na,na,2428,16000,2.07,test,na
2428-83699-0001_pitch_awgn-snr20,data/attacks/awgn-snr20/2428-83699-0001_pitch.wav,fake,attack,none,awgn-snr20,snr20,FESTIVE YES,na,na,2428,16000,2.07,test,na
2428-83699-0001_pitch_bandpass-300-3400,data/attacks/bandpass-300-3400/2428-83699-0001_pitch.wav,fake,attack,none,bandpass-300-3400,bandpass300-3400,FESTIVE YES,na,na,2428,16000,2.07,test,na
2428-83699-0001_pitch_reverb-rt60-0.2,data/attacks/reverb-rt60-0.2/2428-83699-0001_pitch.wav,fake,attack,none,reverb-rt60-0.2,rt60-0.2,FESTIVE YES,na,na,2428,16000,2.07,test,na
2428-83699-0001_pitch_reverb-rt60-0.4,data/attacks/reverb-rt60-0.4/2428-83699-0001_pitch.wav,fake,attack,none,reverb-rt60-0.4,rt60-0.4,FESTIVE YES,na,na,2428,16000,2.07,test,na
2428-83699-0001_pitch_reverb-rt60-0.8,data/attacks/reverb-rt60-0.8/2428-83699-0001_pitch.wav,fake,attack,none,reverb-rt60-0.8,rt60-0.8,FESTIVE YES,na,na,2428,16000,2.07,test,na
2428-83699-0001_pitch_speed0.9,data/attacks/speed0.9/2428-83699-0001_pitch.wav,fake,attack,none,speed0.9,speed0.9,FESTIVE YES,na,na,2428,16000,2.3,test,na
2428-83699-0001_pitch_speed1.1,data/attacks/speed1.1/2428-83699-0001_pitch.wav,fake,attack,none,speed1.1,speed1.1,FESTIVE YES,na,na,2428,16000,1.882,test,na
2428-83699-0002_formant_mp3-128k,data/attacks/mp3-128k/2428-83699-0002_formant.wav,fake,attack,none,mp3-128k,mp3-128k,THE REPLY WAS WRITTEN IN A SPRAWLING FEMININE HAND IT WAS A LITTLE VAGUE,na,na,2428,16000,4.26,test,na
2428-83699-0002_formant_mp3-64k,data/attacks/mp3-64k/2428-83699-0002_formant.wav,fake,attack,none,mp3-64k,mp3-64k,THE REPLY WAS WRITTEN IN A SPRAWLING FEMININE HAND IT WAS A LITTLE VAGUE,na,na,2428,16000,4.26,test,na
2428-83699-0002_formant_opus-32k,data/attacks/opus-32k/2428-83699-0002_formant.wav,fake,attack,none,opus-32k,opus-32k,THE REPLY WAS WRITTEN IN A SPRAWLING FEMININE HAND IT WAS A LITTLE VAGUE,na,na,2428,16000,4.26,test,na
2428-83699-0002_formant_g711-8k,data/attacks/g711-8k/2428-83699-0002_formant.wav,fake,attack,none,g711-8k,g711-8k,THE REPLY WAS WRITTEN IN A SPRAWLING FEMININE HAND IT WAS A LITTLE VAGUE,na,na,2428,16000,4.26,test,na
2428-83699-0002_formant_resample-8k,data/attacks/resample-8k/2428-83699-0002_formant.wav,fake,attack,none,resample-8k,8k-roundtrip,THE REPLY WAS WRITTEN IN A SPRAWLING FEMININE HAND IT WAS A LITTLE VAGUE,na,na,2428,16000,4.26,test,na
2428-83699-0002_formant_awgn-snr5,data/attacks/awgn-snr5/2428-83699-0002_formant.wav,fake,attack,none,awgn-snr5,snr5,THE REPLY WAS WRITTEN IN A SPRAWLING FEMININE HAND IT WAS A LITTLE VAGUE,na,na,2428,16000,4.26,test,na
2428-83699-0002_formant_awgn-snr10,data/attacks/awgn-snr10/2428-83699-0002_formant.wav,fake,attack,none,awgn-snr10,snr10,THE REPLY WAS WRITTEN IN A SPRAWLING FEMININE HAND IT WAS A LITTLE VAGUE,na,na,2428,16000,4.26,test,na
2428-83699-0002_formant_awgn-snr20,data/attacks/awgn-snr20/2428-83699-0002_formant.wav,fake,attack,none,awgn-snr20,snr20,THE REPLY WAS WRITTEN IN A SPRAWLING FEMININE HAND IT WAS A LITTLE VAGUE,na,na,2428,16000,4.26,test,na
2428-83699-0002_formant_bandpass-300-3400,data/attacks/bandpass-300-3400/2428-83699-0002_formant.wav,fake,attack,none,bandpass-300-3400,bandpass300-3400,THE REPLY WAS WRITTEN IN A SPRAWLING FEMININE HAND IT WAS A LITTLE VAGUE,na,na,2428,16000,4.26,test,na
2428-83699-0002_formant_reverb-rt60-0.2,data/attacks/reverb-rt60-0.2/2428-83699-0002_formant.wav,fake,attack,none,reverb-rt60-0.2,rt60-0.2,THE REPLY WAS WRITTEN IN A SPRAWLING FEMININE HAND IT WAS A LITTLE VAGUE,na,na,2428,16000,4.26,test,na
2428-83699-0002_formant_reverb-rt60-0.4,data/attacks/reverb-rt60-0.4/2428-83699-0002_formant.wav,fake,attack,none,reverb-rt60-0.4,rt60-0.4,THE REPLY WAS WRITTEN IN A SPRAWLING FEMININE HAND IT WAS A LITTLE VAGUE,na,na,2428,16000,4.26,test,na
2428-83699-0002_formant_reverb-rt60-0.8,data/attacks/reverb-rt60-0.8/2428-83699-0002_formant.wav,fake,attack,none,reverb-rt60-0.8,rt60-0.8,THE REPLY WAS WRITTEN IN A SPRAWLING FEMININE HAND IT WAS A LITTLE VAGUE,na,na,2428,16000,4.26,test,na
2428-83699-0002_formant_speed0.9,data/attacks/speed0.9/2428-83699-0002_formant.wav,fake,attack,none,speed0.9,speed0.9,THE REPLY WAS WRITTEN IN A SPRAWLING FEMININE HAND IT WAS A LITTLE VAGUE,na,na,2428,16000,4.733,test,na
2428-83699-0002_formant_speed1.1,data/attacks/speed1.1/2428-83699-0002_formant.wav,fake,attack,none,speed1.1,speed1.1,THE REPLY WAS WRITTEN IN A SPRAWLING FEMININE HAND IT WAS A LITTLE VAGUE,na,na,2428,16000,3.873,test,na
2428-83699-0002_melvoc_mp3-128k,data/attacks/mp3-128k/2428-83699-0002_melvoc.wav,fake,attack,none,mp3-128k,mp3-128k,THE REPLY WAS WRITTEN IN A SPRAWLING FEMININE HAND IT WAS A LITTLE VAGUE,na,na,2428,16000,4.256,test,na
2428-83699-0002_melvoc_mp3-64k,data/attacks/mp3-64k/2428-83699-0002_melvoc.wav,fake,attack,none,mp3-64k,mp3-64k,THE REPLY WAS WRITTEN IN A SPRAWLING FEMININE HAND IT WAS A LITTLE VAGUE,na,na,2428,16000,4.256,test,na
2428-83699-0002_melvoc_opus-32k,data/attacks/opus-32k/2428-83699-0002_melvoc.wav,fake,attack,none,opus-32k,opus-32k,THE REPLY WAS WRITTEN IN A SPRAWLING FEMININE HAND IT WAS A LITTLE VAGUE,na,na,2428,16000,4.256,test,na
2428-83699-0002_melvoc_g711-8k,data/attacks/g711-8k/2428-83699-0002_melvoc.wav,fake,attack,none,g711-8k,g711-8k,THE REPLY WAS WRITTEN IN A SPRAWLING FEMININE HAND IT WAS A LITTLE VAGUE,na,na,2428,16000,4.256,test,na
2428-83699-0002_melvoc_resample-8k,data/attacks/resample-8k/2428-83699-0002_melvoc.wav,fake,attack,none,resample-8k,8k-roundtrip,THE REPLY WAS WRITTEN IN A SPRAWLING FEMININE HAND IT WAS A LITTLE VAGUE,na,na,2428,16000,4.256,test,na
2428-83699-0002_melvoc_awgn-snr5,data/attacks/awgn-snr5/2428-83699-0002_melvoc.wav,fake,attack,none,awgn-snr5,snr5,THE REPLY WAS WRITTEN IN A SPRAWLING FEMININE HAND IT WAS A LITTLE VAGUE,na,na,2428,16000,4.256,test,na
2428-83699-0002_melvoc_awgn-snr10,data/attacks/awgn-snr10/2428-83699-0002_melvoc.wav,fake,attack,none,awgn-snr10,snr10,THE REPLY WAS WRITTEN IN A SPRAWLING FEMININE HAND IT WAS A LITTLE VAGUE,na,na,2428,16000,4.256,test,na
2428-83699-0002_melvoc_awgn-snr20,data/attacks/awgn-snr20/2428-83699-0002_melvoc.wav,fake,attack,none,awgn-snr20,snr20,THE REPLY WAS WRITTEN IN A SPRAWLING FEMININE HAND IT WAS A LITTLE VAGUE,na,na,2428,16000,4.256,test,na
2428-83699-0002_melvoc_bandpass-300-3400,data/attacks/bandpass-300-3400/2428-83699-0002_melvoc.wav,fake,attack,none,bandpass-300-3400,bandpass300-3400,THE REPLY WAS WRITTEN IN A SPRAWLING FEMININE HAND IT WAS A LITTLE VAGUE,na,na,2428,16000,4.256,test,na
2428-83699-0002_melvoc_reverb-rt60-0.2,data/attacks/reverb-rt60-0.2/2428-83699-0002_melvoc.wav,fake,attack,none,reverb-rt60-0.2,rt60-0.2,THE REPLY WAS WRITTEN IN A SPRAWLING FEMININE HAND IT WAS A LITTLE VAGUE,na,na,2428,16000,4.256,test,na
2428-83699-0002_melvoc_reverb-rt60-0.4,data/attacks/reverb-rt60-0.4/2428-83699-0002_melvoc.wav,fake,attack,none,reverb-rt60-0.4,rt60-0.4,THE REPLY WAS WRITTEN IN A SPRAWLING FEMININE HAND IT WAS A LITTLE VAGUE,na,na,2428,16000,4.256,test,na
2428-83699-0002_melvoc_reverb-rt60-0.8,data/attacks/reverb-rt60-0.8/2428-83699-0002_melvoc.wav,fake,attack,none,reverb-rt60-0.8,rt60-0.8,THE REPLY WAS WRITTEN IN A SPRAWLING FEMININE HAND IT WAS A LITTLE VAGUE,na,na,2428,16000,4.256,test,na
2428-83699-0002_melvoc_speed0.9,data/attacks/speed0.9/2428-83699-0002_melvoc.wav,fake,attack,none,speed0.9,speed0.9,THE REPLY WAS WRITTEN IN A SPRAWLING FEMININE HAND IT WAS A LITTLE VAGUE,na,na,2428,16000,4.729,test,na
2428-83699-0002_melvoc_speed1.1,data/attacks/speed1.1/2428-83699-0002_melvoc.wav,fake,attack,none,speed1.1,speed1.1,THE REPLY WAS WRITTEN IN A SPRAWLING FEMININE HAND IT WAS A LITTLE VAGUE,na,na,2428,16000,3.869,test,na
2428-83699-0002_pitch_mp3-128k,data/attacks/mp3-128k/2428-83699-0002_pitch.wav,fake,attack,none,mp3-128k,mp3-128k,THE REPLY WAS WRITTEN IN A SPRAWLING FEMININE HAND IT WAS A LITTLE VAGUE,na,na,2428,16000,4.26,test,na
2428-83699-0002_pitch_mp3-64k,data/attacks/mp3-64k/2428-83699-0002_pitch.wav,fake,attack,none,mp3-64k,mp3-64k,THE REPLY WAS WRITTEN IN A SPRAWLING FEMININE HAND IT WAS A LITTLE VAGUE,na,na,2428,16000,4.26,test,na
2428-83699-0002_pitch_opus-32k,data/attacks/opus-32k/2428-83699-0002_pitch.wav,fake,attack,none,opus-32k,opus-32k,THE REPLY WAS WRITTEN IN A SPRAWLING FEMININE HAND IT WAS A LITTLE VAGUE,na,na,2428,16000,4.26,test,na
2428-83699-0002_pitch_g711-8k,data/attacks/g711-8k/2428-83699-0002_pitch.wav,fake,attack,none,g711-8k,g711-8k,THE REPLY WAS WRITTEN IN A SPRAWLING FEMININE HAND IT WAS A LITTLE VAGUE,na,na,2428,16000,4.26,test,na
2428-83699-0002_pitch_resample-8k,data/attacks/resample-8k/2428-83699-0002_pitch.wav,fake,attack,none,resample-8k,8k-roundtrip,THE REPLY WAS WRITTEN IN A SPRAWLING FEMININE HAND IT WAS A LITTLE VAGUE,na,na,2428,16000,4.26,test,na
2428-83699-0002_pitch_awgn-snr5,data/attacks/awgn-snr5/2428-83699-0002_pitch.wav,fake,attack,none,awgn-snr5,snr5,THE REPLY WAS WRITTEN IN A SPRAWLING FEMININE HAND IT WAS A LITTLE VAGUE,na,na,2428,16000,4.26,test,na
2428-83699-0002_pitch_awgn-snr10,data/attacks/awgn-snr10/2428-83699-0002_pitch.wav,fake,attack,none,awgn-snr10,snr10,THE REPLY WAS WRITTEN IN A SPRAWLING FEMININE HAND IT WAS A LITTLE VAGUE,na,na,2428,16000,4.26,test,na
2428-83699-0002_pitch_awgn-snr20,data/attacks/awgn-snr20/2428-83699-0002_pitch.wav,fake,attack,none,awgn-snr20,snr20,THE REPLY WAS WRITTEN IN A SPRAWLING FEMININE HAND IT WAS A LITTLE VAGUE,na,na,2428,16000,4.26,test,na
2428-83699-0002_pitch_bandpass-300-3400,data/attacks/bandpass-300-3400/2428-83699-0002_pitch.wav,fake,attack,none,bandpass-300-3400,bandpass300-3400,THE REPLY WAS WRITTEN IN A SPRAWLING FEMININE HAND IT WAS A LITTLE VAGUE,na,na,2428,16000,4.26,test,na
2428-83699-0002_pitch_reverb-rt60-0.2,data/attacks/reverb-rt60-0.2/2428-83699-0002_pitch.wav,fake,attack,none,reverb-rt60-0.2,rt60-0.2,THE REPLY WAS WRITTEN IN A SPRAWLING FEMININE HAND IT WAS A LITTLE VAGUE,na,na,2428,16000,4.26,test,na
2428-83699-0002_pitch_reverb-rt60-0.4,data/attacks/reverb-rt60-0.4/2428-83699-0002_pitch.wav,fake,attack,none,reverb-rt60-0.4,rt60-0.4,THE REPLY WAS WRITTEN IN A SPRAWLING FEMININE HAND IT WAS A LITTLE VAGUE,na,na,2428,16000,4.26,test,na
2428-83699-0002_pitch_reverb-rt60-0.8,data/attacks/reverb-rt60-0.8/2428-83699-0002_pitch.wav,fake,attack,none,reverb-rt60-0.8,rt60-0.8,THE REPLY WAS WRITTEN IN A SPRAWLING FEMININE HAND IT WAS A LITTLE VAGUE,na,na,2428,16000,4.26,test,na
2428-83699-0002_pitch_speed0.9,data/attacks/speed0.9/2428-83699-0002_pitch.wav,fake,attack,none,speed0.9,speed0.9,THE REPLY WAS WRITTEN IN A SPRAWLING FEMININE HAND IT WAS A LITTLE VAGUE,na,na,2428,16000,4.733,test,na
2428-83699-0002_pitch_speed1.1,data/attacks/speed1.1/2428-83699-0002_pitch.wav,fake,attack,none,speed1.1,speed1.1,THE REPLY WAS WRITTEN IN A SPRAWLING FEMININE HAND IT WAS A LITTLE VAGUE,na,na,2428,16000,3.873,test,na
2428-83699-0003_formant_mp3-128k,data/attacks/mp3-128k/2428-83699-0003_formant.wav,fake,attack,none,mp3-128k,mp3-128k,IT APPEARED THAT THE TERMS WOULD BE FIVE GUINEAS BUT THERE WAS NO MENTION OF THE LENGTH OF TIME WHICH THAT FEE WOULD COVER,na,na,2428,16000,6.267,test,na
2428-83699-0003_formant_mp3-64k,data/attacks/mp3-64k/2428-83699-0003_formant.wav,fake,attack,none,mp3-64k,mp3-64k,IT APPEARED THAT THE TERMS WOULD BE FIVE GUINEAS BUT THERE WAS NO MENTION OF THE LENGTH OF TIME WHICH THAT FEE WOULD COVER,na,na,2428,16000,6.267,test,na
2428-83699-0003_formant_opus-32k,data/attacks/opus-32k/2428-83699-0003_formant.wav,fake,attack,none,opus-32k,opus-32k,IT APPEARED THAT THE TERMS WOULD BE FIVE GUINEAS BUT THERE WAS NO MENTION OF THE LENGTH OF TIME WHICH THAT FEE WOULD COVER,na,na,2428,16000,6.265,test,na
2428-83699-0003_formant_g711-8k,data/attacks/g711-8k/2428-83699-0003_formant.wav,fake,attack,none,g711-8k,g711-8k,IT APPEARED THAT THE TERMS WOULD BE FIVE GUINEAS BUT THERE WAS NO MENTION OF THE LENGTH OF TIME WHICH THAT FEE WOULD COVER,na,na,2428,16000,6.265,test,na
2428-83699-0003_formant_resample-8k,data/attacks/resample-8k/2428-83699-0003_formant.wav,fake,attack,none,resample-8k,8k-roundtrip,IT APPEARED THAT THE TERMS WOULD BE FIVE GUINEAS BUT THERE WAS NO MENTION OF THE LENGTH OF TIME WHICH THAT FEE WOULD COVER,na,na,2428,16000,6.265,test,na
2428-83699-0003_formant_awgn-snr5,data/attacks/awgn-snr5/2428-83699-0003_formant.wav,fake,attack,none,awgn-snr5,snr5,IT APPEARED THAT THE TERMS WOULD BE FIVE GUINEAS BUT THERE WAS NO MENTION OF THE LENGTH OF TIME WHICH THAT FEE WOULD COVER,na,na,2428,16000,6.265,test,na
2428-83699-0003_formant_awgn-snr10,data/attacks/awgn-snr10/2428-83699-0003_formant.wav,fake,attack,none,awgn-snr10,snr10,IT APPEARED THAT THE TERMS WOULD BE FIVE GUINEAS BUT THERE WAS NO MENTION OF THE LENGTH OF TIME WHICH THAT FEE WOULD COVER,na,na,2428,16000,6.265,test,na
2428-83699-0003_formant_awgn-snr20,data/attacks/awgn-snr20/2428-83699-0003_formant.wav,fake,attack,none,awgn-snr20,snr20,IT APPEARED THAT THE TERMS WOULD BE FIVE GUINEAS BUT THERE WAS NO MENTION OF THE LENGTH OF TIME WHICH THAT FEE WOULD COVER,na,na,2428,16000,6.265,test,na
2428-83699-0003_formant_bandpass-300-3400,data/attacks/bandpass-300-3400/2428-83699-0003_formant.wav,fake,attack,none,bandpass-300-3400,bandpass300-3400,IT APPEARED THAT THE TERMS WOULD BE FIVE GUINEAS BUT THERE WAS NO MENTION OF THE LENGTH OF TIME WHICH THAT FEE WOULD COVER,na,na,2428,16000,6.265,test,na
2428-83699-0003_formant_reverb-rt60-0.2,data/attacks/reverb-rt60-0.2/2428-83699-0003_formant.wav,fake,attack,none,reverb-rt60-0.2,rt60-0.2,IT APPEARED THAT THE TERMS WOULD BE FIVE GUINEAS BUT THERE WAS NO MENTION OF THE LENGTH OF TIME WHICH THAT FEE WOULD COVER,na,na,2428,16000,6.265,test,na
2428-83699-0003_formant_reverb-rt60-0.4,data/attacks/reverb-rt60-0.4/2428-83699-0003_formant.wav,fake,attack,none,reverb-rt60-0.4,rt60-0.4,IT APPEARED THAT THE TERMS WOULD BE FIVE GUINEAS BUT THERE WAS NO MENTION OF THE LENGTH OF TIME WHICH THAT FEE WOULD COVER,na,na,2428,16000,6.265,test,na
2428-83699-0003_formant_reverb-rt60-0.8,data/attacks/reverb-rt60-0.8/2428-83699-0003_formant.wav,fake,attack,none,reverb-rt60-0.8,rt60-0.8,IT APPEARED THAT THE TERMS WOULD BE FIVE GUINEAS BUT THERE WAS NO MENTION OF THE LENGTH OF TIME WHICH THAT FEE WOULD COVER,na,na,2428,16000,6.265,test,na
2428-83699-0003_formant_speed0.9,data/attacks/speed0.9/2428-83699-0003_formant.wav,fake,attack,none,speed0.9,speed0.9,IT APPEARED THAT THE TERMS WOULD BE FIVE GUINEAS BUT THERE WAS NO MENTION OF THE LENGTH OF TIME WHICH THAT FEE WOULD COVER,na,na,2428,16000,6.961,test,na
2428-83699-0003_formant_speed1.1,data/attacks/speed1.1/2428-83699-0003_formant.wav,fake,attack,none,speed1.1,speed1.1,IT APPEARED THAT THE TERMS WOULD BE FIVE GUINEAS BUT THERE WAS NO MENTION OF THE LENGTH OF TIME WHICH THAT FEE WOULD COVER,na,na,2428,16000,5.695,test,na
2428-83699-0003_melvoc_mp3-128k,data/attacks/mp3-128k/2428-83699-0003_melvoc.wav,fake,attack,none,mp3-128k,mp3-128k,IT APPEARED THAT THE TERMS WOULD BE FIVE GUINEAS BUT THERE WAS NO MENTION OF THE LENGTH OF TIME WHICH THAT FEE WOULD COVER,na,na,2428,16000,6.264,test,na
2428-83699-0003_melvoc_mp3-64k,data/attacks/mp3-64k/2428-83699-0003_melvoc.wav,fake,attack,none,mp3-64k,mp3-64k,IT APPEARED THAT THE TERMS WOULD BE FIVE GUINEAS BUT THERE WAS NO MENTION OF THE LENGTH OF TIME WHICH THAT FEE WOULD COVER,na,na,2428,16000,6.264,test,na
2428-83699-0003_melvoc_opus-32k,data/attacks/opus-32k/2428-83699-0003_melvoc.wav,fake,attack,none,opus-32k,opus-32k,IT APPEARED THAT THE TERMS WOULD BE FIVE GUINEAS BUT THERE WAS NO MENTION OF THE LENGTH OF TIME WHICH THAT FEE WOULD COVER,na,na,2428,16000,6.264,test,na
2428-83699-0003_melvoc_g711-8k,data/attacks/g711-8k/2428-83699-0003_melvoc.wav,fake,attack,none,g711-8k,g711-8k,IT APPEARED THAT THE TERMS WOULD BE FIVE GUINEAS BUT THERE WAS NO MENTION OF THE LENGTH OF TIME WHICH THAT FEE WOULD COVER,na,na,2428,16000,6.264,test,na
2428-83699-0003_melvoc_resample-8k,data/attacks/resample-8k/2428-83699-0003_melvoc.wav,fake,attack,none,resample-8k,8k-roundtrip,IT APPEARED THAT THE TERMS WOULD BE FIVE GUINEAS BUT THERE WAS NO MENTION OF THE LENGTH OF TIME WHICH THAT FEE WOULD COVER,na,na,2428,16000,6.264,test,na
2428-83699-0003_melvoc_awgn-snr5,data/attacks/awgn-snr5/2428-83699-0003_melvoc.wav,fake,attack,none,awgn-snr5,snr5,IT APPEARED THAT THE TERMS WOULD BE FIVE GUINEAS BUT THERE WAS NO MENTION OF THE LENGTH OF TIME WHICH THAT FEE WOULD COVER,na,na,2428,16000,6.264,test,na
2428-83699-0003_melvoc_awgn-snr10,data/attacks/awgn-snr10/2428-83699-0003_melvoc.wav,fake,attack,none,awgn-snr10,snr10,IT APPEARED THAT THE TERMS WOULD BE FIVE GUINEAS BUT THERE WAS NO MENTION OF THE LENGTH OF TIME WHICH THAT FEE WOULD COVER,na,na,2428,16000,6.264,test,na
2428-83699-0003_melvoc_awgn-snr20,data/attacks/awgn-snr20/2428-83699-0003_melvoc.wav,fake,attack,none,awgn-snr20,snr20,IT APPEARED THAT THE TERMS WOULD BE FIVE GUINEAS BUT THERE WAS NO MENTION OF THE LENGTH OF TIME WHICH THAT FEE WOULD COVER,na,na,2428,16000,6.264,test,na
2428-83699-0003_melvoc_bandpass-300-3400,data/attacks/bandpass-300-3400/2428-83699-0003_melvoc.wav,fake,attack,none,bandpass-300-3400,bandpass300-3400,IT APPEARED THAT THE TERMS WOULD BE FIVE GUINEAS BUT THERE WAS NO MENTION OF THE LENGTH OF TIME WHICH THAT FEE WOULD COVER,na,na,2428,16000,6.264,test,na
2428-83699-0003_melvoc_reverb-rt60-0.2,data/attacks/reverb-rt60-0.2/2428-83699-0003_melvoc.wav,fake,attack,none,reverb-rt60-0.2,rt60-0.2,IT APPEARED THAT THE TERMS WOULD BE FIVE GUINEAS BUT THERE WAS NO MENTION OF THE LENGTH OF TIME WHICH THAT FEE WOULD COVER,na,na,2428,16000,6.264,test,na
2428-83699-0003_melvoc_reverb-rt60-0.4,data/attacks/reverb-rt60-0.4/2428-83699-0003_melvoc.wav,fake,attack,none,reverb-rt60-0.4,rt60-0.4,IT APPEARED THAT THE TERMS WOULD BE FIVE GUINEAS BUT THERE WAS NO MENTION OF THE LENGTH OF TIME WHICH THAT FEE WOULD COVER,na,na,2428,16000,6.264,test,na
2428-83699-0003_melvoc_reverb-rt60-0.8,data/attacks/reverb-rt60-0.8/2428-83699-0003_melvoc.wav,fake,attack,none,reverb-rt60-0.8,rt60-0.8,IT APPEARED THAT THE TERMS WOULD BE FIVE GUINEAS BUT THERE WAS NO MENTION OF THE LENGTH OF TIME WHICH THAT FEE WOULD COVER,na,na,2428,16000,6.264,test,na
2428-83699-0003_melvoc_speed0.9,data/attacks/speed0.9/2428-83699-0003_melvoc.wav,fake,attack,none,speed0.9,speed0.9,IT APPEARED THAT THE TERMS WOULD BE FIVE GUINEAS BUT THERE WAS NO MENTION OF THE LENGTH OF TIME WHICH THAT FEE WOULD COVER,na,na,2428,16000,6.96,test,na
2428-83699-0003_melvoc_speed1.1,data/attacks/speed1.1/2428-83699-0003_melvoc.wav,fake,attack,none,speed1.1,speed1.1,IT APPEARED THAT THE TERMS WOULD BE FIVE GUINEAS BUT THERE WAS NO MENTION OF THE LENGTH OF TIME WHICH THAT FEE WOULD COVER,na,na,2428,16000,5.695,test,na
2428-83699-0003_pitch_mp3-128k,data/attacks/mp3-128k/2428-83699-0003_pitch.wav,fake,attack,none,mp3-128k,mp3-128k,IT APPEARED THAT THE TERMS WOULD BE FIVE GUINEAS BUT THERE WAS NO MENTION OF THE LENGTH OF TIME WHICH THAT FEE WOULD COVER,na,na,2428,16000,6.267,test,na
2428-83699-0003_pitch_mp3-64k,data/attacks/mp3-64k/2428-83699-0003_pitch.wav,fake,attack,none,mp3-64k,mp3-64k,IT APPEARED THAT THE TERMS WOULD BE FIVE GUINEAS BUT THERE WAS NO MENTION OF THE LENGTH OF TIME WHICH THAT FEE WOULD COVER,na,na,2428,16000,6.267,test,na
2428-83699-0003_pitch_opus-32k,data/attacks/opus-32k/2428-83699-0003_pitch.wav,fake,attack,none,opus-32k,opus-32k,IT APPEARED THAT THE TERMS WOULD BE FIVE GUINEAS BUT THERE WAS NO MENTION OF THE LENGTH OF TIME WHICH THAT FEE WOULD COVER,na,na,2428,16000,6.265,test,na
2428-83699-0003_pitch_g711-8k,data/attacks/g711-8k/2428-83699-0003_pitch.wav,fake,attack,none,g711-8k,g711-8k,IT APPEARED THAT THE TERMS WOULD BE FIVE GUINEAS BUT THERE WAS NO MENTION OF THE LENGTH OF TIME WHICH THAT FEE WOULD COVER,na,na,2428,16000,6.265,test,na
2428-83699-0003_pitch_resample-8k,data/attacks/resample-8k/2428-83699-0003_pitch.wav,fake,attack,none,resample-8k,8k-roundtrip,IT APPEARED THAT THE TERMS WOULD BE FIVE GUINEAS BUT THERE WAS NO MENTION OF THE LENGTH OF TIME WHICH THAT FEE WOULD COVER,na,na,2428,16000,6.265,test,na
2428-83699-0003_pitch_awgn-snr5,data/attacks/awgn-snr5/2428-83699-0003_pitch.wav,fake,attack,none,awgn-snr5,snr5,IT APPEARED THAT THE TERMS WOULD BE FIVE GUINEAS BUT THERE WAS NO MENTION OF THE LENGTH OF TIME WHICH THAT FEE WOULD COVER,na,na,2428,16000,6.265,test,na
2428-83699-0003_pitch_awgn-snr10,data/attacks/awgn-snr10/2428-83699-0003_pitch.wav,fake,attack,none,awgn-snr10,snr10,IT APPEARED THAT THE TERMS WOULD BE FIVE GUINEAS BUT THERE WAS NO MENTION OF THE LENGTH OF TIME WHICH THAT FEE WOULD COVER,na,na,2428,16000,6.265,test,na
2428-83699-0003_pitch_awgn-snr20,data/attacks/awgn-snr20/2428-83699-0003_pitch.wav,fake,attack,none,awgn-snr20,snr20,IT APPEARED THAT THE TERMS WOULD BE FIVE GUINEAS BUT THERE WAS NO MENTION OF THE LENGTH OF TIME WHICH THAT FEE WOULD COVER,na,na,2428,16000,6.265,test,na
2428-83699-0003_pitch_bandpass-300-3400,data/attacks/bandpass-300-3400/2428-83699-0003_pitch.wav,fake,attack,none,bandpass-300-3400,bandpass300-3400,IT APPEARED THAT THE TERMS WOULD BE FIVE GUINEAS BUT THERE WAS NO MENTION OF THE LENGTH OF TIME WHICH THAT FEE WOULD COVER,na,na,2428,16000,6.265,test,na
2428-83699-0003_pitch_reverb-rt60-0.2,data/attacks/reverb-rt60-0.2/2428-83699-0003_pitch.wav,fake,attack,none,reverb-rt60-0.2,rt60-0.2,IT APPEARED THAT THE TERMS WOULD BE FIVE GUINEAS BUT THERE WAS NO MENTION OF THE LENGTH OF TIME WHICH THAT FEE WOULD COVER,na,na,2428,16000,6.265,test,na
2428-83699-0003_pitch_reverb-rt60-0.4,data/attacks/reverb-rt60-0.4/2428-83699-0003_pitch.wav,fake,attack,none,reverb-rt60-0.4,rt60-0.4,IT APPEARED THAT THE TERMS WOULD BE FIVE GUINEAS BUT THERE WAS NO MENTION OF THE LENGTH OF TIME WHICH THAT FEE WOULD COVER,na,na,2428,16000,6.265,test,na
2428-83699-0003_pitch_reverb-rt60-0.8,data/attacks/reverb-rt60-0.8/2428-83699-0003_pitch.wav,fake,attack,none,reverb-rt60-0.8,rt60-0.8,IT APPEARED THAT THE TERMS WOULD BE FIVE GUINEAS BUT THERE WAS NO MENTION OF THE LENGTH OF TIME WHICH THAT FEE WOULD COVER,na,na,2428,16000,6.265,test,na
2428-83699-0003_pitch_speed0.9,data/attacks/speed0.9/2428-83699-0003_pitch.wav,fake,attack,none,speed0.9,speed0.9,IT APPEARED THAT THE TERMS WOULD BE FIVE GUINEAS BUT THERE WAS NO MENTION OF THE LENGTH OF TIME WHICH THAT FEE WOULD COVER,na,na,2428,16000,6.961,test,na
2428-83699-0003_pitch_speed1.1,data/attacks/speed1.1/2428-83699-0003_pitch.wav,fake,attack,none,speed1.1,speed1.1,IT APPEARED THAT THE TERMS WOULD BE FIVE GUINEAS BUT THERE WAS NO MENTION OF THE LENGTH OF TIME WHICH THAT FEE WOULD COVER,na,na,2428,16000,5.695,test,na
2428-83699-0004_formant_mp3-128k,data/attacks/mp3-128k/2428-83699-0004_formant.wav,fake,attack,none,mp3-128k,mp3-128k,THE WHOLE THING WAS A TRIFLE ODD,na,na,2428,16000,1.88,test,na
2428-83699-0004_formant_mp3-64k,data/attacks/mp3-64k/2428-83699-0004_formant.wav,fake,attack,none,mp3-64k,mp3-64k,THE WHOLE THING WAS A TRIFLE ODD,na,na,2428,16000,1.88,test,na
2428-83699-0004_formant_opus-32k,data/attacks/opus-32k/2428-83699-0004_formant.wav,fake,attack,none,opus-32k,opus-32k,THE WHOLE THING WAS A TRIFLE ODD,na,na,2428,16000,1.88,test,na
2428-83699-0004_formant_g711-8k,data/attacks/g711-8k/2428-83699-0004_formant.wav,fake,attack,none,g711-8k,g711-8k,THE WHOLE THING WAS A TRIFLE ODD,na,na,2428,16000,1.88,test,na
2428-83699-0004_formant_resample-8k,data/attacks/resample-8k/2428-83699-0004_formant.wav,fake,attack,none,resample-8k,8k-roundtrip,THE WHOLE THING WAS A TRIFLE ODD,na,na,2428,16000,1.88,test,na
2428-83699-0004_formant_awgn-snr5,data/attacks/awgn-snr5/2428-83699-0004_formant.wav,fake,attack,none,awgn-snr5,snr5,THE WHOLE THING WAS A TRIFLE ODD,na,na,2428,16000,1.88,test,na
2428-83699-0004_formant_awgn-snr10,data/attacks/awgn-snr10/2428-83699-0004_formant.wav,fake,attack,none,awgn-snr10,snr10,THE WHOLE THING WAS A TRIFLE ODD,na,na,2428,16000,1.88,test,na
2428-83699-0004_formant_awgn-snr20,data/attacks/awgn-snr20/2428-83699-0004_formant.wav,fake,attack,none,awgn-snr20,snr20,THE WHOLE THING WAS A TRIFLE ODD,na,na,2428,16000,1.88,test,na
2428-83699-0004_formant_bandpass-300-3400,data/attacks/bandpass-300-3400/2428-83699-0004_formant.wav,fake,attack,none,bandpass-300-3400,bandpass300-3400,THE WHOLE THING WAS A TRIFLE ODD,na,na,2428,16000,1.88,test,na
2428-83699-0004_formant_reverb-rt60-0.2,data/attacks/reverb-rt60-0.2/2428-83699-0004_formant.wav,fake,attack,none,reverb-rt60-0.2,rt60-0.2,THE WHOLE THING WAS A TRIFLE ODD,na,na,2428,16000,1.88,test,na
2428-83699-0004_formant_reverb-rt60-0.4,data/attacks/reverb-rt60-0.4/2428-83699-0004_formant.wav,fake,attack,none,reverb-rt60-0.4,rt60-0.4,THE WHOLE THING WAS A TRIFLE ODD,na,na,2428,16000,1.88,test,na
2428-83699-0004_formant_reverb-rt60-0.8,data/attacks/reverb-rt60-0.8/2428-83699-0004_formant.wav,fake,attack,none,reverb-rt60-0.8,rt60-0.8,THE WHOLE THING WAS A TRIFLE ODD,na,na,2428,16000,1.88,test,na
2428-83699-0004_formant_speed0.9,data/attacks/speed0.9/2428-83699-0004_formant.wav,fake,attack,none,speed0.9,speed0.9,THE WHOLE THING WAS A TRIFLE ODD,na,na,2428,16000,2.089,test,na
2428-83699-0004_formant_speed1.1,data/attacks/speed1.1/2428-83699-0004_formant.wav,fake,attack,none,speed1.1,speed1.1,THE WHOLE THING WAS A TRIFLE ODD,na,na,2428,16000,1.709,test,na
2428-83699-0004_melvoc_mp3-128k,data/attacks/mp3-128k/2428-83699-0004_melvoc.wav,fake,attack,none,mp3-128k,mp3-128k,THE WHOLE THING WAS A TRIFLE ODD,na,na,2428,16000,1.88,test,na
2428-83699-0004_melvoc_mp3-64k,data/attacks/mp3-64k/2428-83699-0004_melvoc.wav,fake,attack,none,mp3-64k,mp3-64k,THE WHOLE THING WAS A TRIFLE ODD,na,na,2428,16000,1.88,test,na
2428-83699-0004_melvoc_opus-32k,data/attacks/opus-32k/2428-83699-0004_melvoc.wav,fake,attack,none,opus-32k,opus-32k,THE WHOLE THING WAS A TRIFLE ODD,na,na,2428,16000,1.88,test,na
2428-83699-0004_melvoc_g711-8k,data/attacks/g711-8k/2428-83699-0004_melvoc.wav,fake,attack,none,g711-8k,g711-8k,THE WHOLE THING WAS A TRIFLE ODD,na,na,2428,16000,1.88,test,na
2428-83699-0004_melvoc_resample-8k,data/attacks/resample-8k/2428-83699-0004_melvoc.wav,fake,attack,none,resample-8k,8k-roundtrip,THE WHOLE THING WAS A TRIFLE ODD,na,na,2428,16000,1.88,test,na
2428-83699-0004_melvoc_awgn-snr5,data/attacks/awgn-snr5/2428-83699-0004_melvoc.wav,fake,attack,none,awgn-snr5,snr5,THE WHOLE THING WAS A TRIFLE ODD,na,na,2428,16000,1.88,test,na
2428-83699-0004_melvoc_awgn-snr10,data/attacks/awgn-snr10/2428-83699-0004_melvoc.wav,fake,attack,none,awgn-snr10,snr10,THE WHOLE THING WAS A TRIFLE ODD,na,na,2428,16000,1.88,test,na
2428-83699-0004_melvoc_awgn-snr20,data/attacks/awgn-snr20/2428-83699-0004_melvoc.wav,fake,attack,none,awgn-snr20,snr20,THE WHOLE THING WAS A TRIFLE ODD,na,na,2428,16000,1.88,test,na
2428-83699-0004_melvoc_bandpass-300-3400,data/attacks/bandpass-300-3400/2428-83699-0004_melvoc.wav,fake,attack,none,bandpass-300-3400,bandpass300-3400,THE WHOLE THING WAS A TRIFLE ODD,na,na,2428,16000,1.88,test,na
2428-83699-0004_melvoc_reverb-rt60-0.2,data/attacks/reverb-rt60-0.2/2428-83699-0004_melvoc.wav,fake,attack,none,reverb-rt60-0.2,rt60-0.2,THE WHOLE THING WAS A TRIFLE ODD,na,na,2428,16000,1.88,test,na
2428-83699-0004_melvoc_reverb-rt60-0.4,data/attacks/reverb-rt60-0.4/2428-83699-0004_melvoc.wav,fake,attack,none,reverb-rt60-0.4,rt60-0.4,THE WHOLE THING WAS A TRIFLE ODD,na,na,2428,16000,1.88,test,na
2428-83699-0004_melvoc_reverb-rt60-0.8,data/attacks/reverb-rt60-0.8/2428-83699-0004_melvoc.wav,fake,attack,none,reverb-rt60-0.8,rt60-0.8,THE WHOLE THING WAS A TRIFLE ODD,na,na,2428,16000,1.88,test,na
2428-83699-0004_melvoc_speed0.9,data/attacks/speed0.9/2428-83699-0004_melvoc.wav,fake,attack,none,speed0.9,speed0.9,THE WHOLE THING WAS A TRIFLE ODD,na,na,2428,16000,2.089,test,na
2428-83699-0004_melvoc_speed1.1,data/attacks/speed1.1/2428-83699-0004_melvoc.wav,fake,attack,none,speed1.1,speed1.1,THE WHOLE THING WAS A TRIFLE ODD,na,na,2428,16000,1.709,test,na
2428-83699-0004_pitch_mp3-128k,data/attacks/mp3-128k/2428-83699-0004_pitch.wav,fake,attack,none,mp3-128k,mp3-128k,THE WHOLE THING WAS A TRIFLE ODD,na,na,2428,16000,1.88,test,na
2428-83699-0004_pitch_mp3-64k,data/attacks/mp3-64k/2428-83699-0004_pitch.wav,fake,attack,none,mp3-64k,mp3-64k,THE WHOLE THING WAS A TRIFLE ODD,na,na,2428,16000,1.88,test,na
2428-83699-0004_pitch_opus-32k,data/attacks/opus-32k/2428-83699-0004_pitch.wav,fake,attack,none,opus-32k,opus-32k,THE WHOLE THING WAS A TRIFLE ODD,na,na,2428,16000,1.88,test,na
2428-83699-0004_pitch_g711-8k,data/attacks/g711-8k/2428-83699-0004_pitch.wav,fake,attack,none,g711-8k,g711-8k,THE WHOLE THING WAS A TRIFLE ODD,na,na,2428,16000,1.88,test,na
2428-83699-0004_pitch_resample-8k,data/attacks/resample-8k/2428-83699-0004_pitch.wav,fake,attack,none,resample-8k,8k-roundtrip,THE WHOLE THING WAS A TRIFLE ODD,na,na,2428,16000,1.88,test,na
2428-83699-0004_pitch_awgn-snr5,data/attacks/awgn-snr5/2428-83699-0004_pitch.wav,fake,attack,none,awgn-snr5,snr5,THE WHOLE THING WAS A TRIFLE ODD,na,na,2428,16000,1.88,test,na
2428-83699-0004_pitch_awgn-snr10,data/attacks/awgn-snr10/2428-83699-0004_pitch.wav,fake,attack,none,awgn-snr10,snr10,THE WHOLE THING WAS A TRIFLE ODD,na,na,2428,16000,1.88,test,na
2428-83699-0004_pitch_awgn-snr20,data/attacks/awgn-snr20/2428-83699-0004_pitch.wav,fake,attack,none,awgn-snr20,snr20,THE WHOLE THING WAS A TRIFLE ODD,na,na,2428,16000,1.88,test,na
2428-83699-0004_pitch_bandpass-300-3400,data/attacks/bandpass-300-3400/2428-83699-0004_pitch.wav,fake,attack,none,bandpass-300-3400,bandpass300-3400,THE WHOLE THING WAS A TRIFLE ODD,na,na,2428,16000,1.88,test,na
2428-83699-0004_pitch_reverb-rt60-0.2,data/attacks/reverb-rt60-0.2/2428-83699-0004_pitch.wav,fake,attack,none,reverb-rt60-0.2,rt60-0.2,THE WHOLE THING WAS A TRIFLE ODD,na,na,2428,16000,1.88,test,na
2428-83699-0004_pitch_reverb-rt60-0.4,data/attacks/reverb-rt60-0.4/2428-83699-0004_pitch.wav,fake,attack,none,reverb-rt60-0.4,rt60-0.4,THE WHOLE THING WAS A TRIFLE ODD,na,na,2428,16000,1.88,test,na
2428-83699-0004_pitch_reverb-rt60-0.8,data/attacks/reverb-rt60-0.8/2428-83699-0004_pitch.wav,fake,attack,none,reverb-rt60-0.8,rt60-0.8,THE WHOLE THING WAS A TRIFLE ODD,na,na,2428,16000,1.88,test,na
2428-83699-0004_pitch_speed0.9,data/attacks/speed0.9/2428-83699-0004_pitch.wav,fake,attack,none,speed0.9,speed0.9,THE WHOLE THING WAS A TRIFLE ODD,na,na,2428,16000,2.089,test,na
2428-83699-0004_pitch_speed1.1,data/attacks/speed1.1/2428-83699-0004_pitch.wav,fake,attack,none,speed1.1,speed1.1,THE WHOLE THING WAS A TRIFLE ODD,na,na,2428,16000,1.709,test,na
2428-83699-0005_formant_mp3-128k,data/attacks/mp3-128k/2428-83699-0005_formant.wav,fake,attack,none,mp3-128k,mp3-128k,THERE WAS NOTHING SAID ABOUT THE SORT OF ACCOMMODATION WHICH WOULD BE PROVIDED NOTHING ABOUT THE KIND OF ESTABLISHMENT WHICH WAS MAINTAINED OR THE TABLE WHICH WAS KEPT,na,na,2428,16000,9.09,test,na
2428-83699-0005_formant_mp3-64k,data/attacks/mp3-64k/2428-83699-0005_formant.wav,fake,attack,none,mp3-64k,mp3-64k,THERE WAS NOTHING SAID ABOUT THE SORT OF ACCOMMODATION WHICH WOULD BE PROVIDED NOTHING ABOUT THE KIND OF ESTABLISHMENT WHICH WAS MAINTAINED OR THE TABLE WHICH WAS KEPT,na,na,2428,16000,9.09,test,na
2428-83699-0005_formant_opus-32k,data/attacks/opus-32k/2428-83699-0005_formant.wav,fake,attack,none,opus-32k,opus-32k,THERE WAS NOTHING SAID ABOUT THE SORT OF ACCOMMODATION WHICH WOULD BE PROVIDED NOTHING ABOUT THE KIND OF ESTABLISHMENT WHICH WAS MAINTAINED OR THE TABLE WHICH WAS KEPT,na,na,2428,16000,9.09,test,na
2428-83699-0005_formant_g711-8k,data/attacks/g711-8k/2428-83699-0005_formant.wav,fake,attack,none,g711-8k,g711-8k,THERE WAS NOTHING SAID ABOUT THE SORT OF ACCOMMODATION WHICH WOULD BE PROVIDED NOTHING ABOUT THE KIND OF ESTABLISHMENT WHICH WAS MAINTAINED OR THE TABLE WHICH WAS KEPT,na,na,2428,16000,9.09,test,na
2428-83699-0005_formant_resample-8k,data/attacks/resample-8k/2428-83699-0005_formant.wav,fake,attack,none,resample-8k,8k-roundtrip,THERE WAS NOTHING SAID ABOUT THE SORT OF ACCOMMODATION WHICH WOULD BE PROVIDED NOTHING ABOUT THE KIND OF ESTABLISHMENT WHICH WAS MAINTAINED OR THE TABLE WHICH WAS KEPT,na,na,2428,16000,9.09,test,na
2428-83699-0005_formant_awgn-snr5,data/attacks/awgn-snr5/2428-83699-0005_formant.wav,fake,attack,none,awgn-snr5,snr5,THERE WAS NOTHING SAID ABOUT THE SORT OF ACCOMMODATION WHICH WOULD BE PROVIDED NOTHING ABOUT THE KIND OF ESTABLISHMENT WHICH WAS MAINTAINED OR THE TABLE WHICH WAS KEPT,na,na,2428,16000,9.09,test,na
2428-83699-0005_formant_awgn-snr10,data/attacks/awgn-snr10/2428-83699-0005_formant.wav,fake,attack,none,awgn-snr10,snr10,THERE WAS NOTHING SAID ABOUT THE SORT OF ACCOMMODATION WHICH WOULD BE PROVIDED NOTHING ABOUT THE KIND OF ESTABLISHMENT WHICH WAS MAINTAINED OR THE TABLE WHICH WAS KEPT,na,na,2428,16000,9.09,test,na
2428-83699-0005_formant_awgn-snr20,data/attacks/awgn-snr20/2428-83699-0005_formant.wav,fake,attack,none,awgn-snr20,snr20,THERE WAS NOTHING SAID ABOUT THE SORT OF ACCOMMODATION WHICH WOULD BE PROVIDED NOTHING ABOUT THE KIND OF ESTABLISHMENT WHICH WAS MAINTAINED OR THE TABLE WHICH WAS KEPT,na,na,2428,16000,9.09,test,na
2428-83699-0005_formant_bandpass-300-3400,data/attacks/bandpass-300-3400/2428-83699-0005_formant.wav,fake,attack,none,bandpass-300-3400,bandpass300-3400,THERE WAS NOTHING SAID ABOUT THE SORT OF ACCOMMODATION WHICH WOULD BE PROVIDED NOTHING ABOUT THE KIND OF ESTABLISHMENT WHICH WAS MAINTAINED OR THE TABLE WHICH WAS KEPT,na,na,2428,16000,9.09,test,na
2428-83699-0005_formant_reverb-rt60-0.2,data/attacks/reverb-rt60-0.2/2428-83699-0005_formant.wav,fake,attack,none,reverb-rt60-0.2,rt60-0.2,THERE WAS NOTHING SAID ABOUT THE SORT OF ACCOMMODATION WHICH WOULD BE PROVIDED NOTHING ABOUT THE KIND OF ESTABLISHMENT WHICH WAS MAINTAINED OR THE TABLE WHICH WAS KEPT,na,na,2428,16000,9.09,test,na
2428-83699-0005_formant_reverb-rt60-0.4,data/attacks/reverb-rt60-0.4/2428-83699-0005_formant.wav,fake,attack,none,reverb-rt60-0.4,rt60-0.4,THERE WAS NOTHING SAID ABOUT THE SORT OF ACCOMMODATION WHICH WOULD BE PROVIDED NOTHING ABOUT THE KIND OF ESTABLISHMENT WHICH WAS MAINTAINED OR THE TABLE WHICH WAS KEPT,na,na,2428,16000,9.09,test,na
2428-83699-0005_formant_reverb-rt60-0.8,data/attacks/reverb-rt60-0.8/2428-83699-0005_formant.wav,fake,attack,none,reverb-rt60-0.8,rt60-0.8,THERE WAS NOTHING SAID ABOUT THE SORT OF ACCOMMODATION WHICH WOULD BE PROVIDED NOTHING ABOUT THE KIND OF ESTABLISHMENT WHICH WAS MAINTAINED OR THE TABLE WHICH WAS KEPT,na,na,2428,16000,9.09,test,na
2428-83699-0005_formant_speed0.9,data/attacks/speed0.9/2428-83699-0005_formant.wav,fake,attack,none,speed0.9,speed0.9,THERE WAS NOTHING SAID ABOUT THE SORT OF ACCOMMODATION WHICH WOULD BE PROVIDED NOTHING ABOUT THE KIND OF ESTABLISHMENT WHICH WAS MAINTAINED OR THE TABLE WHICH WAS KEPT,na,na,2428,16000,10.1,test,na
2428-83699-0005_formant_speed1.1,data/attacks/speed1.1/2428-83699-0005_formant.wav,fake,attack,none,speed1.1,speed1.1,THERE WAS NOTHING SAID ABOUT THE SORT OF ACCOMMODATION WHICH WOULD BE PROVIDED NOTHING ABOUT THE KIND OF ESTABLISHMENT WHICH WAS MAINTAINED OR THE TABLE WHICH WAS KEPT,na,na,2428,16000,8.264,test,na
2428-83699-0005_melvoc_mp3-128k,data/attacks/mp3-128k/2428-83699-0005_melvoc.wav,fake,attack,none,mp3-128k,mp3-128k,THERE WAS NOTHING SAID ABOUT THE SORT OF ACCOMMODATION WHICH WOULD BE PROVIDED NOTHING ABOUT THE KIND OF ESTABLISHMENT WHICH WAS MAINTAINED OR THE TABLE WHICH WAS KEPT,na,na,2428,16000,9.088,test,na
2428-83699-0005_melvoc_mp3-64k,data/attacks/mp3-64k/2428-83699-0005_melvoc.wav,fake,attack,none,mp3-64k,mp3-64k,THERE WAS NOTHING SAID ABOUT THE SORT OF ACCOMMODATION WHICH WOULD BE PROVIDED NOTHING ABOUT THE KIND OF ESTABLISHMENT WHICH WAS MAINTAINED OR THE TABLE WHICH WAS KEPT,na,na,2428,16000,9.088,test,na
2428-83699-0005_melvoc_opus-32k,data/attacks/opus-32k/2428-83699-0005_melvoc.wav,fake,attack,none,opus-32k,opus-32k,THERE WAS NOTHING SAID ABOUT THE SORT OF ACCOMMODATION WHICH WOULD BE PROVIDED NOTHING ABOUT THE KIND OF ESTABLISHMENT WHICH WAS MAINTAINED OR THE TABLE WHICH WAS KEPT,na,na,2428,16000,9.088,test,na
2428-83699-0005_melvoc_g711-8k,data/attacks/g711-8k/2428-83699-0005_melvoc.wav,fake,attack,none,g711-8k,g711-8k,THERE WAS NOTHING SAID ABOUT THE SORT OF ACCOMMODATION WHICH WOULD BE PROVIDED NOTHING ABOUT THE KIND OF ESTABLISHMENT WHICH WAS MAINTAINED OR THE TABLE WHICH WAS KEPT,na,na,2428,16000,9.088,test,na
2428-83699-0005_melvoc_resample-8k,data/attacks/resample-8k/2428-83699-0005_melvoc.wav,fake,attack,none,resample-8k,8k-roundtrip,THERE WAS NOTHING SAID ABOUT THE SORT OF ACCOMMODATION WHICH WOULD BE PROVIDED NOTHING ABOUT THE KIND OF ESTABLISHMENT WHICH WAS MAINTAINED OR THE TABLE WHICH WAS KEPT,na,na,2428,16000,9.088,test,na
2428-83699-0005_melvoc_awgn-snr5,data/attacks/awgn-snr5/2428-83699-0005_melvoc.wav,fake,attack,none,awgn-snr5,snr5,THERE WAS NOTHING SAID ABOUT THE SORT OF ACCOMMODATION WHICH WOULD BE PROVIDED NOTHING ABOUT THE KIND OF ESTABLISHMENT WHICH WAS MAINTAINED OR THE TABLE WHICH WAS KEPT,na,na,2428,16000,9.088,test,na
2428-83699-0005_melvoc_awgn-snr10,data/attacks/awgn-snr10/2428-83699-0005_melvoc.wav,fake,attack,none,awgn-snr10,snr10,THERE WAS NOTHING SAID ABOUT THE SORT OF ACCOMMODATION WHICH WOULD BE PROVIDED NOTHING ABOUT THE KIND OF ESTABLISHMENT WHICH WAS MAINTAINED OR THE TABLE WHICH WAS KEPT,na,na,2428,16000,9.088,test,na
2428-83699-0005_melvoc_awgn-snr20,data/attacks/awgn-snr20/2428-83699-0005_melvoc.wav,fake,attack,none,awgn-snr20,snr20,THERE WAS NOTHING SAID ABOUT THE SORT OF ACCOMMODATION WHICH WOULD BE PROVIDED NOTHING ABOUT THE KIND OF ESTABLISHMENT WHICH WAS MAINTAINED OR THE TABLE WHICH WAS KEPT,na,na,2428,16000,9.088,test,na
2428-83699-0005_melvoc_bandpass-300-3400,data/attacks/bandpass-300-3400/2428-83699-0005_melvoc.wav,fake,attack,none,bandpass-300-3400,bandpass300-3400,THERE WAS NOTHING SAID ABOUT THE SORT OF ACCOMMODATION WHICH WOULD BE PROVIDED NOTHING ABOUT THE KIND OF ESTABLISHMENT WHICH WAS MAINTAINED OR THE TABLE WHICH WAS KEPT,na,na,2428,16000,9.088,test,na
2428-83699-0005_melvoc_reverb-rt60-0.2,data/attacks/reverb-rt60-0.2/2428-83699-0005_melvoc.wav,fake,attack,none,reverb-rt60-0.2,rt60-0.2,THERE WAS NOTHING SAID ABOUT THE SORT OF ACCOMMODATION WHICH WOULD BE PROVIDED NOTHING ABOUT THE KIND OF ESTABLISHMENT WHICH WAS MAINTAINED OR THE TABLE WHICH WAS KEPT,na,na,2428,16000,9.088,test,na
2428-83699-0005_melvoc_reverb-rt60-0.4,data/attacks/reverb-rt60-0.4/2428-83699-0005_melvoc.wav,fake,attack,none,reverb-rt60-0.4,rt60-0.4,THERE WAS NOTHING SAID ABOUT THE SORT OF ACCOMMODATION WHICH WOULD BE PROVIDED NOTHING ABOUT THE KIND OF ESTABLISHMENT WHICH WAS MAINTAINED OR THE TABLE WHICH WAS KEPT,na,na,2428,16000,9.088,test,na
2428-83699-0005_melvoc_reverb-rt60-0.8,data/attacks/reverb-rt60-0.8/2428-83699-0005_melvoc.wav,fake,attack,none,reverb-rt60-0.8,rt60-0.8,THERE WAS NOTHING SAID ABOUT THE SORT OF ACCOMMODATION WHICH WOULD BE PROVIDED NOTHING ABOUT THE KIND OF ESTABLISHMENT WHICH WAS MAINTAINED OR THE TABLE WHICH WAS KEPT,na,na,2428,16000,9.088,test,na
2428-83699-0005_melvoc_speed0.9,data/attacks/speed0.9/2428-83699-0005_melvoc.wav,fake,attack,none,speed0.9,speed0.9,THERE WAS NOTHING SAID ABOUT THE SORT OF ACCOMMODATION WHICH WOULD BE PROVIDED NOTHING ABOUT THE KIND OF ESTABLISHMENT WHICH WAS MAINTAINED OR THE TABLE WHICH WAS KEPT,na,na,2428,16000,10.098,test,na
2428-83699-0005_melvoc_speed1.1,data/attacks/speed1.1/2428-83699-0005_melvoc.wav,fake,attack,none,speed1.1,speed1.1,THERE WAS NOTHING SAID ABOUT THE SORT OF ACCOMMODATION WHICH WOULD BE PROVIDED NOTHING ABOUT THE KIND OF ESTABLISHMENT WHICH WAS MAINTAINED OR THE TABLE WHICH WAS KEPT,na,na,2428,16000,8.262,test,na
2428-83699-0005_pitch_mp3-128k,data/attacks/mp3-128k/2428-83699-0005_pitch.wav,fake,attack,none,mp3-128k,mp3-128k,THERE WAS NOTHING SAID ABOUT THE SORT OF ACCOMMODATION WHICH WOULD BE PROVIDED NOTHING ABOUT THE KIND OF ESTABLISHMENT WHICH WAS MAINTAINED OR THE TABLE WHICH WAS KEPT,na,na,2428,16000,9.09,test,na
2428-83699-0005_pitch_mp3-64k,data/attacks/mp3-64k/2428-83699-0005_pitch.wav,fake,attack,none,mp3-64k,mp3-64k,THERE WAS NOTHING SAID ABOUT THE SORT OF ACCOMMODATION WHICH WOULD BE PROVIDED NOTHING ABOUT THE KIND OF ESTABLISHMENT WHICH WAS MAINTAINED OR THE TABLE WHICH WAS KEPT,na,na,2428,16000,9.09,test,na
2428-83699-0005_pitch_opus-32k,data/attacks/opus-32k/2428-83699-0005_pitch.wav,fake,attack,none,opus-32k,opus-32k,THERE WAS NOTHING SAID ABOUT THE SORT OF ACCOMMODATION WHICH WOULD BE PROVIDED NOTHING ABOUT THE KIND OF ESTABLISHMENT WHICH WAS MAINTAINED OR THE TABLE WHICH WAS KEPT,na,na,2428,16000,9.09,test,na
2428-83699-0005_pitch_g711-8k,data/attacks/g711-8k/2428-83699-0005_pitch.wav,fake,attack,none,g711-8k,g711-8k,THERE WAS NOTHING SAID ABOUT THE SORT OF ACCOMMODATION WHICH WOULD BE PROVIDED NOTHING ABOUT THE KIND OF ESTABLISHMENT WHICH WAS MAINTAINED OR THE TABLE WHICH WAS KEPT,na,na,2428,16000,9.09,test,na
2428-83699-0005_pitch_resample-8k,data/attacks/resample-8k/2428-83699-0005_pitch.wav,fake,attack,none,resample-8k,8k-roundtrip,THERE WAS NOTHING SAID ABOUT THE SORT OF ACCOMMODATION WHICH WOULD BE PROVIDED NOTHING ABOUT THE KIND OF ESTABLISHMENT WHICH WAS MAINTAINED OR THE TABLE WHICH WAS KEPT,na,na,2428,16000,9.09,test,na
2428-83699-0005_pitch_awgn-snr5,data/attacks/awgn-snr5/2428-83699-0005_pitch.wav,fake,attack,none,awgn-snr5,snr5,THERE WAS NOTHING SAID ABOUT THE SORT OF ACCOMMODATION WHICH WOULD BE PROVIDED NOTHING ABOUT THE KIND OF ESTABLISHMENT WHICH WAS MAINTAINED OR THE TABLE WHICH WAS KEPT,na,na,2428,16000,9.09,test,na
2428-83699-0005_pitch_awgn-snr10,data/attacks/awgn-snr10/2428-83699-0005_pitch.wav,fake,attack,none,awgn-snr10,snr10,THERE WAS NOTHING SAID ABOUT THE SORT OF ACCOMMODATION WHICH WOULD BE PROVIDED NOTHING ABOUT THE KIND OF ESTABLISHMENT WHICH WAS MAINTAINED OR THE TABLE WHICH WAS KEPT,na,na,2428,16000,9.09,test,na
2428-83699-0005_pitch_awgn-snr20,data/attacks/awgn-snr20/2428-83699-0005_pitch.wav,fake,attack,none,awgn-snr20,snr20,THERE WAS NOTHING SAID ABOUT THE SORT OF ACCOMMODATION WHICH WOULD BE PROVIDED NOTHING ABOUT THE KIND OF ESTABLISHMENT WHICH WAS MAINTAINED OR THE TABLE WHICH WAS KEPT,na,na,2428,16000,9.09,test,na
2428-83699-0005_pitch_bandpass-300-3400,data/attacks/bandpass-300-3400/2428-83699-0005_pitch.wav,fake,attack,none,bandpass-300-3400,bandpass300-3400,THERE WAS NOTHING SAID ABOUT THE SORT OF ACCOMMODATION WHICH WOULD BE PROVIDED NOTHING ABOUT THE KIND OF ESTABLISHMENT WHICH WAS MAINTAINED OR THE TABLE WHICH WAS KEPT,na,na,2428,16000,9.09,test,na
2428-83699-0005_pitch_reverb-rt60-0.2,data/attacks/reverb-rt60-0.2/2428-83699-0005_pitch.wav,fake,attack,none,reverb-rt60-0.2,rt60-0.2,THERE WAS NOTHING SAID ABOUT THE SORT OF ACCOMMODATION WHICH WOULD BE PROVIDED NOTHING ABOUT THE KIND OF ESTABLISHMENT WHICH WAS MAINTAINED OR THE TABLE WHICH WAS KEPT,na,na,2428,16000,9.09,test,na
2428-83699-0005_pitch_reverb-rt60-0.4,data/attacks/reverb-rt60-0.4/2428-83699-0005_pitch.wav,fake,attack,none,reverb-rt60-0.4,rt60-0.4,THERE WAS NOTHING SAID ABOUT THE SORT OF ACCOMMODATION WHICH WOULD BE PROVIDED NOTHING ABOUT THE KIND OF ESTABLISHMENT WHICH WAS MAINTAINED OR THE TABLE WHICH WAS KEPT,na,na,2428,16000,9.09,test,na
2428-83699-0005_pitch_reverb-rt60-0.8,data/attacks/reverb-rt60-0.8/2428-83699-0005_pitch.wav,fake,attack,none,reverb-rt60-0.8,rt60-0.8,THERE WAS NOTHING SAID ABOUT THE SORT OF ACCOMMODATION WHICH WOULD BE PROVIDED NOTHING ABOUT THE KIND OF ESTABLISHMENT WHICH WAS MAINTAINED OR THE TABLE WHICH WAS KEPT,na,na,2428,16000,9.09,test,na
2428-83699-0005_pitch_speed0.9,data/attacks/speed0.9/2428-83699-0005_pitch.wav,fake,attack,none,speed0.9,speed0.9,THERE WAS NOTHING SAID ABOUT THE SORT OF ACCOMMODATION WHICH WOULD BE PROVIDED NOTHING ABOUT THE KIND OF ESTABLISHMENT WHICH WAS MAINTAINED OR THE TABLE WHICH WAS KEPT,na,na,2428,16000,10.1,test,na
2428-83699-0005_pitch_speed1.1,data/attacks/speed1.1/2428-83699-0005_pitch.wav,fake,attack,none,speed1.1,speed1.1,THERE WAS NOTHING SAID ABOUT THE SORT OF ACCOMMODATION WHICH WOULD BE PROVIDED NOTHING ABOUT THE KIND OF ESTABLISHMENT WHICH WAS MAINTAINED OR THE TABLE WHICH WAS KEPT,na,na,2428,16000,8.264,test,na
2428-83699-0006_formant_mp3-128k,data/attacks/mp3-128k/2428-83699-0006_formant.wav,fake,attack,none,mp3-128k,mp3-128k,NOW IT IS A REMARKABLE THING THAT I HAVE ALWAYS HAD AN EXTRAORDINARY PREDILECTION FOR THE NAME MADGE I DO NOT KNOW WHY,na,na,2428,16000,6.825,test,na
2428-83699-0006_formant_mp3-64k,data/attacks/mp3-64k/2428-83699-0006_formant.wav,fake,attack,none,mp3-64k,mp3-64k,NOW IT IS A REMARKABLE THING THAT I HAVE ALWAYS HAD AN EXTRAORDINARY PREDILECTION FOR THE NAME MADGE I DO NOT KNOW WHY,na,na,2428,16000,6.825,test,na
2428-83699-0006_formant_opus-32k,data/attacks/opus-32k/2428-83699-0006_formant.wav,fake,attack,none,opus-32k,opus-32k,NOW IT IS A REMARKABLE THING THAT I HAVE ALWAYS HAD AN EXTRAORDINARY PREDILECTION FOR THE NAME MADGE I DO NOT KNOW WHY,na,na,2428,16000,6.825,test,na
2428-83699-0006_formant_g711-8k,data/attacks/g711-8k/2428-83699-0006_formant.wav,fake,attack,none,g711-8k,g711-8k,NOW IT IS A REMARKABLE THING THAT I HAVE ALWAYS HAD AN EXTRAORDINARY PREDILECTION FOR THE NAME MADGE I DO NOT KNOW WHY,na,na,2428,16000,6.825,test,na
2428-83699-0006_formant_resample-8k,data/attacks/resample-8k/2428-83699-0006_formant.wav,fake,attack,none,resample-8k,8k-roundtrip,NOW IT IS A REMARKABLE THING THAT I HAVE ALWAYS HAD AN EXTRAORDINARY PREDILECTION FOR THE NAME MADGE I DO NOT KNOW WHY,na,na,2428,16000,6.825,test,na
2428-83699-0006_formant_awgn-snr5,data/attacks/awgn-snr5/2428-83699-0006_formant.wav,fake,attack,none,awgn-snr5,snr5,NOW IT IS A REMARKABLE THING THAT I HAVE ALWAYS HAD AN EXTRAORDINARY PREDILECTION FOR THE NAME MADGE I DO NOT KNOW WHY,na,na,2428,16000,6.825,test,na
2428-83699-0006_formant_awgn-snr10,data/attacks/awgn-snr10/2428-83699-0006_formant.wav,fake,attack,none,awgn-snr10,snr10,NOW IT IS A REMARKABLE THING THAT I HAVE ALWAYS HAD AN EXTRAORDINARY PREDILECTION FOR THE NAME MADGE I DO NOT KNOW WHY,na,na,2428,16000,6.825,test,na
2428-83699-0006_formant_awgn-snr20,data/attacks/awgn-snr20/2428-83699-0006_formant.wav,fake,attack,none,awgn-snr20,snr20,NOW IT IS A REMARKABLE THING THAT I HAVE ALWAYS HAD AN EXTRAORDINARY PREDILECTION FOR THE NAME MADGE I DO NOT KNOW WHY,na,na,2428,16000,6.825,test,na
2428-83699-0006_formant_bandpass-300-3400,data/attacks/bandpass-300-3400/2428-83699-0006_formant.wav,fake,attack,none,bandpass-300-3400,bandpass300-3400,NOW IT IS A REMARKABLE THING THAT I HAVE ALWAYS HAD AN EXTRAORDINARY PREDILECTION FOR THE NAME MADGE I DO NOT KNOW WHY,na,na,2428,16000,6.825,test,na
2428-83699-0006_formant_reverb-rt60-0.2,data/attacks/reverb-rt60-0.2/2428-83699-0006_formant.wav,fake,attack,none,reverb-rt60-0.2,rt60-0.2,NOW IT IS A REMARKABLE THING THAT I HAVE ALWAYS HAD AN EXTRAORDINARY PREDILECTION FOR THE NAME MADGE I DO NOT KNOW WHY,na,na,2428,16000,6.825,test,na
2428-83699-0006_formant_reverb-rt60-0.4,data/attacks/reverb-rt60-0.4/2428-83699-0006_formant.wav,fake,attack,none,reverb-rt60-0.4,rt60-0.4,NOW IT IS A REMARKABLE THING THAT I HAVE ALWAYS HAD AN EXTRAORDINARY PREDILECTION FOR THE NAME MADGE I DO NOT KNOW WHY,na,na,2428,16000,6.825,test,na
2428-83699-0006_formant_reverb-rt60-0.8,data/attacks/reverb-rt60-0.8/2428-83699-0006_formant.wav,fake,attack,none,reverb-rt60-0.8,rt60-0.8,NOW IT IS A REMARKABLE THING THAT I HAVE ALWAYS HAD AN EXTRAORDINARY PREDILECTION FOR THE NAME MADGE I DO NOT KNOW WHY,na,na,2428,16000,6.825,test,na
2428-83699-0006_formant_speed0.9,data/attacks/speed0.9/2428-83699-0006_formant.wav,fake,attack,none,speed0.9,speed0.9,NOW IT IS A REMARKABLE THING THAT I HAVE ALWAYS HAD AN EXTRAORDINARY PREDILECTION FOR THE NAME MADGE I DO NOT KNOW WHY,na,na,2428,16000,7.583,test,na
2428-83699-0006_formant_speed1.1,data/attacks/speed1.1/2428-83699-0006_formant.wav,fake,attack,none,speed1.1,speed1.1,NOW IT IS A REMARKABLE THING THAT I HAVE ALWAYS HAD AN EXTRAORDINARY PREDILECTION FOR THE NAME MADGE I DO NOT KNOW WHY,na,na,2428,16000,6.205,test,na
2428-83699-0006_melvoc_mp3-128k,data/attacks/mp3-128k/2428-83699-0006_melvoc.wav,fake,attack,none,mp3-128k,mp3-128k,NOW IT IS A REMARKABLE THING THAT I HAVE ALWAYS HAD AN EXTRAORDINARY PREDILECTION FOR THE NAME MADGE I DO NOT KNOW WHY,na,na,2428,16000,6.824,test,na
2428-83699-0006_melvoc_mp3-64k,data/attacks/mp3-64k/2428-83699-0006_melvoc.wav,fake,attack,none,mp3-64k,mp3-64k,NOW IT IS A REMARKABLE THING THAT I HAVE ALWAYS HAD AN EXTRAORDINARY PREDILECTION FOR THE NAME MADGE I DO NOT KNOW WHY,na,na,2428,16000,6.824,test,na
2428-83699-0006_melvoc_opus-32k,data/attacks/opus-32k/2428-83699-0006_melvoc.wav,fake,attack,none,opus-32k,opus-32k,NOW IT IS A REMARKABLE THING THAT I HAVE ALWAYS HAD AN EXTRAORDINARY PREDILECTION FOR THE NAME MADGE I DO NOT KNOW WHY,na,na,2428,16000,6.824,test,na
2428-83699-0006_melvoc_g711-8k,data/attacks/g711-8k/2428-83699-0006_melvoc.wav,fake,attack,none,g711-8k,g711-8k,NOW IT IS A REMARKABLE THING THAT I HAVE ALWAYS HAD AN EXTRAORDINARY PREDILECTION FOR THE NAME MADGE I DO NOT KNOW WHY,na,na,2428,16000,6.824,test,na
2428-83699-0006_melvoc_resample-8k,data/attacks/resample-8k/2428-83699-0006_melvoc.wav,fake,attack,none,resample-8k,8k-roundtrip,NOW IT IS A REMARKABLE THING THAT I HAVE ALWAYS HAD AN EXTRAORDINARY PREDILECTION FOR THE NAME MADGE I DO NOT KNOW WHY,na,na,2428,16000,6.824,test,na
2428-83699-0006_melvoc_awgn-snr5,data/attacks/awgn-snr5/2428-83699-0006_melvoc.wav,fake,attack,none,awgn-snr5,snr5,NOW IT IS A REMARKABLE THING THAT I HAVE ALWAYS HAD AN EXTRAORDINARY PREDILECTION FOR THE NAME MADGE I DO NOT KNOW WHY,na,na,2428,16000,6.824,test,na
2428-83699-0006_melvoc_awgn-snr10,data/attacks/awgn-snr10/2428-83699-0006_melvoc.wav,fake,attack,none,awgn-snr10,snr10,NOW IT IS A REMARKABLE THING THAT I HAVE ALWAYS HAD AN EXTRAORDINARY PREDILECTION FOR THE NAME MADGE I DO NOT KNOW WHY,na,na,2428,16000,6.824,test,na
2428-83699-0006_melvoc_awgn-snr20,data/attacks/awgn-snr20/2428-83699-0006_melvoc.wav,fake,attack,none,awgn-snr20,snr20,NOW IT IS A REMARKABLE THING THAT I HAVE ALWAYS HAD AN EXTRAORDINARY PREDILECTION FOR THE NAME MADGE I DO NOT KNOW WHY,na,na,2428,16000,6.824,test,na
2428-83699-0006_melvoc_bandpass-300-3400,data/attacks/bandpass-300-3400/2428-83699-0006_melvoc.wav,fake,attack,none,bandpass-300-3400,bandpass300-3400,NOW IT IS A REMARKABLE THING THAT I HAVE ALWAYS HAD AN EXTRAORDINARY PREDILECTION FOR THE NAME MADGE I DO NOT KNOW WHY,na,na,2428,16000,6.824,test,na
2428-83699-0006_melvoc_reverb-rt60-0.2,data/attacks/reverb-rt60-0.2/2428-83699-0006_melvoc.wav,fake,attack,none,reverb-rt60-0.2,rt60-0.2,NOW IT IS A REMARKABLE THING THAT I HAVE ALWAYS HAD AN EXTRAORDINARY PREDILECTION FOR THE NAME MADGE I DO NOT KNOW WHY,na,na,2428,16000,6.824,test,na
2428-83699-0006_melvoc_reverb-rt60-0.4,data/attacks/reverb-rt60-0.4/2428-83699-0006_melvoc.wav,fake,attack,none,reverb-rt60-0.4,rt60-0.4,NOW IT IS A REMARKABLE THING THAT I HAVE ALWAYS HAD AN EXTRAORDINARY PREDILECTION FOR THE NAME MADGE I DO NOT KNOW WHY,na,na,2428,16000,6.824,test,na
2428-83699-0006_melvoc_reverb-rt60-0.8,data/attacks/reverb-rt60-0.8/2428-83699-0006_melvoc.wav,fake,attack,none,reverb-rt60-0.8,rt60-0.8,NOW IT IS A REMARKABLE THING THAT I HAVE ALWAYS HAD AN EXTRAORDINARY PREDILECTION FOR THE NAME MADGE I DO NOT KNOW WHY,na,na,2428,16000,6.824,test,na
2428-83699-0006_melvoc_speed0.9,data/attacks/speed0.9/2428-83699-0006_melvoc.wav,fake,attack,none,speed0.9,speed0.9,NOW IT IS A REMARKABLE THING THAT I HAVE ALWAYS HAD AN EXTRAORDINARY PREDILECTION FOR THE NAME MADGE I DO NOT KNOW WHY,na,na,2428,16000,7.582,test,na
2428-83699-0006_melvoc_speed1.1,data/attacks/speed1.1/2428-83699-0006_melvoc.wav,fake,attack,none,speed1.1,speed1.1,NOW IT IS A REMARKABLE THING THAT I HAVE ALWAYS HAD AN EXTRAORDINARY PREDILECTION FOR THE NAME MADGE I DO NOT KNOW WHY,na,na,2428,16000,6.204,test,na
2428-83699-0006_pitch_mp3-128k,data/attacks/mp3-128k/2428-83699-0006_pitch.wav,fake,attack,none,mp3-128k,mp3-128k,NOW IT IS A REMARKABLE THING THAT I HAVE ALWAYS HAD AN EXTRAORDINARY PREDILECTION FOR THE NAME MADGE I DO NOT KNOW WHY,na,na,2428,16000,6.825,test,na
2428-83699-0006_pitch_mp3-64k,data/attacks/mp3-64k/2428-83699-0006_pitch.wav,fake,attack,none,mp3-64k,mp3-64k,NOW IT IS A REMARKABLE THING THAT I HAVE ALWAYS HAD AN EXTRAORDINARY PREDILECTION FOR THE NAME MADGE I DO NOT KNOW WHY,na,na,2428,16000,6.825,test,na
2428-83699-0006_pitch_opus-32k,data/attacks/opus-32k/2428-83699-0006_pitch.wav,fake,attack,none,opus-32k,opus-32k,NOW IT IS A REMARKABLE THING THAT I HAVE ALWAYS HAD AN EXTRAORDINARY PREDILECTION FOR THE NAME MADGE I DO NOT KNOW WHY,na,na,2428,16000,6.825,test,na
2428-83699-0006_pitch_g711-8k,data/attacks/g711-8k/2428-83699-0006_pitch.wav,fake,attack,none,g711-8k,g711-8k,NOW IT IS A REMARKABLE THING THAT I HAVE ALWAYS HAD AN EXTRAORDINARY PREDILECTION FOR THE NAME MADGE I DO NOT KNOW WHY,na,na,2428,16000,6.825,test,na
2428-83699-0006_pitch_resample-8k,data/attacks/resample-8k/2428-83699-0006_pitch.wav,fake,attack,none,resample-8k,8k-roundtrip,NOW IT IS A REMARKABLE THING THAT I HAVE ALWAYS HAD AN EXTRAORDINARY PREDILECTION FOR THE NAME MADGE I DO NOT KNOW WHY,na,na,2428,16000,6.825,test,na
2428-83699-0006_pitch_awgn-snr5,data/attacks/awgn-snr5/2428-83699-0006_pitch.wav,fake,attack,none,awgn-snr5,snr5,NOW IT IS A REMARKABLE THING THAT I HAVE ALWAYS HAD AN EXTRAORDINARY PREDILECTION FOR THE NAME MADGE I DO NOT KNOW WHY,na,na,2428,16000,6.825,test,na
2428-83699-0006_pitch_awgn-snr10,data/attacks/awgn-snr10/2428-83699-0006_pitch.wav,fake,attack,none,awgn-snr10,snr10,NOW IT IS A REMARKABLE THING THAT I HAVE ALWAYS HAD AN EXTRAORDINARY PREDILECTION FOR THE NAME MADGE I DO NOT KNOW WHY,na,na,2428,16000,6.825,test,na
2428-83699-0006_pitch_awgn-snr20,data/attacks/awgn-snr20/2428-83699-0006_pitch.wav,fake,attack,none,awgn-snr20,snr20,NOW IT IS A REMARKABLE THING THAT I HAVE ALWAYS HAD AN EXTRAORDINARY PREDILECTION FOR THE NAME MADGE I DO NOT KNOW WHY,na,na,2428,16000,6.825,test,na
2428-83699-0006_pitch_bandpass-300-3400,data/attacks/bandpass-300-3400/2428-83699-0006_pitch.wav,fake,attack,none,bandpass-300-3400,bandpass300-3400,NOW IT IS A REMARKABLE THING THAT I HAVE ALWAYS HAD AN EXTRAORDINARY PREDILECTION FOR THE NAME MADGE I DO NOT KNOW WHY,na,na,2428,16000,6.825,test,na
2428-83699-0006_pitch_reverb-rt60-0.2,data/attacks/reverb-rt60-0.2/2428-83699-0006_pitch.wav,fake,attack,none,reverb-rt60-0.2,rt60-0.2,NOW IT IS A REMARKABLE THING THAT I HAVE ALWAYS HAD AN EXTRAORDINARY PREDILECTION FOR THE NAME MADGE I DO NOT KNOW WHY,na,na,2428,16000,6.825,test,na
2428-83699-0006_pitch_reverb-rt60-0.4,data/attacks/reverb-rt60-0.4/2428-83699-0006_pitch.wav,fake,attack,none,reverb-rt60-0.4,rt60-0.4,NOW IT IS A REMARKABLE THING THAT I HAVE ALWAYS HAD AN EXTRAORDINARY PREDILECTION FOR THE NAME MADGE I DO NOT KNOW WHY,na,na,2428,16000,6.825,test,na
2428-83699-0006_pitch_reverb-rt60-0.8,data/attacks/reverb-rt60-0.8/2428-83699-0006_pitch.wav,fake,attack,none,reverb-rt60-0.8,rt60-0.8,NOW IT IS A REMARKABLE THING THAT I HAVE ALWAYS HAD AN EXTRAORDINARY PREDILECTION FOR THE NAME MADGE I DO NOT KNOW WHY,na,na,2428,16000,6.825,test,na
2428-83699-0006_pitch_speed0.9,data/attacks/speed0.9/2428-83699-0006_pitch.wav,fake,attack,none,speed0.9,speed0.9,NOW IT IS A REMARKABLE THING THAT I HAVE ALWAYS HAD AN EXTRAORDINARY PREDILECTION FOR THE NAME MADGE I DO NOT KNOW WHY,na,na,2428,16000,7.583,test,na
2428-83699-0006_pitch_speed1.1,data/attacks/speed1.1/2428-83699-0006_pitch.wav,fake,attack,none,speed1.1,speed1.1,NOW IT IS A REMARKABLE THING THAT I HAVE ALWAYS HAD AN EXTRAORDINARY PREDILECTION FOR THE NAME MADGE I DO NOT KNOW WHY,na,na,2428,16000,6.205,test,na
2428-83699-0007_formant_mp3-128k,data/attacks/mp3-128k/2428-83699-0007_formant.wav,fake,attack,none,mp3-128k,mp3-128k,I HAVE NEVER KNOWN A MADGE AND YET FROM MY BOYHOOD UPWARD I HAVE DESIRED TO MEET ONE,na,na,2428,16000,5.71,test,na
2428-83699-0007_formant_mp3-64k,data/attacks/mp3-64k/2428-83699-0007_formant.wav,fake,attack,none,mp3-64k,mp3-64k,I HAVE NEVER KNOWN A MADGE AND YET FROM MY BOYHOOD UPWARD I HAVE DESIRED TO MEET ONE,na,na,2428,16000,5.71,test,na
2428-83699-0007_formant_opus-32k,data/attacks/opus-32k/2428-83699-0007_formant.wav,fake,attack,none,opus-32k,opus-32k,I HAVE NEVER KNOWN A MADGE AND YET FROM MY BOYHOOD UPWARD I HAVE DESIRED TO MEET ONE,na,na,2428,16000,5.71,test,na
2428-83699-0007_formant_g711-8k,data/attacks/g711-8k/2428-83699-0007_formant.wav,fake,attack,none,g711-8k,g711-8k,I HAVE NEVER KNOWN A MADGE AND YET FROM MY BOYHOOD UPWARD I HAVE DESIRED TO MEET ONE,na,na,2428,16000,5.71,test,na
2428-83699-0007_formant_resample-8k,data/attacks/resample-8k/2428-83699-0007_formant.wav,fake,attack,none,resample-8k,8k-roundtrip,I HAVE NEVER KNOWN A MADGE AND YET FROM MY BOYHOOD UPWARD I HAVE DESIRED TO MEET ONE,na,na,2428,16000,5.71,test,na
2428-83699-0007_formant_awgn-snr5,data/attacks/awgn-snr5/2428-83699-0007_formant.wav,fake,attack,none,awgn-snr5,snr5,I HAVE NEVER KNOWN A MADGE AND YET FROM MY BOYHOOD UPWARD I HAVE DESIRED TO MEET ONE,na,na,2428,16000,5.71,test,na
2428-83699-0007_formant_awgn-snr10,data/attacks/awgn-snr10/2428-83699-0007_formant.wav,fake,attack,none,awgn-snr10,snr10,I HAVE NEVER KNOWN A MADGE AND YET FROM MY BOYHOOD UPWARD I HAVE DESIRED TO MEET ONE,na,na,2428,16000,5.71,test,na
2428-83699-0007_formant_awgn-snr20,data/attacks/awgn-snr20/2428-83699-0007_formant.wav,fake,attack,none,awgn-snr20,snr20,I HAVE NEVER KNOWN A MADGE AND YET FROM MY BOYHOOD UPWARD I HAVE DESIRED TO MEET ONE,na,na,2428,16000,5.71,test,na
2428-83699-0007_formant_bandpass-300-3400,data/attacks/bandpass-300-3400/2428-83699-0007_formant.wav,fake,attack,none,bandpass-300-3400,bandpass300-3400,I HAVE NEVER KNOWN A MADGE AND YET FROM MY BOYHOOD UPWARD I HAVE DESIRED TO MEET ONE,na,na,2428,16000,5.71,test,na
2428-83699-0007_formant_reverb-rt60-0.2,data/attacks/reverb-rt60-0.2/2428-83699-0007_formant.wav,fake,attack,none,reverb-rt60-0.2,rt60-0.2,I HAVE NEVER KNOWN A MADGE AND YET FROM MY BOYHOOD UPWARD I HAVE DESIRED TO MEET ONE,na,na,2428,16000,5.71,test,na
2428-83699-0007_formant_reverb-rt60-0.4,data/attacks/reverb-rt60-0.4/2428-83699-0007_formant.wav,fake,attack,none,reverb-rt60-0.4,rt60-0.4,I HAVE NEVER KNOWN A MADGE AND YET FROM MY BOYHOOD UPWARD I HAVE DESIRED TO MEET ONE,na,na,2428,16000,5.71,test,na
2428-83699-0007_formant_reverb-rt60-0.8,data/attacks/reverb-rt60-0.8/2428-83699-0007_formant.wav,fake,attack,none,reverb-rt60-0.8,rt60-0.8,I HAVE NEVER KNOWN A MADGE AND YET FROM MY BOYHOOD UPWARD I HAVE DESIRED TO MEET ONE,na,na,2428,16000,5.71,test,na
2428-83699-0007_formant_speed0.9,data/attacks/speed0.9/2428-83699-0007_formant.wav,fake,attack,none,speed0.9,speed0.9,I HAVE NEVER KNOWN A MADGE AND YET FROM MY BOYHOOD UPWARD I HAVE DESIRED TO MEET ONE,na,na,2428,16000,6.344,test,na
2428-83699-0007_formant_speed1.1,data/attacks/speed1.1/2428-83699-0007_formant.wav,fake,attack,none,speed1.1,speed1.1,I HAVE NEVER KNOWN A MADGE AND YET FROM MY BOYHOOD UPWARD I HAVE DESIRED TO MEET ONE,na,na,2428,16000,5.191,test,na
2428-83699-0007_melvoc_mp3-128k,data/attacks/mp3-128k/2428-83699-0007_melvoc.wav,fake,attack,none,mp3-128k,mp3-128k,I HAVE NEVER KNOWN A MADGE AND YET FROM MY BOYHOOD UPWARD I HAVE DESIRED TO MEET ONE,na,na,2428,16000,5.704,test,na
2428-83699-0007_melvoc_mp3-64k,data/attacks/mp3-64k/2428-83699-0007_melvoc.wav,fake,attack,none,mp3-64k,mp3-64k,I HAVE NEVER KNOWN A MADGE AND YET FROM MY BOYHOOD UPWARD I HAVE DESIRED TO MEET ONE,na,na,2428,16000,5.704,test,na
2428-83699-0007_melvoc_opus-32k,data/attacks/opus-32k/2428-83699-0007_melvoc.wav,fake,attack,none,opus-32k,opus-32k,I HAVE NEVER KNOWN A MADGE AND YET FROM MY BOYHOOD UPWARD I HAVE DESIRED TO MEET ONE,na,na,2428,16000,5.704,test,na
2428-83699-0007_melvoc_g711-8k,data/attacks/g711-8k/2428-83699-0007_melvoc.wav,fake,attack,none,g711-8k,g711-8k,I HAVE NEVER KNOWN A MADGE AND YET FROM MY BOYHOOD UPWARD I HAVE DESIRED TO MEET ONE,na,na,2428,16000,5.704,test,na
2428-83699-0007_melvoc_resample-8k,data/attacks/resample-8k/2428-83699-0007_melvoc.wav,fake,attack,none,resample-8k,8k-roundtrip,I HAVE NEVER KNOWN A MADGE AND YET FROM MY BOYHOOD UPWARD I HAVE DESIRED TO MEET ONE,na,na,2428,16000,5.704,test,na
2428-83699-0007_melvoc_awgn-snr5,data/attacks/awgn-snr5/2428-83699-0007_melvoc.wav,fake,attack,none,awgn-snr5,snr5,I HAVE NEVER KNOWN A MADGE AND YET FROM MY BOYHOOD UPWARD I HAVE DESIRED TO MEET ONE,na,na,2428,16000,5.704,test,na
2428-83699-0007_melvoc_awgn-snr10,data/attacks/awgn-snr10/2428-83699-0007_melvoc.wav,fake,attack,none,awgn-snr10,snr10,I HAVE NEVER KNOWN A MADGE AND YET FROM MY BOYHOOD UPWARD I HAVE DESIRED TO MEET ONE,na,na,2428,16000,5.704,test,na
2428-83699-0007_melvoc_awgn-snr20,data/attacks/awgn-snr20/2428-83699-0007_melvoc.wav,fake,attack,none,awgn-snr20,snr20,I HAVE NEVER KNOWN A MADGE AND YET FROM MY BOYHOOD UPWARD I HAVE DESIRED TO MEET ONE,na,na,2428,16000,5.704,test,na
2428-83699-0007_melvoc_bandpass-300-3400,data/attacks/bandpass-300-3400/2428-83699-0007_melvoc.wav,fake,attack,none,bandpass-300-3400,bandpass300-3400,I HAVE NEVER KNOWN A MADGE AND YET FROM MY BOYHOOD UPWARD I HAVE DESIRED TO MEET ONE,na,na,2428,16000,5.704,test,na
2428-83699-0007_melvoc_reverb-rt60-0.2,data/attacks/reverb-rt60-0.2/2428-83699-0007_melvoc.wav,fake,attack,none,reverb-rt60-0.2,rt60-0.2,I HAVE NEVER KNOWN A MADGE AND YET FROM MY BOYHOOD UPWARD I HAVE DESIRED TO MEET ONE,na,na,2428,16000,5.704,test,na
2428-83699-0007_melvoc_reverb-rt60-0.4,data/attacks/reverb-rt60-0.4/2428-83699-0007_melvoc.wav,fake,attack,none,reverb-rt60-0.4,rt60-0.4,I HAVE NEVER KNOWN A MADGE AND YET FROM MY BOYHOOD UPWARD I HAVE DESIRED TO MEET ONE,na,na,2428,16000,5.704,test,na
2428-83699-0007_melvoc_reverb-rt60-0.8,data/attacks/reverb-rt60-0.8/2428-83699-0007_melvoc.wav,fake,attack,none,reverb-rt60-0.8,rt60-0.8,I HAVE NEVER KNOWN A MADGE AND YET FROM MY BOYHOOD UPWARD I HAVE DESIRED TO MEET ONE,na,na,2428,16000,5.704,test,na
2428-83699-0007_melvoc_speed0.9,data/attacks/speed0.9/2428-83699-0007_melvoc.wav,fake,attack,none,speed0.9,speed0.9,I HAVE NEVER KNOWN A MADGE AND YET FROM MY BOYHOOD UPWARD I HAVE DESIRED TO MEET ONE,na,na,2428,16000,6.338,test,na
2428-83699-0007_melvoc_speed1.1,data/attacks/speed1.1/2428-83699-0007_melvoc.wav,fake,attack,none,speed1.1,speed1.1,I HAVE NEVER KNOWN A MADGE AND YET FROM MY BOYHOOD UPWARD I HAVE DESIRED TO MEET ONE,na,na,2428,16000,5.185,test,na
2428-83699-0007_pitch_mp3-128k,data/attacks/mp3-128k/2428-83699-0007_pitch.wav,fake,attack,none,mp3-128k,mp3-128k,I HAVE NEVER KNOWN A MADGE AND YET FROM MY BOYHOOD UPWARD I HAVE DESIRED TO MEET ONE,na,na,2428,16000,5.71,test,na
2428-83699-0007_pitch_mp3-64k,data/attacks/mp3-64k/2428-83699-0007_pitch.wav,fake,attack,none,mp3-64k,mp3-64k,I HAVE NEVER KNOWN A MADGE AND YET FROM MY BOYHOOD UPWARD I HAVE DESIRED TO MEET ONE,na,na,2428,16000,5.71,test,na
2428-83699-0007_pitch_opus-32k,data/attacks/opus-32k/2428-83699-0007_pitch.wav,fake,attack,none,opus-32k,opus-32k,I HAVE NEVER KNOWN A MADGE AND YET FROM MY BOYHOOD UPWARD I HAVE DESIRED TO MEET ONE,na,na,2428,16000,5.71,test,na
2428-83699-0007_pitch_g711-8k,data/attacks/g711-8k/2428-83699-0007_pitch.wav,fake,attack,none,g711-8k,g711-8k,I HAVE NEVER KNOWN A MADGE AND YET FROM MY BOYHOOD UPWARD I HAVE DESIRED TO MEET ONE,na,na,2428,16000,5.71,test,na
2428-83699-0007_pitch_resample-8k,data/attacks/resample-8k/2428-83699-0007_pitch.wav,fake,attack,none,resample-8k,8k-roundtrip,I HAVE NEVER KNOWN A MADGE AND YET FROM MY BOYHOOD UPWARD I HAVE DESIRED TO MEET ONE,na,na,2428,16000,5.71,test,na
2428-83699-0007_pitch_awgn-snr5,data/attacks/awgn-snr5/2428-83699-0007_pitch.wav,fake,attack,none,awgn-snr5,snr5,I HAVE NEVER KNOWN A MADGE AND YET FROM MY BOYHOOD UPWARD I HAVE DESIRED TO MEET ONE,na,na,2428,16000,5.71,test,na
2428-83699-0007_pitch_awgn-snr10,data/attacks/awgn-snr10/2428-83699-0007_pitch.wav,fake,attack,none,awgn-snr10,snr10,I HAVE NEVER KNOWN A MADGE AND YET FROM MY BOYHOOD UPWARD I HAVE DESIRED TO MEET ONE,na,na,2428,16000,5.71,test,na
2428-83699-0007_pitch_awgn-snr20,data/attacks/awgn-snr20/2428-83699-0007_pitch.wav,fake,attack,none,awgn-snr20,snr20,I HAVE NEVER KNOWN A MADGE AND YET FROM MY BOYHOOD UPWARD I HAVE DESIRED TO MEET ONE,na,na,2428,16000,5.71,test,na
2428-83699-0007_pitch_bandpass-300-3400,data/attacks/bandpass-300-3400/2428-83699-0007_pitch.wav,fake,attack,none,bandpass-300-3400,bandpass300-3400,I HAVE NEVER KNOWN A MADGE AND YET FROM MY BOYHOOD UPWARD I HAVE DESIRED TO MEET ONE,na,na,2428,16000,5.71,test,na
2428-83699-0007_pitch_reverb-rt60-0.2,data/attacks/reverb-rt60-0.2/2428-83699-0007_pitch.wav,fake,attack,none,reverb-rt60-0.2,rt60-0.2,I HAVE NEVER KNOWN A MADGE AND YET FROM MY BOYHOOD UPWARD I HAVE DESIRED TO MEET ONE,na,na,2428,16000,5.71,test,na
2428-83699-0007_pitch_reverb-rt60-0.4,data/attacks/reverb-rt60-0.4/2428-83699-0007_pitch.wav,fake,attack,none,reverb-rt60-0.4,rt60-0.4,I HAVE NEVER KNOWN A MADGE AND YET FROM MY BOYHOOD UPWARD I HAVE DESIRED TO MEET ONE,na,na,2428,16000,5.71,test,na
2428-83699-0007_pitch_reverb-rt60-0.8,data/attacks/reverb-rt60-0.8/2428-83699-0007_pitch.wav,fake,attack,none,reverb-rt60-0.8,rt60-0.8,I HAVE NEVER KNOWN A MADGE AND YET FROM MY BOYHOOD UPWARD I HAVE DESIRED TO MEET ONE,na,na,2428,16000,5.71,test,na
2428-83699-0007_pitch_speed0.9,data/attacks/speed0.9/2428-83699-0007_pitch.wav,fake,attack,none,speed0.9,speed0.9,I HAVE NEVER KNOWN A MADGE AND YET FROM MY BOYHOOD UPWARD I HAVE DESIRED TO MEET ONE,na,na,2428,16000,6.344,test,na
2428-83699-0007_pitch_speed1.1,data/attacks/speed1.1/2428-83699-0007_pitch.wav,fake,attack,none,speed1.1,speed1.1,I HAVE NEVER KNOWN A MADGE AND YET FROM MY BOYHOOD UPWARD I HAVE DESIRED TO MEET ONE,na,na,2428,16000,5.191,test,na
2428-83699-0008_formant_mp3-128k,data/attacks/mp3-128k/2428-83699-0008_formant.wav,fake,attack,none,mp3-128k,mp3-128k,UNDER SUCH CIRCUMSTANCES SHE WAS HARDLY LIKELY TO BE LIVELY HERSELF BUT HER NAME WAS MADGE AND IT WAS THE ACCIDENT OF HER CHRISTIAN NAME WHICH DECIDED ME TO GO,na,na,2428,16000,10.38,test,na
2428-83699-0008_formant_mp3-64k,data/attacks/mp3-64k/2428-83699-0008_formant.wav,fake,attack,none,mp3-64k,mp3-64k,UNDER SUCH CIRCUMSTANCES SHE WAS HARDLY LIKELY TO BE LIVELY HERSELF BUT HER NAME WAS MADGE AND IT WAS THE ACCIDENT OF HER CHRISTIAN NAME WHICH DECIDED ME TO GO,na,na,2428,16000,10.38,test,na
2428-83699-0008_formant_opus-32k,data/attacks/opus-32k/2428-83699-0008_formant.wav,fake,attack,none,opus-32k,opus-32k,UNDER SUCH CIRCUMSTANCES SHE WAS HARDLY LIKELY TO BE LIVELY HERSELF BUT HER NAME WAS MADGE AND IT WAS THE ACCIDENT OF HER CHRISTIAN NAME WHICH DECIDED ME TO GO,na,na,2428,16000,10.38,test,na
2428-83699-0008_formant_g711-8k,data/attacks/g711-8k/2428-83699-0008_formant.wav,fake,attack,none,g711-8k,g711-8k,UNDER SUCH CIRCUMSTANCES SHE WAS HARDLY LIKELY TO BE LIVELY HERSELF BUT HER NAME WAS MADGE AND IT WAS THE ACCIDENT OF HER CHRISTIAN NAME WHICH DECIDED ME TO GO,na,na,2428,16000,10.38,test,na
2428-83699-0008_formant_resample-8k,data/attacks/resample-8k/2428-83699-0008_formant.wav,fake,attack,none,resample-8k,8k-roundtrip,UNDER SUCH CIRCUMSTANCES SHE WAS HARDLY LIKELY TO BE LIVELY HERSELF BUT HER NAME WAS MADGE AND IT WAS THE ACCIDENT OF HER CHRISTIAN NAME WHICH DECIDED ME TO GO,na,na,2428,16000,10.38,test,na
2428-83699-0008_formant_awgn-snr5,data/attacks/awgn-snr5/2428-83699-0008_formant.wav,fake,attack,none,awgn-snr5,snr5,UNDER SUCH CIRCUMSTANCES SHE WAS HARDLY LIKELY TO BE LIVELY HERSELF BUT HER NAME WAS MADGE AND IT WAS THE ACCIDENT OF HER CHRISTIAN NAME WHICH DECIDED ME TO GO,na,na,2428,16000,10.38,test,na
2428-83699-0008_formant_awgn-snr10,data/attacks/awgn-snr10/2428-83699-0008_formant.wav,fake,attack,none,awgn-snr10,snr10,UNDER SUCH CIRCUMSTANCES SHE WAS HARDLY LIKELY TO BE LIVELY HERSELF BUT HER NAME WAS MADGE AND IT WAS THE ACCIDENT OF HER CHRISTIAN NAME WHICH DECIDED ME TO GO,na,na,2428,16000,10.38,test,na
2428-83699-0008_formant_awgn-snr20,data/attacks/awgn-snr20/2428-83699-0008_formant.wav,fake,attack,none,awgn-snr20,snr20,UNDER SUCH CIRCUMSTANCES SHE WAS HARDLY LIKELY TO BE LIVELY HERSELF BUT HER NAME WAS MADGE AND IT WAS THE ACCIDENT OF HER CHRISTIAN NAME WHICH DECIDED ME TO GO,na,na,2428,16000,10.38,test,na
2428-83699-0008_formant_bandpass-300-3400,data/attacks/bandpass-300-3400/2428-83699-0008_formant.wav,fake,attack,none,bandpass-300-3400,bandpass300-3400,UNDER SUCH CIRCUMSTANCES SHE WAS HARDLY LIKELY TO BE LIVELY HERSELF BUT HER NAME WAS MADGE AND IT WAS THE ACCIDENT OF HER CHRISTIAN NAME WHICH DECIDED ME TO GO,na,na,2428,16000,10.38,test,na
2428-83699-0008_formant_reverb-rt60-0.2,data/attacks/reverb-rt60-0.2/2428-83699-0008_formant.wav,fake,attack,none,reverb-rt60-0.2,rt60-0.2,UNDER SUCH CIRCUMSTANCES SHE WAS HARDLY LIKELY TO BE LIVELY HERSELF BUT HER NAME WAS MADGE AND IT WAS THE ACCIDENT OF HER CHRISTIAN NAME WHICH DECIDED ME TO GO,na,na,2428,16000,10.38,test,na
2428-83699-0008_formant_reverb-rt60-0.4,data/attacks/reverb-rt60-0.4/2428-83699-0008_formant.wav,fake,attack,none,reverb-rt60-0.4,rt60-0.4,UNDER SUCH CIRCUMSTANCES SHE WAS HARDLY LIKELY TO BE LIVELY HERSELF BUT HER NAME WAS MADGE AND IT WAS THE ACCIDENT OF HER CHRISTIAN NAME WHICH DECIDED ME TO GO,na,na,2428,16000,10.38,test,na
2428-83699-0008_formant_reverb-rt60-0.8,data/attacks/reverb-rt60-0.8/2428-83699-0008_formant.wav,fake,attack,none,reverb-rt60-0.8,rt60-0.8,UNDER SUCH CIRCUMSTANCES SHE WAS HARDLY LIKELY TO BE LIVELY HERSELF BUT HER NAME WAS MADGE AND IT WAS THE ACCIDENT OF HER CHRISTIAN NAME WHICH DECIDED ME TO GO,na,na,2428,16000,10.38,test,na
2428-83699-0008_formant_speed0.9,data/attacks/speed0.9/2428-83699-0008_formant.wav,fake,attack,none,speed0.9,speed0.9,UNDER SUCH CIRCUMSTANCES SHE WAS HARDLY LIKELY TO BE LIVELY HERSELF BUT HER NAME WAS MADGE AND IT WAS THE ACCIDENT OF HER CHRISTIAN NAME WHICH DECIDED ME TO GO,na,na,2428,16000,11.533,test,na
2428-83699-0008_formant_speed1.1,data/attacks/speed1.1/2428-83699-0008_formant.wav,fake,attack,none,speed1.1,speed1.1,UNDER SUCH CIRCUMSTANCES SHE WAS HARDLY LIKELY TO BE LIVELY HERSELF BUT HER NAME WAS MADGE AND IT WAS THE ACCIDENT OF HER CHRISTIAN NAME WHICH DECIDED ME TO GO,na,na,2428,16000,9.436,test,na
3576-138058-0000_formant_mp3-128k,data/attacks/mp3-128k/3576-138058-0000_formant.wav,fake,attack,none,mp3-128k,mp3-128k,MASTER AND MAN DISMOUNTED FROM THEIR BEASTS AND AS SOON AS THEY HAD SETTLED THEMSELVES AT THE FOOT OF THE TREES SANCHO WHO HAD HAD A GOOD NOONTIDE MEAL THAT DAY LET HIMSELF WITHOUT MORE ADO PASS THE GATES OF SLEEP,na,na,3576,16000,14.14,test,na
3576-138058-0000_formant_mp3-64k,data/attacks/mp3-64k/3576-138058-0000_formant.wav,fake,attack,none,mp3-64k,mp3-64k,MASTER AND MAN DISMOUNTED FROM THEIR BEASTS AND AS SOON AS THEY HAD SETTLED THEMSELVES AT THE FOOT OF THE TREES SANCHO WHO HAD HAD A GOOD NOONTIDE MEAL THAT DAY LET HIMSELF WITHOUT MORE ADO PASS THE GATES OF SLEEP,na,na,3576,16000,14.14,test,na
3576-138058-0000_formant_opus-32k,data/attacks/opus-32k/3576-138058-0000_formant.wav,fake,attack,none,opus-32k,opus-32k,MASTER AND MAN DISMOUNTED FROM THEIR BEASTS AND AS SOON AS THEY HAD SETTLED THEMSELVES AT THE FOOT OF THE TREES SANCHO WHO HAD HAD A GOOD NOONTIDE MEAL THAT DAY LET HIMSELF WITHOUT MORE ADO PASS THE GATES OF SLEEP,na,na,3576,16000,14.14,test,na
3576-138058-0000_formant_g711-8k,data/attacks/g711-8k/3576-138058-0000_formant.wav,fake,attack,none,g711-8k,g711-8k,MASTER AND MAN DISMOUNTED FROM THEIR BEASTS AND AS SOON AS THEY HAD SETTLED THEMSELVES AT THE FOOT OF THE TREES SANCHO WHO HAD HAD A GOOD NOONTIDE MEAL THAT DAY LET HIMSELF WITHOUT MORE ADO PASS THE GATES OF SLEEP,na,na,3576,16000,14.14,test,na
3576-138058-0000_formant_resample-8k,data/attacks/resample-8k/3576-138058-0000_formant.wav,fake,attack,none,resample-8k,8k-roundtrip,MASTER AND MAN DISMOUNTED FROM THEIR BEASTS AND AS SOON AS THEY HAD SETTLED THEMSELVES AT THE FOOT OF THE TREES SANCHO WHO HAD HAD A GOOD NOONTIDE MEAL THAT DAY LET HIMSELF WITHOUT MORE ADO PASS THE GATES OF SLEEP,na,na,3576,16000,14.14,test,na
3576-138058-0000_formant_awgn-snr5,data/attacks/awgn-snr5/3576-138058-0000_formant.wav,fake,attack,none,awgn-snr5,snr5,MASTER AND MAN DISMOUNTED FROM THEIR BEASTS AND AS SOON AS THEY HAD SETTLED THEMSELVES AT THE FOOT OF THE TREES SANCHO WHO HAD HAD A GOOD NOONTIDE MEAL THAT DAY LET HIMSELF WITHOUT MORE ADO PASS THE GATES OF SLEEP,na,na,3576,16000,14.14,test,na
3576-138058-0000_formant_awgn-snr10,data/attacks/awgn-snr10/3576-138058-0000_formant.wav,fake,attack,none,awgn-snr10,snr10,MASTER AND MAN DISMOUNTED FROM THEIR BEASTS AND AS SOON AS THEY HAD SETTLED THEMSELVES AT THE FOOT OF THE TREES SANCHO WHO HAD HAD A GOOD NOONTIDE MEAL THAT DAY LET HIMSELF WITHOUT MORE ADO PASS THE GATES OF SLEEP,na,na,3576,16000,14.14,test,na
3576-138058-0000_formant_awgn-snr20,data/attacks/awgn-snr20/3576-138058-0000_formant.wav,fake,attack,none,awgn-snr20,snr20,MASTER AND MAN DISMOUNTED FROM THEIR BEASTS AND AS SOON AS THEY HAD SETTLED THEMSELVES AT THE FOOT OF THE TREES SANCHO WHO HAD HAD A GOOD NOONTIDE MEAL THAT DAY LET HIMSELF WITHOUT MORE ADO PASS THE GATES OF SLEEP,na,na,3576,16000,14.14,test,na
3576-138058-0000_formant_bandpass-300-3400,data/attacks/bandpass-300-3400/3576-138058-0000_formant.wav,fake,attack,none,bandpass-300-3400,bandpass300-3400,MASTER AND MAN DISMOUNTED FROM THEIR BEASTS AND AS SOON AS THEY HAD SETTLED THEMSELVES AT THE FOOT OF THE TREES SANCHO WHO HAD HAD A GOOD NOONTIDE MEAL THAT DAY LET HIMSELF WITHOUT MORE ADO PASS THE GATES OF SLEEP,na,na,3576,16000,14.14,test,na
3576-138058-0000_formant_reverb-rt60-0.2,data/attacks/reverb-rt60-0.2/3576-138058-0000_formant.wav,fake,attack,none,reverb-rt60-0.2,rt60-0.2,MASTER AND MAN DISMOUNTED FROM THEIR BEASTS AND AS SOON AS THEY HAD SETTLED THEMSELVES AT THE FOOT OF THE TREES SANCHO WHO HAD HAD A GOOD NOONTIDE MEAL THAT DAY LET HIMSELF WITHOUT MORE ADO PASS THE GATES OF SLEEP,na,na,3576,16000,14.14,test,na
3576-138058-0000_formant_reverb-rt60-0.4,data/attacks/reverb-rt60-0.4/3576-138058-0000_formant.wav,fake,attack,none,reverb-rt60-0.4,rt60-0.4,MASTER AND MAN DISMOUNTED FROM THEIR BEASTS AND AS SOON AS THEY HAD SETTLED THEMSELVES AT THE FOOT OF THE TREES SANCHO WHO HAD HAD A GOOD NOONTIDE MEAL THAT DAY LET HIMSELF WITHOUT MORE ADO PASS THE GATES OF SLEEP,na,na,3576,16000,14.14,test,na
3576-138058-0000_formant_reverb-rt60-0.8,data/attacks/reverb-rt60-0.8/3576-138058-0000_formant.wav,fake,attack,none,reverb-rt60-0.8,rt60-0.8,MASTER AND MAN DISMOUNTED FROM THEIR BEASTS AND AS SOON AS THEY HAD SETTLED THEMSELVES AT THE FOOT OF THE TREES SANCHO WHO HAD HAD A GOOD NOONTIDE MEAL THAT DAY LET HIMSELF WITHOUT MORE ADO PASS THE GATES OF SLEEP,na,na,3576,16000,14.14,test,na
3576-138058-0000_formant_speed0.9,data/attacks/speed0.9/3576-138058-0000_formant.wav,fake,attack,none,speed0.9,speed0.9,MASTER AND MAN DISMOUNTED FROM THEIR BEASTS AND AS SOON AS THEY HAD SETTLED THEMSELVES AT THE FOOT OF THE TREES SANCHO WHO HAD HAD A GOOD NOONTIDE MEAL THAT DAY LET HIMSELF WITHOUT MORE ADO PASS THE GATES OF SLEEP,na,na,3576,16000,15.711,test,na
3576-138058-0000_formant_speed1.1,data/attacks/speed1.1/3576-138058-0000_formant.wav,fake,attack,none,speed1.1,speed1.1,MASTER AND MAN DISMOUNTED FROM THEIR BEASTS AND AS SOON AS THEY HAD SETTLED THEMSELVES AT THE FOOT OF THE TREES SANCHO WHO HAD HAD A GOOD NOONTIDE MEAL THAT DAY LET HIMSELF WITHOUT MORE ADO PASS THE GATES OF SLEEP,na,na,3576,16000,12.855,test,na
3576-138058-0000_melvoc_mp3-128k,data/attacks/mp3-128k/3576-138058-0000_melvoc.wav,fake,attack,none,mp3-128k,mp3-128k,MASTER AND MAN DISMOUNTED FROM THEIR BEASTS AND AS SOON AS THEY HAD SETTLED THEMSELVES AT THE FOOT OF THE TREES SANCHO WHO HAD HAD A GOOD NOONTIDE MEAL THAT DAY LET HIMSELF WITHOUT MORE ADO PASS THE GATES OF SLEEP,na,na,3576,16000,14.136,test,na
3576-138058-0000_melvoc_mp3-64k,data/attacks/mp3-64k/3576-138058-0000_melvoc.wav,fake,attack,none,mp3-64k,mp3-64k,MASTER AND MAN DISMOUNTED FROM THEIR BEASTS AND AS SOON AS THEY HAD SETTLED THEMSELVES AT THE FOOT OF THE TREES SANCHO WHO HAD HAD A GOOD NOONTIDE MEAL THAT DAY LET HIMSELF WITHOUT MORE ADO PASS THE GATES OF SLEEP,na,na,3576,16000,14.136,test,na
3576-138058-0000_melvoc_opus-32k,data/attacks/opus-32k/3576-138058-0000_melvoc.wav,fake,attack,none,opus-32k,opus-32k,MASTER AND MAN DISMOUNTED FROM THEIR BEASTS AND AS SOON AS THEY HAD SETTLED THEMSELVES AT THE FOOT OF THE TREES SANCHO WHO HAD HAD A GOOD NOONTIDE MEAL THAT DAY LET HIMSELF WITHOUT MORE ADO PASS THE GATES OF SLEEP,na,na,3576,16000,14.136,test,na
3576-138058-0000_melvoc_g711-8k,data/attacks/g711-8k/3576-138058-0000_melvoc.wav,fake,attack,none,g711-8k,g711-8k,MASTER AND MAN DISMOUNTED FROM THEIR BEASTS AND AS SOON AS THEY HAD SETTLED THEMSELVES AT THE FOOT OF THE TREES SANCHO WHO HAD HAD A GOOD NOONTIDE MEAL THAT DAY LET HIMSELF WITHOUT MORE ADO PASS THE GATES OF SLEEP,na,na,3576,16000,14.136,test,na
3576-138058-0000_melvoc_resample-8k,data/attacks/resample-8k/3576-138058-0000_melvoc.wav,fake,attack,none,resample-8k,8k-roundtrip,MASTER AND MAN DISMOUNTED FROM THEIR BEASTS AND AS SOON AS THEY HAD SETTLED THEMSELVES AT THE FOOT OF THE TREES SANCHO WHO HAD HAD A GOOD NOONTIDE MEAL THAT DAY LET HIMSELF WITHOUT MORE ADO PASS THE GATES OF SLEEP,na,na,3576,16000,14.136,test,na
3576-138058-0000_melvoc_awgn-snr5,data/attacks/awgn-snr5/3576-138058-0000_melvoc.wav,fake,attack,none,awgn-snr5,snr5,MASTER AND MAN DISMOUNTED FROM THEIR BEASTS AND AS SOON AS THEY HAD SETTLED THEMSELVES AT THE FOOT OF THE TREES SANCHO WHO HAD HAD A GOOD NOONTIDE MEAL THAT DAY LET HIMSELF WITHOUT MORE ADO PASS THE GATES OF SLEEP,na,na,3576,16000,14.136,test,na
3576-138058-0000_melvoc_awgn-snr10,data/attacks/awgn-snr10/3576-138058-0000_melvoc.wav,fake,attack,none,awgn-snr10,snr10,MASTER AND MAN DISMOUNTED FROM THEIR BEASTS AND AS SOON AS THEY HAD SETTLED THEMSELVES AT THE FOOT OF THE TREES SANCHO WHO HAD HAD A GOOD NOONTIDE MEAL THAT DAY LET HIMSELF WITHOUT MORE ADO PASS THE GATES OF SLEEP,na,na,3576,16000,14.136,test,na
3576-138058-0000_melvoc_awgn-snr20,data/attacks/awgn-snr20/3576-138058-0000_melvoc.wav,fake,attack,none,awgn-snr20,snr20,MASTER AND MAN DISMOUNTED FROM THEIR BEASTS AND AS SOON AS THEY HAD SETTLED THEMSELVES AT THE FOOT OF THE TREES SANCHO WHO HAD HAD A GOOD NOONTIDE MEAL THAT DAY LET HIMSELF WITHOUT MORE ADO PASS THE GATES OF SLEEP,na,na,3576,16000,14.136,test,na
3576-138058-0000_melvoc_bandpass-300-3400,data/attacks/bandpass-300-3400/3576-138058-0000_melvoc.wav,fake,attack,none,bandpass-300-3400,bandpass300-3400,MASTER AND MAN DISMOUNTED FROM THEIR BEASTS AND AS SOON AS THEY HAD SETTLED THEMSELVES AT THE FOOT OF THE TREES SANCHO WHO HAD HAD A GOOD NOONTIDE MEAL THAT DAY LET HIMSELF WITHOUT MORE ADO PASS THE GATES OF SLEEP,na,na,3576,16000,14.136,test,na
3576-138058-0000_melvoc_reverb-rt60-0.2,data/attacks/reverb-rt60-0.2/3576-138058-0000_melvoc.wav,fake,attack,none,reverb-rt60-0.2,rt60-0.2,MASTER AND MAN DISMOUNTED FROM THEIR BEASTS AND AS SOON AS THEY HAD SETTLED THEMSELVES AT THE FOOT OF THE TREES SANCHO WHO HAD HAD A GOOD NOONTIDE MEAL THAT DAY LET HIMSELF WITHOUT MORE ADO PASS THE GATES OF SLEEP,na,na,3576,16000,14.136,test,na
3576-138058-0000_melvoc_reverb-rt60-0.4,data/attacks/reverb-rt60-0.4/3576-138058-0000_melvoc.wav,fake,attack,none,reverb-rt60-0.4,rt60-0.4,MASTER AND MAN DISMOUNTED FROM THEIR BEASTS AND AS SOON AS THEY HAD SETTLED THEMSELVES AT THE FOOT OF THE TREES SANCHO WHO HAD HAD A GOOD NOONTIDE MEAL THAT DAY LET HIMSELF WITHOUT MORE ADO PASS THE GATES OF SLEEP,na,na,3576,16000,14.136,test,na
3576-138058-0000_melvoc_reverb-rt60-0.8,data/attacks/reverb-rt60-0.8/3576-138058-0000_melvoc.wav,fake,attack,none,reverb-rt60-0.8,rt60-0.8,MASTER AND MAN DISMOUNTED FROM THEIR BEASTS AND AS SOON AS THEY HAD SETTLED THEMSELVES AT THE FOOT OF THE TREES SANCHO WHO HAD HAD A GOOD NOONTIDE MEAL THAT DAY LET HIMSELF WITHOUT MORE ADO PASS THE GATES OF SLEEP,na,na,3576,16000,14.136,test,na
3576-138058-0000_melvoc_speed0.9,data/attacks/speed0.9/3576-138058-0000_melvoc.wav,fake,attack,none,speed0.9,speed0.9,MASTER AND MAN DISMOUNTED FROM THEIR BEASTS AND AS SOON AS THEY HAD SETTLED THEMSELVES AT THE FOOT OF THE TREES SANCHO WHO HAD HAD A GOOD NOONTIDE MEAL THAT DAY LET HIMSELF WITHOUT MORE ADO PASS THE GATES OF SLEEP,na,na,3576,16000,15.707,test,na
3576-138058-0000_melvoc_speed1.1,data/attacks/speed1.1/3576-138058-0000_melvoc.wav,fake,attack,none,speed1.1,speed1.1,MASTER AND MAN DISMOUNTED FROM THEIR BEASTS AND AS SOON AS THEY HAD SETTLED THEMSELVES AT THE FOOT OF THE TREES SANCHO WHO HAD HAD A GOOD NOONTIDE MEAL THAT DAY LET HIMSELF WITHOUT MORE ADO PASS THE GATES OF SLEEP,na,na,3576,16000,12.851,test,na
3576-138058-0000_pitch_mp3-128k,data/attacks/mp3-128k/3576-138058-0000_pitch.wav,fake,attack,none,mp3-128k,mp3-128k,MASTER AND MAN DISMOUNTED FROM THEIR BEASTS AND AS SOON AS THEY HAD SETTLED THEMSELVES AT THE FOOT OF THE TREES SANCHO WHO HAD HAD A GOOD NOONTIDE MEAL THAT DAY LET HIMSELF WITHOUT MORE ADO PASS THE GATES OF SLEEP,na,na,3576,16000,14.14,test,na
3576-138058-0000_pitch_mp3-64k,data/attacks/mp3-64k/3576-138058-0000_pitch.wav,fake,attack,none,mp3-64k,mp3-64k,MASTER AND MAN DISMOUNTED FROM THEIR BEASTS AND AS SOON AS THEY HAD SETTLED THEMSELVES AT THE FOOT OF THE TREES SANCHO WHO HAD HAD A GOOD NOONTIDE MEAL THAT DAY LET HIMSELF WITHOUT MORE ADO PASS THE GATES OF SLEEP,na,na,3576,16000,14.14,test,na
3576-138058-0000_pitch_opus-32k,data/attacks/opus-32k/3576-138058-0000_pitch.wav,fake,attack,none,opus-32k,opus-32k,MASTER AND MAN DISMOUNTED FROM THEIR BEASTS AND AS SOON AS THEY HAD SETTLED THEMSELVES AT THE FOOT OF THE TREES SANCHO WHO HAD HAD A GOOD NOONTIDE MEAL THAT DAY LET HIMSELF WITHOUT MORE ADO PASS THE GATES OF SLEEP,na,na,3576,16000,14.14,test,na
3576-138058-0000_pitch_g711-8k,data/attacks/g711-8k/3576-138058-0000_pitch.wav,fake,attack,none,g711-8k,g711-8k,MASTER AND MAN DISMOUNTED FROM THEIR BEASTS AND AS SOON AS THEY HAD SETTLED THEMSELVES AT THE FOOT OF THE TREES SANCHO WHO HAD HAD A GOOD NOONTIDE MEAL THAT DAY LET HIMSELF WITHOUT MORE ADO PASS THE GATES OF SLEEP,na,na,3576,16000,14.14,test,na
3576-138058-0000_pitch_resample-8k,data/attacks/resample-8k/3576-138058-0000_pitch.wav,fake,attack,none,resample-8k,8k-roundtrip,MASTER AND MAN DISMOUNTED FROM THEIR BEASTS AND AS SOON AS THEY HAD SETTLED THEMSELVES AT THE FOOT OF THE TREES SANCHO WHO HAD HAD A GOOD NOONTIDE MEAL THAT DAY LET HIMSELF WITHOUT MORE ADO PASS THE GATES OF SLEEP,na,na,3576,16000,14.14,test,na
3576-138058-0000_pitch_awgn-snr5,data/attacks/awgn-snr5/3576-138058-0000_pitch.wav,fake,attack,none,awgn-snr5,snr5,MASTER AND MAN DISMOUNTED FROM THEIR BEASTS AND AS SOON AS THEY HAD SETTLED THEMSELVES AT THE FOOT OF THE TREES SANCHO WHO HAD HAD A GOOD NOONTIDE MEAL THAT DAY LET HIMSELF WITHOUT MORE ADO PASS THE GATES OF SLEEP,na,na,3576,16000,14.14,test,na
3576-138058-0000_pitch_awgn-snr10,data/attacks/awgn-snr10/3576-138058-0000_pitch.wav,fake,attack,none,awgn-snr10,snr10,MASTER AND MAN DISMOUNTED FROM THEIR BEASTS AND AS SOON AS THEY HAD SETTLED THEMSELVES AT THE FOOT OF THE TREES SANCHO WHO HAD HAD A GOOD NOONTIDE MEAL THAT DAY LET HIMSELF WITHOUT MORE ADO PASS THE GATES OF SLEEP,na,na,3576,16000,14.14,test,na
3576-138058-0000_pitch_awgn-snr20,data/attacks/awgn-snr20/3576-138058-0000_pitch.wav,fake,attack,none,awgn-snr20,snr20,MASTER AND MAN DISMOUNTED FROM THEIR BEASTS AND AS SOON AS THEY HAD SETTLED THEMSELVES AT THE FOOT OF THE TREES SANCHO WHO HAD HAD A GOOD NOONTIDE MEAL THAT DAY LET HIMSELF WITHOUT MORE ADO PASS THE GATES OF SLEEP,na,na,3576,16000,14.14,test,na
3576-138058-0000_pitch_bandpass-300-3400,data/attacks/bandpass-300-3400/3576-138058-0000_pitch.wav,fake,attack,none,bandpass-300-3400,bandpass300-3400,MASTER AND MAN DISMOUNTED FROM THEIR BEASTS AND AS SOON AS THEY HAD SETTLED THEMSELVES AT THE FOOT OF THE TREES SANCHO WHO HAD HAD A GOOD NOONTIDE MEAL THAT DAY LET HIMSELF WITHOUT MORE ADO PASS THE GATES OF SLEEP,na,na,3576,16000,14.14,test,na
3576-138058-0000_pitch_reverb-rt60-0.2,data/attacks/reverb-rt60-0.2/3576-138058-0000_pitch.wav,fake,attack,none,reverb-rt60-0.2,rt60-0.2,MASTER AND MAN DISMOUNTED FROM THEIR BEASTS AND AS SOON AS THEY HAD SETTLED THEMSELVES AT THE FOOT OF THE TREES SANCHO WHO HAD HAD A GOOD NOONTIDE MEAL THAT DAY LET HIMSELF WITHOUT MORE ADO PASS THE GATES OF SLEEP,na,na,3576,16000,14.14,test,na
3576-138058-0000_pitch_reverb-rt60-0.4,data/attacks/reverb-rt60-0.4/3576-138058-0000_pitch.wav,fake,attack,none,reverb-rt60-0.4,rt60-0.4,MASTER AND MAN DISMOUNTED FROM THEIR BEASTS AND AS SOON AS THEY HAD SETTLED THEMSELVES AT THE FOOT OF THE TREES SANCHO WHO HAD HAD A GOOD NOONTIDE MEAL THAT DAY LET HIMSELF WITHOUT MORE ADO PASS THE GATES OF SLEEP,na,na,3576,16000,14.14,test,na
3576-138058-0000_pitch_reverb-rt60-0.8,data/attacks/reverb-rt60-0.8/3576-138058-0000_pitch.wav,fake,attack,none,reverb-rt60-0.8,rt60-0.8,MASTER AND MAN DISMOUNTED FROM THEIR BEASTS AND AS SOON AS THEY HAD SETTLED THEMSELVES AT THE FOOT OF THE TREES SANCHO WHO HAD HAD A GOOD NOONTIDE MEAL THAT DAY LET HIMSELF WITHOUT MORE ADO PASS THE GATES OF SLEEP,na,na,3576,16000,14.14,test,na
3576-138058-0000_pitch_speed0.9,data/attacks/speed0.9/3576-138058-0000_pitch.wav,fake,attack,none,speed0.9,speed0.9,MASTER AND MAN DISMOUNTED FROM THEIR BEASTS AND AS SOON AS THEY HAD SETTLED THEMSELVES AT THE FOOT OF THE TREES SANCHO WHO HAD HAD A GOOD NOONTIDE MEAL THAT DAY LET HIMSELF WITHOUT MORE ADO PASS THE GATES OF SLEEP,na,na,3576,16000,15.711,test,na
3576-138058-0000_pitch_speed1.1,data/attacks/speed1.1/3576-138058-0000_pitch.wav,fake,attack,none,speed1.1,speed1.1,MASTER AND MAN DISMOUNTED FROM THEIR BEASTS AND AS SOON AS THEY HAD SETTLED THEMSELVES AT THE FOOT OF THE TREES SANCHO WHO HAD HAD A GOOD NOONTIDE MEAL THAT DAY LET HIMSELF WITHOUT MORE ADO PASS THE GATES OF SLEEP,na,na,3576,16000,12.855,test,na
3576-138058-0001_formant_mp3-128k,data/attacks/mp3-128k/3576-138058-0001_formant.wav,fake,attack,none,mp3-128k,mp3-128k,BUT DON QUIXOTE WHOM HIS THOUGHTS FAR MORE THAN HUNGER KEPT AWAKE COULD NOT CLOSE AN EYE AND ROAMED IN FANCY TO AND FRO THROUGH ALL SORTS OF PLACES,na,na,3576,16000,10.78,test,na
3576-138058-0001_formant_mp3-64k,data/attacks/mp3-64k/3576-138058-0001_formant.wav,fake,attack,none,mp3-64k,mp3-64k,BUT DON QUIXOTE WHOM HIS THOUGHTS FAR MORE THAN HUNGER KEPT AWAKE COULD NOT CLOSE AN EYE AND ROAMED IN FANCY TO AND FRO THROUGH ALL SORTS OF PLACES,na,na,3576,16000,10.78,test,na
3576-138058-0001_formant_opus-32k,data/attacks/opus-32k/3576-138058-0001_formant.wav,fake,attack,none,opus-32k,opus-32k,BUT DON QUIXOTE WHOM HIS THOUGHTS FAR MORE THAN HUNGER KEPT AWAKE COULD NOT CLOSE AN EYE AND ROAMED IN FANCY TO AND FRO THROUGH ALL SORTS OF PLACES,na,na,3576,16000,10.78,test,na
3576-138058-0001_formant_g711-8k,data/attacks/g711-8k/3576-138058-0001_formant.wav,fake,attack,none,g711-8k,g711-8k,BUT DON QUIXOTE WHOM HIS THOUGHTS FAR MORE THAN HUNGER KEPT AWAKE COULD NOT CLOSE AN EYE AND ROAMED IN FANCY TO AND FRO THROUGH ALL SORTS OF PLACES,na,na,3576,16000,10.78,test,na
3576-138058-0001_formant_resample-8k,data/attacks/resample-8k/3576-138058-0001_formant.wav,fake,attack,none,resample-8k,8k-roundtrip,BUT DON QUIXOTE WHOM HIS THOUGHTS FAR MORE THAN HUNGER KEPT AWAKE COULD NOT CLOSE AN EYE AND ROAMED IN FANCY TO AND FRO THROUGH ALL SORTS OF PLACES,na,na,3576,16000,10.78,test,na
3576-138058-0001_formant_awgn-snr5,data/attacks/awgn-snr5/3576-138058-0001_formant.wav,fake,attack,none,awgn-snr5,snr5,BUT DON QUIXOTE WHOM HIS THOUGHTS FAR MORE THAN HUNGER KEPT AWAKE COULD NOT CLOSE AN EYE AND ROAMED IN FANCY TO AND FRO THROUGH ALL SORTS OF PLACES,na,na,3576,16000,10.78,test,na
3576-138058-0001_formant_awgn-snr10,data/attacks/awgn-snr10/3576-138058-0001_formant.wav,fake,attack,none,awgn-snr10,snr10,BUT DON QUIXOTE WHOM HIS THOUGHTS FAR MORE THAN HUNGER KEPT AWAKE COULD NOT CLOSE AN EYE AND ROAMED IN FANCY TO AND FRO THROUGH ALL SORTS OF PLACES,na,na,3576,16000,10.78,test,na
3576-138058-0001_formant_awgn-snr20,data/attacks/awgn-snr20/3576-138058-0001_formant.wav,fake,attack,none,awgn-snr20,snr20,BUT DON QUIXOTE WHOM HIS THOUGHTS FAR MORE THAN HUNGER KEPT AWAKE COULD NOT CLOSE AN EYE AND ROAMED IN FANCY TO AND FRO THROUGH ALL SORTS OF PLACES,na,na,3576,16000,10.78,test,na
3576-138058-0001_formant_bandpass-300-3400,data/attacks/bandpass-300-3400/3576-138058-0001_formant.wav,fake,attack,none,bandpass-300-3400,bandpass300-3400,BUT DON QUIXOTE WHOM HIS THOUGHTS FAR MORE THAN HUNGER KEPT AWAKE COULD NOT CLOSE AN EYE AND ROAMED IN FANCY TO AND FRO THROUGH ALL SORTS OF PLACES,na,na,3576,16000,10.78,test,na
3576-138058-0001_formant_reverb-rt60-0.2,data/attacks/reverb-rt60-0.2/3576-138058-0001_formant.wav,fake,attack,none,reverb-rt60-0.2,rt60-0.2,BUT DON QUIXOTE WHOM HIS THOUGHTS FAR MORE THAN HUNGER KEPT AWAKE COULD NOT CLOSE AN EYE AND ROAMED IN FANCY TO AND FRO THROUGH ALL SORTS OF PLACES,na,na,3576,16000,10.78,test,na
3576-138058-0001_formant_reverb-rt60-0.4,data/attacks/reverb-rt60-0.4/3576-138058-0001_formant.wav,fake,attack,none,reverb-rt60-0.4,rt60-0.4,BUT DON QUIXOTE WHOM HIS THOUGHTS FAR MORE THAN HUNGER KEPT AWAKE COULD NOT CLOSE AN EYE AND ROAMED IN FANCY TO AND FRO THROUGH ALL SORTS OF PLACES,na,na,3576,16000,10.78,test,na
3576-138058-0001_formant_reverb-rt60-0.8,data/attacks/reverb-rt60-0.8/3576-138058-0001_formant.wav,fake,attack,none,reverb-rt60-0.8,rt60-0.8,BUT DON QUIXOTE WHOM HIS THOUGHTS FAR MORE THAN HUNGER KEPT AWAKE COULD NOT CLOSE AN EYE AND ROAMED IN FANCY TO AND FRO THROUGH ALL SORTS OF PLACES,na,na,3576,16000,10.78,test,na
3576-138058-0001_formant_speed0.9,data/attacks/speed0.9/3576-138058-0001_formant.wav,fake,attack,none,speed0.9,speed0.9,BUT DON QUIXOTE WHOM HIS THOUGHTS FAR MORE THAN HUNGER KEPT AWAKE COULD NOT CLOSE AN EYE AND ROAMED IN FANCY TO AND FRO THROUGH ALL SORTS OF PLACES,na,na,3576,16000,11.978,test,na
3576-138058-0001_formant_speed1.1,data/attacks/speed1.1/3576-138058-0001_formant.wav,fake,attack,none,speed1.1,speed1.1,BUT DON QUIXOTE WHOM HIS THOUGHTS FAR MORE THAN HUNGER KEPT AWAKE COULD NOT CLOSE AN EYE AND ROAMED IN FANCY TO AND FRO THROUGH ALL SORTS OF PLACES,na,na,3576,16000,9.8,test,na
3576-138058-0001_melvoc_mp3-128k,data/attacks/mp3-128k/3576-138058-0001_melvoc.wav,fake,attack,none,mp3-128k,mp3-128k,BUT DON QUIXOTE WHOM HIS THOUGHTS FAR MORE THAN HUNGER KEPT AWAKE COULD NOT CLOSE AN EYE AND ROAMED IN FANCY TO AND FRO THROUGH ALL SORTS OF PLACES,na,na,3576,16000,10.776,test,na
3576-138058-0001_melvoc_mp3-64k,data/attacks/mp3-64k/3576-138058-0001_melvoc.wav,fake,attack,none,mp3-64k,mp3-64k,BUT DON QUIXOTE WHOM HIS THOUGHTS FAR MORE THAN HUNGER KEPT AWAKE COULD NOT CLOSE AN EYE AND ROAMED IN FANCY TO AND FRO THROUGH ALL SORTS OF PLACES,na,na,3576,16000,10.776,test,na
3576-138058-0001_melvoc_opus-32k,data/attacks/opus-32k/3576-138058-0001_melvoc.wav,fake,attack,none,opus-32k,opus-32k,BUT DON QUIXOTE WHOM HIS THOUGHTS FAR MORE THAN HUNGER KEPT AWAKE COULD NOT CLOSE AN EYE AND ROAMED IN FANCY TO AND FRO THROUGH ALL SORTS OF PLACES,na,na,3576,16000,10.776,test,na
3576-138058-0001_melvoc_g711-8k,data/attacks/g711-8k/3576-138058-0001_melvoc.wav,fake,attack,none,g711-8k,g711-8k,BUT DON QUIXOTE WHOM HIS THOUGHTS FAR MORE THAN HUNGER KEPT AWAKE COULD NOT CLOSE AN EYE AND ROAMED IN FANCY TO AND FRO THROUGH ALL SORTS OF PLACES,na,na,3576,16000,10.776,test,na
3576-138058-0001_melvoc_resample-8k,data/attacks/resample-8k/3576-138058-0001_melvoc.wav,fake,attack,none,resample-8k,8k-roundtrip,BUT DON QUIXOTE WHOM HIS THOUGHTS FAR MORE THAN HUNGER KEPT AWAKE COULD NOT CLOSE AN EYE AND ROAMED IN FANCY TO AND FRO THROUGH ALL SORTS OF PLACES,na,na,3576,16000,10.776,test,na
3576-138058-0001_melvoc_awgn-snr5,data/attacks/awgn-snr5/3576-138058-0001_melvoc.wav,fake,attack,none,awgn-snr5,snr5,BUT DON QUIXOTE WHOM HIS THOUGHTS FAR MORE THAN HUNGER KEPT AWAKE COULD NOT CLOSE AN EYE AND ROAMED IN FANCY TO AND FRO THROUGH ALL SORTS OF PLACES,na,na,3576,16000,10.776,test,na
3576-138058-0001_melvoc_awgn-snr10,data/attacks/awgn-snr10/3576-138058-0001_melvoc.wav,fake,attack,none,awgn-snr10,snr10,BUT DON QUIXOTE WHOM HIS THOUGHTS FAR MORE THAN HUNGER KEPT AWAKE COULD NOT CLOSE AN EYE AND ROAMED IN FANCY TO AND FRO THROUGH ALL SORTS OF PLACES,na,na,3576,16000,10.776,test,na
3576-138058-0001_melvoc_awgn-snr20,data/attacks/awgn-snr20/3576-138058-0001_melvoc.wav,fake,attack,none,awgn-snr20,snr20,BUT DON QUIXOTE WHOM HIS THOUGHTS FAR MORE THAN HUNGER KEPT AWAKE COULD NOT CLOSE AN EYE AND ROAMED IN FANCY TO AND FRO THROUGH ALL SORTS OF PLACES,na,na,3576,16000,10.776,test,na
3576-138058-0001_melvoc_bandpass-300-3400,data/attacks/bandpass-300-3400/3576-138058-0001_melvoc.wav,fake,attack,none,bandpass-300-3400,bandpass300-3400,BUT DON QUIXOTE WHOM HIS THOUGHTS FAR MORE THAN HUNGER KEPT AWAKE COULD NOT CLOSE AN EYE AND ROAMED IN FANCY TO AND FRO THROUGH ALL SORTS OF PLACES,na,na,3576,16000,10.776,test,na
3576-138058-0001_melvoc_reverb-rt60-0.2,data/attacks/reverb-rt60-0.2/3576-138058-0001_melvoc.wav,fake,attack,none,reverb-rt60-0.2,rt60-0.2,BUT DON QUIXOTE WHOM HIS THOUGHTS FAR MORE THAN HUNGER KEPT AWAKE COULD NOT CLOSE AN EYE AND ROAMED IN FANCY TO AND FRO THROUGH ALL SORTS OF PLACES,na,na,3576,16000,10.776,test,na
3576-138058-0001_melvoc_reverb-rt60-0.4,data/attacks/reverb-rt60-0.4/3576-138058-0001_melvoc.wav,fake,attack,none,reverb-rt60-0.4,rt60-0.4,BUT DON QUIXOTE WHOM HIS THOUGHTS FAR MORE THAN HUNGER KEPT AWAKE COULD NOT CLOSE AN EYE AND ROAMED IN FANCY TO AND FRO THROUGH ALL SORTS OF PLACES,na,na,3576,16000,10.776,test,na
3576-138058-0001_melvoc_reverb-rt60-0.8,data/attacks/reverb-rt60-0.8/3576-138058-0001_melvoc.wav,fake,attack,none,reverb-rt60-0.8,rt60-0.8,BUT DON QUIXOTE WHOM HIS THOUGHTS FAR MORE THAN HUNGER KEPT AWAKE COULD NOT CLOSE AN EYE AND ROAMED IN FANCY TO AND FRO THROUGH ALL SORTS OF PLACES,na,na,3576,16000,10.776,test,na
3576-138058-0001_melvoc_speed0.9,data/attacks/speed0.9/3576-138058-0001_melvoc.wav,fake,attack,none,speed0.9,speed0.9,BUT DON QUIXOTE WHOM HIS THOUGHTS FAR MORE THAN HUNGER KEPT AWAKE COULD NOT CLOSE AN EYE AND ROAMED IN FANCY TO AND FRO THROUGH ALL SORTS OF PLACES,na,na,3576,16000,11.973,test,na
3576-138058-0001_melvoc_speed1.1,data/attacks/speed1.1/3576-138058-0001_melvoc.wav,fake,attack,none,speed1.1,speed1.1,BUT DON QUIXOTE WHOM HIS THOUGHTS FAR MORE THAN HUNGER KEPT AWAKE COULD NOT CLOSE AN EYE AND ROAMED IN FANCY TO AND FRO THROUGH ALL SORTS OF PLACES,na,na,3576,16000,9.796,test,na
3576-138058-0001_pitch_mp3-128k,data/attacks/mp3-128k/3576-138058-0001_pitch.wav,fake,attack,none,mp3-128k,mp3-128k,BUT DON QUIXOTE WHOM HIS THOUGHTS FAR MORE THAN HUNGER KEPT AWAKE COULD NOT CLOSE AN EYE AND ROAMED IN FANCY TO AND FRO THROUGH ALL SORTS OF PLACES,na,na,3576,16000,10.78,test,na
3576-138058-0001_pitch_mp3-64k,data/attacks/mp3-64k/3576-138058-0001_pitch.wav,fake,attack,none,mp3-64k,mp3-64k,BUT DON QUIXOTE WHOM HIS THOUGHTS FAR MORE THAN HUNGER KEPT AWAKE COULD NOT CLOSE AN EYE AND ROAMED IN FANCY TO AND FRO THROUGH ALL SORTS OF PLACES,na,na,3576,16000,10.78,test,na
3576-138058-0001_pitch_opus-32k,data/attacks/opus-32k/3576-138058-0001_pitch.wav,fake,attack,none,opus-32k,opus-32k,BUT DON QUIXOTE WHOM HIS THOUGHTS FAR MORE THAN HUNGER KEPT AWAKE COULD NOT CLOSE AN EYE AND ROAMED IN FANCY TO AND FRO THROUGH ALL SORTS OF PLACES,na,na,3576,16000,10.78,test,na
3576-138058-0001_pitch_g711-8k,data/attacks/g711-8k/3576-138058-0001_pitch.wav,fake,attack,none,g711-8k,g711-8k,BUT DON QUIXOTE WHOM HIS THOUGHTS FAR MORE THAN HUNGER KEPT AWAKE COULD NOT CLOSE AN EYE AND ROAMED IN FANCY TO AND FRO THROUGH ALL SORTS OF PLACES,na,na,3576,16000,10.78,test,na
3576-138058-0001_pitch_resample-8k,data/attacks/resample-8k/3576-138058-0001_pitch.wav,fake,attack,none,resample-8k,8k-roundtrip,BUT DON QUIXOTE WHOM HIS THOUGHTS FAR MORE THAN HUNGER KEPT AWAKE COULD NOT CLOSE AN EYE AND ROAMED IN FANCY TO AND FRO THROUGH ALL SORTS OF PLACES,na,na,3576,16000,10.78,test,na
3576-138058-0001_pitch_awgn-snr5,data/attacks/awgn-snr5/3576-138058-0001_pitch.wav,fake,attack,none,awgn-snr5,snr5,BUT DON QUIXOTE WHOM HIS THOUGHTS FAR MORE THAN HUNGER KEPT AWAKE COULD NOT CLOSE AN EYE AND ROAMED IN FANCY TO AND FRO THROUGH ALL SORTS OF PLACES,na,na,3576,16000,10.78,test,na
3576-138058-0001_pitch_awgn-snr10,data/attacks/awgn-snr10/3576-138058-0001_pitch.wav,fake,attack,none,awgn-snr10,snr10,BUT DON QUIXOTE WHOM HIS THOUGHTS FAR MORE THAN HUNGER KEPT AWAKE COULD NOT CLOSE AN EYE AND ROAMED IN FANCY TO AND FRO THROUGH ALL SORTS OF PLACES,na,na,3576,16000,10.78,test,na
3576-138058-0001_pitch_awgn-snr20,data/attacks/awgn-snr20/3576-138058-0001_pitch.wav,fake,attack,none,awgn-snr20,snr20,BUT DON QUIXOTE WHOM HIS THOUGHTS FAR MORE THAN HUNGER KEPT AWAKE COULD NOT CLOSE AN EYE AND ROAMED IN FANCY TO AND FRO THROUGH ALL SORTS OF PLACES,na,na,3576,16000,10.78,test,na
3576-138058-0001_pitch_bandpass-300-3400,data/attacks/bandpass-300-3400/3576-138058-0001_pitch.wav,fake,attack,none,bandpass-300-3400,bandpass300-3400,BUT DON QUIXOTE WHOM HIS THOUGHTS FAR MORE THAN HUNGER KEPT AWAKE COULD NOT CLOSE AN EYE AND ROAMED IN FANCY TO AND FRO THROUGH ALL SORTS OF PLACES,na,na,3576,16000,10.78,test,na
3576-138058-0001_pitch_reverb-rt60-0.2,data/attacks/reverb-rt60-0.2/3576-138058-0001_pitch.wav,fake,attack,none,reverb-rt60-0.2,rt60-0.2,BUT DON QUIXOTE WHOM HIS THOUGHTS FAR MORE THAN HUNGER KEPT AWAKE COULD NOT CLOSE AN EYE AND ROAMED IN FANCY TO AND FRO THROUGH ALL SORTS OF PLACES,na,na,3576,16000,10.78,test,na
3576-138058-0001_pitch_reverb-rt60-0.4,data/attacks/reverb-rt60-0.4/3576-138058-0001_pitch.wav,fake,attack,none,reverb-rt60-0.4,rt60-0.4,BUT DON QUIXOTE WHOM HIS THOUGHTS FAR MORE THAN HUNGER KEPT AWAKE COULD NOT CLOSE AN EYE AND ROAMED IN FANCY TO AND FRO THROUGH ALL SORTS OF PLACES,na,na,3576,16000,10.78,test,na
3576-138058-0001_pitch_reverb-rt60-0.8,data/attacks/reverb-rt60-0.8/3576-138058-0001_pitch.wav,fake,attack,none,reverb-rt60-0.8,rt60-0.8,BUT DON QUIXOTE WHOM HIS THOUGHTS FAR MORE THAN HUNGER KEPT AWAKE COULD NOT CLOSE AN EYE AND ROAMED IN FANCY TO AND FRO THROUGH ALL SORTS OF PLACES,na,na,3576,16000,10.78,test,na
3576-138058-0001_pitch_speed0.9,data/attacks/speed0.9/3576-138058-0001_pitch.wav,fake,attack,none,speed0.9,speed0.9,BUT DON QUIXOTE WHOM HIS THOUGHTS FAR MORE THAN HUNGER KEPT AWAKE COULD NOT CLOSE AN EYE AND ROAMED IN FANCY TO AND FRO THROUGH ALL SORTS OF PLACES,na,na,3576,16000,11.978,test,na
3576-138058-0001_pitch_speed1.1,data/attacks/speed1.1/3576-138058-0001_pitch.wav,fake,attack,none,speed1.1,speed1.1,BUT DON QUIXOTE WHOM HIS THOUGHTS FAR MORE THAN HUNGER KEPT AWAKE COULD NOT CLOSE AN EYE AND ROAMED IN FANCY TO AND FRO THROUGH ALL SORTS OF PLACES,na,na,3576,16000,9.8,test,na
3576-138058-0002_formant_mp3-128k,data/attacks/mp3-128k/3576-138058-0002_formant.wav,fake,attack,none,mp3-128k,mp3-128k,AT ONE MOMENT IT SEEMED TO HIM THAT HE WAS IN THE CAVE OF MONTESINOS AND SAW DULCINEA TRANSFORMED INTO A COUNTRY WENCH SKIPPING AND MOUNTING UPON HER SHE ASS AGAIN THAT THE WORDS OF THE SAGE MERLIN WERE SOUNDING IN HIS EARS SETTING FORTH THE CONDITIONS TO BE OBSERVED AND THE EXERTIONS TO BE MADE FOR THE DISENCHANTMENT OF DULCINEA,na,na,3576,16000,22.33,test,na
3576-138058-0002_formant_mp3-64k,data/attacks/mp3-64k/3576-138058-0002_formant.wav,fake,attack,none,mp3-64k,mp3-64k,AT ONE MOMENT IT SEEMED TO HIM THAT HE WAS IN THE CAVE OF MONTESINOS AND SAW DULCINEA TRANSFORMED INTO A COUNTRY WENCH SKIPPING AND MOUNTING UPON HER SHE ASS AGAIN THAT THE WORDS OF THE SAGE MERLIN WERE SOUNDING IN HIS EARS SETTING FORTH THE CONDITIONS TO BE OBSERVED AND THE EXERTIONS TO BE MADE FOR THE DISENCHANTMENT OF DULCINEA,na,na,3576,16000,22.33,test,na
3576-138058-0002_formant_opus-32k,data/attacks/opus-32k/3576-138058-0002_formant.wav,fake,attack,none,opus-32k,opus-32k,AT ONE MOMENT IT SEEMED TO HIM THAT HE WAS IN THE CAVE OF MONTESINOS AND SAW DULCINEA TRANSFORMED INTO A COUNTRY WENCH SKIPPING AND MOUNTING UPON HER SHE ASS AGAIN THAT THE WORDS OF THE SAGE MERLIN WERE SOUNDING IN HIS EARS SETTING FORTH THE CONDITIONS TO BE OBSERVED AND THE EXERTIONS TO BE MADE FOR THE DISENCHANTMENT OF DULCINEA,na,na,3576,16000,22.33,test,na
3576-138058-0002_formant_g711-8k,data/attacks/g711-8k/3576-138058-0002_formant.wav,fake,attack,none,g711-8k,g711-8k,AT ONE MOMENT IT SEEMED TO HIM THAT HE WAS IN THE CAVE OF MONTESINOS AND SAW DULCINEA TRANSFORMED INTO A COUNTRY WENCH SKIPPING AND MOUNTING UPON HER SHE ASS AGAIN THAT THE WORDS OF THE SAGE MERLIN WERE SOUNDING IN HIS EARS SETTING FORTH THE CONDITIONS TO BE OBSERVED AND THE EXERTIONS TO BE MADE FOR THE DISENCHANTMENT OF DULCINEA,na,na,3576,16000,22.33,test,na
3576-138058-0002_formant_resample-8k,data/attacks/resample-8k/3576-138058-0002_formant.wav,fake,attack,none,resample-8k,8k-roundtrip,AT ONE MOMENT IT SEEMED TO HIM THAT HE WAS IN THE CAVE OF MONTESINOS AND SAW DULCINEA TRANSFORMED INTO A COUNTRY WENCH SKIPPING AND MOUNTING UPON HER SHE ASS AGAIN THAT THE WORDS OF THE SAGE MERLIN WERE SOUNDING IN HIS EARS SETTING FORTH THE CONDITIONS TO BE OBSERVED AND THE EXERTIONS TO BE MADE FOR THE DISENCHANTMENT OF DULCINEA,na,na,3576,16000,22.33,test,na
3576-138058-0002_formant_awgn-snr5,data/attacks/awgn-snr5/3576-138058-0002_formant.wav,fake,attack,none,awgn-snr5,snr5,AT ONE MOMENT IT SEEMED TO HIM THAT HE WAS IN THE CAVE OF MONTESINOS AND SAW DULCINEA TRANSFORMED INTO A COUNTRY WENCH SKIPPING AND MOUNTING UPON HER SHE ASS AGAIN THAT THE WORDS OF THE SAGE MERLIN WERE SOUNDING IN HIS EARS SETTING FORTH THE CONDITIONS TO BE OBSERVED AND THE EXERTIONS TO BE MADE FOR THE DISENCHANTMENT OF DULCINEA,na,na,3576,16000,22.33,test,na
3576-138058-0002_formant_awgn-snr10,data/attacks/awgn-snr10/3576-138058-0002_formant.wav,fake,attack,none,awgn-snr10,snr10,AT ONE MOMENT IT SEEMED TO HIM THAT HE WAS IN THE CAVE OF MONTESINOS AND SAW DULCINEA TRANSFORMED INTO A COUNTRY WENCH SKIPPING AND MOUNTING UPON HER SHE ASS AGAIN THAT THE WORDS OF THE SAGE MERLIN WERE SOUNDING IN HIS EARS SETTING FORTH THE CONDITIONS TO BE OBSERVED AND THE EXERTIONS TO BE MADE FOR THE DISENCHANTMENT OF DULCINEA,na,na,3576,16000,22.33,test,na
3576-138058-0002_formant_awgn-snr20,data/attacks/awgn-snr20/3576-138058-0002_formant.wav,fake,attack,none,awgn-snr20,snr20,AT ONE MOMENT IT SEEMED TO HIM THAT HE WAS IN THE CAVE OF MONTESINOS AND SAW DULCINEA TRANSFORMED INTO A COUNTRY WENCH SKIPPING AND MOUNTING UPON HER SHE ASS AGAIN THAT THE WORDS OF THE SAGE MERLIN WERE SOUNDING IN HIS EARS SETTING FORTH THE CONDITIONS TO BE OBSERVED AND THE EXERTIONS TO BE MADE FOR THE DISENCHANTMENT OF DULCINEA,na,na,3576,16000,22.33,test,na
3576-138058-0002_formant_bandpass-300-3400,data/attacks/bandpass-300-3400/3576-138058-0002_formant.wav,fake,attack,none,bandpass-300-3400,bandpass300-3400,AT ONE MOMENT IT SEEMED TO HIM THAT HE WAS IN THE CAVE OF MONTESINOS AND SAW DULCINEA TRANSFORMED INTO A COUNTRY WENCH SKIPPING AND MOUNTING UPON HER SHE ASS AGAIN THAT THE WORDS OF THE SAGE MERLIN WERE SOUNDING IN HIS EARS SETTING FORTH THE CONDITIONS TO BE OBSERVED AND THE EXERTIONS TO BE MADE FOR THE DISENCHANTMENT OF DULCINEA,na,na,3576,16000,22.33,test,na
3576-138058-0002_formant_reverb-rt60-0.2,data/attacks/reverb-rt60-0.2/3576-138058-0002_formant.wav,fake,attack,none,reverb-rt60-0.2,rt60-0.2,AT ONE MOMENT IT SEEMED TO HIM THAT HE WAS IN THE CAVE OF MONTESINOS AND SAW DULCINEA TRANSFORMED INTO A COUNTRY WENCH SKIPPING AND MOUNTING UPON HER SHE ASS AGAIN THAT THE WORDS OF THE SAGE MERLIN WERE SOUNDING IN HIS EARS SETTING FORTH THE CONDITIONS TO BE OBSERVED AND THE EXERTIONS TO BE MADE FOR THE DISENCHANTMENT OF DULCINEA,na,na,3576,16000,22.33,test,na
3576-138058-0002_formant_reverb-rt60-0.4,data/attacks/reverb-rt60-0.4/3576-138058-0002_formant.wav,fake,attack,none,reverb-rt60-0.4,rt60-0.4,AT ONE MOMENT IT SEEMED TO HIM THAT HE WAS IN THE CAVE OF MONTESINOS AND SAW DULCINEA TRANSFORMED INTO A COUNTRY WENCH SKIPPING AND MOUNTING UPON HER SHE ASS AGAIN THAT THE WORDS OF THE SAGE MERLIN WERE SOUNDING IN HIS EARS SETTING FORTH THE CONDITIONS TO BE OBSERVED AND THE EXERTIONS TO BE MADE FOR THE DISENCHANTMENT OF DULCINEA,na,na,3576,16000,22.33,test,na
3576-138058-0002_formant_reverb-rt60-0.8,data/attacks/reverb-rt60-0.8/3576-138058-0002_formant.wav,fake,attack,none,reverb-rt60-0.8,rt60-0.8,AT ONE MOMENT IT SEEMED TO HIM THAT HE WAS IN THE CAVE OF MONTESINOS AND SAW DULCINEA TRANSFORMED INTO A COUNTRY WENCH SKIPPING AND MOUNTING UPON HER SHE ASS AGAIN THAT THE WORDS OF THE SAGE MERLIN WERE SOUNDING IN HIS EARS SETTING FORTH THE CONDITIONS TO BE OBSERVED AND THE EXERTIONS TO BE MADE FOR THE DISENCHANTMENT OF DULCINEA,na,na,3576,16000,22.33,test,na
3576-138058-0002_formant_speed0.9,data/attacks/speed0.9/3576-138058-0002_formant.wav,fake,attack,none,speed0.9,speed0.9,AT ONE MOMENT IT SEEMED TO HIM THAT HE WAS IN THE CAVE OF MONTESINOS AND SAW DULCINEA TRANSFORMED INTO A COUNTRY WENCH SKIPPING AND MOUNTING UPON HER SHE ASS AGAIN THAT THE WORDS OF THE SAGE MERLIN WERE SOUNDING IN HIS EARS SETTING FORTH THE CONDITIONS TO BE OBSERVED AND THE EXERTIONS TO BE MADE FOR THE DISENCHANTMENT OF DULCINEA,na,na,3576,16000,24.811,test,na
3576-138058-0002_formant_speed1.1,data/attacks/speed1.1/3576-138058-0002_formant.wav,fake,attack,none,speed1.1,speed1.1,AT ONE MOMENT IT SEEMED TO HIM THAT HE WAS IN THE CAVE OF MONTESINOS AND SAW DULCINEA TRANSFORMED INTO A COUNTRY WENCH SKIPPING AND MOUNTING UPON HER SHE ASS AGAIN THAT THE WORDS OF THE SAGE MERLIN WERE SOUNDING IN HIS EARS SETTING FORTH THE CONDITIONS TO BE OBSERVED AND THE EXERTIONS TO BE MADE FOR THE DISENCHANTMENT OF DULCINEA,na,na,3576,16000,20.3,test,na
3576-138058-0002_melvoc_mp3-128k,data/attacks/mp3-128k/3576-138058-0002_melvoc.wav,fake,attack,none,mp3-128k,mp3-128k,AT ONE MOMENT IT SEEMED TO HIM THAT HE WAS IN THE CAVE OF MONTESINOS AND SAW DULCINEA TRANSFORMED INTO A COUNTRY WENCH SKIPPING AND MOUNTING UPON HER SHE ASS AGAIN THAT THE WORDS OF THE SAGE MERLIN WERE SOUNDING IN HIS EARS SETTING FORTH THE CONDITIONS TO BE OBSERVED AND THE EXERTIONS TO BE MADE FOR THE DISENCHANTMENT OF DULCINEA,na,na,3576,16000,22.328,test,na
3576-138058-0002_melvoc_mp3-64k,data/attacks/mp3-64k/3576-138058-0002_melvoc.wav,fake,attack,none,mp3-64k,mp3-64k,AT ONE MOMENT IT SEEMED TO HIM THAT HE WAS IN THE CAVE OF MONTESINOS AND SAW DULCINEA TRANSFORMED INTO A COUNTRY WENCH SKIPPING AND MOUNTING UPON HER SHE ASS AGAIN THAT THE WORDS OF THE SAGE MERLIN WERE SOUNDING IN HIS EARS SETTING FORTH THE CONDITIONS TO BE OBSERVED AND THE EXERTIONS TO BE MADE FOR THE DISENCHANTMENT OF DULCINEA,na,na,3576,16000,22.328,test,na
3576-138058-0002_melvoc_opus-32k,data/attacks/opus-32k/3576-138058-0002_melvoc.wav,fake,attack,none,opus-32k,opus-32k,AT ONE MOMENT IT SEEMED TO HIM THAT HE WAS IN THE CAVE OF MONTESINOS AND SAW DULCINEA TRANSFORMED INTO A COUNTRY WENCH SKIPPING AND MOUNTING UPON HER SHE ASS AGAIN THAT THE WORDS OF THE SAGE MERLIN WERE SOUNDING IN HIS EARS SETTING FORTH THE CONDITIONS TO BE OBSERVED AND THE EXERTIONS TO BE MADE FOR THE DISENCHANTMENT OF DULCINEA,na,na,3576,16000,22.328,test,na
3576-138058-0002_melvoc_g711-8k,data/attacks/g711-8k/3576-138058-0002_melvoc.wav,fake,attack,none,g711-8k,g711-8k,AT ONE MOMENT IT SEEMED TO HIM THAT HE WAS IN THE CAVE OF MONTESINOS AND SAW DULCINEA TRANSFORMED INTO A COUNTRY WENCH SKIPPING AND MOUNTING UPON HER SHE ASS AGAIN THAT THE WORDS OF THE SAGE MERLIN WERE SOUNDING IN HIS EARS SETTING FORTH THE CONDITIONS TO BE OBSERVED AND THE EXERTIONS TO BE MADE FOR THE DISENCHANTMENT OF DULCINEA,na,na,3576,16000,22.328,test,na
3576-138058-0002_melvoc_resample-8k,data/attacks/resample-8k/3576-138058-0002_melvoc.wav,fake,attack,none,resample-8k,8k-roundtrip,AT ONE MOMENT IT SEEMED TO HIM THAT HE WAS IN THE CAVE OF MONTESINOS AND SAW DULCINEA TRANSFORMED INTO A COUNTRY WENCH SKIPPING AND MOUNTING UPON HER SHE ASS AGAIN THAT THE WORDS OF THE SAGE MERLIN WERE SOUNDING IN HIS EARS SETTING FORTH THE CONDITIONS TO BE OBSERVED AND THE EXERTIONS TO BE MADE FOR THE DISENCHANTMENT OF DULCINEA,na,na,3576,16000,22.328,test,na
3576-138058-0002_melvoc_awgn-snr5,data/attacks/awgn-snr5/3576-138058-0002_melvoc.wav,fake,attack,none,awgn-snr5,snr5,AT ONE MOMENT IT SEEMED TO HIM THAT HE WAS IN THE CAVE OF MONTESINOS AND SAW DULCINEA TRANSFORMED INTO A COUNTRY WENCH SKIPPING AND MOUNTING UPON HER SHE ASS AGAIN THAT THE WORDS OF THE SAGE MERLIN WERE SOUNDING IN HIS EARS SETTING FORTH THE CONDITIONS TO BE OBSERVED AND THE EXERTIONS TO BE MADE FOR THE DISENCHANTMENT OF DULCINEA,na,na,3576,16000,22.328,test,na
3576-138058-0002_melvoc_awgn-snr10,data/attacks/awgn-snr10/3576-138058-0002_melvoc.wav,fake,attack,none,awgn-snr10,snr10,AT ONE MOMENT IT SEEMED TO HIM THAT HE WAS IN THE CAVE OF MONTESINOS AND SAW DULCINEA TRANSFORMED INTO A COUNTRY WENCH SKIPPING AND MOUNTING UPON HER SHE ASS AGAIN THAT THE WORDS OF THE SAGE MERLIN WERE SOUNDING IN HIS EARS SETTING FORTH THE CONDITIONS TO BE OBSERVED AND THE EXERTIONS TO BE MADE FOR THE DISENCHANTMENT OF DULCINEA,na,na,3576,16000,22.328,test,na
3576-138058-0002_melvoc_awgn-snr20,data/attacks/awgn-snr20/3576-138058-0002_melvoc.wav,fake,attack,none,awgn-snr20,snr20,AT ONE MOMENT IT SEEMED TO HIM THAT HE WAS IN THE CAVE OF MONTESINOS AND SAW DULCINEA TRANSFORMED INTO A COUNTRY WENCH SKIPPING AND MOUNTING UPON HER SHE ASS AGAIN THAT THE WORDS OF THE SAGE MERLIN WERE SOUNDING IN HIS EARS SETTING FORTH THE CONDITIONS TO BE OBSERVED AND THE EXERTIONS TO BE MADE FOR THE DISENCHANTMENT OF DULCINEA,na,na,3576,16000,22.328,test,na
3576-138058-0002_melvoc_bandpass-300-3400,data/attacks/bandpass-300-3400/3576-138058-0002_melvoc.wav,fake,attack,none,bandpass-300-3400,bandpass300-3400,AT ONE MOMENT IT SEEMED TO HIM THAT HE WAS IN THE CAVE OF MONTESINOS AND SAW DULCINEA TRANSFORMED INTO A COUNTRY WENCH SKIPPING AND MOUNTING UPON HER SHE ASS AGAIN THAT THE WORDS OF THE SAGE MERLIN WERE SOUNDING IN HIS EARS SETTING FORTH THE CONDITIONS TO BE OBSERVED AND THE EXERTIONS TO BE MADE FOR THE DISENCHANTMENT OF DULCINEA,na,na,3576,16000,22.328,test,na
3576-138058-0002_melvoc_reverb-rt60-0.2,data/attacks/reverb-rt60-0.2/3576-138058-0002_melvoc.wav,fake,attack,none,reverb-rt60-0.2,rt60-0.2,AT ONE MOMENT IT SEEMED TO HIM THAT HE WAS IN THE CAVE OF MONTESINOS AND SAW DULCINEA TRANSFORMED INTO A COUNTRY WENCH SKIPPING AND MOUNTING UPON HER SHE ASS AGAIN THAT THE WORDS OF THE SAGE MERLIN WERE SOUNDING IN HIS EARS SETTING FORTH THE CONDITIONS TO BE OBSERVED AND THE EXERTIONS TO BE MADE FOR THE DISENCHANTMENT OF DULCINEA,na,na,3576,16000,22.328,test,na
3576-138058-0002_melvoc_reverb-rt60-0.4,data/attacks/reverb-rt60-0.4/3576-138058-0002_melvoc.wav,fake,attack,none,reverb-rt60-0.4,rt60-0.4,AT ONE MOMENT IT SEEMED TO HIM THAT HE WAS IN THE CAVE OF MONTESINOS AND SAW DULCINEA TRANSFORMED INTO A COUNTRY WENCH SKIPPING AND MOUNTING UPON HER SHE ASS AGAIN THAT THE WORDS OF THE SAGE MERLIN WERE SOUNDING IN HIS EARS SETTING FORTH THE CONDITIONS TO BE OBSERVED AND THE EXERTIONS TO BE MADE FOR THE DISENCHANTMENT OF DULCINEA,na,na,3576,16000,22.328,test,na
3576-138058-0002_melvoc_reverb-rt60-0.8,data/attacks/reverb-rt60-0.8/3576-138058-0002_melvoc.wav,fake,attack,none,reverb-rt60-0.8,rt60-0.8,AT ONE MOMENT IT SEEMED TO HIM THAT HE WAS IN THE CAVE OF MONTESINOS AND SAW DULCINEA TRANSFORMED INTO A COUNTRY WENCH SKIPPING AND MOUNTING UPON HER SHE ASS AGAIN THAT THE WORDS OF THE SAGE MERLIN WERE SOUNDING IN HIS EARS SETTING FORTH THE CONDITIONS TO BE OBSERVED AND THE EXERTIONS TO BE MADE FOR THE DISENCHANTMENT OF DULCINEA,na,na,3576,16000,22.328,test,na
3576-138058-0002_melvoc_speed0.9,data/attacks/speed0.9/3576-138058-0002_melvoc.wav,fake,attack,none,speed0.9,speed0.9,AT ONE MOMENT IT SEEMED TO HIM THAT HE WAS IN THE CAVE OF MONTESINOS AND SAW DULCINEA TRANSFORMED INTO A COUNTRY WENCH SKIPPING AND MOUNTING UPON HER SHE ASS AGAIN THAT THE WORDS OF THE SAGE MERLIN WERE SOUNDING IN HIS EARS SETTING FORTH THE CONDITIONS TO BE OBSERVED AND THE EXERTIONS TO BE MADE FOR THE DISENCHANTMENT OF DULCINEA,na,na,3576,16000,24.809,test,na
3576-138058-0002_melvoc_speed1.1,data/attacks/speed1.1/3576-138058-0002_melvoc.wav,fake,attack,none,speed1.1,speed1.1,AT ONE MOMENT IT SEEMED TO HIM THAT HE WAS IN THE CAVE OF MONTESINOS AND SAW DULCINEA TRANSFORMED INTO A COUNTRY WENCH SKIPPING AND MOUNTING UPON HER SHE ASS AGAIN THAT THE WORDS OF THE SAGE MERLIN WERE SOUNDING IN HIS EARS SETTING FORTH THE CONDITIONS TO BE OBSERVED AND THE EXERTIONS TO BE MADE FOR THE DISENCHANTMENT OF DULCINEA,na,na,3576,16000,20.298,test,na
3576-138058-0002_pitch_mp3-128k,data/attacks/mp3-128k/3576-138058-0002_pitch.wav,fake,attack,none,mp3-128k,mp3-128k,AT ONE MOMENT IT SEEMED TO HIM THAT HE WAS IN THE CAVE OF MONTESINOS AND SAW DULCINEA TRANSFORMED INTO A COUNTRY WENCH SKIPPING AND MOUNTING UPON HER SHE ASS AGAIN THAT THE WORDS OF THE SAGE MERLIN WERE SOUNDING IN HIS EARS SETTING FORTH THE CONDITIONS TO BE OBSERVED AND THE EXERTIONS TO BE MADE FOR THE DISENCHANTMENT OF DULCINEA,na,na,3576,16000,22.33,test,na
3576-138058-0002_pitch_mp3-64k,data/attacks/mp3-64k/3576-138058-0002_pitch.wav,fake,attack,none,mp3-64k,mp3-64k,AT ONE MOMENT IT SEEMED TO HIM THAT HE WAS IN THE CAVE OF MONTESINOS AND SAW DULCINEA TRANSFORMED INTO A COUNTRY WENCH SKIPPING AND MOUNTING UPON HER SHE ASS AGAIN THAT THE WORDS OF THE SAGE MERLIN WERE SOUNDING IN HIS EARS SETTING FORTH THE CONDITIONS TO BE OBSERVED AND THE EXERTIONS TO BE MADE FOR THE DISENCHANTMENT OF DULCINEA,na,na,3576,16000,22.33,test,na
3576-138058-0002_pitch_opus-32k,data/attacks/opus-32k/3576-138058-0002_pitch.wav,fake,attack,none,opus-32k,opus-32k,AT ONE MOMENT IT SEEMED TO HIM THAT HE WAS IN THE CAVE OF MONTESINOS AND SAW DULCINEA TRANSFORMED INTO A COUNTRY WENCH SKIPPING AND MOUNTING UPON HER SHE ASS AGAIN THAT THE WORDS OF THE SAGE MERLIN WERE SOUNDING IN HIS EARS SETTING FORTH THE CONDITIONS TO BE OBSERVED AND THE EXERTIONS TO BE MADE FOR THE DISENCHANTMENT OF DULCINEA,na,na,3576,16000,22.33,test,na
3576-138058-0002_pitch_g711-8k,data/attacks/g711-8k/3576-138058-0002_pitch.wav,fake,attack,none,g711-8k,g711-8k,AT ONE MOMENT IT SEEMED TO HIM THAT HE WAS IN THE CAVE OF MONTESINOS AND SAW DULCINEA TRANSFORMED INTO A COUNTRY WENCH SKIPPING AND MOUNTING UPON HER SHE ASS AGAIN THAT THE WORDS OF THE SAGE MERLIN WERE SOUNDING IN HIS EARS SETTING FORTH THE CONDITIONS TO BE OBSERVED AND THE EXERTIONS TO BE MADE FOR THE DISENCHANTMENT OF DULCINEA,na,na,3576,16000,22.33,test,na
3576-138058-0002_pitch_resample-8k,data/attacks/resample-8k/3576-138058-0002_pitch.wav,fake,attack,none,resample-8k,8k-roundtrip,AT ONE MOMENT IT SEEMED TO HIM THAT HE WAS IN THE CAVE OF MONTESINOS AND SAW DULCINEA TRANSFORMED INTO A COUNTRY WENCH SKIPPING AND MOUNTING UPON HER SHE ASS AGAIN THAT THE WORDS OF THE SAGE MERLIN WERE SOUNDING IN HIS EARS SETTING FORTH THE CONDITIONS TO BE OBSERVED AND THE EXERTIONS TO BE MADE FOR THE DISENCHANTMENT OF DULCINEA,na,na,3576,16000,22.33,test,na
3576-138058-0002_pitch_awgn-snr5,data/attacks/awgn-snr5/3576-138058-0002_pitch.wav,fake,attack,none,awgn-snr5,snr5,AT ONE MOMENT IT SEEMED TO HIM THAT HE WAS IN THE CAVE OF MONTESINOS AND SAW DULCINEA TRANSFORMED INTO A COUNTRY WENCH SKIPPING AND MOUNTING UPON HER SHE ASS AGAIN THAT THE WORDS OF THE SAGE MERLIN WERE SOUNDING IN HIS EARS SETTING FORTH THE CONDITIONS TO BE OBSERVED AND THE EXERTIONS TO BE MADE FOR THE DISENCHANTMENT OF DULCINEA,na,na,3576,16000,22.33,test,na
3576-138058-0002_pitch_awgn-snr10,data/attacks/awgn-snr10/3576-138058-0002_pitch.wav,fake,attack,none,awgn-snr10,snr10,AT ONE MOMENT IT SEEMED TO HIM THAT HE WAS IN THE CAVE OF MONTESINOS AND SAW DULCINEA TRANSFORMED INTO A COUNTRY WENCH SKIPPING AND MOUNTING UPON HER SHE ASS AGAIN THAT THE WORDS OF THE SAGE MERLIN WERE SOUNDING IN HIS EARS SETTING FORTH THE CONDITIONS TO BE OBSERVED AND THE EXERTIONS TO BE MADE FOR THE DISENCHANTMENT OF DULCINEA,na,na,3576,16000,22.33,test,na
3576-138058-0002_pitch_awgn-snr20,data/attacks/awgn-snr20/3576-138058-0002_pitch.wav,fake,attack,none,awgn-snr20,snr20,AT ONE MOMENT IT SEEMED TO HIM THAT HE WAS IN THE CAVE OF MONTESINOS AND SAW DULCINEA TRANSFORMED INTO A COUNTRY WENCH SKIPPING AND MOUNTING UPON HER SHE ASS AGAIN THAT THE WORDS OF THE SAGE MERLIN WERE SOUNDING IN HIS EARS SETTING FORTH THE CONDITIONS TO BE OBSERVED AND THE EXERTIONS TO BE MADE FOR THE DISENCHANTMENT OF DULCINEA,na,na,3576,16000,22.33,test,na
3576-138058-0002_pitch_bandpass-300-3400,data/attacks/bandpass-300-3400/3576-138058-0002_pitch.wav,fake,attack,none,bandpass-300-3400,bandpass300-3400,AT ONE MOMENT IT SEEMED TO HIM THAT HE WAS IN THE CAVE OF MONTESINOS AND SAW DULCINEA TRANSFORMED INTO A COUNTRY WENCH SKIPPING AND MOUNTING UPON HER SHE ASS AGAIN THAT THE WORDS OF THE SAGE MERLIN WERE SOUNDING IN HIS EARS SETTING FORTH THE CONDITIONS TO BE OBSERVED AND THE EXERTIONS TO BE MADE FOR THE DISENCHANTMENT OF DULCINEA,na,na,3576,16000,22.33,test,na
3576-138058-0002_pitch_reverb-rt60-0.2,data/attacks/reverb-rt60-0.2/3576-138058-0002_pitch.wav,fake,attack,none,reverb-rt60-0.2,rt60-0.2,AT ONE MOMENT IT SEEMED TO HIM THAT HE WAS IN THE CAVE OF MONTESINOS AND SAW DULCINEA TRANSFORMED INTO A COUNTRY WENCH SKIPPING AND MOUNTING UPON HER SHE ASS AGAIN THAT THE WORDS OF THE SAGE MERLIN WERE SOUNDING IN HIS EARS SETTING FORTH THE CONDITIONS TO BE OBSERVED AND THE EXERTIONS TO BE MADE FOR THE DISENCHANTMENT OF DULCINEA,na,na,3576,16000,22.33,test,na
3576-138058-0002_pitch_reverb-rt60-0.4,data/attacks/reverb-rt60-0.4/3576-138058-0002_pitch.wav,fake,attack,none,reverb-rt60-0.4,rt60-0.4,AT ONE MOMENT IT SEEMED TO HIM THAT HE WAS IN THE CAVE OF MONTESINOS AND SAW DULCINEA TRANSFORMED INTO A COUNTRY WENCH SKIPPING AND MOUNTING UPON HER SHE ASS AGAIN THAT THE WORDS OF THE SAGE MERLIN WERE SOUNDING IN HIS EARS SETTING FORTH THE CONDITIONS TO BE OBSERVED AND THE EXERTIONS TO BE MADE FOR THE DISENCHANTMENT OF DULCINEA,na,na,3576,16000,22.33,test,na
3576-138058-0002_pitch_reverb-rt60-0.8,data/attacks/reverb-rt60-0.8/3576-138058-0002_pitch.wav,fake,attack,none,reverb-rt60-0.8,rt60-0.8,AT ONE MOMENT IT SEEMED TO HIM THAT HE WAS IN THE CAVE OF MONTESINOS AND SAW DULCINEA TRANSFORMED INTO A COUNTRY WENCH SKIPPING AND MOUNTING UPON HER SHE ASS AGAIN THAT THE WORDS OF THE SAGE MERLIN WERE SOUNDING IN HIS EARS SETTING FORTH THE CONDITIONS TO BE OBSERVED AND THE EXERTIONS TO BE MADE FOR THE DISENCHANTMENT OF DULCINEA,na,na,3576,16000,22.33,test,na
3576-138058-0002_pitch_speed0.9,data/attacks/speed0.9/3576-138058-0002_pitch.wav,fake,attack,none,speed0.9,speed0.9,AT ONE MOMENT IT SEEMED TO HIM THAT HE WAS IN THE CAVE OF MONTESINOS AND SAW DULCINEA TRANSFORMED INTO A COUNTRY WENCH SKIPPING AND MOUNTING UPON HER SHE ASS AGAIN THAT THE WORDS OF THE SAGE MERLIN WERE SOUNDING IN HIS EARS SETTING FORTH THE CONDITIONS TO BE OBSERVED AND THE EXERTIONS TO BE MADE FOR THE DISENCHANTMENT OF DULCINEA,na,na,3576,16000,24.811,test,na
3576-138058-0002_pitch_speed1.1,data/attacks/speed1.1/3576-138058-0002_pitch.wav,fake,attack,none,speed1.1,speed1.1,AT ONE MOMENT IT SEEMED TO HIM THAT HE WAS IN THE CAVE OF MONTESINOS AND SAW DULCINEA TRANSFORMED INTO A COUNTRY WENCH SKIPPING AND MOUNTING UPON HER SHE ASS AGAIN THAT THE WORDS OF THE SAGE MERLIN WERE SOUNDING IN HIS EARS SETTING FORTH THE CONDITIONS TO BE OBSERVED AND THE EXERTIONS TO BE MADE FOR THE DISENCHANTMENT OF DULCINEA,na,na,3576,16000,20.3,test,na
3576-138058-0003_formant_mp3-128k,data/attacks/mp3-128k/3576-138058-0003_formant.wav,fake,attack,none,mp3-128k,mp3-128k,WHO IS TOUCHING ME AND UNTRUSSING ME,na,na,3576,16000,2.51,test,na
3576-138058-0003_formant_mp3-64k,data/attacks/mp3-64k/3576-138058-0003_formant.wav,fake,attack,none,mp3-64k,mp3-64k,WHO IS TOUCHING ME AND UNTRUSSING ME,na,na,3576,16000,2.51,test,na
3576-138058-0003_formant_opus-32k,data/attacks/opus-32k/3576-138058-0003_formant.wav,fake,attack,none,opus-32k,opus-32k,WHO IS TOUCHING ME AND UNTRUSSING ME,na,na,3576,16000,2.51,test,na
3576-138058-0003_formant_g711-8k,data/attacks/g711-8k/3576-138058-0003_formant.wav,fake,attack,none,g711-8k,g711-8k,WHO IS TOUCHING ME AND UNTRUSSING ME,na,na,3576,16000,2.51,test,na
3576-138058-0003_formant_resample-8k,data/attacks/resample-8k/3576-138058-0003_formant.wav,fake,attack,none,resample-8k,8k-roundtrip,WHO IS TOUCHING ME AND UNTRUSSING ME,na,na,3576,16000,2.51,test,na
3576-138058-0003_formant_awgn-snr5,data/attacks/awgn-snr5/3576-138058-0003_formant.wav,fake,attack,none,awgn-snr5,snr5,WHO IS TOUCHING ME AND UNTRUSSING ME,na,na,3576,16000,2.51,test,na
3576-138058-0003_formant_awgn-snr10,data/attacks/awgn-snr10/3576-138058-0003_formant.wav,fake,attack,none,awgn-snr10,snr10,WHO IS TOUCHING ME AND UNTRUSSING ME,na,na,3576,16000,2.51,test,na
3576-138058-0003_formant_awgn-snr20,data/attacks/awgn-snr20/3576-138058-0003_formant.wav,fake,attack,none,awgn-snr20,snr20,WHO IS TOUCHING ME AND UNTRUSSING ME,na,na,3576,16000,2.51,test,na
3576-138058-0003_formant_bandpass-300-3400,data/attacks/bandpass-300-3400/3576-138058-0003_formant.wav,fake,attack,none,bandpass-300-3400,bandpass300-3400,WHO IS TOUCHING ME AND UNTRUSSING ME,na,na,3576,16000,2.51,test,na
3576-138058-0003_formant_reverb-rt60-0.2,data/attacks/reverb-rt60-0.2/3576-138058-0003_formant.wav,fake,attack,none,reverb-rt60-0.2,rt60-0.2,WHO IS TOUCHING ME AND UNTRUSSING ME,na,na,3576,16000,2.51,test,na
3576-138058-0003_formant_reverb-rt60-0.4,data/attacks/reverb-rt60-0.4/3576-138058-0003_formant.wav,fake,attack,none,reverb-rt60-0.4,rt60-0.4,WHO IS TOUCHING ME AND UNTRUSSING ME,na,na,3576,16000,2.51,test,na
3576-138058-0003_formant_reverb-rt60-0.8,data/attacks/reverb-rt60-0.8/3576-138058-0003_formant.wav,fake,attack,none,reverb-rt60-0.8,rt60-0.8,WHO IS TOUCHING ME AND UNTRUSSING ME,na,na,3576,16000,2.51,test,na
3576-138058-0003_formant_speed0.9,data/attacks/speed0.9/3576-138058-0003_formant.wav,fake,attack,none,speed0.9,speed0.9,WHO IS TOUCHING ME AND UNTRUSSING ME,na,na,3576,16000,2.789,test,na
3576-138058-0003_formant_speed1.1,data/attacks/speed1.1/3576-138058-0003_formant.wav,fake,attack,none,speed1.1,speed1.1,WHO IS TOUCHING ME AND UNTRUSSING ME,na,na,3576,16000,2.282,test,na
3576-138058-0003_melvoc_mp3-128k,data/attacks/mp3-128k/3576-138058-0003_melvoc.wav,fake,attack,none,mp3-128k,mp3-128k,WHO IS TOUCHING ME AND UNTRUSSING ME,na,na,3576,16000,2.504,test,na
3576-138058-0003_melvoc_mp3-64k,data/attacks/mp3-64k/3576-138058-0003_melvoc.wav,fake,attack,none,mp3-64k,mp3-64k,WHO IS TOUCHING ME AND UNTRUSSING ME,na,na,3576,16000,2.504,test,na
3576-138058-0003_melvoc_opus-32k,data/attacks/opus-32k/3576-138058-0003_melvoc.wav,fake,attack,none,opus-32k,opus-32k,WHO IS TOUCHING ME AND UNTRUSSING ME,na,na,3576,16000,2.504,test,na
3576-138058-0003_melvoc_g711-8k,data/attacks/g711-8k/3576-138058-0003_melvoc.wav,fake,attack,none,g711-8k,g711-8k,WHO IS TOUCHING ME AND UNTRUSSING ME,na,na,3576,16000,2.504,test,na
3576-138058-0003_melvoc_resample-8k,data/attacks/resample-8k/3576-138058-0003_melvoc.wav,fake,attack,none,resample-8k,8k-roundtrip,WHO IS TOUCHING ME AND UNTRUSSING ME,na,na,3576,16000,2.504,test,na
3576-138058-0003_melvoc_awgn-snr5,data/attacks/awgn-snr5/3576-138058-0003_melvoc.wav,fake,attack,none,awgn-snr5,snr5,WHO IS TOUCHING ME AND UNTRUSSING ME,na,na,3576,16000,2.504,test,na
3576-138058-0003_melvoc_awgn-snr10,data/attacks/awgn-snr10/3576-138058-0003_melvoc.wav,fake,attack,none,awgn-snr10,snr10,WHO IS TOUCHING ME AND UNTRUSSING ME,na,na,3576,16000,2.504,test,na
3576-138058-0003_melvoc_awgn-snr20,data/attacks/awgn-snr20/3576-138058-0003_melvoc.wav,fake,attack,none,awgn-snr20,snr20,WHO IS TOUCHING ME AND UNTRUSSING ME,na,na,3576,16000,2.504,test,na
3576-138058-0003_melvoc_bandpass-300-3400,data/attacks/bandpass-300-3400/3576-138058-0003_melvoc.wav,fake,attack,none,bandpass-300-3400,bandpass300-3400,WHO IS TOUCHING ME AND UNTRUSSING ME,na,na,3576,16000,2.504,test,na
3576-138058-0003_melvoc_reverb-rt60-0.2,data/attacks/reverb-rt60-0.2/3576-138058-0003_melvoc.wav,fake,attack,none,reverb-rt60-0.2,rt60-0.2,WHO IS TOUCHING ME AND UNTRUSSING ME,na,na,3576,16000,2.504,test,na
3576-138058-0003_melvoc_reverb-rt60-0.4,data/attacks/reverb-rt60-0.4/3576-138058-0003_melvoc.wav,fake,attack,none,reverb-rt60-0.4,rt60-0.4,WHO IS TOUCHING ME AND UNTRUSSING ME,na,na,3576,16000,2.504,test,na
3576-138058-0003_melvoc_reverb-rt60-0.8,data/attacks/reverb-rt60-0.8/3576-138058-0003_melvoc.wav,fake,attack,none,reverb-rt60-0.8,rt60-0.8,WHO IS TOUCHING ME AND UNTRUSSING ME,na,na,3576,16000,2.504,test,na
3576-138058-0003_melvoc_speed0.9,data/attacks/speed0.9/3576-138058-0003_melvoc.wav,fake,attack,none,speed0.9,speed0.9,WHO IS TOUCHING ME AND UNTRUSSING ME,na,na,3576,16000,2.782,test,na
3576-138058-0003_melvoc_speed1.1,data/attacks/speed1.1/3576-138058-0003_melvoc.wav,fake,attack,none,speed1.1,speed1.1,WHO IS TOUCHING ME AND UNTRUSSING ME,na,na,3576,16000,2.276,test,na
3576-138058-0003_pitch_mp3-128k,data/attacks/mp3-128k/3576-138058-0003_pitch.wav,fake,attack,none,mp3-128k,mp3-128k,WHO IS TOUCHING ME AND UNTRUSSING ME,na,na,3576,16000,2.51,test,na
3576-138058-0003_pitch_mp3-64k,data/attacks/mp3-64k/3576-138058-0003_pitch.wav,fake,attack,none,mp3-64k,mp3-64k,WHO IS TOUCHING ME AND UNTRUSSING ME,na,na,3576,16000,2.51,test,na
3576-138058-0003_pitch_opus-32k,data/attacks/opus-32k/3576-138058-0003_pitch.wav,fake,attack,none,opus-32k,opus-32k,WHO IS TOUCHING ME AND UNTRUSSING ME,na,na,3576,16000,2.51,test,na
3576-138058-0003_pitch_g711-8k,data/attacks/g711-8k/3576-138058-0003_pitch.wav,fake,attack,none,g711-8k,g711-8k,WHO IS TOUCHING ME AND UNTRUSSING ME,na,na,3576,16000,2.51,test,na
3576-138058-0003_pitch_resample-8k,data/attacks/resample-8k/3576-138058-0003_pitch.wav,fake,attack,none,resample-8k,8k-roundtrip,WHO IS TOUCHING ME AND UNTRUSSING ME,na,na,3576,16000,2.51,test,na
3576-138058-0003_pitch_awgn-snr5,data/attacks/awgn-snr5/3576-138058-0003_pitch.wav,fake,attack,none,awgn-snr5,snr5,WHO IS TOUCHING ME AND UNTRUSSING ME,na,na,3576,16000,2.51,test,na
3576-138058-0003_pitch_awgn-snr10,data/attacks/awgn-snr10/3576-138058-0003_pitch.wav,fake,attack,none,awgn-snr10,snr10,WHO IS TOUCHING ME AND UNTRUSSING ME,na,na,3576,16000,2.51,test,na
3576-138058-0003_pitch_awgn-snr20,data/attacks/awgn-snr20/3576-138058-0003_pitch.wav,fake,attack,none,awgn-snr20,snr20,WHO IS TOUCHING ME AND UNTRUSSING ME,na,na,3576,16000,2.51,test,na
3576-138058-0003_pitch_bandpass-300-3400,data/attacks/bandpass-300-3400/3576-138058-0003_pitch.wav,fake,attack,none,bandpass-300-3400,bandpass300-3400,WHO IS TOUCHING ME AND UNTRUSSING ME,na,na,3576,16000,2.51,test,na
3576-138058-0003_pitch_reverb-rt60-0.2,data/attacks/reverb-rt60-0.2/3576-138058-0003_pitch.wav,fake,attack,none,reverb-rt60-0.2,rt60-0.2,WHO IS TOUCHING ME AND UNTRUSSING ME,na,na,3576,16000,2.51,test,na
3576-138058-0003_pitch_reverb-rt60-0.4,data/attacks/reverb-rt60-0.4/3576-138058-0003_pitch.wav,fake,attack,none,reverb-rt60-0.4,rt60-0.4,WHO IS TOUCHING ME AND UNTRUSSING ME,na,na,3576,16000,2.51,test,na
3576-138058-0003_pitch_reverb-rt60-0.8,data/attacks/reverb-rt60-0.8/3576-138058-0003_pitch.wav,fake,attack,none,reverb-rt60-0.8,rt60-0.8,WHO IS TOUCHING ME AND UNTRUSSING ME,na,na,3576,16000,2.51,test,na
3576-138058-0003_pitch_speed0.9,data/attacks/speed0.9/3576-138058-0003_pitch.wav,fake,attack,none,speed0.9,speed0.9,WHO IS TOUCHING ME AND UNTRUSSING ME,na,na,3576,16000,2.789,test,na
3576-138058-0003_pitch_speed1.1,data/attacks/speed1.1/3576-138058-0003_pitch.wav,fake,attack,none,speed1.1,speed1.1,WHO IS TOUCHING ME AND UNTRUSSING ME,na,na,3576,16000,2.282,test,na
3576-138058-0004_formant_mp3-128k,data/attacks/mp3-128k/3576-138058-0004_formant.wav,fake,attack,none,mp3-128k,mp3-128k,DULCINEA IS PERISHING THOU ART LIVING ON REGARDLESS I AM DYING OF HOPE DEFERRED THEREFORE UNTRUSS THYSELF WITH A GOOD WILL FOR MINE IT IS HERE IN THIS RETIRED SPOT TO GIVE THEE AT LEAST TWO THOUSAND LASHES,na,na,3576,16000,16.56,test,na
3576-138058-0004_formant_mp3-64k,data/attacks/mp3-64k/3576-138058-0004_formant.wav,fake,attack,none,mp3-64k,mp3-64k,DULCINEA IS PERISHING THOU ART LIVING ON REGARDLESS I AM DYING OF HOPE DEFERRED THEREFORE UNTRUSS THYSELF WITH A GOOD WILL FOR MINE IT IS HERE IN THIS RETIRED SPOT TO GIVE THEE AT LEAST TWO THOUSAND LASHES,na,na,3576,16000,16.56,test,na
3576-138058-0004_formant_opus-32k,data/attacks/opus-32k/3576-138058-0004_formant.wav,fake,attack,none,opus-32k,opus-32k,DULCINEA IS PERISHING THOU ART LIVING ON REGARDLESS I AM DYING OF HOPE DEFERRED THEREFORE UNTRUSS THYSELF WITH A GOOD WILL FOR MINE IT IS HERE IN THIS RETIRED SPOT TO GIVE THEE AT LEAST TWO THOUSAND LASHES,na,na,3576,16000,16.56,test,na
3576-138058-0004_formant_g711-8k,data/attacks/g711-8k/3576-138058-0004_formant.wav,fake,attack,none,g711-8k,g711-8k,DULCINEA IS PERISHING THOU ART LIVING ON REGARDLESS I AM DYING OF HOPE DEFERRED THEREFORE UNTRUSS THYSELF WITH A GOOD WILL FOR MINE IT IS HERE IN THIS RETIRED SPOT TO GIVE THEE AT LEAST TWO THOUSAND LASHES,na,na,3576,16000,16.56,test,na
3576-138058-0004_formant_resample-8k,data/attacks/resample-8k/3576-138058-0004_formant.wav,fake,attack,none,resample-8k,8k-roundtrip,DULCINEA IS PERISHING THOU ART LIVING ON REGARDLESS I AM DYING OF HOPE DEFERRED THEREFORE UNTRUSS THYSELF WITH A GOOD WILL FOR MINE IT IS HERE IN THIS RETIRED SPOT TO GIVE THEE AT LEAST TWO THOUSAND LASHES,na,na,3576,16000,16.56,test,na
3576-138058-0004_formant_awgn-snr5,data/attacks/awgn-snr5/3576-138058-0004_formant.wav,fake,attack,none,awgn-snr5,snr5,DULCINEA IS PERISHING THOU ART LIVING ON REGARDLESS I AM DYING OF HOPE DEFERRED THEREFORE UNTRUSS THYSELF WITH A GOOD WILL FOR MINE IT IS HERE IN THIS RETIRED SPOT TO GIVE THEE AT LEAST TWO THOUSAND LASHES,na,na,3576,16000,16.56,test,na
3576-138058-0004_formant_awgn-snr10,data/attacks/awgn-snr10/3576-138058-0004_formant.wav,fake,attack,none,awgn-snr10,snr10,DULCINEA IS PERISHING THOU ART LIVING ON REGARDLESS I AM DYING OF HOPE DEFERRED THEREFORE UNTRUSS THYSELF WITH A GOOD WILL FOR MINE IT IS HERE IN THIS RETIRED SPOT TO GIVE THEE AT LEAST TWO THOUSAND LASHES,na,na,3576,16000,16.56,test,na
3576-138058-0004_formant_awgn-snr20,data/attacks/awgn-snr20/3576-138058-0004_formant.wav,fake,attack,none,awgn-snr20,snr20,DULCINEA IS PERISHING THOU ART LIVING ON REGARDLESS I AM DYING OF HOPE DEFERRED THEREFORE UNTRUSS THYSELF WITH A GOOD WILL FOR MINE IT IS HERE IN THIS RETIRED SPOT TO GIVE THEE AT LEAST TWO THOUSAND LASHES,na,na,3576,16000,16.56,test,na
3576-138058-0004_formant_bandpass-300-3400,data/attacks/bandpass-300-3400/3576-138058-0004_formant.wav,fake,attack,none,bandpass-300-3400,bandpass300-3400,DULCINEA IS PERISHING THOU ART LIVING ON REGARDLESS I AM DYING OF HOPE DEFERRED THEREFORE UNTRUSS THYSELF WITH A GOOD WILL FOR MINE IT IS HERE IN THIS RETIRED SPOT TO GIVE THEE AT LEAST TWO THOUSAND LASHES,na,na,3576,16000,16.56,test,na
3576-138058-0004_formant_reverb-rt60-0.2,data/attacks/reverb-rt60-0.2/3576-138058-0004_formant.wav,fake,attack,none,reverb-rt60-0.2,rt60-0.2,DULCINEA IS PERISHING THOU ART LIVING ON REGARDLESS I AM DYING OF HOPE DEFERRED THEREFORE UNTRUSS THYSELF WITH A GOOD WILL FOR MINE IT IS HERE IN THIS RETIRED SPOT TO GIVE THEE AT LEAST TWO THOUSAND LASHES,na,na,3576,16000,16.56,test,na
3576-138058-0004_formant_reverb-rt60-0.4,data/attacks/reverb-rt60-0.4/3576-138058-0004_formant.wav,fake,attack,none,reverb-rt60-0.4,rt60-0.4,DULCINEA IS PERISHING THOU ART LIVING ON REGARDLESS I AM DYING OF HOPE DEFERRED THEREFORE UNTRUSS THYSELF WITH A GOOD WILL FOR MINE IT IS HERE IN THIS RETIRED SPOT TO GIVE THEE AT LEAST TWO THOUSAND LASHES,na,na,3576,16000,16.56,test,na
3576-138058-0004_formant_reverb-rt60-0.8,data/attacks/reverb-rt60-0.8/3576-138058-0004_formant.wav,fake,attack,none,reverb-rt60-0.8,rt60-0.8,DULCINEA IS PERISHING THOU ART LIVING ON REGARDLESS I AM DYING OF HOPE DEFERRED THEREFORE UNTRUSS THYSELF WITH A GOOD WILL FOR MINE IT IS HERE IN THIS RETIRED SPOT TO GIVE THEE AT LEAST TWO THOUSAND LASHES,na,na,3576,16000,16.56,test,na
3576-138058-0004_formant_speed0.9,data/attacks/speed0.9/3576-138058-0004_formant.wav,fake,attack,none,speed0.9,speed0.9,DULCINEA IS PERISHING THOU ART LIVING ON REGARDLESS I AM DYING OF HOPE DEFERRED THEREFORE UNTRUSS THYSELF WITH A GOOD WILL FOR MINE IT IS HERE IN THIS RETIRED SPOT TO GIVE THEE AT LEAST TWO THOUSAND LASHES,na,na,3576,16000,18.4,test,na
3576-138058-0004_formant_speed1.1,data/attacks/speed1.1/3576-138058-0004_formant.wav,fake,attack,none,speed1.1,speed1.1,DULCINEA IS PERISHING THOU ART LIVING ON REGARDLESS I AM DYING OF HOPE DEFERRED THEREFORE UNTRUSS THYSELF WITH A GOOD WILL FOR MINE IT IS HERE IN THIS RETIRED SPOT TO GIVE THEE AT LEAST TWO THOUSAND LASHES,na,na,3576,16000,15.055,test,na
3576-138058-0004_melvoc_mp3-128k,data/attacks/mp3-128k/3576-138058-0004_melvoc.wav,fake,attack,none,mp3-128k,mp3-128k,DULCINEA IS PERISHING THOU ART LIVING ON REGARDLESS I AM DYING OF HOPE DEFERRED THEREFORE UNTRUSS THYSELF WITH A GOOD WILL FOR MINE IT IS HERE IN THIS RETIRED SPOT TO GIVE THEE AT LEAST TWO THOUSAND LASHES,na,na,3576,16000,16.56,test,na
3576-138058-0004_melvoc_mp3-64k,data/attacks/mp3-64k/3576-138058-0004_melvoc.wav,fake,attack,none,mp3-64k,mp3-64k,DULCINEA IS PERISHING THOU ART LIVING ON REGARDLESS I AM DYING OF HOPE DEFERRED THEREFORE UNTRUSS THYSELF WITH A GOOD WILL FOR MINE IT IS HERE IN THIS RETIRED SPOT TO GIVE THEE AT LEAST TWO THOUSAND LASHES,na,na,3576,16000,16.56,test,na
3576-138058-0004_melvoc_opus-32k,data/attacks/opus-32k/3576-138058-0004_melvoc.wav,fake,attack,none,opus-32k,opus-32k,DULCINEA IS PERISHING THOU ART LIVING ON REGARDLESS I AM DYING OF HOPE DEFERRED THEREFORE UNTRUSS THYSELF WITH A GOOD WILL FOR MINE IT IS HERE IN THIS RETIRED SPOT TO GIVE THEE AT LEAST TWO THOUSAND LASHES,na,na,3576,16000,16.56,test,na
3576-138058-0004_melvoc_g711-8k,data/attacks/g711-8k/3576-138058-0004_melvoc.wav,fake,attack,none,g711-8k,g711-8k,DULCINEA IS PERISHING THOU ART LIVING ON REGARDLESS I AM DYING OF HOPE DEFERRED THEREFORE UNTRUSS THYSELF WITH A GOOD WILL FOR MINE IT IS HERE IN THIS RETIRED SPOT TO GIVE THEE AT LEAST TWO THOUSAND LASHES,na,na,3576,16000,16.56,test,na
3576-138058-0004_melvoc_resample-8k,data/attacks/resample-8k/3576-138058-0004_melvoc.wav,fake,attack,none,resample-8k,8k-roundtrip,DULCINEA IS PERISHING THOU ART LIVING ON REGARDLESS I AM DYING OF HOPE DEFERRED THEREFORE UNTRUSS THYSELF WITH A GOOD WILL FOR MINE IT IS HERE IN THIS RETIRED SPOT TO GIVE THEE AT LEAST TWO THOUSAND LASHES,na,na,3576,16000,16.56,test,na
3576-138058-0004_melvoc_awgn-snr5,data/attacks/awgn-snr5/3576-138058-0004_melvoc.wav,fake,attack,none,awgn-snr5,snr5,DULCINEA IS PERISHING THOU ART LIVING ON REGARDLESS I AM DYING OF HOPE DEFERRED THEREFORE UNTRUSS THYSELF WITH A GOOD WILL FOR MINE IT IS HERE IN THIS RETIRED SPOT TO GIVE THEE AT LEAST TWO THOUSAND LASHES,na,na,3576,16000,16.56,test,na
3576-138058-0004_melvoc_awgn-snr10,data/attacks/awgn-snr10/3576-138058-0004_melvoc.wav,fake,attack,none,awgn-snr10,snr10,DULCINEA IS PERISHING THOU ART LIVING ON REGARDLESS I AM DYING OF HOPE DEFERRED THEREFORE UNTRUSS THYSELF WITH A GOOD WILL FOR MINE IT IS HERE IN THIS RETIRED SPOT TO GIVE THEE AT LEAST TWO THOUSAND LASHES,na,na,3576,16000,16.56,test,na
3576-138058-0004_melvoc_awgn-snr20,data/attacks/awgn-snr20/3576-138058-0004_melvoc.wav,fake,attack,none,awgn-snr20,snr20,DULCINEA IS PERISHING THOU ART LIVING ON REGARDLESS I AM DYING OF HOPE DEFERRED THEREFORE UNTRUSS THYSELF WITH A GOOD WILL FOR MINE IT IS HERE IN THIS RETIRED SPOT TO GIVE THEE AT LEAST TWO THOUSAND LASHES,na,na,3576,16000,16.56,test,na
3576-138058-0004_melvoc_bandpass-300-3400,data/attacks/bandpass-300-3400/3576-138058-0004_melvoc.wav,fake,attack,none,bandpass-300-3400,bandpass300-3400,DULCINEA IS PERISHING THOU ART LIVING ON REGARDLESS I AM DYING OF HOPE DEFERRED THEREFORE UNTRUSS THYSELF WITH A GOOD WILL FOR MINE IT IS HERE IN THIS RETIRED SPOT TO GIVE THEE AT LEAST TWO THOUSAND LASHES,na,na,3576,16000,16.56,test,na
3576-138058-0004_melvoc_reverb-rt60-0.2,data/attacks/reverb-rt60-0.2/3576-138058-0004_melvoc.wav,fake,attack,none,reverb-rt60-0.2,rt60-0.2,DULCINEA IS PERISHING THOU ART LIVING ON REGARDLESS I AM DYING OF HOPE DEFERRED THEREFORE UNTRUSS THYSELF WITH A GOOD WILL FOR MINE IT IS HERE IN THIS RETIRED SPOT TO GIVE THEE AT LEAST TWO THOUSAND LASHES,na,na,3576,16000,16.56,test,na
3576-138058-0004_melvoc_reverb-rt60-0.4,data/attacks/reverb-rt60-0.4/3576-138058-0004_melvoc.wav,fake,attack,none,reverb-rt60-0.4,rt60-0.4,DULCINEA IS PERISHING THOU ART LIVING ON REGARDLESS I AM DYING OF HOPE DEFERRED THEREFORE UNTRUSS THYSELF WITH A GOOD WILL FOR MINE IT IS HERE IN THIS RETIRED SPOT TO GIVE THEE AT LEAST TWO THOUSAND LASHES,na,na,3576,16000,16.56,test,na
3576-138058-0004_melvoc_reverb-rt60-0.8,data/attacks/reverb-rt60-0.8/3576-138058-0004_melvoc.wav,fake,attack,none,reverb-rt60-0.8,rt60-0.8,DULCINEA IS PERISHING THOU ART LIVING ON REGARDLESS I AM DYING OF HOPE DEFERRED THEREFORE UNTRUSS THYSELF WITH A GOOD WILL FOR MINE IT IS HERE IN THIS RETIRED SPOT TO GIVE THEE AT LEAST TWO THOUSAND LASHES,na,na,3576,16000,16.56,test,na
3576-138058-0004_melvoc_speed0.9,data/attacks/speed0.9/3576-138058-0004_melvoc.wav,fake,attack,none,speed0.9,speed0.9,DULCINEA IS PERISHING THOU ART LIVING ON REGARDLESS I AM DYING OF HOPE DEFERRED THEREFORE UNTRUSS THYSELF WITH A GOOD WILL FOR MINE IT IS HERE IN THIS RETIRED SPOT TO GIVE THEE AT LEAST TWO THOUSAND LASHES,na,na,3576,16000,18.4,test,na
3576-138058-0004_melvoc_speed1.1,data/attacks/speed1.1/3576-138058-0004_melvoc.wav,fake,attack,none,speed1.1,speed1.1,DULCINEA IS PERISHING THOU ART LIVING ON REGARDLESS I AM DYING OF HOPE DEFERRED THEREFORE UNTRUSS THYSELF WITH A GOOD WILL FOR MINE IT IS HERE IN THIS RETIRED SPOT TO GIVE THEE AT LEAST TWO THOUSAND LASHES,na,na,3576,16000,15.055,test,na
3576-138058-0004_pitch_mp3-128k,data/attacks/mp3-128k/3576-138058-0004_pitch.wav,fake,attack,none,mp3-128k,mp3-128k,DULCINEA IS PERISHING THOU ART LIVING ON REGARDLESS I AM DYING OF HOPE DEFERRED THEREFORE UNTRUSS THYSELF WITH A GOOD WILL FOR MINE IT IS HERE IN THIS RETIRED SPOT TO GIVE THEE AT LEAST TWO THOUSAND LASHES,na,na,3576,16000,16.56,test,na
3576-138058-0004_pitch_mp3-64k,data/attacks/mp3-64k/3576-138058-0004_pitch.wav,fake,attack,none,mp3-64k,mp3-64k,DULCINEA IS PERISHING THOU ART LIVING ON REGARDLESS I AM DYING OF HOPE DEFERRED THEREFORE UNTRUSS THYSELF WITH A GOOD WILL FOR MINE IT IS HERE IN THIS RETIRED SPOT TO GIVE THEE AT LEAST TWO THOUSAND LASHES,na,na,3576,16000,16.56,test,na
3576-138058-0004_pitch_opus-32k,data/attacks/opus-32k/3576-138058-0004_pitch.wav,fake,attack,none,opus-32k,opus-32k,DULCINEA IS PERISHING THOU ART LIVING ON REGARDLESS I AM DYING OF HOPE DEFERRED THEREFORE UNTRUSS THYSELF WITH A GOOD WILL FOR MINE IT IS HERE IN THIS RETIRED SPOT TO GIVE THEE AT LEAST TWO THOUSAND LASHES,na,na,3576,16000,16.56,test,na
3576-138058-0004_pitch_g711-8k,data/attacks/g711-8k/3576-138058-0004_pitch.wav,fake,attack,none,g711-8k,g711-8k,DULCINEA IS PERISHING THOU ART LIVING ON REGARDLESS I AM DYING OF HOPE DEFERRED THEREFORE UNTRUSS THYSELF WITH A GOOD WILL FOR MINE IT IS HERE IN THIS RETIRED SPOT TO GIVE THEE AT LEAST TWO THOUSAND LASHES,na,na,3576,16000,16.56,test,na
3576-138058-0004_pitch_resample-8k,data/attacks/resample-8k/3576-138058-0004_pitch.wav,fake,attack,none,resample-8k,8k-roundtrip,DULCINEA IS PERISHING THOU ART LIVING ON REGARDLESS I AM DYING OF HOPE DEFERRED THEREFORE UNTRUSS THYSELF WITH A GOOD WILL FOR MINE IT IS HERE IN THIS RETIRED SPOT TO GIVE THEE AT LEAST TWO THOUSAND LASHES,na,na,3576,16000,16.56,test,na
3576-138058-0004_pitch_awgn-snr5,data/attacks/awgn-snr5/3576-138058-0004_pitch.wav,fake,attack,none,awgn-snr5,snr5,DULCINEA IS PERISHING THOU ART LIVING ON REGARDLESS I AM DYING OF HOPE DEFERRED THEREFORE UNTRUSS THYSELF WITH A GOOD WILL FOR MINE IT IS HERE IN THIS RETIRED SPOT TO GIVE THEE AT LEAST TWO THOUSAND LASHES,na,na,3576,16000,16.56,test,na
3576-138058-0004_pitch_awgn-snr10,data/attacks/awgn-snr10/3576-138058-0004_pitch.wav,fake,attack,none,awgn-snr10,snr10,DULCINEA IS PERISHING THOU ART LIVING ON REGARDLESS I AM DYING OF HOPE DEFERRED THEREFORE UNTRUSS THYSELF WITH A GOOD WILL FOR MINE IT IS HERE IN THIS RETIRED SPOT TO GIVE THEE AT LEAST TWO THOUSAND LASHES,na,na,3576,16000,16.56,test,na
3576-138058-0004_pitch_awgn-snr20,data/attacks/awgn-snr20/3576-138058-0004_pitch.wav,fake,attack,none,awgn-snr20,snr20,DULCINEA IS PERISHING THOU ART LIVING ON REGARDLESS I AM DYING OF HOPE DEFERRED THEREFORE UNTRUSS THYSELF WITH A GOOD WILL FOR MINE IT IS HERE IN THIS RETIRED SPOT TO GIVE THEE AT LEAST TWO THOUSAND LASHES,na,na,3576,16000,16.56,test,na
3576-138058-0004_pitch_bandpass-300-3400,data/attacks/bandpass-300-3400/3576-138058-0004_pitch.wav,fake,attack,none,bandpass-300-3400,bandpass300-3400,DULCINEA IS PERISHING THOU ART LIVING ON REGARDLESS I AM DYING OF HOPE DEFERRED THEREFORE UNTRUSS THYSELF WITH A GOOD WILL FOR MINE IT IS HERE IN THIS RETIRED SPOT TO GIVE THEE AT LEAST TWO THOUSAND LASHES,na,na,3576,16000,16.56,test,na
3576-138058-0004_pitch_reverb-rt60-0.2,data/attacks/reverb-rt60-0.2/3576-138058-0004_pitch.wav,fake,attack,none,reverb-rt60-0.2,rt60-0.2,DULCINEA IS PERISHING THOU ART LIVING ON REGARDLESS I AM DYING OF HOPE DEFERRED THEREFORE UNTRUSS THYSELF WITH A GOOD WILL FOR MINE IT IS HERE IN THIS RETIRED SPOT TO GIVE THEE AT LEAST TWO THOUSAND LASHES,na,na,3576,16000,16.56,test,na
3576-138058-0004_pitch_reverb-rt60-0.4,data/attacks/reverb-rt60-0.4/3576-138058-0004_pitch.wav,fake,attack,none,reverb-rt60-0.4,rt60-0.4,DULCINEA IS PERISHING THOU ART LIVING ON REGARDLESS I AM DYING OF HOPE DEFERRED THEREFORE UNTRUSS THYSELF WITH A GOOD WILL FOR MINE IT IS HERE IN THIS RETIRED SPOT TO GIVE THEE AT LEAST TWO THOUSAND LASHES,na,na,3576,16000,16.56,test,na
3576-138058-0004_pitch_reverb-rt60-0.8,data/attacks/reverb-rt60-0.8/3576-138058-0004_pitch.wav,fake,attack,none,reverb-rt60-0.8,rt60-0.8,DULCINEA IS PERISHING THOU ART LIVING ON REGARDLESS I AM DYING OF HOPE DEFERRED THEREFORE UNTRUSS THYSELF WITH A GOOD WILL FOR MINE IT IS HERE IN THIS RETIRED SPOT TO GIVE THEE AT LEAST TWO THOUSAND LASHES,na,na,3576,16000,16.56,test,na
3576-138058-0004_pitch_speed0.9,data/attacks/speed0.9/3576-138058-0004_pitch.wav,fake,attack,none,speed0.9,speed0.9,DULCINEA IS PERISHING THOU ART LIVING ON REGARDLESS I AM DYING OF HOPE DEFERRED THEREFORE UNTRUSS THYSELF WITH A GOOD WILL FOR MINE IT IS HERE IN THIS RETIRED SPOT TO GIVE THEE AT LEAST TWO THOUSAND LASHES,na,na,3576,16000,18.4,test,na
3576-138058-0004_pitch_speed1.1,data/attacks/speed1.1/3576-138058-0004_pitch.wav,fake,attack,none,speed1.1,speed1.1,DULCINEA IS PERISHING THOU ART LIVING ON REGARDLESS I AM DYING OF HOPE DEFERRED THEREFORE UNTRUSS THYSELF WITH A GOOD WILL FOR MINE IT IS HERE IN THIS RETIRED SPOT TO GIVE THEE AT LEAST TWO THOUSAND LASHES,na,na,3576,16000,15.055,test,na
3576-138058-0005_formant_mp3-128k,data/attacks/mp3-128k/3576-138058-0005_formant.wav,fake,attack,none,mp3-128k,mp3-128k,SEEING THIS SANCHO GOT UP AND GRAPPLING WITH HIS MASTER HE GRIPPED HIM WITH ALL HIS MIGHT IN HIS ARMS GIVING HIM A TRIP WITH THE HEEL STRETCHED HIM ON THE GROUND ON HIS BACK AND PRESSING HIS RIGHT KNEE ON HIS CHEST HELD HIS HANDS IN HIS OWN SO THAT HE COULD NEITHER MOVE NOR BREATHE,na,na,3576,16000,16.655,test,na
3576-138058-0005_formant_mp3-64k,data/attacks/mp3-64k/3576-138058-0005_formant.wav,fake,attack,none,mp3-64k,mp3-64k,SEEING THIS SANCHO GOT UP AND GRAPPLING WITH HIS MASTER HE GRIPPED HIM WITH ALL HIS MIGHT IN HIS ARMS GIVING HIM A TRIP WITH THE HEEL STRETCHED HIM ON THE GROUND ON HIS BACK AND PRESSING HIS RIGHT KNEE ON HIS CHEST HELD HIS HANDS IN HIS OWN SO THAT HE COULD NEITHER MOVE NOR BREATHE,na,na,3576,16000,16.655,test,na
3576-138058-0005_formant_opus-32k,data/attacks/opus-32k/3576-138058-0005_formant.wav,fake,attack,none,opus-32k,opus-32k,SEEING THIS SANCHO GOT UP AND GRAPPLING WITH HIS MASTER HE GRIPPED HIM WITH ALL HIS MIGHT IN HIS ARMS GIVING HIM A TRIP WITH THE HEEL STRETCHED HIM ON THE GROUND ON HIS BACK AND PRESSING HIS RIGHT KNEE ON HIS CHEST HELD HIS HANDS IN HIS OWN SO THAT HE COULD NEITHER MOVE NOR BREATHE,na,na,3576,16000,16.655,test,na
3576-138058-0005_formant_g711-8k,data/attacks/g711-8k/3576-138058-0005_formant.wav,fake,attack,none,g711-8k,g711-8k,SEEING THIS SANCHO GOT UP AND GRAPPLING WITH HIS MASTER HE GRIPPED HIM WITH ALL HIS MIGHT IN HIS ARMS GIVING HIM A TRIP WITH THE HEEL STRETCHED HIM ON THE GROUND ON HIS BACK AND PRESSING HIS RIGHT KNEE ON HIS CHEST HELD HIS HANDS IN HIS OWN SO THAT HE COULD NEITHER MOVE NOR BREATHE,na,na,3576,16000,16.655,test,na
3576-138058-0005_formant_resample-8k,data/attacks/resample-8k/3576-138058-0005_formant.wav,fake,attack,none,resample-8k,8k-roundtrip,SEEING THIS SANCHO GOT UP AND GRAPPLING WITH HIS MASTER HE GRIPPED HIM WITH ALL HIS MIGHT IN HIS ARMS GIVING HIM A TRIP WITH THE HEEL STRETCHED HIM ON THE GROUND ON HIS BACK AND PRESSING HIS RIGHT KNEE ON HIS CHEST HELD HIS HANDS IN HIS OWN SO THAT HE COULD NEITHER MOVE NOR BREATHE,na,na,3576,16000,16.655,test,na
3576-138058-0005_formant_awgn-snr5,data/attacks/awgn-snr5/3576-138058-0005_formant.wav,fake,attack,none,awgn-snr5,snr5,SEEING THIS SANCHO GOT UP AND GRAPPLING WITH HIS MASTER HE GRIPPED HIM WITH ALL HIS MIGHT IN HIS ARMS GIVING HIM A TRIP WITH THE HEEL STRETCHED HIM ON THE GROUND ON HIS BACK AND PRESSING HIS RIGHT KNEE ON HIS CHEST HELD HIS HANDS IN HIS OWN SO THAT HE COULD NEITHER MOVE NOR BREATHE,na,na,3576,16000,16.655,test,na
3576-138058-0005_formant_awgn-snr10,data/attacks/awgn-snr10/3576-138058-0005_formant.wav,fake,attack,none,awgn-snr10,snr10,SEEING THIS SANCHO GOT UP AND GRAPPLING WITH HIS MASTER HE GRIPPED HIM WITH ALL HIS MIGHT IN HIS ARMS GIVING HIM A TRIP WITH THE HEEL STRETCHED HIM ON THE GROUND ON HIS BACK AND PRESSING HIS RIGHT KNEE ON HIS CHEST HELD HIS HANDS IN HIS OWN SO THAT HE COULD NEITHER MOVE NOR BREATHE,na,na,3576,16000,16.655,test,na
3576-138058-0005_formant_awgn-snr20,data/attacks/awgn-snr20/3576-138058-0005_formant.wav,fake,attack,none,awgn-snr20,snr20,SEEING THIS SANCHO GOT UP AND GRAPPLING WITH HIS MASTER HE GRIPPED HIM WITH ALL HIS MIGHT IN HIS ARMS GIVING HIM A TRIP WITH THE HEEL STRETCHED HIM ON THE GROUND ON HIS BACK AND PRESSING HIS RIGHT KNEE ON HIS CHEST HELD HIS HANDS IN HIS OWN SO THAT HE COULD NEITHER MOVE NOR BREATHE,na,na,3576,16000,16.655,test,na
3576-138058-0005_formant_bandpass-300-3400,data/attacks/bandpass-300-3400/3576-138058-0005_formant.wav,fake,attack,none,bandpass-300-3400,bandpass300-3400,SEEING THIS SANCHO GOT UP AND GRAPPLING WITH HIS MASTER HE GRIPPED HIM WITH ALL HIS MIGHT IN HIS ARMS GIVING HIM A TRIP WITH THE HEEL STRETCHED HIM ON THE GROUND ON HIS BACK AND PRESSING HIS RIGHT KNEE ON HIS CHEST HELD HIS HANDS IN HIS OWN SO THAT HE COULD NEITHER MOVE NOR BREATHE,na,na,3576,16000,16.655,test,na
3576-138058-0005_formant_reverb-rt60-0.2,data/attacks/reverb-rt60-0.2/3576-138058-0005_formant.wav,fake,attack,none,reverb-rt60-0.2,rt60-0.2,SEEING THIS SANCHO GOT UP AND GRAPPLING WITH HIS MASTER HE GRIPPED HIM WITH ALL HIS MIGHT IN HIS ARMS GIVING HIM A TRIP WITH THE HEEL STRETCHED HIM ON THE GROUND ON HIS BACK AND PRESSING HIS RIGHT KNEE ON HIS CHEST HELD HIS HANDS IN HIS OWN SO THAT HE COULD NEITHER MOVE NOR BREATHE,na,na,3576,16000,16.655,test,na
3576-138058-0005_formant_reverb-rt60-0.4,data/attacks/reverb-rt60-0.4/3576-138058-0005_formant.wav,fake,attack,none,reverb-rt60-0.4,rt60-0.4,SEEING THIS SANCHO GOT UP AND GRAPPLING WITH HIS MASTER HE GRIPPED HIM WITH ALL HIS MIGHT IN HIS ARMS GIVING HIM A TRIP WITH THE HEEL STRETCHED HIM ON THE GROUND ON HIS BACK AND PRESSING HIS RIGHT KNEE ON HIS CHEST HELD HIS HANDS IN HIS OWN SO THAT HE COULD NEITHER MOVE NOR BREATHE,na,na,3576,16000,16.655,test,na
3576-138058-0005_formant_reverb-rt60-0.8,data/attacks/reverb-rt60-0.8/3576-138058-0005_formant.wav,fake,attack,none,reverb-rt60-0.8,rt60-0.8,SEEING THIS SANCHO GOT UP AND GRAPPLING WITH HIS MASTER HE GRIPPED HIM WITH ALL HIS MIGHT IN HIS ARMS GIVING HIM A TRIP WITH THE HEEL STRETCHED HIM ON THE GROUND ON HIS BACK AND PRESSING HIS RIGHT KNEE ON HIS CHEST HELD HIS HANDS IN HIS OWN SO THAT HE COULD NEITHER MOVE NOR BREATHE,na,na,3576,16000,16.655,test,na
3576-138058-0005_formant_speed0.9,data/attacks/speed0.9/3576-138058-0005_formant.wav,fake,attack,none,speed0.9,speed0.9,SEEING THIS SANCHO GOT UP AND GRAPPLING WITH HIS MASTER HE GRIPPED HIM WITH ALL HIS MIGHT IN HIS ARMS GIVING HIM A TRIP WITH THE HEEL STRETCHED HIM ON THE GROUND ON HIS BACK AND PRESSING HIS RIGHT KNEE ON HIS CHEST HELD HIS HANDS IN HIS OWN SO THAT HE COULD NEITHER MOVE NOR BREATHE,na,na,3576,16000,18.506,test,na
3576-138058-0005_formant_speed1.1,data/attacks/speed1.1/3576-138058-0005_formant.wav,fake,attack,none,speed1.1,speed1.1,SEEING THIS SANCHO GOT UP AND GRAPPLING WITH HIS MASTER HE GRIPPED HIM WITH ALL HIS MIGHT IN HIS ARMS GIVING HIM A TRIP WITH THE HEEL STRETCHED HIM ON THE GROUND ON HIS BACK AND PRESSING HIS RIGHT KNEE ON HIS CHEST HELD HIS HANDS IN HIS OWN SO THAT HE COULD NEITHER MOVE NOR BREATHE,na,na,3576,16000,15.141,test,na
3576-138058-0005_melvoc_mp3-128k,data/attacks/mp3-128k/3576-138058-0005_melvoc.wav,fake,attack,none,mp3-128k,mp3-128k,SEEING THIS SANCHO GOT UP AND GRAPPLING WITH HIS MASTER HE GRIPPED HIM WITH ALL HIS MIGHT IN HIS ARMS GIVING HIM A TRIP WITH THE HEEL STRETCHED HIM ON THE GROUND ON HIS BACK AND PRESSING HIS RIGHT KNEE ON HIS CHEST HELD HIS HANDS IN HIS OWN SO THAT HE COULD NEITHER MOVE NOR BREATHE,na,na,3576,16000,16.648,test,na
3576-138058-0005_melvoc_mp3-64k,data/attacks/mp3-64k/3576-138058-0005_melvoc.wav,fake,attack,none,mp3-64k,mp3-64k,SEEING THIS SANCHO GOT UP AND GRAPPLING WITH HIS MASTER HE GRIPPED HIM WITH ALL HIS MIGHT IN HIS ARMS GIVING HIM A TRIP WITH THE HEEL STRETCHED HIM ON THE GROUND ON HIS BACK AND PRESSING HIS RIGHT KNEE ON HIS CHEST HELD HIS HANDS IN HIS OWN SO THAT HE COULD NEITHER MOVE NOR BREATHE,na,na,3576,16000,16.648,test,na
3576-138058-0005_melvoc_opus-32k,data/attacks/opus-32k/3576-138058-0005_melvoc.wav,fake,attack,none,opus-32k,opus-32k,SEEING THIS SANCHO GOT UP AND GRAPPLING WITH HIS MASTER HE GRIPPED HIM WITH ALL HIS MIGHT IN HIS ARMS GIVING HIM A TRIP WITH THE HEEL STRETCHED HIM ON THE GROUND ON HIS BACK AND PRESSING HIS RIGHT KNEE ON HIS CHEST HELD HIS HANDS IN HIS OWN SO THAT HE COULD NEITHER MOVE NOR BREATHE,na,na,3576,16000,16.648,test,na
3576-138058-0005_melvoc_g711-8k,data/attacks/g711-8k/3576-138058-0005_melvoc.wav,fake,attack,none,g711-8k,g711-8k,SEEING THIS SANCHO GOT UP AND GRAPPLING WITH HIS MASTER HE GRIPPED HIM WITH ALL HIS MIGHT IN HIS ARMS GIVING HIM A TRIP WITH THE HEEL STRETCHED HIM ON THE GROUND ON HIS BACK AND PRESSING HIS RIGHT KNEE ON HIS CHEST HELD HIS HANDS IN HIS OWN SO THAT HE COULD NEITHER MOVE NOR BREATHE,na,na,3576,16000,16.648,test,na
3576-138058-0005_melvoc_resample-8k,data/attacks/resample-8k/3576-138058-0005_melvoc.wav,fake,attack,none,resample-8k,8k-roundtrip,SEEING THIS SANCHO GOT UP AND GRAPPLING WITH HIS MASTER HE GRIPPED HIM WITH ALL HIS MIGHT IN HIS ARMS GIVING HIM A TRIP WITH THE HEEL STRETCHED HIM ON THE GROUND ON HIS BACK AND PRESSING HIS RIGHT KNEE ON HIS CHEST HELD HIS HANDS IN HIS OWN SO THAT HE COULD NEITHER MOVE NOR BREATHE,na,na,3576,16000,16.648,test,na
3576-138058-0005_melvoc_awgn-snr5,data/attacks/awgn-snr5/3576-138058-0005_melvoc.wav,fake,attack,none,awgn-snr5,snr5,SEEING THIS SANCHO GOT UP AND GRAPPLING WITH HIS MASTER HE GRIPPED HIM WITH ALL HIS MIGHT IN HIS ARMS GIVING HIM A TRIP WITH THE HEEL STRETCHED HIM ON THE GROUND ON HIS BACK AND PRESSING HIS RIGHT KNEE ON HIS CHEST HELD HIS HANDS IN HIS OWN SO THAT HE COULD NEITHER MOVE NOR BREATHE,na,na,3576,16000,16.648,test,na
3576-138058-0005_melvoc_awgn-snr10,data/attacks/awgn-snr10/3576-138058-0005_melvoc.wav,fake,attack,none,awgn-snr10,snr10,SEEING THIS SANCHO GOT UP AND GRAPPLING WITH HIS MASTER HE GRIPPED HIM WITH ALL HIS MIGHT IN HIS ARMS GIVING HIM A TRIP WITH THE HEEL STRETCHED HIM ON THE GROUND ON HIS BACK AND PRESSING HIS RIGHT KNEE ON HIS CHEST HELD HIS HANDS IN HIS OWN SO THAT HE COULD NEITHER MOVE NOR BREATHE,na,na,3576,16000,16.648,test,na
3576-138058-0005_melvoc_awgn-snr20,data/attacks/awgn-snr20/3576-138058-0005_melvoc.wav,fake,attack,none,awgn-snr20,snr20,SEEING THIS SANCHO GOT UP AND GRAPPLING WITH HIS MASTER HE GRIPPED HIM WITH ALL HIS MIGHT IN HIS ARMS GIVING HIM A TRIP WITH THE HEEL STRETCHED HIM ON THE GROUND ON HIS BACK AND PRESSING HIS RIGHT KNEE ON HIS CHEST HELD HIS HANDS IN HIS OWN SO THAT HE COULD NEITHER MOVE NOR BREATHE,na,na,3576,16000,16.648,test,na
3576-138058-0005_melvoc_bandpass-300-3400,data/attacks/bandpass-300-3400/3576-138058-0005_melvoc.wav,fake,attack,none,bandpass-300-3400,bandpass300-3400,SEEING THIS SANCHO GOT UP AND GRAPPLING WITH HIS MASTER HE GRIPPED HIM WITH ALL HIS MIGHT IN HIS ARMS GIVING HIM A TRIP WITH THE HEEL STRETCHED HIM ON THE GROUND ON HIS BACK AND PRESSING HIS RIGHT KNEE ON HIS CHEST HELD HIS HANDS IN HIS OWN SO THAT HE COULD NEITHER MOVE NOR BREATHE,na,na,3576,16000,16.648,test,na
3576-138058-0005_melvoc_reverb-rt60-0.2,data/attacks/reverb-rt60-0.2/3576-138058-0005_melvoc.wav,fake,attack,none,reverb-rt60-0.2,rt60-0.2,SEEING THIS SANCHO GOT UP AND GRAPPLING WITH HIS MASTER HE GRIPPED HIM WITH ALL HIS MIGHT IN HIS ARMS GIVING HIM A TRIP WITH THE HEEL STRETCHED HIM ON THE GROUND ON HIS BACK AND PRESSING HIS RIGHT KNEE ON HIS CHEST HELD HIS HANDS IN HIS OWN SO THAT HE COULD NEITHER MOVE NOR BREATHE,na,na,3576,16000,16.648,test,na
3576-138058-0005_melvoc_reverb-rt60-0.4,data/attacks/reverb-rt60-0.4/3576-138058-0005_melvoc.wav,fake,attack,none,reverb-rt60-0.4,rt60-0.4,SEEING THIS SANCHO GOT UP AND GRAPPLING WITH HIS MASTER HE GRIPPED HIM WITH ALL HIS MIGHT IN HIS ARMS GIVING HIM A TRIP WITH THE HEEL STRETCHED HIM ON THE GROUND ON HIS BACK AND PRESSING HIS RIGHT KNEE ON HIS CHEST HELD HIS HANDS IN HIS OWN SO THAT HE COULD NEITHER MOVE NOR BREATHE,na,na,3576,16000,16.648,test,na
3576-138058-0005_melvoc_reverb-rt60-0.8,data/attacks/reverb-rt60-0.8/3576-138058-0005_melvoc.wav,fake,attack,none,reverb-rt60-0.8,rt60-0.8,SEEING THIS SANCHO GOT UP AND GRAPPLING WITH HIS MASTER HE GRIPPED HIM WITH ALL HIS MIGHT IN HIS ARMS GIVING HIM A TRIP WITH THE HEEL STRETCHED HIM ON THE GROUND ON HIS BACK AND PRESSING HIS RIGHT KNEE ON HIS CHEST HELD HIS HANDS IN HIS OWN SO THAT HE COULD NEITHER MOVE NOR BREATHE,na,na,3576,16000,16.648,test,na
3576-138058-0005_melvoc_speed0.9,data/attacks/speed0.9/3576-138058-0005_melvoc.wav,fake,attack,none,speed0.9,speed0.9,SEEING THIS SANCHO GOT UP AND GRAPPLING WITH HIS MASTER HE GRIPPED HIM WITH ALL HIS MIGHT IN HIS ARMS GIVING HIM A TRIP WITH THE HEEL STRETCHED HIM ON THE GROUND ON HIS BACK AND PRESSING HIS RIGHT KNEE ON HIS CHEST HELD HIS HANDS IN HIS OWN SO THAT HE COULD NEITHER MOVE NOR BREATHE,na,na,3576,16000,18.498,test,na
3576-138058-0005_melvoc_speed1.1,data/attacks/speed1.1/3576-138058-0005_melvoc.wav,fake,attack,none,speed1.1,speed1.1,SEEING THIS SANCHO GOT UP AND GRAPPLING WITH HIS MASTER HE GRIPPED HIM WITH ALL HIS MIGHT IN HIS ARMS GIVING HIM A TRIP WITH THE HEEL STRETCHED HIM ON THE GROUND ON HIS BACK AND PRESSING HIS RIGHT KNEE ON HIS CHEST HELD HIS HANDS IN HIS OWN SO THAT HE COULD NEITHER MOVE NOR BREATHE,na,na,3576,16000,15.135,test,na
3576-138058-0005_pitch_mp3-128k,data/attacks/mp3-128k/3576-138058-0005_pitch.wav,fake,attack,none,mp3-128k,mp3-128k,SEEING THIS SANCHO GOT UP AND GRAPPLING WITH HIS MASTER HE GRIPPED HIM WITH ALL HIS MIGHT IN HIS ARMS GIVING HIM A TRIP WITH THE HEEL STRETCHED HIM ON THE GROUND ON HIS BACK AND PRESSING HIS RIGHT KNEE ON HIS CHEST HELD HIS HANDS IN HIS OWN SO THAT HE COULD NEITHER MOVE NOR BREATHE,na,na,3576,16000,16.655,test,na
3576-138058-0005_pitch_mp3-64k,data/attacks/mp3-64k/3576-138058-0005_pitch.wav,fake,attack,none,mp3-64k,mp3-64k,SEEING THIS SANCHO GOT UP AND GRAPPLING WITH HIS MASTER HE GRIPPED HIM WITH ALL HIS MIGHT IN HIS ARMS GIVING HIM A TRIP WITH THE HEEL STRETCHED HIM ON THE GROUND ON HIS BACK AND PRESSING HIS RIGHT KNEE ON HIS CHEST HELD HIS HANDS IN HIS OWN SO THAT HE COULD NEITHER MOVE NOR BREATHE,na,na,3576,16000,16.655,test,na
3576-138058-0005_pitch_opus-32k,data/attacks/opus-32k/3576-138058-0005_pitch.wav,fake,attack,none,opus-32k,opus-32k,SEEING THIS SANCHO GOT UP AND GRAPPLING WITH HIS MASTER HE GRIPPED HIM WITH ALL HIS MIGHT IN HIS ARMS GIVING HIM A TRIP WITH THE HEEL STRETCHED HIM ON THE GROUND ON HIS BACK AND PRESSING HIS RIGHT KNEE ON HIS CHEST HELD HIS HANDS IN HIS OWN SO THAT HE COULD NEITHER MOVE NOR BREATHE,na,na,3576,16000,16.655,test,na
3576-138058-0005_pitch_g711-8k,data/attacks/g711-8k/3576-138058-0005_pitch.wav,fake,attack,none,g711-8k,g711-8k,SEEING THIS SANCHO GOT UP AND GRAPPLING WITH HIS MASTER HE GRIPPED HIM WITH ALL HIS MIGHT IN HIS ARMS GIVING HIM A TRIP WITH THE HEEL STRETCHED HIM ON THE GROUND ON HIS BACK AND PRESSING HIS RIGHT KNEE ON HIS CHEST HELD HIS HANDS IN HIS OWN SO THAT HE COULD NEITHER MOVE NOR BREATHE,na,na,3576,16000,16.655,test,na
3576-138058-0005_pitch_resample-8k,data/attacks/resample-8k/3576-138058-0005_pitch.wav,fake,attack,none,resample-8k,8k-roundtrip,SEEING THIS SANCHO GOT UP AND GRAPPLING WITH HIS MASTER HE GRIPPED HIM WITH ALL HIS MIGHT IN HIS ARMS GIVING HIM A TRIP WITH THE HEEL STRETCHED HIM ON THE GROUND ON HIS BACK AND PRESSING HIS RIGHT KNEE ON HIS CHEST HELD HIS HANDS IN HIS OWN SO THAT HE COULD NEITHER MOVE NOR BREATHE,na,na,3576,16000,16.655,test,na
3576-138058-0005_pitch_awgn-snr5,data/attacks/awgn-snr5/3576-138058-0005_pitch.wav,fake,attack,none,awgn-snr5,snr5,SEEING THIS SANCHO GOT UP AND GRAPPLING WITH HIS MASTER HE GRIPPED HIM WITH ALL HIS MIGHT IN HIS ARMS GIVING HIM A TRIP WITH THE HEEL STRETCHED HIM ON THE GROUND ON HIS BACK AND PRESSING HIS RIGHT KNEE ON HIS CHEST HELD HIS HANDS IN HIS OWN SO THAT HE COULD NEITHER MOVE NOR BREATHE,na,na,3576,16000,16.655,test,na
3576-138058-0005_pitch_awgn-snr10,data/attacks/awgn-snr10/3576-138058-0005_pitch.wav,fake,attack,none,awgn-snr10,snr10,SEEING THIS SANCHO GOT UP AND GRAPPLING WITH HIS MASTER HE GRIPPED HIM WITH ALL HIS MIGHT IN HIS ARMS GIVING HIM A TRIP WITH THE HEEL STRETCHED HIM ON THE GROUND ON HIS BACK AND PRESSING HIS RIGHT KNEE ON HIS CHEST HELD HIS HANDS IN HIS OWN SO THAT HE COULD NEITHER MOVE NOR BREATHE,na,na,3576,16000,16.655,test,na
3576-138058-0005_pitch_awgn-snr20,data/attacks/awgn-snr20/3576-138058-0005_pitch.wav,fake,attack,none,awgn-snr20,snr20,SEEING THIS SANCHO GOT UP AND GRAPPLING WITH HIS MASTER HE GRIPPED HIM WITH ALL HIS MIGHT IN HIS ARMS GIVING HIM A TRIP WITH THE HEEL STRETCHED HIM ON THE GROUND ON HIS BACK AND PRESSING HIS RIGHT KNEE ON HIS CHEST HELD HIS HANDS IN HIS OWN SO THAT HE COULD NEITHER MOVE NOR BREATHE,na,na,3576,16000,16.655,test,na
3576-138058-0005_pitch_bandpass-300-3400,data/attacks/bandpass-300-3400/3576-138058-0005_pitch.wav,fake,attack,none,bandpass-300-3400,bandpass300-3400,SEEING THIS SANCHO GOT UP AND GRAPPLING WITH HIS MASTER HE GRIPPED HIM WITH ALL HIS MIGHT IN HIS ARMS GIVING HIM A TRIP WITH THE HEEL STRETCHED HIM ON THE GROUND ON HIS BACK AND PRESSING HIS RIGHT KNEE ON HIS CHEST HELD HIS HANDS IN HIS OWN SO THAT HE COULD NEITHER MOVE NOR BREATHE,na,na,3576,16000,16.655,test,na
3576-138058-0005_pitch_reverb-rt60-0.2,data/attacks/reverb-rt60-0.2/3576-138058-0005_pitch.wav,fake,attack,none,reverb-rt60-0.2,rt60-0.2,SEEING THIS SANCHO GOT UP AND GRAPPLING WITH HIS MASTER HE GRIPPED HIM WITH ALL HIS MIGHT IN HIS ARMS GIVING HIM A TRIP WITH THE HEEL STRETCHED HIM ON THE GROUND ON HIS BACK AND PRESSING HIS RIGHT KNEE ON HIS CHEST HELD HIS HANDS IN HIS OWN SO THAT HE COULD NEITHER MOVE NOR BREATHE,na,na,3576,16000,16.655,test,na
3576-138058-0005_pitch_reverb-rt60-0.4,data/attacks/reverb-rt60-0.4/3576-138058-0005_pitch.wav,fake,attack,none,reverb-rt60-0.4,rt60-0.4,SEEING THIS SANCHO GOT UP AND GRAPPLING WITH HIS MASTER HE GRIPPED HIM WITH ALL HIS MIGHT IN HIS ARMS GIVING HIM A TRIP WITH THE HEEL STRETCHED HIM ON THE GROUND ON HIS BACK AND PRESSING HIS RIGHT KNEE ON HIS CHEST HELD HIS HANDS IN HIS OWN SO THAT HE COULD NEITHER MOVE NOR BREATHE,na,na,3576,16000,16.655,test,na
3576-138058-0005_pitch_reverb-rt60-0.8,data/attacks/reverb-rt60-0.8/3576-138058-0005_pitch.wav,fake,attack,none,reverb-rt60-0.8,rt60-0.8,SEEING THIS SANCHO GOT UP AND GRAPPLING WITH HIS MASTER HE GRIPPED HIM WITH ALL HIS MIGHT IN HIS ARMS GIVING HIM A TRIP WITH THE HEEL STRETCHED HIM ON THE GROUND ON HIS BACK AND PRESSING HIS RIGHT KNEE ON HIS CHEST HELD HIS HANDS IN HIS OWN SO THAT HE COULD NEITHER MOVE NOR BREATHE,na,na,3576,16000,16.655,test,na
3576-138058-0005_pitch_speed0.9,data/attacks/speed0.9/3576-138058-0005_pitch.wav,fake,attack,none,speed0.9,speed0.9,SEEING THIS SANCHO GOT UP AND GRAPPLING WITH HIS MASTER HE GRIPPED HIM WITH ALL HIS MIGHT IN HIS ARMS GIVING HIM A TRIP WITH THE HEEL STRETCHED HIM ON THE GROUND ON HIS BACK AND PRESSING HIS RIGHT KNEE ON HIS CHEST HELD HIS HANDS IN HIS OWN SO THAT HE COULD NEITHER MOVE NOR BREATHE,na,na,3576,16000,18.506,test,na
3576-138058-0005_pitch_speed1.1,data/attacks/speed1.1/3576-138058-0005_pitch.wav,fake,attack,none,speed1.1,speed1.1,SEEING THIS SANCHO GOT UP AND GRAPPLING WITH HIS MASTER HE GRIPPED HIM WITH ALL HIS MIGHT IN HIS ARMS GIVING HIM A TRIP WITH THE HEEL STRETCHED HIM ON THE GROUND ON HIS BACK AND PRESSING HIS RIGHT KNEE ON HIS CHEST HELD HIS HANDS IN HIS OWN SO THAT HE COULD NEITHER MOVE NOR BREATHE,na,na,3576,16000,15.141,test,na
3576-138058-0006_formant_mp3-128k,data/attacks/mp3-128k/3576-138058-0006_formant.wav,fake,attack,none,mp3-128k,mp3-128k,HOW NOW TRAITOR EXCLAIMED DON QUIXOTE,na,na,3576,16000,3.945,test,na
3576-138058-0006_formant_mp3-64k,data/attacks/mp3-64k/3576-138058-0006_formant.wav,fake,attack,none,mp3-64k,mp3-64k,HOW NOW TRAITOR EXCLAIMED DON QUIXOTE,na,na,3576,16000,3.945,test,na
3576-138058-0006_formant_opus-32k,data/attacks/opus-32k/3576-138058-0006_formant.wav,fake,attack,none,opus-32k,opus-32k,HOW NOW TRAITOR EXCLAIMED DON QUIXOTE,na,na,3576,16000,3.945,test,na
3576-138058-0006_formant_g711-8k,data/attacks/g711-8k/3576-138058-0006_formant.wav,fake,attack,none,g711-8k,g711-8k,HOW NOW TRAITOR EXCLAIMED DON QUIXOTE,na,na,3576,16000,3.945,test,na
3576-138058-0006_formant_resample-8k,data/attacks/resample-8k/3576-138058-0006_formant.wav,fake,attack,none,resample-8k,8k-roundtrip,HOW NOW TRAITOR EXCLAIMED DON QUIXOTE,na,na,3576,16000,3.945,test,na
3576-138058-0006_formant_awgn-snr5,data/attacks/awgn-snr5/3576-138058-0006_formant.wav,fake,attack,none,awgn-snr5,snr5,HOW NOW TRAITOR EXCLAIMED DON QUIXOTE,na,na,3576,16000,3.945,test,na
3576-138058-0006_formant_awgn-snr10,data/attacks/awgn-snr10/3576-138058-0006_formant.wav,fake,attack,none,awgn-snr10,snr10,HOW NOW TRAITOR EXCLAIMED DON QUIXOTE,na,na,3576,16000,3.945,test,na
3576-138058-0006_formant_awgn-snr20,data/attacks/awgn-snr20/3576-138058-0006_formant.wav,fake,attack,none,awgn-snr20,snr20,HOW NOW TRAITOR EXCLAIMED DON QUIXOTE,na,na,3576,16000,3.945,test,na
3576-138058-0006_formant_bandpass-300-3400,data/attacks/bandpass-300-3400/3576-138058-0006_formant.wav,fake,attack,none,bandpass-300-3400,bandpass300-3400,HOW NOW TRAITOR EXCLAIMED DON QUIXOTE,na,na,3576,16000,3.945,test,na
3576-138058-0006_formant_reverb-rt60-0.2,data/attacks/reverb-rt60-0.2/3576-138058-0006_formant.wav,fake,attack,none,reverb-rt60-0.2,rt60-0.2,HOW NOW TRAITOR EXCLAIMED DON QUIXOTE,na,na,3576,16000,3.945,test,na
3576-138058-0006_formant_reverb-rt60-0.4,data/attacks/reverb-rt60-0.4/3576-138058-0006_formant.wav,fake,attack,none,reverb-rt60-0.4,rt60-0.4,HOW NOW TRAITOR EXCLAIMED DON QUIXOTE,na,na,3576,16000,3.945,test,na
3576-138058-0006_formant_reverb-rt60-0.8,data/attacks/reverb-rt60-0.8/3576-138058-0006_formant.wav,fake,attack,none,reverb-rt60-0.8,rt60-0.8,HOW NOW TRAITOR EXCLAIMED DON QUIXOTE,na,na,3576,16000,3.945,test,na
3576-138058-0006_formant_speed0.9,data/attacks/speed0.9/3576-138058-0006_formant.wav,fake,attack,none,speed0.9,speed0.9,HOW NOW TRAITOR EXCLAIMED DON QUIXOTE,na,na,3576,16000,4.383,test,na
3576-138058-0006_formant_speed1.1,data/attacks/speed1.1/3576-138058-0006_formant.wav,fake,attack,none,speed1.1,speed1.1,HOW NOW TRAITOR EXCLAIMED DON QUIXOTE,na,na,3576,16000,3.586,test,na
3576-138058-0006_melvoc_mp3-128k,data/attacks/mp3-128k/3576-138058-0006_melvoc.wav,fake,attack,none,mp3-128k,mp3-128k,HOW NOW TRAITOR EXCLAIMED DON QUIXOTE,na,na,3576,16000,3.944,test,na
3576-138058-0006_melvoc_mp3-64k,data/attacks/mp3-64k/3576-138058-0006_melvoc.wav,fake,attack,none,mp3-64k,mp3-64k,HOW NOW TRAITOR EXCLAIMED DON QUIXOTE,na,na,3576,16000,3.944,test,na
3576-138058-0006_melvoc_opus-32k,data/attacks/opus-32k/3576-138058-0006_melvoc.wav,fake,attack,none,opus-32k,opus-32k,HOW NOW TRAITOR EXCLAIMED DON QUIXOTE,na,na,3576,16000,3.944,test,na
3576-138058-0006_melvoc_g711-8k,data/attacks/g711-8k/3576-138058-0006_melvoc.wav,fake,attack,none,g711-8k,g711-8k,HOW NOW TRAITOR EXCLAIMED DON QUIXOTE,na,na,3576,16000,3.944,test,na
3576-138058-0006_melvoc_resample-8k,data/attacks/resample-8k/3576-138058-0006_melvoc.wav,fake,attack,none,resample-8k,8k-roundtrip,HOW NOW TRAITOR EXCLAIMED DON QUIXOTE,na,na,3576,16000,3.944,test,na
3576-138058-0006_melvoc_awgn-snr5,data/attacks/awgn-snr5/3576-138058-0006_melvoc.wav,fake,attack,none,awgn-snr5,snr5,HOW NOW TRAITOR EXCLAIMED DON QUIXOTE,na,na,3576,16000,3.944,test,na
3576-138058-0006_melvoc_awgn-snr10,data/attacks/awgn-snr10/3576-138058-0006_melvoc.wav,fake,attack,none,awgn-snr10,snr10,HOW NOW TRAITOR EXCLAIMED DON QUIXOTE,na,na,3576,16000,3.944,test,na
3576-138058-0006_melvoc_awgn-snr20,data/attacks/awgn-snr20/3576-138058-0006_melvoc.wav,fake,attack,none,awgn-snr20,snr20,HOW NOW TRAITOR EXCLAIMED DON QUIXOTE,na,na,3576,16000,3.944,test,na
3576-138058-0006_melvoc_bandpass-300-3400,data/attacks/bandpass-300-3400/3576-138058-0006_melvoc.wav,fake,attack,none,bandpass-300-3400,bandpass300-3400,HOW NOW TRAITOR EXCLAIMED DON QUIXOTE,na,na,3576,16000,3.944,test,na
3576-138058-0006_melvoc_reverb-rt60-0.2,data/attacks/reverb-rt60-0.2/3576-138058-0006_melvoc.wav,fake,attack,none,reverb-rt60-0.2,rt60-0.2,HOW NOW TRAITOR EXCLAIMED DON QUIXOTE,na,na,3576,16000,3.944,test,na
3576-138058-0006_melvoc_reverb-rt60-0.4,data/attacks/reverb-rt60-0.4/3576-138058-0006_melvoc.wav,fake,attack,none,reverb-rt60-0.4,rt60-0.4,HOW NOW TRAITOR EXCLAIMED DON QUIXOTE,na,na,3576,16000,3.944,test,na
3576-138058-0006_melvoc_reverb-rt60-0.8,data/attacks/reverb-rt60-0.8/3576-138058-0006_melvoc.wav,fake,attack,none,reverb-rt60-0.8,rt60-0.8,HOW NOW TRAITOR EXCLAIMED DON QUIXOTE,na,na,3576,16000,3.944,test,na
3576-138058-0006_melvoc_speed0.9,data/attacks/speed0.9/3576-138058-0006_melvoc.wav,fake,attack,none,speed0.9,speed0.9,HOW NOW TRAITOR EXCLAIMED DON QUIXOTE,na,na,3576,16000,4.382,test,na
3576-138058-0006_melvoc_speed1.1,data/attacks/speed1.1/3576-138058-0006_melvoc.wav,fake,attack,none,speed1.1,speed1.1,HOW NOW TRAITOR EXCLAIMED DON QUIXOTE,na,na,3576,16000,3.585,test,na
3576-138058-0006_pitch_mp3-128k,data/attacks/mp3-128k/3576-138058-0006_pitch.wav,fake,attack,none,mp3-128k,mp3-128k,HOW NOW TRAITOR EXCLAIMED DON QUIXOTE,na,na,3576,16000,3.945,test,na
3576-138058-0006_pitch_mp3-64k,data/attacks/mp3-64k/3576-138058-0006_pitch.wav,fake,attack,none,mp3-64k,mp3-64k,HOW NOW TRAITOR EXCLAIMED DON QUIXOTE,na,na,3576,16000,3.945,test,na
3576-138058-0006_pitch_opus-32k,data/attacks/opus-32k/3576-138058-0006_pitch.wav,fake,attack,none,opus-32k,opus-32k,HOW NOW TRAITOR EXCLAIMED DON QUIXOTE,na,na,3576,16000,3.945,test,na
3576-138058-0006_pitch_g711-8k,data/attacks/g711-8k/3576-138058-0006_pitch.wav,fake,attack,none,g711-8k,g711-8k,HOW NOW TRAITOR EXCLAIMED DON QUIXOTE,na,na,3576,16000,3.945,test,na
3576-138058-0006_pitch_resample-8k,data/attacks/resample-8k/3576-138058-0006_pitch.wav,fake,attack,none,resample-8k,8k-roundtrip,HOW NOW TRAITOR EXCLAIMED DON QUIXOTE,na,na,3576,16000,3.945,test,na
3576-138058-0006_pitch_awgn-snr5,data/attacks/awgn-snr5/3576-138058-0006_pitch.wav,fake,attack,none,awgn-snr5,snr5,HOW NOW TRAITOR EXCLAIMED DON QUIXOTE,na,na,3576,16000,3.945,test,na
3576-138058-0006_pitch_awgn-snr10,data/attacks/awgn-snr10/3576-138058-0006_pitch.wav,fake,attack,none,awgn-snr10,snr10,HOW NOW TRAITOR EXCLAIMED DON QUIXOTE,na,na,3576,16000,3.945,test,na
3576-138058-0006_pitch_awgn-snr20,data/attacks/awgn-snr20/3576-138058-0006_pitch.wav,fake,attack,none,awgn-snr20,snr20,HOW NOW TRAITOR EXCLAIMED DON QUIXOTE,na,na,3576,16000,3.945,test,na
3576-138058-0006_pitch_bandpass-300-3400,data/attacks/bandpass-300-3400/3576-138058-0006_pitch.wav,fake,attack,none,bandpass-300-3400,bandpass300-3400,HOW NOW TRAITOR EXCLAIMED DON QUIXOTE,na,na,3576,16000,3.945,test,na
3576-138058-0006_pitch_reverb-rt60-0.2,data/attacks/reverb-rt60-0.2/3576-138058-0006_pitch.wav,fake,attack,none,reverb-rt60-0.2,rt60-0.2,HOW NOW TRAITOR EXCLAIMED DON QUIXOTE,na,na,3576,16000,3.945,test,na
3576-138058-0006_pitch_reverb-rt60-0.4,data/attacks/reverb-rt60-0.4/3576-138058-0006_pitch.wav,fake,attack,none,reverb-rt60-0.4,rt60-0.4,HOW NOW TRAITOR EXCLAIMED DON QUIXOTE,na,na,3576,16000,3.945,test,na
3576-138058-0006_pitch_reverb-rt60-0.8,data/attacks/reverb-rt60-0.8/3576-138058-0006_pitch.wav,fake,attack,none,reverb-rt60-0.8,rt60-0.8,HOW NOW TRAITOR EXCLAIMED DON QUIXOTE,na,na,3576,16000,3.945,test,na
3576-138058-0006_pitch_speed0.9,data/attacks/speed0.9/3576-138058-0006_pitch.wav,fake,attack,none,speed0.9,speed0.9,HOW NOW TRAITOR EXCLAIMED DON QUIXOTE,na,na,3576,16000,4.383,test,na
3576-138058-0006_pitch_speed1.1,data/attacks/speed1.1/3576-138058-0006_pitch.wav,fake,attack,none,speed1.1,speed1.1,HOW NOW TRAITOR EXCLAIMED DON QUIXOTE,na,na,3576,16000,3.586,test,na
3576-138058-0007_formant_mp3-128k,data/attacks/mp3-128k/3576-138058-0007_formant.wav,fake,attack,none,mp3-128k,mp3-128k,DOST THOU REVOLT AGAINST THY MASTER AND NATURAL LORD,na,na,3576,16000,3.55,test,na
3576-138058-0007_formant_mp3-64k,data/attacks/mp3-64k/3576-138058-0007_formant.wav,fake,attack,none,mp3-64k,mp3-64k,DOST THOU REVOLT AGAINST THY MASTER AND NATURAL LORD,na,na,3576,16000,3.55,test,na
3576-138058-0007_formant_opus-32k,data/attacks/opus-32k/3576-138058-0007_formant.wav,fake,attack,none,opus-32k,opus-32k,DOST THOU REVOLT AGAINST THY MASTER AND NATURAL LORD,na,na,3576,16000,3.55,test,na
3576-138058-0007_formant_g711-8k,data/attacks/g711-8k/3576-138058-0007_formant.wav,fake,attack,none,g711-8k,g711-8k,DOST THOU REVOLT AGAINST THY MASTER AND NATURAL LORD,na,na,3576,16000,3.55,test,na
3576-138058-0007_formant_resample-8k,data/attacks/resample-8k/3576-138058-0007_formant.wav,fake,attack,none,resample-8k,8k-roundtrip,DOST THOU REVOLT AGAINST THY MASTER AND NATURAL LORD,na,na,3576,16000,3.55,test,na
3576-138058-0007_formant_awgn-snr5,data/attacks/awgn-snr5/3576-138058-0007_formant.wav,fake,attack,none,awgn-snr5,snr5,DOST THOU REVOLT AGAINST THY MASTER AND NATURAL LORD,na,na,3576,16000,3.55,test,na
3576-138058-0007_formant_awgn-snr10,data/attacks/awgn-snr10/3576-138058-0007_formant.wav,fake,attack,none,awgn-snr10,snr10,DOST THOU REVOLT AGAINST THY MASTER AND NATURAL LORD,na,na,3576,16000,3.55,test,na
3576-138058-0007_formant_awgn-snr20,data/attacks/awgn-snr20/3576-138058-0007_formant.wav,fake,attack,none,awgn-snr20,snr20,DOST THOU REVOLT AGAINST THY MASTER AND NATURAL LORD,na,na,3576,16000,3.55,test,na
3576-138058-0007_formant_bandpass-300-3400,data/attacks/bandpass-300-3400/3576-138058-0007_formant.wav,fake,attack,none,bandpass-300-3400,bandpass300-3400,DOST THOU REVOLT AGAINST THY MASTER AND NATURAL LORD,na,na,3576,16000,3.55,test,na
3576-138058-0007_formant_reverb-rt60-0.2,data/attacks/reverb-rt60-0.2/3576-138058-0007_formant.wav,fake,attack,none,reverb-rt60-0.2,rt60-0.2,DOST THOU REVOLT AGAINST THY MASTER AND NATURAL LORD,na,na,3576,16000,3.55,test,na
3576-138058-0007_formant_reverb-rt60-0.4,data/attacks/reverb-rt60-0.4/3576-138058-0007_formant.wav,fake,attack,none,reverb-rt60-0.4,rt60-0.4,DOST THOU REVOLT AGAINST THY MASTER AND NATURAL LORD,na,na,3576,16000,3.55,test,na
3576-138058-0007_formant_reverb-rt60-0.8,data/attacks/reverb-rt60-0.8/3576-138058-0007_formant.wav,fake,attack,none,reverb-rt60-0.8,rt60-0.8,DOST THOU REVOLT AGAINST THY MASTER AND NATURAL LORD,na,na,3576,16000,3.55,test,na
3576-138058-0007_formant_speed0.9,data/attacks/speed0.9/3576-138058-0007_formant.wav,fake,attack,none,speed0.9,speed0.9,DOST THOU REVOLT AGAINST THY MASTER AND NATURAL LORD,na,na,3576,16000,3.944,test,na
3576-138058-0007_formant_speed1.1,data/attacks/speed1.1/3576-138058-0007_formant.wav,fake,attack,none,speed1.1,speed1.1,DOST THOU REVOLT AGAINST THY MASTER AND NATURAL LORD,na,na,3576,16000,3.227,test,na
3576-138058-0007_melvoc_mp3-128k,data/attacks/mp3-128k/3576-138058-0007_melvoc.wav,fake,attack,none,mp3-128k,mp3-128k,DOST THOU REVOLT AGAINST THY MASTER AND NATURAL LORD,na,na,3576,16000,3.544,test,na
3576-138058-0007_melvoc_mp3-64k,data/attacks/mp3-64k/3576-138058-0007_melvoc.wav,fake,attack,none,mp3-64k,mp3-64k,DOST THOU REVOLT AGAINST THY MASTER AND NATURAL LORD,na,na,3576,16000,3.544,test,na
3576-138058-0007_melvoc_opus-32k,data/attacks/opus-32k/3576-138058-0007_melvoc.wav,fake,attack,none,opus-32k,opus-32k,DOST THOU REVOLT AGAINST THY MASTER AND NATURAL LORD,na,na,3576,16000,3.544,test,na
3576-138058-0007_melvoc_g711-8k,data/attacks/g711-8k/3576-138058-0007_melvoc.wav,fake,attack,none,g711-8k,g711-8k,DOST THOU REVOLT AGAINST THY MASTER AND NATURAL LORD,na,na,3576,16000,3.544,test,na
3576-138058-0007_melvoc_resample-8k,data/attacks/resample-8k/3576-138058-0007_melvoc.wav,fake,attack,none,resample-8k,8k-roundtrip,DOST THOU REVOLT AGAINST THY MASTER AND NATURAL LORD,na,na,3576,16000,3.544,test,na
3576-138058-0007_melvoc_awgn-snr5,data/attacks/awgn-snr5/3576-138058-0007_melvoc.wav,fake,attack,none,awgn-snr5,snr5,DOST THOU REVOLT AGAINST THY MASTER AND NATURAL LORD,na,na,3576,16000,3.544,test,na
3576-138058-0007_melvoc_awgn-snr10,data/attacks/awgn-snr10/3576-138058-0007_melvoc.wav,fake,attack,none,awgn-snr10,snr10,DOST THOU REVOLT AGAINST THY MASTER AND NATURAL LORD,na,na,3576,16000,3.544,test,na
3576-138058-0007_melvoc_awgn-snr20,data/attacks/awgn-snr20/3576-138058-0007_melvoc.wav,fake,attack,none,awgn-snr20,snr20,DOST THOU REVOLT AGAINST THY MASTER AND NATURAL LORD,na,na,3576,16000,3.544,test,na
3576-138058-0007_melvoc_bandpass-300-3400,data/attacks/bandpass-300-3400/3576-138058-0007_melvoc.wav,fake,attack,none,bandpass-300-3400,bandpass300-3400,DOST THOU REVOLT AGAINST THY MASTER AND NATURAL LORD,na,na,3576,16000,3.544,test,na
3576-138058-0007_melvoc_reverb-rt60-0.2,data/attacks/reverb-rt60-0.2/3576-138058-0007_melvoc.wav,fake,attack,none,reverb-rt60-0.2,rt60-0.2,DOST THOU REVOLT AGAINST THY MASTER AND NATURAL LORD,na,na,3576,16000,3.544,test,na
3576-138058-0007_melvoc_reverb-rt60-0.4,data/attacks/reverb-rt60-0.4/3576-138058-0007_melvoc.wav,fake,attack,none,reverb-rt60-0.4,rt60-0.4,DOST THOU REVOLT AGAINST THY MASTER AND NATURAL LORD,na,na,3576,16000,3.544,test,na
3576-138058-0007_melvoc_reverb-rt60-0.8,data/attacks/reverb-rt60-0.8/3576-138058-0007_melvoc.wav,fake,attack,none,reverb-rt60-0.8,rt60-0.8,DOST THOU REVOLT AGAINST THY MASTER AND NATURAL LORD,na,na,3576,16000,3.544,test,na
3576-138058-0007_melvoc_speed0.9,data/attacks/speed0.9/3576-138058-0007_melvoc.wav,fake,attack,none,speed0.9,speed0.9,DOST THOU REVOLT AGAINST THY MASTER AND NATURAL LORD,na,na,3576,16000,3.938,test,na
3576-138058-0007_melvoc_speed1.1,data/attacks/speed1.1/3576-138058-0007_melvoc.wav,fake,attack,none,speed1.1,speed1.1,DOST THOU REVOLT AGAINST THY MASTER AND NATURAL LORD,na,na,3576,16000,3.222,test,na
3576-138058-0007_pitch_mp3-128k,data/attacks/mp3-128k/3576-138058-0007_pitch.wav,fake,attack,none,mp3-128k,mp3-128k,DOST THOU REVOLT AGAINST THY MASTER AND NATURAL LORD,na,na,3576,16000,3.55,test,na
3576-138058-0007_pitch_mp3-64k,data/attacks/mp3-64k/3576-138058-0007_pitch.wav,fake,attack,none,mp3-64k,mp3-64k,DOST THOU REVOLT AGAINST THY MASTER AND NATURAL LORD,na,na,3576,16000,3.55,test,na
3576-138058-0007_pitch_opus-32k,data/attacks/opus-32k/3576-138058-0007_pitch.wav,fake,attack,none,opus-32k,opus-32k,DOST THOU REVOLT AGAINST THY MASTER AND NATURAL LORD,na,na,3576,16000,3.55,test,na
3576-138058-0007_pitch_g711-8k,data/attacks/g711-8k/3576-138058-0007_pitch.wav,fake,attack,none,g711-8k,g711-8k,DOST THOU REVOLT AGAINST THY MASTER AND NATURAL LORD,na,na,3576,16000,3.55,test,na
3576-138058-0007_pitch_resample-8k,data/attacks/resample-8k/3576-138058-0007_pitch.wav,fake,attack,none,resample-8k,8k-roundtrip,DOST THOU REVOLT AGAINST THY MASTER AND NATURAL LORD,na,na,3576,16000,3.55,test,na
3576-138058-0007_pitch_awgn-snr5,data/attacks/awgn-snr5/3576-138058-0007_pitch.wav,fake,attack,none,awgn-snr5,snr5,DOST THOU REVOLT AGAINST THY MASTER AND NATURAL LORD,na,na,3576,16000,3.55,test,na
3576-138058-0007_pitch_awgn-snr10,data/attacks/awgn-snr10/3576-138058-0007_pitch.wav,fake,attack,none,awgn-snr10,snr10,DOST THOU REVOLT AGAINST THY MASTER AND NATURAL LORD,na,na,3576,16000,3.55,test,na
3576-138058-0007_pitch_awgn-snr20,data/attacks/awgn-snr20/3576-138058-0007_pitch.wav,fake,attack,none,awgn-snr20,snr20,DOST THOU REVOLT AGAINST THY MASTER AND NATURAL LORD,na,na,3576,16000,3.55,test,na
3576-138058-0007_pitch_bandpass-300-3400,data/attacks/bandpass-300-3400/3576-138058-0007_pitch.wav,fake,attack,none,bandpass-300-3400,bandpass300-3400,DOST THOU REVOLT AGAINST THY MASTER AND NATURAL LORD,na,na,3576,16000,3.55,test,na
3576-138058-0007_pitch_reverb-rt60-0.2,data/attacks/reverb-rt60-0.2/3576-138058-0007_pitch.wav,fake,attack,none,reverb-rt60-0.2,rt60-0.2,DOST THOU REVOLT AGAINST THY MASTER AND NATURAL LORD,na,na,3576,16000,3.55,test,na
3576-138058-0007_pitch_reverb-rt60-0.4,data/attacks/reverb-rt60-0.4/3576-138058-0007_pitch.wav,fake,attack,none,reverb-rt60-0.4,rt60-0.4,DOST THOU REVOLT AGAINST THY MASTER AND NATURAL LORD,na,na,3576,16000,3.55,test,na
3576-138058-0007_pitch_reverb-rt60-0.8,data/attacks/reverb-rt60-0.8/3576-138058-0007_pitch.wav,fake,attack,none,reverb-rt60-0.8,rt60-0.8,DOST THOU REVOLT AGAINST THY MASTER AND NATURAL LORD,na,na,3576,16000,3.55,test,na
3576-138058-0007_pitch_speed0.9,data/attacks/speed0.9/3576-138058-0007_pitch.wav,fake,attack,none,speed0.9,speed0.9,DOST THOU REVOLT AGAINST THY MASTER AND NATURAL LORD,na,na,3576,16000,3.944,test,na
3576-138058-0007_pitch_speed1.1,data/attacks/speed1.1/3576-138058-0007_pitch.wav,fake,attack,none,speed1.1,speed1.1,DOST THOU REVOLT AGAINST THY MASTER AND NATURAL LORD,na,na,3576,16000,3.227,test,na
3576-138058-0008_formant_mp3-128k,data/attacks/mp3-128k/3576-138058-0008_formant.wav,fake,attack,none,mp3-128k,mp3-128k,DOST THOU RISE AGAINST HIM WHO GIVES THEE HIS BREAD,na,na,3576,16000,3.86,test,na
3576-138058-0008_formant_mp3-64k,data/attacks/mp3-64k/3576-138058-0008_formant.wav,fake,attack,none,mp3-64k,mp3-64k,DOST THOU RISE AGAINST HIM WHO GIVES THEE HIS BREAD,na,na,3576,16000,3.86,test,na
3576-138058-0008_formant_opus-32k,data/attacks/opus-32k/3576-138058-0008_formant.wav,fake,attack,none,opus-32k,opus-32k,DOST THOU RISE AGAINST HIM WHO GIVES THEE HIS BREAD,na,na,3576,16000,3.86,test,na
3576-138058-0008_formant_g711-8k,data/attacks/g711-8k/3576-138058-0008_formant.wav,fake,attack,none,g711-8k,g711-8k,DOST THOU RISE AGAINST HIM WHO GIVES THEE HIS BREAD,na,na,3576,16000,3.86,test,na
3576-138058-0008_formant_resample-8k,data/attacks/resample-8k/3576-138058-0008_formant.wav,fake,attack,none,resample-8k,8k-roundtrip,DOST THOU RISE AGAINST HIM WHO GIVES THEE HIS BREAD,na,na,3576,16000,3.86,test,na
3576-138058-0008_formant_awgn-snr5,data/attacks/awgn-snr5/3576-138058-0008_formant.wav,fake,attack,none,awgn-snr5,snr5,DOST THOU RISE AGAINST HIM WHO GIVES THEE HIS BREAD,na,na,3576,16000,3.86,test,na
3576-138058-0008_formant_awgn-snr10,data/attacks/awgn-snr10/3576-138058-0008_formant.wav,fake,attack,none,awgn-snr10,snr10,DOST THOU RISE AGAINST HIM WHO GIVES THEE HIS BREAD,na,na,3576,16000,3.86,test,na
3576-138058-0008_formant_awgn-snr20,data/attacks/awgn-snr20/3576-138058-0008_formant.wav,fake,attack,none,awgn-snr20,snr20,DOST THOU RISE AGAINST HIM WHO GIVES THEE HIS BREAD,na,na,3576,16000,3.86,test,na
3576-138058-0008_formant_bandpass-300-3400,data/attacks/bandpass-300-3400/3576-138058-0008_formant.wav,fake,attack,none,bandpass-300-3400,bandpass300-3400,DOST THOU RISE AGAINST HIM WHO GIVES THEE HIS BREAD,na,na,3576,16000,3.86,test,na
3576-138058-0008_formant_reverb-rt60-0.2,data/attacks/reverb-rt60-0.2/3576-138058-0008_formant.wav,fake,attack,none,reverb-rt60-0.2,rt60-0.2,DOST THOU RISE AGAINST HIM WHO GIVES THEE HIS BREAD,na,na,3576,16000,3.86,test,na
3576-138058-0008_formant_reverb-rt60-0.4,data/attacks/reverb-rt60-0.4/3576-138058-0008_formant.wav,fake,attack,none,reverb-rt60-0.4,rt60-0.4,DOST THOU RISE AGAINST HIM WHO GIVES THEE HIS BREAD,na,na,3576,16000,3.86,test,na
3576-138058-0008_formant_reverb-rt60-0.8,data/attacks/reverb-rt60-0.8/3576-138058-0008_formant.wav,fake,attack,none,reverb-rt60-0.8,rt60-0.8,DOST THOU RISE AGAINST HIM WHO GIVES THEE HIS BREAD,na,na,3576,16000,3.86,test,na
3576-138058-0008_formant_speed0.9,data/attacks/speed0.9/3576-138058-0008_formant.wav,fake,attack,none,speed0.9,speed0.9,DOST THOU RISE AGAINST HIM WHO GIVES THEE HIS BREAD,na,na,3576,16000,4.289,test,na
3576-138058-0008_formant_speed1.1,data/attacks/speed1.1/3576-138058-0008_formant.wav,fake,attack,none,speed1.1,speed1.1,DOST THOU RISE AGAINST HIM WHO GIVES THEE HIS BREAD,na,na,3576,16000,3.509,test,na
5895-34615-0000_formant_mp3-128k,data/attacks/mp3-128k/5895-34615-0000_formant.wav,fake,attack,none,mp3-128k,mp3-128k,BUT IS LAUGHTER A SYNONYM OF JOY,na,na,5895,16000,3.335,test,na
5895-34615-0000_formant_mp3-64k,data/attacks/mp3-64k/5895-34615-0000_formant.wav,fake,attack,none,mp3-64k,mp3-64k,BUT IS LAUGHTER A SYNONYM OF JOY,na,na,5895,16000,3.335,test,na
5895-34615-0000_formant_opus-32k,data/attacks/opus-32k/5895-34615-0000_formant.wav,fake,attack,none,opus-32k,opus-32k,BUT IS LAUGHTER A SYNONYM OF JOY,na,na,5895,16000,3.335,test,na
5895-34615-0000_formant_g711-8k,data/attacks/g711-8k/5895-34615-0000_formant.wav,fake,attack,none,g711-8k,g711-8k,BUT IS LAUGHTER A SYNONYM OF JOY,na,na,5895,16000,3.335,test,na
5895-34615-0000_formant_resample-8k,data/attacks/resample-8k/5895-34615-0000_formant.wav,fake,attack,none,resample-8k,8k-roundtrip,BUT IS LAUGHTER A SYNONYM OF JOY,na,na,5895,16000,3.335,test,na
5895-34615-0000_formant_awgn-snr5,data/attacks/awgn-snr5/5895-34615-0000_formant.wav,fake,attack,none,awgn-snr5,snr5,BUT IS LAUGHTER A SYNONYM OF JOY,na,na,5895,16000,3.335,test,na
5895-34615-0000_formant_awgn-snr10,data/attacks/awgn-snr10/5895-34615-0000_formant.wav,fake,attack,none,awgn-snr10,snr10,BUT IS LAUGHTER A SYNONYM OF JOY,na,na,5895,16000,3.335,test,na
5895-34615-0000_formant_awgn-snr20,data/attacks/awgn-snr20/5895-34615-0000_formant.wav,fake,attack,none,awgn-snr20,snr20,BUT IS LAUGHTER A SYNONYM OF JOY,na,na,5895,16000,3.335,test,na
5895-34615-0000_formant_bandpass-300-3400,data/attacks/bandpass-300-3400/5895-34615-0000_formant.wav,fake,attack,none,bandpass-300-3400,bandpass300-3400,BUT IS LAUGHTER A SYNONYM OF JOY,na,na,5895,16000,3.335,test,na
5895-34615-0000_formant_reverb-rt60-0.2,data/attacks/reverb-rt60-0.2/5895-34615-0000_formant.wav,fake,attack,none,reverb-rt60-0.2,rt60-0.2,BUT IS LAUGHTER A SYNONYM OF JOY,na,na,5895,16000,3.335,test,na
5895-34615-0000_formant_reverb-rt60-0.4,data/attacks/reverb-rt60-0.4/5895-34615-0000_formant.wav,fake,attack,none,reverb-rt60-0.4,rt60-0.4,BUT IS LAUGHTER A SYNONYM OF JOY,na,na,5895,16000,3.335,test,na
5895-34615-0000_formant_reverb-rt60-0.8,data/attacks/reverb-rt60-0.8/5895-34615-0000_formant.wav,fake,attack,none,reverb-rt60-0.8,rt60-0.8,BUT IS LAUGHTER A SYNONYM OF JOY,na,na,5895,16000,3.335,test,na
5895-34615-0000_formant_speed0.9,data/attacks/speed0.9/5895-34615-0000_formant.wav,fake,attack,none,speed0.9,speed0.9,BUT IS LAUGHTER A SYNONYM OF JOY,na,na,5895,16000,3.706,test,na
5895-34615-0000_formant_speed1.1,data/attacks/speed1.1/5895-34615-0000_formant.wav,fake,attack,none,speed1.1,speed1.1,BUT IS LAUGHTER A SYNONYM OF JOY,na,na,5895,16000,3.032,test,na
5895-34615-0000_melvoc_mp3-128k,data/attacks/mp3-128k/5895-34615-0000_melvoc.wav,fake,attack,none,mp3-128k,mp3-128k,BUT IS LAUGHTER A SYNONYM OF JOY,na,na,5895,16000,3.328,test,na
5895-34615-0000_melvoc_mp3-64k,data/attacks/mp3-64k/5895-34615-0000_melvoc.wav,fake,attack,none,mp3-64k,mp3-64k,BUT IS LAUGHTER A SYNONYM OF JOY,na,na,5895,16000,3.328,test,na
5895-34615-0000_melvoc_opus-32k,data/attacks/opus-32k/5895-34615-0000_melvoc.wav,fake,attack,none,opus-32k,opus-32k,BUT IS LAUGHTER A SYNONYM OF JOY,na,na,5895,16000,3.328,test,na
5895-34615-0000_melvoc_g711-8k,data/attacks/g711-8k/5895-34615-0000_melvoc.wav,fake,attack,none,g711-8k,g711-8k,BUT IS LAUGHTER A SYNONYM OF JOY,na,na,5895,16000,3.328,test,na
5895-34615-0000_melvoc_resample-8k,data/attacks/resample-8k/5895-34615-0000_melvoc.wav,fake,attack,none,resample-8k,8k-roundtrip,BUT IS LAUGHTER A SYNONYM OF JOY,na,na,5895,16000,3.328,test,na
5895-34615-0000_melvoc_awgn-snr5,data/attacks/awgn-snr5/5895-34615-0000_melvoc.wav,fake,attack,none,awgn-snr5,snr5,BUT IS LAUGHTER A SYNONYM OF JOY,na,na,5895,16000,3.328,test,na
5895-34615-0000_melvoc_awgn-snr10,data/attacks/awgn-snr10/5895-34615-0000_melvoc.wav,fake,attack,none,awgn-snr10,snr10,BUT IS LAUGHTER A SYNONYM OF JOY,na,na,5895,16000,3.328,test,na
5895-34615-0000_melvoc_awgn-snr20,data/attacks/awgn-snr20/5895-34615-0000_melvoc.wav,fake,attack,none,awgn-snr20,snr20,BUT IS LAUGHTER A SYNONYM OF JOY,na,na,5895,16000,3.328,test,na
5895-34615-0000_melvoc_bandpass-300-3400,data/attacks/bandpass-300-3400/5895-34615-0000_melvoc.wav,fake,attack,none,bandpass-300-3400,bandpass300-3400,BUT IS LAUGHTER A SYNONYM OF JOY,na,na,5895,16000,3.328,test,na
5895-34615-0000_melvoc_reverb-rt60-0.2,data/attacks/reverb-rt60-0.2/5895-34615-0000_melvoc.wav,fake,attack,none,reverb-rt60-0.2,rt60-0.2,BUT IS LAUGHTER A SYNONYM OF JOY,na,na,5895,16000,3.328,test,na
5895-34615-0000_melvoc_reverb-rt60-0.4,data/attacks/reverb-rt60-0.4/5895-34615-0000_melvoc.wav,fake,attack,none,reverb-rt60-0.4,rt60-0.4,BUT IS LAUGHTER A SYNONYM OF JOY,na,na,5895,16000,3.328,test,na
5895-34615-0000_melvoc_reverb-rt60-0.8,data/attacks/reverb-rt60-0.8/5895-34615-0000_melvoc.wav,fake,attack,none,reverb-rt60-0.8,rt60-0.8,BUT IS LAUGHTER A SYNONYM OF JOY,na,na,5895,16000,3.328,test,na
5895-34615-0000_melvoc_speed0.9,data/attacks/speed0.9/5895-34615-0000_melvoc.wav,fake,attack,none,speed0.9,speed0.9,BUT IS LAUGHTER A SYNONYM OF JOY,na,na,5895,16000,3.698,test,na
5895-34615-0000_melvoc_speed1.1,data/attacks/speed1.1/5895-34615-0000_melvoc.wav,fake,attack,none,speed1.1,speed1.1,BUT IS LAUGHTER A SYNONYM OF JOY,na,na,5895,16000,3.025,test,na
5895-34615-0000_pitch_mp3-128k,data/attacks/mp3-128k/5895-34615-0000_pitch.wav,fake,attack,none,mp3-128k,mp3-128k,BUT IS LAUGHTER A SYNONYM OF JOY,na,na,5895,16000,3.335,test,na
5895-34615-0000_pitch_mp3-64k,data/attacks/mp3-64k/5895-34615-0000_pitch.wav,fake,attack,none,mp3-64k,mp3-64k,BUT IS LAUGHTER A SYNONYM OF JOY,na,na,5895,16000,3.335,test,na
5895-34615-0000_pitch_opus-32k,data/attacks/opus-32k/5895-34615-0000_pitch.wav,fake,attack,none,opus-32k,opus-32k,BUT IS LAUGHTER A SYNONYM OF JOY,na,na,5895,16000,3.335,test,na
5895-34615-0000_pitch_g711-8k,data/attacks/g711-8k/5895-34615-0000_pitch.wav,fake,attack,none,g711-8k,g711-8k,BUT IS LAUGHTER A SYNONYM OF JOY,na,na,5895,16000,3.335,test,na
5895-34615-0000_pitch_resample-8k,data/attacks/resample-8k/5895-34615-0000_pitch.wav,fake,attack,none,resample-8k,8k-roundtrip,BUT IS LAUGHTER A SYNONYM OF JOY,na,na,5895,16000,3.335,test,na
5895-34615-0000_pitch_awgn-snr5,data/attacks/awgn-snr5/5895-34615-0000_pitch.wav,fake,attack,none,awgn-snr5,snr5,BUT IS LAUGHTER A SYNONYM OF JOY,na,na,5895,16000,3.335,test,na
5895-34615-0000_pitch_awgn-snr10,data/attacks/awgn-snr10/5895-34615-0000_pitch.wav,fake,attack,none,awgn-snr10,snr10,BUT IS LAUGHTER A SYNONYM OF JOY,na,na,5895,16000,3.335,test,na
5895-34615-0000_pitch_awgn-snr20,data/attacks/awgn-snr20/5895-34615-0000_pitch.wav,fake,attack,none,awgn-snr20,snr20,BUT IS LAUGHTER A SYNONYM OF JOY,na,na,5895,16000,3.335,test,na
5895-34615-0000_pitch_bandpass-300-3400,data/attacks/bandpass-300-3400/5895-34615-0000_pitch.wav,fake,attack,none,bandpass-300-3400,bandpass300-3400,BUT IS LAUGHTER A SYNONYM OF JOY,na,na,5895,16000,3.335,test,na
5895-34615-0000_pitch_reverb-rt60-0.2,data/attacks/reverb-rt60-0.2/5895-34615-0000_pitch.wav,fake,attack,none,reverb-rt60-0.2,rt60-0.2,BUT IS LAUGHTER A SYNONYM OF JOY,na,na,5895,16000,3.335,test,na
5895-34615-0000_pitch_reverb-rt60-0.4,data/attacks/reverb-rt60-0.4/5895-34615-0000_pitch.wav,fake,attack,none,reverb-rt60-0.4,rt60-0.4,BUT IS LAUGHTER A SYNONYM OF JOY,na,na,5895,16000,3.335,test,na
5895-34615-0000_pitch_reverb-rt60-0.8,data/attacks/reverb-rt60-0.8/5895-34615-0000_pitch.wav,fake,attack,none,reverb-rt60-0.8,rt60-0.8,BUT IS LAUGHTER A SYNONYM OF JOY,na,na,5895,16000,3.335,test,na
5895-34615-0000_pitch_speed0.9,data/attacks/speed0.9/5895-34615-0000_pitch.wav,fake,attack,none,speed0.9,speed0.9,BUT IS LAUGHTER A SYNONYM OF JOY,na,na,5895,16000,3.706,test,na
5895-34615-0000_pitch_speed1.1,data/attacks/speed1.1/5895-34615-0000_pitch.wav,fake,attack,none,speed1.1,speed1.1,BUT IS LAUGHTER A SYNONYM OF JOY,na,na,5895,16000,3.032,test,na
5895-34615-0001_formant_mp3-128k,data/attacks/mp3-128k/5895-34615-0001_formant.wav,fake,attack,none,mp3-128k,mp3-128k,SUCH PERFECT COMPLETENESS IS NOT IN NATURE,na,na,5895,16000,3.305,test,na
5895-34615-0001_formant_mp3-64k,data/attacks/mp3-64k/5895-34615-0001_formant.wav,fake,attack,none,mp3-64k,mp3-64k,SUCH PERFECT COMPLETENESS IS NOT IN NATURE,na,na,5895,16000,3.305,test,na
5895-34615-0001_formant_opus-32k,data/attacks/opus-32k/5895-34615-0001_formant.wav,fake,attack,none,opus-32k,opus-32k,SUCH PERFECT COMPLETENESS IS NOT IN NATURE,na,na,5895,16000,3.305,test,na
5895-34615-0001_formant_g711-8k,data/attacks/g711-8k/5895-34615-0001_formant.wav,fake,attack,none,g711-8k,g711-8k,SUCH PERFECT COMPLETENESS IS NOT IN NATURE,na,na,5895,16000,3.305,test,na
5895-34615-0001_formant_resample-8k,data/attacks/resample-8k/5895-34615-0001_formant.wav,fake,attack,none,resample-8k,8k-roundtrip,SUCH PERFECT COMPLETENESS IS NOT IN NATURE,na,na,5895,16000,3.305,test,na
5895-34615-0001_formant_awgn-snr5,data/attacks/awgn-snr5/5895-34615-0001_formant.wav,fake,attack,none,awgn-snr5,snr5,SUCH PERFECT COMPLETENESS IS NOT IN NATURE,na,na,5895,16000,3.305,test,na
5895-34615-0001_formant_awgn-snr10,data/attacks/awgn-snr10/5895-34615-0001_formant.wav,fake,attack,none,awgn-snr10,snr10,SUCH PERFECT COMPLETENESS IS NOT IN NATURE,na,na,5895,16000,3.305,test,na
5895-34615-0001_formant_awgn-snr20,data/attacks/awgn-snr20/5895-34615-0001_formant.wav,fake,attack,none,awgn-snr20,snr20,SUCH PERFECT COMPLETENESS IS NOT IN NATURE,na,na,5895,16000,3.305,test,na
5895-34615-0001_formant_bandpass-300-3400,data/attacks/bandpass-300-3400/5895-34615-0001_formant.wav,fake,attack,none,bandpass-300-3400,bandpass300-3400,SUCH PERFECT COMPLETENESS IS NOT IN NATURE,na,na,5895,16000,3.305,test,na
5895-34615-0001_formant_reverb-rt60-0.2,data/attacks/reverb-rt60-0.2/5895-34615-0001_formant.wav,fake,attack,none,reverb-rt60-0.2,rt60-0.2,SUCH PERFECT COMPLETENESS IS NOT IN NATURE,na,na,5895,16000,3.305,test,na
5895-34615-0001_formant_reverb-rt60-0.4,data/attacks/reverb-rt60-0.4/5895-34615-0001_formant.wav,fake,attack,none,reverb-rt60-0.4,rt60-0.4,SUCH PERFECT COMPLETENESS IS NOT IN NATURE,na,na,5895,16000,3.305,test,na
5895-34615-0001_formant_reverb-rt60-0.8,data/attacks/reverb-rt60-0.8/5895-34615-0001_formant.wav,fake,attack,none,reverb-rt60-0.8,rt60-0.8,SUCH PERFECT COMPLETENESS IS NOT IN NATURE,na,na,5895,16000,3.305,test,na
5895-34615-0001_formant_speed0.9,data/attacks/speed0.9/5895-34615-0001_formant.wav,fake,attack,none,speed0.9,speed0.9,SUCH PERFECT COMPLETENESS IS NOT IN NATURE,na,na,5895,16000,3.672,test,na
5895-34615-0001_formant_speed1.1,data/attacks/speed1.1/5895-34615-0001_formant.wav,fake,attack,none,speed1.1,speed1.1,SUCH PERFECT COMPLETENESS IS NOT IN NATURE,na,na,5895,16000,3.005,test,na
5895-34615-0001_melvoc_mp3-128k,data/attacks/mp3-128k/5895-34615-0001_melvoc.wav,fake,attack,none,mp3-128k,mp3-128k,SUCH PERFECT COMPLETENESS IS NOT IN NATURE,na,na,5895,16000,3.304,test,na
5895-34615-0001_melvoc_mp3-64k,data/attacks/mp3-64k/5895-34615-0001_melvoc.wav,fake,attack,none,mp3-64k,mp3-64k,SUCH PERFECT COMPLETENESS IS NOT IN NATURE,na,na,5895,16000,3.304,test,na
5895-34615-0001_melvoc_opus-32k,data/attacks/opus-32k/5895-34615-0001_melvoc.wav,fake,attack,none,opus-32k,opus-32k,SUCH PERFECT COMPLETENESS IS NOT IN NATURE,na,na,5895,16000,3.304,test,na
5895-34615-0001_melvoc_g711-8k,data/attacks/g711-8k/5895-34615-0001_melvoc.wav,fake,attack,none,g711-8k,g711-8k,SUCH PERFECT COMPLETENESS IS NOT IN NATURE,na,na,5895,16000,3.304,test,na
5895-34615-0001_melvoc_resample-8k,data/attacks/resample-8k/5895-34615-0001_melvoc.wav,fake,attack,none,resample-8k,8k-roundtrip,SUCH PERFECT COMPLETENESS IS NOT IN NATURE,na,na,5895,16000,3.304,test,na
5895-34615-0001_melvoc_awgn-snr5,data/attacks/awgn-snr5/5895-34615-0001_melvoc.wav,fake,attack,none,awgn-snr5,snr5,SUCH PERFECT COMPLETENESS IS NOT IN NATURE,na,na,5895,16000,3.304,test,na
5895-34615-0001_melvoc_awgn-snr10,data/attacks/awgn-snr10/5895-34615-0001_melvoc.wav,fake,attack,none,awgn-snr10,snr10,SUCH PERFECT COMPLETENESS IS NOT IN NATURE,na,na,5895,16000,3.304,test,na
5895-34615-0001_melvoc_awgn-snr20,data/attacks/awgn-snr20/5895-34615-0001_melvoc.wav,fake,attack,none,awgn-snr20,snr20,SUCH PERFECT COMPLETENESS IS NOT IN NATURE,na,na,5895,16000,3.304,test,na
5895-34615-0001_melvoc_bandpass-300-3400,data/attacks/bandpass-300-3400/5895-34615-0001_melvoc.wav,fake,attack,none,bandpass-300-3400,bandpass300-3400,SUCH PERFECT COMPLETENESS IS NOT IN NATURE,na,na,5895,16000,3.304,test,na
5895-34615-0001_melvoc_reverb-rt60-0.2,data/attacks/reverb-rt60-0.2/5895-34615-0001_melvoc.wav,fake,attack,none,reverb-rt60-0.2,rt60-0.2,SUCH PERFECT COMPLETENESS IS NOT IN NATURE,na,na,5895,16000,3.304,test,na
5895-34615-0001_melvoc_reverb-rt60-0.4,data/attacks/reverb-rt60-0.4/5895-34615-0001_melvoc.wav,fake,attack,none,reverb-rt60-0.4,rt60-0.4,SUCH PERFECT COMPLETENESS IS NOT IN NATURE,na,na,5895,16000,3.304,test,na
5895-34615-0001_melvoc_reverb-rt60-0.8,data/attacks/reverb-rt60-0.8/5895-34615-0001_melvoc.wav,fake,attack,none,reverb-rt60-0.8,rt60-0.8,SUCH PERFECT COMPLETENESS IS NOT IN NATURE,na,na,5895,16000,3.304,test,na
5895-34615-0001_melvoc_speed0.9,data/attacks/speed0.9/5895-34615-0001_melvoc.wav,fake,attack,none,speed0.9,speed0.9,SUCH PERFECT COMPLETENESS IS NOT IN NATURE,na,na,5895,16000,3.671,test,na
5895-34615-0001_melvoc_speed1.1,data/attacks/speed1.1/5895-34615-0001_melvoc.wav,fake,attack,none,speed1.1,speed1.1,SUCH PERFECT COMPLETENESS IS NOT IN NATURE,na,na,5895,16000,3.004,test,na
5895-34615-0001_pitch_mp3-128k,data/attacks/mp3-128k/5895-34615-0001_pitch.wav,fake,attack,none,mp3-128k,mp3-128k,SUCH PERFECT COMPLETENESS IS NOT IN NATURE,na,na,5895,16000,3.305,test,na
5895-34615-0001_pitch_mp3-64k,data/attacks/mp3-64k/5895-34615-0001_pitch.wav,fake,attack,none,mp3-64k,mp3-64k,SUCH PERFECT COMPLETENESS IS NOT IN NATURE,na,na,5895,16000,3.305,test,na
5895-34615-0001_pitch_opus-32k,data/attacks/opus-32k/5895-34615-0001_pitch.wav,fake,attack,none,opus-32k,opus-32k,SUCH PERFECT COMPLETENESS IS NOT IN NATURE,na,na,5895,16000,3.305,test,na
5895-34615-0001_pitch_g711-8k,data/attacks/g711-8k/5895-34615-0001_pitch.wav,fake,attack,none,g711-8k,g711-8k,SUCH PERFECT COMPLETENESS IS NOT IN NATURE,na,na,5895,16000,3.305,test,na
5895-34615-0001_pitch_resample-8k,data/attacks/resample-8k/5895-34615-0001_pitch.wav,fake,attack,none,resample-8k,8k-roundtrip,SUCH PERFECT COMPLETENESS IS NOT IN NATURE,na,na,5895,16000,3.305,test,na
5895-34615-0001_pitch_awgn-snr5,data/attacks/awgn-snr5/5895-34615-0001_pitch.wav,fake,attack,none,awgn-snr5,snr5,SUCH PERFECT COMPLETENESS IS NOT IN NATURE,na,na,5895,16000,3.305,test,na
5895-34615-0001_pitch_awgn-snr10,data/attacks/awgn-snr10/5895-34615-0001_pitch.wav,fake,attack,none,awgn-snr10,snr10,SUCH PERFECT COMPLETENESS IS NOT IN NATURE,na,na,5895,16000,3.305,test,na
5895-34615-0001_pitch_awgn-snr20,data/attacks/awgn-snr20/5895-34615-0001_pitch.wav,fake,attack,none,awgn-snr20,snr20,SUCH PERFECT COMPLETENESS IS NOT IN NATURE,na,na,5895,16000,3.305,test,na
5895-34615-0001_pitch_bandpass-300-3400,data/attacks/bandpass-300-3400/5895-34615-0001_pitch.wav,fake,attack,none,bandpass-300-3400,bandpass300-3400,SUCH PERFECT COMPLETENESS IS NOT IN NATURE,na,na,5895,16000,3.305,test,na
5895-34615-0001_pitch_reverb-rt60-0.2,data/attacks/reverb-rt60-0.2/5895-34615-0001_pitch.wav,fake,attack,none,reverb-rt60-0.2,rt60-0.2,SUCH PERFECT COMPLETENESS IS NOT IN NATURE,na,na,5895,16000,3.305,test,na
5895-34615-0001_pitch_reverb-rt60-0.4,data/attacks/reverb-rt60-0.4/5895-34615-0001_pitch.wav,fake,attack,none,reverb-rt60-0.4,rt60-0.4,SUCH PERFECT COMPLETENESS IS NOT IN NATURE,na,na,5895,16000,3.305,test,na
5895-34615-0001_pitch_reverb-rt60-0.8,data/attacks/reverb-rt60-0.8/5895-34615-0001_pitch.wav,fake,attack,none,reverb-rt60-0.8,rt60-0.8,SUCH PERFECT COMPLETENESS IS NOT IN NATURE,na,na,5895,16000,3.305,test,na
5895-34615-0001_pitch_speed0.9,data/attacks/speed0.9/5895-34615-0001_pitch.wav,fake,attack,none,speed0.9,speed0.9,SUCH PERFECT COMPLETENESS IS NOT IN NATURE,na,na,5895,16000,3.672,test,na
5895-34615-0001_pitch_speed1.1,data/attacks/speed1.1/5895-34615-0001_pitch.wav,fake,attack,none,speed1.1,speed1.1,SUCH PERFECT COMPLETENESS IS NOT IN NATURE,na,na,5895,16000,3.005,test,na
5895-34615-0002_formant_mp3-128k,data/attacks/mp3-128k/5895-34615-0002_formant.wav,fake,attack,none,mp3-128k,mp3-128k,HAD GWYNPLAINE WHEN A CHILD BEEN SO WORTHY OF ATTENTION THAT HIS FACE HAD BEEN SUBJECTED TO TRANSMUTATION WHY NOT,na,na,5895,16000,8.73,test,na
5895-34615-0002_formant_mp3-64k,data/attacks/mp3-64k/5895-34615-0002_formant.wav,fake,attack,none,mp3-64k,mp3-64k,HAD GWYNPLAINE WHEN A CHILD BEEN SO WORTHY OF ATTENTION THAT HIS FACE HAD BEEN SUBJECTED TO TRANSMUTATION WHY NOT,na,na,5895,16000,8.73,test,na
5895-34615-0002_formant_opus-32k,data/attacks/opus-32k/5895-34615-0002_formant.wav,fake,attack,none,opus-32k,opus-32k,HAD GWYNPLAINE WHEN A CHILD BEEN SO WORTHY OF ATTENTION THAT HIS FACE HAD BEEN SUBJECTED TO TRANSMUTATION WHY NOT,na,na,5895,16000,8.73,test,na
5895-34615-0002_formant_g711-8k,data/attacks/g711-8k/5895-34615-0002_formant.wav,fake,attack,none,g711-8k,g711-8k,HAD GWYNPLAINE WHEN A CHILD BEEN SO WORTHY OF ATTENTION THAT HIS FACE HAD BEEN SUBJECTED TO TRANSMUTATION WHY NOT,na,na,5895,16000,8.73,test,na
5895-34615-0002_formant_resample-8k,data/attacks/resample-8k/5895-34615-0002_formant.wav,fake,attack,none,resample-8k,8k-roundtrip,HAD GWYNPLAINE WHEN A CHILD BEEN SO WORTHY OF ATTENTION THAT HIS FACE HAD BEEN SUBJECTED TO TRANSMUTATION WHY NOT,na,na,5895,16000,8.73,test,na
5895-34615-0002_formant_awgn-snr5,data/attacks/awgn-snr5/5895-34615-0002_formant.wav,fake,attack,none,awgn-snr5,snr5,HAD GWYNPLAINE WHEN A CHILD BEEN SO WORTHY OF ATTENTION THAT HIS FACE HAD BEEN SUBJECTED TO TRANSMUTATION WHY NOT,na,na,5895,16000,8.73,test,na
5895-34615-0002_formant_awgn-snr10,data/attacks/awgn-snr10/5895-34615-0002_formant.wav,fake,attack,none,awgn-snr10,snr10,HAD GWYNPLAINE WHEN A CHILD BEEN SO WORTHY OF ATTENTION THAT HIS FACE HAD BEEN SUBJECTED TO TRANSMUTATION WHY NOT,na,na,5895,16000,8.73,test,na
5895-34615-0002_formant_awgn-snr20,data/attacks/awgn-snr20/5895-34615-0002_formant.wav,fake,attack,none,awgn-snr20,snr20,HAD GWYNPLAINE WHEN A CHILD BEEN SO WORTHY OF ATTENTION THAT HIS FACE HAD BEEN SUBJECTED TO TRANSMUTATION WHY NOT,na,na,5895,16000,8.73,test,na
5895-34615-0002_formant_bandpass-300-3400,data/attacks/bandpass-300-3400/5895-34615-0002_formant.wav,fake,attack,none,bandpass-300-3400,bandpass300-3400,HAD GWYNPLAINE WHEN A CHILD BEEN SO WORTHY OF ATTENTION THAT HIS FACE HAD BEEN SUBJECTED TO TRANSMUTATION WHY NOT,na,na,5895,16000,8.73,test,na
5895-34615-0002_formant_reverb-rt60-0.2,data/attacks/reverb-rt60-0.2/5895-34615-0002_formant.wav,fake,attack,none,reverb-rt60-0.2,rt60-0.2,HAD GWYNPLAINE WHEN A CHILD BEEN SO WORTHY OF ATTENTION THAT HIS FACE HAD BEEN SUBJECTED TO TRANSMUTATION WHY NOT,na,na,5895,16000,8.73,test,na
5895-34615-0002_formant_reverb-rt60-0.4,data/attacks/reverb-rt60-0.4/5895-34615-0002_formant.wav,fake,attack,none,reverb-rt60-0.4,rt60-0.4,HAD GWYNPLAINE WHEN A CHILD BEEN SO WORTHY OF ATTENTION THAT HIS FACE HAD BEEN SUBJECTED TO TRANSMUTATION WHY NOT,na,na,5895,16000,8.73,test,na
5895-34615-0002_formant_reverb-rt60-0.8,data/attacks/reverb-rt60-0.8/5895-34615-0002_formant.wav,fake,attack,none,reverb-rt60-0.8,rt60-0.8,HAD GWYNPLAINE WHEN A CHILD BEEN SO WORTHY OF ATTENTION THAT HIS FACE HAD BEEN SUBJECTED TO TRANSMUTATION WHY NOT,na,na,5895,16000,8.73,test,na
5895-34615-0002_formant_speed0.9,data/attacks/speed0.9/5895-34615-0002_formant.wav,fake,attack,none,speed0.9,speed0.9,HAD GWYNPLAINE WHEN A CHILD BEEN SO WORTHY OF ATTENTION THAT HIS FACE HAD BEEN SUBJECTED TO TRANSMUTATION WHY NOT,na,na,5895,16000,9.7,test,na
5895-34615-0002_formant_speed1.1,data/attacks/speed1.1/5895-34615-0002_formant.wav,fake,attack,none,speed1.1,speed1.1,HAD GWYNPLAINE WHEN A CHILD BEEN SO WORTHY OF ATTENTION THAT HIS FACE HAD BEEN SUBJECTED TO TRANSMUTATION WHY NOT,na,na,5895,16000,7.936,test,na
5895-34615-0002_melvoc_mp3-128k,data/attacks/mp3-128k/5895-34615-0002_melvoc.wav,fake,attack,none,mp3-128k,mp3-128k,HAD GWYNPLAINE WHEN A CHILD BEEN SO WORTHY OF ATTENTION THAT HIS FACE HAD BEEN SUBJECTED TO TRANSMUTATION WHY NOT,na,na,5895,16000,8.728,test,na
5895-34615-0002_melvoc_mp3-64k,data/attacks/mp3-64k/5895-34615-0002_melvoc.wav,fake,attack,none,mp3-64k,mp3-64k,HAD GWYNPLAINE WHEN A CHILD BEEN SO WORTHY OF ATTENTION THAT HIS FACE HAD BEEN SUBJECTED TO TRANSMUTATION WHY NOT,na,na,5895,16000,8.728,test,na
5895-34615-0002_melvoc_opus-32k,data/attacks/opus-32k/5895-34615-0002_melvoc.wav,fake,attack,none,opus-32k,opus-32k,HAD GWYNPLAINE WHEN A CHILD BEEN SO WORTHY OF ATTENTION THAT HIS FACE HAD BEEN SUBJECTED TO TRANSMUTATION WHY NOT,na,na,5895,16000,8.728,test,na
5895-34615-0002_melvoc_g711-8k,data/attacks/g711-8k/5895-34615-0002_melvoc.wav,fake,attack,none,g711-8k,g711-8k,HAD GWYNPLAINE WHEN A CHILD BEEN SO WORTHY OF ATTENTION THAT HIS FACE HAD BEEN SUBJECTED TO TRANSMUTATION WHY NOT,na,na,5895,16000,8.728,test,na
5895-34615-0002_melvoc_resample-8k,data/attacks/resample-8k/5895-34615-0002_melvoc.wav,fake,attack,none,resample-8k,8k-roundtrip,HAD GWYNPLAINE WHEN A CHILD BEEN SO WORTHY OF ATTENTION THAT HIS FACE HAD BEEN SUBJECTED TO TRANSMUTATION WHY NOT,na,na,5895,16000,8.728,test,na
5895-34615-0002_melvoc_awgn-snr5,data/attacks/awgn-snr5/5895-34615-0002_melvoc.wav,fake,attack,none,awgn-snr5,snr5,HAD GWYNPLAINE WHEN A CHILD BEEN SO WORTHY OF ATTENTION THAT HIS FACE HAD BEEN SUBJECTED TO TRANSMUTATION WHY NOT,na,na,5895,16000,8.728,test,na
5895-34615-0002_melvoc_awgn-snr10,data/attacks/awgn-snr10/5895-34615-0002_melvoc.wav,fake,attack,none,awgn-snr10,snr10,HAD GWYNPLAINE WHEN A CHILD BEEN SO WORTHY OF ATTENTION THAT HIS FACE HAD BEEN SUBJECTED TO TRANSMUTATION WHY NOT,na,na,5895,16000,8.728,test,na
5895-34615-0002_melvoc_awgn-snr20,data/attacks/awgn-snr20/5895-34615-0002_melvoc.wav,fake,attack,none,awgn-snr20,snr20,HAD GWYNPLAINE WHEN A CHILD BEEN SO WORTHY OF ATTENTION THAT HIS FACE HAD BEEN SUBJECTED TO TRANSMUTATION WHY NOT,na,na,5895,16000,8.728,test,na
5895-34615-0002_melvoc_bandpass-300-3400,data/attacks/bandpass-300-3400/5895-34615-0002_melvoc.wav,fake,attack,none,bandpass-300-3400,bandpass300-3400,HAD GWYNPLAINE WHEN A CHILD BEEN SO WORTHY OF ATTENTION THAT HIS FACE HAD BEEN SUBJECTED TO TRANSMUTATION WHY NOT,na,na,5895,16000,8.728,test,na
5895-34615-0002_melvoc_reverb-rt60-0.2,data/attacks/reverb-rt60-0.2/5895-34615-0002_melvoc.wav,fake,attack,none,reverb-rt60-0.2,rt60-0.2,HAD GWYNPLAINE WHEN A CHILD BEEN SO WORTHY OF ATTENTION THAT HIS FACE HAD BEEN SUBJECTED TO TRANSMUTATION WHY NOT,na,na,5895,16000,8.728,test,na
5895-34615-0002_melvoc_reverb-rt60-0.4,data/attacks/reverb-rt60-0.4/5895-34615-0002_melvoc.wav,fake,attack,none,reverb-rt60-0.4,rt60-0.4,HAD GWYNPLAINE WHEN A CHILD BEEN SO WORTHY OF ATTENTION THAT HIS FACE HAD BEEN SUBJECTED TO TRANSMUTATION WHY NOT,na,na,5895,16000,8.728,test,na
5895-34615-0002_melvoc_reverb-rt60-0.8,data/attacks/reverb-rt60-0.8/5895-34615-0002_melvoc.wav,fake,attack,none,reverb-rt60-0.8,rt60-0.8,HAD GWYNPLAINE WHEN A CHILD BEEN SO WORTHY OF ATTENTION THAT HIS FACE HAD BEEN SUBJECTED TO TRANSMUTATION WHY NOT,na,na,5895,16000,8.728,test,na
5895-34615-0002_melvoc_speed0.9,data/attacks/speed0.9/5895-34615-0002_melvoc.wav,fake,attack,none,speed0.9,speed0.9,HAD GWYNPLAINE WHEN A CHILD BEEN SO WORTHY OF ATTENTION THAT HIS FACE HAD BEEN SUBJECTED TO TRANSMUTATION WHY NOT,na,na,5895,16000,9.698,test,na
5895-34615-0002_melvoc_speed1.1,data/attacks/speed1.1/5895-34615-0002_melvoc.wav,fake,attack,none,speed1.1,speed1.1,HAD GWYNPLAINE WHEN A CHILD BEEN SO WORTHY OF ATTENTION THAT HIS FACE HAD BEEN SUBJECTED TO TRANSMUTATION WHY NOT,na,na,5895,16000,7.935,test,na
5895-34615-0002_pitch_mp3-128k,data/attacks/mp3-128k/5895-34615-0002_pitch.wav,fake,attack,none,mp3-128k,mp3-128k,HAD GWYNPLAINE WHEN A CHILD BEEN SO WORTHY OF ATTENTION THAT HIS FACE HAD BEEN SUBJECTED TO TRANSMUTATION WHY NOT,na,na,5895,16000,8.73,test,na
5895-34615-0002_pitch_mp3-64k,data/attacks/mp3-64k/5895-34615-0002_pitch.wav,fake,attack,none,mp3-64k,mp3-64k,HAD GWYNPLAINE WHEN A CHILD BEEN SO WORTHY OF ATTENTION THAT HIS FACE HAD BEEN SUBJECTED TO TRANSMUTATION WHY NOT,na,na,5895,16000,8.73,test,na
5895-34615-0002_pitch_opus-32k,data/attacks/opus-32k/5895-34615-0002_pitch.wav,fake,attack,none,opus-32k,opus-32k,HAD GWYNPLAINE WHEN A CHILD BEEN SO WORTHY OF ATTENTION THAT HIS FACE HAD BEEN SUBJECTED TO TRANSMUTATION WHY NOT,na,na,5895,16000,8.73,test,na
5895-34615-0002_pitch_g711-8k,data/attacks/g711-8k/5895-34615-0002_pitch.wav,fake,attack,none,g711-8k,g711-8k,HAD GWYNPLAINE WHEN A CHILD BEEN SO WORTHY OF ATTENTION THAT HIS FACE HAD BEEN SUBJECTED TO TRANSMUTATION WHY NOT,na,na,5895,16000,8.73,test,na
5895-34615-0002_pitch_resample-8k,data/attacks/resample-8k/5895-34615-0002_pitch.wav,fake,attack,none,resample-8k,8k-roundtrip,HAD GWYNPLAINE WHEN A CHILD BEEN SO WORTHY OF ATTENTION THAT HIS FACE HAD BEEN SUBJECTED TO TRANSMUTATION WHY NOT,na,na,5895,16000,8.73,test,na
5895-34615-0002_pitch_awgn-snr5,data/attacks/awgn-snr5/5895-34615-0002_pitch.wav,fake,attack,none,awgn-snr5,snr5,HAD GWYNPLAINE WHEN A CHILD BEEN SO WORTHY OF ATTENTION THAT HIS FACE HAD BEEN SUBJECTED TO TRANSMUTATION WHY NOT,na,na,5895,16000,8.73,test,na
5895-34615-0002_pitch_awgn-snr10,data/attacks/awgn-snr10/5895-34615-0002_pitch.wav,fake,attack,none,awgn-snr10,snr10,HAD GWYNPLAINE WHEN A CHILD BEEN SO WORTHY OF ATTENTION THAT HIS FACE HAD BEEN SUBJECTED TO TRANSMUTATION WHY NOT,na,na,5895,16000,8.73,test,na
5895-34615-0002_pitch_awgn-snr20,data/attacks/awgn-snr20/5895-34615-0002_pitch.wav,fake,attack,none,awgn-snr20,snr20,HAD GWYNPLAINE WHEN A CHILD BEEN SO WORTHY OF ATTENTION THAT HIS FACE HAD BEEN SUBJECTED TO TRANSMUTATION WHY NOT,na,na,5895,16000,8.73,test,na
5895-34615-0002_pitch_bandpass-300-3400,data/attacks/bandpass-300-3400/5895-34615-0002_pitch.wav,fake,attack,none,bandpass-300-3400,bandpass300-3400,HAD GWYNPLAINE WHEN A CHILD BEEN SO WORTHY OF ATTENTION THAT HIS FACE HAD BEEN SUBJECTED TO TRANSMUTATION WHY NOT,na,na,5895,16000,8.73,test,na
5895-34615-0002_pitch_reverb-rt60-0.2,data/attacks/reverb-rt60-0.2/5895-34615-0002_pitch.wav,fake,attack,none,reverb-rt60-0.2,rt60-0.2,HAD GWYNPLAINE WHEN A CHILD BEEN SO WORTHY OF ATTENTION THAT HIS FACE HAD BEEN SUBJECTED TO TRANSMUTATION WHY NOT,na,na,5895,16000,8.73,test,na
5895-34615-0002_pitch_reverb-rt60-0.4,data/attacks/reverb-rt60-0.4/5895-34615-0002_pitch.wav,fake,attack,none,reverb-rt60-0.4,rt60-0.4,HAD GWYNPLAINE WHEN A CHILD BEEN SO WORTHY OF ATTENTION THAT HIS FACE HAD BEEN SUBJECTED TO TRANSMUTATION WHY NOT,na,na,5895,16000,8.73,test,na
5895-34615-0002_pitch_reverb-rt60-0.8,data/attacks/reverb-rt60-0.8/5895-34615-0002_pitch.wav,fake,attack,none,reverb-rt60-0.8,rt60-0.8,HAD GWYNPLAINE WHEN A CHILD BEEN SO WORTHY OF ATTENTION THAT HIS FACE HAD BEEN SUBJECTED TO TRANSMUTATION WHY NOT,na,na,5895,16000,8.73,test,na
5895-34615-0002_pitch_speed0.9,data/attacks/speed0.9/5895-34615-0002_pitch.wav,fake,attack,none,speed0.9,speed0.9,HAD GWYNPLAINE WHEN A CHILD BEEN SO WORTHY OF ATTENTION THAT HIS FACE HAD BEEN SUBJECTED TO TRANSMUTATION WHY NOT,na,na,5895,16000,9.7,test,na
5895-34615-0002_pitch_speed1.1,data/attacks/speed1.1/5895-34615-0002_pitch.wav,fake,attack,none,speed1.1,speed1.1,HAD GWYNPLAINE WHEN A CHILD BEEN SO WORTHY OF ATTENTION THAT HIS FACE HAD BEEN SUBJECTED TO TRANSMUTATION WHY NOT,na,na,5895,16000,7.936,test,na
5895-34615-0003_formant_mp3-128k,data/attacks/mp3-128k/5895-34615-0003_formant.wav,fake,attack,none,mp3-128k,mp3-128k,ACCORDING TO ALL APPEARANCE INDUSTRIOUS MANIPULATORS OF CHILDREN HAD WORKED UPON HIS FACE,na,na,5895,16000,6.605,test,na
5895-34615-0003_formant_mp3-64k,data/attacks/mp3-64k/5895-34615-0003_formant.wav,fake,attack,none,mp3-64k,mp3-64k,ACCORDING TO ALL APPEARANCE INDUSTRIOUS MANIPULATORS OF CHILDREN HAD WORKED UPON HIS FACE,na,na,5895,16000,6.605,test,na
5895-34615-0003_formant_opus-32k,data/attacks/opus-32k/5895-34615-0003_formant.wav,fake,attack,none,opus-32k,opus-32k,ACCORDING TO ALL APPEARANCE INDUSTRIOUS MANIPULATORS OF CHILDREN HAD WORKED UPON HIS FACE,na,na,5895,16000,6.605,test,na
5895-34615-0003_formant_g711-8k,data/attacks/g711-8k/5895-34615-0003_formant.wav,fake,attack,none,g711-8k,g711-8k,ACCORDING TO ALL APPEARANCE INDUSTRIOUS MANIPULATORS OF CHILDREN HAD WORKED UPON HIS FACE,na,na,5895,16000,6.605,test,na
5895-34615-0003_formant_resample-8k,data/attacks/resample-8k/5895-34615-0003_formant.wav,fake,attack,none,resample-8k,8k-roundtrip,ACCORDING TO ALL APPEARANCE INDUSTRIOUS MANIPULATORS OF CHILDREN HAD WORKED UPON HIS FACE,na,na,5895,16000,6.605,test,na
5895-34615-0003_formant_awgn-snr5,data/attacks/awgn-snr5/5895-34615-0003_formant.wav,fake,attack,none,awgn-snr5,snr5,ACCORDING TO ALL APPEARANCE INDUSTRIOUS MANIPULATORS OF CHILDREN HAD WORKED UPON HIS FACE,na,na,5895,16000,6.605,test,na
5895-34615-0003_formant_awgn-snr10,data/attacks/awgn-snr10/5895-34615-0003_formant.wav,fake,attack,none,awgn-snr10,snr10,ACCORDING TO ALL APPEARANCE INDUSTRIOUS MANIPULATORS OF CHILDREN HAD WORKED UPON HIS FACE,na,na,5895,16000,6.605,test,na
5895-34615-0003_formant_awgn-snr20,data/attacks/awgn-snr20/5895-34615-0003_formant.wav,fake,attack,none,awgn-snr20,snr20,ACCORDING TO ALL APPEARANCE INDUSTRIOUS MANIPULATORS OF CHILDREN HAD WORKED UPON HIS FACE,na,na,5895,16000,6.605,test,na
5895-34615-0003_formant_bandpass-300-3400,data/attacks/bandpass-300-3400/5895-34615-0003_formant.wav,fake,attack,none,bandpass-300-3400,bandpass300-3400,ACCORDING TO ALL APPEARANCE INDUSTRIOUS MANIPULATORS OF CHILDREN HAD WORKED UPON HIS FACE,na,na,5895,16000,6.605,test,na
5895-34615-0003_formant_reverb-rt60-0.2,data/attacks/reverb-rt60-0.2/5895-34615-0003_formant.wav,fake,attack,none,reverb-rt60-0.2,rt60-0.2,ACCORDING TO ALL APPEARANCE INDUSTRIOUS MANIPULATORS OF CHILDREN HAD WORKED UPON HIS FACE,na,na,5895,16000,6.605,test,na
5895-34615-0003_formant_reverb-rt60-0.4,data/attacks/reverb-rt60-0.4/5895-34615-0003_formant.wav,fake,attack,none,reverb-rt60-0.4,rt60-0.4,ACCORDING TO ALL APPEARANCE INDUSTRIOUS MANIPULATORS OF CHILDREN HAD WORKED UPON HIS FACE,na,na,5895,16000,6.605,test,na
5895-34615-0003_formant_reverb-rt60-0.8,data/attacks/reverb-rt60-0.8/5895-34615-0003_formant.wav,fake,attack,none,reverb-rt60-0.8,rt60-0.8,ACCORDING TO ALL APPEARANCE INDUSTRIOUS MANIPULATORS OF CHILDREN HAD WORKED UPON HIS FACE,na,na,5895,16000,6.605,test,na
5895-34615-0003_formant_speed0.9,data/attacks/speed0.9/5895-34615-0003_formant.wav,fake,attack,none,speed0.9,speed0.9,ACCORDING TO ALL APPEARANCE INDUSTRIOUS MANIPULATORS OF CHILDREN HAD WORKED UPON HIS FACE,na,na,5895,16000,7.339,test,na
5895-34615-0003_formant_speed1.1,data/attacks/speed1.1/5895-34615-0003_formant.wav,fake,attack,none,speed1.1,speed1.1,ACCORDING TO ALL APPEARANCE INDUSTRIOUS MANIPULATORS OF CHILDREN HAD WORKED UPON HIS FACE,na,na,5895,16000,6.005,test,na
5895-34615-0003_melvoc_mp3-128k,data/attacks/mp3-128k/5895-34615-0003_melvoc.wav,fake,attack,none,mp3-128k,mp3-128k,ACCORDING TO ALL APPEARANCE INDUSTRIOUS MANIPULATORS OF CHILDREN HAD WORKED UPON HIS FACE,na,na,5895,16000,6.6,test,na
5895-34615-0003_melvoc_mp3-64k,data/attacks/mp3-64k/5895-34615-0003_melvoc.wav,fake,attack,none,mp3-64k,mp3-64k,ACCORDING TO ALL APPEARANCE INDUSTRIOUS MANIPULATORS OF CHILDREN HAD WORKED UPON HIS FACE,na,na,5895,16000,6.6,test,na
5895-34615-0003_melvoc_opus-32k,data/attacks/opus-32k/5895-34615-0003_melvoc.wav,fake,attack,none,opus-32k,opus-32k,ACCORDING TO ALL APPEARANCE INDUSTRIOUS MANIPULATORS OF CHILDREN HAD WORKED UPON HIS FACE,na,na,5895,16000,6.6,test,na
5895-34615-0003_melvoc_g711-8k,data/attacks/g711-8k/5895-34615-0003_melvoc.wav,fake,attack,none,g711-8k,g711-8k,ACCORDING TO ALL APPEARANCE INDUSTRIOUS MANIPULATORS OF CHILDREN HAD WORKED UPON HIS FACE,na,na,5895,16000,6.6,test,na
5895-34615-0003_melvoc_resample-8k,data/attacks/resample-8k/5895-34615-0003_melvoc.wav,fake,attack,none,resample-8k,8k-roundtrip,ACCORDING TO ALL APPEARANCE INDUSTRIOUS MANIPULATORS OF CHILDREN HAD WORKED UPON HIS FACE,na,na,5895,16000,6.6,test,na
5895-34615-0003_melvoc_awgn-snr5,data/attacks/awgn-snr5/5895-34615-0003_melvoc.wav,fake,attack,none,awgn-snr5,snr5,ACCORDING TO ALL APPEARANCE INDUSTRIOUS MANIPULATORS OF CHILDREN HAD WORKED UPON HIS FACE,na,na,5895,16000,6.6,test,na
5895-34615-0003_melvoc_awgn-snr10,data/attacks/awgn-snr10/5895-34615-0003_melvoc.wav,fake,attack,none,awgn-snr10,snr10,ACCORDING TO ALL APPEARANCE INDUSTRIOUS MANIPULATORS OF CHILDREN HAD WORKED UPON HIS FACE,na,na,5895,16000,6.6,test,na
5895-34615-0003_melvoc_awgn-snr20,data/attacks/awgn-snr20/5895-34615-0003_melvoc.wav,fake,attack,none,awgn-snr20,snr20,ACCORDING TO ALL APPEARANCE INDUSTRIOUS MANIPULATORS OF CHILDREN HAD WORKED UPON HIS FACE,na,na,5895,16000,6.6,test,na
5895-34615-0003_melvoc_bandpass-300-3400,data/attacks/bandpass-300-3400/5895-34615-0003_melvoc.wav,fake,attack,none,bandpass-300-3400,bandpass300-3400,ACCORDING TO ALL APPEARANCE INDUSTRIOUS MANIPULATORS OF CHILDREN HAD WORKED UPON HIS FACE,na,na,5895,16000,6.6,test,na
5895-34615-0003_melvoc_reverb-rt60-0.2,data/attacks/reverb-rt60-0.2/5895-34615-0003_melvoc.wav,fake,attack,none,reverb-rt60-0.2,rt60-0.2,ACCORDING TO ALL APPEARANCE INDUSTRIOUS MANIPULATORS OF CHILDREN HAD WORKED UPON HIS FACE,na,na,5895,16000,6.6,test,na
5895-34615-0003_melvoc_reverb-rt60-0.4,data/attacks/reverb-rt60-0.4/5895-34615-0003_melvoc.wav,fake,attack,none,reverb-rt60-0.4,rt60-0.4,ACCORDING TO ALL APPEARANCE INDUSTRIOUS MANIPULATORS OF CHILDREN HAD WORKED UPON HIS FACE,na,na,5895,16000,6.6,test,na
5895-34615-0003_melvoc_reverb-rt60-0.8,data/attacks/reverb-rt60-0.8/5895-34615-0003_melvoc.wav,fake,attack,none,reverb-rt60-0.8,rt60-0.8,ACCORDING TO ALL APPEARANCE INDUSTRIOUS MANIPULATORS OF CHILDREN HAD WORKED UPON HIS FACE,na,na,5895,16000,6.6,test,na
5895-34615-0003_melvoc_speed0.9,data/attacks/speed0.9/5895-34615-0003_melvoc.wav,fake,attack,none,speed0.9,speed0.9,ACCORDING TO ALL APPEARANCE INDUSTRIOUS MANIPULATORS OF CHILDREN HAD WORKED UPON HIS FACE,na,na,5895,16000,7.333,test,na
5895-34615-0003_melvoc_speed1.1,data/attacks/speed1.1/5895-34615-0003_melvoc.wav,fake,attack,none,speed1.1,speed1.1,ACCORDING TO ALL APPEARANCE INDUSTRIOUS MANIPULATORS OF CHILDREN HAD WORKED UPON HIS FACE,na,na,5895,16000,6.0,test,na
5895-34615-0003_pitch_mp3-128k,data/attacks/mp3-128k/5895-34615-0003_pitch.wav,fake,attack,none,mp3-128k,mp3-128k,ACCORDING TO ALL APPEARANCE INDUSTRIOUS MANIPULATORS OF CHILDREN HAD WORKED UPON HIS FACE,na,na,5895,16000,6.605,test,na
5895-34615-0003_pitch_mp3-64k,data/attacks/mp3-64k/5895-34615-0003_pitch.wav,fake,attack,none,mp3-64k,mp3-64k,ACCORDING TO ALL APPEARANCE INDUSTRIOUS MANIPULATORS OF CHILDREN HAD WORKED UPON HIS FACE,na,na,5895,16000,6.605,test,na
5895-34615-0003_pitch_opus-32k,data/attacks/opus-32k/5895-34615-0003_pitch.wav,fake,attack,none,opus-32k,opus-32k,ACCORDING TO ALL APPEARANCE INDUSTRIOUS MANIPULATORS OF CHILDREN HAD WORKED UPON HIS FACE,na,na,5895,16000,6.605,test,na
5895-34615-0003_pitch_g711-8k,data/attacks/g711-8k/5895-34615-0003_pitch.wav,fake,attack,none,g711-8k,g711-8k,ACCORDING TO ALL APPEARANCE INDUSTRIOUS MANIPULATORS OF CHILDREN HAD WORKED UPON HIS FACE,na,na,5895,16000,6.605,test,na
5895-34615-0003_pitch_resample-8k,data/attacks/resample-8k/5895-34615-0003_pitch.wav,fake,attack,none,resample-8k,8k-roundtrip,ACCORDING TO ALL APPEARANCE INDUSTRIOUS MANIPULATORS OF CHILDREN HAD WORKED UPON HIS FACE,na,na,5895,16000,6.605,test,na
5895-34615-0003_pitch_awgn-snr5,data/attacks/awgn-snr5/5895-34615-0003_pitch.wav,fake,attack,none,awgn-snr5,snr5,ACCORDING TO ALL APPEARANCE INDUSTRIOUS MANIPULATORS OF CHILDREN HAD WORKED UPON HIS FACE,na,na,5895,16000,6.605,test,na
5895-34615-0003_pitch_awgn-snr10,data/attacks/awgn-snr10/5895-34615-0003_pitch.wav,fake,attack,none,awgn-snr10,snr10,ACCORDING TO ALL APPEARANCE INDUSTRIOUS MANIPULATORS OF CHILDREN HAD WORKED UPON HIS FACE,na,na,5895,16000,6.605,test,na
5895-34615-0003_pitch_awgn-snr20,data/attacks/awgn-snr20/5895-34615-0003_pitch.wav,fake,attack,none,awgn-snr20,snr20,ACCORDING TO ALL APPEARANCE INDUSTRIOUS MANIPULATORS OF CHILDREN HAD WORKED UPON HIS FACE,na,na,5895,16000,6.605,test,na
5895-34615-0003_pitch_bandpass-300-3400,data/attacks/bandpass-300-3400/5895-34615-0003_pitch.wav,fake,attack,none,bandpass-300-3400,bandpass300-3400,ACCORDING TO ALL APPEARANCE INDUSTRIOUS MANIPULATORS OF CHILDREN HAD WORKED UPON HIS FACE,na,na,5895,16000,6.605,test,na
5895-34615-0003_pitch_reverb-rt60-0.2,data/attacks/reverb-rt60-0.2/5895-34615-0003_pitch.wav,fake,attack,none,reverb-rt60-0.2,rt60-0.2,ACCORDING TO ALL APPEARANCE INDUSTRIOUS MANIPULATORS OF CHILDREN HAD WORKED UPON HIS FACE,na,na,5895,16000,6.605,test,na
5895-34615-0003_pitch_reverb-rt60-0.4,data/attacks/reverb-rt60-0.4/5895-34615-0003_pitch.wav,fake,attack,none,reverb-rt60-0.4,rt60-0.4,ACCORDING TO ALL APPEARANCE INDUSTRIOUS MANIPULATORS OF CHILDREN HAD WORKED UPON HIS FACE,na,na,5895,16000,6.605,test,na
5895-34615-0003_pitch_reverb-rt60-0.8,data/attacks/reverb-rt60-0.8/5895-34615-0003_pitch.wav,fake,attack,none,reverb-rt60-0.8,rt60-0.8,ACCORDING TO ALL APPEARANCE INDUSTRIOUS MANIPULATORS OF CHILDREN HAD WORKED UPON HIS FACE,na,na,5895,16000,6.605,test,na
5895-34615-0003_pitch_speed0.9,data/attacks/speed0.9/5895-34615-0003_pitch.wav,fake,attack,none,speed0.9,speed0.9,ACCORDING TO ALL APPEARANCE INDUSTRIOUS MANIPULATORS OF CHILDREN HAD WORKED UPON HIS FACE,na,na,5895,16000,7.339,test,na
5895-34615-0003_pitch_speed1.1,data/attacks/speed1.1/5895-34615-0003_pitch.wav,fake,attack,none,speed1.1,speed1.1,ACCORDING TO ALL APPEARANCE INDUSTRIOUS MANIPULATORS OF CHILDREN HAD WORKED UPON HIS FACE,na,na,5895,16000,6.005,test,na
5895-34615-0004_formant_mp3-128k,data/attacks/mp3-128k/5895-34615-0004_formant.wav,fake,attack,none,mp3-128k,mp3-128k,IT SEEMED EVIDENT THAT A MYSTERIOUS AND PROBABLY OCCULT SCIENCE WHICH WAS TO SURGERY WHAT ALCHEMY WAS TO CHEMISTRY HAD CHISELLED HIS FLESH EVIDENTLY AT A VERY TENDER AGE AND MANUFACTURED HIS COUNTENANCE WITH PREMEDITATION,na,na,5895,16000,15.951,test,na
5895-34615-0004_formant_mp3-64k,data/attacks/mp3-64k/5895-34615-0004_formant.wav,fake,attack,none,mp3-64k,mp3-64k,IT SEEMED EVIDENT THAT A MYSTERIOUS AND PROBABLY OCCULT SCIENCE WHICH WAS TO SURGERY WHAT ALCHEMY WAS TO CHEMISTRY HAD CHISELLED HIS FLESH EVIDENTLY AT A VERY TENDER AGE AND MANUFACTURED HIS COUNTENANCE WITH PREMEDITATION,na,na,5895,16000,15.951,test,na
5895-34615-0004_formant_opus-32k,data/attacks/opus-32k/5895-34615-0004_formant.wav,fake,attack,none,opus-32k,opus-32k,IT SEEMED EVIDENT THAT A MYSTERIOUS AND PROBABLY OCCULT SCIENCE WHICH WAS TO SURGERY WHAT ALCHEMY WAS TO CHEMISTRY HAD CHISELLED HIS FLESH EVIDENTLY AT A VERY TENDER AGE AND MANUFACTURED HIS COUNTENANCE WITH PREMEDITATION,na,na,5895,16000,15.95,test,na
5895-34615-0004_formant_g711-8k,data/attacks/g711-8k/5895-34615-0004_formant.wav,fake,attack,none,g711-8k,g711-8k,IT SEEMED EVIDENT THAT A MYSTERIOUS AND PROBABLY OCCULT SCIENCE WHICH WAS TO SURGERY WHAT ALCHEMY WAS TO CHEMISTRY HAD CHISELLED HIS FLESH EVIDENTLY AT A VERY TENDER AGE AND MANUFACTURED HIS COUNTENANCE WITH PREMEDITATION,na,na,5895,16000,15.95,test,na
5895-34615-0004_formant_resample-8k,data/attacks/resample-8k/5895-34615-0004_formant.wav,fake,attack,none,resample-8k,8k-roundtrip,IT SEEMED EVIDENT THAT A MYSTERIOUS AND PROBABLY OCCULT SCIENCE WHICH WAS TO SURGERY WHAT ALCHEMY WAS TO CHEMISTRY HAD CHISELLED HIS FLESH EVIDENTLY AT A VERY TENDER AGE AND MANUFACTURED HIS COUNTENANCE WITH PREMEDITATION,na,na,5895,16000,15.95,test,na
5895-34615-0004_formant_awgn-snr5,data/attacks/awgn-snr5/5895-34615-0004_formant.wav,fake,attack,none,awgn-snr5,snr5,IT SEEMED EVIDENT THAT A MYSTERIOUS AND PROBABLY OCCULT SCIENCE WHICH WAS TO SURGERY WHAT ALCHEMY WAS TO CHEMISTRY HAD CHISELLED HIS FLESH EVIDENTLY AT A VERY TENDER AGE AND MANUFACTURED HIS COUNTENANCE WITH PREMEDITATION,na,na,5895,16000,15.95,test,na
5895-34615-0004_formant_awgn-snr10,data/attacks/awgn-snr10/5895-34615-0004_formant.wav,fake,attack,none,awgn-snr10,snr10,IT SEEMED EVIDENT THAT A MYSTERIOUS AND PROBABLY OCCULT SCIENCE WHICH WAS TO SURGERY WHAT ALCHEMY WAS TO CHEMISTRY HAD CHISELLED HIS FLESH EVIDENTLY AT A VERY TENDER AGE AND MANUFACTURED HIS COUNTENANCE WITH PREMEDITATION,na,na,5895,16000,15.95,test,na
5895-34615-0004_formant_awgn-snr20,data/attacks/awgn-snr20/5895-34615-0004_formant.wav,fake,attack,none,awgn-snr20,snr20,IT SEEMED EVIDENT THAT A MYSTERIOUS AND PROBABLY OCCULT SCIENCE WHICH WAS TO SURGERY WHAT ALCHEMY WAS TO CHEMISTRY HAD CHISELLED HIS FLESH EVIDENTLY AT A VERY TENDER AGE AND MANUFACTURED HIS COUNTENANCE WITH PREMEDITATION,na,na,5895,16000,15.95,test,na
5895-34615-0004_formant_bandpass-300-3400,data/attacks/bandpass-300-3400/5895-34615-0004_formant.wav,fake,attack,none,bandpass-300-3400,bandpass300-3400,IT SEEMED EVIDENT THAT A MYSTERIOUS AND PROBABLY OCCULT SCIENCE WHICH WAS TO SURGERY WHAT ALCHEMY WAS TO CHEMISTRY HAD CHISELLED HIS FLESH EVIDENTLY AT A VERY TENDER AGE AND MANUFACTURED HIS COUNTENANCE WITH PREMEDITATION,na,na,5895,16000,15.95,test,na
5895-34615-0004_formant_reverb-rt60-0.2,data/attacks/reverb-rt60-0.2/5895-34615-0004_formant.wav,fake,attack,none,reverb-rt60-0.2,rt60-0.2,IT SEEMED EVIDENT THAT A MYSTERIOUS AND PROBABLY OCCULT SCIENCE WHICH WAS TO SURGERY WHAT ALCHEMY WAS TO CHEMISTRY HAD CHISELLED HIS FLESH EVIDENTLY AT A VERY TENDER AGE AND MANUFACTURED HIS COUNTENANCE WITH PREMEDITATION,na,na,5895,16000,15.95,test,na
5895-34615-0004_formant_reverb-rt60-0.4,data/attacks/reverb-rt60-0.4/5895-34615-0004_formant.wav,fake,attack,none,reverb-rt60-0.4,rt60-0.4,IT SEEMED EVIDENT THAT A MYSTERIOUS AND PROBABLY OCCULT SCIENCE WHICH WAS TO SURGERY WHAT ALCHEMY WAS TO CHEMISTRY HAD CHISELLED HIS FLESH EVIDENTLY AT A VERY TENDER AGE AND MANUFACTURED HIS COUNTENANCE WITH PREMEDITATION,na,na,5895,16000,15.95,test,na
5895-34615-0004_formant_reverb-rt60-0.8,data/attacks/reverb-rt60-0.8/5895-34615-0004_formant.wav,fake,attack,none,reverb-rt60-0.8,rt60-0.8,IT SEEMED EVIDENT THAT A MYSTERIOUS AND PROBABLY OCCULT SCIENCE WHICH WAS TO SURGERY WHAT ALCHEMY WAS TO CHEMISTRY HAD CHISELLED HIS FLESH EVIDENTLY AT A VERY TENDER AGE AND MANUFACTURED HIS COUNTENANCE WITH PREMEDITATION,na,na,5895,16000,15.95,test,na
5895-34615-0004_formant_speed0.9,data/attacks/speed0.9/5895-34615-0004_formant.wav,fake,attack,none,speed0.9,speed0.9,IT SEEMED EVIDENT THAT A MYSTERIOUS AND PROBABLY OCCULT SCIENCE WHICH WAS TO SURGERY WHAT ALCHEMY WAS TO CHEMISTRY HAD CHISELLED HIS FLESH EVIDENTLY AT A VERY TENDER AGE AND MANUFACTURED HIS COUNTENANCE WITH PREMEDITATION,na,na,5895,16000,17.722,test,na
5895-34615-0004_formant_speed1.1,data/attacks/speed1.1/5895-34615-0004_formant.wav,fake,attack,none,speed1.1,speed1.1,IT SEEMED EVIDENT THAT A MYSTERIOUS AND PROBABLY OCCULT SCIENCE WHICH WAS TO SURGERY WHAT ALCHEMY WAS TO CHEMISTRY HAD CHISELLED HIS FLESH EVIDENTLY AT A VERY TENDER AGE AND MANUFACTURED HIS COUNTENANCE WITH PREMEDITATION,na,na,5895,16000,14.5,test,na
5895-34615-0004_melvoc_mp3-128k,data/attacks/mp3-128k/5895-34615-0004_melvoc.wav,fake,attack,none,mp3-128k,mp3-128k,IT SEEMED EVIDENT THAT A MYSTERIOUS AND PROBABLY OCCULT SCIENCE WHICH WAS TO SURGERY WHAT ALCHEMY WAS TO CHEMISTRY HAD CHISELLED HIS FLESH EVIDENTLY AT A VERY TENDER AGE AND MANUFACTURED HIS COUNTENANCE WITH PREMEDITATION,na,na,5895,16000,15.944,test,na
5895-34615-0004_melvoc_mp3-64k,data/attacks/mp3-64k/5895-34615-0004_melvoc.wav,fake,attack,none,mp3-64k,mp3-64k,IT SEEMED EVIDENT THAT A MYSTERIOUS AND PROBABLY OCCULT SCIENCE WHICH WAS TO SURGERY WHAT ALCHEMY WAS TO CHEMISTRY HAD CHISELLED HIS FLESH EVIDENTLY AT A VERY TENDER AGE AND MANUFACTURED HIS COUNTENANCE WITH PREMEDITATION,na,na,5895,16000,15.944,test,na
5895-34615-0004_melvoc_opus-32k,data/attacks/opus-32k/5895-34615-0004_melvoc.wav,fake,attack,none,opus-32k,opus-32k,IT SEEMED EVIDENT THAT A MYSTERIOUS AND PROBABLY OCCULT SCIENCE WHICH WAS TO SURGERY WHAT ALCHEMY WAS TO CHEMISTRY HAD CHISELLED HIS FLESH EVIDENTLY AT A VERY TENDER AGE AND MANUFACTURED HIS COUNTENANCE WITH PREMEDITATION,na,na,5895,16000,15.944,test,na
5895-34615-0004_melvoc_g711-8k,data/attacks/g711-8k/5895-34615-0004_melvoc.wav,fake,attack,none,g711-8k,g711-8k,IT SEEMED EVIDENT THAT A MYSTERIOUS AND PROBABLY OCCULT SCIENCE WHICH WAS TO SURGERY WHAT ALCHEMY WAS TO CHEMISTRY HAD CHISELLED HIS FLESH EVIDENTLY AT A VERY TENDER AGE AND MANUFACTURED HIS COUNTENANCE WITH PREMEDITATION,na,na,5895,16000,15.944,test,na
5895-34615-0004_melvoc_resample-8k,data/attacks/resample-8k/5895-34615-0004_melvoc.wav,fake,attack,none,resample-8k,8k-roundtrip,IT SEEMED EVIDENT THAT A MYSTERIOUS AND PROBABLY OCCULT SCIENCE WHICH WAS TO SURGERY WHAT ALCHEMY WAS TO CHEMISTRY HAD CHISELLED HIS FLESH EVIDENTLY AT A VERY TENDER AGE AND MANUFACTURED HIS COUNTENANCE WITH PREMEDITATION,na,na,5895,16000,15.944,test,na
5895-34615-0004_melvoc_awgn-snr5,data/attacks/awgn-snr5/5895-34615-0004_melvoc.wav,fake,attack,none,awgn-snr5,snr5,IT SEEMED EVIDENT THAT A MYSTERIOUS AND PROBABLY OCCULT SCIENCE WHICH WAS TO SURGERY WHAT ALCHEMY WAS TO CHEMISTRY HAD CHISELLED HIS FLESH EVIDENTLY AT A VERY TENDER AGE AND MANUFACTURED HIS COUNTENANCE WITH PREMEDITATION,na,na,5895,16000,15.944,test,na
5895-34615-0004_melvoc_awgn-snr10,data/attacks/awgn-snr10/5895-34615-0004_melvoc.wav,fake,attack,none,awgn-snr10,snr10,IT SEEMED EVIDENT THAT A MYSTERIOUS AND PROBABLY OCCULT SCIENCE WHICH WAS TO SURGERY WHAT ALCHEMY WAS TO CHEMISTRY HAD CHISELLED HIS FLESH EVIDENTLY AT A VERY TENDER AGE AND MANUFACTURED HIS COUNTENANCE WITH PREMEDITATION,na,na,5895,16000,15.944,test,na
5895-34615-0004_melvoc_awgn-snr20,data/attacks/awgn-snr20/5895-34615-0004_melvoc.wav,fake,attack,none,awgn-snr20,snr20,IT SEEMED EVIDENT THAT A MYSTERIOUS AND PROBABLY OCCULT SCIENCE WHICH WAS TO SURGERY WHAT ALCHEMY WAS TO CHEMISTRY HAD CHISELLED HIS FLESH EVIDENTLY AT A VERY TENDER AGE AND MANUFACTURED HIS COUNTENANCE WITH PREMEDITATION,na,na,5895,16000,15.944,test,na
5895-34615-0004_melvoc_bandpass-300-3400,data/attacks/bandpass-300-3400/5895-34615-0004_melvoc.wav,fake,attack,none,bandpass-300-3400,bandpass300-3400,IT SEEMED EVIDENT THAT A MYSTERIOUS AND PROBABLY OCCULT SCIENCE WHICH WAS TO SURGERY WHAT ALCHEMY WAS TO CHEMISTRY HAD CHISELLED HIS FLESH EVIDENTLY AT A VERY TENDER AGE AND MANUFACTURED HIS COUNTENANCE WITH PREMEDITATION,na,na,5895,16000,15.944,test,na
5895-34615-0004_melvoc_reverb-rt60-0.2,data/attacks/reverb-rt60-0.2/5895-34615-0004_melvoc.wav,fake,attack,none,reverb-rt60-0.2,rt60-0.2,IT SEEMED EVIDENT THAT A MYSTERIOUS AND PROBABLY OCCULT SCIENCE WHICH WAS TO SURGERY WHAT ALCHEMY WAS TO CHEMISTRY HAD CHISELLED HIS FLESH EVIDENTLY AT A VERY TENDER AGE AND MANUFACTURED HIS COUNTENANCE WITH PREMEDITATION,na,na,5895,16000,15.944,test,na
5895-34615-0004_melvoc_reverb-rt60-0.4,data/attacks/reverb-rt60-0.4/5895-34615-0004_melvoc.wav,fake,attack,none,reverb-rt60-0.4,rt60-0.4,IT SEEMED EVIDENT THAT A MYSTERIOUS AND PROBABLY OCCULT SCIENCE WHICH WAS TO SURGERY WHAT ALCHEMY WAS TO CHEMISTRY HAD CHISELLED HIS FLESH EVIDENTLY AT A VERY TENDER AGE AND MANUFACTURED HIS COUNTENANCE WITH PREMEDITATION,na,na,5895,16000,15.944,test,na
5895-34615-0004_melvoc_reverb-rt60-0.8,data/attacks/reverb-rt60-0.8/5895-34615-0004_melvoc.wav,fake,attack,none,reverb-rt60-0.8,rt60-0.8,IT SEEMED EVIDENT THAT A MYSTERIOUS AND PROBABLY OCCULT SCIENCE WHICH WAS TO SURGERY WHAT ALCHEMY WAS TO CHEMISTRY HAD CHISELLED HIS FLESH EVIDENTLY AT A VERY TENDER AGE AND MANUFACTURED HIS COUNTENANCE WITH PREMEDITATION,na,na,5895,16000,15.944,test,na
5895-34615-0004_melvoc_speed0.9,data/attacks/speed0.9/5895-34615-0004_melvoc.wav,fake,attack,none,speed0.9,speed0.9,IT SEEMED EVIDENT THAT A MYSTERIOUS AND PROBABLY OCCULT SCIENCE WHICH WAS TO SURGERY WHAT ALCHEMY WAS TO CHEMISTRY HAD CHISELLED HIS FLESH EVIDENTLY AT A VERY TENDER AGE AND MANUFACTURED HIS COUNTENANCE WITH PREMEDITATION,na,na,5895,16000,17.716,test,na
5895-34615-0004_melvoc_speed1.1,data/attacks/speed1.1/5895-34615-0004_melvoc.wav,fake,attack,none,speed1.1,speed1.1,IT SEEMED EVIDENT THAT A MYSTERIOUS AND PROBABLY OCCULT SCIENCE WHICH WAS TO SURGERY WHAT ALCHEMY WAS TO CHEMISTRY HAD CHISELLED HIS FLESH EVIDENTLY AT A VERY TENDER AGE AND MANUFACTURED HIS COUNTENANCE WITH PREMEDITATION,na,na,5895,16000,14.495,test,na
5895-34615-0004_pitch_mp3-128k,data/attacks/mp3-128k/5895-34615-0004_pitch.wav,fake,attack,none,mp3-128k,mp3-128k,IT SEEMED EVIDENT THAT A MYSTERIOUS AND PROBABLY OCCULT SCIENCE WHICH WAS TO SURGERY WHAT ALCHEMY WAS TO CHEMISTRY HAD CHISELLED HIS FLESH EVIDENTLY AT A VERY TENDER AGE AND MANUFACTURED HIS COUNTENANCE WITH PREMEDITATION,na,na,5895,16000,15.951,test,na
5895-34615-0004_pitch_mp3-64k,data/attacks/mp3-64k/5895-34615-0004_pitch.wav,fake,attack,none,mp3-64k,mp3-64k,IT SEEMED EVIDENT THAT A MYSTERIOUS AND PROBABLY OCCULT SCIENCE WHICH WAS TO SURGERY WHAT ALCHEMY WAS TO CHEMISTRY HAD CHISELLED HIS FLESH EVIDENTLY AT A VERY TENDER AGE AND MANUFACTURED HIS COUNTENANCE WITH PREMEDITATION,na,na,5895,16000,15.951,test,na
5895-34615-0004_pitch_opus-32k,data/attacks/opus-32k/5895-34615-0004_pitch.wav,fake,attack,none,opus-32k,opus-32k,IT SEEMED EVIDENT THAT A MYSTERIOUS AND PROBABLY OCCULT SCIENCE WHICH WAS TO SURGERY WHAT ALCHEMY WAS TO CHEMISTRY HAD CHISELLED HIS FLESH EVIDENTLY AT A VERY TENDER AGE AND MANUFACTURED HIS COUNTENANCE WITH PREMEDITATION,na,na,5895,16000,15.95,test,na
5895-34615-0004_pitch_g711-8k,data/attacks/g711-8k/5895-34615-0004_pitch.wav,fake,attack,none,g711-8k,g711-8k,IT SEEMED EVIDENT THAT A MYSTERIOUS AND PROBABLY OCCULT SCIENCE WHICH WAS TO SURGERY WHAT ALCHEMY WAS TO CHEMISTRY HAD CHISELLED HIS FLESH EVIDENTLY AT A VERY TENDER AGE AND MANUFACTURED HIS COUNTENANCE WITH PREMEDITATION,na,na,5895,16000,15.95,test,na
5895-34615-0004_pitch_resample-8k,data/attacks/resample-8k/5895-34615-0004_pitch.wav,fake,attack,none,resample-8k,8k-roundtrip,IT SEEMED EVIDENT THAT A MYSTERIOUS AND PROBABLY OCCULT SCIENCE WHICH WAS TO SURGERY WHAT ALCHEMY WAS TO CHEMISTRY HAD CHISELLED HIS FLESH EVIDENTLY AT A VERY TENDER AGE AND MANUFACTURED HIS COUNTENANCE WITH PREMEDITATION,na,na,5895,16000,15.95,test,na
5895-34615-0004_pitch_awgn-snr5,data/attacks/awgn-snr5/5895-34615-0004_pitch.wav,fake,attack,none,awgn-snr5,snr5,IT SEEMED EVIDENT THAT A MYSTERIOUS AND PROBABLY OCCULT SCIENCE WHICH WAS TO SURGERY WHAT ALCHEMY WAS TO CHEMISTRY HAD CHISELLED HIS FLESH EVIDENTLY AT A VERY TENDER AGE AND MANUFACTURED HIS COUNTENANCE WITH PREMEDITATION,na,na,5895,16000,15.95,test,na
5895-34615-0004_pitch_awgn-snr10,data/attacks/awgn-snr10/5895-34615-0004_pitch.wav,fake,attack,none,awgn-snr10,snr10,IT SEEMED EVIDENT THAT A MYSTERIOUS AND PROBABLY OCCULT SCIENCE WHICH WAS TO SURGERY WHAT ALCHEMY WAS TO CHEMISTRY HAD CHISELLED HIS FLESH EVIDENTLY AT A VERY TENDER AGE AND MANUFACTURED HIS COUNTENANCE WITH PREMEDITATION,na,na,5895,16000,15.95,test,na
5895-34615-0004_pitch_awgn-snr20,data/attacks/awgn-snr20/5895-34615-0004_pitch.wav,fake,attack,none,awgn-snr20,snr20,IT SEEMED EVIDENT THAT A MYSTERIOUS AND PROBABLY OCCULT SCIENCE WHICH WAS TO SURGERY WHAT ALCHEMY WAS TO CHEMISTRY HAD CHISELLED HIS FLESH EVIDENTLY AT A VERY TENDER AGE AND MANUFACTURED HIS COUNTENANCE WITH PREMEDITATION,na,na,5895,16000,15.95,test,na
5895-34615-0004_pitch_bandpass-300-3400,data/attacks/bandpass-300-3400/5895-34615-0004_pitch.wav,fake,attack,none,bandpass-300-3400,bandpass300-3400,IT SEEMED EVIDENT THAT A MYSTERIOUS AND PROBABLY OCCULT SCIENCE WHICH WAS TO SURGERY WHAT ALCHEMY WAS TO CHEMISTRY HAD CHISELLED HIS FLESH EVIDENTLY AT A VERY TENDER AGE AND MANUFACTURED HIS COUNTENANCE WITH PREMEDITATION,na,na,5895,16000,15.95,test,na
5895-34615-0004_pitch_reverb-rt60-0.2,data/attacks/reverb-rt60-0.2/5895-34615-0004_pitch.wav,fake,attack,none,reverb-rt60-0.2,rt60-0.2,IT SEEMED EVIDENT THAT A MYSTERIOUS AND PROBABLY OCCULT SCIENCE WHICH WAS TO SURGERY WHAT ALCHEMY WAS TO CHEMISTRY HAD CHISELLED HIS FLESH EVIDENTLY AT A VERY TENDER AGE AND MANUFACTURED HIS COUNTENANCE WITH PREMEDITATION,na,na,5895,16000,15.95,test,na
5895-34615-0004_pitch_reverb-rt60-0.4,data/attacks/reverb-rt60-0.4/5895-34615-0004_pitch.wav,fake,attack,none,reverb-rt60-0.4,rt60-0.4,IT SEEMED EVIDENT THAT A MYSTERIOUS AND PROBABLY OCCULT SCIENCE WHICH WAS TO SURGERY WHAT ALCHEMY WAS TO CHEMISTRY HAD CHISELLED HIS FLESH EVIDENTLY AT A VERY TENDER AGE AND MANUFACTURED HIS COUNTENANCE WITH PREMEDITATION,na,na,5895,16000,15.95,test,na
5895-34615-0004_pitch_reverb-rt60-0.8,data/attacks/reverb-rt60-0.8/5895-34615-0004_pitch.wav,fake,attack,none,reverb-rt60-0.8,rt60-0.8,IT SEEMED EVIDENT THAT A MYSTERIOUS AND PROBABLY OCCULT SCIENCE WHICH WAS TO SURGERY WHAT ALCHEMY WAS TO CHEMISTRY HAD CHISELLED HIS FLESH EVIDENTLY AT A VERY TENDER AGE AND MANUFACTURED HIS COUNTENANCE WITH PREMEDITATION,na,na,5895,16000,15.95,test,na
5895-34615-0004_pitch_speed0.9,data/attacks/speed0.9/5895-34615-0004_pitch.wav,fake,attack,none,speed0.9,speed0.9,IT SEEMED EVIDENT THAT A MYSTERIOUS AND PROBABLY OCCULT SCIENCE WHICH WAS TO SURGERY WHAT ALCHEMY WAS TO CHEMISTRY HAD CHISELLED HIS FLESH EVIDENTLY AT A VERY TENDER AGE AND MANUFACTURED HIS COUNTENANCE WITH PREMEDITATION,na,na,5895,16000,17.722,test,na
5895-34615-0004_pitch_speed1.1,data/attacks/speed1.1/5895-34615-0004_pitch.wav,fake,attack,none,speed1.1,speed1.1,IT SEEMED EVIDENT THAT A MYSTERIOUS AND PROBABLY OCCULT SCIENCE WHICH WAS TO SURGERY WHAT ALCHEMY WAS TO CHEMISTRY HAD CHISELLED HIS FLESH EVIDENTLY AT A VERY TENDER AGE AND MANUFACTURED HIS COUNTENANCE WITH PREMEDITATION,na,na,5895,16000,14.5,test,na
5895-34615-0005_formant_mp3-128k,data/attacks/mp3-128k/5895-34615-0005_formant.wav,fake,attack,none,mp3-128k,mp3-128k,GWYNPLAINE WAS A MOUNTEBANK,na,na,5895,16000,2.495,test,na
5895-34615-0005_formant_mp3-64k,data/attacks/mp3-64k/5895-34615-0005_formant.wav,fake,attack,none,mp3-64k,mp3-64k,GWYNPLAINE WAS A MOUNTEBANK,na,na,5895,16000,2.495,test,na
5895-34615-0005_formant_opus-32k,data/attacks/opus-32k/5895-34615-0005_formant.wav,fake,attack,none,opus-32k,opus-32k,GWYNPLAINE WAS A MOUNTEBANK,na,na,5895,16000,2.495,test,na
5895-34615-0005_formant_g711-8k,data/attacks/g711-8k/5895-34615-0005_formant.wav,fake,attack,none,g711-8k,g711-8k,GWYNPLAINE WAS A MOUNTEBANK,na,na,5895,16000,2.495,test,na
5895-34615-0005_formant_resample-8k,data/attacks/resample-8k/5895-34615-0005_formant.wav,fake,attack,none,resample-8k,8k-roundtrip,GWYNPLAINE WAS A MOUNTEBANK,na,na,5895,16000,2.495,test,na
5895-34615-0005_formant_awgn-snr5,data/attacks/awgn-snr5/5895-34615-0005_formant.wav,fake,attack,none,awgn-snr5,snr5,GWYNPLAINE WAS A MOUNTEBANK,na,na,5895,16000,2.495,test,na
5895-34615-0005_formant_awgn-snr10,data/attacks/awgn-snr10/5895-34615-0005_formant.wav,fake,attack,none,awgn-snr10,snr10,GWYNPLAINE WAS A MOUNTEBANK,na,na,5895,16000,2.495,test,na
5895-34615-0005_formant_awgn-snr20,data/attacks/awgn-snr20/5895-34615-0005_formant.wav,fake,attack,none,awgn-snr20,snr20,GWYNPLAINE WAS A MOUNTEBANK,na,na,5895,16000,2.495,test,na
5895-34615-0005_formant_bandpass-300-3400,data/attacks/bandpass-300-3400/5895-34615-0005_formant.wav,fake,attack,none,bandpass-300-3400,bandpass300-3400,GWYNPLAINE WAS A MOUNTEBANK,na,na,5895,16000,2.495,test,na
5895-34615-0005_formant_reverb-rt60-0.2,data/attacks/reverb-rt60-0.2/5895-34615-0005_formant.wav,fake,attack,none,reverb-rt60-0.2,rt60-0.2,GWYNPLAINE WAS A MOUNTEBANK,na,na,5895,16000,2.495,test,na
5895-34615-0005_formant_reverb-rt60-0.4,data/attacks/reverb-rt60-0.4/5895-34615-0005_formant.wav,fake,attack,none,reverb-rt60-0.4,rt60-0.4,GWYNPLAINE WAS A MOUNTEBANK,na,na,5895,16000,2.495,test,na
5895-34615-0005_formant_reverb-rt60-0.8,data/attacks/reverb-rt60-0.8/5895-34615-0005_formant.wav,fake,attack,none,reverb-rt60-0.8,rt60-0.8,GWYNPLAINE WAS A MOUNTEBANK,na,na,5895,16000,2.495,test,na
5895-34615-0005_formant_speed0.9,data/attacks/speed0.9/5895-34615-0005_formant.wav,fake,attack,none,speed0.9,speed0.9,GWYNPLAINE WAS A MOUNTEBANK,na,na,5895,16000,2.772,test,na
5895-34615-0005_formant_speed1.1,data/attacks/speed1.1/5895-34615-0005_formant.wav,fake,attack,none,speed1.1,speed1.1,GWYNPLAINE WAS A MOUNTEBANK,na,na,5895,16000,2.268,test,na
5895-34615-0005_melvoc_mp3-128k,data/attacks/mp3-128k/5895-34615-0005_melvoc.wav,fake,attack,none,mp3-128k,mp3-128k,GWYNPLAINE WAS A MOUNTEBANK,na,na,5895,16000,2.488,test,na
5895-34615-0005_melvoc_mp3-64k,data/attacks/mp3-64k/5895-34615-0005_melvoc.wav,fake,attack,none,mp3-64k,mp3-64k,GWYNPLAINE WAS A MOUNTEBANK,na,na,5895,16000,2.488,test,na
5895-34615-0005_melvoc_opus-32k,data/attacks/opus-32k/5895-34615-0005_melvoc.wav,fake,attack,none,opus-32k,opus-32k,GWYNPLAINE WAS A MOUNTEBANK,na,na,5895,16000,2.488,test,na
5895-34615-0005_melvoc_g711-8k,data/attacks/g711-8k/5895-34615-0005_melvoc.wav,fake,attack,none,g711-8k,g711-8k,GWYNPLAINE WAS A MOUNTEBANK,na,na,5895,16000,2.488,test,na
5895-34615-0005_melvoc_resample-8k,data/attacks/resample-8k/5895-34615-0005_melvoc.wav,fake,attack,none,resample-8k,8k-roundtrip,GWYNPLAINE WAS A MOUNTEBANK,na,na,5895,16000,2.488,test,na
5895-34615-0005_melvoc_awgn-snr5,data/attacks/awgn-snr5/5895-34615-0005_melvoc.wav,fake,attack,none,awgn-snr5,snr5,GWYNPLAINE WAS A MOUNTEBANK,na,na,5895,16000,2.488,test,na
5895-34615-0005_melvoc_awgn-snr10,data/attacks/awgn-snr10/5895-34615-0005_melvoc.wav,fake,attack,none,awgn-snr10,snr10,GWYNPLAINE WAS A MOUNTEBANK,na,na,5895,16000,2.488,test,na
5895-34615-0005_melvoc_awgn-snr20,data/attacks/awgn-snr20/5895-34615-0005_melvoc.wav,fake,attack,none,awgn-snr20,snr20,GWYNPLAINE WAS A MOUNTEBANK,na,na,5895,16000,2.488,test,na
5895-34615-0005_melvoc_bandpass-300-3400,data/attacks/bandpass-300-3400/5895-34615-0005_melvoc.wav,fake,attack,none,bandpass-300-3400,bandpass300-3400,GWYNPLAINE WAS A MOUNTEBANK,na,na,5895,16000,2.488,test,na
5895-34615-0005_melvoc_reverb-rt60-0.2,data/attacks/reverb-rt60-0.2/5895-34615-0005_melvoc.wav,fake,attack,none,reverb-rt60-0.2,rt60-0.2,GWYNPLAINE WAS A MOUNTEBANK,na,na,5895,16000,2.488,test,na
5895-34615-0005_melvoc_reverb-rt60-0.4,data/attacks/reverb-rt60-0.4/5895-34615-0005_melvoc.wav,fake,attack,none,reverb-rt60-0.4,rt60-0.4,GWYNPLAINE WAS A MOUNTEBANK,na,na,5895,16000,2.488,test,na
5895-34615-0005_melvoc_reverb-rt60-0.8,data/attacks/reverb-rt60-0.8/5895-34615-0005_melvoc.wav,fake,attack,none,reverb-rt60-0.8,rt60-0.8,GWYNPLAINE WAS A MOUNTEBANK,na,na,5895,16000,2.488,test,na
5895-34615-0005_melvoc_speed0.9,data/attacks/speed0.9/5895-34615-0005_melvoc.wav,fake,attack,none,speed0.9,speed0.9,GWYNPLAINE WAS A MOUNTEBANK,na,na,5895,16000,2.764,test,na
5895-34615-0005_melvoc_speed1.1,data/attacks/speed1.1/5895-34615-0005_melvoc.wav,fake,attack,none,speed1.1,speed1.1,GWYNPLAINE WAS A MOUNTEBANK,na,na,5895,16000,2.262,test,na
5895-34615-0005_pitch_mp3-128k,data/attacks/mp3-128k/5895-34615-0005_pitch.wav,fake,attack,none,mp3-128k,mp3-128k,GWYNPLAINE WAS A MOUNTEBANK,na,na,5895,16000,2.495,test,na
5895-34615-0005_pitch_mp3-64k,data/attacks/mp3-64k/5895-34615-0005_pitch.wav,fake,attack,none,mp3-64k,mp3-64k,GWYNPLAINE WAS A MOUNTEBANK,na,na,5895,16000,2.495,test,na
5895-34615-0005_pitch_opus-32k,data/attacks/opus-32k/5895-34615-0005_pitch.wav,fake,attack,none,opus-32k,opus-32k,GWYNPLAINE WAS A MOUNTEBANK,na,na,5895,16000,2.495,test,na
5895-34615-0005_pitch_g711-8k,data/attacks/g711-8k/5895-34615-0005_pitch.wav,fake,attack,none,g711-8k,g711-8k,GWYNPLAINE WAS A MOUNTEBANK,na,na,5895,16000,2.495,test,na
5895-34615-0005_pitch_resample-8k,data/attacks/resample-8k/5895-34615-0005_pitch.wav,fake,attack,none,resample-8k,8k-roundtrip,GWYNPLAINE WAS A MOUNTEBANK,na,na,5895,16000,2.495,test,na
5895-34615-0005_pitch_awgn-snr5,data/attacks/awgn-snr5/5895-34615-0005_pitch.wav,fake,attack,none,awgn-snr5,snr5,GWYNPLAINE WAS A MOUNTEBANK,na,na,5895,16000,2.495,test,na
5895-34615-0005_pitch_awgn-snr10,data/attacks/awgn-snr10/5895-34615-0005_pitch.wav,fake,attack,none,awgn-snr10,snr10,GWYNPLAINE WAS A MOUNTEBANK,na,na,5895,16000,2.495,test,na
5895-34615-0005_pitch_awgn-snr20,data/attacks/awgn-snr20/5895-34615-0005_pitch.wav,fake,attack,none,awgn-snr20,snr20,GWYNPLAINE WAS A MOUNTEBANK,na,na,5895,16000,2.495,test,na
5895-34615-0005_pitch_bandpass-300-3400,data/attacks/bandpass-300-3400/5895-34615-0005_pitch.wav,fake,attack,none,bandpass-300-3400,bandpass300-3400,GWYNPLAINE WAS A MOUNTEBANK,na,na,5895,16000,2.495,test,na
5895-34615-0005_pitch_reverb-rt60-0.2,data/attacks/reverb-rt60-0.2/5895-34615-0005_pitch.wav,fake,attack,none,reverb-rt60-0.2,rt60-0.2,GWYNPLAINE WAS A MOUNTEBANK,na,na,5895,16000,2.495,test,na
5895-34615-0005_pitch_reverb-rt60-0.4,data/attacks/reverb-rt60-0.4/5895-34615-0005_pitch.wav,fake,attack,none,reverb-rt60-0.4,rt60-0.4,GWYNPLAINE WAS A MOUNTEBANK,na,na,5895,16000,2.495,test,na
5895-34615-0005_pitch_reverb-rt60-0.8,data/attacks/reverb-rt60-0.8/5895-34615-0005_pitch.wav,fake,attack,none,reverb-rt60-0.8,rt60-0.8,GWYNPLAINE WAS A MOUNTEBANK,na,na,5895,16000,2.495,test,na
5895-34615-0005_pitch_speed0.9,data/attacks/speed0.9/5895-34615-0005_pitch.wav,fake,attack,none,speed0.9,speed0.9,GWYNPLAINE WAS A MOUNTEBANK,na,na,5895,16000,2.772,test,na
5895-34615-0005_pitch_speed1.1,data/attacks/speed1.1/5895-34615-0005_pitch.wav,fake,attack,none,speed1.1,speed1.1,GWYNPLAINE WAS A MOUNTEBANK,na,na,5895,16000,2.268,test,na
5895-34615-0006_formant_mp3-128k,data/attacks/mp3-128k/5895-34615-0006_formant.wav,fake,attack,none,mp3-128k,mp3-128k,HE SHOWED HIMSELF ON THE PLATFORM,na,na,5895,16000,2.525,test,na
5895-34615-0006_formant_mp3-64k,data/attacks/mp3-64k/5895-34615-0006_formant.wav,fake,attack,none,mp3-64k,mp3-64k,HE SHOWED HIMSELF ON THE PLATFORM,na,na,5895,16000,2.525,test,na
5895-34615-0006_formant_opus-32k,data/attacks/opus-32k/5895-34615-0006_formant.wav,fake,attack,none,opus-32k,opus-32k,HE SHOWED HIMSELF ON THE PLATFORM,na,na,5895,16000,2.525,test,na
5895-34615-0006_formant_g711-8k,data/attacks/g711-8k/5895-34615-0006_formant.wav,fake,attack,none,g711-8k,g711-8k,HE SHOWED HIMSELF ON THE PLATFORM,na,na,5895,16000,2.525,test,na
5895-34615-0006_formant_resample-8k,data/attacks/resample-8k/5895-34615-0006_formant.wav,fake,attack,none,resample-8k,8k-roundtrip,HE SHOWED HIMSELF ON THE PLATFORM,na,na,5895,16000,2.525,test,na
5895-34615-0006_formant_awgn-snr5,data/attacks/awgn-snr5/5895-34615-0006_formant.wav,fake,attack,none,awgn-snr5,snr5,HE SHOWED HIMSELF ON THE PLATFORM,na,na,5895,16000,2.525,test,na
5895-34615-0006_formant_awgn-snr10,data/attacks/awgn-snr10/5895-34615-0006_formant.wav,fake,attack,none,awgn-snr10,snr10,HE SHOWED HIMSELF ON THE PLATFORM,na,na,5895,16000,2.525,test,na
5895-34615-0006_formant_awgn-snr20,data/attacks/awgn-snr20/5895-34615-0006_formant.wav,fake,attack,none,awgn-snr20,snr20,HE SHOWED HIMSELF ON THE PLATFORM,na,na,5895,16000,2.525,test,na
5895-34615-0006_formant_bandpass-300-3400,data/attacks/bandpass-300-3400/5895-34615-0006_formant.wav,fake,attack,none,bandpass-300-3400,bandpass300-3400,HE SHOWED HIMSELF ON THE PLATFORM,na,na,5895,16000,2.525,test,na
5895-34615-0006_formant_reverb-rt60-0.2,data/attacks/reverb-rt60-0.2/5895-34615-0006_formant.wav,fake,attack,none,reverb-rt60-0.2,rt60-0.2,HE SHOWED HIMSELF ON THE PLATFORM,na,na,5895,16000,2.525,test,na
5895-34615-0006_formant_reverb-rt60-0.4,data/attacks/reverb-rt60-0.4/5895-34615-0006_formant.wav,fake,attack,none,reverb-rt60-0.4,rt60-0.4,HE SHOWED HIMSELF ON THE PLATFORM,na,na,5895,16000,2.525,test,na
5895-34615-0006_formant_reverb-rt60-0.8,data/attacks/reverb-rt60-0.8/5895-34615-0006_formant.wav,fake,attack,none,reverb-rt60-0.8,rt60-0.8,HE SHOWED HIMSELF ON THE PLATFORM,na,na,5895,16000,2.525,test,na
5895-34615-0006_formant_speed0.9,data/attacks/speed0.9/5895-34615-0006_formant.wav,fake,attack,none,speed0.9,speed0.9,HE SHOWED HIMSELF ON THE PLATFORM,na,na,5895,16000,2.806,test,na
5895-34615-0006_formant_speed1.1,data/attacks/speed1.1/5895-34615-0006_formant.wav,fake,attack,none,speed1.1,speed1.1,HE SHOWED HIMSELF ON THE PLATFORM,na,na,5895,16000,2.295,test,na
5895-34615-0006_melvoc_mp3-128k,data/attacks/mp3-128k/5895-34615-0006_melvoc.wav,fake,attack,none,mp3-128k,mp3-128k,HE SHOWED HIMSELF ON THE PLATFORM,na,na,5895,16000,2.52,test,na
5895-34615-0006_melvoc_mp3-64k,data/attacks/mp3-64k/5895-34615-0006_melvoc.wav,fake,attack,none,mp3-64k,mp3-64k,HE SHOWED HIMSELF ON THE PLATFORM,na,na,5895,16000,2.52,test,na
5895-34615-0006_melvoc_opus-32k,data/attacks/opus-32k/5895-34615-0006_melvoc.wav,fake,attack,none,opus-32k,opus-32k,HE SHOWED HIMSELF ON THE PLATFORM,na,na,5895,16000,2.52,test,na
5895-34615-0006_melvoc_g711-8k,data/attacks/g711-8k/5895-34615-0006_melvoc.wav,fake,attack,none,g711-8k,g711-8k,HE SHOWED HIMSELF ON THE PLATFORM,na,na,5895,16000,2.52,test,na
5895-34615-0006_melvoc_resample-8k,data/attacks/resample-8k/5895-34615-0006_melvoc.wav,fake,attack,none,resample-8k,8k-roundtrip,HE SHOWED HIMSELF ON THE PLATFORM,na,na,5895,16000,2.52,test,na
5895-34615-0006_melvoc_awgn-snr5,data/attacks/awgn-snr5/5895-34615-0006_melvoc.wav,fake,attack,none,awgn-snr5,snr5,HE SHOWED HIMSELF ON THE PLATFORM,na,na,5895,16000,2.52,test,na
5895-34615-0006_melvoc_awgn-snr10,data/attacks/awgn-snr10/5895-34615-0006_melvoc.wav,fake,attack,none,awgn-snr10,snr10,HE SHOWED HIMSELF ON THE PLATFORM,na,na,5895,16000,2.52,test,na
5895-34615-0006_melvoc_awgn-snr20,data/attacks/awgn-snr20/5895-34615-0006_melvoc.wav,fake,attack,none,awgn-snr20,snr20,HE SHOWED HIMSELF ON THE PLATFORM,na,na,5895,16000,2.52,test,na
5895-34615-0006_melvoc_bandpass-300-3400,data/attacks/bandpass-300-3400/5895-34615-0006_melvoc.wav,fake,attack,none,bandpass-300-3400,bandpass300-3400,HE SHOWED HIMSELF ON THE PLATFORM,na,na,5895,16000,2.52,test,na
5895-34615-0006_melvoc_reverb-rt60-0.2,data/attacks/reverb-rt60-0.2/5895-34615-0006_melvoc.wav,fake,attack,none,reverb-rt60-0.2,rt60-0.2,HE SHOWED HIMSELF ON THE PLATFORM,na,na,5895,16000,2.52,test,na
5895-34615-0006_melvoc_reverb-rt60-0.4,data/attacks/reverb-rt60-0.4/5895-34615-0006_melvoc.wav,fake,attack,none,reverb-rt60-0.4,rt60-0.4,HE SHOWED HIMSELF ON THE PLATFORM,na,na,5895,16000,2.52,test,na
5895-34615-0006_melvoc_reverb-rt60-0.8,data/attacks/reverb-rt60-0.8/5895-34615-0006_melvoc.wav,fake,attack,none,reverb-rt60-0.8,rt60-0.8,HE SHOWED HIMSELF ON THE PLATFORM,na,na,5895,16000,2.52,test,na
5895-34615-0006_melvoc_speed0.9,data/attacks/speed0.9/5895-34615-0006_melvoc.wav,fake,attack,none,speed0.9,speed0.9,HE SHOWED HIMSELF ON THE PLATFORM,na,na,5895,16000,2.8,test,na
5895-34615-0006_melvoc_speed1.1,data/attacks/speed1.1/5895-34615-0006_melvoc.wav,fake,attack,none,speed1.1,speed1.1,HE SHOWED HIMSELF ON THE PLATFORM,na,na,5895,16000,2.291,test,na
5895-34615-0006_pitch_mp3-128k,data/attacks/mp3-128k/5895-34615-0006_pitch.wav,fake,attack,none,mp3-128k,mp3-128k,HE SHOWED HIMSELF ON THE PLATFORM,na,na,5895,16000,2.525,test,na
5895-34615-0006_pitch_mp3-64k,data/attacks/mp3-64k/5895-34615-0006_pitch.wav,fake,attack,none,mp3-64k,mp3-64k,HE SHOWED HIMSELF ON THE PLATFORM,na,na,5895,16000,2.525,test,na
5895-34615-0006_pitch_opus-32k,data/attacks/opus-32k/5895-34615-0006_pitch.wav,fake,attack,none,opus-32k,opus-32k,HE SHOWED HIMSELF ON THE PLATFORM,na,na,5895,16000,2.525,test,na
5895-34615-0006_pitch_g711-8k,data/attacks/g711-8k/5895-34615-0006_pitch.wav,fake,attack,none,g711-8k,g711-8k,HE SHOWED HIMSELF ON THE PLATFORM,na,na,5895,16000,2.525,test,na
5895-34615-0006_pitch_resample-8k,data/attacks/resample-8k/5895-34615-0006_pitch.wav,fake,attack,none,resample-8k,8k-roundtrip,HE SHOWED HIMSELF ON THE PLATFORM,na,na,5895,16000,2.525,test,na
5895-34615-0006_pitch_awgn-snr5,data/attacks/awgn-snr5/5895-34615-0006_pitch.wav,fake,attack,none,awgn-snr5,snr5,HE SHOWED HIMSELF ON THE PLATFORM,na,na,5895,16000,2.525,test,na
5895-34615-0006_pitch_awgn-snr10,data/attacks/awgn-snr10/5895-34615-0006_pitch.wav,fake,attack,none,awgn-snr10,snr10,HE SHOWED HIMSELF ON THE PLATFORM,na,na,5895,16000,2.525,test,na
5895-34615-0006_pitch_awgn-snr20,data/attacks/awgn-snr20/5895-34615-0006_pitch.wav,fake,attack,none,awgn-snr20,snr20,HE SHOWED HIMSELF ON THE PLATFORM,na,na,5895,16000,2.525,test,na
5895-34615-0006_pitch_bandpass-300-3400,data/attacks/bandpass-300-3400/5895-34615-0006_pitch.wav,fake,attack,none,bandpass-300-3400,bandpass300-3400,HE SHOWED HIMSELF ON THE PLATFORM,na,na,5895,16000,2.525,test,na
5895-34615-0006_pitch_reverb-rt60-0.2,data/attacks/reverb-rt60-0.2/5895-34615-0006_pitch.wav,fake,attack,none,reverb-rt60-0.2,rt60-0.2,HE SHOWED HIMSELF ON THE PLATFORM,na,na,5895,16000,2.525,test,na
5895-34615-0006_pitch_reverb-rt60-0.4,data/attacks/reverb-rt60-0.4/5895-34615-0006_pitch.wav,fake,attack,none,reverb-rt60-0.4,rt60-0.4,HE SHOWED HIMSELF ON THE PLATFORM,na,na,5895,16000,2.525,test,na
5895-34615-0006_pitch_reverb-rt60-0.8,data/attacks/reverb-rt60-0.8/5895-34615-0006_pitch.wav,fake,attack,none,reverb-rt60-0.8,rt60-0.8,HE SHOWED HIMSELF ON THE PLATFORM,na,na,5895,16000,2.525,test,na
5895-34615-0006_pitch_speed0.9,data/attacks/speed0.9/5895-34615-0006_pitch.wav,fake,attack,none,speed0.9,speed0.9,HE SHOWED HIMSELF ON THE PLATFORM,na,na,5895,16000,2.806,test,na
5895-34615-0006_pitch_speed1.1,data/attacks/speed1.1/5895-34615-0006_pitch.wav,fake,attack,none,speed1.1,speed1.1,HE SHOWED HIMSELF ON THE PLATFORM,na,na,5895,16000,2.295,test,na
5895-34615-0007_formant_mp3-128k,data/attacks/mp3-128k/5895-34615-0007_formant.wav,fake,attack,none,mp3-128k,mp3-128k,IT WAS GWYNPLAINE'S LAUGH WHICH CREATED THE LAUGHTER OF OTHERS YET HE DID NOT LAUGH HIMSELF,na,na,5895,16000,5.705,test,na
5895-34615-0007_formant_mp3-64k,data/attacks/mp3-64k/5895-34615-0007_formant.wav,fake,attack,none,mp3-64k,mp3-64k,IT WAS GWYNPLAINE'S LAUGH WHICH CREATED THE LAUGHTER OF OTHERS YET HE DID NOT LAUGH HIMSELF,na,na,5895,16000,5.705,test,na
5895-34615-0007_formant_opus-32k,data/attacks/opus-32k/5895-34615-0007_formant.wav,fake,attack,none,opus-32k,opus-32k,IT WAS GWYNPLAINE'S LAUGH WHICH CREATED THE LAUGHTER OF OTHERS YET HE DID NOT LAUGH HIMSELF,na,na,5895,16000,5.705,test,na
5895-34615-0007_formant_g711-8k,data/attacks/g711-8k/5895-34615-0007_formant.wav,fake,attack,none,g711-8k,g711-8k,IT WAS GWYNPLAINE'S LAUGH WHICH CREATED THE LAUGHTER OF OTHERS YET HE DID NOT LAUGH HIMSELF,na,na,5895,16000,5.705,test,na
5895-34615-0007_formant_resample-8k,data/attacks/resample-8k/5895-34615-0007_formant.wav,fake,attack,none,resample-8k,8k-roundtrip,IT WAS GWYNPLAINE'S LAUGH WHICH CREATED THE LAUGHTER OF OTHERS YET HE DID NOT LAUGH HIMSELF,na,na,5895,16000,5.705,test,na
5895-34615-0007_formant_awgn-snr5,data/attacks/awgn-snr5/5895-34615-0007_formant.wav,fake,attack,none,awgn-snr5,snr5,IT WAS GWYNPLAINE'S LAUGH WHICH CREATED THE LAUGHTER OF OTHERS YET HE DID NOT LAUGH HIMSELF,na,na,5895,16000,5.705,test,na
5895-34615-0007_formant_awgn-snr10,data/attacks/awgn-snr10/5895-34615-0007_formant.wav,fake,attack,none,awgn-snr10,snr10,IT WAS GWYNPLAINE'S LAUGH WHICH CREATED THE LAUGHTER OF OTHERS YET HE DID NOT LAUGH HIMSELF,na,na,5895,16000,5.705,test,na
5895-34615-0007_formant_awgn-snr20,data/attacks/awgn-snr20/5895-34615-0007_formant.wav,fake,attack,none,awgn-snr20,snr20,IT WAS GWYNPLAINE'S LAUGH WHICH CREATED THE LAUGHTER OF OTHERS YET HE DID NOT LAUGH HIMSELF,na,na,5895,16000,5.705,test,na
5895-34615-0007_formant_bandpass-300-3400,data/attacks/bandpass-300-3400/5895-34615-0007_formant.wav,fake,attack,none,bandpass-300-3400,bandpass300-3400,IT WAS GWYNPLAINE'S LAUGH WHICH CREATED THE LAUGHTER OF OTHERS YET HE DID NOT LAUGH HIMSELF,na,na,5895,16000,5.705,test,na
5895-34615-0007_formant_reverb-rt60-0.2,data/attacks/reverb-rt60-0.2/5895-34615-0007_formant.wav,fake,attack,none,reverb-rt60-0.2,rt60-0.2,IT WAS GWYNPLAINE'S LAUGH WHICH CREATED THE LAUGHTER OF OTHERS YET HE DID NOT LAUGH HIMSELF,na,na,5895,16000,5.705,test,na
5895-34615-0007_formant_reverb-rt60-0.4,data/attacks/reverb-rt60-0.4/5895-34615-0007_formant.wav,fake,attack,none,reverb-rt60-0.4,rt60-0.4,IT WAS GWYNPLAINE'S LAUGH WHICH CREATED THE LAUGHTER OF OTHERS YET HE DID NOT LAUGH HIMSELF,na,na,5895,16000,5.705,test,na
5895-34615-0007_formant_reverb-rt60-0.8,data/attacks/reverb-rt60-0.8/5895-34615-0007_formant.wav,fake,attack,none,reverb-rt60-0.8,rt60-0.8,IT WAS GWYNPLAINE'S LAUGH WHICH CREATED THE LAUGHTER OF OTHERS YET HE DID NOT LAUGH HIMSELF,na,na,5895,16000,5.705,test,na
5895-34615-0007_formant_speed0.9,data/attacks/speed0.9/5895-34615-0007_formant.wav,fake,attack,none,speed0.9,speed0.9,IT WAS GWYNPLAINE'S LAUGH WHICH CREATED THE LAUGHTER OF OTHERS YET HE DID NOT LAUGH HIMSELF,na,na,5895,16000,6.339,test,na
5895-34615-0007_formant_speed1.1,data/attacks/speed1.1/5895-34615-0007_formant.wav,fake,attack,none,speed1.1,speed1.1,IT WAS GWYNPLAINE'S LAUGH WHICH CREATED THE LAUGHTER OF OTHERS YET HE DID NOT LAUGH HIMSELF,na,na,5895,16000,5.186,test,na
5895-34615-0007_melvoc_mp3-128k,data/attacks/mp3-128k/5895-34615-0007_melvoc.wav,fake,attack,none,mp3-128k,mp3-128k,IT WAS GWYNPLAINE'S LAUGH WHICH CREATED THE LAUGHTER OF OTHERS YET HE DID NOT LAUGH HIMSELF,na,na,5895,16000,5.704,test,na
5895-34615-0007_melvoc_mp3-64k,data/attacks/mp3-64k/5895-34615-0007_melvoc.wav,fake,attack,none,mp3-64k,mp3-64k,IT WAS GWYNPLAINE'S LAUGH WHICH CREATED THE LAUGHTER OF OTHERS YET HE DID NOT LAUGH HIMSELF,na,na,5895,16000,5.704,test,na
5895-34615-0007_melvoc_opus-32k,data/attacks/opus-32k/5895-34615-0007_melvoc.wav,fake,attack,none,opus-32k,opus-32k,IT WAS GWYNPLAINE'S LAUGH WHICH CREATED THE LAUGHTER OF OTHERS YET HE DID NOT LAUGH HIMSELF,na,na,5895,16000,5.704,test,na
5895-34615-0007_melvoc_g711-8k,data/attacks/g711-8k/5895-34615-0007_melvoc.wav,fake,attack,none,g711-8k,g711-8k,IT WAS GWYNPLAINE'S LAUGH WHICH CREATED THE LAUGHTER OF OTHERS YET HE DID NOT LAUGH HIMSELF,na,na,5895,16000,5.704,test,na
5895-34615-0007_melvoc_resample-8k,data/attacks/resample-8k/5895-34615-0007_melvoc.wav,fake,attack,none,resample-8k,8k-roundtrip,IT WAS GWYNPLAINE'S LAUGH WHICH CREATED THE LAUGHTER OF OTHERS YET HE DID NOT LAUGH HIMSELF,na,na,5895,16000,5.704,test,na
5895-34615-0007_melvoc_awgn-snr5,data/attacks/awgn-snr5/5895-34615-0007_melvoc.wav,fake,attack,none,awgn-snr5,snr5,IT WAS GWYNPLAINE'S LAUGH WHICH CREATED THE LAUGHTER OF OTHERS YET HE DID NOT LAUGH HIMSELF,na,na,5895,16000,5.704,test,na
5895-34615-0007_melvoc_awgn-snr10,data/attacks/awgn-snr10/5895-34615-0007_melvoc.wav,fake,attack,none,awgn-snr10,snr10,IT WAS GWYNPLAINE'S LAUGH WHICH CREATED THE LAUGHTER OF OTHERS YET HE DID NOT LAUGH HIMSELF,na,na,5895,16000,5.704,test,na
5895-34615-0007_melvoc_awgn-snr20,data/attacks/awgn-snr20/5895-34615-0007_melvoc.wav,fake,attack,none,awgn-snr20,snr20,IT WAS GWYNPLAINE'S LAUGH WHICH CREATED THE LAUGHTER OF OTHERS YET HE DID NOT LAUGH HIMSELF,na,na,5895,16000,5.704,test,na
5895-34615-0007_melvoc_bandpass-300-3400,data/attacks/bandpass-300-3400/5895-34615-0007_melvoc.wav,fake,attack,none,bandpass-300-3400,bandpass300-3400,IT WAS GWYNPLAINE'S LAUGH WHICH CREATED THE LAUGHTER OF OTHERS YET HE DID NOT LAUGH HIMSELF,na,na,5895,16000,5.704,test,na
5895-34615-0007_melvoc_reverb-rt60-0.2,data/attacks/reverb-rt60-0.2/5895-34615-0007_melvoc.wav,fake,attack,none,reverb-rt60-0.2,rt60-0.2,IT WAS GWYNPLAINE'S LAUGH WHICH CREATED THE LAUGHTER OF OTHERS YET HE DID NOT LAUGH HIMSELF,na,na,5895,16000,5.704,test,na
5895-34615-0007_melvoc_reverb-rt60-0.4,data/attacks/reverb-rt60-0.4/5895-34615-0007_melvoc.wav,fake,attack,none,reverb-rt60-0.4,rt60-0.4,IT WAS GWYNPLAINE'S LAUGH WHICH CREATED THE LAUGHTER OF OTHERS YET HE DID NOT LAUGH HIMSELF,na,na,5895,16000,5.704,test,na
5895-34615-0007_melvoc_reverb-rt60-0.8,data/attacks/reverb-rt60-0.8/5895-34615-0007_melvoc.wav,fake,attack,none,reverb-rt60-0.8,rt60-0.8,IT WAS GWYNPLAINE'S LAUGH WHICH CREATED THE LAUGHTER OF OTHERS YET HE DID NOT LAUGH HIMSELF,na,na,5895,16000,5.704,test,na
5895-34615-0007_melvoc_speed0.9,data/attacks/speed0.9/5895-34615-0007_melvoc.wav,fake,attack,none,speed0.9,speed0.9,IT WAS GWYNPLAINE'S LAUGH WHICH CREATED THE LAUGHTER OF OTHERS YET HE DID NOT LAUGH HIMSELF,na,na,5895,16000,6.338,test,na
5895-34615-0007_melvoc_speed1.1,data/attacks/speed1.1/5895-34615-0007_melvoc.wav,fake,attack,none,speed1.1,speed1.1,IT WAS GWYNPLAINE'S LAUGH WHICH CREATED THE LAUGHTER OF OTHERS YET HE DID NOT LAUGH HIMSELF,na,na,5895,16000,5.185,test,na
5895-34615-0007_pitch_mp3-128k,data/attacks/mp3-128k/5895-34615-0007_pitch.wav,fake,attack,none,mp3-128k,mp3-128k,IT WAS GWYNPLAINE'S LAUGH WHICH CREATED THE LAUGHTER OF OTHERS YET HE DID NOT LAUGH HIMSELF,na,na,5895,16000,5.705,test,na
5895-34615-0007_pitch_mp3-64k,data/attacks/mp3-64k/5895-34615-0007_pitch.wav,fake,attack,none,mp3-64k,mp3-64k,IT WAS GWYNPLAINE'S LAUGH WHICH CREATED THE LAUGHTER OF OTHERS YET HE DID NOT LAUGH HIMSELF,na,na,5895,16000,5.705,test,na
5895-34615-0007_pitch_opus-32k,data/attacks/opus-32k/5895-34615-0007_pitch.wav,fake,attack,none,opus-32k,opus-32k,IT WAS GWYNPLAINE'S LAUGH WHICH CREATED THE LAUGHTER OF OTHERS YET HE DID NOT LAUGH HIMSELF,na,na,5895,16000,5.705,test,na
5895-34615-0007_pitch_g711-8k,data/attacks/g711-8k/5895-34615-0007_pitch.wav,fake,attack,none,g711-8k,g711-8k,IT WAS GWYNPLAINE'S LAUGH WHICH CREATED THE LAUGHTER OF OTHERS YET HE DID NOT LAUGH HIMSELF,na,na,5895,16000,5.705,test,na
5895-34615-0007_pitch_resample-8k,data/attacks/resample-8k/5895-34615-0007_pitch.wav,fake,attack,none,resample-8k,8k-roundtrip,IT WAS GWYNPLAINE'S LAUGH WHICH CREATED THE LAUGHTER OF OTHERS YET HE DID NOT LAUGH HIMSELF,na,na,5895,16000,5.705,test,na
5895-34615-0007_pitch_awgn-snr5,data/attacks/awgn-snr5/5895-34615-0007_pitch.wav,fake,attack,none,awgn-snr5,snr5,IT WAS GWYNPLAINE'S LAUGH WHICH CREATED THE LAUGHTER OF OTHERS YET HE DID NOT LAUGH HIMSELF,na,na,5895,16000,5.705,test,na
5895-34615-0007_pitch_awgn-snr10,data/attacks/awgn-snr10/5895-34615-0007_pitch.wav,fake,attack,none,awgn-snr10,snr10,IT WAS GWYNPLAINE'S LAUGH WHICH CREATED THE LAUGHTER OF OTHERS YET HE DID NOT LAUGH HIMSELF,na,na,5895,16000,5.705,test,na
5895-34615-0007_pitch_awgn-snr20,data/attacks/awgn-snr20/5895-34615-0007_pitch.wav,fake,attack,none,awgn-snr20,snr20,IT WAS GWYNPLAINE'S LAUGH WHICH CREATED THE LAUGHTER OF OTHERS YET HE DID NOT LAUGH HIMSELF,na,na,5895,16000,5.705,test,na
5895-34615-0007_pitch_bandpass-300-3400,data/attacks/bandpass-300-3400/5895-34615-0007_pitch.wav,fake,attack,none,bandpass-300-3400,bandpass300-3400,IT WAS GWYNPLAINE'S LAUGH WHICH CREATED THE LAUGHTER OF OTHERS YET HE DID NOT LAUGH HIMSELF,na,na,5895,16000,5.705,test,na
5895-34615-0007_pitch_reverb-rt60-0.2,data/attacks/reverb-rt60-0.2/5895-34615-0007_pitch.wav,fake,attack,none,reverb-rt60-0.2,rt60-0.2,IT WAS GWYNPLAINE'S LAUGH WHICH CREATED THE LAUGHTER OF OTHERS YET HE DID NOT LAUGH HIMSELF,na,na,5895,16000,5.705,test,na
5895-34615-0007_pitch_reverb-rt60-0.4,data/attacks/reverb-rt60-0.4/5895-34615-0007_pitch.wav,fake,attack,none,reverb-rt60-0.4,rt60-0.4,IT WAS GWYNPLAINE'S LAUGH WHICH CREATED THE LAUGHTER OF OTHERS YET HE DID NOT LAUGH HIMSELF,na,na,5895,16000,5.705,test,na
5895-34615-0007_pitch_reverb-rt60-0.8,data/attacks/reverb-rt60-0.8/5895-34615-0007_pitch.wav,fake,attack,none,reverb-rt60-0.8,rt60-0.8,IT WAS GWYNPLAINE'S LAUGH WHICH CREATED THE LAUGHTER OF OTHERS YET HE DID NOT LAUGH HIMSELF,na,na,5895,16000,5.705,test,na
5895-34615-0007_pitch_speed0.9,data/attacks/speed0.9/5895-34615-0007_pitch.wav,fake,attack,none,speed0.9,speed0.9,IT WAS GWYNPLAINE'S LAUGH WHICH CREATED THE LAUGHTER OF OTHERS YET HE DID NOT LAUGH HIMSELF,na,na,5895,16000,6.339,test,na
5895-34615-0007_pitch_speed1.1,data/attacks/speed1.1/5895-34615-0007_pitch.wav,fake,attack,none,speed1.1,speed1.1,IT WAS GWYNPLAINE'S LAUGH WHICH CREATED THE LAUGHTER OF OTHERS YET HE DID NOT LAUGH HIMSELF,na,na,5895,16000,5.186,test,na
5895-34615-0008_formant_mp3-128k,data/attacks/mp3-128k/5895-34615-0008_formant.wav,fake,attack,none,mp3-128k,mp3-128k,THE OUTSIDE DID NOT DEPEND ON THE INTERIOR,na,na,5895,16000,3.055,test,na
5895-34615-0008_formant_mp3-64k,data/attacks/mp3-64k/5895-34615-0008_formant.wav,fake,attack,none,mp3-64k,mp3-64k,THE OUTSIDE DID NOT DEPEND ON THE INTERIOR,na,na,5895,16000,3.055,test,na
5895-34615-0008_formant_opus-32k,data/attacks/opus-32k/5895-34615-0008_formant.wav,fake,attack,none,opus-32k,opus-32k,THE OUTSIDE DID NOT DEPEND ON THE INTERIOR,na,na,5895,16000,3.055,test,na
5895-34615-0008_formant_g711-8k,data/attacks/g711-8k/5895-34615-0008_formant.wav,fake,attack,none,g711-8k,g711-8k,THE OUTSIDE DID NOT DEPEND ON THE INTERIOR,na,na,5895,16000,3.055,test,na
5895-34615-0008_formant_resample-8k,data/attacks/resample-8k/5895-34615-0008_formant.wav,fake,attack,none,resample-8k,8k-roundtrip,THE OUTSIDE DID NOT DEPEND ON THE INTERIOR,na,na,5895,16000,3.055,test,na
5895-34615-0008_formant_awgn-snr5,data/attacks/awgn-snr5/5895-34615-0008_formant.wav,fake,attack,none,awgn-snr5,snr5,THE OUTSIDE DID NOT DEPEND ON THE INTERIOR,na,na,5895,16000,3.055,test,na
5895-34615-0008_formant_awgn-snr10,data/attacks/awgn-snr10/5895-34615-0008_formant.wav,fake,attack,none,awgn-snr10,snr10,THE OUTSIDE DID NOT DEPEND ON THE INTERIOR,na,na,5895,16000,3.055,test,na
5895-34615-0008_formant_awgn-snr20,data/attacks/awgn-snr20/5895-34615-0008_formant.wav,fake,attack,none,awgn-snr20,snr20,THE OUTSIDE DID NOT DEPEND ON THE INTERIOR,na,na,5895,16000,3.055,test,na
5895-34615-0008_formant_bandpass-300-3400,data/attacks/bandpass-300-3400/5895-34615-0008_formant.wav,fake,attack,none,bandpass-300-3400,bandpass300-3400,THE OUTSIDE DID NOT DEPEND ON THE INTERIOR,na,na,5895,16000,3.055,test,na
5895-34615-0008_formant_reverb-rt60-0.2,data/attacks/reverb-rt60-0.2/5895-34615-0008_formant.wav,fake,attack,none,reverb-rt60-0.2,rt60-0.2,THE OUTSIDE DID NOT DEPEND ON THE INTERIOR,na,na,5895,16000,3.055,test,na
5895-34615-0008_formant_reverb-rt60-0.4,data/attacks/reverb-rt60-0.4/5895-34615-0008_formant.wav,fake,attack,none,reverb-rt60-0.4,rt60-0.4,THE OUTSIDE DID NOT DEPEND ON THE INTERIOR,na,na,5895,16000,3.055,test,na
5895-34615-0008_formant_reverb-rt60-0.8,data/attacks/reverb-rt60-0.8/5895-34615-0008_formant.wav,fake,attack,none,reverb-rt60-0.8,rt60-0.8,THE OUTSIDE DID NOT DEPEND ON THE INTERIOR,na,na,5895,16000,3.055,test,na
5895-34615-0008_formant_speed0.9,data/attacks/speed0.9/5895-34615-0008_formant.wav,fake,attack,none,speed0.9,speed0.9,THE OUTSIDE DID NOT DEPEND ON THE INTERIOR,na,na,5895,16000,3.394,test,na
5895-34615-0008_formant_speed1.1,data/attacks/speed1.1/5895-34615-0008_formant.wav,fake,attack,none,speed1.1,speed1.1,THE OUTSIDE DID NOT DEPEND ON THE INTERIOR,na,na,5895,16000,2.777,test,na
6313-66125-0000_formant_mp3-128k,data/attacks/mp3-128k/6313-66125-0000_formant.wav,fake,attack,none,mp3-128k,mp3-128k,YOU'LL ALL BE OVER IF YOU DON'T HAVE A CARE,na,na,6313,16000,2.355,test,na
6313-66125-0000_formant_mp3-64k,data/attacks/mp3-64k/6313-66125-0000_formant.wav,fake,attack,none,mp3-64k,mp3-64k,YOU'LL ALL BE OVER IF YOU DON'T HAVE A CARE,na,na,6313,16000,2.355,test,na
6313-66125-0000_formant_opus-32k,data/attacks/opus-32k/6313-66125-0000_formant.wav,fake,attack,none,opus-32k,opus-32k,YOU'LL ALL BE OVER IF YOU DON'T HAVE A CARE,na,na,6313,16000,2.355,test,na
6313-66125-0000_formant_g711-8k,data/attacks/g711-8k/6313-66125-0000_formant.wav,fake,attack,none,g711-8k,g711-8k,YOU'LL ALL BE OVER IF YOU DON'T HAVE A CARE,na,na,6313,16000,2.355,test,na
6313-66125-0000_formant_resample-8k,data/attacks/resample-8k/6313-66125-0000_formant.wav,fake,attack,none,resample-8k,8k-roundtrip,YOU'LL ALL BE OVER IF YOU DON'T HAVE A CARE,na,na,6313,16000,2.355,test,na
6313-66125-0000_formant_awgn-snr5,data/attacks/awgn-snr5/6313-66125-0000_formant.wav,fake,attack,none,awgn-snr5,snr5,YOU'LL ALL BE OVER IF YOU DON'T HAVE A CARE,na,na,6313,16000,2.355,test,na
6313-66125-0000_formant_awgn-snr10,data/attacks/awgn-snr10/6313-66125-0000_formant.wav,fake,attack,none,awgn-snr10,snr10,YOU'LL ALL BE OVER IF YOU DON'T HAVE A CARE,na,na,6313,16000,2.355,test,na
6313-66125-0000_formant_awgn-snr20,data/attacks/awgn-snr20/6313-66125-0000_formant.wav,fake,attack,none,awgn-snr20,snr20,YOU'LL ALL BE OVER IF YOU DON'T HAVE A CARE,na,na,6313,16000,2.355,test,na
6313-66125-0000_formant_bandpass-300-3400,data/attacks/bandpass-300-3400/6313-66125-0000_formant.wav,fake,attack,none,bandpass-300-3400,bandpass300-3400,YOU'LL ALL BE OVER IF YOU DON'T HAVE A CARE,na,na,6313,16000,2.355,test,na
6313-66125-0000_formant_reverb-rt60-0.2,data/attacks/reverb-rt60-0.2/6313-66125-0000_formant.wav,fake,attack,none,reverb-rt60-0.2,rt60-0.2,YOU'LL ALL BE OVER IF YOU DON'T HAVE A CARE,na,na,6313,16000,2.355,test,na
6313-66125-0000_formant_reverb-rt60-0.4,data/attacks/reverb-rt60-0.4/6313-66125-0000_formant.wav,fake,attack,none,reverb-rt60-0.4,rt60-0.4,YOU'LL ALL BE OVER IF YOU DON'T HAVE A CARE,na,na,6313,16000,2.355,test,na
6313-66125-0000_formant_reverb-rt60-0.8,data/attacks/reverb-rt60-0.8/6313-66125-0000_formant.wav,fake,attack,none,reverb-rt60-0.8,rt60-0.8,YOU'LL ALL BE OVER IF YOU DON'T HAVE A CARE,na,na,6313,16000,2.355,test,na
6313-66125-0000_formant_speed0.9,data/attacks/speed0.9/6313-66125-0000_formant.wav,fake,attack,none,speed0.9,speed0.9,YOU'LL ALL BE OVER IF YOU DON'T HAVE A CARE,na,na,6313,16000,2.617,test,na
6313-66125-0000_formant_speed1.1,data/attacks/speed1.1/6313-66125-0000_formant.wav,fake,attack,none,speed1.1,speed1.1,YOU'LL ALL BE OVER IF YOU DON'T HAVE A CARE,na,na,6313,16000,2.141,test,na
6313-66125-0000_melvoc_mp3-128k,data/attacks/mp3-128k/6313-66125-0000_melvoc.wav,fake,attack,none,mp3-128k,mp3-128k,YOU'LL ALL BE OVER IF YOU DON'T HAVE A CARE,na,na,6313,16000,2.352,test,na
6313-66125-0000_melvoc_mp3-64k,data/attacks/mp3-64k/6313-66125-0000_melvoc.wav,fake,attack,none,mp3-64k,mp3-64k,YOU'LL ALL BE OVER IF YOU DON'T HAVE A CARE,na,na,6313,16000,2.352,test,na
6313-66125-0000_melvoc_opus-32k,data/attacks/opus-32k/6313-66125-0000_melvoc.wav,fake,attack,none,opus-32k,opus-32k,YOU'LL ALL BE OVER IF YOU DON'T HAVE A CARE,na,na,6313,16000,2.352,test,na
6313-66125-0000_melvoc_g711-8k,data/attacks/g711-8k/6313-66125-0000_melvoc.wav,fake,attack,none,g711-8k,g711-8k,YOU'LL ALL BE OVER IF YOU DON'T HAVE A CARE,na,na,6313,16000,2.352,test,na
6313-66125-0000_melvoc_resample-8k,data/attacks/resample-8k/6313-66125-0000_melvoc.wav,fake,attack,none,resample-8k,8k-roundtrip,YOU'LL ALL BE OVER IF YOU DON'T HAVE A CARE,na,na,6313,16000,2.352,test,na
6313-66125-0000_melvoc_awgn-snr5,data/attacks/awgn-snr5/6313-66125-0000_melvoc.wav,fake,attack,none,awgn-snr5,snr5,YOU'LL ALL BE OVER IF YOU DON'T HAVE A CARE,na,na,6313,16000,2.352,test,na
6313-66125-0000_melvoc_awgn-snr10,data/attacks/awgn-snr10/6313-66125-0000_melvoc.wav,fake,attack,none,awgn-snr10,snr10,YOU'LL ALL BE OVER IF YOU DON'T HAVE A CARE,na,na,6313,16000,2.352,test,na
6313-66125-0000_melvoc_awgn-snr20,data/attacks/awgn-snr20/6313-66125-0000_melvoc.wav,fake,attack,none,awgn-snr20,snr20,YOU'LL ALL BE OVER IF YOU DON'T HAVE A CARE,na,na,6313,16000,2.352,test,na
6313-66125-0000_melvoc_bandpass-300-3400,data/attacks/bandpass-300-3400/6313-66125-0000_melvoc.wav,fake,attack,none,bandpass-300-3400,bandpass300-3400,YOU'LL ALL BE OVER IF YOU DON'T HAVE A CARE,na,na,6313,16000,2.352,test,na
6313-66125-0000_melvoc_reverb-rt60-0.2,data/attacks/reverb-rt60-0.2/6313-66125-0000_melvoc.wav,fake,attack,none,reverb-rt60-0.2,rt60-0.2,YOU'LL ALL BE OVER IF YOU DON'T HAVE A CARE,na,na,6313,16000,2.352,test,na
6313-66125-0000_melvoc_reverb-rt60-0.4,data/attacks/reverb-rt60-0.4/6313-66125-0000_melvoc.wav,fake,attack,none,reverb-rt60-0.4,rt60-0.4,YOU'LL ALL BE OVER IF YOU DON'T HAVE A CARE,na,na,6313,16000,2.352,test,na
6313-66125-0000_melvoc_reverb-rt60-0.8,data/attacks/reverb-rt60-0.8/6313-66125-0000_melvoc.wav,fake,attack,none,reverb-rt60-0.8,rt60-0.8,YOU'LL ALL BE OVER IF YOU DON'T HAVE A CARE,na,na,6313,16000,2.352,test,na
6313-66125-0000_melvoc_speed0.9,data/attacks/speed0.9/6313-66125-0000_melvoc.wav,fake,attack,none,speed0.9,speed0.9,YOU'LL ALL BE OVER IF YOU DON'T HAVE A CARE,na,na,6313,16000,2.613,test,na
6313-66125-0000_melvoc_speed1.1,data/attacks/speed1.1/6313-66125-0000_melvoc.wav,fake,attack,none,speed1.1,speed1.1,YOU'LL ALL BE OVER IF YOU DON'T HAVE A CARE,na,na,6313,16000,2.138,test,na
6313-66125-0000_pitch_mp3-128k,data/attacks/mp3-128k/6313-66125-0000_pitch.wav,fake,attack,none,mp3-128k,mp3-128k,YOU'LL ALL BE OVER IF YOU DON'T HAVE A CARE,na,na,6313,16000,2.355,test,na
6313-66125-0000_pitch_mp3-64k,data/attacks/mp3-64k/6313-66125-0000_pitch.wav,fake,attack,none,mp3-64k,mp3-64k,YOU'LL ALL BE OVER IF YOU DON'T HAVE A CARE,na,na,6313,16000,2.355,test,na
6313-66125-0000_pitch_opus-32k,data/attacks/opus-32k/6313-66125-0000_pitch.wav,fake,attack,none,opus-32k,opus-32k,YOU'LL ALL BE OVER IF YOU DON'T HAVE A CARE,na,na,6313,16000,2.355,test,na
6313-66125-0000_pitch_g711-8k,data/attacks/g711-8k/6313-66125-0000_pitch.wav,fake,attack,none,g711-8k,g711-8k,YOU'LL ALL BE OVER IF YOU DON'T HAVE A CARE,na,na,6313,16000,2.355,test,na
6313-66125-0000_pitch_resample-8k,data/attacks/resample-8k/6313-66125-0000_pitch.wav,fake,attack,none,resample-8k,8k-roundtrip,YOU'LL ALL BE OVER IF YOU DON'T HAVE A CARE,na,na,6313,16000,2.355,test,na
6313-66125-0000_pitch_awgn-snr5,data/attacks/awgn-snr5/6313-66125-0000_pitch.wav,fake,attack,none,awgn-snr5,snr5,YOU'LL ALL BE OVER IF YOU DON'T HAVE A CARE,na,na,6313,16000,2.355,test,na
6313-66125-0000_pitch_awgn-snr10,data/attacks/awgn-snr10/6313-66125-0000_pitch.wav,fake,attack,none,awgn-snr10,snr10,YOU'LL ALL BE OVER IF YOU DON'T HAVE A CARE,na,na,6313,16000,2.355,test,na
6313-66125-0000_pitch_awgn-snr20,data/attacks/awgn-snr20/6313-66125-0000_pitch.wav,fake,attack,none,awgn-snr20,snr20,YOU'LL ALL BE OVER IF YOU DON'T HAVE A CARE,na,na,6313,16000,2.355,test,na
6313-66125-0000_pitch_bandpass-300-3400,data/attacks/bandpass-300-3400/6313-66125-0000_pitch.wav,fake,attack,none,bandpass-300-3400,bandpass300-3400,YOU'LL ALL BE OVER IF YOU DON'T HAVE A CARE,na,na,6313,16000,2.355,test,na
6313-66125-0000_pitch_reverb-rt60-0.2,data/attacks/reverb-rt60-0.2/6313-66125-0000_pitch.wav,fake,attack,none,reverb-rt60-0.2,rt60-0.2,YOU'LL ALL BE OVER IF YOU DON'T HAVE A CARE,na,na,6313,16000,2.355,test,na
6313-66125-0000_pitch_reverb-rt60-0.4,data/attacks/reverb-rt60-0.4/6313-66125-0000_pitch.wav,fake,attack,none,reverb-rt60-0.4,rt60-0.4,YOU'LL ALL BE OVER IF YOU DON'T HAVE A CARE,na,na,6313,16000,2.355,test,na
6313-66125-0000_pitch_reverb-rt60-0.8,data/attacks/reverb-rt60-0.8/6313-66125-0000_pitch.wav,fake,attack,none,reverb-rt60-0.8,rt60-0.8,YOU'LL ALL BE OVER IF YOU DON'T HAVE A CARE,na,na,6313,16000,2.355,test,na
6313-66125-0000_pitch_speed0.9,data/attacks/speed0.9/6313-66125-0000_pitch.wav,fake,attack,none,speed0.9,speed0.9,YOU'LL ALL BE OVER IF YOU DON'T HAVE A CARE,na,na,6313,16000,2.617,test,na
6313-66125-0000_pitch_speed1.1,data/attacks/speed1.1/6313-66125-0000_pitch.wav,fake,attack,none,speed1.1,speed1.1,YOU'LL ALL BE OVER IF YOU DON'T HAVE A CARE,na,na,6313,16000,2.141,test,na
6313-66125-0001_formant_mp3-128k,data/attacks/mp3-128k/6313-66125-0001_formant.wav,fake,attack,none,mp3-128k,mp3-128k,LOOKS LIKE A CLUMP OF BUSHES DOWN THERE BUT I AIN'T SURE CAN YOU MAKE IT OUT,na,na,6313,16000,4.5,test,na
6313-66125-0001_formant_mp3-64k,data/attacks/mp3-64k/6313-66125-0001_formant.wav,fake,attack,none,mp3-64k,mp3-64k,LOOKS LIKE A CLUMP OF BUSHES DOWN THERE BUT I AIN'T SURE CAN YOU MAKE IT OUT,na,na,6313,16000,4.5,test,na
6313-66125-0001_formant_opus-32k,data/attacks/opus-32k/6313-66125-0001_formant.wav,fake,attack,none,opus-32k,opus-32k,LOOKS LIKE A CLUMP OF BUSHES DOWN THERE BUT I AIN'T SURE CAN YOU MAKE IT OUT,na,na,6313,16000,4.5,test,na
6313-66125-0001_formant_g711-8k,data/attacks/g711-8k/6313-66125-0001_formant.wav,fake,attack,none,g711-8k,g711-8k,LOOKS LIKE A CLUMP OF BUSHES DOWN THERE BUT I AIN'T SURE CAN YOU MAKE IT OUT,na,na,6313,16000,4.5,test,na
6313-66125-0001_formant_resample-8k,data/attacks/resample-8k/6313-66125-0001_formant.wav,fake,attack,none,resample-8k,8k-roundtrip,LOOKS LIKE A CLUMP OF BUSHES DOWN THERE BUT I AIN'T SURE CAN YOU MAKE IT OUT,na,na,6313,16000,4.5,test,na
6313-66125-0001_formant_awgn-snr5,data/attacks/awgn-snr5/6313-66125-0001_formant.wav,fake,attack,none,awgn-snr5,snr5,LOOKS LIKE A CLUMP OF BUSHES DOWN THERE BUT I AIN'T SURE CAN YOU MAKE IT OUT,na,na,6313,16000,4.5,test,na
6313-66125-0001_formant_awgn-snr10,data/attacks/awgn-snr10/6313-66125-0001_formant.wav,fake,attack,none,awgn-snr10,snr10,LOOKS LIKE A CLUMP OF BUSHES DOWN THERE BUT I AIN'T SURE CAN YOU MAKE IT OUT,na,na,6313,16000,4.5,test,na
6313-66125-0001_formant_awgn-snr20,data/attacks/awgn-snr20/6313-66125-0001_formant.wav,fake,attack,none,awgn-snr20,snr20,LOOKS LIKE A CLUMP OF BUSHES DOWN THERE BUT I AIN'T SURE CAN YOU MAKE IT OUT,na,na,6313,16000,4.5,test,na
6313-66125-0001_formant_bandpass-300-3400,data/attacks/bandpass-300-3400/6313-66125-0001_formant.wav,fake,attack,none,bandpass-300-3400,bandpass300-3400,LOOKS LIKE A CLUMP OF BUSHES DOWN THERE BUT I AIN'T SURE CAN YOU MAKE IT OUT,na,na,6313,16000,4.5,test,na
6313-66125-0001_formant_reverb-rt60-0.2,data/attacks/reverb-rt60-0.2/6313-66125-0001_formant.wav,fake,attack,none,reverb-rt60-0.2,rt60-0.2,LOOKS LIKE A CLUMP OF BUSHES DOWN THERE BUT I AIN'T SURE CAN YOU MAKE IT OUT,na,na,6313,16000,4.5,test,na
6313-66125-0001_formant_reverb-rt60-0.4,data/attacks/reverb-rt60-0.4/6313-66125-0001_formant.wav,fake,attack,none,reverb-rt60-0.4,rt60-0.4,LOOKS LIKE A CLUMP OF BUSHES DOWN THERE BUT I AIN'T SURE CAN YOU MAKE IT OUT,na,na,6313,16000,4.5,test,na
6313-66125-0001_formant_reverb-rt60-0.8,data/attacks/reverb-rt60-0.8/6313-66125-0001_formant.wav,fake,attack,none,reverb-rt60-0.8,rt60-0.8,LOOKS LIKE A CLUMP OF BUSHES DOWN THERE BUT I AIN'T SURE CAN YOU MAKE IT OUT,na,na,6313,16000,4.5,test,na
6313-66125-0001_formant_speed0.9,data/attacks/speed0.9/6313-66125-0001_formant.wav,fake,attack,none,speed0.9,speed0.9,LOOKS LIKE A CLUMP OF BUSHES DOWN THERE BUT I AIN'T SURE CAN YOU MAKE IT OUT,na,na,6313,16000,5.0,test,na
6313-66125-0001_formant_speed1.1,data/attacks/speed1.1/6313-66125-0001_formant.wav,fake,attack,none,speed1.1,speed1.1,LOOKS LIKE A CLUMP OF BUSHES DOWN THERE BUT I AIN'T SURE CAN YOU MAKE IT OUT,na,na,6313,16000,4.091,test,na
6313-66125-0001_melvoc_mp3-128k,data/attacks/mp3-128k/6313-66125-0001_melvoc.wav,fake,attack,none,mp3-128k,mp3-128k,LOOKS LIKE A CLUMP OF BUSHES DOWN THERE BUT I AIN'T SURE CAN YOU MAKE IT OUT,na,na,6313,16000,4.496,test,na
6313-66125-0001_melvoc_mp3-64k,data/attacks/mp3-64k/6313-66125-0001_melvoc.wav,fake,attack,none,mp3-64k,mp3-64k,LOOKS LIKE A CLUMP OF BUSHES DOWN THERE BUT I AIN'T SURE CAN YOU MAKE IT OUT,na,na,6313,16000,4.496,test,na
6313-66125-0001_melvoc_opus-32k,data/attacks/opus-32k/6313-66125-0001_melvoc.wav,fake,attack,none,opus-32k,opus-32k,LOOKS LIKE A CLUMP OF BUSHES DOWN THERE BUT I AIN'T SURE CAN YOU MAKE IT OUT,na,na,6313,16000,4.496,test,na
6313-66125-0001_melvoc_g711-8k,data/attacks/g711-8k/6313-66125-0001_melvoc.wav,fake,attack,none,g711-8k,g711-8k,LOOKS LIKE A CLUMP OF BUSHES DOWN THERE BUT I AIN'T SURE CAN YOU MAKE IT OUT,na,na,6313,16000,4.496,test,na
6313-66125-0001_melvoc_resample-8k,data/attacks/resample-8k/6313-66125-0001_melvoc.wav,fake,attack,none,resample-8k,8k-roundtrip,LOOKS LIKE A CLUMP OF BUSHES DOWN THERE BUT I AIN'T SURE CAN YOU MAKE IT OUT,na,na,6313,16000,4.496,test,na
6313-66125-0001_melvoc_awgn-snr5,data/attacks/awgn-snr5/6313-66125-0001_melvoc.wav,fake,attack,none,awgn-snr5,snr5,LOOKS LIKE A CLUMP OF BUSHES DOWN THERE BUT I AIN'T SURE CAN YOU MAKE IT OUT,na,na,6313,16000,4.496,test,na
6313-66125-0001_melvoc_awgn-snr10,data/attacks/awgn-snr10/6313-66125-0001_melvoc.wav,fake,attack,none,awgn-snr10,snr10,LOOKS LIKE A CLUMP OF BUSHES DOWN THERE BUT I AIN'T SURE CAN YOU MAKE IT OUT,na,na,6313,16000,4.496,test,na
6313-66125-0001_melvoc_awgn-snr20,data/attacks/awgn-snr20/6313-66125-0001_melvoc.wav,fake,attack,none,awgn-snr20,snr20,LOOKS LIKE A CLUMP OF BUSHES DOWN THERE BUT I AIN'T SURE CAN YOU MAKE IT OUT,na,na,6313,16000,4.496,test,na
6313-66125-0001_melvoc_bandpass-300-3400,data/attacks/bandpass-300-3400/6313-66125-0001_melvoc.wav,fake,attack,none,bandpass-300-3400,bandpass300-3400,LOOKS LIKE A CLUMP OF BUSHES DOWN THERE BUT I AIN'T SURE CAN YOU MAKE IT OUT,na,na,6313,16000,4.496,test,na
6313-66125-0001_melvoc_reverb-rt60-0.2,data/attacks/reverb-rt60-0.2/6313-66125-0001_melvoc.wav,fake,attack,none,reverb-rt60-0.2,rt60-0.2,LOOKS LIKE A CLUMP OF BUSHES DOWN THERE BUT I AIN'T SURE CAN YOU MAKE IT OUT,na,na,6313,16000,4.496,test,na
6313-66125-0001_melvoc_reverb-rt60-0.4,data/attacks/reverb-rt60-0.4/6313-66125-0001_melvoc.wav,fake,attack,none,reverb-rt60-0.4,rt60-0.4,LOOKS LIKE A CLUMP OF BUSHES DOWN THERE BUT I AIN'T SURE CAN YOU MAKE IT OUT,na,na,6313,16000,4.496,test,na
6313-66125-0001_melvoc_reverb-rt60-0.8,data/attacks/reverb-rt60-0.8/6313-66125-0001_melvoc.wav,fake,attack,none,reverb-rt60-0.8,rt60-0.8,LOOKS LIKE A CLUMP OF BUSHES DOWN THERE BUT I AIN'T SURE CAN YOU MAKE IT OUT,na,na,6313,16000,4.496,test,na
6313-66125-0001_melvoc_speed0.9,data/attacks/speed0.9/6313-66125-0001_melvoc.wav,fake,attack,none,speed0.9,speed0.9,LOOKS LIKE A CLUMP OF BUSHES DOWN THERE BUT I AIN'T SURE CAN YOU MAKE IT OUT,na,na,6313,16000,4.996,test,na
6313-66125-0001_melvoc_speed1.1,data/attacks/speed1.1/6313-66125-0001_melvoc.wav,fake,attack,none,speed1.1,speed1.1,LOOKS LIKE A CLUMP OF BUSHES DOWN THERE BUT I AIN'T SURE CAN YOU MAKE IT OUT,na,na,6313,16000,4.087,test,na
6313-66125-0001_pitch_mp3-128k,data/attacks/mp3-128k/6313-66125-0001_pitch.wav,fake,attack,none,mp3-128k,mp3-128k,LOOKS LIKE A CLUMP OF BUSHES DOWN THERE BUT I AIN'T SURE CAN YOU MAKE IT OUT,na,na,6313,16000,4.5,test,na
6313-66125-0001_pitch_mp3-64k,data/attacks/mp3-64k/6313-66125-0001_pitch.wav,fake,attack,none,mp3-64k,mp3-64k,LOOKS LIKE A CLUMP OF BUSHES DOWN THERE BUT I AIN'T SURE CAN YOU MAKE IT OUT,na,na,6313,16000,4.5,test,na
6313-66125-0001_pitch_opus-32k,data/attacks/opus-32k/6313-66125-0001_pitch.wav,fake,attack,none,opus-32k,opus-32k,LOOKS LIKE A CLUMP OF BUSHES DOWN THERE BUT I AIN'T SURE CAN YOU MAKE IT OUT,na,na,6313,16000,4.5,test,na
6313-66125-0001_pitch_g711-8k,data/attacks/g711-8k/6313-66125-0001_pitch.wav,fake,attack,none,g711-8k,g711-8k,LOOKS LIKE A CLUMP OF BUSHES DOWN THERE BUT I AIN'T SURE CAN YOU MAKE IT OUT,na,na,6313,16000,4.5,test,na
6313-66125-0001_pitch_resample-8k,data/attacks/resample-8k/6313-66125-0001_pitch.wav,fake,attack,none,resample-8k,8k-roundtrip,LOOKS LIKE A CLUMP OF BUSHES DOWN THERE BUT I AIN'T SURE CAN YOU MAKE IT OUT,na,na,6313,16000,4.5,test,na
6313-66125-0001_pitch_awgn-snr5,data/attacks/awgn-snr5/6313-66125-0001_pitch.wav,fake,attack,none,awgn-snr5,snr5,LOOKS LIKE A CLUMP OF BUSHES DOWN THERE BUT I AIN'T SURE CAN YOU MAKE IT OUT,na,na,6313,16000,4.5,test,na
6313-66125-0001_pitch_awgn-snr10,data/attacks/awgn-snr10/6313-66125-0001_pitch.wav,fake,attack,none,awgn-snr10,snr10,LOOKS LIKE A CLUMP OF BUSHES DOWN THERE BUT I AIN'T SURE CAN YOU MAKE IT OUT,na,na,6313,16000,4.5,test,na
6313-66125-0001_pitch_awgn-snr20,data/attacks/awgn-snr20/6313-66125-0001_pitch.wav,fake,attack,none,awgn-snr20,snr20,LOOKS LIKE A CLUMP OF BUSHES DOWN THERE BUT I AIN'T SURE CAN YOU MAKE IT OUT,na,na,6313,16000,4.5,test,na
6313-66125-0001_pitch_bandpass-300-3400,data/attacks/bandpass-300-3400/6313-66125-0001_pitch.wav,fake,attack,none,bandpass-300-3400,bandpass300-3400,LOOKS LIKE A CLUMP OF BUSHES DOWN THERE BUT I AIN'T SURE CAN YOU MAKE IT OUT,na,na,6313,16000,4.5,test,na
6313-66125-0001_pitch_reverb-rt60-0.2,data/attacks/reverb-rt60-0.2/6313-66125-0001_pitch.wav,fake,attack,none,reverb-rt60-0.2,rt60-0.2,LOOKS LIKE A CLUMP OF BUSHES DOWN THERE BUT I AIN'T SURE CAN YOU MAKE IT OUT,na,na,6313,16000,4.5,test,na
6313-66125-0001_pitch_reverb-rt60-0.4,data/attacks/reverb-rt60-0.4/6313-66125-0001_pitch.wav,fake,attack,none,reverb-rt60-0.4,rt60-0.4,LOOKS LIKE A CLUMP OF BUSHES DOWN THERE BUT I AIN'T SURE CAN YOU MAKE IT OUT,na,na,6313,16000,4.5,test,na
6313-66125-0001_pitch_reverb-rt60-0.8,data/attacks/reverb-rt60-0.8/6313-66125-0001_pitch.wav,fake,attack,none,reverb-rt60-0.8,rt60-0.8,LOOKS LIKE A CLUMP OF BUSHES DOWN THERE BUT I AIN'T SURE CAN YOU MAKE IT OUT,na,na,6313,16000,4.5,test,na
6313-66125-0001_pitch_speed0.9,data/attacks/speed0.9/6313-66125-0001_pitch.wav,fake,attack,none,speed0.9,speed0.9,LOOKS LIKE A CLUMP OF BUSHES DOWN THERE BUT I AIN'T SURE CAN YOU MAKE IT OUT,na,na,6313,16000,5.0,test,na
6313-66125-0001_pitch_speed1.1,data/attacks/speed1.1/6313-66125-0001_pitch.wav,fake,attack,none,speed1.1,speed1.1,LOOKS LIKE A CLUMP OF BUSHES DOWN THERE BUT I AIN'T SURE CAN YOU MAKE IT OUT,na,na,6313,16000,4.091,test,na
6313-66125-0002_formant_mp3-128k,data/attacks/mp3-128k/6313-66125-0002_formant.wav,fake,attack,none,mp3-128k,mp3-128k,YES AGREED TAD THAT DOES LOOK LIKE BUSHES,na,na,6313,16000,3.075,test,na
6313-66125-0002_formant_mp3-64k,data/attacks/mp3-64k/6313-66125-0002_formant.wav,fake,attack,none,mp3-64k,mp3-64k,YES AGREED TAD THAT DOES LOOK LIKE BUSHES,na,na,6313,16000,3.075,test,na
6313-66125-0002_formant_opus-32k,data/attacks/opus-32k/6313-66125-0002_formant.wav,fake,attack,none,opus-32k,opus-32k,YES AGREED TAD THAT DOES LOOK LIKE BUSHES,na,na,6313,16000,3.075,test,na
6313-66125-0002_formant_g711-8k,data/attacks/g711-8k/6313-66125-0002_formant.wav,fake,attack,none,g711-8k,g711-8k,YES AGREED TAD THAT DOES LOOK LIKE BUSHES,na,na,6313,16000,3.075,test,na
6313-66125-0002_formant_resample-8k,data/attacks/resample-8k/6313-66125-0002_formant.wav,fake,attack,none,resample-8k,8k-roundtrip,YES AGREED TAD THAT DOES LOOK LIKE BUSHES,na,na,6313,16000,3.075,test,na
6313-66125-0002_formant_awgn-snr5,data/attacks/awgn-snr5/6313-66125-0002_formant.wav,fake,attack,none,awgn-snr5,snr5,YES AGREED TAD THAT DOES LOOK LIKE BUSHES,na,na,6313,16000,3.075,test,na
6313-66125-0002_formant_awgn-snr10,data/attacks/awgn-snr10/6313-66125-0002_formant.wav,fake,attack,none,awgn-snr10,snr10,YES AGREED TAD THAT DOES LOOK LIKE BUSHES,na,na,6313,16000,3.075,test,na
6313-66125-0002_formant_awgn-snr20,data/attacks/awgn-snr20/6313-66125-0002_formant.wav,fake,attack,none,awgn-snr20,snr20,YES AGREED TAD THAT DOES LOOK LIKE BUSHES,na,na,6313,16000,3.075,test,na
6313-66125-0002_formant_bandpass-300-3400,data/attacks/bandpass-300-3400/6313-66125-0002_formant.wav,fake,attack,none,bandpass-300-3400,bandpass300-3400,YES AGREED TAD THAT DOES LOOK LIKE BUSHES,na,na,6313,16000,3.075,test,na
6313-66125-0002_formant_reverb-rt60-0.2,data/attacks/reverb-rt60-0.2/6313-66125-0002_formant.wav,fake,attack,none,reverb-rt60-0.2,rt60-0.2,YES AGREED TAD THAT DOES LOOK LIKE BUSHES,na,na,6313,16000,3.075,test,na
6313-66125-0002_formant_reverb-rt60-0.4,data/attacks/reverb-rt60-0.4/6313-66125-0002_formant.wav,fake,attack,none,reverb-rt60-0.4,rt60-0.4,YES AGREED TAD THAT DOES LOOK LIKE BUSHES,na,na,6313,16000,3.075,test,na
6313-66125-0002_formant_reverb-rt60-0.8,data/attacks/reverb-rt60-0.8/6313-66125-0002_formant.wav,fake,attack,none,reverb-rt60-0.8,rt60-0.8,YES AGREED TAD THAT DOES LOOK LIKE BUSHES,na,na,6313,16000,3.075,test,na
6313-66125-0002_formant_speed0.9,data/attacks/speed0.9/6313-66125-0002_formant.wav,fake,attack,none,speed0.9,speed0.9,YES AGREED TAD THAT DOES LOOK LIKE BUSHES,na,na,6313,16000,3.417,test,na
6313-66125-0002_formant_speed1.1,data/attacks/speed1.1/6313-66125-0002_formant.wav,fake,attack,none,speed1.1,speed1.1,YES AGREED TAD THAT DOES LOOK LIKE BUSHES,na,na,6313,16000,2.795,test,na
6313-66125-0002_melvoc_mp3-128k,data/attacks/mp3-128k/6313-66125-0002_melvoc.wav,fake,attack,none,mp3-128k,mp3-128k,YES AGREED TAD THAT DOES LOOK LIKE BUSHES,na,na,6313,16000,3.072,test,na
6313-66125-0002_melvoc_mp3-64k,data/attacks/mp3-64k/6313-66125-0002_melvoc.wav,fake,attack,none,mp3-64k,mp3-64k,YES AGREED TAD THAT DOES LOOK LIKE BUSHES,na,na,6313,16000,3.072,test,na
6313-66125-0002_melvoc_opus-32k,data/attacks/opus-32k/6313-66125-0002_melvoc.wav,fake,attack,none,opus-32k,opus-32k,YES AGREED TAD THAT DOES LOOK LIKE BUSHES,na,na,6313,16000,3.072,test,na
6313-66125-0002_melvoc_g711-8k,data/attacks/g711-8k/6313-66125-0002_melvoc.wav,fake,attack,none,g711-8k,g711-8k,YES AGREED TAD THAT DOES LOOK LIKE BUSHES,na,na,6313,16000,3.072,test,na
6313-66125-0002_melvoc_resample-8k,data/attacks/resample-8k/6313-66125-0002_melvoc.wav,fake,attack,none,resample-8k,8k-roundtrip,YES AGREED TAD THAT DOES LOOK LIKE BUSHES,na,na,6313,16000,3.072,test,na
6313-66125-0002_melvoc_awgn-snr5,data/attacks/awgn-snr5/6313-66125-0002_melvoc.wav,fake,attack,none,awgn-snr5,snr5,YES AGREED TAD THAT DOES LOOK LIKE BUSHES,na,na,6313,16000,3.072,test,na
6313-66125-0002_melvoc_awgn-snr10,data/attacks/awgn-snr10/6313-66125-0002_melvoc.wav,fake,attack,none,awgn-snr10,snr10,YES AGREED TAD THAT DOES LOOK LIKE BUSHES,na,na,6313,16000,3.072,test,na
6313-66125-0002_melvoc_awgn-snr20,data/attacks/awgn-snr20/6313-66125-0002_melvoc.wav,fake,attack,none,awgn-snr20,snr20,YES AGREED TAD THAT DOES LOOK LIKE BUSHES,na,na,6313,16000,3.072,test,na
6313-66125-0002_melvoc_bandpass-300-3400,data/attacks/bandpass-300-3400/6313-66125-0002_melvoc.wav,fake,attack,none,bandpass-300-3400,bandpass300-3400,YES AGREED TAD THAT DOES LOOK LIKE BUSHES,na,na,6313,16000,3.072,test,na
6313-66125-0002_melvoc_reverb-rt60-0.2,data/attacks/reverb-rt60-0.2/6313-66125-0002_melvoc.wav,fake,attack,none,reverb-rt60-0.2,rt60-0.2,YES AGREED TAD THAT DOES LOOK LIKE BUSHES,na,na,6313,16000,3.072,test,na
6313-66125-0002_melvoc_reverb-rt60-0.4,data/attacks/reverb-rt60-0.4/6313-66125-0002_melvoc.wav,fake,attack,none,reverb-rt60-0.4,rt60-0.4,YES AGREED TAD THAT DOES LOOK LIKE BUSHES,na,na,6313,16000,3.072,test,na
6313-66125-0002_melvoc_reverb-rt60-0.8,data/attacks/reverb-rt60-0.8/6313-66125-0002_melvoc.wav,fake,attack,none,reverb-rt60-0.8,rt60-0.8,YES AGREED TAD THAT DOES LOOK LIKE BUSHES,na,na,6313,16000,3.072,test,na
6313-66125-0002_melvoc_speed0.9,data/attacks/speed0.9/6313-66125-0002_melvoc.wav,fake,attack,none,speed0.9,speed0.9,YES AGREED TAD THAT DOES LOOK LIKE BUSHES,na,na,6313,16000,3.413,test,na
6313-66125-0002_melvoc_speed1.1,data/attacks/speed1.1/6313-66125-0002_melvoc.wav,fake,attack,none,speed1.1,speed1.1,YES AGREED TAD THAT DOES LOOK LIKE BUSHES,na,na,6313,16000,2.793,test,na
6313-66125-0002_pitch_mp3-128k,data/attacks/mp3-128k/6313-66125-0002_pitch.wav,fake,attack,none,mp3-128k,mp3-128k,YES AGREED TAD THAT DOES LOOK LIKE BUSHES,na,na,6313,16000,3.075,test,na
6313-66125-0002_pitch_mp3-64k,data/attacks/mp3-64k/6313-66125-0002_pitch.wav,fake,attack,none,mp3-64k,mp3-64k,YES AGREED TAD THAT DOES LOOK LIKE BUSHES,na,na,6313,16000,3.075,test,na
6313-66125-0002_pitch_opus-32k,data/attacks/opus-32k/6313-66125-0002_pitch.wav,fake,attack,none,opus-32k,opus-32k,YES AGREED TAD THAT DOES LOOK LIKE BUSHES,na,na,6313,16000,3.075,test,na
6313-66125-0002_pitch_g711-8k,data/attacks/g711-8k/6313-66125-0002_pitch.wav,fake,attack,none,g711-8k,g711-8k,YES AGREED TAD THAT DOES LOOK LIKE BUSHES,na,na,6313,16000,3.075,test,na
6313-66125-0002_pitch_resample-8k,data/attacks/resample-8k/6313-66125-0002_pitch.wav,fake,attack,none,resample-8k,8k-roundtrip,YES AGREED TAD THAT DOES LOOK LIKE BUSHES,na,na,6313,16000,3.075,test,na
6313-66125-0002_pitch_awgn-snr5,data/attacks/awgn-snr5/6313-66125-0002_pitch.wav,fake,attack,none,awgn-snr5,snr5,YES AGREED TAD THAT DOES LOOK LIKE BUSHES,na,na,6313,16000,3.075,test,na
6313-66125-0002_pitch_awgn-snr10,data/attacks/awgn-snr10/6313-66125-0002_pitch.wav,fake,attack,none,awgn-snr10,snr10,YES AGREED TAD THAT DOES LOOK LIKE BUSHES,na,na,6313,16000,3.075,test,na
6313-66125-0002_pitch_awgn-snr20,data/attacks/awgn-snr20/6313-66125-0002_pitch.wav,fake,attack,none,awgn-snr20,snr20,YES AGREED TAD THAT DOES LOOK LIKE BUSHES,na,na,6313,16000,3.075,test,na
6313-66125-0002_pitch_bandpass-300-3400,data/attacks/bandpass-300-3400/6313-66125-0002_pitch.wav,fake,attack,none,bandpass-300-3400,bandpass300-3400,YES AGREED TAD THAT DOES LOOK LIKE BUSHES,na,na,6313,16000,3.075,test,na
6313-66125-0002_pitch_reverb-rt60-0.2,data/attacks/reverb-rt60-0.2/6313-66125-0002_pitch.wav,fake,attack,none,reverb-rt60-0.2,rt60-0.2,YES AGREED TAD THAT DOES LOOK LIKE BUSHES,na,na,6313,16000,3.075,test,na
6313-66125-0002_pitch_reverb-rt60-0.4,data/attacks/reverb-rt60-0.4/6313-66125-0002_pitch.wav,fake,attack,none,reverb-rt60-0.4,rt60-0.4,YES AGREED TAD THAT DOES LOOK LIKE BUSHES,na,na,6313,16000,3.075,test,na
6313-66125-0002_pitch_reverb-rt60-0.8,data/attacks/reverb-rt60-0.8/6313-66125-0002_pitch.wav,fake,attack,none,reverb-rt60-0.8,rt60-0.8,YES AGREED TAD THAT DOES LOOK LIKE BUSHES,na,na,6313,16000,3.075,test,na
6313-66125-0002_pitch_speed0.9,data/attacks/speed0.9/6313-66125-0002_pitch.wav,fake,attack,none,speed0.9,speed0.9,YES AGREED TAD THAT DOES LOOK LIKE BUSHES,na,na,6313,16000,3.417,test,na
6313-66125-0002_pitch_speed1.1,data/attacks/speed1.1/6313-66125-0002_pitch.wav,fake,attack,none,speed1.1,speed1.1,YES AGREED TAD THAT DOES LOOK LIKE BUSHES,na,na,6313,16000,2.795,test,na
6313-66125-0003_formant_mp3-128k,data/attacks/mp3-128k/6313-66125-0003_formant.wav,fake,attack,none,mp3-128k,mp3-128k,DON'T MOVE AROUND LIE PERFECTLY STILL WARNED THE GUIDE ARE YOU HURT,na,na,6313,16000,4.58,test,na
6313-66125-0003_formant_mp3-64k,data/attacks/mp3-64k/6313-66125-0003_formant.wav,fake,attack,none,mp3-64k,mp3-64k,DON'T MOVE AROUND LIE PERFECTLY STILL WARNED THE GUIDE ARE YOU HURT,na,na,6313,16000,4.58,test,na
6313-66125-0003_formant_opus-32k,data/attacks/opus-32k/6313-66125-0003_formant.wav,fake,attack,none,opus-32k,opus-32k,DON'T MOVE AROUND LIE PERFECTLY STILL WARNED THE GUIDE ARE YOU HURT,na,na,6313,16000,4.58,test,na
6313-66125-0003_formant_g711-8k,data/attacks/g711-8k/6313-66125-0003_formant.wav,fake,attack,none,g711-8k,g711-8k,DON'T MOVE AROUND LIE PERFECTLY STILL WARNED THE GUIDE ARE YOU HURT,na,na,6313,16000,4.58,test,na
6313-66125-0003_formant_resample-8k,data/attacks/resample-8k/6313-66125-0003_formant.wav,fake,attack,none,resample-8k,8k-roundtrip,DON'T MOVE AROUND LIE PERFECTLY STILL WARNED THE GUIDE ARE YOU HURT,na,na,6313,16000,4.58,test,na
6313-66125-0003_formant_awgn-snr5,data/attacks/awgn-snr5/6313-66125-0003_formant.wav,fake,attack,none,awgn-snr5,snr5,DON'T MOVE AROUND LIE PERFECTLY STILL WARNED THE GUIDE ARE YOU HURT,na,na,6313,16000,4.58,test,na
6313-66125-0003_formant_awgn-snr10,data/attacks/awgn-snr10/6313-66125-0003_formant.wav,fake,attack,none,awgn-snr10,snr10,DON'T MOVE AROUND LIE PERFECTLY STILL WARNED THE GUIDE ARE YOU HURT,na,na,6313,16000,4.58,test,na
6313-66125-0003_formant_awgn-snr20,data/attacks/awgn-snr20/6313-66125-0003_formant.wav,fake,attack,none,awgn-snr20,snr20,DON'T MOVE AROUND LIE PERFECTLY STILL WARNED THE GUIDE ARE YOU HURT,na,na,6313,16000,4.58,test,na
6313-66125-0003_formant_bandpass-300-3400,data/attacks/bandpass-300-3400/6313-66125-0003_formant.wav,fake,attack,none,bandpass-300-3400,bandpass300-3400,DON'T MOVE AROUND LIE PERFECTLY STILL WARNED THE GUIDE ARE YOU HURT,na,na,6313,16000,4.58,test,na
6313-66125-0003_formant_reverb-rt60-0.2,data/attacks/reverb-rt60-0.2/6313-66125-0003_formant.wav,fake,attack,none,reverb-rt60-0.2,rt60-0.2,DON'T MOVE AROUND LIE PERFECTLY STILL WARNED THE GUIDE ARE YOU HURT,na,na,6313,16000,4.58,test,na
6313-66125-0003_formant_reverb-rt60-0.4,data/attacks/reverb-rt60-0.4/6313-66125-0003_formant.wav,fake,attack,none,reverb-rt60-0.4,rt60-0.4,DON'T MOVE AROUND LIE PERFECTLY STILL WARNED THE GUIDE ARE YOU HURT,na,na,6313,16000,4.58,test,na
6313-66125-0003_formant_reverb-rt60-0.8,data/attacks/reverb-rt60-0.8/6313-66125-0003_formant.wav,fake,attack,none,reverb-rt60-0.8,rt60-0.8,DON'T MOVE AROUND LIE PERFECTLY STILL WARNED THE GUIDE ARE YOU HURT,na,na,6313,16000,4.58,test,na
6313-66125-0003_formant_speed0.9,data/attacks/speed0.9/6313-66125-0003_formant.wav,fake,attack,none,speed0.9,speed0.9,DON'T MOVE AROUND LIE PERFECTLY STILL WARNED THE GUIDE ARE YOU HURT,na,na,6313,16000,5.089,test,na
6313-66125-0003_formant_speed1.1,data/attacks/speed1.1/6313-66125-0003_formant.wav,fake,attack,none,speed1.1,speed1.1,DON'T MOVE AROUND LIE PERFECTLY STILL WARNED THE GUIDE ARE YOU HURT,na,na,6313,16000,4.164,test,na
6313-66125-0003_melvoc_mp3-128k,data/attacks/mp3-128k/6313-66125-0003_melvoc.wav,fake,attack,none,mp3-128k,mp3-128k,DON'T MOVE AROUND LIE PERFECTLY STILL WARNED THE GUIDE ARE YOU HURT,na,na,6313,16000,4.576,test,na
6313-66125-0003_melvoc_mp3-64k,data/attacks/mp3-64k/6313-66125-0003_melvoc.wav,fake,attack,none,mp3-64k,mp3-64k,DON'T MOVE AROUND LIE PERFECTLY STILL WARNED THE GUIDE ARE YOU HURT,na,na,6313,16000,4.576,test,na
6313-66125-0003_melvoc_opus-32k,data/attacks/opus-32k/6313-66125-0003_melvoc.wav,fake,attack,none,opus-32k,opus-32k,DON'T MOVE AROUND LIE PERFECTLY STILL WARNED THE GUIDE ARE YOU HURT,na,na,6313,16000,4.576,test,na
6313-66125-0003_melvoc_g711-8k,data/attacks/g711-8k/6313-66125-0003_melvoc.wav,fake,attack,none,g711-8k,g711-8k,DON'T MOVE AROUND LIE PERFECTLY STILL WARNED THE GUIDE ARE YOU HURT,na,na,6313,16000,4.576,test,na
6313-66125-0003_melvoc_resample-8k,data/attacks/resample-8k/6313-66125-0003_melvoc.wav,fake,attack,none,resample-8k,8k-roundtrip,DON'T MOVE AROUND LIE PERFECTLY STILL WARNED THE GUIDE ARE YOU HURT,na,na,6313,16000,4.576,test,na
6313-66125-0003_melvoc_awgn-snr5,data/attacks/awgn-snr5/6313-66125-0003_melvoc.wav,fake,attack,none,awgn-snr5,snr5,DON'T MOVE AROUND LIE PERFECTLY STILL WARNED THE GUIDE ARE YOU HURT,na,na,6313,16000,4.576,test,na
6313-66125-0003_melvoc_awgn-snr10,data/attacks/awgn-snr10/6313-66125-0003_melvoc.wav,fake,attack,none,awgn-snr10,snr10,DON'T MOVE AROUND LIE PERFECTLY STILL WARNED THE GUIDE ARE YOU HURT,na,na,6313,16000,4.576,test,na
6313-66125-0003_melvoc_awgn-snr20,data/attacks/awgn-snr20/6313-66125-0003_melvoc.wav,fake,attack,none,awgn-snr20,snr20,DON'T MOVE AROUND LIE PERFECTLY STILL WARNED THE GUIDE ARE YOU HURT,na,na,6313,16000,4.576,test,na
6313-66125-0003_melvoc_bandpass-300-3400,data/attacks/bandpass-300-3400/6313-66125-0003_melvoc.wav,fake,attack,none,bandpass-300-3400,bandpass300-3400,DON'T MOVE AROUND LIE PERFECTLY STILL WARNED THE GUIDE ARE YOU HURT,na,na,6313,16000,4.576,test,na
6313-66125-0003_melvoc_reverb-rt60-0.2,data/attacks/reverb-rt60-0.2/6313-66125-0003_melvoc.wav,fake,attack,none,reverb-rt60-0.2,rt60-0.2,DON'T MOVE AROUND LIE PERFECTLY STILL WARNED THE GUIDE ARE YOU HURT,na,na,6313,16000,4.576,test,na
6313-66125-0003_melvoc_reverb-rt60-0.4,data/attacks/reverb-rt60-0.4/6313-66125-0003_melvoc.wav,fake,attack,none,reverb-rt60-0.4,rt60-0.4,DON'T MOVE AROUND LIE PERFECTLY STILL WARNED THE GUIDE ARE YOU HURT,na,na,6313,16000,4.576,test,na
6313-66125-0003_melvoc_reverb-rt60-0.8,data/attacks/reverb-rt60-0.8/6313-66125-0003_melvoc.wav,fake,attack,none,reverb-rt60-0.8,rt60-0.8,DON'T MOVE AROUND LIE PERFECTLY STILL WARNED THE GUIDE ARE YOU HURT,na,na,6313,16000,4.576,test,na
6313-66125-0003_melvoc_speed0.9,data/attacks/speed0.9/6313-66125-0003_melvoc.wav,fake,attack,none,speed0.9,speed0.9,DON'T MOVE AROUND LIE PERFECTLY STILL WARNED THE GUIDE ARE YOU HURT,na,na,6313,16000,5.084,test,na
6313-66125-0003_melvoc_speed1.1,data/attacks/speed1.1/6313-66125-0003_melvoc.wav,fake,attack,none,speed1.1,speed1.1,DON'T MOVE AROUND LIE PERFECTLY STILL WARNED THE GUIDE ARE YOU HURT,na,na,6313,16000,4.16,test,na
6313-66125-0003_pitch_mp3-128k,data/attacks/mp3-128k/6313-66125-0003_pitch.wav,fake,attack,none,mp3-128k,mp3-128k,DON'T MOVE AROUND LIE PERFECTLY STILL WARNED THE GUIDE ARE YOU HURT,na,na,6313,16000,4.58,test,na
6313-66125-0003_pitch_mp3-64k,data/attacks/mp3-64k/6313-66125-0003_pitch.wav,fake,attack,none,mp3-64k,mp3-64k,DON'T MOVE AROUND LIE PERFECTLY STILL WARNED THE GUIDE ARE YOU HURT,na,na,6313,16000,4.58,test,na
6313-66125-0003_pitch_opus-32k,data/attacks/opus-32k/6313-66125-0003_pitch.wav,fake,attack,none,opus-32k,opus-32k,DON'T MOVE AROUND LIE PERFECTLY STILL WARNED THE GUIDE ARE YOU HURT,na,na,6313,16000,4.58,test,na
6313-66125-0003_pitch_g711-8k,data/attacks/g711-8k/6313-66125-0003_pitch.wav,fake,attack,none,g711-8k,g711-8k,DON'T MOVE AROUND LIE PERFECTLY STILL WARNED THE GUIDE ARE YOU HURT,na,na,6313,16000,4.58,test,na
6313-66125-0003_pitch_resample-8k,data/attacks/resample-8k/6313-66125-0003_pitch.wav,fake,attack,none,resample-8k,8k-roundtrip,DON'T MOVE AROUND LIE PERFECTLY STILL WARNED THE GUIDE ARE YOU HURT,na,na,6313,16000,4.58,test,na
6313-66125-0003_pitch_awgn-snr5,data/attacks/awgn-snr5/6313-66125-0003_pitch.wav,fake,attack,none,awgn-snr5,snr5,DON'T MOVE AROUND LIE PERFECTLY STILL WARNED THE GUIDE ARE YOU HURT,na,na,6313,16000,4.58,test,na
6313-66125-0003_pitch_awgn-snr10,data/attacks/awgn-snr10/6313-66125-0003_pitch.wav,fake,attack,none,awgn-snr10,snr10,DON'T MOVE AROUND LIE PERFECTLY STILL WARNED THE GUIDE ARE YOU HURT,na,na,6313,16000,4.58,test,na
6313-66125-0003_pitch_awgn-snr20,data/attacks/awgn-snr20/6313-66125-0003_pitch.wav,fake,attack,none,awgn-snr20,snr20,DON'T MOVE AROUND LIE PERFECTLY STILL WARNED THE GUIDE ARE YOU HURT,na,na,6313,16000,4.58,test,na
6313-66125-0003_pitch_bandpass-300-3400,data/attacks/bandpass-300-3400/6313-66125-0003_pitch.wav,fake,attack,none,bandpass-300-3400,bandpass300-3400,DON'T MOVE AROUND LIE PERFECTLY STILL WARNED THE GUIDE ARE YOU HURT,na,na,6313,16000,4.58,test,na
6313-66125-0003_pitch_reverb-rt60-0.2,data/attacks/reverb-rt60-0.2/6313-66125-0003_pitch.wav,fake,attack,none,reverb-rt60-0.2,rt60-0.2,DON'T MOVE AROUND LIE PERFECTLY STILL WARNED THE GUIDE ARE YOU HURT,na,na,6313,16000,4.58,test,na
6313-66125-0003_pitch_reverb-rt60-0.4,data/attacks/reverb-rt60-0.4/6313-66125-0003_pitch.wav,fake,attack,none,reverb-rt60-0.4,rt60-0.4,DON'T MOVE AROUND LIE PERFECTLY STILL WARNED THE GUIDE ARE YOU HURT,na,na,6313,16000,4.58,test,na
6313-66125-0003_pitch_reverb-rt60-0.8,data/attacks/reverb-rt60-0.8/6313-66125-0003_pitch.wav,fake,attack,none,reverb-rt60-0.8,rt60-0.8,DON'T MOVE AROUND LIE PERFECTLY STILL WARNED THE GUIDE ARE YOU HURT,na,na,6313,16000,4.58,test,na
6313-66125-0003_pitch_speed0.9,data/attacks/speed0.9/6313-66125-0003_pitch.wav,fake,attack,none,speed0.9,speed0.9,DON'T MOVE AROUND LIE PERFECTLY STILL WARNED THE GUIDE ARE YOU HURT,na,na,6313,16000,5.089,test,na
6313-66125-0003_pitch_speed1.1,data/attacks/speed1.1/6313-66125-0003_pitch.wav,fake,attack,none,speed1.1,speed1.1,DON'T MOVE AROUND LIE PERFECTLY STILL WARNED THE GUIDE ARE YOU HURT,na,na,6313,16000,4.164,test,na
6313-66125-0004_formant_mp3-128k,data/attacks/mp3-128k/6313-66125-0004_formant.wav,fake,attack,none,mp3-128k,mp3-128k,AND THAT TUMBLE'S ENOUGH TO KNOCK THE SENSE OUT OF A FULL GROWN MAN,na,na,6313,16000,3.26,test,na
6313-66125-0004_formant_mp3-64k,data/attacks/mp3-64k/6313-66125-0004_formant.wav,fake,attack,none,mp3-64k,mp3-64k,AND THAT TUMBLE'S ENOUGH TO KNOCK THE SENSE OUT OF A FULL GROWN MAN,na,na,6313,16000,3.26,test,na
6313-66125-0004_formant_opus-32k,data/attacks/opus-32k/6313-66125-0004_formant.wav,fake,attack,none,opus-32k,opus-32k,AND THAT TUMBLE'S ENOUGH TO KNOCK THE SENSE OUT OF A FULL GROWN MAN,na,na,6313,16000,3.26,test,na
6313-66125-0004_formant_g711-8k,data/attacks/g711-8k/6313-66125-0004_formant.wav,fake,attack,none,g711-8k,g711-8k,AND THAT TUMBLE'S ENOUGH TO KNOCK THE SENSE OUT OF A FULL GROWN MAN,na,na,6313,16000,3.26,test,na
6313-66125-0004_formant_resample-8k,data/attacks/resample-8k/6313-66125-0004_formant.wav,fake,attack,none,resample-8k,8k-roundtrip,AND THAT TUMBLE'S ENOUGH TO KNOCK THE SENSE OUT OF A FULL GROWN MAN,na,na,6313,16000,3.26,test,na
6313-66125-0004_formant_awgn-snr5,data/attacks/awgn-snr5/6313-66125-0004_formant.wav,fake,attack,none,awgn-snr5,snr5,AND THAT TUMBLE'S ENOUGH TO KNOCK THE SENSE OUT OF A FULL GROWN MAN,na,na,6313,16000,3.26,test,na
6313-66125-0004_formant_awgn-snr10,data/attacks/awgn-snr10/6313-66125-0004_formant.wav,fake,attack,none,awgn-snr10,snr10,AND THAT TUMBLE'S ENOUGH TO KNOCK THE SENSE OUT OF A FULL GROWN MAN,na,na,6313,16000,3.26,test,na
6313-66125-0004_formant_awgn-snr20,data/attacks/awgn-snr20/6313-66125-0004_formant.wav,fake,attack,none,awgn-snr20,snr20,AND THAT TUMBLE'S ENOUGH TO KNOCK THE SENSE OUT OF A FULL GROWN MAN,na,na,6313,16000,3.26,test,na
6313-66125-0004_formant_bandpass-300-3400,data/attacks/bandpass-300-3400/6313-66125-0004_formant.wav,fake,attack,none,bandpass-300-3400,bandpass300-3400,AND THAT TUMBLE'S ENOUGH TO KNOCK THE SENSE OUT OF A FULL GROWN MAN,na,na,6313,16000,3.26,test,na
6313-66125-0004_formant_reverb-rt60-0.2,data/attacks/reverb-rt60-0.2/6313-66125-0004_formant.wav,fake,attack,none,reverb-rt60-0.2,rt60-0.2,AND THAT TUMBLE'S ENOUGH TO KNOCK THE SENSE OUT OF A FULL GROWN MAN,na,na,6313,16000,3.26,test,na
6313-66125-0004_formant_reverb-rt60-0.4,data/attacks/reverb-rt60-0.4/6313-66125-0004_formant.wav,fake,attack,none,reverb-rt60-0.4,rt60-0.4,AND THAT TUMBLE'S ENOUGH TO KNOCK THE SENSE OUT OF A FULL GROWN MAN,na,na,6313,16000,3.26,test,na
6313-66125-0004_formant_reverb-rt60-0.8,data/attacks/reverb-rt60-0.8/6313-66125-0004_formant.wav,fake,attack,none,reverb-rt60-0.8,rt60-0.8,AND THAT TUMBLE'S ENOUGH TO KNOCK THE SENSE OUT OF A FULL GROWN MAN,na,na,6313,16000,3.26,test,na
6313-66125-0004_formant_speed0.9,data/attacks/speed0.9/6313-66125-0004_formant.wav,fake,attack,none,speed0.9,speed0.9,AND THAT TUMBLE'S ENOUGH TO KNOCK THE SENSE OUT OF A FULL GROWN MAN,na,na,6313,16000,3.622,test,na
6313-66125-0004_formant_speed1.1,data/attacks/speed1.1/6313-66125-0004_formant.wav,fake,attack,none,speed1.1,speed1.1,AND THAT TUMBLE'S ENOUGH TO KNOCK THE SENSE OUT OF A FULL GROWN MAN,na,na,6313,16000,2.964,test,na
6313-66125-0004_melvoc_mp3-128k,data/attacks/mp3-128k/6313-66125-0004_melvoc.wav,fake,attack,none,mp3-128k,mp3-128k,AND THAT TUMBLE'S ENOUGH TO KNOCK THE SENSE OUT OF A FULL GROWN MAN,na,na,6313,16000,3.256,test,na
6313-66125-0004_melvoc_mp3-64k,data/attacks/mp3-64k/6313-66125-0004_melvoc.wav,fake,attack,none,mp3-64k,mp3-64k,AND THAT TUMBLE'S ENOUGH TO KNOCK THE SENSE OUT OF A FULL GROWN MAN,na,na,6313,16000,3.256,test,na
6313-66125-0004_melvoc_opus-32k,data/attacks/opus-32k/6313-66125-0004_melvoc.wav,fake,attack,none,opus-32k,opus-32k,AND THAT TUMBLE'S ENOUGH TO KNOCK THE SENSE OUT OF A FULL GROWN MAN,na,na,6313,16000,3.256,test,na
6313-66125-0004_melvoc_g711-8k,data/attacks/g711-8k/6313-66125-0004_melvoc.wav,fake,attack,none,g711-8k,g711-8k,AND THAT TUMBLE'S ENOUGH TO KNOCK THE SENSE OUT OF A FULL GROWN MAN,na,na,6313,16000,3.256,test,na
6313-66125-0004_melvoc_resample-8k,data/attacks/resample-8k/6313-66125-0004_melvoc.wav,fake,attack,none,resample-8k,8k-roundtrip,AND THAT TUMBLE'S ENOUGH TO KNOCK THE SENSE OUT OF A FULL GROWN MAN,na,na,6313,16000,3.256,test,na
6313-66125-0004_melvoc_awgn-snr5,data/attacks/awgn-snr5/6313-66125-0004_melvoc.wav,fake,attack,none,awgn-snr5,snr5,AND THAT TUMBLE'S ENOUGH TO KNOCK THE SENSE OUT OF A FULL GROWN MAN,na,na,6313,16000,3.256,test,na
6313-66125-0004_melvoc_awgn-snr10,data/attacks/awgn-snr10/6313-66125-0004_melvoc.wav,fake,attack,none,awgn-snr10,snr10,AND THAT TUMBLE'S ENOUGH TO KNOCK THE SENSE OUT OF A FULL GROWN MAN,na,na,6313,16000,3.256,test,na
6313-66125-0004_melvoc_awgn-snr20,data/attacks/awgn-snr20/6313-66125-0004_melvoc.wav,fake,attack,none,awgn-snr20,snr20,AND THAT TUMBLE'S ENOUGH TO KNOCK THE SENSE OUT OF A FULL GROWN MAN,na,na,6313,16000,3.256,test,na
6313-66125-0004_melvoc_bandpass-300-3400,data/attacks/bandpass-300-3400/6313-66125-0004_melvoc.wav,fake,attack,none,bandpass-300-3400,bandpass300-3400,AND THAT TUMBLE'S ENOUGH TO KNOCK THE SENSE OUT OF A FULL GROWN MAN,na,na,6313,16000,3.256,test,na
6313-66125-0004_melvoc_reverb-rt60-0.2,data/attacks/reverb-rt60-0.2/6313-66125-0004_melvoc.wav,fake,attack,none,reverb-rt60-0.2,rt60-0.2,AND THAT TUMBLE'S ENOUGH TO KNOCK THE SENSE OUT OF A FULL GROWN MAN,na,na,6313,16000,3.256,test,na
6313-66125-0004_melvoc_reverb-rt60-0.4,data/attacks/reverb-rt60-0.4/6313-66125-0004_melvoc.wav,fake,attack,none,reverb-rt60-0.4,rt60-0.4,AND THAT TUMBLE'S ENOUGH TO KNOCK THE SENSE OUT OF A FULL GROWN MAN,na,na,6313,16000,3.256,test,na
6313-66125-0004_melvoc_reverb-rt60-0.8,data/attacks/reverb-rt60-0.8/6313-66125-0004_melvoc.wav,fake,attack,none,reverb-rt60-0.8,rt60-0.8,AND THAT TUMBLE'S ENOUGH TO KNOCK THE SENSE OUT OF A FULL GROWN MAN,na,na,6313,16000,3.256,test,na
6313-66125-0004_melvoc_speed0.9,data/attacks/speed0.9/6313-66125-0004_melvoc.wav,fake,attack,none,speed0.9,speed0.9,AND THAT TUMBLE'S ENOUGH TO KNOCK THE SENSE OUT OF A FULL GROWN MAN,na,na,6313,16000,3.618,test,na
6313-66125-0004_melvoc_speed1.1,data/attacks/speed1.1/6313-66125-0004_melvoc.wav,fake,attack,none,speed1.1,speed1.1,AND THAT TUMBLE'S ENOUGH TO KNOCK THE SENSE OUT OF A FULL GROWN MAN,na,na,6313,16000,2.96,test,na
6313-66125-0004_pitch_mp3-128k,data/attacks/mp3-128k/6313-66125-0004_pitch.wav,fake,attack,none,mp3-128k,mp3-128k,AND THAT TUMBLE'S ENOUGH TO KNOCK THE SENSE OUT OF A FULL GROWN MAN,na,na,6313,16000,3.26,test,na
6313-66125-0004_pitch_mp3-64k,data/attacks/mp3-64k/6313-66125-0004_pitch.wav,fake,attack,none,mp3-64k,mp3-64k,AND THAT TUMBLE'S ENOUGH TO KNOCK THE SENSE OUT OF A FULL GROWN MAN,na,na,6313,16000,3.26,test,na
6313-66125-0004_pitch_opus-32k,data/attacks/opus-32k/6313-66125-0004_pitch.wav,fake,attack,none,opus-32k,opus-32k,AND THAT TUMBLE'S ENOUGH TO KNOCK THE SENSE OUT OF A FULL GROWN MAN,na,na,6313,16000,3.26,test,na
6313-66125-0004_pitch_g711-8k,data/attacks/g711-8k/6313-66125-0004_pitch.wav,fake,attack,none,g711-8k,g711-8k,AND THAT TUMBLE'S ENOUGH TO KNOCK THE SENSE OUT OF A FULL GROWN MAN,na,na,6313,16000,3.26,test,na
6313-66125-0004_pitch_resample-8k,data/attacks/resample-8k/6313-66125-0004_pitch.wav,fake,attack,none,resample-8k,8k-roundtrip,AND THAT TUMBLE'S ENOUGH TO KNOCK THE SENSE OUT OF A FULL GROWN MAN,na,na,6313,16000,3.26,test,na
6313-66125-0004_pitch_awgn-snr5,data/attacks/awgn-snr5/6313-66125-0004_pitch.wav,fake,attack,none,awgn-snr5,snr5,AND THAT TUMBLE'S ENOUGH TO KNOCK THE SENSE OUT OF A FULL GROWN MAN,na,na,6313,16000,3.26,test,na
6313-66125-0004_pitch_awgn-snr10,data/attacks/awgn-snr10/6313-66125-0004_pitch.wav,fake,attack,none,awgn-snr10,snr10,AND THAT TUMBLE'S ENOUGH TO KNOCK THE SENSE OUT OF A FULL GROWN MAN,na,na,6313,16000,3.26,test,na
6313-66125-0004_pitch_awgn-snr20,data/attacks/awgn-snr20/6313-66125-0004_pitch.wav,fake,attack,none,awgn-snr20,snr20,AND THAT TUMBLE'S ENOUGH TO KNOCK THE SENSE OUT OF A FULL GROWN MAN,na,na,6313,16000,3.26,test,na
6313-66125-0004_pitch_bandpass-300-3400,data/attacks/bandpass-300-3400/6313-66125-0004_pitch.wav,fake,attack,none,bandpass-300-3400,bandpass300-3400,AND THAT TUMBLE'S ENOUGH TO KNOCK THE SENSE OUT OF A FULL GROWN MAN,na,na,6313,16000,3.26,test,na
6313-66125-0004_pitch_reverb-rt60-0.2,data/attacks/reverb-rt60-0.2/6313-66125-0004_pitch.wav,fake,attack,none,reverb-rt60-0.2,rt60-0.2,AND THAT TUMBLE'S ENOUGH TO KNOCK THE SENSE OUT OF A FULL GROWN MAN,na,na,6313,16000,3.26,test,na
6313-66125-0004_pitch_reverb-rt60-0.4,data/attacks/reverb-rt60-0.4/6313-66125-0004_pitch.wav,fake,attack,none,reverb-rt60-0.4,rt60-0.4,AND THAT TUMBLE'S ENOUGH TO KNOCK THE SENSE OUT OF A FULL GROWN MAN,na,na,6313,16000,3.26,test,na
6313-66125-0004_pitch_reverb-rt60-0.8,data/attacks/reverb-rt60-0.8/6313-66125-0004_pitch.wav,fake,attack,none,reverb-rt60-0.8,rt60-0.8,AND THAT TUMBLE'S ENOUGH TO KNOCK THE SENSE OUT OF A FULL GROWN MAN,na,na,6313,16000,3.26,test,na
6313-66125-0004_pitch_speed0.9,data/attacks/speed0.9/6313-66125-0004_pitch.wav,fake,attack,none,speed0.9,speed0.9,AND THAT TUMBLE'S ENOUGH TO KNOCK THE SENSE OUT OF A FULL GROWN MAN,na,na,6313,16000,3.622,test,na
6313-66125-0004_pitch_speed1.1,data/attacks/speed1.1/6313-66125-0004_pitch.wav,fake,attack,none,speed1.1,speed1.1,AND THAT TUMBLE'S ENOUGH TO KNOCK THE SENSE OUT OF A FULL GROWN MAN,na,na,6313,16000,2.964,test,na
6313-66125-0005_formant_mp3-128k,data/attacks/mp3-128k/6313-66125-0005_formant.wav,fake,attack,none,mp3-128k,mp3-128k,I COULD NOT THINK OF ALLOWING ANY OF MY CHARGES TO TAKE SO TERRIBLE A RISK AND,na,na,6313,16000,4.64,test,na
6313-66125-0005_formant_mp3-64k,data/attacks/mp3-64k/6313-66125-0005_formant.wav,fake,attack,none,mp3-64k,mp3-64k,I COULD NOT THINK OF ALLOWING ANY OF MY CHARGES TO TAKE SO TERRIBLE A RISK AND,na,na,6313,16000,4.64,test,na
6313-66125-0005_formant_opus-32k,data/attacks/opus-32k/6313-66125-0005_formant.wav,fake,attack,none,opus-32k,opus-32k,I COULD NOT THINK OF ALLOWING ANY OF MY CHARGES TO TAKE SO TERRIBLE A RISK AND,na,na,6313,16000,4.64,test,na
6313-66125-0005_formant_g711-8k,data/attacks/g711-8k/6313-66125-0005_formant.wav,fake,attack,none,g711-8k,g711-8k,I COULD NOT THINK OF ALLOWING ANY OF MY CHARGES TO TAKE SO TERRIBLE A RISK AND,na,na,6313,16000,4.64,test,na
6313-66125-0005_formant_resample-8k,data/attacks/resample-8k/6313-66125-0005_formant.wav,fake,attack,none,resample-8k,8k-roundtrip,I COULD NOT THINK OF ALLOWING ANY OF MY CHARGES TO TAKE SO TERRIBLE A RISK AND,na,na,6313,16000,4.64,test,na
6313-66125-0005_formant_awgn-snr5,data/attacks/awgn-snr5/6313-66125-0005_formant.wav,fake,attack,none,awgn-snr5,snr5,I COULD NOT THINK OF ALLOWING ANY OF MY CHARGES TO TAKE SO TERRIBLE A RISK AND,na,na,6313,16000,4.64,test,na
6313-66125-0005_formant_awgn-snr10,data/attacks/awgn-snr10/6313-66125-0005_formant.wav,fake,attack,none,awgn-snr10,snr10,I COULD NOT THINK OF ALLOWING ANY OF MY CHARGES TO TAKE SO TERRIBLE A RISK AND,na,na,6313,16000,4.64,test,na
6313-66125-0005_formant_awgn-snr20,data/attacks/awgn-snr20/6313-66125-0005_formant.wav,fake,attack,none,awgn-snr20,snr20,I COULD NOT THINK OF ALLOWING ANY OF MY CHARGES TO TAKE SO TERRIBLE A RISK AND,na,na,6313,16000,4.64,test,na
6313-66125-0005_formant_bandpass-300-3400,data/attacks/bandpass-300-3400/6313-66125-0005_formant.wav,fake,attack,none,bandpass-300-3400,bandpass300-3400,I COULD NOT THINK OF ALLOWING ANY OF MY CHARGES TO TAKE SO TERRIBLE A RISK AND,na,na,6313,16000,4.64,test,na
6313-66125-0005_formant_reverb-rt60-0.2,data/attacks/reverb-rt60-0.2/6313-66125-0005_formant.wav,fake,attack,none,reverb-rt60-0.2,rt60-0.2,I COULD NOT THINK OF ALLOWING ANY OF MY CHARGES TO TAKE SO TERRIBLE A RISK AND,na,na,6313,16000,4.64,test,na
6313-66125-0005_formant_reverb-rt60-0.4,data/attacks/reverb-rt60-0.4/6313-66125-0005_formant.wav,fake,attack,none,reverb-rt60-0.4,rt60-0.4,I COULD NOT THINK OF ALLOWING ANY OF MY CHARGES TO TAKE SO TERRIBLE A RISK AND,na,na,6313,16000,4.64,test,na
6313-66125-0005_formant_reverb-rt60-0.8,data/attacks/reverb-rt60-0.8/6313-66125-0005_formant.wav,fake,attack,none,reverb-rt60-0.8,rt60-0.8,I COULD NOT THINK OF ALLOWING ANY OF MY CHARGES TO TAKE SO TERRIBLE A RISK AND,na,na,6313,16000,4.64,test,na
6313-66125-0005_formant_speed0.9,data/attacks/speed0.9/6313-66125-0005_formant.wav,fake,attack,none,speed0.9,speed0.9,I COULD NOT THINK OF ALLOWING ANY OF MY CHARGES TO TAKE SO TERRIBLE A RISK AND,na,na,6313,16000,5.156,test,na
6313-66125-0005_formant_speed1.1,data/attacks/speed1.1/6313-66125-0005_formant.wav,fake,attack,none,speed1.1,speed1.1,I COULD NOT THINK OF ALLOWING ANY OF MY CHARGES TO TAKE SO TERRIBLE A RISK AND,na,na,6313,16000,4.218,test,na
6313-66125-0005_melvoc_mp3-128k,data/attacks/mp3-128k/6313-66125-0005_melvoc.wav,fake,attack,none,mp3-128k,mp3-128k,I COULD NOT THINK OF ALLOWING ANY OF MY CHARGES TO TAKE SO TERRIBLE A RISK AND,na,na,6313,16000,4.64,test,na
6313-66125-0005_melvoc_mp3-64k,data/attacks/mp3-64k/6313-66125-0005_melvoc.wav,fake,attack,none,mp3-64k,mp3-64k,I COULD NOT THINK OF ALLOWING ANY OF MY CHARGES TO TAKE SO TERRIBLE A RISK AND,na,na,6313,16000,4.64,test,na
6313-66125-0005_melvoc_opus-32k,data/attacks/opus-32k/6313-66125-0005_melvoc.wav,fake,attack,none,opus-32k,opus-32k,I COULD NOT THINK OF ALLOWING ANY OF MY CHARGES TO TAKE SO TERRIBLE A RISK AND,na,na,6313,16000,4.64,test,na
6313-66125-0005_melvoc_g711-8k,data/attacks/g711-8k/6313-66125-0005_melvoc.wav,fake,attack,none,g711-8k,g711-8k,I COULD NOT THINK OF ALLOWING ANY OF MY CHARGES TO TAKE SO TERRIBLE A RISK AND,na,na,6313,16000,4.64,test,na
6313-66125-0005_melvoc_resample-8k,data/attacks/resample-8k/6313-66125-0005_melvoc.wav,fake,attack,none,resample-8k,8k-roundtrip,I COULD NOT THINK OF ALLOWING ANY OF MY CHARGES TO TAKE SO TERRIBLE A RISK AND,na,na,6313,16000,4.64,test,na
6313-66125-0005_melvoc_awgn-snr5,data/attacks/awgn-snr5/6313-66125-0005_melvoc.wav,fake,attack,none,awgn-snr5,snr5,I COULD NOT THINK OF ALLOWING ANY OF MY CHARGES TO TAKE SO TERRIBLE A RISK AND,na,na,6313,16000,4.64,test,na
6313-66125-0005_melvoc_awgn-snr10,data/attacks/awgn-snr10/6313-66125-0005_melvoc.wav,fake,attack,none,awgn-snr10,snr10,I COULD NOT THINK OF ALLOWING ANY OF MY CHARGES TO TAKE SO TERRIBLE A RISK AND,na,na,6313,16000,4.64,test,na
6313-66125-0005_melvoc_awgn-snr20,data/attacks/awgn-snr20/6313-66125-0005_melvoc.wav,fake,attack,none,awgn-snr20,snr20,I COULD NOT THINK OF ALLOWING ANY OF MY CHARGES TO TAKE SO TERRIBLE A RISK AND,na,na,6313,16000,4.64,test,na
6313-66125-0005_melvoc_bandpass-300-3400,data/attacks/bandpass-300-3400/6313-66125-0005_melvoc.wav,fake,attack,none,bandpass-300-3400,bandpass300-3400,I COULD NOT THINK OF ALLOWING ANY OF MY CHARGES TO TAKE SO TERRIBLE A RISK AND,na,na,6313,16000,4.64,test,na
6313-66125-0005_melvoc_reverb-rt60-0.2,data/attacks/reverb-rt60-0.2/6313-66125-0005_melvoc.wav,fake,attack,none,reverb-rt60-0.2,rt60-0.2,I COULD NOT THINK OF ALLOWING ANY OF MY CHARGES TO TAKE SO TERRIBLE A RISK AND,na,na,6313,16000,4.64,test,na
6313-66125-0005_melvoc_reverb-rt60-0.4,data/attacks/reverb-rt60-0.4/6313-66125-0005_melvoc.wav,fake,attack,none,reverb-rt60-0.4,rt60-0.4,I COULD NOT THINK OF ALLOWING ANY OF MY CHARGES TO TAKE SO TERRIBLE A RISK AND,na,na,6313,16000,4.64,test,na
6313-66125-0005_melvoc_reverb-rt60-0.8,data/attacks/reverb-rt60-0.8/6313-66125-0005_melvoc.wav,fake,attack,none,reverb-rt60-0.8,rt60-0.8,I COULD NOT THINK OF ALLOWING ANY OF MY CHARGES TO TAKE SO TERRIBLE A RISK AND,na,na,6313,16000,4.64,test,na
6313-66125-0005_melvoc_speed0.9,data/attacks/speed0.9/6313-66125-0005_melvoc.wav,fake,attack,none,speed0.9,speed0.9,I COULD NOT THINK OF ALLOWING ANY OF MY CHARGES TO TAKE SO TERRIBLE A RISK AND,na,na,6313,16000,5.156,test,na
6313-66125-0005_melvoc_speed1.1,data/attacks/speed1.1/6313-66125-0005_melvoc.wav,fake,attack,none,speed1.1,speed1.1,I COULD NOT THINK OF ALLOWING ANY OF MY CHARGES TO TAKE SO TERRIBLE A RISK AND,na,na,6313,16000,4.218,test,na
6313-66125-0005_pitch_mp3-128k,data/attacks/mp3-128k/6313-66125-0005_pitch.wav,fake,attack,none,mp3-128k,mp3-128k,I COULD NOT THINK OF ALLOWING ANY OF MY CHARGES TO TAKE SO TERRIBLE A RISK AND,na,na,6313,16000,4.64,test,na
6313-66125-0005_pitch_mp3-64k,data/attacks/mp3-64k/6313-66125-0005_pitch.wav,fake,attack,none,mp3-64k,mp3-64k,I COULD NOT THINK OF ALLOWING ANY OF MY CHARGES TO TAKE SO TERRIBLE A RISK AND,na,na,6313,16000,4.64,test,na
6313-66125-0005_pitch_opus-32k,data/attacks/opus-32k/6313-66125-0005_pitch.wav,fake,attack,none,opus-32k,opus-32k,I COULD NOT THINK OF ALLOWING ANY OF MY CHARGES TO TAKE SO TERRIBLE A RISK AND,na,na,6313,16000,4.64,test,na
6313-66125-0005_pitch_g711-8k,data/attacks/g711-8k/6313-66125-0005_pitch.wav,fake,attack,none,g711-8k,g711-8k,I COULD NOT THINK OF ALLOWING ANY OF MY CHARGES TO TAKE SO TERRIBLE A RISK AND,na,na,6313,16000,4.64,test,na
6313-66125-0005_pitch_resample-8k,data/attacks/resample-8k/6313-66125-0005_pitch.wav,fake,attack,none,resample-8k,8k-roundtrip,I COULD NOT THINK OF ALLOWING ANY OF MY CHARGES TO TAKE SO TERRIBLE A RISK AND,na,na,6313,16000,4.64,test,na
6313-66125-0005_pitch_awgn-snr5,data/attacks/awgn-snr5/6313-66125-0005_pitch.wav,fake,attack,none,awgn-snr5,snr5,I COULD NOT THINK OF ALLOWING ANY OF MY CHARGES TO TAKE SO TERRIBLE A RISK AND,na,na,6313,16000,4.64,test,na
6313-66125-0005_pitch_awgn-snr10,data/attacks/awgn-snr10/6313-66125-0005_pitch.wav,fake,attack,none,awgn-snr10,snr10,I COULD NOT THINK OF ALLOWING ANY OF MY CHARGES TO TAKE SO TERRIBLE A RISK AND,na,na,6313,16000,4.64,test,na
6313-66125-0005_pitch_awgn-snr20,data/attacks/awgn-snr20/6313-66125-0005_pitch.wav,fake,attack,none,awgn-snr20,snr20,I COULD NOT THINK OF ALLOWING ANY OF MY CHARGES TO TAKE SO TERRIBLE A RISK AND,na,na,6313,16000,4.64,test,na
6313-66125-0005_pitch_bandpass-300-3400,data/attacks/bandpass-300-3400/6313-66125-0005_pitch.wav,fake,attack,none,bandpass-300-3400,bandpass300-3400,I COULD NOT THINK OF ALLOWING ANY OF MY CHARGES TO TAKE SO TERRIBLE A RISK AND,na,na,6313,16000,4.64,test,na
6313-66125-0005_pitch_reverb-rt60-0.2,data/attacks/reverb-rt60-0.2/6313-66125-0005_pitch.wav,fake,attack,none,reverb-rt60-0.2,rt60-0.2,I COULD NOT THINK OF ALLOWING ANY OF MY CHARGES TO TAKE SO TERRIBLE A RISK AND,na,na,6313,16000,4.64,test,na
6313-66125-0005_pitch_reverb-rt60-0.4,data/attacks/reverb-rt60-0.4/6313-66125-0005_pitch.wav,fake,attack,none,reverb-rt60-0.4,rt60-0.4,I COULD NOT THINK OF ALLOWING ANY OF MY CHARGES TO TAKE SO TERRIBLE A RISK AND,na,na,6313,16000,4.64,test,na
6313-66125-0005_pitch_reverb-rt60-0.8,data/attacks/reverb-rt60-0.8/6313-66125-0005_pitch.wav,fake,attack,none,reverb-rt60-0.8,rt60-0.8,I COULD NOT THINK OF ALLOWING ANY OF MY CHARGES TO TAKE SO TERRIBLE A RISK AND,na,na,6313,16000,4.64,test,na
6313-66125-0005_pitch_speed0.9,data/attacks/speed0.9/6313-66125-0005_pitch.wav,fake,attack,none,speed0.9,speed0.9,I COULD NOT THINK OF ALLOWING ANY OF MY CHARGES TO TAKE SO TERRIBLE A RISK AND,na,na,6313,16000,5.156,test,na
6313-66125-0005_pitch_speed1.1,data/attacks/speed1.1/6313-66125-0005_pitch.wav,fake,attack,none,speed1.1,speed1.1,I COULD NOT THINK OF ALLOWING ANY OF MY CHARGES TO TAKE SO TERRIBLE A RISK AND,na,na,6313,16000,4.218,test,na
6313-66125-0006_formant_mp3-128k,data/attacks/mp3-128k/6313-66125-0006_formant.wav,fake,attack,none,mp3-128k,mp3-128k,NO I AM THE LIGHTER OF THE TWO URGED TAD,na,na,6313,16000,3.005,test,na
6313-66125-0006_formant_mp3-64k,data/attacks/mp3-64k/6313-66125-0006_formant.wav,fake,attack,none,mp3-64k,mp3-64k,NO I AM THE LIGHTER OF THE TWO URGED TAD,na,na,6313,16000,3.005,test,na
6313-66125-0006_formant_opus-32k,data/attacks/opus-32k/6313-66125-0006_formant.wav,fake,attack,none,opus-32k,opus-32k,NO I AM THE LIGHTER OF THE TWO URGED TAD,na,na,6313,16000,3.005,test,na
6313-66125-0006_formant_g711-8k,data/attacks/g711-8k/6313-66125-0006_formant.wav,fake,attack,none,g711-8k,g711-8k,NO I AM THE LIGHTER OF THE TWO URGED TAD,na,na,6313,16000,3.005,test,na
6313-66125-0006_formant_resample-8k,data/attacks/resample-8k/6313-66125-0006_formant.wav,fake,attack,none,resample-8k,8k-roundtrip,NO I AM THE LIGHTER OF THE TWO URGED TAD,na,na,6313,16000,3.005,test,na
6313-66125-0006_formant_awgn-snr5,data/attacks/awgn-snr5/6313-66125-0006_formant.wav,fake,attack,none,awgn-snr5,snr5,NO I AM THE LIGHTER OF THE TWO URGED TAD,na,na,6313,16000,3.005,test,na
6313-66125-0006_formant_awgn-snr10,data/attacks/awgn-snr10/6313-66125-0006_formant.wav,fake,attack,none,awgn-snr10,snr10,NO I AM THE LIGHTER OF THE TWO URGED TAD,na,na,6313,16000,3.005,test,na
6313-66125-0006_formant_awgn-snr20,data/attacks/awgn-snr20/6313-66125-0006_formant.wav,fake,attack,none,awgn-snr20,snr20,NO I AM THE LIGHTER OF THE TWO URGED TAD,na,na,6313,16000,3.005,test,na
6313-66125-0006_formant_bandpass-300-3400,data/attacks/bandpass-300-3400/6313-66125-0006_formant.wav,fake,attack,none,bandpass-300-3400,bandpass300-3400,NO I AM THE LIGHTER OF THE TWO URGED TAD,na,na,6313,16000,3.005,test,na
6313-66125-0006_formant_reverb-rt60-0.2,data/attacks/reverb-rt60-0.2/6313-66125-0006_formant.wav,fake,attack,none,reverb-rt60-0.2,rt60-0.2,NO I AM THE LIGHTER OF THE TWO URGED TAD,na,na,6313,16000,3.005,test,na
6313-66125-0006_formant_reverb-rt60-0.4,data/attacks/reverb-rt60-0.4/6313-66125-0006_formant.wav,fake,attack,none,reverb-rt60-0.4,rt60-0.4,NO I AM THE LIGHTER OF THE TWO URGED TAD,na,na,6313,16000,3.005,test,na
6313-66125-0006_formant_reverb-rt60-0.8,data/attacks/reverb-rt60-0.8/6313-66125-0006_formant.wav,fake,attack,none,reverb-rt60-0.8,rt60-0.8,NO I AM THE LIGHTER OF THE TWO URGED TAD,na,na,6313,16000,3.005,test,na
6313-66125-0006_formant_speed0.9,data/attacks/speed0.9/6313-66125-0006_formant.wav,fake,attack,none,speed0.9,speed0.9,NO I AM THE LIGHTER OF THE TWO URGED TAD,na,na,6313,16000,3.339,test,na
6313-66125-0006_formant_speed1.1,data/attacks/speed1.1/6313-66125-0006_formant.wav,fake,attack,none,speed1.1,speed1.1,NO I AM THE LIGHTER OF THE TWO URGED TAD,na,na,6313,16000,2.732,test,na
6313-66125-0006_melvoc_mp3-128k,data/attacks/mp3-128k/6313-66125-0006_melvoc.wav,fake,attack,none,mp3-128k,mp3-128k,NO I AM THE LIGHTER OF THE TWO URGED TAD,na,na,6313,16000,3.0,test,na
6313-66125-0006_melvoc_mp3-64k,data/attacks/mp3-64k/6313-66125-0006_melvoc.wav,fake,attack,none,mp3-64k,mp3-64k,NO I AM THE LIGHTER OF THE TWO URGED TAD,na,na,6313,16000,3.0,test,na
6313-66125-0006_melvoc_opus-32k,data/attacks/opus-32k/6313-66125-0006_melvoc.wav,fake,attack,none,opus-32k,opus-32k,NO I AM THE LIGHTER OF THE TWO URGED TAD,na,na,6313,16000,3.0,test,na
6313-66125-0006_melvoc_g711-8k,data/attacks/g711-8k/6313-66125-0006_melvoc.wav,fake,attack,none,g711-8k,g711-8k,NO I AM THE LIGHTER OF THE TWO URGED TAD,na,na,6313,16000,3.0,test,na
6313-66125-0006_melvoc_resample-8k,data/attacks/resample-8k/6313-66125-0006_melvoc.wav,fake,attack,none,resample-8k,8k-roundtrip,NO I AM THE LIGHTER OF THE TWO URGED TAD,na,na,6313,16000,3.0,test,na
6313-66125-0006_melvoc_awgn-snr5,data/attacks/awgn-snr5/6313-66125-0006_melvoc.wav,fake,attack,none,awgn-snr5,snr5,NO I AM THE LIGHTER OF THE TWO URGED TAD,na,na,6313,16000,3.0,test,na
6313-66125-0006_melvoc_awgn-snr10,data/attacks/awgn-snr10/6313-66125-0006_melvoc.wav,fake,attack,none,awgn-snr10,snr10,NO I AM THE LIGHTER OF THE TWO URGED TAD,na,na,6313,16000,3.0,test,na
6313-66125-0006_melvoc_awgn-snr20,data/attacks/awgn-snr20/6313-66125-0006_melvoc.wav,fake,attack,none,awgn-snr20,snr20,NO I AM THE LIGHTER OF THE TWO URGED TAD,na,na,6313,16000,3.0,test,na
6313-66125-0006_melvoc_bandpass-300-3400,data/attacks/bandpass-300-3400/6313-66125-0006_melvoc.wav,fake,attack,none,bandpass-300-3400,bandpass300-3400,NO I AM THE LIGHTER OF THE TWO URGED TAD,na,na,6313,16000,3.0,test,na
6313-66125-0006_melvoc_reverb-rt60-0.2,data/attacks/reverb-rt60-0.2/6313-66125-0006_melvoc.wav,fake,attack,none,reverb-rt60-0.2,rt60-0.2,NO I AM THE LIGHTER OF THE TWO URGED TAD,na,na,6313,16000,3.0,test,na
6313-66125-0006_melvoc_reverb-rt60-0.4,data/attacks/reverb-rt60-0.4/6313-66125-0006_melvoc.wav,fake,attack,none,reverb-rt60-0.4,rt60-0.4,NO I AM THE LIGHTER OF THE TWO URGED TAD,na,na,6313,16000,3.0,test,na
6313-66125-0006_melvoc_reverb-rt60-0.8,data/attacks/reverb-rt60-0.8/6313-66125-0006_melvoc.wav,fake,attack,none,reverb-rt60-0.8,rt60-0.8,NO I AM THE LIGHTER OF THE TWO URGED TAD,na,na,6313,16000,3.0,test,na
6313-66125-0006_melvoc_speed0.9,data/attacks/speed0.9/6313-66125-0006_melvoc.wav,fake,attack,none,speed0.9,speed0.9,NO I AM THE LIGHTER OF THE TWO URGED TAD,na,na,6313,16000,3.333,test,na
6313-66125-0006_melvoc_speed1.1,data/attacks/speed1.1/6313-66125-0006_melvoc.wav,fake,attack,none,speed1.1,speed1.1,NO I AM THE LIGHTER OF THE TWO URGED TAD,na,na,6313,16000,2.727,test,na
6313-66125-0006_pitch_mp3-128k,data/attacks/mp3-128k/6313-66125-0006_pitch.wav,fake,attack,none,mp3-128k,mp3-128k,NO I AM THE LIGHTER OF THE TWO URGED TAD,na,na,6313,16000,3.005,test,na
6313-66125-0006_pitch_mp3-64k,data/attacks/mp3-64k/6313-66125-0006_pitch.wav,fake,attack,none,mp3-64k,mp3-64k,NO I AM THE LIGHTER OF THE TWO URGED TAD,na,na,6313,16000,3.005,test,na
6313-66125-0006_pitch_opus-32k,data/attacks/opus-32k/6313-66125-0006_pitch.wav,fake,attack,none,opus-32k,opus-32k,NO I AM THE LIGHTER OF THE TWO URGED TAD,na,na,6313,16000,3.005,test,na
6313-66125-0006_pitch_g711-8k,data/attacks/g711-8k/6313-66125-0006_pitch.wav,fake,attack,none,g711-8k,g711-8k,NO I AM THE LIGHTER OF THE TWO URGED TAD,na,na,6313,16000,3.005,test,na
6313-66125-0006_pitch_resample-8k,data/attacks/resample-8k/6313-66125-0006_pitch.wav,fake,attack,none,resample-8k,8k-roundtrip,NO I AM THE LIGHTER OF THE TWO URGED TAD,na,na,6313,16000,3.005,test,na
6313-66125-0006_pitch_awgn-snr5,data/attacks/awgn-snr5/6313-66125-0006_pitch.wav,fake,attack,none,awgn-snr5,snr5,NO I AM THE LIGHTER OF THE TWO URGED TAD,na,na,6313,16000,3.005,test,na
6313-66125-0006_pitch_awgn-snr10,data/attacks/awgn-snr10/6313-66125-0006_pitch.wav,fake,attack,none,awgn-snr10,snr10,NO I AM THE LIGHTER OF THE TWO URGED TAD,na,na,6313,16000,3.005,test,na
6313-66125-0006_pitch_awgn-snr20,data/attacks/awgn-snr20/6313-66125-0006_pitch.wav,fake,attack,none,awgn-snr20,snr20,NO I AM THE LIGHTER OF THE TWO URGED TAD,na,na,6313,16000,3.005,test,na
6313-66125-0006_pitch_bandpass-300-3400,data/attacks/bandpass-300-3400/6313-66125-0006_pitch.wav,fake,attack,none,bandpass-300-3400,bandpass300-3400,NO I AM THE LIGHTER OF THE TWO URGED TAD,na,na,6313,16000,3.005,test,na
6313-66125-0006_pitch_reverb-rt60-0.2,data/attacks/reverb-rt60-0.2/6313-66125-0006_pitch.wav,fake,attack,none,reverb-rt60-0.2,rt60-0.2,NO I AM THE LIGHTER OF THE TWO URGED TAD,na,na,6313,16000,3.005,test,na
6313-66125-0006_pitch_reverb-rt60-0.4,data/attacks/reverb-rt60-0.4/6313-66125-0006_pitch.wav,fake,attack,none,reverb-rt60-0.4,rt60-0.4,NO I AM THE LIGHTER OF THE TWO URGED TAD,na,na,6313,16000,3.005,test,na
6313-66125-0006_pitch_reverb-rt60-0.8,data/attacks/reverb-rt60-0.8/6313-66125-0006_pitch.wav,fake,attack,none,reverb-rt60-0.8,rt60-0.8,NO I AM THE LIGHTER OF THE TWO URGED TAD,na,na,6313,16000,3.005,test,na
6313-66125-0006_pitch_speed0.9,data/attacks/speed0.9/6313-66125-0006_pitch.wav,fake,attack,none,speed0.9,speed0.9,NO I AM THE LIGHTER OF THE TWO URGED TAD,na,na,6313,16000,3.339,test,na
6313-66125-0006_pitch_speed1.1,data/attacks/speed1.1/6313-66125-0006_pitch.wav,fake,attack,none,speed1.1,speed1.1,NO I AM THE LIGHTER OF THE TWO URGED TAD,na,na,6313,16000,2.732,test,na
6313-66125-0007_formant_mp3-128k,data/attacks/mp3-128k/6313-66125-0007_formant.wav,fake,attack,none,mp3-128k,mp3-128k,I AM THE ONE TO GO AFTER WALT IF ANYONE HAS TO I'LL GO DOWN MISTER THOMAS,na,na,6313,16000,4.93,test,na
6313-66125-0007_formant_mp3-64k,data/attacks/mp3-64k/6313-66125-0007_formant.wav,fake,attack,none,mp3-64k,mp3-64k,I AM THE ONE TO GO AFTER WALT IF ANYONE HAS TO I'LL GO DOWN MISTER THOMAS,na,na,6313,16000,4.93,test,na
6313-66125-0007_formant_opus-32k,data/attacks/opus-32k/6313-66125-0007_formant.wav,fake,attack,none,opus-32k,opus-32k,I AM THE ONE TO GO AFTER WALT IF ANYONE HAS TO I'LL GO DOWN MISTER THOMAS,na,na,6313,16000,4.93,test,na
6313-66125-0007_formant_g711-8k,data/attacks/g711-8k/6313-66125-0007_formant.wav,fake,attack,none,g711-8k,g711-8k,I AM THE ONE TO GO AFTER WALT IF ANYONE HAS TO I'LL GO DOWN MISTER THOMAS,na,na,6313,16000,4.93,test,na
6313-66125-0007_formant_resample-8k,data/attacks/resample-8k/6313-66125-0007_formant.wav,fake,attack,none,resample-8k,8k-roundtrip,I AM THE ONE TO GO AFTER WALT IF ANYONE HAS TO I'LL GO DOWN MISTER THOMAS,na,na,6313,16000,4.93,test,na
6313-66125-0007_formant_awgn-snr5,data/attacks/awgn-snr5/6313-66125-0007_formant.wav,fake,attack,none,awgn-snr5,snr5,I AM THE ONE TO GO AFTER WALT IF ANYONE HAS TO I'LL GO DOWN MISTER THOMAS,na,na,6313,16000,4.93,test,na
6313-66125-0007_formant_awgn-snr10,data/attacks/awgn-snr10/6313-66125-0007_formant.wav,fake,attack,none,awgn-snr10,snr10,I AM THE ONE TO GO AFTER WALT IF ANYONE HAS TO I'LL GO DOWN MISTER THOMAS,na,na,6313,16000,4.93,test,na
6313-66125-0007_formant_awgn-snr20,data/attacks/awgn-snr20/6313-66125-0007_formant.wav,fake,attack,none,awgn-snr20,snr20,I AM THE ONE TO GO AFTER WALT IF ANYONE HAS TO I'LL GO DOWN MISTER THOMAS,na,na,6313,16000,4.93,test,na
6313-66125-0007_formant_bandpass-300-3400,data/attacks/bandpass-300-3400/6313-66125-0007_formant.wav,fake,attack,none,bandpass-300-3400,bandpass300-3400,I AM THE ONE TO GO AFTER WALT IF ANYONE HAS TO I'LL GO DOWN MISTER THOMAS,na,na,6313,16000,4.93,test,na
6313-66125-0007_formant_reverb-rt60-0.2,data/attacks/reverb-rt60-0.2/6313-66125-0007_formant.wav,fake,attack,none,reverb-rt60-0.2,rt60-0.2,I AM THE ONE TO GO AFTER WALT IF ANYONE HAS TO I'LL GO DOWN MISTER THOMAS,na,na,6313,16000,4.93,test,na
6313-66125-0007_formant_reverb-rt60-0.4,data/attacks/reverb-rt60-0.4/6313-66125-0007_formant.wav,fake,attack,none,reverb-rt60-0.4,rt60-0.4,I AM THE ONE TO GO AFTER WALT IF ANYONE HAS TO I'LL GO DOWN MISTER THOMAS,na,na,6313,16000,4.93,test,na
6313-66125-0007_formant_reverb-rt60-0.8,data/attacks/reverb-rt60-0.8/6313-66125-0007_formant.wav,fake,attack,none,reverb-rt60-0.8,rt60-0.8,I AM THE ONE TO GO AFTER WALT IF ANYONE HAS TO I'LL GO DOWN MISTER THOMAS,na,na,6313,16000,4.93,test,na
6313-66125-0007_formant_speed0.9,data/attacks/speed0.9/6313-66125-0007_formant.wav,fake,attack,none,speed0.9,speed0.9,I AM THE ONE TO GO AFTER WALT IF ANYONE HAS TO I'LL GO DOWN MISTER THOMAS,na,na,6313,16000,5.478,test,na
6313-66125-0007_formant_speed1.1,data/attacks/speed1.1/6313-66125-0007_formant.wav,fake,attack,none,speed1.1,speed1.1,I AM THE ONE TO GO AFTER WALT IF ANYONE HAS TO I'LL GO DOWN MISTER THOMAS,na,na,6313,16000,4.482,test,na
6313-66125-0007_melvoc_mp3-128k,data/attacks/mp3-128k/6313-66125-0007_melvoc.wav,fake,attack,none,mp3-128k,mp3-128k,I AM THE ONE TO GO AFTER WALT IF ANYONE HAS TO I'LL GO DOWN MISTER THOMAS,na,na,6313,16000,4.928,test,na
6313-66125-0007_melvoc_mp3-64k,data/attacks/mp3-64k/6313-66125-0007_melvoc.wav,fake,attack,none,mp3-64k,mp3-64k,I AM THE ONE TO GO AFTER WALT IF ANYONE HAS TO I'LL GO DOWN MISTER THOMAS,na,na,6313,16000,4.928,test,na
6313-66125-0007_melvoc_opus-32k,data/attacks/opus-32k/6313-66125-0007_melvoc.wav,fake,attack,none,opus-32k,opus-32k,I AM THE ONE TO GO AFTER WALT IF ANYONE HAS TO I'LL GO DOWN MISTER THOMAS,na,na,6313,16000,4.928,test,na
6313-66125-0007_melvoc_g711-8k,data/attacks/g711-8k/6313-66125-0007_melvoc.wav,fake,attack,none,g711-8k,g711-8k,I AM THE ONE TO GO AFTER WALT IF ANYONE HAS TO I'LL GO DOWN MISTER THOMAS,na,na,6313,16000,4.928,test,na
6313-66125-0007_melvoc_resample-8k,data/attacks/resample-8k/6313-66125-0007_melvoc.wav,fake,attack,none,resample-8k,8k-roundtrip,I AM THE ONE TO GO AFTER WALT IF ANYONE HAS TO I'LL GO DOWN MISTER THOMAS,na,na,6313,16000,4.928,test,na
6313-66125-0007_melvoc_awgn-snr5,data/attacks/awgn-snr5/6313-66125-0007_melvoc.wav,fake,attack,none,awgn-snr5,snr5,I AM THE ONE TO GO AFTER WALT IF ANYONE HAS TO I'LL GO DOWN MISTER THOMAS,na,na,6313,16000,4.928,test,na
6313-66125-0007_melvoc_awgn-snr10,data/attacks/awgn-snr10/6313-66125-0007_melvoc.wav,fake,attack,none,awgn-snr10,snr10,I AM THE ONE TO GO AFTER WALT IF ANYONE HAS TO I'LL GO DOWN MISTER THOMAS,na,na,6313,16000,4.928,test,na
6313-66125-0007_melvoc_awgn-snr20,data/attacks/awgn-snr20/6313-66125-0007_melvoc.wav,fake,attack,none,awgn-snr20,snr20,I AM THE ONE TO GO AFTER WALT IF ANYONE HAS TO I'LL GO DOWN MISTER THOMAS,na,na,6313,16000,4.928,test,na
6313-66125-0007_melvoc_bandpass-300-3400,data/attacks/bandpass-300-3400/6313-66125-0007_melvoc.wav,fake,attack,none,bandpass-300-3400,bandpass300-3400,I AM THE ONE TO GO AFTER WALT IF ANYONE HAS TO I'LL GO DOWN MISTER THOMAS,na,na,6313,16000,4.928,test,na
6313-66125-0007_melvoc_reverb-rt60-0.2,data/attacks/reverb-rt60-0.2/6313-66125-0007_melvoc.wav,fake,attack,none,reverb-rt60-0.2,rt60-0.2,I AM THE ONE TO GO AFTER WALT IF ANYONE HAS TO I'LL GO DOWN MISTER THOMAS,na,na,6313,16000,4.928,test,na
6313-66125-0007_melvoc_reverb-rt60-0.4,data/attacks/reverb-rt60-0.4/6313-66125-0007_melvoc.wav,fake,attack,none,reverb-rt60-0.4,rt60-0.4,I AM THE ONE TO GO AFTER WALT IF ANYONE HAS TO I'LL GO DOWN MISTER THOMAS,na,na,6313,16000,4.928,test,na
6313-66125-0007_melvoc_reverb-rt60-0.8,data/attacks/reverb-rt60-0.8/6313-66125-0007_melvoc.wav,fake,attack,none,reverb-rt60-0.8,rt60-0.8,I AM THE ONE TO GO AFTER WALT IF ANYONE HAS TO I'LL GO DOWN MISTER THOMAS,na,na,6313,16000,4.928,test,na
6313-66125-0007_melvoc_speed0.9,data/attacks/speed0.9/6313-66125-0007_melvoc.wav,fake,attack,none,speed0.9,speed0.9,I AM THE ONE TO GO AFTER WALT IF ANYONE HAS TO I'LL GO DOWN MISTER THOMAS,na,na,6313,16000,5.476,test,na
6313-66125-0007_melvoc_speed1.1,data/attacks/speed1.1/6313-66125-0007_melvoc.wav,fake,attack,none,speed1.1,speed1.1,I AM THE ONE TO GO AFTER WALT IF ANYONE HAS TO I'LL GO DOWN MISTER THOMAS,na,na,6313,16000,4.48,test,na
6313-66125-0007_pitch_mp3-128k,data/attacks/mp3-128k/6313-66125-0007_pitch.wav,fake,attack,none,mp3-128k,mp3-128k,I AM THE ONE TO GO AFTER WALT IF ANYONE HAS TO I'LL GO DOWN MISTER THOMAS,na,na,6313,16000,4.93,test,na
6313-66125-0007_pitch_mp3-64k,data/attacks/mp3-64k/6313-66125-0007_pitch.wav,fake,attack,none,mp3-64k,mp3-64k,I AM THE ONE TO GO AFTER WALT IF ANYONE HAS TO I'LL GO DOWN MISTER THOMAS,na,na,6313,16000,4.93,test,na
6313-66125-0007_pitch_opus-32k,data/attacks/opus-32k/6313-66125-0007_pitch.wav,fake,attack,none,opus-32k,opus-32k,I AM THE ONE TO GO AFTER WALT IF ANYONE HAS TO I'LL GO DOWN MISTER THOMAS,na,na,6313,16000,4.93,test,na
6313-66125-0007_pitch_g711-8k,data/attacks/g711-8k/6313-66125-0007_pitch.wav,fake,attack,none,g711-8k,g711-8k,I AM THE ONE TO GO AFTER WALT IF ANYONE HAS TO I'LL GO DOWN MISTER THOMAS,na,na,6313,16000,4.93,test,na
6313-66125-0007_pitch_resample-8k,data/attacks/resample-8k/6313-66125-0007_pitch.wav,fake,attack,none,resample-8k,8k-roundtrip,I AM THE ONE TO GO AFTER WALT IF ANYONE HAS TO I'LL GO DOWN MISTER THOMAS,na,na,6313,16000,4.93,test,na
6313-66125-0007_pitch_awgn-snr5,data/attacks/awgn-snr5/6313-66125-0007_pitch.wav,fake,attack,none,awgn-snr5,snr5,I AM THE ONE TO GO AFTER WALT IF ANYONE HAS TO I'LL GO DOWN MISTER THOMAS,na,na,6313,16000,4.93,test,na
6313-66125-0007_pitch_awgn-snr10,data/attacks/awgn-snr10/6313-66125-0007_pitch.wav,fake,attack,none,awgn-snr10,snr10,I AM THE ONE TO GO AFTER WALT IF ANYONE HAS TO I'LL GO DOWN MISTER THOMAS,na,na,6313,16000,4.93,test,na
6313-66125-0007_pitch_awgn-snr20,data/attacks/awgn-snr20/6313-66125-0007_pitch.wav,fake,attack,none,awgn-snr20,snr20,I AM THE ONE TO GO AFTER WALT IF ANYONE HAS TO I'LL GO DOWN MISTER THOMAS,na,na,6313,16000,4.93,test,na
6313-66125-0007_pitch_bandpass-300-3400,data/attacks/bandpass-300-3400/6313-66125-0007_pitch.wav,fake,attack,none,bandpass-300-3400,bandpass300-3400,I AM THE ONE TO GO AFTER WALT IF ANYONE HAS TO I'LL GO DOWN MISTER THOMAS,na,na,6313,16000,4.93,test,na
6313-66125-0007_pitch_reverb-rt60-0.2,data/attacks/reverb-rt60-0.2/6313-66125-0007_pitch.wav,fake,attack,none,reverb-rt60-0.2,rt60-0.2,I AM THE ONE TO GO AFTER WALT IF ANYONE HAS TO I'LL GO DOWN MISTER THOMAS,na,na,6313,16000,4.93,test,na
6313-66125-0007_pitch_reverb-rt60-0.4,data/attacks/reverb-rt60-0.4/6313-66125-0007_pitch.wav,fake,attack,none,reverb-rt60-0.4,rt60-0.4,I AM THE ONE TO GO AFTER WALT IF ANYONE HAS TO I'LL GO DOWN MISTER THOMAS,na,na,6313,16000,4.93,test,na
6313-66125-0007_pitch_reverb-rt60-0.8,data/attacks/reverb-rt60-0.8/6313-66125-0007_pitch.wav,fake,attack,none,reverb-rt60-0.8,rt60-0.8,I AM THE ONE TO GO AFTER WALT IF ANYONE HAS TO I'LL GO DOWN MISTER THOMAS,na,na,6313,16000,4.93,test,na
6313-66125-0007_pitch_speed0.9,data/attacks/speed0.9/6313-66125-0007_pitch.wav,fake,attack,none,speed0.9,speed0.9,I AM THE ONE TO GO AFTER WALT IF ANYONE HAS TO I'LL GO DOWN MISTER THOMAS,na,na,6313,16000,5.478,test,na
6313-66125-0007_pitch_speed1.1,data/attacks/speed1.1/6313-66125-0007_pitch.wav,fake,attack,none,speed1.1,speed1.1,I AM THE ONE TO GO AFTER WALT IF ANYONE HAS TO I'LL GO DOWN MISTER THOMAS,na,na,6313,16000,4.482,test,na
6313-66125-0008_formant_mp3-128k,data/attacks/mp3-128k/6313-66125-0008_formant.wav,fake,attack,none,mp3-128k,mp3-128k,MASTER TAD IS RIGHT DECIDED THE GUIDE GAZING AT THE TWO BOYS APPROVINGLY,na,na,6313,16000,4.49,test,na
6313-66125-0008_formant_mp3-64k,data/attacks/mp3-64k/6313-66125-0008_formant.wav,fake,attack,none,mp3-64k,mp3-64k,MASTER TAD IS RIGHT DECIDED THE GUIDE GAZING AT THE TWO BOYS APPROVINGLY,na,na,6313,16000,4.49,test,na
6313-66125-0008_formant_opus-32k,data/attacks/opus-32k/6313-66125-0008_formant.wav,fake,attack,none,opus-32k,opus-32k,MASTER TAD IS RIGHT DECIDED THE GUIDE GAZING AT THE TWO BOYS APPROVINGLY,na,na,6313,16000,4.49,test,na
6313-66125-0008_formant_g711-8k,data/attacks/g711-8k/6313-66125-0008_formant.wav,fake,attack,none,g711-8k,g711-8k,MASTER TAD IS RIGHT DECIDED THE GUIDE GAZING AT THE TWO BOYS APPROVINGLY,na,na,6313,16000,4.49,test,na
6313-66125-0008_formant_resample-8k,data/attacks/resample-8k/6313-66125-0008_formant.wav,fake,attack,none,resample-8k,8k-roundtrip,MASTER TAD IS RIGHT DECIDED THE GUIDE GAZING AT THE TWO BOYS APPROVINGLY,na,na,6313,16000,4.49,test,na
6313-66125-0008_formant_awgn-snr5,data/attacks/awgn-snr5/6313-66125-0008_formant.wav,fake,attack,none,awgn-snr5,snr5,MASTER TAD IS RIGHT DECIDED THE GUIDE GAZING AT THE TWO BOYS APPROVINGLY,na,na,6313,16000,4.49,test,na
6313-66125-0008_formant_awgn-snr10,data/attacks/awgn-snr10/6313-66125-0008_formant.wav,fake,attack,none,awgn-snr10,snr10,MASTER TAD IS RIGHT DECIDED THE GUIDE GAZING AT THE TWO BOYS APPROVINGLY,na,na,6313,16000,4.49,test,na
6313-66125-0008_formant_awgn-snr20,data/attacks/awgn-snr20/6313-66125-0008_formant.wav,fake,attack,none,awgn-snr20,snr20,MASTER TAD IS RIGHT DECIDED THE GUIDE GAZING AT THE TWO BOYS APPROVINGLY,na,na,6313,16000,4.49,test,na
6313-66125-0008_formant_bandpass-300-3400,data/attacks/bandpass-300-3400/6313-66125-0008_formant.wav,fake,attack,none,bandpass-300-3400,bandpass300-3400,MASTER TAD IS RIGHT DECIDED THE GUIDE GAZING AT THE TWO BOYS APPROVINGLY,na,na,6313,16000,4.49,test,na
6313-66125-0008_formant_reverb-rt60-0.2,data/attacks/reverb-rt60-0.2/6313-66125-0008_formant.wav,fake,attack,none,reverb-rt60-0.2,rt60-0.2,MASTER TAD IS RIGHT DECIDED THE GUIDE GAZING AT THE TWO BOYS APPROVINGLY,na,na,6313,16000,4.49,test,na
6313-66125-0008_formant_reverb-rt60-0.4,data/attacks/reverb-rt60-0.4/6313-66125-0008_formant.wav,fake,attack,none,reverb-rt60-0.4,rt60-0.4,MASTER TAD IS RIGHT DECIDED THE GUIDE GAZING AT THE TWO BOYS APPROVINGLY,na,na,6313,16000,4.49,test,na
6313-66125-0008_formant_reverb-rt60-0.8,data/attacks/reverb-rt60-0.8/6313-66125-0008_formant.wav,fake,attack,none,reverb-rt60-0.8,rt60-0.8,MASTER TAD IS RIGHT DECIDED THE GUIDE GAZING AT THE TWO BOYS APPROVINGLY,na,na,6313,16000,4.49,test,na
6313-66125-0008_formant_speed0.9,data/attacks/speed0.9/6313-66125-0008_formant.wav,fake,attack,none,speed0.9,speed0.9,MASTER TAD IS RIGHT DECIDED THE GUIDE GAZING AT THE TWO BOYS APPROVINGLY,na,na,6313,16000,4.989,test,na
6313-66125-0008_formant_speed1.1,data/attacks/speed1.1/6313-66125-0008_formant.wav,fake,attack,none,speed1.1,speed1.1,MASTER TAD IS RIGHT DECIDED THE GUIDE GAZING AT THE TWO BOYS APPROVINGLY,na,na,6313,16000,4.082,test,na
2078-142845-0000_formant_aac-128k,data/attacks/aac-128k/2078-142845-0000_formant.wav,fake,attack,none,aac-128k,aac-128k,KIRKLEATHAM YEAST,na,na,2078,16000,2.24,test,na
2078-142845-0000_melvoc_aac-128k,data/attacks/aac-128k/2078-142845-0000_melvoc.wav,fake,attack,none,aac-128k,aac-128k,KIRKLEATHAM YEAST,na,na,2078,16000,2.24,test,na
2078-142845-0000_pitch_aac-128k,data/attacks/aac-128k/2078-142845-0000_pitch.wav,fake,attack,none,aac-128k,aac-128k,KIRKLEATHAM YEAST,na,na,2078,16000,2.24,test,na
2078-142845-0001_formant_aac-128k,data/attacks/aac-128k/2078-142845-0001_formant.wav,fake,attack,none,aac-128k,aac-128k,SEVENTEEN SEVENTEEN,na,na,2078,16000,2.176,test,na
2078-142845-0001_melvoc_aac-128k,data/attacks/aac-128k/2078-142845-0001_melvoc.wav,fake,attack,none,aac-128k,aac-128k,SEVENTEEN SEVENTEEN,na,na,2078,16000,2.176,test,na
2078-142845-0001_pitch_aac-128k,data/attacks/aac-128k/2078-142845-0001_pitch.wav,fake,attack,none,aac-128k,aac-128k,SEVENTEEN SEVENTEEN,na,na,2078,16000,2.176,test,na
2078-142845-0002_formant_aac-128k,data/attacks/aac-128k/2078-142845-0002_formant.wav,fake,attack,none,aac-128k,aac-128k,TO MAKE GOOD HOME MADE BREAD,na,na,2078,16000,2.944,test,na
2078-142845-0002_melvoc_aac-128k,data/attacks/aac-128k/2078-142845-0002_melvoc.wav,fake,attack,none,aac-128k,aac-128k,TO MAKE GOOD HOME MADE BREAD,na,na,2078,16000,2.944,test,na
2078-142845-0002_pitch_aac-128k,data/attacks/aac-128k/2078-142845-0002_pitch.wav,fake,attack,none,aac-128k,aac-128k,TO MAKE GOOD HOME MADE BREAD,na,na,2078,16000,2.944,test,na
2078-142845-0003_formant_aac-128k,data/attacks/aac-128k/2078-142845-0003_formant.wav,fake,attack,none,aac-128k,aac-128k,SEVENTEEN EIGHTEEN,na,na,2078,16000,2.112,test,na
2078-142845-0003_melvoc_aac-128k,data/attacks/aac-128k/2078-142845-0003_melvoc.wav,fake,attack,none,aac-128k,aac-128k,SEVENTEEN EIGHTEEN,na,na,2078,16000,2.112,test,na
2078-142845-0003_pitch_aac-128k,data/attacks/aac-128k/2078-142845-0003_pitch.wav,fake,attack,none,aac-128k,aac-128k,SEVENTEEN EIGHTEEN,na,na,2078,16000,2.112,test,na
2078-142845-0004_formant_aac-128k,data/attacks/aac-128k/2078-142845-0004_formant.wav,fake,attack,none,aac-128k,aac-128k,MODE PUT THE FLOUR INTO A LARGE EARTHENWARE BOWL OR DEEP PAN THEN WITH A STRONG METAL OR WOODEN SPOON HOLLOW OUT THE MIDDLE BUT DO NOT CLEAR IT ENTIRELY AWAY FROM THE BOTTOM OF THE PAN AS IN THAT CASE THE SPONGE OR LEAVEN AS IT WAS FORMERLY TERMED WOULD STICK TO IT WHICH IT OUGHT NOT TO DO,na,na,2078,16000,23.232,test,na
2078-142845-0004_melvoc_aac-128k,data/attacks/aac-128k/2078-142845-0004_melvoc.wav,fake,attack,none,aac-128k,aac-128k,MODE PUT THE FLOUR INTO A LARGE EARTHENWARE BOWL OR DEEP PAN THEN WITH A STRONG METAL OR WOODEN SPOON HOLLOW OUT THE MIDDLE BUT DO NOT CLEAR IT ENTIRELY AWAY FROM THE BOTTOM OF THE PAN AS IN THAT CASE THE SPONGE OR LEAVEN AS IT WAS FORMERLY TERMED WOULD STICK TO IT WHICH IT OUGHT NOT TO DO,na,na,2078,16000,23.168,test,na
2078-142845-0004_pitch_aac-128k,data/attacks/aac-128k/2078-142845-0004_pitch.wav,fake,attack,none,aac-128k,aac-128k,MODE PUT THE FLOUR INTO A LARGE EARTHENWARE BOWL OR DEEP PAN THEN WITH A STRONG METAL OR WOODEN SPOON HOLLOW OUT THE MIDDLE BUT DO NOT CLEAR IT ENTIRELY AWAY FROM THE BOTTOM OF THE PAN AS IN THAT CASE THE SPONGE OR LEAVEN AS IT WAS FORMERLY TERMED WOULD STICK TO IT WHICH IT OUGHT NOT TO DO,na,na,2078,16000,23.232,test,na
2078-142845-0005_formant_aac-128k,data/attacks/aac-128k/2078-142845-0005_formant.wav,fake,attack,none,aac-128k,aac-128k,NEXT TAKE EITHER A LARGE TABLESPOONFUL OF BREWER'S YEAST WHICH HAS BEEN RENDERED SOLID BY MIXING IT WITH PLENTY OF COLD WATER AND LETTING IT AFTERWARDS STAND TO SETTLE FOR A DAY AND NIGHT OR NEARLY AN OUNCE OF GERMAN YEAST PUT IT INTO A LARGE BASIN AND PROCEED TO MIX IT SO THAT IT SHALL BE AS SMOOTH AS CREAM WITH THREE QUARTERS PINT OF WARM MILK AND WATER OR WITH WATER ONLY THOUGH EVEN A VERY LITTLE MILK WILL MUCH IMPROVE THE BREAD,na,na,2078,16000,31.424,test,na
2078-142845-0005_melvoc_aac-128k,data/attacks/aac-128k/2078-142845-0005_melvoc.wav,fake,attack,none,aac-128k,aac-128k,NEXT TAKE EITHER A LARGE TABLESPOONFUL OF BREWER'S YEAST WHICH HAS BEEN RENDERED SOLID BY MIXING IT WITH PLENTY OF COLD WATER AND LETTING IT AFTERWARDS STAND TO SETTLE FOR A DAY AND NIGHT OR NEARLY AN OUNCE OF GERMAN YEAST PUT IT INTO A LARGE BASIN AND PROCEED TO MIX IT SO THAT IT SHALL BE AS SMOOTH AS CREAM WITH THREE QUARTERS PINT OF WARM MILK AND WATER OR WITH WATER ONLY THOUGH EVEN A VERY LITTLE MILK WILL MUCH IMPROVE THE BREAD,na,na,2078,16000,31.424,test,na
2078-142845-0005_pitch_aac-128k,data/attacks/aac-128k/2078-142845-0005_pitch.wav,fake,attack,none,aac-128k,aac-128k,NEXT TAKE EITHER A LARGE TABLESPOONFUL OF BREWER'S YEAST WHICH HAS BEEN RENDERED SOLID BY MIXING IT WITH PLENTY OF COLD WATER AND LETTING IT AFTERWARDS STAND TO SETTLE FOR A DAY AND NIGHT OR NEARLY AN OUNCE OF GERMAN YEAST PUT IT INTO A LARGE BASIN AND PROCEED TO MIX IT SO THAT IT SHALL BE AS SMOOTH AS CREAM WITH THREE QUARTERS PINT OF WARM MILK AND WATER OR WITH WATER ONLY THOUGH EVEN A VERY LITTLE MILK WILL MUCH IMPROVE THE BREAD,na,na,2078,16000,31.424,test,na
2078-142845-0006_formant_aac-128k,data/attacks/aac-128k/2078-142845-0006_formant.wav,fake,attack,none,aac-128k,aac-128k,LOOK AT IT FROM TIME TO TIME WHEN IT HAS BEEN LAID FOR NEARLY AN HOUR AND WHEN THE YEAST HAS RISEN AND BROKEN THROUGH THE FLOUR SO THAT BUBBLES APPEAR IN IT YOU WILL KNOW THAT IT IS READY TO BE MADE UP INTO DOUGH,na,na,2078,16000,14.656,test,na
2078-142845-0006_melvoc_aac-128k,data/attacks/aac-128k/2078-142845-0006_melvoc.wav,fake,attack,none,aac-128k,aac-128k,LOOK AT IT FROM TIME TO TIME WHEN IT HAS BEEN LAID FOR NEARLY AN HOUR AND WHEN THE YEAST HAS RISEN AND BROKEN THROUGH THE FLOUR SO THAT BUBBLES APPEAR IN IT YOU WILL KNOW THAT IT IS READY TO BE MADE UP INTO DOUGH,na,na,2078,16000,14.656,test,na
2078-142845-0006_pitch_aac-128k,data/attacks/aac-128k/2078-142845-0006_pitch.wav,fake,attack,none,aac-128k,aac-128k,LOOK AT IT FROM TIME TO TIME WHEN IT HAS BEEN LAID FOR NEARLY AN HOUR AND WHEN THE YEAST HAS RISEN AND BROKEN THROUGH THE FLOUR SO THAT BUBBLES APPEAR IN IT YOU WILL KNOW THAT IT IS READY TO BE MADE UP INTO DOUGH,na,na,2078,16000,14.656,test,na
2078-142845-0007_formant_aac-128k,data/attacks/aac-128k/2078-142845-0007_formant.wav,fake,attack,none,aac-128k,aac-128k,THEN PLACE THE PAN ON A STRONG CHAIR OR DRESSER OR TABLE OF CONVENIENT HEIGHT POUR INTO THE SPONGE THE REMAINDER OF THE WARM MILK AND WATER STIR INTO IT AS MUCH OF THE FLOUR AS YOU CAN WITH THE SPOON THEN WIPE IT OUT CLEAN WITH YOUR FINGERS AND LAY IT ASIDE,na,na,2078,16000,20.8,test,na
2078-142845-0007_melvoc_aac-128k,data/attacks/aac-128k/2078-142845-0007_melvoc.wav,fake,attack,none,aac-128k,aac-128k,THEN PLACE THE PAN ON A STRONG CHAIR OR DRESSER OR TABLE OF CONVENIENT HEIGHT POUR INTO THE SPONGE THE REMAINDER OF THE WARM MILK AND WATER STIR INTO IT AS MUCH OF THE FLOUR AS YOU CAN WITH THE SPOON THEN WIPE IT OUT CLEAN WITH YOUR FINGERS AND LAY IT ASIDE,na,na,2078,16000,20.736,test,na
2078-142845-0007_pitch_aac-128k,data/attacks/aac-128k/2078-142845-0007_pitch.wav,fake,attack,none,aac-128k,aac-128k,THEN PLACE THE PAN ON A STRONG CHAIR OR DRESSER OR TABLE OF CONVENIENT HEIGHT POUR INTO THE SPONGE THE REMAINDER OF THE WARM MILK AND WATER STIR INTO IT AS MUCH OF THE FLOUR AS YOU CAN WITH THE SPOON THEN WIPE IT OUT CLEAN WITH YOUR FINGERS AND LAY IT ASIDE,na,na,2078,16000,20.8,test,na
2078-142845-0008_formant_aac-128k,data/attacks/aac-128k/2078-142845-0008_formant.wav,fake,attack,none,aac-128k,aac-128k,TURN IT THEN ON TO A PASTE BOARD OR VERY CLEAN DRESSER AND WITH A LARGE SHARP KNIFE DIVIDE IT IN TWO MAKE IT UP QUICKLY INTO LOAVES AND DISPATCH IT TO THE OVEN MAKE ONE OR TWO INCISIONS ACROSS THE TOPS OF THE LOAVES AS THEY WILL RISE MORE EASILY IF THIS BE DONE,na,na,2078,16000,19.392,test,na
2086-149214-0000_formant_aac-128k,data/attacks/aac-128k/2086-149214-0000_formant.wav,fake,attack,none,aac-128k,aac-128k,THE NARRATIVE IT MAY BE IS WOVEN OF SO HUMBLE A TEXTURE AS TO REQUIRE THIS ADVANTAGE AND AT THE SAME TIME TO RENDER IT THE MORE DIFFICULT OF ATTAINMENT,na,na,2086,16000,9.856,test,na
2086-149214-0000_melvoc_aac-128k,data/attacks/aac-128k/2086-149214-0000_melvoc.wav,fake,attack,none,aac-128k,aac-128k,THE NARRATIVE IT MAY BE IS WOVEN OF SO HUMBLE A TEXTURE AS TO REQUIRE THIS ADVANTAGE AND AT THE SAME TIME TO RENDER IT THE MORE DIFFICULT OF ATTAINMENT,na,na,2086,16000,9.856,test,na
2086-149214-0000_pitch_aac-128k,data/attacks/aac-128k/2086-149214-0000_pitch.wav,fake,attack,none,aac-128k,aac-128k,THE NARRATIVE IT MAY BE IS WOVEN OF SO HUMBLE A TEXTURE AS TO REQUIRE THIS ADVANTAGE AND AT THE SAME TIME TO RENDER IT THE MORE DIFFICULT OF ATTAINMENT,na,na,2086,16000,9.856,test,na
2086-149214-0001_formant_aac-128k,data/attacks/aac-128k/2086-149214-0001_formant.wav,fake,attack,none,aac-128k,aac-128k,IN GOOD FAITH HOWEVER HE IS NOT SUFFICIENTLY IMAGINATIVE TO FLATTER HIMSELF WITH THE SLIGHTEST HOPE OF THIS KIND,na,na,2086,16000,6.976,test,na
2086-149214-0001_melvoc_aac-128k,data/attacks/aac-128k/2086-149214-0001_melvoc.wav,fake,attack,none,aac-128k,aac-128k,IN GOOD FAITH HOWEVER HE IS NOT SUFFICIENTLY IMAGINATIVE TO FLATTER HIMSELF WITH THE SLIGHTEST HOPE OF THIS KIND,na,na,2086,16000,6.976,test,na
2086-149214-0001_pitch_aac-128k,data/attacks/aac-128k/2086-149214-0001_pitch.wav,fake,attack,none,aac-128k,aac-128k,IN GOOD FAITH HOWEVER HE IS NOT SUFFICIENTLY IMAGINATIVE TO FLATTER HIMSELF WITH THE SLIGHTEST HOPE OF THIS KIND,na,na,2086,16000,6.976,test,na
2086-149214-0002_formant_aac-128k,data/attacks/aac-128k/2086-149214-0002_formant.wav,fake,attack,none,aac-128k,aac-128k,THE AUTHOR HAS CONSIDERED IT HARDLY WORTH HIS WHILE THEREFORE RELENTLESSLY TO IMPALE THE STORY WITH ITS MORAL AS WITH AN IRON ROD OR RATHER AS BY STICKING A PIN THROUGH A BUTTERFLY THUS AT ONCE DEPRIVING IT OF LIFE AND CAUSING IT TO STIFFEN IN AN UNGAINLY AND UNNATURAL ATTITUDE,na,na,2086,16000,16.768,test,na
2086-149214-0002_melvoc_aac-128k,data/attacks/aac-128k/2086-149214-0002_melvoc.wav,fake,attack,none,aac-128k,aac-128k,THE AUTHOR HAS CONSIDERED IT HARDLY WORTH HIS WHILE THEREFORE RELENTLESSLY TO IMPALE THE STORY WITH ITS MORAL AS WITH AN IRON ROD OR RATHER AS BY STICKING A PIN THROUGH A BUTTERFLY THUS AT ONCE DEPRIVING IT OF LIFE AND CAUSING IT TO STIFFEN IN AN UNGAINLY AND UNNATURAL ATTITUDE,na,na,2086,16000,16.768,test,na
2086-149214-0002_pitch_aac-128k,data/attacks/aac-128k/2086-149214-0002_pitch.wav,fake,attack,none,aac-128k,aac-128k,THE AUTHOR HAS CONSIDERED IT HARDLY WORTH HIS WHILE THEREFORE RELENTLESSLY TO IMPALE THE STORY WITH ITS MORAL AS WITH AN IRON ROD OR RATHER AS BY STICKING A PIN THROUGH A BUTTERFLY THUS AT ONCE DEPRIVING IT OF LIFE AND CAUSING IT TO STIFFEN IN AN UNGAINLY AND UNNATURAL ATTITUDE,na,na,2086,16000,16.768,test,na
2086-149214-0003_formant_aac-128k,data/attacks/aac-128k/2086-149214-0003_formant.wav,fake,attack,none,aac-128k,aac-128k,IF PERMITTED BY THE HISTORICAL CONNECTION WHICH THOUGH SLIGHT WAS ESSENTIAL TO HIS PLAN THE AUTHOR WOULD VERY WILLINGLY HAVE AVOIDED ANYTHING OF THIS NATURE,na,na,2086,16000,9.024,test,na
2086-149214-0003_melvoc_aac-128k,data/attacks/aac-128k/2086-149214-0003_melvoc.wav,fake,attack,none,aac-128k,aac-128k,IF PERMITTED BY THE HISTORICAL CONNECTION WHICH THOUGH SLIGHT WAS ESSENTIAL TO HIS PLAN THE AUTHOR WOULD VERY WILLINGLY HAVE AVOIDED ANYTHING OF THIS NATURE,na,na,2086,16000,9.024,test,na
2086-149214-0003_pitch_aac-128k,data/attacks/aac-128k/2086-149214-0003_pitch.wav,fake,attack,none,aac-128k,aac-128k,IF PERMITTED BY THE HISTORICAL CONNECTION WHICH THOUGH SLIGHT WAS ESSENTIAL TO HIS PLAN THE AUTHOR WOULD VERY WILLINGLY HAVE AVOIDED ANYTHING OF THIS NATURE,na,na,2086,16000,9.024,test,na
2086-149214-0004_formant_aac-128k,data/attacks/aac-128k/2086-149214-0004_formant.wav,fake,attack,none,aac-128k,aac-128k,HE TRUSTS NOT TO BE CONSIDERED AS UNPARDONABLY OFFENDING BY LAYING OUT A STREET THAT INFRINGES UPON NOBODY'S PRIVATE RIGHTS AND APPROPRIATING A LOT OF LAND WHICH HAD NO VISIBLE OWNER AND BUILDING A HOUSE OF MATERIALS LONG IN USE FOR CONSTRUCTING CASTLES IN THE AIR,na,na,2086,16000,15.232,test,na
2086-149214-0004_melvoc_aac-128k,data/attacks/aac-128k/2086-149214-0004_melvoc.wav,fake,attack,none,aac-128k,aac-128k,HE TRUSTS NOT TO BE CONSIDERED AS UNPARDONABLY OFFENDING BY LAYING OUT A STREET THAT INFRINGES UPON NOBODY'S PRIVATE RIGHTS AND APPROPRIATING A LOT OF LAND WHICH HAD NO VISIBLE OWNER AND BUILDING A HOUSE OF MATERIALS LONG IN USE FOR CONSTRUCTING CASTLES IN THE AIR,na,na,2086,16000,15.232,test,na
2086-149214-0004_pitch_aac-128k,data/attacks/aac-128k/2086-149214-0004_pitch.wav,fake,attack,none,aac-128k,aac-128k,HE TRUSTS NOT TO BE CONSIDERED AS UNPARDONABLY OFFENDING BY LAYING OUT A STREET THAT INFRINGES UPON NOBODY'S PRIVATE RIGHTS AND APPROPRIATING A LOT OF LAND WHICH HAD NO VISIBLE OWNER AND BUILDING A HOUSE OF MATERIALS LONG IN USE FOR CONSTRUCTING CASTLES IN THE AIR,na,na,2086,16000,15.232,test,na
2086-149220-0000_formant_aac-128k,data/attacks/aac-128k/2086-149220-0000_formant.wav,fake,attack,none,aac-128k,aac-128k,THE ENCLOSURE HAD FORMERLY BEEN VERY EXTENSIVE BUT WAS NOW CONTRACTED WITHIN SMALL COMPASS AND HEMMED ABOUT PARTLY BY HIGH WOODEN FENCES AND PARTLY BY THE OUTBUILDINGS OF HOUSES THAT STOOD ON ANOTHER STREET,na,na,2086,16000,12.096,test,na
2086-149220-0000_melvoc_aac-128k,data/attacks/aac-128k/2086-149220-0000_melvoc.wav,fake,attack,none,aac-128k,aac-128k,THE ENCLOSURE HAD FORMERLY BEEN VERY EXTENSIVE BUT WAS NOW CONTRACTED WITHIN SMALL COMPASS AND HEMMED ABOUT PARTLY BY HIGH WOODEN FENCES AND PARTLY BY THE OUTBUILDINGS OF HOUSES THAT STOOD ON ANOTHER STREET,na,na,2086,16000,12.096,test,na
2086-149220-0000_pitch_aac-128k,data/attacks/aac-128k/2086-149220-0000_pitch.wav,fake,attack,none,aac-128k,aac-128k,THE ENCLOSURE HAD FORMERLY BEEN VERY EXTENSIVE BUT WAS NOW CONTRACTED WITHIN SMALL COMPASS AND HEMMED ABOUT PARTLY BY HIGH WOODEN FENCES AND PARTLY BY THE OUTBUILDINGS OF HOUSES THAT STOOD ON ANOTHER STREET,na,na,2086,16000,12.096,test,na
2086-149220-0001_formant_aac-128k,data/attacks/aac-128k/2086-149220-0001_formant.wav,fake,attack,none,aac-128k,aac-128k,THE WHITE DOUBLE ROSEBUSH HAD EVIDENTLY BEEN PROPPED UP ANEW AGAINST THE HOUSE SINCE THE COMMENCEMENT OF THE SEASON AND A PEAR TREE AND THREE DAMSON TREES WHICH EXCEPT A ROW OF CURRANT BUSHES CONSTITUTED THE ONLY VARIETIES OF FRUIT BORE MARKS OF THE RECENT AMPUTATION OF SEVERAL SUPERFLUOUS OR DEFECTIVE LIMBS,na,na,2086,16000,19.84,test,na
2086-149220-0001_melvoc_aac-128k,data/attacks/aac-128k/2086-149220-0001_melvoc.wav,fake,attack,none,aac-128k,aac-128k,THE WHITE DOUBLE ROSEBUSH HAD EVIDENTLY BEEN PROPPED UP ANEW AGAINST THE HOUSE SINCE THE COMMENCEMENT OF THE SEASON AND A PEAR TREE AND THREE DAMSON TREES WHICH EXCEPT A ROW OF CURRANT BUSHES CONSTITUTED THE ONLY VARIETIES OF FRUIT BORE MARKS OF THE RECENT AMPUTATION OF SEVERAL SUPERFLUOUS OR DEFECTIVE LIMBS,na,na,2086,16000,19.776,test,na
2086-149220-0001_pitch_aac-128k,data/attacks/aac-128k/2086-149220-0001_pitch.wav,fake,attack,none,aac-128k,aac-128k,THE WHITE DOUBLE ROSEBUSH HAD EVIDENTLY BEEN PROPPED UP ANEW AGAINST THE HOUSE SINCE THE COMMENCEMENT OF THE SEASON AND A PEAR TREE AND THREE DAMSON TREES WHICH EXCEPT A ROW OF CURRANT BUSHES CONSTITUTED THE ONLY VARIETIES OF FRUIT BORE MARKS OF THE RECENT AMPUTATION OF SEVERAL SUPERFLUOUS OR DEFECTIVE LIMBS,na,na,2086,16000,19.84,test,na
2086-149220-0002_formant_aac-128k,data/attacks/aac-128k/2086-149220-0002_formant.wav,fake,attack,none,aac-128k,aac-128k,THERE WERE ALSO A FEW SPECIES OF ANTIQUE AND HEREDITARY FLOWERS IN NO VERY FLOURISHING CONDITION BUT SCRUPULOUSLY WEEDED AS IF SOME PERSON EITHER OUT OF LOVE OR CURIOSITY HAD BEEN ANXIOUS TO BRING THEM TO SUCH PERFECTION AS THEY WERE CAPABLE OF ATTAINING,na,na,2086,16000,16.064,test,na
2086-149220-0002_melvoc_aac-128k,data/attacks/aac-128k/2086-149220-0002_melvoc.wav,fake,attack,none,aac-128k,aac-128k,THERE WERE ALSO A FEW SPECIES OF ANTIQUE AND HEREDITARY FLOWERS IN NO VERY FLOURISHING CONDITION BUT SCRUPULOUSLY WEEDED AS IF SOME PERSON EITHER OUT OF LOVE OR CURIOSITY HAD BEEN ANXIOUS TO BRING THEM TO SUCH PERFECTION AS THEY WERE CAPABLE OF ATTAINING,na,na,2086,16000,16.064,test,na
2086-149220-0002_pitch_aac-128k,data/attacks/aac-128k/2086-149220-0002_pitch.wav,fake,attack,none,aac-128k,aac-128k,THERE WERE ALSO A FEW SPECIES OF ANTIQUE AND HEREDITARY FLOWERS IN NO VERY FLOURISHING CONDITION BUT SCRUPULOUSLY WEEDED AS IF SOME PERSON EITHER OUT OF LOVE OR CURIOSITY HAD BEEN ANXIOUS TO BRING THEM TO SUCH PERFECTION AS THEY WERE CAPABLE OF ATTAINING,na,na,2086,16000,16.064,test,na
2086-149220-0003_formant_aac-128k,data/attacks/aac-128k/2086-149220-0003_formant.wav,fake,attack,none,aac-128k,aac-128k,SUMMER SQUASHES ALMOST IN THEIR GOLDEN BLOSSOM CUCUMBERS NOW EVINCING A TENDENCY TO SPREAD AWAY FROM THE MAIN STOCK AND RAMBLE FAR AND WIDE TWO OR THREE ROWS OF STRING BEANS AND AS MANY MORE THAT WERE ABOUT TO FESTOON THEMSELVES ON POLES TOMATOES OCCUPYING A SITE SO SHELTERED AND SUNNY THAT THE PLANTS WERE ALREADY GIGANTIC AND PROMISED AN EARLY AND ABUNDANT HARVEST,na,na,2086,16000,22.848,test,na
2428-83699-0000_formant_aac-128k,data/attacks/aac-128k/2428-83699-0000_formant.wav,fake,attack,none,aac-128k,aac-128k,I IMAGINE THERE WERE SEVERAL KINDS OF OLD FASHIONED CHRISTMASES BUT IT COULD HARDLY BE WORSE THAN A CHOP IN MY CHAMBERS OR HORROR OF HORRORS AT THE CLUB OR MY COUSIN LUCY'S NOTION OF WHAT SHE CALLS THE FESTIVE SEASON,na,na,2428,16000,13.312,test,na
2428-83699-0000_melvoc_aac-128k,data/attacks/aac-128k/2428-83699-0000_melvoc.wav,fake,attack,none,aac-128k,aac-128k,I IMAGINE THERE WERE SEVERAL KINDS OF OLD FASHIONED CHRISTMASES BUT IT COULD HARDLY BE WORSE THAN A CHOP IN MY CHAMBERS OR HORROR OF HORRORS AT THE CLUB OR MY COUSIN LUCY'S NOTION OF WHAT SHE CALLS THE FESTIVE SEASON,na,na,2428,16000,13.312,test,na
2428-83699-0000_pitch_aac-128k,data/attacks/aac-128k/2428-83699-0000_pitch.wav,fake,attack,none,aac-128k,aac-128k,I IMAGINE THERE WERE SEVERAL KINDS OF OLD FASHIONED CHRISTMASES BUT IT COULD HARDLY BE WORSE THAN A CHOP IN MY CHAMBERS OR HORROR OF HORRORS AT THE CLUB OR MY COUSIN LUCY'S NOTION OF WHAT SHE CALLS THE FESTIVE SEASON,na,na,2428,16000,13.312,test,na
2428-83699-0001_formant_aac-128k,data/attacks/aac-128k/2428-83699-0001_formant.wav,fake,attack,none,aac-128k,aac-128k,FESTIVE YES,na,na,2428,16000,2.112,test,na
2428-83699-0001_melvoc_aac-128k,data/attacks/aac-128k/2428-83699-0001_melvoc.wav,fake,attack,none,aac-128k,aac-128k,FESTIVE YES,na,na,2428,16000,2.112,test,na
2428-83699-0001_pitch_aac-128k,data/attacks/aac-128k/2428-83699-0001_pitch.wav,fake,attack,none,aac-128k,aac-128k,FESTIVE YES,na,na,2428,16000,2.112,test,na
2428-83699-0002_formant_aac-128k,data/attacks/aac-128k/2428-83699-0002_formant.wav,fake,attack,none,aac-128k,aac-128k,THE REPLY WAS WRITTEN IN A SPRAWLING FEMININE HAND IT WAS A LITTLE VAGUE,na,na,2428,16000,4.288,test,na
2428-83699-0002_melvoc_aac-128k,data/attacks/aac-128k/2428-83699-0002_melvoc.wav,fake,attack,none,aac-128k,aac-128k,THE REPLY WAS WRITTEN IN A SPRAWLING FEMININE HAND IT WAS A LITTLE VAGUE,na,na,2428,16000,4.288,test,na
2428-83699-0002_pitch_aac-128k,data/attacks/aac-128k/2428-83699-0002_pitch.wav,fake,attack,none,aac-128k,aac-128k,THE REPLY WAS WRITTEN IN A SPRAWLING FEMININE HAND IT WAS A LITTLE VAGUE,na,na,2428,16000,4.288,test,na
2428-83699-0003_formant_aac-128k,data/attacks/aac-128k/2428-83699-0003_formant.wav,fake,attack,none,aac-128k,aac-128k,IT APPEARED THAT THE TERMS WOULD BE FIVE GUINEAS BUT THERE WAS NO MENTION OF THE LENGTH OF TIME WHICH THAT FEE WOULD COVER,na,na,2428,16000,6.272,test,na
2428-83699-0003_melvoc_aac-128k,data/attacks/aac-128k/2428-83699-0003_melvoc.wav,fake,attack,none,aac-128k,aac-128k,IT APPEARED THAT THE TERMS WOULD BE FIVE GUINEAS BUT THERE WAS NO MENTION OF THE LENGTH OF TIME WHICH THAT FEE WOULD COVER,na,na,2428,16000,6.272,test,na
2428-83699-0003_pitch_aac-128k,data/attacks/aac-128k/2428-83699-0003_pitch.wav,fake,attack,none,aac-128k,aac-128k,IT APPEARED THAT THE TERMS WOULD BE FIVE GUINEAS BUT THERE WAS NO MENTION OF THE LENGTH OF TIME WHICH THAT FEE WOULD COVER,na,na,2428,16000,6.272,test,na
2428-83699-0004_formant_aac-128k,data/attacks/aac-128k/2428-83699-0004_formant.wav,fake,attack,none,aac-128k,aac-128k,THE WHOLE THING WAS A TRIFLE ODD,na,na,2428,16000,1.92,test,na
2428-83699-0004_melvoc_aac-128k,data/attacks/aac-128k/2428-83699-0004_melvoc.wav,fake,attack,none,aac-128k,aac-128k,THE WHOLE THING WAS A TRIFLE ODD,na,na,2428,16000,1.92,test,na
2428-83699-0004_pitch_aac-128k,data/attacks/aac-128k/2428-83699-0004_pitch.wav,fake,attack,none,aac-128k,aac-128k,THE WHOLE THING WAS A TRIFLE ODD,na,na,2428,16000,1.92,test,na
2428-83699-0005_formant_aac-128k,data/attacks/aac-128k/2428-83699-0005_formant.wav,fake,attack,none,aac-128k,aac-128k,THERE WAS NOTHING SAID ABOUT THE SORT OF ACCOMMODATION WHICH WOULD BE PROVIDED NOTHING ABOUT THE KIND OF ESTABLISHMENT WHICH WAS MAINTAINED OR THE TABLE WHICH WAS KEPT,na,na,2428,16000,9.152,test,na
2428-83699-0005_melvoc_aac-128k,data/attacks/aac-128k/2428-83699-0005_melvoc.wav,fake,attack,none,aac-128k,aac-128k,THERE WAS NOTHING SAID ABOUT THE SORT OF ACCOMMODATION WHICH WOULD BE PROVIDED NOTHING ABOUT THE KIND OF ESTABLISHMENT WHICH WAS MAINTAINED OR THE TABLE WHICH WAS KEPT,na,na,2428,16000,9.088,test,na
2428-83699-0005_pitch_aac-128k,data/attacks/aac-128k/2428-83699-0005_pitch.wav,fake,attack,none,aac-128k,aac-128k,THERE WAS NOTHING SAID ABOUT THE SORT OF ACCOMMODATION WHICH WOULD BE PROVIDED NOTHING ABOUT THE KIND OF ESTABLISHMENT WHICH WAS MAINTAINED OR THE TABLE WHICH WAS KEPT,na,na,2428,16000,9.152,test,na
2428-83699-0006_formant_aac-128k,data/attacks/aac-128k/2428-83699-0006_formant.wav,fake,attack,none,aac-128k,aac-128k,NOW IT IS A REMARKABLE THING THAT I HAVE ALWAYS HAD AN EXTRAORDINARY PREDILECTION FOR THE NAME MADGE I DO NOT KNOW WHY,na,na,2428,16000,6.848,test,na
2428-83699-0006_melvoc_aac-128k,data/attacks/aac-128k/2428-83699-0006_melvoc.wav,fake,attack,none,aac-128k,aac-128k,NOW IT IS A REMARKABLE THING THAT I HAVE ALWAYS HAD AN EXTRAORDINARY PREDILECTION FOR THE NAME MADGE I DO NOT KNOW WHY,na,na,2428,16000,6.848,test,na
2428-83699-0006_pitch_aac-128k,data/attacks/aac-128k/2428-83699-0006_pitch.wav,fake,attack,none,aac-128k,aac-128k,NOW IT IS A REMARKABLE THING THAT I HAVE ALWAYS HAD AN EXTRAORDINARY PREDILECTION FOR THE NAME MADGE I DO NOT KNOW WHY,na,na,2428,16000,6.848,test,na
2428-83699-0007_formant_aac-128k,data/attacks/aac-128k/2428-83699-0007_formant.wav,fake,attack,none,aac-128k,aac-128k,I HAVE NEVER KNOWN A MADGE AND YET FROM MY BOYHOOD UPWARD I HAVE DESIRED TO MEET ONE,na,na,2428,16000,5.76,test,na
2428-83699-0007_melvoc_aac-128k,data/attacks/aac-128k/2428-83699-0007_melvoc.wav,fake,attack,none,aac-128k,aac-128k,I HAVE NEVER KNOWN A MADGE AND YET FROM MY BOYHOOD UPWARD I HAVE DESIRED TO MEET ONE,na,na,2428,16000,5.76,test,na
2428-83699-0007_pitch_aac-128k,data/attacks/aac-128k/2428-83699-0007_pitch.wav,fake,attack,none,aac-128k,aac-128k,I HAVE NEVER KNOWN A MADGE AND YET FROM MY BOYHOOD UPWARD I HAVE DESIRED TO MEET ONE,na,na,2428,16000,5.76,test,na
2428-83699-0008_formant_aac-128k,data/attacks/aac-128k/2428-83699-0008_formant.wav,fake,attack,none,aac-128k,aac-128k,UNDER SUCH CIRCUMSTANCES SHE WAS HARDLY LIKELY TO BE LIVELY HERSELF BUT HER NAME WAS MADGE AND IT WAS THE ACCIDENT OF HER CHRISTIAN NAME WHICH DECIDED ME TO GO,na,na,2428,16000,10.432,test,na
3576-138058-0000_formant_aac-128k,data/attacks/aac-128k/3576-138058-0000_formant.wav,fake,attack,none,aac-128k,aac-128k,MASTER AND MAN DISMOUNTED FROM THEIR BEASTS AND AS SOON AS THEY HAD SETTLED THEMSELVES AT THE FOOT OF THE TREES SANCHO WHO HAD HAD A GOOD NOONTIDE MEAL THAT DAY LET HIMSELF WITHOUT MORE ADO PASS THE GATES OF SLEEP,na,na,3576,16000,14.144,test,na
3576-138058-0000_melvoc_aac-128k,data/attacks/aac-128k/3576-138058-0000_melvoc.wav,fake,attack,none,aac-128k,aac-128k,MASTER AND MAN DISMOUNTED FROM THEIR BEASTS AND AS SOON AS THEY HAD SETTLED THEMSELVES AT THE FOOT OF THE TREES SANCHO WHO HAD HAD A GOOD NOONTIDE MEAL THAT DAY LET HIMSELF WITHOUT MORE ADO PASS THE GATES OF SLEEP,na,na,3576,16000,14.144,test,na
3576-138058-0000_pitch_aac-128k,data/attacks/aac-128k/3576-138058-0000_pitch.wav,fake,attack,none,aac-128k,aac-128k,MASTER AND MAN DISMOUNTED FROM THEIR BEASTS AND AS SOON AS THEY HAD SETTLED THEMSELVES AT THE FOOT OF THE TREES SANCHO WHO HAD HAD A GOOD NOONTIDE MEAL THAT DAY LET HIMSELF WITHOUT MORE ADO PASS THE GATES OF SLEEP,na,na,3576,16000,14.144,test,na
3576-138058-0001_formant_aac-128k,data/attacks/aac-128k/3576-138058-0001_formant.wav,fake,attack,none,aac-128k,aac-128k,BUT DON QUIXOTE WHOM HIS THOUGHTS FAR MORE THAN HUNGER KEPT AWAKE COULD NOT CLOSE AN EYE AND ROAMED IN FANCY TO AND FRO THROUGH ALL SORTS OF PLACES,na,na,3576,16000,10.816,test,na
3576-138058-0001_melvoc_aac-128k,data/attacks/aac-128k/3576-138058-0001_melvoc.wav,fake,attack,none,aac-128k,aac-128k,BUT DON QUIXOTE WHOM HIS THOUGHTS FAR MORE THAN HUNGER KEPT AWAKE COULD NOT CLOSE AN EYE AND ROAMED IN FANCY TO AND FRO THROUGH ALL SORTS OF PLACES,na,na,3576,16000,10.816,test,na
3576-138058-0001_pitch_aac-128k,data/attacks/aac-128k/3576-138058-0001_pitch.wav,fake,attack,none,aac-128k,aac-128k,BUT DON QUIXOTE WHOM HIS THOUGHTS FAR MORE THAN HUNGER KEPT AWAKE COULD NOT CLOSE AN EYE AND ROAMED IN FANCY TO AND FRO THROUGH ALL SORTS OF PLACES,na,na,3576,16000,10.816,test,na
3576-138058-0002_formant_aac-128k,data/attacks/aac-128k/3576-138058-0002_formant.wav,fake,attack,none,aac-128k,aac-128k,AT ONE MOMENT IT SEEMED TO HIM THAT HE WAS IN THE CAVE OF MONTESINOS AND SAW DULCINEA TRANSFORMED INTO A COUNTRY WENCH SKIPPING AND MOUNTING UPON HER SHE ASS AGAIN THAT THE WORDS OF THE SAGE MERLIN WERE SOUNDING IN HIS EARS SETTING FORTH THE CONDITIONS TO BE OBSERVED AND THE EXERTIONS TO BE MADE FOR THE DISENCHANTMENT OF DULCINEA,na,na,3576,16000,22.336,test,na
3576-138058-0002_melvoc_aac-128k,data/attacks/aac-128k/3576-138058-0002_melvoc.wav,fake,attack,none,aac-128k,aac-128k,AT ONE MOMENT IT SEEMED TO HIM THAT HE WAS IN THE CAVE OF MONTESINOS AND SAW DULCINEA TRANSFORMED INTO A COUNTRY WENCH SKIPPING AND MOUNTING UPON HER SHE ASS AGAIN THAT THE WORDS OF THE SAGE MERLIN WERE SOUNDING IN HIS EARS SETTING FORTH THE CONDITIONS TO BE OBSERVED AND THE EXERTIONS TO BE MADE FOR THE DISENCHANTMENT OF DULCINEA,na,na,3576,16000,22.336,test,na
3576-138058-0002_pitch_aac-128k,data/attacks/aac-128k/3576-138058-0002_pitch.wav,fake,attack,none,aac-128k,aac-128k,AT ONE MOMENT IT SEEMED TO HIM THAT HE WAS IN THE CAVE OF MONTESINOS AND SAW DULCINEA TRANSFORMED INTO A COUNTRY WENCH SKIPPING AND MOUNTING UPON HER SHE ASS AGAIN THAT THE WORDS OF THE SAGE MERLIN WERE SOUNDING IN HIS EARS SETTING FORTH THE CONDITIONS TO BE OBSERVED AND THE EXERTIONS TO BE MADE FOR THE DISENCHANTMENT OF DULCINEA,na,na,3576,16000,22.336,test,na
3576-138058-0003_formant_aac-128k,data/attacks/aac-128k/3576-138058-0003_formant.wav,fake,attack,none,aac-128k,aac-128k,WHO IS TOUCHING ME AND UNTRUSSING ME,na,na,3576,16000,2.56,test,na
3576-138058-0003_melvoc_aac-128k,data/attacks/aac-128k/3576-138058-0003_melvoc.wav,fake,attack,none,aac-128k,aac-128k,WHO IS TOUCHING ME AND UNTRUSSING ME,na,na,3576,16000,2.56,test,na
3576-138058-0003_pitch_aac-128k,data/attacks/aac-128k/3576-138058-0003_pitch.wav,fake,attack,none,aac-128k,aac-128k,WHO IS TOUCHING ME AND UNTRUSSING ME,na,na,3576,16000,2.56,test,na
3576-138058-0004_formant_aac-128k,data/attacks/aac-128k/3576-138058-0004_formant.wav,fake,attack,none,aac-128k,aac-128k,DULCINEA IS PERISHING THOU ART LIVING ON REGARDLESS I AM DYING OF HOPE DEFERRED THEREFORE UNTRUSS THYSELF WITH A GOOD WILL FOR MINE IT IS HERE IN THIS RETIRED SPOT TO GIVE THEE AT LEAST TWO THOUSAND LASHES,na,na,3576,16000,16.576,test,na
3576-138058-0004_melvoc_aac-128k,data/attacks/aac-128k/3576-138058-0004_melvoc.wav,fake,attack,none,aac-128k,aac-128k,DULCINEA IS PERISHING THOU ART LIVING ON REGARDLESS I AM DYING OF HOPE DEFERRED THEREFORE UNTRUSS THYSELF WITH A GOOD WILL FOR MINE IT IS HERE IN THIS RETIRED SPOT TO GIVE THEE AT LEAST TWO THOUSAND LASHES,na,na,3576,16000,16.576,test,na
3576-138058-0004_pitch_aac-128k,data/attacks/aac-128k/3576-138058-0004_pitch.wav,fake,attack,none,aac-128k,aac-128k,DULCINEA IS PERISHING THOU ART LIVING ON REGARDLESS I AM DYING OF HOPE DEFERRED THEREFORE UNTRUSS THYSELF WITH A GOOD WILL FOR MINE IT IS HERE IN THIS RETIRED SPOT TO GIVE THEE AT LEAST TWO THOUSAND LASHES,na,na,3576,16000,16.576,test,na
3576-138058-0005_formant_aac-128k,data/attacks/aac-128k/3576-138058-0005_formant.wav,fake,attack,none,aac-128k,aac-128k,SEEING THIS SANCHO GOT UP AND GRAPPLING WITH HIS MASTER HE GRIPPED HIM WITH ALL HIS MIGHT IN HIS ARMS GIVING HIM A TRIP WITH THE HEEL STRETCHED HIM ON THE GROUND ON HIS BACK AND PRESSING HIS RIGHT KNEE ON HIS CHEST HELD HIS HANDS IN HIS OWN SO THAT HE COULD NEITHER MOVE NOR BREATHE,na,na,3576,16000,16.704,test,na
3576-138058-0005_melvoc_aac-128k,data/attacks/aac-128k/3576-138058-0005_melvoc.wav,fake,attack,none,aac-128k,aac-128k,SEEING THIS SANCHO GOT UP AND GRAPPLING WITH HIS MASTER HE GRIPPED HIM WITH ALL HIS MIGHT IN HIS ARMS GIVING HIM A TRIP WITH THE HEEL STRETCHED HIM ON THE GROUND ON HIS BACK AND PRESSING HIS RIGHT KNEE ON HIS CHEST HELD HIS HANDS IN HIS OWN SO THAT HE COULD NEITHER MOVE NOR BREATHE,na,na,3576,16000,16.704,test,na
3576-138058-0005_pitch_aac-128k,data/attacks/aac-128k/3576-138058-0005_pitch.wav,fake,attack,none,aac-128k,aac-128k,SEEING THIS SANCHO GOT UP AND GRAPPLING WITH HIS MASTER HE GRIPPED HIM WITH ALL HIS MIGHT IN HIS ARMS GIVING HIM A TRIP WITH THE HEEL STRETCHED HIM ON THE GROUND ON HIS BACK AND PRESSING HIS RIGHT KNEE ON HIS CHEST HELD HIS HANDS IN HIS OWN SO THAT HE COULD NEITHER MOVE NOR BREATHE,na,na,3576,16000,16.704,test,na
3576-138058-0006_formant_aac-128k,data/attacks/aac-128k/3576-138058-0006_formant.wav,fake,attack,none,aac-128k,aac-128k,HOW NOW TRAITOR EXCLAIMED DON QUIXOTE,na,na,3576,16000,3.968,test,na
3576-138058-0006_melvoc_aac-128k,data/attacks/aac-128k/3576-138058-0006_melvoc.wav,fake,attack,none,aac-128k,aac-128k,HOW NOW TRAITOR EXCLAIMED DON QUIXOTE,na,na,3576,16000,3.968,test,na
3576-138058-0006_pitch_aac-128k,data/attacks/aac-128k/3576-138058-0006_pitch.wav,fake,attack,none,aac-128k,aac-128k,HOW NOW TRAITOR EXCLAIMED DON QUIXOTE,na,na,3576,16000,3.968,test,na
3576-138058-0007_formant_aac-128k,data/attacks/aac-128k/3576-138058-0007_formant.wav,fake,attack,none,aac-128k,aac-128k,DOST THOU REVOLT AGAINST THY MASTER AND NATURAL LORD,na,na,3576,16000,3.584,test,na
3576-138058-0007_melvoc_aac-128k,data/attacks/aac-128k/3576-138058-0007_melvoc.wav,fake,attack,none,aac-128k,aac-128k,DOST THOU REVOLT AGAINST THY MASTER AND NATURAL LORD,na,na,3576,16000,3.584,test,na
3576-138058-0007_pitch_aac-128k,data/attacks/aac-128k/3576-138058-0007_pitch.wav,fake,attack,none,aac-128k,aac-128k,DOST THOU REVOLT AGAINST THY MASTER AND NATURAL LORD,na,na,3576,16000,3.584,test,na
3576-138058-0008_formant_aac-128k,data/attacks/aac-128k/3576-138058-0008_formant.wav,fake,attack,none,aac-128k,aac-128k,DOST THOU RISE AGAINST HIM WHO GIVES THEE HIS BREAD,na,na,3576,16000,3.904,test,na
5895-34615-0000_formant_aac-128k,data/attacks/aac-128k/5895-34615-0000_formant.wav,fake,attack,none,aac-128k,aac-128k,BUT IS LAUGHTER A SYNONYM OF JOY,na,na,5895,16000,3.392,test,na
5895-34615-0000_melvoc_aac-128k,data/attacks/aac-128k/5895-34615-0000_melvoc.wav,fake,attack,none,aac-128k,aac-128k,BUT IS LAUGHTER A SYNONYM OF JOY,na,na,5895,16000,3.328,test,na
5895-34615-0000_pitch_aac-128k,data/attacks/aac-128k/5895-34615-0000_pitch.wav,fake,attack,none,aac-128k,aac-128k,BUT IS LAUGHTER A SYNONYM OF JOY,na,na,5895,16000,3.392,test,na
5895-34615-0001_formant_aac-128k,data/attacks/aac-128k/5895-34615-0001_formant.wav,fake,attack,none,aac-128k,aac-128k,SUCH PERFECT COMPLETENESS IS NOT IN NATURE,na,na,5895,16000,3.328,test,na
5895-34615-0001_melvoc_aac-128k,data/attacks/aac-128k/5895-34615-0001_melvoc.wav,fake,attack,none,aac-128k,aac-128k,SUCH PERFECT COMPLETENESS IS NOT IN NATURE,na,na,5895,16000,3.328,test,na
5895-34615-0001_pitch_aac-128k,data/attacks/aac-128k/5895-34615-0001_pitch.wav,fake,attack,none,aac-128k,aac-128k,SUCH PERFECT COMPLETENESS IS NOT IN NATURE,na,na,5895,16000,3.328,test,na
5895-34615-0002_formant_aac-128k,data/attacks/aac-128k/5895-34615-0002_formant.wav,fake,attack,none,aac-128k,aac-128k,HAD GWYNPLAINE WHEN A CHILD BEEN SO WORTHY OF ATTENTION THAT HIS FACE HAD BEEN SUBJECTED TO TRANSMUTATION WHY NOT,na,na,5895,16000,8.768,test,na
5895-34615-0002_melvoc_aac-128k,data/attacks/aac-128k/5895-34615-0002_melvoc.wav,fake,attack,none,aac-128k,aac-128k,HAD GWYNPLAINE WHEN A CHILD BEEN SO WORTHY OF ATTENTION THAT HIS FACE HAD BEEN SUBJECTED TO TRANSMUTATION WHY NOT,na,na,5895,16000,8.768,test,na
5895-34615-0002_pitch_aac-128k,data/attacks/aac-128k/5895-34615-0002_pitch.wav,fake,attack,none,aac-128k,aac-128k,HAD GWYNPLAINE WHEN A CHILD BEEN SO WORTHY OF ATTENTION THAT HIS FACE HAD BEEN SUBJECTED TO TRANSMUTATION WHY NOT,na,na,5895,16000,8.768,test,na
5895-34615-0003_formant_aac-128k,data/attacks/aac-128k/5895-34615-0003_formant.wav,fake,attack,none,aac-128k,aac-128k,ACCORDING TO ALL APPEARANCE INDUSTRIOUS MANIPULATORS OF CHILDREN HAD WORKED UPON HIS FACE,na,na,5895,16000,6.656,test,na
5895-34615-0003_melvoc_aac-128k,data/attacks/aac-128k/5895-34615-0003_melvoc.wav,fake,attack,none,aac-128k,aac-128k,ACCORDING TO ALL APPEARANCE INDUSTRIOUS MANIPULATORS OF CHILDREN HAD WORKED UPON HIS FACE,na,na,5895,16000,6.656,test,na
5895-34615-0003_pitch_aac-128k,data/attacks/aac-128k/5895-34615-0003_pitch.wav,fake,attack,none,aac-128k,aac-128k,ACCORDING TO ALL APPEARANCE INDUSTRIOUS MANIPULATORS OF CHILDREN HAD WORKED UPON HIS FACE,na,na,5895,16000,6.656,test,na
5895-34615-0004_formant_aac-128k,data/attacks/aac-128k/5895-34615-0004_formant.wav,fake,attack,none,aac-128k,aac-128k,IT SEEMED EVIDENT THAT A MYSTERIOUS AND PROBABLY OCCULT SCIENCE WHICH WAS TO SURGERY WHAT ALCHEMY WAS TO CHEMISTRY HAD CHISELLED HIS FLESH EVIDENTLY AT A VERY TENDER AGE AND MANUFACTURED HIS COUNTENANCE WITH PREMEDITATION,na,na,5895,16000,16.0,test,na
5895-34615-0004_melvoc_aac-128k,data/attacks/aac-128k/5895-34615-0004_melvoc.wav,fake,attack,none,aac-128k,aac-128k,IT SEEMED EVIDENT THAT A MYSTERIOUS AND PROBABLY OCCULT SCIENCE WHICH WAS TO SURGERY WHAT ALCHEMY WAS TO CHEMISTRY HAD CHISELLED HIS FLESH EVIDENTLY AT A VERY TENDER AGE AND MANUFACTURED HIS COUNTENANCE WITH PREMEDITATION,na,na,5895,16000,16.0,test,na
5895-34615-0004_pitch_aac-128k,data/attacks/aac-128k/5895-34615-0004_pitch.wav,fake,attack,none,aac-128k,aac-128k,IT SEEMED EVIDENT THAT A MYSTERIOUS AND PROBABLY OCCULT SCIENCE WHICH WAS TO SURGERY WHAT ALCHEMY WAS TO CHEMISTRY HAD CHISELLED HIS FLESH EVIDENTLY AT A VERY TENDER AGE AND MANUFACTURED HIS COUNTENANCE WITH PREMEDITATION,na,na,5895,16000,16.0,test,na
5895-34615-0005_formant_aac-128k,data/attacks/aac-128k/5895-34615-0005_formant.wav,fake,attack,none,aac-128k,aac-128k,GWYNPLAINE WAS A MOUNTEBANK,na,na,5895,16000,2.496,test,na
5895-34615-0005_melvoc_aac-128k,data/attacks/aac-128k/5895-34615-0005_melvoc.wav,fake,attack,none,aac-128k,aac-128k,GWYNPLAINE WAS A MOUNTEBANK,na,na,5895,16000,2.496,test,na
5895-34615-0005_pitch_aac-128k,data/attacks/aac-128k/5895-34615-0005_pitch.wav,fake,attack,none,aac-128k,aac-128k,GWYNPLAINE WAS A MOUNTEBANK,na,na,5895,16000,2.496,test,na
5895-34615-0006_formant_aac-128k,data/attacks/aac-128k/5895-34615-0006_formant.wav,fake,attack,none,aac-128k,aac-128k,HE SHOWED HIMSELF ON THE PLATFORM,na,na,5895,16000,2.56,test,na
5895-34615-0006_melvoc_aac-128k,data/attacks/aac-128k/5895-34615-0006_melvoc.wav,fake,attack,none,aac-128k,aac-128k,HE SHOWED HIMSELF ON THE PLATFORM,na,na,5895,16000,2.56,test,na
5895-34615-0006_pitch_aac-128k,data/attacks/aac-128k/5895-34615-0006_pitch.wav,fake,attack,none,aac-128k,aac-128k,HE SHOWED HIMSELF ON THE PLATFORM,na,na,5895,16000,2.56,test,na
5895-34615-0007_formant_aac-128k,data/attacks/aac-128k/5895-34615-0007_formant.wav,fake,attack,none,aac-128k,aac-128k,IT WAS GWYNPLAINE'S LAUGH WHICH CREATED THE LAUGHTER OF OTHERS YET HE DID NOT LAUGH HIMSELF,na,na,5895,16000,5.76,test,na
5895-34615-0007_melvoc_aac-128k,data/attacks/aac-128k/5895-34615-0007_melvoc.wav,fake,attack,none,aac-128k,aac-128k,IT WAS GWYNPLAINE'S LAUGH WHICH CREATED THE LAUGHTER OF OTHERS YET HE DID NOT LAUGH HIMSELF,na,na,5895,16000,5.76,test,na
5895-34615-0007_pitch_aac-128k,data/attacks/aac-128k/5895-34615-0007_pitch.wav,fake,attack,none,aac-128k,aac-128k,IT WAS GWYNPLAINE'S LAUGH WHICH CREATED THE LAUGHTER OF OTHERS YET HE DID NOT LAUGH HIMSELF,na,na,5895,16000,5.76,test,na
5895-34615-0008_formant_aac-128k,data/attacks/aac-128k/5895-34615-0008_formant.wav,fake,attack,none,aac-128k,aac-128k,THE OUTSIDE DID NOT DEPEND ON THE INTERIOR,na,na,5895,16000,3.072,test,na
6313-66125-0000_formant_aac-128k,data/attacks/aac-128k/6313-66125-0000_formant.wav,fake,attack,none,aac-128k,aac-128k,YOU'LL ALL BE OVER IF YOU DON'T HAVE A CARE,na,na,6313,16000,2.368,test,na
6313-66125-0000_melvoc_aac-128k,data/attacks/aac-128k/6313-66125-0000_melvoc.wav,fake,attack,none,aac-128k,aac-128k,YOU'LL ALL BE OVER IF YOU DON'T HAVE A CARE,na,na,6313,16000,2.368,test,na
6313-66125-0000_pitch_aac-128k,data/attacks/aac-128k/6313-66125-0000_pitch.wav,fake,attack,none,aac-128k,aac-128k,YOU'LL ALL BE OVER IF YOU DON'T HAVE A CARE,na,na,6313,16000,2.368,test,na
6313-66125-0001_formant_aac-128k,data/attacks/aac-128k/6313-66125-0001_formant.wav,fake,attack,none,aac-128k,aac-128k,LOOKS LIKE A CLUMP OF BUSHES DOWN THERE BUT I AIN'T SURE CAN YOU MAKE IT OUT,na,na,6313,16000,4.544,test,na
6313-66125-0001_melvoc_aac-128k,data/attacks/aac-128k/6313-66125-0001_melvoc.wav,fake,attack,none,aac-128k,aac-128k,LOOKS LIKE A CLUMP OF BUSHES DOWN THERE BUT I AIN'T SURE CAN YOU MAKE IT OUT,na,na,6313,16000,4.544,test,na
6313-66125-0001_pitch_aac-128k,data/attacks/aac-128k/6313-66125-0001_pitch.wav,fake,attack,none,aac-128k,aac-128k,LOOKS LIKE A CLUMP OF BUSHES DOWN THERE BUT I AIN'T SURE CAN YOU MAKE IT OUT,na,na,6313,16000,4.544,test,na
6313-66125-0002_formant_aac-128k,data/attacks/aac-128k/6313-66125-0002_formant.wav,fake,attack,none,aac-128k,aac-128k,YES AGREED TAD THAT DOES LOOK LIKE BUSHES,na,na,6313,16000,3.136,test,na
6313-66125-0002_melvoc_aac-128k,data/attacks/aac-128k/6313-66125-0002_melvoc.wav,fake,attack,none,aac-128k,aac-128k,YES AGREED TAD THAT DOES LOOK LIKE BUSHES,na,na,6313,16000,3.072,test,na
6313-66125-0002_pitch_aac-128k,data/attacks/aac-128k/6313-66125-0002_pitch.wav,fake,attack,none,aac-128k,aac-128k,YES AGREED TAD THAT DOES LOOK LIKE BUSHES,na,na,6313,16000,3.136,test,na
6313-66125-0003_formant_aac-128k,data/attacks/aac-128k/6313-66125-0003_formant.wav,fake,attack,none,aac-128k,aac-128k,DON'T MOVE AROUND LIE PERFECTLY STILL WARNED THE GUIDE ARE YOU HURT,na,na,6313,16000,4.608,test,na
6313-66125-0003_melvoc_aac-128k,data/attacks/aac-128k/6313-66125-0003_melvoc.wav,fake,attack,none,aac-128k,aac-128k,DON'T MOVE AROUND LIE PERFECTLY STILL WARNED THE GUIDE ARE YOU HURT,na,na,6313,16000,4.608,test,na
6313-66125-0003_pitch_aac-128k,data/attacks/aac-128k/6313-66125-0003_pitch.wav,fake,attack,none,aac-128k,aac-128k,DON'T MOVE AROUND LIE PERFECTLY STILL WARNED THE GUIDE ARE YOU HURT,na,na,6313,16000,4.608,test,na
6313-66125-0004_formant_aac-128k,data/attacks/aac-128k/6313-66125-0004_formant.wav,fake,attack,none,aac-128k,aac-128k,AND THAT TUMBLE'S ENOUGH TO KNOCK THE SENSE OUT OF A FULL GROWN MAN,na,na,6313,16000,3.264,test,na
6313-66125-0004_melvoc_aac-128k,data/attacks/aac-128k/6313-66125-0004_melvoc.wav,fake,attack,none,aac-128k,aac-128k,AND THAT TUMBLE'S ENOUGH TO KNOCK THE SENSE OUT OF A FULL GROWN MAN,na,na,6313,16000,3.264,test,na
6313-66125-0004_pitch_aac-128k,data/attacks/aac-128k/6313-66125-0004_pitch.wav,fake,attack,none,aac-128k,aac-128k,AND THAT TUMBLE'S ENOUGH TO KNOCK THE SENSE OUT OF A FULL GROWN MAN,na,na,6313,16000,3.264,test,na
6313-66125-0005_formant_aac-128k,data/attacks/aac-128k/6313-66125-0005_formant.wav,fake,attack,none,aac-128k,aac-128k,I COULD NOT THINK OF ALLOWING ANY OF MY CHARGES TO TAKE SO TERRIBLE A RISK AND,na,na,6313,16000,4.672,test,na
6313-66125-0005_melvoc_aac-128k,data/attacks/aac-128k/6313-66125-0005_melvoc.wav,fake,attack,none,aac-128k,aac-128k,I COULD NOT THINK OF ALLOWING ANY OF MY CHARGES TO TAKE SO TERRIBLE A RISK AND,na,na,6313,16000,4.672,test,na
6313-66125-0005_pitch_aac-128k,data/attacks/aac-128k/6313-66125-0005_pitch.wav,fake,attack,none,aac-128k,aac-128k,I COULD NOT THINK OF ALLOWING ANY OF MY CHARGES TO TAKE SO TERRIBLE A RISK AND,na,na,6313,16000,4.672,test,na
6313-66125-0006_formant_aac-128k,data/attacks/aac-128k/6313-66125-0006_formant.wav,fake,attack,none,aac-128k,aac-128k,NO I AM THE LIGHTER OF THE TWO URGED TAD,na,na,6313,16000,3.008,test,na
6313-66125-0006_melvoc_aac-128k,data/attacks/aac-128k/6313-66125-0006_melvoc.wav,fake,attack,none,aac-128k,aac-128k,NO I AM THE LIGHTER OF THE TWO URGED TAD,na,na,6313,16000,3.008,test,na
6313-66125-0006_pitch_aac-128k,data/attacks/aac-128k/6313-66125-0006_pitch.wav,fake,attack,none,aac-128k,aac-128k,NO I AM THE LIGHTER OF THE TWO URGED TAD,na,na,6313,16000,3.008,test,na
6313-66125-0007_formant_aac-128k,data/attacks/aac-128k/6313-66125-0007_formant.wav,fake,attack,none,aac-128k,aac-128k,I AM THE ONE TO GO AFTER WALT IF ANYONE HAS TO I'LL GO DOWN MISTER THOMAS,na,na,6313,16000,4.992,test,na
6313-66125-0007_melvoc_aac-128k,data/attacks/aac-128k/6313-66125-0007_melvoc.wav,fake,attack,none,aac-128k,aac-128k,I AM THE ONE TO GO AFTER WALT IF ANYONE HAS TO I'LL GO DOWN MISTER THOMAS,na,na,6313,16000,4.928,test,na
6313-66125-0007_pitch_aac-128k,data/attacks/aac-128k/6313-66125-0007_pitch.wav,fake,attack,none,aac-128k,aac-128k,I AM THE ONE TO GO AFTER WALT IF ANYONE HAS TO I'LL GO DOWN MISTER THOMAS,na,na,6313,16000,4.992,test,na
6313-66125-0008_formant_aac-128k,data/attacks/aac-128k/6313-66125-0008_formant.wav,fake,attack,none,aac-128k,aac-128k,MASTER TAD IS RIGHT DECIDED THE GUIDE GAZING AT THE TWO BOYS APPROVINGLY,na,na,6313,16000,4.544,test,na
