utt_id,audio_path,label,source,clone_model,attack_type,attack_params,text,text_source,prompt_utt_id,speaker_id,sample_rate,duration,split,sha256
librispeech-test-00172,data/real/2086/2086-149214-0000.flac,real,LibriSpeech,none,none,na,THE NARRATIVE IT MAY BE IS WOVEN OF SO HUMBLE A TEXTURE AS TO REQUIRE THIS ADVANTAGE AND AT THE SAME TIME TO RENDER IT THE MORE DIFFICULT OF ATTAINMENT,gt,na,2086,16000,9.81,test,eea381d7cfb33707d92d56bacb9222accd15a59c5b5ffa6a3bd22dfe5956b332
librispeech-test-00173,data/real/2086/2086-149214-0001.flac,real,LibriSpeech,none,none,na,IN GOOD FAITH HOWEVER HE IS NOT SUFFICIENTLY IMAGINATIVE TO FLATTER HIMSELF WITH THE SLIGHTEST HOPE OF THIS KIND,gt,na,2086,16000,6.97,test,66aeeda853ab8421f1df70deda5b5ff0b5b9564065f50e1c1ac9aff1457e72d7
librispeech-test-00174,data/real/2086/2086-149214-0002.flac,real,LibriSpeech,none,none,na,THE AUTHOR HAS CONSIDERED IT HARDLY WORTH HIS WHILE THEREFORE RELENTLESSLY TO IMPALE THE STORY WITH ITS MORAL AS WITH AN IRON ROD OR RATHER AS BY STICKING A PIN THROUGH A BUTTERFLY THUS AT ONCE DEPRIVING IT OF LIFE AND CAUSING IT TO STIFFEN IN AN UNGAINLY AND UNNATURAL ATTITUDE,gt,na,2086,16000,16.745,test,d8a554239028644d4b946cfb066e9dfec54dbec6bb6ba6f6928d035e66d193a6
librispeech-test-00175,data/real/2086/2086-149214-0003.flac,real,LibriSpeech,none,none,na,IF PERMITTED BY THE HISTORICAL CONNECTION WHICH THOUGH SLIGHT WAS ESSENTIAL TO HIS PLAN THE AUTHOR WOULD VERY WILLINGLY HAVE AVOIDED ANYTHING OF THIS NATURE,gt,na,2086,16000,8.995,test,cda6f9efb12201abbd2721d67e74e5cb1ec326128a161de4dff7b63433abc5ea
librispeech-test-00176,data/real/2086/2086-149214-0004.flac,real,LibriSpeech,none,none,na,HE TRUSTS NOT TO BE CONSIDERED AS UNPARDONABLY OFFENDING BY LAYING OUT A STREET THAT INFRINGES UPON NOBODY'S PRIVATE RIGHTS AND APPROPRIATING A LOT OF LAND WHICH HAD NO VISIBLE OWNER AND BUILDING A HOUSE OF MATERIALS LONG IN USE FOR CONSTRUCTING CASTLES IN THE AIR,gt,na,2086,16000,15.22,test,290a02e83ad972fd69406da0a5507ae842fc19ebb75d0a2b2efbdecf45abad06
librispeech-test-00177,data/real/2086/2086-149220-0000.flac,real,LibriSpeech,none,none,na,THE ENCLOSURE HAD FORMERLY BEEN VERY EXTENSIVE BUT WAS NOW CONTRACTED WITHIN SMALL COMPASS AND HEMMED ABOUT PARTLY BY HIGH WOODEN FENCES AND PARTLY BY THE OUTBUILDINGS OF HOUSES THAT STOOD ON ANOTHER STREET,gt,na,2086,16000,12.095,test,714ce7eda0efdfa62d77dcd3cbe31493d2499089759f4bb08cf13cdf24a9c3fe
librispeech-test-00178,data/real/2086/2086-149220-0001.flac,real,LibriSpeech,none,none,na,THE WHITE DOUBLE ROSEBUSH HAD EVIDENTLY BEEN PROPPED UP ANEW AGAINST THE HOUSE SINCE THE COMMENCEMENT OF THE SEASON AND A PEAR TREE AND THREE DAMSON TREES WHICH EXCEPT A ROW OF CURRANT BUSHES CONSTITUTED THE ONLY VARIETIES OF FRUIT BORE MARKS OF THE RECENT AMPUTATION OF SEVERAL SUPERFLUOUS OR DEFECTIVE LIMBS,gt,na,2086,16000,19.78,test,da86074b92673c85dd7d41542324fd61ddf37c960ef6082122a497dfffad46ce
librispeech-test-00179,data/real/2086/2086-149220-0002.flac,real,LibriSpeech,none,none,na,THERE WERE ALSO A FEW SPECIES OF ANTIQUE AND HEREDITARY FLOWERS IN NO VERY FLOURISHING CONDITION BUT SCRUPULOUSLY WEEDED AS IF SOME PERSON EITHER OUT OF LOVE OR CURIOSITY HAD BEEN ANXIOUS TO BRING THEM TO SUCH PERFECTION AS THEY WERE CAPABLE OF ATTAINING,gt,na,2086,16000,16.01,test,91337e2ee718351ee47371accd2e360200443d88322ae5a1e9e5117e40d7f565
librispeech-test-00180,data/real/2086/2086-149220-0003.flac,real,LibriSpeech,none,none,na,SUMMER SQUASHES ALMOST IN THEIR GOLDEN BLOSSOM CUCUMBERS NOW EVINCING A TENDENCY TO SPREAD AWAY FROM THE MAIN STOCK AND RAMBLE FAR AND WIDE TWO OR THREE ROWS OF STRING BEANS AND AS MANY MORE THAT WERE ABOUT TO FESTOON THEMSELVES ON POLES TOMATOES OCCUPYING A SITE SO SHELTERED AND SUNNY THAT THE PLANTS WERE ALREADY GIGANTIC AND PROMISED AN EARLY AND ABUNDANT HARVEST,gt,na,2086,16000,22.81,test,205c13b43b5bdb880275bfce7c1e69073d9a0e7b82d977c2c32f4f704308a19e
librispeech-test-00854,data/real/6313/6313-66125-0000.flac,real,LibriSpeech,none,none,na,YOU'LL ALL BE OVER IF YOU DON'T HAVE A CARE,gt,na,6313,16000,2.355,test,0f3f9453ec3b3e906a8343cfb27d9fc32da38e15fd3e85aded8a8e5c4f0cb39d
librispeech-test-00855,data/real/6313/6313-66125-0001.flac,real,LibriSpeech,none,none,na,LOOKS LIKE A CLUMP OF BUSHES DOWN THERE BUT I AIN'T SURE CAN YOU MAKE IT OUT,gt,na,6313,16000,4.5,test,4f87e1e8f062fb3830a1471f65c8b5c6f323fe080a9d1caca17782212d64d33a
librispeech-test-00856,data/real/6313/6313-66125-0002.flac,real,LibriSpeech,none,none,na,YES AGREED TAD THAT DOES LOOK LIKE BUSHES,gt,na,6313,16000,3.075,test,94ed0b0e5cc51d492b6206f21e4776843cf6d2bb8032acac40bfdaa01872f61c
librispeech-test-00857,data/real/6313/6313-66125-0003.flac,real,LibriSpeech,none,none,na,DON'T MOVE AROUND LIE PERFECTLY STILL WARNED THE GUIDE ARE YOU HURT,gt,na,6313,16000,4.58,test,c21ee393bcc9420f95617e87b534ac622172a6db7959dc7d9ec426a0df797c0c
librispeech-test-00858,data/real/6313/6313-66125-0004.flac,real,LibriSpeech,none,none,na,AND THAT TUMBLE'S ENOUGH TO KNOCK THE SENSE OUT OF A FULL GROWN MAN,gt,na,6313,16000,3.26,test,ecbc0376cf780a634acba34aee9848bb1074d680f21d20e2008bd611b5e89b79
librispeech-test-00859,data/real/6313/6313-66125-0005.flac,real,LibriSpeech,none,none,na,I COULD NOT THINK OF ALLOWING ANY OF MY CHARGES TO TAKE SO TERRIBLE A RISK AND,gt,na,6313,16000,4.64,test,656e1a767ddede327812c9f9e96246da04d00abcf49fe03ea850b94ac574291f
librispeech-test-00860,data/real/6313/6313-66125-0006.flac,real,LibriSpeech,none,none,na,NO I AM THE LIGHTER OF THE TWO URGED TAD,gt,na,6313,16000,3.005,test,e4cecbf80c64caec6edbdb5786c5f4d9c07361911aa02bcd4b5fe6993e37ce14
librispeech-test-00861,data/real/6313/6313-66125-0007.flac,real,LibriSpeech,none,none,na,I AM THE ONE TO GO AFTER WALT IF ANYONE HAS TO I'LL GO DOWN MISTER THOMAS,gt,na,6313,16000,4.93,test,de6352549cb9200d94eb8d2200e346dc956392b93ed280ce1f14dc152445981c
librispeech-test-00862,data/real/6313/6313-66125-0008.flac,real,LibriSpeech,none,none,na,MASTER TAD IS RIGHT DECIDED THE GUIDE GAZING AT THE TWO BOYS APPROVINGLY,gt,na,6313,16000,4.49,test,ffd8a40b4113af3d2d6e50ecde1a99624bc6f041026a0c798bf19b1852f0f33b
librispeech-test-01122,data/real/2078/2078-142845-0000.flac,real,LibriSpeech,none,none,na,KIRKLEATHAM YEAST,gt,na,2078,16000,2.195,test,be41b6ef9fbe48c2aac00636f457d958b9ffbd720f2c138791159b5f09a2214e
librispeech-test-01123,data/real/2078/2078-142845-0001.flac,real,LibriSpeech,none,none,na,SEVENTEEN SEVENTEEN,gt,na,2078,16000,2.135,test,9e34942acbaca2ad4ae8c7fab7c3a1ad87f20ab35584110ef574c6353de05e43
librispeech-test-01124,data/real/2078/2078-142845-0002.flac,real,LibriSpeech,none,none,na,TO MAKE GOOD HOME MADE BREAD,gt,na,2078,16000,2.915,test,c8e8a798aa28c5bf783d7430b4fd2a14d6facc881b2a82ac3609aa23c58ade9c
librispeech-test-01125,data/real/2078/2078-142845-0003.flac,real,LibriSpeech,none,none,na,SEVENTEEN EIGHTEEN,gt,na,2078,16000,2.075,test,aad4db1e83d9a3f5431779792c0a861fe9db00f752429fb5474612458e7e5bcc
librispeech-test-01126,data/real/2078/2078-142845-0004.flac,real,LibriSpeech,none,none,na,MODE PUT THE FLOUR INTO A LARGE EARTHENWARE BOWL OR DEEP PAN THEN WITH A STRONG METAL OR WOODEN SPOON HOLLOW OUT THE MIDDLE BUT DO NOT CLEAR IT ENTIRELY AWAY FROM THE BOTTOM OF THE PAN AS IN THAT CASE THE SPONGE OR LEAVEN AS IT WAS FORMERLY TERMED WOULD STICK TO IT WHICH IT OUGHT NOT TO DO,gt,na,2078,16000,23.175,test,1d10698cf36a82e8af35c54dabf685b44590976790bad8e838ef189fdbd69994
librispeech-test-01127,data/real/2078/2078-142845-0005.flac,real,LibriSpeech,none,none,na,NEXT TAKE EITHER A LARGE TABLESPOONFUL OF BREWER'S YEAST WHICH HAS BEEN RENDERED SOLID BY MIXING IT WITH PLENTY OF COLD WATER AND LETTING IT AFTERWARDS STAND TO SETTLE FOR A DAY AND NIGHT OR NEARLY AN OUNCE OF GERMAN YEAST PUT IT INTO A LARGE BASIN AND PROCEED TO MIX IT SO THAT IT SHALL BE AS SMOOTH AS CREAM WITH THREE QUARTERS PINT OF WARM MILK AND WATER OR WITH WATER ONLY THOUGH EVEN A VERY LITTLE MILK WILL MUCH IMPROVE THE BREAD,gt,na,2078,16000,31.375,test,d358a8fdfb582e4035eccd34b89b88d8ea54d5220962d7fb0713eaa1ababbe86
librispeech-test-01128,data/real/2078/2078-142845-0006.flac,real,LibriSpeech,none,none,na,LOOK AT IT FROM TIME TO TIME WHEN IT HAS BEEN LAID FOR NEARLY AN HOUR AND WHEN THE YEAST HAS RISEN AND BROKEN THROUGH THE FLOUR SO THAT BUBBLES APPEAR IN IT YOU WILL KNOW THAT IT IS READY TO BE MADE UP INTO DOUGH,gt,na,2078,16000,14.645,test,5dde39daf880eb6d8ca3196fd0bb30d0a89a138e14f1f32da39b1b6028cf01be
librispeech-test-01129,data/real/2078/2078-142845-0007.flac,real,LibriSpeech,none,none,na,THEN PLACE THE PAN ON A STRONG CHAIR OR DRESSER OR TABLE OF CONVENIENT HEIGHT POUR INTO THE SPONGE THE REMAINDER OF THE WARM MILK AND WATER STIR INTO IT AS MUCH OF THE FLOUR AS YOU CAN WITH THE SPOON THEN WIPE IT OUT CLEAN WITH YOUR FINGERS AND LAY IT ASIDE,gt,na,2078,16000,20.74,test,701615da12897a382a9fbc7f6dd99fb96ce8eee2068e5c023baed28049e719be
librispeech-test-01130,data/real/2078/2078-142845-0008.flac,real,LibriSpeech,none,none,na,TURN IT THEN ON TO A PASTE BOARD OR VERY CLEAN DRESSER AND WITH A LARGE SHARP KNIFE DIVIDE IT IN TWO MAKE IT UP QUICKLY INTO LOAVES AND DISPATCH IT TO THE OVEN MAKE ONE OR TWO INCISIONS ACROSS THE TOPS OF THE LOAVES AS THEY WILL RISE MORE EASILY IF THIS BE DONE,gt,na,2078,16000,19.38,test,0b1da732f0c06b3b7e789a1b2260cee4ca46ea57a72586330845e19df043274e
librispeech-test-01877,data/real/2428/2428-83699-0000.flac,real,LibriSpeech,none,none,na,I IMAGINE THERE WERE SEVERAL KINDS OF OLD FASHIONED CHRISTMASES BUT IT COULD HARDLY BE WORSE THAN A CHOP IN MY CHAMBERS OR HORROR OF HORRORS AT THE CLUB OR MY COUSIN LUCY'S NOTION OF WHAT SHE CALLS THE FESTIVE SEASON,gt,na,2428,16000,13.305,test,dbdfe7afcc75aa9229e7f888a060a909931215062aa7a87a3c2adccb6af35d2a
librispeech-test-01878,data/real/2428/2428-83699-0001.flac,real,LibriSpeech,none,none,na,FESTIVE YES,gt,na,2428,16000,2.07,test,9fae10361c9efd93631407f833a5940914ed18906d2a41818ea7dc73f6ea2219
librispeech-test-01879,data/real/2428/2428-83699-0002.flac,real,LibriSpeech,none,none,na,THE REPLY WAS WRITTEN IN A SPRAWLING FEMININE HAND IT WAS A LITTLE VAGUE,gt,na,2428,16000,4.26,test,1cc0becc0a0b0bf091d41b3c6d7b2852338d96b0afa127808a9b17c61acf369b
librispeech-test-01880,data/real/2428/2428-83699-0003.flac,real,LibriSpeech,none,none,na,IT APPEARED THAT THE TERMS WOULD BE FIVE GUINEAS BUT THERE WAS NO MENTION OF THE LENGTH OF TIME WHICH THAT FEE WOULD COVER,gt,na,2428,16000,6.265,test,b21a68f5c0f122b2d17e11d848f91c6bf0788435999ca153b37973e7f8498869
librispeech-test-01881,data/real/2428/2428-83699-0004.flac,real,LibriSpeech,none,none,na,THE WHOLE THING WAS A TRIFLE ODD,gt,na,2428,16000,1.88,test,660b675c8a938e67d4e2165b8cce16532677716ddb41e59d4b134e298281de3a
librispeech-test-01882,data/real/2428/2428-83699-0005.flac,real,LibriSpeech,none,none,na,THERE WAS NOTHING SAID ABOUT THE SORT OF ACCOMMODATION WHICH WOULD BE PROVIDED NOTHING ABOUT THE KIND OF ESTABLISHMENT WHICH WAS MAINTAINED OR THE TABLE WHICH WAS KEPT,gt,na,2428,16000,9.09,test,e3f5044ff47e128d3e34ffc2b8570e2bf6e6430224aafb03ddf35c09681653bb
librispeech-test-01883,data/real/2428/2428-83699-0006.flac,real,LibriSpeech,none,none,na,NOW IT IS A REMARKABLE THING THAT I HAVE ALWAYS HAD AN EXTRAORDINARY PREDILECTION FOR THE NAME MADGE I DO NOT KNOW WHY,gt,na,2428,16000,6.825,test,c03fb40e83df532252854f6d0bdf8e6bb07c6f72dd10732d1b75a605b0d49350
librispeech-test-01884,data/real/2428/2428-83699-0007.flac,real,LibriSpeech,none,none,na,I HAVE NEVER KNOWN A MADGE AND YET FROM MY BOYHOOD UPWARD I HAVE DESIRED TO MEET ONE,gt,na,2428,16000,5.71,test,5e165fe5b41bd4095268803999f8a1a8a10a3c1dec9301251d4d3ef405eb1757
librispeech-test-01885,data/real/2428/2428-83699-0008.flac,real,LibriSpeech,none,none,na,UNDER SUCH CIRCUMSTANCES SHE WAS HARDLY LIKELY TO BE LIVELY HERSELF BUT HER NAME WAS MADGE AND IT WAS THE ACCIDENT OF HER CHRISTIAN NAME WHICH DECIDED ME TO GO,gt,na,2428,16000,10.38,test,4c2a8346dad3f980fe1f524577746f162840b930cdbdc99bb1313bc4f529d0a2
librispeech-test-02074,data/real/5895/5895-34615-0000.flac,real,LibriSpeech,none,none,na,BUT IS LAUGHTER A SYNONYM OF JOY,gt,na,5895,16000,3.335,test,93f79b215d2362d4402b548c50e917634c17c1cecbf5a1470e464c504ce904e7
librispeech-test-02075,data/real/5895/5895-34615-0001.flac,real,LibriSpeech,none,none,na,SUCH PERFECT COMPLETENESS IS NOT IN NATURE,gt,na,5895,16000,3.305,test,170462d740ea3888dc53889052e1692efd03150ef65e7e12228a1c621063883d
librispeech-test-02076,data/real/5895/5895-34615-0002.flac,real,LibriSpeech,none,none,na,HAD GWYNPLAINE WHEN A CHILD BEEN SO WORTHY OF ATTENTION THAT HIS FACE HAD BEEN SUBJECTED TO TRANSMUTATION WHY NOT,gt,na,5895,16000,8.73,test,e43d1d937fdd92eab21d27e8680028d48bbb1a414ce3fb5a4527056688d3f388
librispeech-test-02077,data/real/5895/5895-34615-0003.flac,real,LibriSpeech,none,none,na,ACCORDING TO ALL APPEARANCE INDUSTRIOUS MANIPULATORS OF CHILDREN HAD WORKED UPON HIS FACE,gt,na,5895,16000,6.605,test,38a3186cac3f9663d7ef1421f826d54fa612fb30d7f167dce12d39bde5b00114
librispeech-test-02078,data/real/5895/5895-34615-0004.flac,real,LibriSpeech,none,none,na,IT SEEMED EVIDENT THAT A MYSTERIOUS AND PROBABLY OCCULT SCIENCE WHICH WAS TO SURGERY WHAT ALCHEMY WAS TO CHEMISTRY HAD CHISELLED HIS FLESH EVIDENTLY AT A VERY TENDER AGE AND MANUFACTURED HIS COUNTENANCE WITH PREMEDITATION,gt,na,5895,16000,15.95,test,38ba9d1711c71cb7fb524debb1384da3f2384a0a440b3bc7060e6a675dc51625
librispeech-test-02079,data/real/5895/5895-34615-0005.flac,real,LibriSpeech,none,none,na,GWYNPLAINE WAS A MOUNTEBANK,gt,na,5895,16000,2.495,test,fd89d6680dde62d5a08a4119b04094aee11673d4a114c1c863e1e2d77cf101fe
librispeech-test-02080,data/real/5895/5895-34615-0006.flac,real,LibriSpeech,none,none,na,HE SHOWED HIMSELF ON THE PLATFORM,gt,na,5895,16000,2.525,test,0131ab69f08e16bd8255c70cff481bea83734540b6d78ef55e052f82d837fe24
librispeech-test-02081,data/real/5895/5895-34615-0007.flac,real,LibriSpeech,none,none,na,IT WAS GWYNPLAINE'S LAUGH WHICH CREATED THE LAUGHTER OF OTHERS YET HE DID NOT LAUGH HIMSELF,gt,na,5895,16000,5.705,test,9e7d4bff378db703542b45c9adc560bb1c6f2016985ac80eade7e79f95dfc320
librispeech-test-02082,data/real/5895/5895-34615-0008.flac,real,LibriSpeech,none,none,na,THE OUTSIDE DID NOT DEPEND ON THE INTERIOR,gt,na,5895,16000,3.055,test,6f24469a6f48095cc887f263e42a144325fef850cf4e83498893dc333b2249ad
librispeech-test-02301,data/real/3576/3576-138058-0000.flac,real,LibriSpeech,none,none,na,MASTER AND MAN DISMOUNTED FROM THEIR BEASTS AND AS SOON AS THEY HAD SETTLED THEMSELVES AT THE FOOT OF THE TREES SANCHO WHO HAD HAD A GOOD NOONTIDE MEAL THAT DAY LET HIMSELF WITHOUT MORE ADO PASS THE GATES OF SLEEP,gt,na,3576,16000,14.14,test,f4247837be6caf9dd06ba62280042a31b7ab98ee0646d68d94b85af0e31cd52f
librispeech-test-02302,data/real/3576/3576-138058-0001.flac,real,LibriSpeech,none,none,na,BUT DON QUIXOTE WHOM HIS THOUGHTS FAR MORE THAN HUNGER KEPT AWAKE COULD NOT CLOSE AN EYE AND ROAMED IN FANCY TO AND FRO THROUGH ALL SORTS OF PLACES,gt,na,3576,16000,10.78,test,ff26d3cdb1bb6684edc022c9b9d2b161baf375f4ee0590f12d8050aa80a2d447
librispeech-test-02303,data/real/3576/3576-138058-0002.flac,real,LibriSpeech,none,none,na,AT ONE MOMENT IT SEEMED TO HIM THAT HE WAS IN THE CAVE OF MONTESINOS AND SAW DULCINEA TRANSFORMED INTO A COUNTRY WENCH SKIPPING AND MOUNTING UPON HER SHE ASS AGAIN THAT THE WORDS OF THE SAGE MERLIN WERE SOUNDING IN HIS EARS SETTING FORTH THE CONDITIONS TO BE OBSERVED AND THE EXERTIONS TO BE MADE FOR THE DISENCHANTMENT OF DULCINEA,gt,na,3576,16000,22.33,test,9a804942e8d20a70c23c1dde060b0ffc8832d19db056f407fa74d4267fb5dfaa
librispeech-test-02304,data/real/3576/3576-138058-0003.flac,real,LibriSpeech,none,none,na,WHO IS TOUCHING ME AND UNTRUSSING ME,gt,na,3576,16000,2.51,test,e0ae498d17b39bdec6c6eadf7555df715d0d228a47f54653b842c014d48e0ffc
librispeech-test-02305,data/real/3576/3576-138058-0004.flac,real,LibriSpeech,none,none,na,DULCINEA IS PERISHING THOU ART LIVING ON REGARDLESS I AM DYING OF HOPE DEFERRED THEREFORE UNTRUSS THYSELF WITH A GOOD WILL FOR MINE IT IS HERE IN THIS RETIRED SPOT TO GIVE THEE AT LEAST TWO THOUSAND LASHES,gt,na,3576,16000,16.56,test,72f8e00fab6549759c480d14cc01603952f08d2c3ca150a4478b7054f95fe8b1
librispeech-test-02306,data/real/3576/3576-138058-0005.flac,real,LibriSpeech,none,none,na,SEEING THIS SANCHO GOT UP AND GRAPPLING WITH HIS MASTER HE GRIPPED HIM WITH ALL HIS MIGHT IN HIS ARMS GIVING HIM A TRIP WITH THE HEEL STRETCHED HIM ON THE GROUND ON HIS BACK AND PRESSING HIS RIGHT KNEE ON HIS CHEST HELD HIS HANDS IN HIS OWN SO THAT HE COULD NEITHER MOVE NOR BREATHE,gt,na,3576,16000,16.655,test,8e00599659c75a55eadc254069a92bcfedb75b7e92e91034fbc79f9dbf33f8c4
librispeech-test-02307,data/real/3576/3576-138058-0006.flac,real,LibriSpeech,none,none,na,HOW NOW TRAITOR EXCLAIMED DON QUIXOTE,gt,na,3576,16000,3.945,test,6663f09bd7199d47f7cd3aa32a47a95bdfa15aa9a83a33c262ae307efd6f1248
librispeech-test-02308,data/real/3576/3576-138058-0007.flac,real,LibriSpeech,none,none,na,DOST THOU REVOLT AGAINST THY MASTER AND NATURAL LORD,gt,na,3576,16000,3.55,test,5fff2462f00085b37494cde24ee7de6be9d2aea9fe213b21daa7ad8e85e44c58
librispeech-test-02309,data/real/3576/3576-138058-0008.flac,real,LibriSpeech,none,none,na,DOST THOU RISE AGAINST HIM WHO GIVES THEE HIS BREAD,gt,na,3576,16000,3.86,test,f5a477404728b51f8684ecf12c527ef3e471ca85a91d09e97e328f96f2e4e220
2078-142845-0000_formant_mp3-128k,data/attacks/mp3-128k/2078-142845-0000_formant.wav,fake,attack,none,mp3-128k,mp3-128k,KIRKLEATHAM YEAST,gt,na,2078,16000,2.195,test,na
2078-142845-0000_formant_mp3-64k,data/attacks/mp3-64k/2078-142845-0000_formant.wav,fake,attack,none,mp3-64k,mp3-64k,KIRKLEATHAM YEAST,gt,na,2078,16000,2.195,test,na
2078-142845-0000_formant_opus-32k,data/attacks/opus-32k/2078-142845-0000_formant.wav,fake,attack,none,opus-32k,opus-32k,KIRKLEATHAM YEAST,gt,na,2078,16000,2.195,test,na
2078-142845-0000_formant_g711-8k,data/attacks/g711-8k/2078-142845-0000_formant.wav,fake,attack,none,g711-8k,g711-8k,KIRKLEATHAM YEAST,gt,na,2078,16000,2.195,test,na
2078-142845-0000_formant_resample-8k,data/attacks/resample-8k/2078-142845-0000_formant.wav,fake,attack,none,resample-8k,8k-roundtrip,KIRKLEATHAM YEAST,gt,na,2078,16000,2.195,test,na
2078-142845-0000_formant_awgn-snr5,data/attacks/awgn-snr5/2078-142845-0000_formant.wav,fake,attack,none,awgn-snr5,snr5,KIRKLEATHAM YEAST,gt,na,2078,16000,2.195,test,na
2078-142845-0000_formant_awgn-snr10,data/attacks/awgn-snr10/2078-142845-0000_formant.wav,fake,attack,none,awgn-snr10,snr10,KIRKLEATHAM YEAST,gt,na,2078,16000,2.195,test,na
2078-142845-0000_formant_awgn-snr20,data/attacks/awgn-snr20/2078-142845-0000_formant.wav,fake,attack,none,awgn-snr20,snr20,KIRKLEATHAM YEAST,gt,na,2078,16000,2.195,test,na
2078-142845-0000_formant_bandpass-300-3400,data/attacks/bandpass-300-3400/2078-142845-0000_formant.wav,fake,attack,none,bandpass-300-3400,bandpass300-3400,KIRKLEATHAM YEAST,gt,na,2078,16000,2.195,test,na
2078-142845-0000_formant_reverb-rt60-0.2,data/attacks/reverb-rt60-0.2/2078-142845-0000_formant.wav,fake,attack,none,reverb-rt60-0.2,rt60-0.2,KIRKLEATHAM YEAST,gt,na,2078,16000,2.195,test,na
2078-142845-0000_formant_reverb-rt60-0.4,data/attacks/reverb-rt60-0.4/2078-142845-0000_formant.wav,fake,attack,none,reverb-rt60-0.4,rt60-0.4,KIRKLEATHAM YEAST,gt,na,2078,16000,2.195,test,na
2078-142845-0000_formant_reverb-rt60-0.8,data/attacks/reverb-rt60-0.8/2078-142845-0000_formant.wav,fake,attack,none,reverb-rt60-0.8,rt60-0.8,KIRKLEATHAM YEAST,gt,na,2078,16000,2.195,test,na
2078-142845-0000_formant_speed0.9,data/attacks/speed0.9/2078-142845-0000_formant.wav,fake,attack,none,speed0.9,speed0.9,KIRKLEATHAM YEAST,gt,na,2078,16000,2.439,test,na
2078-142845-0000_formant_speed1.1,data/attacks/speed1.1/2078-142845-0000_formant.wav,fake,attack,none,speed1.1,speed1.1,KIRKLEATHAM YEAST,gt,na,2078,16000,1.995,test,na
2078-142845-0000_melvoc_mp3-128k,data/attacks/mp3-128k/2078-142845-0000_melvoc.wav,fake,attack,none,mp3-128k,mp3-128k,KIRKLEATHAM YEAST,gt,na,2078,16000,2.192,test,na
2078-142845-0000_melvoc_mp3-64k,data/attacks/mp3-64k/2078-142845-0000_melvoc.wav,fake,attack,none,mp3-64k,mp3-64k,KIRKLEATHAM YEAST,gt,na,2078,16000,2.192,test,na
2078-142845-0000_melvoc_opus-32k,data/attacks/opus-32k/2078-142845-0000_melvoc.wav,fake,attack,none,opus-32k,opus-32k,KIRKLEATHAM YEAST,gt,na,2078,16000,2.192,test,na
2078-142845-0000_melvoc_g711-8k,data/attacks/g711-8k/2078-142845-0000_melvoc.wav,fake,attack,none,g711-8k,g711-8k,KIRKLEATHAM YEAST,gt,na,2078,16000,2.192,test,na
2078-142845-0000_melvoc_resample-8k,data/attacks/resample-8k/2078-142845-0000_melvoc.wav,fake,attack,none,resample-8k,8k-roundtrip,KIRKLEATHAM YEAST,gt,na,2078,16000,2.192,test,na
2078-142845-0000_melvoc_awgn-snr5,data/attacks/awgn-snr5/2078-142845-0000_melvoc.wav,fake,attack,none,awgn-snr5,snr5,KIRKLEATHAM YEAST,gt,na,2078,16000,2.192,test,na
2078-142845-0000_melvoc_awgn-snr10,data/attacks/awgn-snr10/2078-142845-0000_melvoc.wav,fake,attack,none,awgn-snr10,snr10,KIRKLEATHAM YEAST,gt,na,2078,16000,2.192,test,na
2078-142845-0000_melvoc_awgn-snr20,data/attacks/awgn-snr20/2078-142845-0000_melvoc.wav,fake,attack,none,awgn-snr20,snr20,KIRKLEATHAM YEAST,gt,na,2078,16000,2.192,test,na
2078-142845-0000_melvoc_bandpass-300-3400,data/attacks/bandpass-300-3400/2078-142845-0000_melvoc.wav,fake,attack,none,bandpass-300-3400,bandpass300-3400,KIRKLEATHAM YEAST,gt,na,2078,16000,2.192,test,na
2078-142845-0000_melvoc_reverb-rt60-0.2,data/attacks/reverb-rt60-0.2/2078-142845-0000_melvoc.wav,fake,attack,none,reverb-rt60-0.2,rt60-0.2,KIRKLEATHAM YEAST,gt,na,2078,16000,2.192,test,na
2078-142845-0000_melvoc_reverb-rt60-0.4,data/attacks/reverb-rt60-0.4/2078-142845-0000_melvoc.wav,fake,attack,none,reverb-rt60-0.4,rt60-0.4,KIRKLEATHAM YEAST,gt,na,2078,16000,2.192,test,na
2078-142845-0000_melvoc_reverb-rt60-0.8,data/attacks/reverb-rt60-0.8/2078-142845-0000_melvoc.wav,fake,attack,none,reverb-rt60-0.8,rt60-0.8,KIRKLEATHAM YEAST,gt,na,2078,16000,2.192,test,na
2078-142845-0000_melvoc_speed0.9,data/attacks/speed0.9/2078-142845-0000_melvoc.wav,fake,attack,none,speed0.9,speed0.9,KIRKLEATHAM YEAST,gt,na,2078,16000,2.436,test,na
2078-142845-0000_melvoc_speed1.1,data/attacks/speed1.1/2078-142845-0000_melvoc.wav,fake,attack,none,speed1.1,speed1.1,KIRKLEATHAM YEAST,gt,na,2078,16000,1.993,test,na
2078-142845-0000_pitch_mp3-128k,data/attacks/mp3-128k/2078-142845-0000_pitch.wav,fake,attack,none,mp3-128k,mp3-128k,KIRKLEATHAM YEAST,gt,na,2078,16000,2.195,test,na
2078-142845-0000_pitch_mp3-64k,data/attacks/mp3-64k/2078-142845-0000_pitch.wav,fake,attack,none,mp3-64k,mp3-64k,KIRKLEATHAM YEAST,gt,na,2078,16000,2.195,test,na
2078-142845-0000_pitch_opus-32k,data/attacks/opus-32k/2078-142845-0000_pitch.wav,fake,attack,none,opus-32k,opus-32k,KIRKLEATHAM YEAST,gt,na,2078,16000,2.195,test,na
2078-142845-0000_pitch_g711-8k,data/attacks/g711-8k/2078-142845-0000_pitch.wav,fake,attack,none,g711-8k,g711-8k,KIRKLEATHAM YEAST,gt,na,2078,16000,2.195,test,na
2078-142845-0000_pitch_resample-8k,data/attacks/resample-8k/2078-142845-0000_pitch.wav,fake,attack,none,resample-8k,8k-roundtrip,KIRKLEATHAM YEAST,gt,na,2078,16000,2.195,test,na
2078-142845-0000_pitch_awgn-snr5,data/attacks/awgn-snr5/2078-142845-0000_pitch.wav,fake,attack,none,awgn-snr5,snr5,KIRKLEATHAM YEAST,gt,na,2078,16000,2.195,test,na
2078-142845-0000_pitch_awgn-snr10,data/attacks/awgn-snr10/2078-142845-0000_pitch.wav,fake,attack,none,awgn-snr10,snr10,KIRKLEATHAM YEAST,gt,na,2078,16000,2.195,test,na
2078-142845-0000_pitch_awgn-snr20,data/attacks/awgn-snr20/2078-142845-0000_pitch.wav,fake,attack,none,awgn-snr20,snr20,KIRKLEATHAM YEAST,gt,na,2078,16000,2.195,test,na
2078-142845-0000_pitch_bandpass-300-3400,data/attacks/bandpass-300-3400/2078-142845-0000_pitch.wav,fake,attack,none,bandpass-300-3400,bandpass300-3400,KIRKLEATHAM YEAST,gt,na,2078,16000,2.195,test,na
2078-142845-0000_pitch_reverb-rt60-0.2,data/attacks/reverb-rt60-0.2/2078-142845-0000_pitch.wav,fake,attack,none,reverb-rt60-0.2,rt60-0.2,KIRKLEATHAM YEAST,gt,na,2078,16000,2.195,test,na
2078-142845-0000_pitch_reverb-rt60-0.4,data/attacks/reverb-rt60-0.4/2078-142845-0000_pitch.wav,fake,attack,none,reverb-rt60-0.4,rt60-0.4,KIRKLEATHAM YEAST,gt,na,2078,16000,2.195,test,na
2078-142845-0000_pitch_reverb-rt60-0.8,data/attacks/reverb-rt60-0.8/2078-142845-0000_pitch.wav,fake,attack,none,reverb-rt60-0.8,rt60-0.8,KIRKLEATHAM YEAST,gt,na,2078,16000,2.195,test,na
2078-142845-0000_pitch_speed0.9,data/attacks/speed0.9/2078-142845-0000_pitch.wav,fake,attack,none,speed0.9,speed0.9,KIRKLEATHAM YEAST,gt,na,2078,16000,2.439,test,na
2078-142845-0000_pitch_speed1.1,data/attacks/speed1.1/2078-142845-0000_pitch.wav,fake,attack,none,speed1.1,speed1.1,KIRKLEATHAM YEAST,gt,na,2078,16000,1.995,test,na
2078-142845-0001_formant_mp3-128k,data/attacks/mp3-128k/2078-142845-0001_formant.wav,fake,attack,none,mp3-128k,mp3-128k,SEVENTEEN SEVENTEEN,gt,na,2078,16000,2.135,test,na
2078-142845-0001_formant_mp3-64k,data/attacks/mp3-64k/2078-142845-0001_formant.wav,fake,attack,none,mp3-64k,mp3-64k,SEVENTEEN SEVENTEEN,gt,na,2078,16000,2.135,test,na
2078-142845-0001_formant_opus-32k,data/attacks/opus-32k/2078-142845-0001_formant.wav,fake,attack,none,opus-32k,opus-32k,SEVENTEEN SEVENTEEN,gt,na,2078,16000,2.135,test,na
2078-142845-0001_formant_g711-8k,data/attacks/g711-8k/2078-142845-0001_formant.wav,fake,attack,none,g711-8k,g711-8k,SEVENTEEN SEVENTEEN,gt,na,2078,16000,2.135,test,na
2078-142845-0001_formant_resample-8k,data/attacks/resample-8k/2078-142845-0001_formant.wav,fake,attack,none,resample-8k,8k-roundtrip,SEVENTEEN SEVENTEEN,gt,na,2078,16000,2.135,test,na
2078-142845-0001_formant_awgn-snr5,data/attacks/awgn-snr5/2078-142845-0001_formant.wav,fake,attack,none,awgn-snr5,snr5,SEVENTEEN SEVENTEEN,gt,na,2078,16000,2.135,test,na
2078-142845-0001_formant_awgn-snr10,data/attacks/awgn-snr10/2078-142845-0001_formant.wav,fake,attack,none,awgn-snr10,snr10,SEVENTEEN SEVENTEEN,gt,na,2078,16000,2.135,test,na
2078-142845-0001_formant_awgn-snr20,data/attacks/awgn-snr20/2078-142845-0001_formant.wav,fake,attack,none,awgn-snr20,snr20,SEVENTEEN SEVENTEEN,gt,na,2078,16000,2.135,test,na
2078-142845-0001_formant_bandpass-300-3400,data/attacks/bandpass-300-3400/2078-142845-0001_formant.wav,fake,attack,none,bandpass-300-3400,bandpass300-3400,SEVENTEEN SEVENTEEN,gt,na,2078,16000,2.135,test,na
2078-142845-0001_formant_reverb-rt60-0.2,data/attacks/reverb-rt60-0.2/2078-142845-0001_formant.wav,fake,attack,none,reverb-rt60-0.2,rt60-0.2,SEVENTEEN SEVENTEEN,gt,na,2078,16000,2.135,test,na
2078-142845-0001_formant_reverb-rt60-0.4,data/attacks/reverb-rt60-0.4/2078-142845-0001_formant.wav,fake,attack,none,reverb-rt60-0.4,rt60-0.4,SEVENTEEN SEVENTEEN,gt,na,2078,16000,2.135,test,na
2078-142845-0001_formant_reverb-rt60-0.8,data/attacks/reverb-rt60-0.8/2078-142845-0001_formant.wav,fake,attack,none,reverb-rt60-0.8,rt60-0.8,SEVENTEEN SEVENTEEN,gt,na,2078,16000,2.135,test,na
2078-142845-0001_formant_speed0.9,data/attacks/speed0.9/2078-142845-0001_formant.wav,fake,attack,none,speed0.9,speed0.9,SEVENTEEN SEVENTEEN,gt,na,2078,16000,2.372,test,na
2078-142845-0001_formant_speed1.1,data/attacks/speed1.1/2078-142845-0001_formant.wav,fake,attack,none,speed1.1,speed1.1,SEVENTEEN SEVENTEEN,gt,na,2078,16000,1.941,test,na
2078-142845-0001_melvoc_mp3-128k,data/attacks/mp3-128k/2078-142845-0001_melvoc.wav,fake,attack,none,mp3-128k,mp3-128k,SEVENTEEN SEVENTEEN,gt,na,2078,16000,2.128,test,na
2078-142845-0001_melvoc_mp3-64k,data/attacks/mp3-64k/2078-142845-0001_melvoc.wav,fake,attack,none,mp3-64k,mp3-64k,SEVENTEEN SEVENTEEN,gt,na,2078,16000,2.128,test,na
2078-142845-0001_melvoc_opus-32k,data/attacks/opus-32k/2078-142845-0001_melvoc.wav,fake,attack,none,opus-32k,opus-32k,SEVENTEEN SEVENTEEN,gt,na,2078,16000,2.128,test,na
2078-142845-0001_melvoc_g711-8k,data/attacks/g711-8k/2078-142845-0001_melvoc.wav,fake,attack,none,g711-8k,g711-8k,SEVENTEEN SEVENTEEN,gt,na,2078,16000,2.128,test,na
2078-142845-0001_melvoc_resample-8k,data/attacks/resample-8k/2078-142845-0001_melvoc.wav,fake,attack,none,resample-8k,8k-roundtrip,SEVENTEEN SEVENTEEN,gt,na,2078,16000,2.128,test,na
2078-142845-0001_melvoc_awgn-snr5,data/attacks/awgn-snr5/2078-142845-0001_melvoc.wav,fake,attack,none,awgn-snr5,snr5,SEVENTEEN SEVENTEEN,gt,na,2078,16000,2.128,test,na
2078-142845-0001_melvoc_awgn-snr10,data/attacks/awgn-snr10/2078-142845-0001_melvoc.wav,fake,attack,none,awgn-snr10,snr10,SEVENTEEN SEVENTEEN,gt,na,2078,16000,2.128,test,na
2078-142845-0001_melvoc_awgn-snr20,data/attacks/awgn-snr20/2078-142845-0001_melvoc.wav,fake,attack,none,awgn-snr20,snr20,SEVENTEEN SEVENTEEN,gt,na,2078,16000,2.128,test,na
2078-142845-0001_melvoc_bandpass-300-3400,data/attacks/bandpass-300-3400/2078-142845-0001_melvoc.wav,fake,attack,none,bandpass-300-3400,bandpass300-3400,SEVENTEEN SEVENTEEN,gt,na,2078,16000,2.128,test,na
2078-142845-0001_melvoc_reverb-rt60-0.2,data/attacks/reverb-rt60-0.2/2078-142845-0001_melvoc.wav,fake,attack,none,reverb-rt60-0.2,rt60-0.2,SEVENTEEN SEVENTEEN,gt,na,2078,16000,2.128,test,na
2078-142845-0001_melvoc_reverb-rt60-0.4,data/attacks/reverb-rt60-0.4/2078-142845-0001_melvoc.wav,fake,attack,none,reverb-rt60-0.4,rt60-0.4,SEVENTEEN SEVENTEEN,gt,na,2078,16000,2.128,test,na
2078-142845-0001_melvoc_reverb-rt60-0.8,data/attacks/reverb-rt60-0.8/2078-142845-0001_melvoc.wav,fake,attack,none,reverb-rt60-0.8,rt60-0.8,SEVENTEEN SEVENTEEN,gt,na,2078,16000,2.128,test,na
2078-142845-0001_melvoc_speed0.9,data/attacks/speed0.9/2078-142845-0001_melvoc.wav,fake,attack,none,speed0.9,speed0.9,SEVENTEEN SEVENTEEN,gt,na,2078,16000,2.364,test,na
2078-142845-0001_melvoc_speed1.1,data/attacks/speed1.1/2078-142845-0001_melvoc.wav,fake,attack,none,speed1.1,speed1.1,SEVENTEEN SEVENTEEN,gt,na,2078,16000,1.935,test,na
2078-142845-0001_pitch_mp3-128k,data/attacks/mp3-128k/2078-142845-0001_pitch.wav,fake,attack,none,mp3-128k,mp3-128k,SEVENTEEN SEVENTEEN,gt,na,2078,16000,2.135,test,na
2078-142845-0001_pitch_mp3-64k,data/attacks/mp3-64k/2078-142845-0001_pitch.wav,fake,attack,none,mp3-64k,mp3-64k,SEVENTEEN SEVENTEEN,gt,na,2078,16000,2.135,test,na
2078-142845-0001_pitch_opus-32k,data/attacks/opus-32k/2078-142845-0001_pitch.wav,fake,attack,none,opus-32k,opus-32k,SEVENTEEN SEVENTEEN,gt,na,2078,16000,2.135,test,na
2078-142845-0001_pitch_g711-8k,data/attacks/g711-8k/2078-142845-0001_pitch.wav,fake,attack,none,g711-8k,g711-8k,SEVENTEEN SEVENTEEN,gt,na,2078,16000,2.135,test,na
2078-142845-0001_pitch_resample-8k,data/attacks/resample-8k/2078-142845-0001_pitch.wav,fake,attack,none,resample-8k,8k-roundtrip,SEVENTEEN SEVENTEEN,gt,na,2078,16000,2.135,test,na
2078-142845-0001_pitch_awgn-snr5,data/attacks/awgn-snr5/2078-142845-0001_pitch.wav,fake,attack,none,awgn-snr5,snr5,SEVENTEEN SEVENTEEN,gt,na,2078,16000,2.135,test,na
2078-142845-0001_pitch_awgn-snr10,data/attacks/awgn-snr10/2078-142845-0001_pitch.wav,fake,attack,none,awgn-snr10,snr10,SEVENTEEN SEVENTEEN,gt,na,2078,16000,2.135,test,na
2078-142845-0001_pitch_awgn-snr20,data/attacks/awgn-snr20/2078-142845-0001_pitch.wav,fake,attack,none,awgn-snr20,snr20,SEVENTEEN SEVENTEEN,gt,na,2078,16000,2.135,test,na
2078-142845-0001_pitch_bandpass-300-3400,data/attacks/bandpass-300-3400/2078-142845-0001_pitch.wav,fake,attack,none,bandpass-300-3400,bandpass300-3400,SEVENTEEN SEVENTEEN,gt,na,2078,16000,2.135,test,na
2078-142845-0001_pitch_reverb-rt60-0.2,data/attacks/reverb-rt60-0.2/2078-142845-0001_pitch.wav,fake,attack,none,reverb-rt60-0.2,rt60-0.2,SEVENTEEN SEVENTEEN,gt,na,2078,16000,2.135,test,na
2078-142845-0001_pitch_reverb-rt60-0.4,data/attacks/reverb-rt60-0.4/2078-142845-0001_pitch.wav,fake,attack,none,reverb-rt60-0.4,rt60-0.4,SEVENTEEN SEVENTEEN,gt,na,2078,16000,2.135,test,na
2078-142845-0001_pitch_reverb-rt60-0.8,data/attacks/reverb-rt60-0.8/2078-142845-0001_pitch.wav,fake,attack,none,reverb-rt60-0.8,rt60-0.8,SEVENTEEN SEVENTEEN,gt,na,2078,16000,2.135,test,na
2078-142845-0001_pitch_speed0.9,data/attacks/speed0.9/2078-142845-0001_pitch.wav,fake,attack,none,speed0.9,speed0.9,SEVENTEEN SEVENTEEN,gt,na,2078,16000,2.372,test,na
2078-142845-0001_pitch_speed1.1,data/attacks/speed1.1/2078-142845-0001_pitch.wav,fake,attack,none,speed1.1,speed1.1,SEVENTEEN SEVENTEEN,gt,na,2078,16000,1.941,test,na
2078-142845-0002_formant_mp3-128k,data/attacks/mp3-128k/2078-142845-0002_formant.wav,fake,attack,none,mp3-128k,mp3-128k,TO MAKE GOOD HOME MADE BREAD,gt,na,2078,16000,2.915,test,na
2078-142845-0002_formant_mp3-64k,data/attacks/mp3-64k/2078-142845-0002_formant.wav,fake,attack,none,mp3-64k,mp3-64k,TO MAKE GOOD HOME MADE BREAD,gt,na,2078,16000,2.915,test,na
2078-142845-0002_formant_opus-32k,data/attacks/opus-32k/2078-142845-0002_formant.wav,fake,attack,none,opus-32k,opus-32k,TO MAKE GOOD HOME MADE BREAD,gt,na,2078,16000,2.915,test,na
2078-142845-0002_formant_g711-8k,data/attacks/g711-8k/2078-142845-0002_formant.wav,fake,attack,none,g711-8k,g711-8k,TO MAKE GOOD HOME MADE BREAD,gt,na,2078,16000,2.915,test,na
2078-142845-0002_formant_resample-8k,data/attacks/resample-8k/2078-142845-0002_formant.wav,fake,attack,none,resample-8k,8k-roundtrip,TO MAKE GOOD HOME MADE BREAD,gt,na,2078,16000,2.915,test,na
2078-142845-0002_formant_awgn-snr5,data/attacks/awgn-snr5/2078-142845-0002_formant.wav,fake,attack,none,awgn-snr5,snr5,TO MAKE GOOD HOME MADE BREAD,gt,na,2078,16000,2.915,test,na
2078-142845-0002_formant_awgn-snr10,data/attacks/awgn-snr10/2078-142845-0002_formant.wav,fake,attack,none,awgn-snr10,snr10,TO MAKE GOOD HOME MADE BREAD,gt,na,2078,16000,2.915,test,na
2078-142845-0002_formant_awgn-snr20,data/attacks/awgn-snr20/2078-142845-0002_formant.wav,fake,attack,none,awgn-snr20,snr20,TO MAKE GOOD HOME MADE BREAD,gt,na,2078,16000,2.915,test,na
2078-142845-0002_formant_bandpass-300-3400,data/attacks/bandpass-300-3400/2078-142845-0002_formant.wav,fake,attack,none,bandpass-300-3400,bandpass300-3400,TO MAKE GOOD HOME MADE BREAD,gt,na,2078,16000,2.915,test,na
2078-142845-0002_formant_reverb-rt60-0.2,data/attacks/reverb-rt60-0.2/2078-142845-0002_formant.wav,fake,attack,none,reverb-rt60-0.2,rt60-0.2,TO MAKE GOOD HOME MADE BREAD,gt,na,2078,16000,2.915,test,na
2078-142845-0002_formant_reverb-rt60-0.4,data/attacks/reverb-rt60-0.4/2078-142845-0002_formant.wav,fake,attack,none,reverb-rt60-0.4,rt60-0.4,TO MAKE GOOD HOME MADE BREAD,gt,na,2078,16000,2.915,test,na
2078-142845-0002_formant_reverb-rt60-0.8,data/attacks/reverb-rt60-0.8/2078-142845-0002_formant.wav,fake,attack,none,reverb-rt60-0.8,rt60-0.8,TO MAKE GOOD HOME MADE BREAD,gt,na,2078,16000,2.915,test,na
2078-142845-0002_formant_speed0.9,data/attacks/speed0.9/2078-142845-0002_formant.wav,fake,attack,none,speed0.9,speed0.9,TO MAKE GOOD HOME MADE BREAD,gt,na,2078,16000,3.239,test,na
2078-142845-0002_formant_speed1.1,data/attacks/speed1.1/2078-142845-0002_formant.wav,fake,attack,none,speed1.1,speed1.1,TO MAKE GOOD HOME MADE BREAD,gt,na,2078,16000,2.65,test,na
2078-142845-0002_melvoc_mp3-128k,data/attacks/mp3-128k/2078-142845-0002_melvoc.wav,fake,attack,none,mp3-128k,mp3-128k,TO MAKE GOOD HOME MADE BREAD,gt,na,2078,16000,2.912,test,na
2078-142845-0002_melvoc_mp3-64k,data/attacks/mp3-64k/2078-142845-0002_melvoc.wav,fake,attack,none,mp3-64k,mp3-64k,TO MAKE GOOD HOME MADE BREAD,gt,na,2078,16000,2.912,test,na
2078-142845-0002_melvoc_opus-32k,data/attacks/opus-32k/2078-142845-0002_melvoc.wav,fake,attack,none,opus-32k,opus-32k,TO MAKE GOOD HOME MADE BREAD,gt,na,2078,16000,2.912,test,na
2078-142845-0002_melvoc_g711-8k,data/attacks/g711-8k/2078-142845-0002_melvoc.wav,fake,attack,none,g711-8k,g711-8k,TO MAKE GOOD HOME MADE BREAD,gt,na,2078,16000,2.912,test,na
2078-142845-0002_melvoc_resample-8k,data/attacks/resample-8k/2078-142845-0002_melvoc.wav,fake,attack,none,resample-8k,8k-roundtrip,TO MAKE GOOD HOME MADE BREAD,gt,na,2078,16000,2.912,test,na
2078-142845-0002_melvoc_awgn-snr5,data/attacks/awgn-snr5/2078-142845-0002_melvoc.wav,fake,attack,none,awgn-snr5,snr5,TO MAKE GOOD HOME MADE BREAD,gt,na,2078,16000,2.912,test,na
2078-142845-0002_melvoc_awgn-snr10,data/attacks/awgn-snr10/2078-142845-0002_melvoc.wav,fake,attack,none,awgn-snr10,snr10,TO MAKE GOOD HOME MADE BREAD,gt,na,2078,16000,2.912,test,na
2078-142845-0002_melvoc_awgn-snr20,data/attacks/awgn-snr20/2078-142845-0002_melvoc.wav,fake,attack,none,awgn-snr20,snr20,TO MAKE GOOD HOME MADE BREAD,gt,na,2078,16000,2.912,test,na
2078-142845-0002_melvoc_bandpass-300-3400,data/attacks/bandpass-300-3400/2078-142845-0002_melvoc.wav,fake,attack,none,bandpass-300-3400,bandpass300-3400,TO MAKE GOOD HOME MADE BREAD,gt,na,2078,16000,2.912,test,na
2078-142845-0002_melvoc_reverb-rt60-0.2,data/attacks/reverb-rt60-0.2/2078-142845-0002_melvoc.wav,fake,attack,none,reverb-rt60-0.2,rt60-0.2,TO MAKE GOOD HOME MADE BREAD,gt,na,2078,16000,2.912,test,na
2078-142845-0002_melvoc_reverb-rt60-0.4,data/attacks/reverb-rt60-0.4/2078-142845-0002_melvoc.wav,fake,attack,none,reverb-rt60-0.4,rt60-0.4,TO MAKE GOOD HOME MADE BREAD,gt,na,2078,16000,2.912,test,na
2078-142845-0002_melvoc_reverb-rt60-0.8,data/attacks/reverb-rt60-0.8/2078-142845-0002_melvoc.wav,fake,attack,none,reverb-rt60-0.8,rt60-0.8,TO MAKE GOOD HOME MADE BREAD,gt,na,2078,16000,2.912,test,na
2078-142845-0002_melvoc_speed0.9,data/attacks/speed0.9/2078-142845-0002_melvoc.wav,fake,attack,none,speed0.9,speed0.9,TO MAKE GOOD HOME MADE BREAD,gt,na,2078,16000,3.236,test,na
2078-142845-0002_melvoc_speed1.1,data/attacks/speed1.1/2078-142845-0002_melvoc.wav,fake,attack,none,speed1.1,speed1.1,TO MAKE GOOD HOME MADE BREAD,gt,na,2078,16000,2.647,test,na
2078-142845-0002_pitch_mp3-128k,data/attacks/mp3-128k/2078-142845-0002_pitch.wav,fake,attack,none,mp3-128k,mp3-128k,TO MAKE GOOD HOME MADE BREAD,gt,na,2078,16000,2.915,test,na
2078-142845-0002_pitch_mp3-64k,data/attacks/mp3-64k/2078-142845-0002_pitch.wav,fake,attack,none,mp3-64k,mp3-64k,TO MAKE GOOD HOME MADE BREAD,gt,na,2078,16000,2.915,test,na
2078-142845-0002_pitch_opus-32k,data/attacks/opus-32k/2078-142845-0002_pitch.wav,fake,attack,none,opus-32k,opus-32k,TO MAKE GOOD HOME MADE BREAD,gt,na,2078,16000,2.915,test,na
2078-142845-0002_pitch_g711-8k,data/attacks/g711-8k/2078-142845-0002_pitch.wav,fake,attack,none,g711-8k,g711-8k,TO MAKE GOOD HOME MADE BREAD,gt,na,2078,16000,2.915,test,na
2078-142845-0002_pitch_resample-8k,data/attacks/resample-8k/2078-142845-0002_pitch.wav,fake,attack,none,resample-8k,8k-roundtrip,TO MAKE GOOD HOME MADE BREAD,gt,na,2078,16000,2.915,test,na
2078-142845-0002_pitch_awgn-snr5,data/attacks/awgn-snr5/2078-142845-0002_pitch.wav,fake,attack,none,awgn-snr5,snr5,TO MAKE GOOD HOME MADE BREAD,gt,na,2078,16000,2.915,test,na
2078-142845-0002_pitch_awgn-snr10,data/attacks/awgn-snr10/2078-142845-0002_pitch.wav,fake,attack,none,awgn-snr10,snr10,TO MAKE GOOD HOME MADE BREAD,gt,na,2078,16000,2.915,test,na
2078-142845-0002_pitch_awgn-snr20,data/attacks/awgn-snr20/2078-142845-0002_pitch.wav,fake,attack,none,awgn-snr20,snr20,TO MAKE GOOD HOME MADE BREAD,gt,na,2078,16000,2.915,test,na
2078-142845-0002_pitch_bandpass-300-3400,data/attacks/bandpass-300-3400/2078-142845-0002_pitch.wav,fake,attack,none,bandpass-300-3400,bandpass300-3400,TO MAKE GOOD HOME MADE BREAD,gt,na,2078,16000,2.915,test,na
2078-142845-0002_pitch_reverb-rt60-0.2,data/attacks/reverb-rt60-0.2/2078-142845-0002_pitch.wav,fake,attack,none,reverb-rt60-0.2,rt60-0.2,TO MAKE GOOD HOME MADE BREAD,gt,na,2078,16000,2.915,test,na
2078-142845-0002_pitch_reverb-rt60-0.4,data/attacks/reverb-rt60-0.4/2078-142845-0002_pitch.wav,fake,attack,none,reverb-rt60-0.4,rt60-0.4,TO MAKE GOOD HOME MADE BREAD,gt,na,2078,16000,2.915,test,na
2078-142845-0002_pitch_reverb-rt60-0.8,data/attacks/reverb-rt60-0.8/2078-142845-0002_pitch.wav,fake,attack,none,reverb-rt60-0.8,rt60-0.8,TO MAKE GOOD HOME MADE BREAD,gt,na,2078,16000,2.915,test,na
2078-142845-0002_pitch_speed0.9,data/attacks/speed0.9/2078-142845-0002_pitch.wav,fake,attack,none,speed0.9,speed0.9,TO MAKE GOOD HOME MADE BREAD,gt,na,2078,16000,3.239,test,na
2078-142845-0002_pitch_speed1.1,data/attacks/speed1.1/2078-142845-0002_pitch.wav,fake,attack,none,speed1.1,speed1.1,TO MAKE GOOD HOME MADE BREAD,gt,na,2078,16000,2.65,test,na
2078-142845-0003_formant_mp3-128k,data/attacks/mp3-128k/2078-142845-0003_formant.wav,fake,attack,none,mp3-128k,mp3-128k,SEVENTEEN EIGHTEEN,gt,na,2078,16000,2.075,test,na
2078-142845-0003_formant_mp3-64k,data/attacks/mp3-64k/2078-142845-0003_formant.wav,fake,attack,none,mp3-64k,mp3-64k,SEVENTEEN EIGHTEEN,gt,na,2078,16000,2.075,test,na
2078-142845-0003_formant_opus-32k,data/attacks/opus-32k/2078-142845-0003_formant.wav,fake,attack,none,opus-32k,opus-32k,SEVENTEEN EIGHTEEN,gt,na,2078,16000,2.075,test,na
2078-142845-0003_formant_g711-8k,data/attacks/g711-8k/2078-142845-0003_formant.wav,fake,attack,none,g711-8k,g711-8k,SEVENTEEN EIGHTEEN,gt,na,2078,16000,2.075,test,na
2078-142845-0003_formant_resample-8k,data/attacks/resample-8k/2078-142845-0003_formant.wav,fake,attack,none,resample-8k,8k-roundtrip,SEVENTEEN EIGHTEEN,gt,na,2078,16000,2.075,test,na
2078-142845-0003_formant_awgn-snr5,data/attacks/awgn-snr5/2078-142845-0003_formant.wav,fake,attack,none,awgn-snr5,snr5,SEVENTEEN EIGHTEEN,gt,na,2078,16000,2.075,test,na
2078-142845-0003_formant_awgn-snr10,data/attacks/awgn-snr10/2078-142845-0003_formant.wav,fake,attack,none,awgn-snr10,snr10,SEVENTEEN EIGHTEEN,gt,na,2078,16000,2.075,test,na
2078-142845-0003_formant_awgn-snr20,data/attacks/awgn-snr20/2078-142845-0003_formant.wav,fake,attack,none,awgn-snr20,snr20,SEVENTEEN EIGHTEEN,gt,na,2078,16000,2.075,test,na
2078-142845-0003_formant_bandpass-300-3400,data/attacks/bandpass-300-3400/2078-142845-0003_formant.wav,fake,attack,none,bandpass-300-3400,bandpass300-3400,SEVENTEEN EIGHTEEN,gt,na,2078,16000,2.075,test,na
2078-142845-0003_formant_reverb-rt60-0.2,data/attacks/reverb-rt60-0.2/2078-142845-0003_formant.wav,fake,attack,none,reverb-rt60-0.2,rt60-0.2,SEVENTEEN EIGHTEEN,gt,na,2078,16000,2.075,test,na
2078-142845-0003_formant_reverb-rt60-0.4,data/attacks/reverb-rt60-0.4/2078-142845-0003_formant.wav,fake,attack,none,reverb-rt60-0.4,rt60-0.4,SEVENTEEN EIGHTEEN,gt,na,2078,16000,2.075,test,na
2078-142845-0003_formant_reverb-rt60-0.8,data/attacks/reverb-rt60-0.8/2078-142845-0003_formant.wav,fake,attack,none,reverb-rt60-0.8,rt60-0.8,SEVENTEEN EIGHTEEN,gt,na,2078,16000,2.075,test,na
2078-142845-0003_formant_speed0.9,data/attacks/speed0.9/2078-142845-0003_formant.wav,fake,attack,none,speed0.9,speed0.9,SEVENTEEN EIGHTEEN,gt,na,2078,16000,2.306,test,na
2078-142845-0003_formant_speed1.1,data/attacks/speed1.1/2078-142845-0003_formant.wav,fake,attack,none,speed1.1,speed1.1,SEVENTEEN EIGHTEEN,gt,na,2078,16000,1.886,test,na
2078-142845-0003_melvoc_mp3-128k,data/attacks/mp3-128k/2078-142845-0003_melvoc.wav,fake,attack,none,mp3-128k,mp3-128k,SEVENTEEN EIGHTEEN,gt,na,2078,16000,2.072,test,na
2078-142845-0003_melvoc_mp3-64k,data/attacks/mp3-64k/2078-142845-0003_melvoc.wav,fake,attack,none,mp3-64k,mp3-64k,SEVENTEEN EIGHTEEN,gt,na,2078,16000,2.072,test,na
2078-142845-0003_melvoc_opus-32k,data/attacks/opus-32k/2078-142845-0003_melvoc.wav,fake,attack,none,opus-32k,opus-32k,SEVENTEEN EIGHTEEN,gt,na,2078,16000,2.072,test,na
2078-142845-0003_melvoc_g711-8k,data/attacks/g711-8k/2078-142845-0003_melvoc.wav,fake,attack,none,g711-8k,g711-8k,SEVENTEEN EIGHTEEN,gt,na,2078,16000,2.072,test,na
2078-142845-0003_melvoc_resample-8k,data/attacks/resample-8k/2078-142845-0003_melvoc.wav,fake,attack,none,resample-8k,8k-roundtrip,SEVENTEEN EIGHTEEN,gt,na,2078,16000,2.072,test,na
2078-142845-0003_melvoc_awgn-snr5,data/attacks/awgn-snr5/2078-142845-0003_melvoc.wav,fake,attack,none,awgn-snr5,snr5,SEVENTEEN EIGHTEEN,gt,na,2078,16000,2.072,test,na
2078-142845-0003_melvoc_awgn-snr10,data/attacks/awgn-snr10/2078-142845-0003_melvoc.wav,fake,attack,none,awgn-snr10,snr10,SEVENTEEN EIGHTEEN,gt,na,2078,16000,2.072,test,na
2078-142845-0003_melvoc_awgn-snr20,data/attacks/awgn-snr20/2078-142845-0003_melvoc.wav,fake,attack,none,awgn-snr20,snr20,SEVENTEEN EIGHTEEN,gt,na,2078,16000,2.072,test,na
2078-142845-0003_melvoc_bandpass-300-3400,data/attacks/bandpass-300-3400/2078-142845-0003_melvoc.wav,fake,attack,none,bandpass-300-3400,bandpass300-3400,SEVENTEEN EIGHTEEN,gt,na,2078,16000,2.072,test,na
2078-142845-0003_melvoc_reverb-rt60-0.2,data/attacks/reverb-rt60-0.2/2078-142845-0003_melvoc.wav,fake,attack,none,reverb-rt60-0.2,rt60-0.2,SEVENTEEN EIGHTEEN,gt,na,2078,16000,2.072,test,na
2078-142845-0003_melvoc_reverb-rt60-0.4,data/attacks/reverb-rt60-0.4/2078-142845-0003_melvoc.wav,fake,attack,none,reverb-rt60-0.4,rt60-0.4,SEVENTEEN EIGHTEEN,gt,na,2078,16000,2.072,test,na
2078-142845-0003_melvoc_reverb-rt60-0.8,data/attacks/reverb-rt60-0.8/2078-142845-0003_melvoc.wav,fake,attack,none,reverb-rt60-0.8,rt60-0.8,SEVENTEEN EIGHTEEN,gt,na,2078,16000,2.072,test,na
2078-142845-0003_melvoc_speed0.9,data/attacks/speed0.9/2078-142845-0003_melvoc.wav,fake,attack,none,speed0.9,speed0.9,SEVENTEEN EIGHTEEN,gt,na,2078,16000,2.302,test,na
2078-142845-0003_melvoc_speed1.1,data/attacks/speed1.1/2078-142845-0003_melvoc.wav,fake,attack,none,speed1.1,speed1.1,SEVENTEEN EIGHTEEN,gt,na,2078,16000,1.884,test,na
2078-142845-0003_pitch_mp3-128k,data/attacks/mp3-128k/2078-142845-0003_pitch.wav,fake,attack,none,mp3-128k,mp3-128k,SEVENTEEN EIGHTEEN,gt,na,2078,16000,2.075,test,na
2078-142845-0003_pitch_mp3-64k,data/attacks/mp3-64k/2078-142845-0003_pitch.wav,fake,attack,none,mp3-64k,mp3-64k,SEVENTEEN EIGHTEEN,gt,na,2078,16000,2.075,test,na
2078-142845-0003_pitch_opus-32k,data/attacks/opus-32k/2078-142845-0003_pitch.wav,fake,attack,none,opus-32k,opus-32k,SEVENTEEN EIGHTEEN,gt,na,2078,16000,2.075,test,na
2078-142845-0003_pitch_g711-8k,data/attacks/g711-8k/2078-142845-0003_pitch.wav,fake,attack,none,g711-8k,g711-8k,SEVENTEEN EIGHTEEN,gt,na,2078,16000,2.075,test,na
2078-142845-0003_pitch_resample-8k,data/attacks/resample-8k/2078-142845-0003_pitch.wav,fake,attack,none,resample-8k,8k-roundtrip,SEVENTEEN EIGHTEEN,gt,na,2078,16000,2.075,test,na
2078-142845-0003_pitch_awgn-snr5,data/attacks/awgn-snr5/2078-142845-0003_pitch.wav,fake,attack,none,awgn-snr5,snr5,SEVENTEEN EIGHTEEN,gt,na,2078,16000,2.075,test,na
2078-142845-0003_pitch_awgn-snr10,data/attacks/awgn-snr10/2078-142845-0003_pitch.wav,fake,attack,none,awgn-snr10,snr10,SEVENTEEN EIGHTEEN,gt,na,2078,16000,2.075,test,na
2078-142845-0003_pitch_awgn-snr20,data/attacks/awgn-snr20/2078-142845-0003_pitch.wav,fake,attack,none,awgn-snr20,snr20,SEVENTEEN EIGHTEEN,gt,na,2078,16000,2.075,test,na
2078-142845-0003_pitch_bandpass-300-3400,data/attacks/bandpass-300-3400/2078-142845-0003_pitch.wav,fake,attack,none,bandpass-300-3400,bandpass300-3400,SEVENTEEN EIGHTEEN,gt,na,2078,16000,2.075,test,na
2078-142845-0003_pitch_reverb-rt60-0.2,data/attacks/reverb-rt60-0.2/2078-142845-0003_pitch.wav,fake,attack,none,reverb-rt60-0.2,rt60-0.2,SEVENTEEN EIGHTEEN,gt,na,2078,16000,2.075,test,na
2078-142845-0003_pitch_reverb-rt60-0.4,data/attacks/reverb-rt60-0.4/2078-142845-0003_pitch.wav,fake,attack,none,reverb-rt60-0.4,rt60-0.4,SEVENTEEN EIGHTEEN,gt,na,2078,16000,2.075,test,na
2078-142845-0003_pitch_reverb-rt60-0.8,data/attacks/reverb-rt60-0.8/2078-142845-0003_pitch.wav,fake,attack,none,reverb-rt60-0.8,rt60-0.8,SEVENTEEN EIGHTEEN,gt,na,2078,16000,2.075,test,na
2078-142845-0003_pitch_speed0.9,data/attacks/speed0.9/2078-142845-0003_pitch.wav,fake,attack,none,speed0.9,speed0.9,SEVENTEEN EIGHTEEN,gt,na,2078,16000,2.306,test,na
2078-142845-0003_pitch_speed1.1,data/attacks/speed1.1/2078-142845-0003_pitch.wav,fake,attack,none,speed1.1,speed1.1,SEVENTEEN EIGHTEEN,gt,na,2078,16000,1.886,test,na
2078-142845-0004_formant_mp3-128k,data/attacks/mp3-128k/2078-142845-0004_formant.wav,fake,attack,none,mp3-128k,mp3-128k,MODE PUT THE FLOUR INTO A LARGE EARTHENWARE BOWL OR DEEP PAN THEN WITH A STRONG METAL OR WOODEN SPOON HOLLOW OUT THE MIDDLE BUT DO NOT CLEAR IT ENTIRELY AWAY FROM THE BOTTOM OF THE PAN AS IN THAT CASE THE SPONGE OR LEAVEN AS IT WAS FORMERLY TERMED WOULD STICK TO IT WHICH IT OUGHT NOT TO DO,gt,na,2078,16000,23.175,test,na
2078-142845-0004_formant_mp3-64k,data/attacks/mp3-64k/2078-142845-0004_formant.wav,fake,attack,none,mp3-64k,mp3-64k,MODE PUT THE FLOUR INTO A LARGE EARTHENWARE BOWL OR DEEP PAN THEN WITH A STRONG METAL OR WOODEN SPOON HOLLOW OUT THE MIDDLE BUT DO NOT CLEAR IT ENTIRELY AWAY FROM THE BOTTOM OF THE PAN AS IN THAT CASE THE SPONGE OR LEAVEN AS IT WAS FORMERLY TERMED WOULD STICK TO IT WHICH IT OUGHT NOT TO DO,gt,na,2078,16000,23.175,test,na
2078-142845-0004_formant_opus-32k,data/attacks/opus-32k/2078-142845-0004_formant.wav,fake,attack,none,opus-32k,opus-32k,MODE PUT THE FLOUR INTO A LARGE EARTHENWARE BOWL OR DEEP PAN THEN WITH A STRONG METAL OR WOODEN SPOON HOLLOW OUT THE MIDDLE BUT DO NOT CLEAR IT ENTIRELY AWAY FROM THE BOTTOM OF THE PAN AS IN THAT CASE THE SPONGE OR LEAVEN AS IT WAS FORMERLY TERMED WOULD STICK TO IT WHICH IT OUGHT NOT TO DO,gt,na,2078,16000,23.175,test,na
2078-142845-0004_formant_g711-8k,data/attacks/g711-8k/2078-142845-0004_formant.wav,fake,attack,none,g711-8k,g711-8k,MODE PUT THE FLOUR INTO A LARGE EARTHENWARE BOWL OR DEEP PAN THEN WITH A STRONG METAL OR WOODEN SPOON HOLLOW OUT THE MIDDLE BUT DO NOT CLEAR IT ENTIRELY AWAY FROM THE BOTTOM OF THE PAN AS IN THAT CASE THE SPONGE OR LEAVEN AS IT WAS FORMERLY TERMED WOULD STICK TO IT WHICH IT OUGHT NOT TO DO,gt,na,2078,16000,23.175,test,na
2078-142845-0004_formant_resample-8k,data/attacks/resample-8k/2078-142845-0004_formant.wav,fake,attack,none,resample-8k,8k-roundtrip,MODE PUT THE FLOUR INTO A LARGE EARTHENWARE BOWL OR DEEP PAN THEN WITH A STRONG METAL OR WOODEN SPOON HOLLOW OUT THE MIDDLE BUT DO NOT CLEAR IT ENTIRELY AWAY FROM THE BOTTOM OF THE PAN AS IN THAT CASE THE SPONGE OR LEAVEN AS IT WAS FORMERLY TERMED WOULD STICK TO IT WHICH IT OUGHT NOT TO DO,gt,na,2078,16000,23.175,test,na
2078-142845-0004_formant_awgn-snr5,data/attacks/awgn-snr5/2078-142845-0004_formant.wav,fake,attack,none,awgn-snr5,snr5,MODE PUT THE FLOUR INTO A LARGE EARTHENWARE BOWL OR DEEP PAN THEN WITH A STRONG METAL OR WOODEN SPOON HOLLOW OUT THE MIDDLE BUT DO NOT CLEAR IT ENTIRELY AWAY FROM THE BOTTOM OF THE PAN AS IN THAT CASE THE SPONGE OR LEAVEN AS IT WAS FORMERLY TERMED WOULD STICK TO IT WHICH IT OUGHT NOT TO DO,gt,na,2078,16000,23.175,test,na
2078-142845-0004_formant_awgn-snr10,data/attacks/awgn-snr10/2078-142845-0004_formant.wav,fake,attack,none,awgn-snr10,snr10,MODE PUT THE FLOUR INTO A LARGE EARTHENWARE BOWL OR DEEP PAN THEN WITH A STRONG METAL OR WOODEN SPOON HOLLOW OUT THE MIDDLE BUT DO NOT CLEAR IT ENTIRELY AWAY FROM THE BOTTOM OF THE PAN AS IN THAT CASE THE SPONGE OR LEAVEN AS IT WAS FORMERLY TERMED WOULD STICK TO IT WHICH IT OUGHT NOT TO DO,gt,na,2078,16000,23.175,test,na
2078-142845-0004_formant_awgn-snr20,data/attacks/awgn-snr20/2078-142845-0004_formant.wav,fake,attack,none,awgn-snr20,snr20,MODE PUT THE FLOUR INTO A LARGE EARTHENWARE BOWL OR DEEP PAN THEN WITH A STRONG METAL OR WOODEN SPOON HOLLOW OUT THE MIDDLE BUT DO NOT CLEAR IT ENTIRELY AWAY FROM THE BOTTOM OF THE PAN AS IN THAT CASE THE SPONGE OR LEAVEN AS IT WAS FORMERLY TERMED WOULD STICK TO IT WHICH IT OUGHT NOT TO DO,gt,na,2078,16000,23.175,test,na
2078-142845-0004_formant_bandpass-300-3400,data/attacks/bandpass-300-3400/2078-142845-0004_formant.wav,fake,attack,none,bandpass-300-3400,bandpass300-3400,MODE PUT THE FLOUR INTO A LARGE EARTHENWARE BOWL OR DEEP PAN THEN WITH A STRONG METAL OR WOODEN SPOON HOLLOW OUT THE MIDDLE BUT DO NOT CLEAR IT ENTIRELY AWAY FROM THE BOTTOM OF THE PAN AS IN THAT CASE THE SPONGE OR LEAVEN AS IT WAS FORMERLY TERMED WOULD STICK TO IT WHICH IT OUGHT NOT TO DO,gt,na,2078,16000,23.175,test,na
2078-142845-0004_formant_reverb-rt60-0.2,data/attacks/reverb-rt60-0.2/2078-142845-0004_formant.wav,fake,attack,none,reverb-rt60-0.2,rt60-0.2,MODE PUT THE FLOUR INTO A LARGE EARTHENWARE BOWL OR DEEP PAN THEN WITH A STRONG METAL OR WOODEN SPOON HOLLOW OUT THE MIDDLE BUT DO NOT CLEAR IT ENTIRELY AWAY FROM THE BOTTOM OF THE PAN AS IN THAT CASE THE SPONGE OR LEAVEN AS IT WAS FORMERLY TERMED WOULD STICK TO IT WHICH IT OUGHT NOT TO DO,gt,na,2078,16000,23.175,test,na
2078-142845-0004_formant_reverb-rt60-0.4,data/attacks/reverb-rt60-0.4/2078-142845-0004_formant.wav,fake,attack,none,reverb-rt60-0.4,rt60-0.4,MODE PUT THE FLOUR INTO A LARGE EARTHENWARE BOWL OR DEEP PAN THEN WITH A STRONG METAL OR WOODEN SPOON HOLLOW OUT THE MIDDLE BUT DO NOT CLEAR IT ENTIRELY AWAY FROM THE BOTTOM OF THE PAN AS IN THAT CASE THE SPONGE OR LEAVEN AS IT WAS FORMERLY TERMED WOULD STICK TO IT WHICH IT OUGHT NOT TO DO,gt,na,2078,16000,23.175,test,na
2078-142845-0004_formant_reverb-rt60-0.8,data/attacks/reverb-rt60-0.8/2078-142845-0004_formant.wav,fake,attack,none,reverb-rt60-0.8,rt60-0.8,MODE PUT THE FLOUR INTO A LARGE EARTHENWARE BOWL OR DEEP PAN THEN WITH A STRONG METAL OR WOODEN SPOON HOLLOW OUT THE MIDDLE BUT DO NOT CLEAR IT ENTIRELY AWAY FROM THE BOTTOM OF THE PAN AS IN THAT CASE THE SPONGE OR LEAVEN AS IT WAS FORMERLY TERMED WOULD STICK TO IT WHICH IT OUGHT NOT TO DO,gt,na,2078,16000,23.175,test,na
2078-142845-0004_formant_speed0.9,data/attacks/speed0.9/2078-142845-0004_formant.wav,fake,attack,none,speed0.9,speed0.9,MODE PUT THE FLOUR INTO A LARGE EARTHENWARE BOWL OR DEEP PAN THEN WITH A STRONG METAL OR WOODEN SPOON HOLLOW OUT THE MIDDLE BUT DO NOT CLEAR IT ENTIRELY AWAY FROM THE BOTTOM OF THE PAN AS IN THAT CASE THE SPONGE OR LEAVEN AS IT WAS FORMERLY TERMED WOULD STICK TO IT WHICH IT OUGHT NOT TO DO,gt,na,2078,16000,25.75,test,na
2078-142845-0004_formant_speed1.1,data/attacks/speed1.1/2078-142845-0004_formant.wav,fake,attack,none,speed1.1,speed1.1,MODE PUT THE FLOUR INTO A LARGE EARTHENWARE BOWL OR DEEP PAN THEN WITH A STRONG METAL OR WOODEN SPOON HOLLOW OUT THE MIDDLE BUT DO NOT CLEAR IT ENTIRELY AWAY FROM THE BOTTOM OF THE PAN AS IN THAT CASE THE SPONGE OR LEAVEN AS IT WAS FORMERLY TERMED WOULD STICK TO IT WHICH IT OUGHT NOT TO DO,gt,na,2078,16000,21.068,test,na
2078-142845-0004_melvoc_mp3-128k,data/attacks/mp3-128k/2078-142845-0004_melvoc.wav,fake,attack,none,mp3-128k,mp3-128k,MODE PUT THE FLOUR INTO A LARGE EARTHENWARE BOWL OR DEEP PAN THEN WITH A STRONG METAL OR WOODEN SPOON HOLLOW OUT THE MIDDLE BUT DO NOT CLEAR IT ENTIRELY AWAY FROM THE BOTTOM OF THE PAN AS IN THAT CASE THE SPONGE OR LEAVEN AS IT WAS FORMERLY TERMED WOULD STICK TO IT WHICH IT OUGHT NOT TO DO,gt,na,2078,16000,23.168,test,na
2078-142845-0004_melvoc_mp3-64k,data/attacks/mp3-64k/2078-142845-0004_melvoc.wav,fake,attack,none,mp3-64k,mp3-64k,MODE PUT THE FLOUR INTO A LARGE EARTHENWARE BOWL OR DEEP PAN THEN WITH A STRONG METAL OR WOODEN SPOON HOLLOW OUT THE MIDDLE BUT DO NOT CLEAR IT ENTIRELY AWAY FROM THE BOTTOM OF THE PAN AS IN THAT CASE THE SPONGE OR LEAVEN AS IT WAS FORMERLY TERMED WOULD STICK TO IT WHICH IT OUGHT NOT TO DO,gt,na,2078,16000,23.168,test,na
2078-142845-0004_melvoc_opus-32k,data/attacks/opus-32k/2078-142845-0004_melvoc.wav,fake,attack,none,opus-32k,opus-32k,MODE PUT THE FLOUR INTO A LARGE EARTHENWARE BOWL OR DEEP PAN THEN WITH A STRONG METAL OR WOODEN SPOON HOLLOW OUT THE MIDDLE BUT DO NOT CLEAR IT ENTIRELY AWAY FROM THE BOTTOM OF THE PAN AS IN THAT CASE THE SPONGE OR LEAVEN AS IT WAS FORMERLY TERMED WOULD STICK TO IT WHICH IT OUGHT NOT TO DO,gt,na,2078,16000,23.168,test,na
2078-142845-0004_melvoc_g711-8k,data/attacks/g711-8k/2078-142845-0004_melvoc.wav,fake,attack,none,g711-8k,g711-8k,MODE PUT THE FLOUR INTO A LARGE EARTHENWARE BOWL OR DEEP PAN THEN WITH A STRONG METAL OR WOODEN SPOON HOLLOW OUT THE MIDDLE BUT DO NOT CLEAR IT ENTIRELY AWAY FROM THE BOTTOM OF THE PAN AS IN THAT CASE THE SPONGE OR LEAVEN AS IT WAS FORMERLY TERMED WOULD STICK TO IT WHICH IT OUGHT NOT TO DO,gt,na,2078,16000,23.168,test,na
2078-142845-0004_melvoc_resample-8k,data/attacks/resample-8k/2078-142845-0004_melvoc.wav,fake,attack,none,resample-8k,8k-roundtrip,MODE PUT THE FLOUR INTO A LARGE EARTHENWARE BOWL OR DEEP PAN THEN WITH A STRONG METAL OR WOODEN SPOON HOLLOW OUT THE MIDDLE BUT DO NOT CLEAR IT ENTIRELY AWAY FROM THE BOTTOM OF THE PAN AS IN THAT CASE THE SPONGE OR LEAVEN AS IT WAS FORMERLY TERMED WOULD STICK TO IT WHICH IT OUGHT NOT TO DO,gt,na,2078,16000,23.168,test,na
2078-142845-0004_melvoc_awgn-snr5,data/attacks/awgn-snr5/2078-142845-0004_melvoc.wav,fake,attack,none,awgn-snr5,snr5,MODE PUT THE FLOUR INTO A LARGE EARTHENWARE BOWL OR DEEP PAN THEN WITH A STRONG METAL OR WOODEN SPOON HOLLOW OUT THE MIDDLE BUT DO NOT CLEAR IT ENTIRELY AWAY FROM THE BOTTOM OF THE PAN AS IN THAT CASE THE SPONGE OR LEAVEN AS IT WAS FORMERLY TERMED WOULD STICK TO IT WHICH IT OUGHT NOT TO DO,gt,na,2078,16000,23.168,test,na
2078-142845-0004_melvoc_awgn-snr10,data/attacks/awgn-snr10/2078-142845-0004_melvoc.wav,fake,attack,none,awgn-snr10,snr10,MODE PUT THE FLOUR INTO A LARGE EARTHENWARE BOWL OR DEEP PAN THEN WITH A STRONG METAL OR WOODEN SPOON HOLLOW OUT THE MIDDLE BUT DO NOT CLEAR IT ENTIRELY AWAY FROM THE BOTTOM OF THE PAN AS IN THAT CASE THE SPONGE OR LEAVEN AS IT WAS FORMERLY TERMED WOULD STICK TO IT WHICH IT OUGHT NOT TO DO,gt,na,2078,16000,23.168,test,na
2078-142845-0004_melvoc_awgn-snr20,data/attacks/awgn-snr20/2078-142845-0004_melvoc.wav,fake,attack,none,awgn-snr20,snr20,MODE PUT THE FLOUR INTO A LARGE EARTHENWARE BOWL OR DEEP PAN THEN WITH A STRONG METAL OR WOODEN SPOON HOLLOW OUT THE MIDDLE BUT DO NOT CLEAR IT ENTIRELY AWAY FROM THE BOTTOM OF THE PAN AS IN THAT CASE THE SPONGE OR LEAVEN AS IT WAS FORMERLY TERMED WOULD STICK TO IT WHICH IT OUGHT NOT TO DO,gt,na,2078,16000,23.168,test,na
2078-142845-0004_melvoc_bandpass-300-3400,data/attacks/bandpass-300-3400/2078-142845-0004_melvoc.wav,fake,attack,none,bandpass-300-3400,bandpass300-3400,MODE PUT THE FLOUR INTO A LARGE EARTHENWARE BOWL OR DEEP PAN THEN WITH A STRONG METAL OR WOODEN SPOON HOLLOW OUT THE MIDDLE BUT DO NOT CLEAR IT ENTIRELY AWAY FROM THE BOTTOM OF THE PAN AS IN THAT CASE THE SPONGE OR LEAVEN AS IT WAS FORMERLY TERMED WOULD STICK TO IT WHICH IT OUGHT NOT TO DO,gt,na,2078,16000,23.168,test,na
2078-142845-0004_melvoc_reverb-rt60-0.2,data/attacks/reverb-rt60-0.2/2078-142845-0004_melvoc.wav,fake,attack,none,reverb-rt60-0.2,rt60-0.2,MODE PUT THE FLOUR INTO A LARGE EARTHENWARE BOWL OR DEEP PAN THEN WITH A STRONG METAL OR WOODEN SPOON HOLLOW OUT THE MIDDLE BUT DO NOT CLEAR IT ENTIRELY AWAY FROM THE BOTTOM OF THE PAN AS IN THAT CASE THE SPONGE OR LEAVEN AS IT WAS FORMERLY TERMED WOULD STICK TO IT WHICH IT OUGHT NOT TO DO,gt,na,2078,16000,23.168,test,na
2078-142845-0004_melvoc_reverb-rt60-0.4,data/attacks/reverb-rt60-0.4/2078-142845-0004_melvoc.wav,fake,attack,none,reverb-rt60-0.4,rt60-0.4,MODE PUT THE FLOUR INTO A LARGE EARTHENWARE BOWL OR DEEP PAN THEN WITH A STRONG METAL OR WOODEN SPOON HOLLOW OUT THE MIDDLE BUT DO NOT CLEAR IT ENTIRELY AWAY FROM THE BOTTOM OF THE PAN AS IN THAT CASE THE SPONGE OR LEAVEN AS IT WAS FORMERLY TERMED WOULD STICK TO IT WHICH IT OUGHT NOT TO DO,gt,na,2078,16000,23.168,test,na
2078-142845-0004_melvoc_reverb-rt60-0.8,data/attacks/reverb-rt60-0.8/2078-142845-0004_melvoc.wav,fake,attack,none,reverb-rt60-0.8,rt60-0.8,MODE PUT THE FLOUR INTO A LARGE EARTHENWARE BOWL OR DEEP PAN THEN WITH A STRONG METAL OR WOODEN SPOON HOLLOW OUT THE MIDDLE BUT DO NOT CLEAR IT ENTIRELY AWAY FROM THE BOTTOM OF THE PAN AS IN THAT CASE THE SPONGE OR LEAVEN AS IT WAS FORMERLY TERMED WOULD STICK TO IT WHICH IT OUGHT NOT TO DO,gt,na,2078,16000,23.168,test,na
2078-142845-0004_melvoc_speed0.9,data/attacks/speed0.9/2078-142845-0004_melvoc.wav,fake,attack,none,speed0.9,speed0.9,MODE PUT THE FLOUR INTO A LARGE EARTHENWARE BOWL OR DEEP PAN THEN WITH A STRONG METAL OR WOODEN SPOON HOLLOW OUT THE MIDDLE BUT DO NOT CLEAR IT ENTIRELY AWAY FROM THE BOTTOM OF THE PAN AS IN THAT CASE THE SPONGE OR LEAVEN AS IT WAS FORMERLY TERMED WOULD STICK TO IT WHICH IT OUGHT NOT TO DO,gt,na,2078,16000,25.742,test,na
2078-142845-0004_melvoc_speed1.1,data/attacks/speed1.1/2078-142845-0004_melvoc.wav,fake,attack,none,speed1.1,speed1.1,MODE PUT THE FLOUR INTO A LARGE EARTHENWARE BOWL OR DEEP PAN THEN WITH A STRONG METAL OR WOODEN SPOON HOLLOW OUT THE MIDDLE BUT DO NOT CLEAR IT ENTIRELY AWAY FROM THE BOTTOM OF THE PAN AS IN THAT CASE THE SPONGE OR LEAVEN AS IT WAS FORMERLY TERMED WOULD STICK TO IT WHICH IT OUGHT NOT TO DO,gt,na,2078,16000,21.062,test,na
2078-142845-0004_pitch_mp3-128k,data/attacks/mp3-128k/2078-142845-0004_pitch.wav,fake,attack,none,mp3-128k,mp3-128k,MODE PUT THE FLOUR INTO A LARGE EARTHENWARE BOWL OR DEEP PAN THEN WITH A STRONG METAL OR WOODEN SPOON HOLLOW OUT THE MIDDLE BUT DO NOT CLEAR IT ENTIRELY AWAY FROM THE BOTTOM OF THE PAN AS IN THAT CASE THE SPONGE OR LEAVEN AS IT WAS FORMERLY TERMED WOULD STICK TO IT WHICH IT OUGHT NOT TO DO,gt,na,2078,16000,23.175,test,na
2078-142845-0004_pitch_mp3-64k,data/attacks/mp3-64k/2078-142845-0004_pitch.wav,fake,attack,none,mp3-64k,mp3-64k,MODE PUT THE FLOUR INTO A LARGE EARTHENWARE BOWL OR DEEP PAN THEN WITH A STRONG METAL OR WOODEN SPOON HOLLOW OUT THE MIDDLE BUT DO NOT CLEAR IT ENTIRELY AWAY FROM THE BOTTOM OF THE PAN AS IN THAT CASE THE SPONGE OR LEAVEN AS IT WAS FORMERLY TERMED WOULD STICK TO IT WHICH IT OUGHT NOT TO DO,gt,na,2078,16000,23.175,test,na
2078-142845-0004_pitch_opus-32k,data/attacks/opus-32k/2078-142845-0004_pitch.wav,fake,attack,none,opus-32k,opus-32k,MODE PUT THE FLOUR INTO A LARGE EARTHENWARE BOWL OR DEEP PAN THEN WITH A STRONG METAL OR WOODEN SPOON HOLLOW OUT THE MIDDLE BUT DO NOT CLEAR IT ENTIRELY AWAY FROM THE BOTTOM OF THE PAN AS IN THAT CASE THE SPONGE OR LEAVEN AS IT WAS FORMERLY TERMED WOULD STICK TO IT WHICH IT OUGHT NOT TO DO,gt,na,2078,16000,23.175,test,na
2078-142845-0004_pitch_g711-8k,data/attacks/g711-8k/2078-142845-0004_pitch.wav,fake,attack,none,g711-8k,g711-8k,MODE PUT THE FLOUR INTO A LARGE EARTHENWARE BOWL OR DEEP PAN THEN WITH A STRONG METAL OR WOODEN SPOON HOLLOW OUT THE MIDDLE BUT DO NOT CLEAR IT ENTIRELY AWAY FROM THE BOTTOM OF THE PAN AS IN THAT CASE THE SPONGE OR LEAVEN AS IT WAS FORMERLY TERMED WOULD STICK TO IT WHICH IT OUGHT NOT TO DO,gt,na,2078,16000,23.175,test,na
2078-142845-0004_pitch_resample-8k,data/attacks/resample-8k/2078-142845-0004_pitch.wav,fake,attack,none,resample-8k,8k-roundtrip,MODE PUT THE FLOUR INTO A LARGE EARTHENWARE BOWL OR DEEP PAN THEN WITH A STRONG METAL OR WOODEN SPOON HOLLOW OUT THE MIDDLE BUT DO NOT CLEAR IT ENTIRELY AWAY FROM THE BOTTOM OF THE PAN AS IN THAT CASE THE SPONGE OR LEAVEN AS IT WAS FORMERLY TERMED WOULD STICK TO IT WHICH IT OUGHT NOT TO DO,gt,na,2078,16000,23.175,test,na
2078-142845-0004_pitch_awgn-snr5,data/attacks/awgn-snr5/2078-142845-0004_pitch.wav,fake,attack,none,awgn-snr5,snr5,MODE PUT THE FLOUR INTO A LARGE EARTHENWARE BOWL OR DEEP PAN THEN WITH A STRONG METAL OR WOODEN SPOON HOLLOW OUT THE MIDDLE BUT DO NOT CLEAR IT ENTIRELY AWAY FROM THE BOTTOM OF THE PAN AS IN THAT CASE THE SPONGE OR LEAVEN AS IT WAS FORMERLY TERMED WOULD STICK TO IT WHICH IT OUGHT NOT TO DO,gt,na,2078,16000,23.175,test,na
2078-142845-0004_pitch_awgn-snr10,data/attacks/awgn-snr10/2078-142845-0004_pitch.wav,fake,attack,none,awgn-snr10,snr10,MODE PUT THE FLOUR INTO A LARGE EARTHENWARE BOWL OR DEEP PAN THEN WITH A STRONG METAL OR WOODEN SPOON HOLLOW OUT THE MIDDLE BUT DO NOT CLEAR IT ENTIRELY AWAY FROM THE BOTTOM OF THE PAN AS IN THAT CASE THE SPONGE OR LEAVEN AS IT WAS FORMERLY TERMED WOULD STICK TO IT WHICH IT OUGHT NOT TO DO,gt,na,2078,16000,23.175,test,na
2078-142845-0004_pitch_awgn-snr20,data/attacks/awgn-snr20/2078-142845-0004_pitch.wav,fake,attack,none,awgn-snr20,snr20,MODE PUT THE FLOUR INTO A LARGE EARTHENWARE BOWL OR DEEP PAN THEN WITH A STRONG METAL OR WOODEN SPOON HOLLOW OUT THE MIDDLE BUT DO NOT CLEAR IT ENTIRELY AWAY FROM THE BOTTOM OF THE PAN AS IN THAT CASE THE SPONGE OR LEAVEN AS IT WAS FORMERLY TERMED WOULD STICK TO IT WHICH IT OUGHT NOT TO DO,gt,na,2078,16000,23.175,test,na
2078-142845-0004_pitch_bandpass-300-3400,data/attacks/bandpass-300-3400/2078-142845-0004_pitch.wav,fake,attack,none,bandpass-300-3400,bandpass300-3400,MODE PUT THE FLOUR INTO A LARGE EARTHENWARE BOWL OR DEEP PAN THEN WITH A STRONG METAL OR WOODEN SPOON HOLLOW OUT THE MIDDLE BUT DO NOT CLEAR IT ENTIRELY AWAY FROM THE BOTTOM OF THE PAN AS IN THAT CASE THE SPONGE OR LEAVEN AS IT WAS FORMERLY TERMED WOULD STICK TO IT WHICH IT OUGHT NOT TO DO,gt,na,2078,16000,23.175,test,na
2078-142845-0004_pitch_reverb-rt60-0.2,data/attacks/reverb-rt60-0.2/2078-142845-0004_pitch.wav,fake,attack,none,reverb-rt60-0.2,rt60-0.2,MODE PUT THE FLOUR INTO A LARGE EARTHENWARE BOWL OR DEEP PAN THEN WITH A STRONG METAL OR WOODEN SPOON HOLLOW OUT THE MIDDLE BUT DO NOT CLEAR IT ENTIRELY AWAY FROM THE BOTTOM OF THE PAN AS IN THAT CASE THE SPONGE OR LEAVEN AS IT WAS FORMERLY TERMED WOULD STICK TO IT WHICH IT OUGHT NOT TO DO,gt,na,2078,16000,23.175,test,na
2078-142845-0004_pitch_reverb-rt60-0.4,data/attacks/reverb-rt60-0.4/2078-142845-0004_pitch.wav,fake,attack,none,reverb-rt60-0.4,rt60-0.4,MODE PUT THE FLOUR INTO A LARGE EARTHENWARE BOWL OR DEEP PAN THEN WITH A STRONG METAL OR WOODEN SPOON HOLLOW OUT THE MIDDLE BUT DO NOT CLEAR IT ENTIRELY AWAY FROM THE BOTTOM OF THE PAN AS IN THAT CASE THE SPONGE OR LEAVEN AS IT WAS FORMERLY TERMED WOULD STICK TO IT WHICH IT OUGHT NOT TO DO,gt,na,2078,16000,23.175,test,na
2078-142845-0004_pitch_reverb-rt60-0.8,data/attacks/reverb-rt60-0.8/2078-142845-0004_pitch.wav,fake,attack,none,reverb-rt60-0.8,rt60-0.8,MODE PUT THE FLOUR INTO A LARGE EARTHENWARE BOWL OR DEEP PAN THEN WITH A STRONG METAL OR WOODEN SPOON HOLLOW OUT THE MIDDLE BUT DO NOT CLEAR IT ENTIRELY AWAY FROM THE BOTTOM OF THE PAN AS IN THAT CASE THE SPONGE OR LEAVEN AS IT WAS FORMERLY TERMED WOULD STICK TO IT WHICH IT OUGHT NOT TO DO,gt,na,2078,16000,23.175,test,na
2078-142845-0004_pitch_speed0.9,data/attacks/speed0.9/2078-142845-0004_pitch.wav,fake,attack,none,speed0.9,speed0.9,MODE PUT THE FLOUR INTO A LARGE EARTHENWARE BOWL OR DEEP PAN THEN WITH A STRONG METAL OR WOODEN SPOON HOLLOW OUT THE MIDDLE BUT DO NOT CLEAR IT ENTIRELY AWAY FROM THE BOTTOM OF THE PAN AS IN THAT CASE THE SPONGE OR LEAVEN AS IT WAS FORMERLY TERMED WOULD STICK TO IT WHICH IT OUGHT NOT TO DO,gt,na,2078,16000,25.75,test,na
2078-142845-0004_pitch_speed1.1,data/attacks/speed1.1/2078-142845-0004_pitch.wav,fake,attack,none,speed1.1,speed1.1,MODE PUT THE FLOUR INTO A LARGE EARTHENWARE BOWL OR DEEP PAN THEN WITH A STRONG METAL OR WOODEN SPOON HOLLOW OUT THE MIDDLE BUT DO NOT CLEAR IT ENTIRELY AWAY FROM THE BOTTOM OF THE PAN AS IN THAT CASE THE SPONGE OR LEAVEN AS IT WAS FORMERLY TERMED WOULD STICK TO IT WHICH IT OUGHT NOT TO DO,gt,na,2078,16000,21.068,test,na
2078-142845-0005_formant_mp3-128k,data/attacks/mp3-128k/2078-142845-0005_formant.wav,fake,attack,none,mp3-128k,mp3-128k,NEXT TAKE EITHER A LARGE TABLESPOONFUL OF BREWER'S YEAST WHICH HAS BEEN RENDERED SOLID BY MIXING IT WITH PLENTY OF COLD WATER AND LETTING IT AFTERWARDS STAND TO SETTLE FOR A DAY AND NIGHT OR NEARLY AN OUNCE OF GERMAN YEAST PUT IT INTO A LARGE BASIN AND PROCEED TO MIX IT SO THAT IT SHALL BE AS SMOOTH AS CREAM WITH THREE QUARTERS PINT OF WARM MILK AND WATER OR WITH WATER ONLY THOUGH EVEN A VERY LITTLE MILK WILL MUCH IMPROVE THE BREAD,gt,na,2078,16000,31.375,test,na
2078-142845-0005_formant_mp3-64k,data/attacks/mp3-64k/2078-142845-0005_formant.wav,fake,attack,none,mp3-64k,mp3-64k,NEXT TAKE EITHER A LARGE TABLESPOONFUL OF BREWER'S YEAST WHICH HAS BEEN RENDERED SOLID BY MIXING IT WITH PLENTY OF COLD WATER AND LETTING IT AFTERWARDS STAND TO SETTLE FOR A DAY AND NIGHT OR NEARLY AN OUNCE OF GERMAN YEAST PUT IT INTO A LARGE BASIN AND PROCEED TO MIX IT SO THAT IT SHALL BE AS SMOOTH AS CREAM WITH THREE QUARTERS PINT OF WARM MILK AND WATER OR WITH WATER ONLY THOUGH EVEN A VERY LITTLE MILK WILL MUCH IMPROVE THE BREAD,gt,na,2078,16000,31.375,test,na
2078-142845-0005_formant_opus-32k,data/attacks/opus-32k/2078-142845-0005_formant.wav,fake,attack,none,opus-32k,opus-32k,NEXT TAKE EITHER A LARGE TABLESPOONFUL OF BREWER'S YEAST WHICH HAS BEEN RENDERED SOLID BY MIXING IT WITH PLENTY OF COLD WATER AND LETTING IT AFTERWARDS STAND TO SETTLE FOR A DAY AND NIGHT OR NEARLY AN OUNCE OF GERMAN YEAST PUT IT INTO A LARGE BASIN AND PROCEED TO MIX IT SO THAT IT SHALL BE AS SMOOTH AS CREAM WITH THREE QUARTERS PINT OF WARM MILK AND WATER OR WITH WATER ONLY THOUGH EVEN A VERY LITTLE MILK WILL MUCH IMPROVE THE BREAD,gt,na,2078,16000,31.375,test,na
2078-142845-0005_formant_g711-8k,data/attacks/g711-8k/2078-142845-0005_formant.wav,fake,attack,none,g711-8k,g711-8k,NEXT TAKE EITHER A LARGE TABLESPOONFUL OF BREWER'S YEAST WHICH HAS BEEN RENDERED SOLID BY MIXING IT WITH PLENTY OF COLD WATER AND LETTING IT AFTERWARDS STAND TO SETTLE FOR A DAY AND NIGHT OR NEARLY AN OUNCE OF GERMAN YEAST PUT IT INTO A LARGE BASIN AND PROCEED TO MIX IT SO THAT IT SHALL BE AS SMOOTH AS CREAM WITH THREE QUARTERS PINT OF WARM MILK AND WATER OR WITH WATER ONLY THOUGH EVEN A VERY LITTLE MILK WILL MUCH IMPROVE THE BREAD,gt,na,2078,16000,31.375,test,na
2078-142845-0005_formant_resample-8k,data/attacks/resample-8k/2078-142845-0005_formant.wav,fake,attack,none,resample-8k,8k-roundtrip,NEXT TAKE EITHER A LARGE TABLESPOONFUL OF BREWER'S YEAST WHICH HAS BEEN RENDERED SOLID BY MIXING IT WITH PLENTY OF COLD WATER AND LETTING IT AFTERWARDS STAND TO SETTLE FOR A DAY AND NIGHT OR NEARLY AN OUNCE OF GERMAN YEAST PUT IT INTO A LARGE BASIN AND PROCEED TO MIX IT SO THAT IT SHALL BE AS SMOOTH AS CREAM WITH THREE QUARTERS PINT OF WARM MILK AND WATER OR WITH WATER ONLY THOUGH EVEN A VERY LITTLE MILK WILL MUCH IMPROVE THE BREAD,gt,na,2078,16000,31.375,test,na
2078-142845-0005_formant_awgn-snr5,data/attacks/awgn-snr5/2078-142845-0005_formant.wav,fake,attack,none,awgn-snr5,snr5,NEXT TAKE EITHER A LARGE TABLESPOONFUL OF BREWER'S YEAST WHICH HAS BEEN RENDERED SOLID BY MIXING IT WITH PLENTY OF COLD WATER AND LETTING IT AFTERWARDS STAND TO SETTLE FOR A DAY AND NIGHT OR NEARLY AN OUNCE OF GERMAN YEAST PUT IT INTO A LARGE BASIN AND PROCEED TO MIX IT SO THAT IT SHALL BE AS SMOOTH AS CREAM WITH THREE QUARTERS PINT OF WARM MILK AND WATER OR WITH WATER ONLY THOUGH EVEN A VERY LITTLE MILK WILL MUCH IMPROVE THE BREAD,gt,na,2078,16000,31.375,test,na
2078-142845-0005_formant_awgn-snr10,data/attacks/awgn-snr10/2078-142845-0005_formant.wav,fake,attack,none,awgn-snr10,snr10,NEXT TAKE EITHER A LARGE TABLESPOONFUL OF BREWER'S YEAST WHICH HAS BEEN RENDERED SOLID BY MIXING IT WITH PLENTY OF COLD WATER AND LETTING IT AFTERWARDS STAND TO SETTLE FOR A DAY AND NIGHT OR NEARLY AN OUNCE OF GERMAN YEAST PUT IT INTO A LARGE BASIN AND PROCEED TO MIX IT SO THAT IT SHALL BE AS SMOOTH AS CREAM WITH THREE QUARTERS PINT OF WARM MILK AND WATER OR WITH WATER ONLY THOUGH EVEN A VERY LITTLE MILK WILL MUCH IMPROVE THE BREAD,gt,na,2078,16000,31.375,test,na
2078-142845-0005_formant_awgn-snr20,data/attacks/awgn-snr20/2078-142845-0005_formant.wav,fake,attack,none,awgn-snr20,snr20,NEXT TAKE EITHER A LARGE TABLESPOONFUL OF BREWER'S YEAST WHICH HAS BEEN RENDERED SOLID BY MIXING IT WITH PLENTY OF COLD WATER AND LETTING IT AFTERWARDS STAND TO SETTLE FOR A DAY AND NIGHT OR NEARLY AN OUNCE OF GERMAN YEAST PUT IT INTO A LARGE BASIN AND PROCEED TO MIX IT SO THAT IT SHALL BE AS SMOOTH AS CREAM WITH THREE QUARTERS PINT OF WARM MILK AND WATER OR WITH WATER ONLY THOUGH EVEN A VERY LITTLE MILK WILL MUCH IMPROVE THE BREAD,gt,na,2078,16000,31.375,test,na
2078-142845-0005_formant_bandpass-300-3400,data/attacks/bandpass-300-3400/2078-142845-0005_formant.wav,fake,attack,none,bandpass-300-3400,bandpass300-3400,NEXT TAKE EITHER A LARGE TABLESPOONFUL OF BREWER'S YEAST WHICH HAS BEEN RENDERED SOLID BY MIXING IT WITH PLENTY OF COLD WATER AND LETTING IT AFTERWARDS STAND TO SETTLE FOR A DAY AND NIGHT OR NEARLY AN OUNCE OF GERMAN YEAST PUT IT INTO A LARGE BASIN AND PROCEED TO MIX IT SO THAT IT SHALL BE AS SMOOTH AS CREAM WITH THREE QUARTERS PINT OF WARM MILK AND WATER OR WITH WATER ONLY THOUGH EVEN A VERY LITTLE MILK WILL MUCH IMPROVE THE BREAD,gt,na,2078,16000,31.375,test,na
2078-142845-0005_formant_reverb-rt60-0.2,data/attacks/reverb-rt60-0.2/2078-142845-0005_formant.wav,fake,attack,none,reverb-rt60-0.2,rt60-0.2,NEXT TAKE EITHER A LARGE TABLESPOONFUL OF BREWER'S YEAST WHICH HAS BEEN RENDERED SOLID BY MIXING IT WITH PLENTY OF COLD WATER AND LETTING IT AFTERWARDS STAND TO SETTLE FOR A DAY AND NIGHT OR NEARLY AN OUNCE OF GERMAN YEAST PUT IT INTO A LARGE BASIN AND PROCEED TO MIX IT SO THAT IT SHALL BE AS SMOOTH AS CREAM WITH THREE QUARTERS PINT OF WARM MILK AND WATER OR WITH WATER ONLY THOUGH EVEN A VERY LITTLE MILK WILL MUCH IMPROVE THE BREAD,gt,na,2078,16000,31.375,test,na
2078-142845-0005_formant_reverb-rt60-0.4,data/attacks/reverb-rt60-0.4/2078-142845-0005_formant.wav,fake,attack,none,reverb-rt60-0.4,rt60-0.4,NEXT TAKE EITHER A LARGE TABLESPOONFUL OF BREWER'S YEAST WHICH HAS BEEN RENDERED SOLID BY MIXING IT WITH PLENTY OF COLD WATER AND LETTING IT AFTERWARDS STAND TO SETTLE FOR A DAY AND NIGHT OR NEARLY AN OUNCE OF GERMAN YEAST PUT IT INTO A LARGE BASIN AND PROCEED TO MIX IT SO THAT IT SHALL BE AS SMOOTH AS CREAM WITH THREE QUARTERS PINT OF WARM MILK AND WATER OR WITH WATER ONLY THOUGH EVEN A VERY LITTLE MILK WILL MUCH IMPROVE THE BREAD,gt,na,2078,16000,31.375,test,na
2078-142845-0005_formant_reverb-rt60-0.8,data/attacks/reverb-rt60-0.8/2078-142845-0005_formant.wav,fake,attack,none,reverb-rt60-0.8,rt60-0.8,NEXT TAKE EITHER A LARGE TABLESPOONFUL OF BREWER'S YEAST WHICH HAS BEEN RENDERED SOLID BY MIXING IT WITH PLENTY OF COLD WATER AND LETTING IT AFTERWARDS STAND TO SETTLE FOR A DAY AND NIGHT OR NEARLY AN OUNCE OF GERMAN YEAST PUT IT INTO A LARGE BASIN AND PROCEED TO MIX IT SO THAT IT SHALL BE AS SMOOTH AS CREAM WITH THREE QUARTERS PINT OF WARM MILK AND WATER OR WITH WATER ONLY THOUGH EVEN A VERY LITTLE MILK WILL MUCH IMPROVE THE BREAD,gt,na,2078,16000,31.375,test,na
2078-142845-0005_formant_speed0.9,data/attacks/speed0.9/2078-142845-0005_formant.wav,fake,attack,none,speed0.9,speed0.9,NEXT TAKE EITHER A LARGE TABLESPOONFUL OF BREWER'S YEAST WHICH HAS BEEN RENDERED SOLID BY MIXING IT WITH PLENTY OF COLD WATER AND LETTING IT AFTERWARDS STAND TO SETTLE FOR A DAY AND NIGHT OR NEARLY AN OUNCE OF GERMAN YEAST PUT IT INTO A LARGE BASIN AND PROCEED TO MIX IT SO THAT IT SHALL BE AS SMOOTH AS CREAM WITH THREE QUARTERS PINT OF WARM MILK AND WATER OR WITH WATER ONLY THOUGH EVEN A VERY LITTLE MILK WILL MUCH IMPROVE THE BREAD,gt,na,2078,16000,34.861,test,na
2078-142845-0005_formant_speed1.1,data/attacks/speed1.1/2078-142845-0005_formant.wav,fake,attack,none,speed1.1,speed1.1,NEXT TAKE EITHER A LARGE TABLESPOONFUL OF BREWER'S YEAST WHICH HAS BEEN RENDERED SOLID BY MIXING IT WITH PLENTY OF COLD WATER AND LETTING IT AFTERWARDS STAND TO SETTLE FOR A DAY AND NIGHT OR NEARLY AN OUNCE OF GERMAN YEAST PUT IT INTO A LARGE BASIN AND PROCEED TO MIX IT SO THAT IT SHALL BE AS SMOOTH AS CREAM WITH THREE QUARTERS PINT OF WARM MILK AND WATER OR WITH WATER ONLY THOUGH EVEN A VERY LITTLE MILK WILL MUCH IMPROVE THE BREAD,gt,na,2078,16000,28.523,test,na
2078-142845-0005_melvoc_mp3-128k,data/attacks/mp3-128k/2078-142845-0005_melvoc.wav,fake,attack,none,mp3-128k,mp3-128k,NEXT TAKE EITHER A LARGE TABLESPOONFUL OF BREWER'S YEAST WHICH HAS BEEN RENDERED SOLID BY MIXING IT WITH PLENTY OF COLD WATER AND LETTING IT AFTERWARDS STAND TO SETTLE FOR A DAY AND NIGHT OR NEARLY AN OUNCE OF GERMAN YEAST PUT IT INTO A LARGE BASIN AND PROCEED TO MIX IT SO THAT IT SHALL BE AS SMOOTH AS CREAM WITH THREE QUARTERS PINT OF WARM MILK AND WATER OR WITH WATER ONLY THOUGH EVEN A VERY LITTLE MILK WILL MUCH IMPROVE THE BREAD,gt,na,2078,16000,31.368,test,na
2078-142845-0005_melvoc_mp3-64k,data/attacks/mp3-64k/2078-142845-0005_melvoc.wav,fake,attack,none,mp3-64k,mp3-64k,NEXT TAKE EITHER A LARGE TABLESPOONFUL OF BREWER'S YEAST WHICH HAS BEEN RENDERED SOLID BY MIXING IT WITH PLENTY OF COLD WATER AND LETTING IT AFTERWARDS STAND TO SETTLE FOR A DAY AND NIGHT OR NEARLY AN OUNCE OF GERMAN YEAST PUT IT INTO A LARGE BASIN AND PROCEED TO MIX IT SO THAT IT SHALL BE AS SMOOTH AS CREAM WITH THREE QUARTERS PINT OF WARM MILK AND WATER OR WITH WATER ONLY THOUGH EVEN A VERY LITTLE MILK WILL MUCH IMPROVE THE BREAD,gt,na,2078,16000,31.368,test,na
2078-142845-0005_melvoc_opus-32k,data/attacks/opus-32k/2078-142845-0005_melvoc.wav,fake,attack,none,opus-32k,opus-32k,NEXT TAKE EITHER A LARGE TABLESPOONFUL OF BREWER'S YEAST WHICH HAS BEEN RENDERED SOLID BY MIXING IT WITH PLENTY OF COLD WATER AND LETTING IT AFTERWARDS STAND TO SETTLE FOR A DAY AND NIGHT OR NEARLY AN OUNCE OF GERMAN YEAST PUT IT INTO A LARGE BASIN AND PROCEED TO MIX IT SO THAT IT SHALL BE AS SMOOTH AS CREAM WITH THREE QUARTERS PINT OF WARM MILK AND WATER OR WITH WATER ONLY THOUGH EVEN A VERY LITTLE MILK WILL MUCH IMPROVE THE BREAD,gt,na,2078,16000,31.368,test,na
2078-142845-0005_melvoc_g711-8k,data/attacks/g711-8k/2078-142845-0005_melvoc.wav,fake,attack,none,g711-8k,g711-8k,NEXT TAKE EITHER A LARGE TABLESPOONFUL OF BREWER'S YEAST WHICH HAS BEEN RENDERED SOLID BY MIXING IT WITH PLENTY OF COLD WATER AND LETTING IT AFTERWARDS STAND TO SETTLE FOR A DAY AND NIGHT OR NEARLY AN OUNCE OF GERMAN YEAST PUT IT INTO A LARGE BASIN AND PROCEED TO MIX IT SO THAT IT SHALL BE AS SMOOTH AS CREAM WITH THREE QUARTERS PINT OF WARM MILK AND WATER OR WITH WATER ONLY THOUGH EVEN A VERY LITTLE MILK WILL MUCH IMPROVE THE BREAD,gt,na,2078,16000,31.368,test,na
2078-142845-0005_melvoc_resample-8k,data/attacks/resample-8k/2078-142845-0005_melvoc.wav,fake,attack,none,resample-8k,8k-roundtrip,NEXT TAKE EITHER A LARGE TABLESPOONFUL OF BREWER'S YEAST WHICH HAS BEEN RENDERED SOLID BY MIXING IT WITH PLENTY OF COLD WATER AND LETTING IT AFTERWARDS STAND TO SETTLE FOR A DAY AND NIGHT OR NEARLY AN OUNCE OF GERMAN YEAST PUT IT INTO A LARGE BASIN AND PROCEED TO MIX IT SO THAT IT SHALL BE AS SMOOTH AS CREAM WITH THREE QUARTERS PINT OF WARM MILK AND WATER OR WITH WATER ONLY THOUGH EVEN A VERY LITTLE MILK WILL MUCH IMPROVE THE BREAD,gt,na,2078,16000,31.368,test,na
2078-142845-0005_melvoc_awgn-snr5,data/attacks/awgn-snr5/2078-142845-0005_melvoc.wav,fake,attack,none,awgn-snr5,snr5,NEXT TAKE EITHER A LARGE TABLESPOONFUL OF BREWER'S YEAST WHICH HAS BEEN RENDERED SOLID BY MIXING IT WITH PLENTY OF COLD WATER AND LETTING IT AFTERWARDS STAND TO SETTLE FOR A DAY AND NIGHT OR NEARLY AN OUNCE OF GERMAN YEAST PUT IT INTO A LARGE BASIN AND PROCEED TO MIX IT SO THAT IT SHALL BE AS SMOOTH AS CREAM WITH THREE QUARTERS PINT OF WARM MILK AND WATER OR WITH WATER ONLY THOUGH EVEN A VERY LITTLE MILK WILL MUCH IMPROVE THE BREAD,gt,na,2078,16000,31.368,test,na
2078-142845-0005_melvoc_awgn-snr10,data/attacks/awgn-snr10/2078-142845-0005_melvoc.wav,fake,attack,none,awgn-snr10,snr10,NEXT TAKE EITHER A LARGE TABLESPOONFUL OF BREWER'S YEAST WHICH HAS BEEN RENDERED SOLID BY MIXING IT WITH PLENTY OF COLD WATER AND LETTING IT AFTERWARDS STAND TO SETTLE FOR A DAY AND NIGHT OR NEARLY AN OUNCE OF GERMAN YEAST PUT IT INTO A LARGE BASIN AND PROCEED TO MIX IT SO THAT IT SHALL BE AS SMOOTH AS CREAM WITH THREE QUARTERS PINT OF WARM MILK AND WATER OR WITH WATER ONLY THOUGH EVEN A VERY LITTLE MILK WILL MUCH IMPROVE THE BREAD,gt,na,2078,16000,31.368,test,na
2078-142845-0005_melvoc_awgn-snr20,data/attacks/awgn-snr20/2078-142845-0005_melvoc.wav,fake,attack,none,awgn-snr20,snr20,NEXT TAKE EITHER A LARGE TABLESPOONFUL OF BREWER'S YEAST WHICH HAS BEEN RENDERED SOLID BY MIXING IT WITH PLENTY OF COLD WATER AND LETTING IT AFTERWARDS STAND TO SETTLE FOR A DAY AND NIGHT OR NEARLY AN OUNCE OF GERMAN YEAST PUT IT INTO A LARGE BASIN AND PROCEED TO MIX IT SO THAT IT SHALL BE AS SMOOTH AS CREAM WITH THREE QUARTERS PINT OF WARM MILK AND WATER OR WITH WATER ONLY THOUGH EVEN A VERY LITTLE MILK WILL MUCH IMPROVE THE BREAD,gt,na,2078,16000,31.368,test,na
2078-142845-0005_melvoc_bandpass-300-3400,data/attacks/bandpass-300-3400/2078-142845-0005_melvoc.wav,fake,attack,none,bandpass-300-3400,bandpass300-3400,NEXT TAKE EITHER A LARGE TABLESPOONFUL OF BREWER'S YEAST WHICH HAS BEEN RENDERED SOLID BY MIXING IT WITH PLENTY OF COLD WATER AND LETTING IT AFTERWARDS STAND TO SETTLE FOR A DAY AND NIGHT OR NEARLY AN OUNCE OF GERMAN YEAST PUT IT INTO A LARGE BASIN AND PROCEED TO MIX IT SO THAT IT SHALL BE AS SMOOTH AS CREAM WITH THREE QUARTERS PINT OF WARM MILK AND WATER OR WITH WATER ONLY THOUGH EVEN A VERY LITTLE MILK WILL MUCH IMPROVE THE BREAD,gt,na,2078,16000,31.368,test,na
2078-142845-0005_melvoc_reverb-rt60-0.2,data/attacks/reverb-rt60-0.2/2078-142845-0005_melvoc.wav,fake,attack,none,reverb-rt60-0.2,rt60-0.2,NEXT TAKE EITHER A LARGE TABLESPOONFUL OF BREWER'S YEAST WHICH HAS BEEN RENDERED SOLID BY MIXING IT WITH PLENTY OF COLD WATER AND LETTING IT AFTERWARDS STAND TO SETTLE FOR A DAY AND NIGHT OR NEARLY AN OUNCE OF GERMAN YEAST PUT IT INTO A LARGE BASIN AND PROCEED TO MIX IT SO THAT IT SHALL BE AS SMOOTH AS CREAM WITH THREE QUARTERS PINT OF WARM MILK AND WATER OR WITH WATER ONLY THOUGH EVEN A VERY LITTLE MILK WILL MUCH IMPROVE THE BREAD,gt,na,2078,16000,31.368,test,na
2078-142845-0005_melvoc_reverb-rt60-0.4,data/attacks/reverb-rt60-0.4/2078-142845-0005_melvoc.wav,fake,attack,none,reverb-rt60-0.4,rt60-0.4,NEXT TAKE EITHER A LARGE TABLESPOONFUL OF BREWER'S YEAST WHICH HAS BEEN RENDERED SOLID BY MIXING IT WITH PLENTY OF COLD WATER AND LETTING IT AFTERWARDS STAND TO SETTLE FOR A DAY AND NIGHT OR NEARLY AN OUNCE OF GERMAN YEAST PUT IT INTO A LARGE BASIN AND PROCEED TO MIX IT SO THAT IT SHALL BE AS SMOOTH AS CREAM WITH THREE QUARTERS PINT OF WARM MILK AND WATER OR WITH WATER ONLY THOUGH EVEN A VERY LITTLE MILK WILL MUCH IMPROVE THE BREAD,gt,na,2078,16000,31.368,test,na
2078-142845-0005_melvoc_reverb-rt60-0.8,data/attacks/reverb-rt60-0.8/2078-142845-0005_melvoc.wav,fake,attack,none,reverb-rt60-0.8,rt60-0.8,NEXT TAKE EITHER A LARGE TABLESPOONFUL OF BREWER'S YEAST WHICH HAS BEEN RENDERED SOLID BY MIXING IT WITH PLENTY OF COLD WATER AND LETTING IT AFTERWARDS STAND TO SETTLE FOR A DAY AND NIGHT OR NEARLY AN OUNCE OF GERMAN YEAST PUT IT INTO A LARGE BASIN AND PROCEED TO MIX IT SO THAT IT SHALL BE AS SMOOTH AS CREAM WITH THREE QUARTERS PINT OF WARM MILK AND WATER OR WITH WATER ONLY THOUGH EVEN A VERY LITTLE MILK WILL MUCH IMPROVE THE BREAD,gt,na,2078,16000,31.368,test,na
2078-142845-0005_melvoc_speed0.9,data/attacks/speed0.9/2078-142845-0005_melvoc.wav,fake,attack,none,speed0.9,speed0.9,NEXT TAKE EITHER A LARGE TABLESPOONFUL OF BREWER'S YEAST WHICH HAS BEEN RENDERED SOLID BY MIXING IT WITH PLENTY OF COLD WATER AND LETTING IT AFTERWARDS STAND TO SETTLE FOR A DAY AND NIGHT OR NEARLY AN OUNCE OF GERMAN YEAST PUT IT INTO A LARGE BASIN AND PROCEED TO MIX IT SO THAT IT SHALL BE AS SMOOTH AS CREAM WITH THREE QUARTERS PINT OF WARM MILK AND WATER OR WITH WATER ONLY THOUGH EVEN A VERY LITTLE MILK WILL MUCH IMPROVE THE BREAD,gt,na,2078,16000,34.853,test,na
2078-142845-0005_melvoc_speed1.1,data/attacks/speed1.1/2078-142845-0005_melvoc.wav,fake,attack,none,speed1.1,speed1.1,NEXT TAKE EITHER A LARGE TABLESPOONFUL OF BREWER'S YEAST WHICH HAS BEEN RENDERED SOLID BY MIXING IT WITH PLENTY OF COLD WATER AND LETTING IT AFTERWARDS STAND TO SETTLE FOR A DAY AND NIGHT OR NEARLY AN OUNCE OF GERMAN YEAST PUT IT INTO A LARGE BASIN AND PROCEED TO MIX IT SO THAT IT SHALL BE AS SMOOTH AS CREAM WITH THREE QUARTERS PINT OF WARM MILK AND WATER OR WITH WATER ONLY THOUGH EVEN A VERY LITTLE MILK WILL MUCH IMPROVE THE BREAD,gt,na,2078,16000,28.516,test,na
2078-142845-0005_pitch_mp3-128k,data/attacks/mp3-128k/2078-142845-0005_pitch.wav,fake,attack,none,mp3-128k,mp3-128k,NEXT TAKE EITHER A LARGE TABLESPOONFUL OF BREWER'S YEAST WHICH HAS BEEN RENDERED SOLID BY MIXING IT WITH PLENTY OF COLD WATER AND LETTING IT AFTERWARDS STAND TO SETTLE FOR A DAY AND NIGHT OR NEARLY AN OUNCE OF GERMAN YEAST PUT IT INTO A LARGE BASIN AND PROCEED TO MIX IT SO THAT IT SHALL BE AS SMOOTH AS CREAM WITH THREE QUARTERS PINT OF WARM MILK AND WATER OR WITH WATER ONLY THOUGH EVEN A VERY LITTLE MILK WILL MUCH IMPROVE THE BREAD,gt,na,2078,16000,31.375,test,na
2078-142845-0005_pitch_mp3-64k,data/attacks/mp3-64k/2078-142845-0005_pitch.wav,fake,attack,none,mp3-64k,mp3-64k,NEXT TAKE EITHER A LARGE TABLESPOONFUL OF BREWER'S YEAST WHICH HAS BEEN RENDERED SOLID BY MIXING IT WITH PLENTY OF COLD WATER AND LETTING IT AFTERWARDS STAND TO SETTLE FOR A DAY AND NIGHT OR NEARLY AN OUNCE OF GERMAN YEAST PUT IT INTO A LARGE BASIN AND PROCEED TO MIX IT SO THAT IT SHALL BE AS SMOOTH AS CREAM WITH THREE QUARTERS PINT OF WARM MILK AND WATER OR WITH WATER ONLY THOUGH EVEN A VERY LITTLE MILK WILL MUCH IMPROVE THE BREAD,gt,na,2078,16000,31.375,test,na
2078-142845-0005_pitch_opus-32k,data/attacks/opus-32k/2078-142845-0005_pitch.wav,fake,attack,none,opus-32k,opus-32k,NEXT TAKE EITHER A LARGE TABLESPOONFUL OF BREWER'S YEAST WHICH HAS BEEN RENDERED SOLID BY MIXING IT WITH PLENTY OF COLD WATER AND LETTING IT AFTERWARDS STAND TO SETTLE FOR A DAY AND NIGHT OR NEARLY AN OUNCE OF GERMAN YEAST PUT IT INTO A LARGE BASIN AND PROCEED TO MIX IT SO THAT IT SHALL BE AS SMOOTH AS CREAM WITH THREE QUARTERS PINT OF WARM MILK AND WATER OR WITH WATER ONLY THOUGH EVEN A VERY LITTLE MILK WILL MUCH IMPROVE THE BREAD,gt,na,2078,16000,31.375,test,na
2078-142845-0005_pitch_g711-8k,data/attacks/g711-8k/2078-142845-0005_pitch.wav,fake,attack,none,g711-8k,g711-8k,NEXT TAKE EITHER A LARGE TABLESPOONFUL OF BREWER'S YEAST WHICH HAS BEEN RENDERED SOLID BY MIXING IT WITH PLENTY OF COLD WATER AND LETTING IT AFTERWARDS STAND TO SETTLE FOR A DAY AND NIGHT OR NEARLY AN OUNCE OF GERMAN YEAST PUT IT INTO A LARGE BASIN AND PROCEED TO MIX IT SO THAT IT SHALL BE AS SMOOTH AS CREAM WITH THREE QUARTERS PINT OF WARM MILK AND WATER OR WITH WATER ONLY THOUGH EVEN A VERY LITTLE MILK WILL MUCH IMPROVE THE BREAD,gt,na,2078,16000,31.375,test,na
2078-142845-0005_pitch_resample-8k,data/attacks/resample-8k/2078-142845-0005_pitch.wav,fake,attack,none,resample-8k,8k-roundtrip,NEXT TAKE EITHER A LARGE TABLESPOONFUL OF BREWER'S YEAST WHICH HAS BEEN RENDERED SOLID BY MIXING IT WITH PLENTY OF COLD WATER AND LETTING IT AFTERWARDS STAND TO SETTLE FOR A DAY AND NIGHT OR NEARLY AN OUNCE OF GERMAN YEAST PUT IT INTO A LARGE BASIN AND PROCEED TO MIX IT SO THAT IT SHALL BE AS SMOOTH AS CREAM WITH THREE QUARTERS PINT OF WARM MILK AND WATER OR WITH WATER ONLY THOUGH EVEN A VERY LITTLE MILK WILL MUCH IMPROVE THE BREAD,gt,na,2078,16000,31.375,test,na
2078-142845-0005_pitch_awgn-snr5,data/attacks/awgn-snr5/2078-142845-0005_pitch.wav,fake,attack,none,awgn-snr5,snr5,NEXT TAKE EITHER A LARGE TABLESPOONFUL OF BREWER'S YEAST WHICH HAS BEEN RENDERED SOLID BY MIXING IT WITH PLENTY OF COLD WATER AND LETTING IT AFTERWARDS STAND TO SETTLE FOR A DAY AND NIGHT OR NEARLY AN OUNCE OF GERMAN YEAST PUT IT INTO A LARGE BASIN AND PROCEED TO MIX IT SO THAT IT SHALL BE AS SMOOTH AS CREAM WITH THREE QUARTERS PINT OF WARM MILK AND WATER OR WITH WATER ONLY THOUGH EVEN A VERY LITTLE MILK WILL MUCH IMPROVE THE BREAD,gt,na,2078,16000,31.375,test,na
2078-142845-0005_pitch_awgn-snr10,data/attacks/awgn-snr10/2078-142845-0005_pitch.wav,fake,attack,none,awgn-snr10,snr10,NEXT TAKE EITHER A LARGE TABLESPOONFUL OF BREWER'S YEAST WHICH HAS BEEN RENDERED SOLID BY MIXING IT WITH PLENTY OF COLD WATER AND LETTING IT AFTERWARDS STAND TO SETTLE FOR A DAY AND NIGHT OR NEARLY AN OUNCE OF GERMAN YEAST PUT IT INTO A LARGE BASIN AND PROCEED TO MIX IT SO THAT IT SHALL BE AS SMOOTH AS CREAM WITH THREE QUARTERS PINT OF WARM MILK AND WATER OR WITH WATER ONLY THOUGH EVEN A VERY LITTLE MILK WILL MUCH IMPROVE THE BREAD,gt,na,2078,16000,31.375,test,na
2078-142845-0005_pitch_awgn-snr20,data/attacks/awgn-snr20/2078-142845-0005_pitch.wav,fake,attack,none,awgn-snr20,snr20,NEXT TAKE EITHER A LARGE TABLESPOONFUL OF BREWER'S YEAST WHICH HAS BEEN RENDERED SOLID BY MIXING IT WITH PLENTY OF COLD WATER AND LETTING IT AFTERWARDS STAND TO SETTLE FOR A DAY AND NIGHT OR NEARLY AN OUNCE OF GERMAN YEAST PUT IT INTO A LARGE BASIN AND PROCEED TO MIX IT SO THAT IT SHALL BE AS SMOOTH AS CREAM WITH THREE QUARTERS PINT OF WARM MILK AND WATER OR WITH WATER ONLY THOUGH EVEN A VERY LITTLE MILK WILL MUCH IMPROVE THE BREAD,gt,na,2078,16000,31.375,test,na
2078-142845-0005_pitch_bandpass-300-3400,data/attacks/bandpass-300-3400/2078-142845-0005_pitch.wav,fake,attack,none,bandpass-300-3400,bandpass300-3400,NEXT TAKE EITHER A LARGE TABLESPOONFUL OF BREWER'S YEAST WHICH HAS BEEN RENDERED SOLID BY MIXING IT WITH PLENTY OF COLD WATER AND LETTING IT AFTERWARDS STAND TO SETTLE FOR A DAY AND NIGHT OR NEARLY AN OUNCE OF GERMAN YEAST PUT IT INTO A LARGE BASIN AND PROCEED TO MIX IT SO THAT IT SHALL BE AS SMOOTH AS CREAM WITH THREE QUARTERS PINT OF WARM MILK AND WATER OR WITH WATER ONLY THOUGH EVEN A VERY LITTLE MILK WILL MUCH IMPROVE THE BREAD,gt,na,2078,16000,31.375,test,na
2078-142845-0005_pitch_reverb-rt60-0.2,data/attacks/reverb-rt60-0.2/2078-142845-0005_pitch.wav,fake,attack,none,reverb-rt60-0.2,rt60-0.2,NEXT TAKE EITHER A LARGE TABLESPOONFUL OF BREWER'S YEAST WHICH HAS BEEN RENDERED SOLID BY MIXING IT WITH PLENTY OF COLD WATER AND LETTING IT AFTERWARDS STAND TO SETTLE FOR A DAY AND NIGHT OR NEARLY AN OUNCE OF GERMAN YEAST PUT IT INTO A LARGE BASIN AND PROCEED TO MIX IT SO THAT IT SHALL BE AS SMOOTH AS CREAM WITH THREE QUARTERS PINT OF WARM MILK AND WATER OR WITH WATER ONLY THOUGH EVEN A VERY LITTLE MILK WILL MUCH IMPROVE THE BREAD,gt,na,2078,16000,31.375,test,na
2078-142845-0005_pitch_reverb-rt60-0.4,data/attacks/reverb-rt60-0.4/2078-142845-0005_pitch.wav,fake,attack,none,reverb-rt60-0.4,rt60-0.4,NEXT TAKE EITHER A LARGE TABLESPOONFUL OF BREWER'S YEAST WHICH HAS BEEN RENDERED SOLID BY MIXING IT WITH PLENTY OF COLD WATER AND LETTING IT AFTERWARDS STAND TO SETTLE FOR A DAY AND NIGHT OR NEARLY AN OUNCE OF GERMAN YEAST PUT IT INTO A LARGE BASIN AND PROCEED TO MIX IT SO THAT IT SHALL BE AS SMOOTH AS CREAM WITH THREE QUARTERS PINT OF WARM MILK AND WATER OR WITH WATER ONLY THOUGH EVEN A VERY LITTLE MILK WILL MUCH IMPROVE THE BREAD,gt,na,2078,16000,31.375,test,na
2078-142845-0005_pitch_reverb-rt60-0.8,data/attacks/reverb-rt60-0.8/2078-142845-0005_pitch.wav,fake,attack,none,reverb-rt60-0.8,rt60-0.8,NEXT TAKE EITHER A LARGE TABLESPOONFUL OF BREWER'S YEAST WHICH HAS BEEN RENDERED SOLID BY MIXING IT WITH PLENTY OF COLD WATER AND LETTING IT AFTERWARDS STAND TO SETTLE FOR A DAY AND NIGHT OR NEARLY AN OUNCE OF GERMAN YEAST PUT IT INTO A LARGE BASIN AND PROCEED TO MIX IT SO THAT IT SHALL BE AS SMOOTH AS CREAM WITH THREE QUARTERS PINT OF WARM MILK AND WATER OR WITH WATER ONLY THOUGH EVEN A VERY LITTLE MILK WILL MUCH IMPROVE THE BREAD,gt,na,2078,16000,31.375,test,na
2078-142845-0005_pitch_speed0.9,data/attacks/speed0.9/2078-142845-0005_pitch.wav,fake,attack,none,speed0.9,speed0.9,NEXT TAKE EITHER A LARGE TABLESPOONFUL OF BREWER'S YEAST WHICH HAS BEEN RENDERED SOLID BY MIXING IT WITH PLENTY OF COLD WATER AND LETTING IT AFTERWARDS STAND TO SETTLE FOR A DAY AND NIGHT OR NEARLY AN OUNCE OF GERMAN YEAST PUT IT INTO A LARGE BASIN AND PROCEED TO MIX IT SO THAT IT SHALL BE AS SMOOTH AS CREAM WITH THREE QUARTERS PINT OF WARM MILK AND WATER OR WITH WATER ONLY THOUGH EVEN A VERY LITTLE MILK WILL MUCH IMPROVE THE BREAD,gt,na,2078,16000,34.861,test,na
2078-142845-0005_pitch_speed1.1,data/attacks/speed1.1/2078-142845-0005_pitch.wav,fake,attack,none,speed1.1,speed1.1,NEXT TAKE EITHER A LARGE TABLESPOONFUL OF BREWER'S YEAST WHICH HAS BEEN RENDERED SOLID BY MIXING IT WITH PLENTY OF COLD WATER AND LETTING IT AFTERWARDS STAND TO SETTLE FOR A DAY AND NIGHT OR NEARLY AN OUNCE OF GERMAN YEAST PUT IT INTO A LARGE BASIN AND PROCEED TO MIX IT SO THAT IT SHALL BE AS SMOOTH AS CREAM WITH THREE QUARTERS PINT OF WARM MILK AND WATER OR WITH WATER ONLY THOUGH EVEN A VERY LITTLE MILK WILL MUCH IMPROVE THE BREAD,gt,na,2078,16000,28.523,test,na
2078-142845-0006_formant_mp3-128k,data/attacks/mp3-128k/2078-142845-0006_formant.wav,fake,attack,none,mp3-128k,mp3-128k,LOOK AT IT FROM TIME TO TIME WHEN IT HAS BEEN LAID FOR NEARLY AN HOUR AND WHEN THE YEAST HAS RISEN AND BROKEN THROUGH THE FLOUR SO THAT BUBBLES APPEAR IN IT YOU WILL KNOW THAT IT IS READY TO BE MADE UP INTO DOUGH,gt,na,2078,16000,14.645,test,na
2078-142845-0006_formant_mp3-64k,data/attacks/mp3-64k/2078-142845-0006_formant.wav,fake,attack,none,mp3-64k,mp3-64k,LOOK AT IT FROM TIME TO TIME WHEN IT HAS BEEN LAID FOR NEARLY AN HOUR AND WHEN THE YEAST HAS RISEN AND BROKEN THROUGH THE FLOUR SO THAT BUBBLES APPEAR IN IT YOU WILL KNOW THAT IT IS READY TO BE MADE UP INTO DOUGH,gt,na,2078,16000,14.645,test,na
2078-142845-0006_formant_opus-32k,data/attacks/opus-32k/2078-142845-0006_formant.wav,fake,attack,none,opus-32k,opus-32k,LOOK AT IT FROM TIME TO TIME WHEN IT HAS BEEN LAID FOR NEARLY AN HOUR AND WHEN THE YEAST HAS RISEN AND BROKEN THROUGH THE FLOUR SO THAT BUBBLES APPEAR IN IT YOU WILL KNOW THAT IT IS READY TO BE MADE UP INTO DOUGH,gt,na,2078,16000,14.645,test,na
2078-142845-0006_formant_g711-8k,data/attacks/g711-8k/2078-142845-0006_formant.wav,fake,attack,none,g711-8k,g711-8k,LOOK AT IT FROM TIME TO TIME WHEN IT HAS BEEN LAID FOR NEARLY AN HOUR AND WHEN THE YEAST HAS RISEN AND BROKEN THROUGH THE FLOUR SO THAT BUBBLES APPEAR IN IT YOU WILL KNOW THAT IT IS READY TO BE MADE UP INTO DOUGH,gt,na,2078,16000,14.645,test,na
2078-142845-0006_formant_resample-8k,data/attacks/resample-8k/2078-142845-0006_formant.wav,fake,attack,none,resample-8k,8k-roundtrip,LOOK AT IT FROM TIME TO TIME WHEN IT HAS BEEN LAID FOR NEARLY AN HOUR AND WHEN THE YEAST HAS RISEN AND BROKEN THROUGH THE FLOUR SO THAT BUBBLES APPEAR IN IT YOU WILL KNOW THAT IT IS READY TO BE MADE UP INTO DOUGH,gt,na,2078,16000,14.645,test,na
2078-142845-0006_formant_awgn-snr5,data/attacks/awgn-snr5/2078-142845-0006_formant.wav,fake,attack,none,awgn-snr5,snr5,LOOK AT IT FROM TIME TO TIME WHEN IT HAS BEEN LAID FOR NEARLY AN HOUR AND WHEN THE YEAST HAS RISEN AND BROKEN THROUGH THE FLOUR SO THAT BUBBLES APPEAR IN IT YOU WILL KNOW THAT IT IS READY TO BE MADE UP INTO DOUGH,gt,na,2078,16000,14.645,test,na
2078-142845-0006_formant_awgn-snr10,data/attacks/awgn-snr10/2078-142845-0006_formant.wav,fake,attack,none,awgn-snr10,snr10,LOOK AT IT FROM TIME TO TIME WHEN IT HAS BEEN LAID FOR NEARLY AN HOUR AND WHEN THE YEAST HAS RISEN AND BROKEN THROUGH THE FLOUR SO THAT BUBBLES APPEAR IN IT YOU WILL KNOW THAT IT IS READY TO BE MADE UP INTO DOUGH,gt,na,2078,16000,14.645,test,na
2078-142845-0006_formant_awgn-snr20,data/attacks/awgn-snr20/2078-142845-0006_formant.wav,fake,attack,none,awgn-snr20,snr20,LOOK AT IT FROM TIME TO TIME WHEN IT HAS BEEN LAID FOR NEARLY AN HOUR AND WHEN THE YEAST HAS RISEN AND BROKEN THROUGH THE FLOUR SO THAT BUBBLES APPEAR IN IT YOU WILL KNOW THAT IT IS READY TO BE MADE UP INTO DOUGH,gt,na,2078,16000,14.645,test,na
2078-142845-0006_formant_bandpass-300-3400,data/attacks/bandpass-300-3400/2078-142845-0006_formant.wav,fake,attack,none,bandpass-300-3400,bandpass300-3400,LOOK AT IT FROM TIME TO TIME WHEN IT HAS BEEN LAID FOR NEARLY AN HOUR AND WHEN THE YEAST HAS RISEN AND BROKEN THROUGH THE FLOUR SO THAT BUBBLES APPEAR IN IT YOU WILL KNOW THAT IT IS READY TO BE MADE UP INTO DOUGH,gt,na,2078,16000,14.645,test,na
2078-142845-0006_formant_reverb-rt60-0.2,data/attacks/reverb-rt60-0.2/2078-142845-0006_formant.wav,fake,attack,none,reverb-rt60-0.2,rt60-0.2,LOOK AT IT FROM TIME TO TIME WHEN IT HAS BEEN LAID FOR NEARLY AN HOUR AND WHEN THE YEAST HAS RISEN AND BROKEN THROUGH THE FLOUR SO THAT BUBBLES APPEAR IN IT YOU WILL KNOW THAT IT IS READY TO BE MADE UP INTO DOUGH,gt,na,2078,16000,14.645,test,na
2078-142845-0006_formant_reverb-rt60-0.4,data/attacks/reverb-rt60-0.4/2078-142845-0006_formant.wav,fake,attack,none,reverb-rt60-0.4,rt60-0.4,LOOK AT IT FROM TIME TO TIME WHEN IT HAS BEEN LAID FOR NEARLY AN HOUR AND WHEN THE YEAST HAS RISEN AND BROKEN THROUGH THE FLOUR SO THAT BUBBLES APPEAR IN IT YOU WILL KNOW THAT IT IS READY TO BE MADE UP INTO DOUGH,gt,na,2078,16000,14.645,test,na
2078-142845-0006_formant_reverb-rt60-0.8,data/attacks/reverb-rt60-0.8/2078-142845-0006_formant.wav,fake,attack,none,reverb-rt60-0.8,rt60-0.8,LOOK AT IT FROM TIME TO TIME WHEN IT HAS BEEN LAID FOR NEARLY AN HOUR AND WHEN THE YEAST HAS RISEN AND BROKEN THROUGH THE FLOUR SO THAT BUBBLES APPEAR IN IT YOU WILL KNOW THAT IT IS READY TO BE MADE UP INTO DOUGH,gt,na,2078,16000,14.645,test,na
2078-142845-0006_formant_speed0.9,data/attacks/speed0.9/2078-142845-0006_formant.wav,fake,attack,none,speed0.9,speed0.9,LOOK AT IT FROM TIME TO TIME WHEN IT HAS BEEN LAID FOR NEARLY AN HOUR AND WHEN THE YEAST HAS RISEN AND BROKEN THROUGH THE FLOUR SO THAT BUBBLES APPEAR IN IT YOU WILL KNOW THAT IT IS READY TO BE MADE UP INTO DOUGH,gt,na,2078,16000,16.272,test,na
2078-142845-0006_formant_speed1.1,data/attacks/speed1.1/2078-142845-0006_formant.wav,fake,attack,none,speed1.1,speed1.1,LOOK AT IT FROM TIME TO TIME WHEN IT HAS BEEN LAID FOR NEARLY AN HOUR AND WHEN THE YEAST HAS RISEN AND BROKEN THROUGH THE FLOUR SO THAT BUBBLES APPEAR IN IT YOU WILL KNOW THAT IT IS READY TO BE MADE UP INTO DOUGH,gt,na,2078,16000,13.314,test,na
2078-142845-0006_melvoc_mp3-128k,data/attacks/mp3-128k/2078-142845-0006_melvoc.wav,fake,attack,none,mp3-128k,mp3-128k,LOOK AT IT FROM TIME TO TIME WHEN IT HAS BEEN LAID FOR NEARLY AN HOUR AND WHEN THE YEAST HAS RISEN AND BROKEN THROUGH THE FLOUR SO THAT BUBBLES APPEAR IN IT YOU WILL KNOW THAT IT IS READY TO BE MADE UP INTO DOUGH,gt,na,2078,16000,14.64,test,na
2078-142845-0006_melvoc_mp3-64k,data/attacks/mp3-64k/2078-142845-0006_melvoc.wav,fake,attack,none,mp3-64k,mp3-64k,LOOK AT IT FROM TIME TO TIME WHEN IT HAS BEEN LAID FOR NEARLY AN HOUR AND WHEN THE YEAST HAS RISEN AND BROKEN THROUGH THE FLOUR SO THAT BUBBLES APPEAR IN IT YOU WILL KNOW THAT IT IS READY TO BE MADE UP INTO DOUGH,gt,na,2078,16000,14.64,test,na
2078-142845-0006_melvoc_opus-32k,data/attacks/opus-32k/2078-142845-0006_melvoc.wav,fake,attack,none,opus-32k,opus-32k,LOOK AT IT FROM TIME TO TIME WHEN IT HAS BEEN LAID FOR NEARLY AN HOUR AND WHEN THE YEAST HAS RISEN AND BROKEN THROUGH THE FLOUR SO THAT BUBBLES APPEAR IN IT YOU WILL KNOW THAT IT IS READY TO BE MADE UP INTO DOUGH,gt,na,2078,16000,14.64,test,na
2078-142845-0006_melvoc_g711-8k,data/attacks/g711-8k/2078-142845-0006_melvoc.wav,fake,attack,none,g711-8k,g711-8k,LOOK AT IT FROM TIME TO TIME WHEN IT HAS BEEN LAID FOR NEARLY AN HOUR AND WHEN THE YEAST HAS RISEN AND BROKEN THROUGH THE FLOUR SO THAT BUBBLES APPEAR IN IT YOU WILL KNOW THAT IT IS READY TO BE MADE UP INTO DOUGH,gt,na,2078,16000,14.64,test,na
2078-142845-0006_melvoc_resample-8k,data/attacks/resample-8k/2078-142845-0006_melvoc.wav,fake,attack,none,resample-8k,8k-roundtrip,LOOK AT IT FROM TIME TO TIME WHEN IT HAS BEEN LAID FOR NEARLY AN HOUR AND WHEN THE YEAST HAS RISEN AND BROKEN THROUGH THE FLOUR SO THAT BUBBLES APPEAR IN IT YOU WILL KNOW THAT IT IS READY TO BE MADE UP INTO DOUGH,gt,na,2078,16000,14.64,test,na
2078-142845-0006_melvoc_awgn-snr5,data/attacks/awgn-snr5/2078-142845-0006_melvoc.wav,fake,attack,none,awgn-snr5,snr5,LOOK AT IT FROM TIME TO TIME WHEN IT HAS BEEN LAID FOR NEARLY AN HOUR AND WHEN THE YEAST HAS RISEN AND BROKEN THROUGH THE FLOUR SO THAT BUBBLES APPEAR IN IT YOU WILL KNOW THAT IT IS READY TO BE MADE UP INTO DOUGH,gt,na,2078,16000,14.64,test,na
2078-142845-0006_melvoc_awgn-snr10,data/attacks/awgn-snr10/2078-142845-0006_melvoc.wav,fake,attack,none,awgn-snr10,snr10,LOOK AT IT FROM TIME TO TIME WHEN IT HAS BEEN LAID FOR NEARLY AN HOUR AND WHEN THE YEAST HAS RISEN AND BROKEN THROUGH THE FLOUR SO THAT BUBBLES APPEAR IN IT YOU WILL KNOW THAT IT IS READY TO BE MADE UP INTO DOUGH,gt,na,2078,16000,14.64,test,na
2078-142845-0006_melvoc_awgn-snr20,data/attacks/awgn-snr20/2078-142845-0006_melvoc.wav,fake,attack,none,awgn-snr20,snr20,LOOK AT IT FROM TIME TO TIME WHEN IT HAS BEEN LAID FOR NEARLY AN HOUR AND WHEN THE YEAST HAS RISEN AND BROKEN THROUGH THE FLOUR SO THAT BUBBLES APPEAR IN IT YOU WILL KNOW THAT IT IS READY TO BE MADE UP INTO DOUGH,gt,na,2078,16000,14.64,test,na
2078-142845-0006_melvoc_bandpass-300-3400,data/attacks/bandpass-300-3400/2078-142845-0006_melvoc.wav,fake,attack,none,bandpass-300-3400,bandpass300-3400,LOOK AT IT FROM TIME TO TIME WHEN IT HAS BEEN LAID FOR NEARLY AN HOUR AND WHEN THE YEAST HAS RISEN AND BROKEN THROUGH THE FLOUR SO THAT BUBBLES APPEAR IN IT YOU WILL KNOW THAT IT IS READY TO BE MADE UP INTO DOUGH,gt,na,2078,16000,14.64,test,na
2078-142845-0006_melvoc_reverb-rt60-0.2,data/attacks/reverb-rt60-0.2/2078-142845-0006_melvoc.wav,fake,attack,none,reverb-rt60-0.2,rt60-0.2,LOOK AT IT FROM TIME TO TIME WHEN IT HAS BEEN LAID FOR NEARLY AN HOUR AND WHEN THE YEAST HAS RISEN AND BROKEN THROUGH THE FLOUR SO THAT BUBBLES APPEAR IN IT YOU WILL KNOW THAT IT IS READY TO BE MADE UP INTO DOUGH,gt,na,2078,16000,14.64,test,na
2078-142845-0006_melvoc_reverb-rt60-0.4,data/attacks/reverb-rt60-0.4/2078-142845-0006_melvoc.wav,fake,attack,none,reverb-rt60-0.4,rt60-0.4,LOOK AT IT FROM TIME TO TIME WHEN IT HAS BEEN LAID FOR NEARLY AN HOUR AND WHEN THE YEAST HAS RISEN AND BROKEN THROUGH THE FLOUR SO THAT BUBBLES APPEAR IN IT YOU WILL KNOW THAT IT IS READY TO BE MADE UP INTO DOUGH,gt,na,2078,16000,14.64,test,na
2078-142845-0006_melvoc_reverb-rt60-0.8,data/attacks/reverb-rt60-0.8/2078-142845-0006_melvoc.wav,fake,attack,none,reverb-rt60-0.8,rt60-0.8,LOOK AT IT FROM TIME TO TIME WHEN IT HAS BEEN LAID FOR NEARLY AN HOUR AND WHEN THE YEAST HAS RISEN AND BROKEN THROUGH THE FLOUR SO THAT BUBBLES APPEAR IN IT YOU WILL KNOW THAT IT IS READY TO BE MADE UP INTO DOUGH,gt,na,2078,16000,14.64,test,na
2078-142845-0006_melvoc_speed0.9,data/attacks/speed0.9/2078-142845-0006_melvoc.wav,fake,attack,none,speed0.9,speed0.9,LOOK AT IT FROM TIME TO TIME WHEN IT HAS BEEN LAID FOR NEARLY AN HOUR AND WHEN THE YEAST HAS RISEN AND BROKEN THROUGH THE FLOUR SO THAT BUBBLES APPEAR IN IT YOU WILL KNOW THAT IT IS READY TO BE MADE UP INTO DOUGH,gt,na,2078,16000,16.267,test,na
2078-142845-0006_melvoc_speed1.1,data/attacks/speed1.1/2078-142845-0006_melvoc.wav,fake,attack,none,speed1.1,speed1.1,LOOK AT IT FROM TIME TO TIME WHEN IT HAS BEEN LAID FOR NEARLY AN HOUR AND WHEN THE YEAST HAS RISEN AND BROKEN THROUGH THE FLOUR SO THAT BUBBLES APPEAR IN IT YOU WILL KNOW THAT IT IS READY TO BE MADE UP INTO DOUGH,gt,na,2078,16000,13.309,test,na
2078-142845-0006_pitch_mp3-128k,data/attacks/mp3-128k/2078-142845-0006_pitch.wav,fake,attack,none,mp3-128k,mp3-128k,LOOK AT IT FROM TIME TO TIME WHEN IT HAS BEEN LAID FOR NEARLY AN HOUR AND WHEN THE YEAST HAS RISEN AND BROKEN THROUGH THE FLOUR SO THAT BUBBLES APPEAR IN IT YOU WILL KNOW THAT IT IS READY TO BE MADE UP INTO DOUGH,gt,na,2078,16000,14.645,test,na
2078-142845-0006_pitch_mp3-64k,data/attacks/mp3-64k/2078-142845-0006_pitch.wav,fake,attack,none,mp3-64k,mp3-64k,LOOK AT IT FROM TIME TO TIME WHEN IT HAS BEEN LAID FOR NEARLY AN HOUR AND WHEN THE YEAST HAS RISEN AND BROKEN THROUGH THE FLOUR SO THAT BUBBLES APPEAR IN IT YOU WILL KNOW THAT IT IS READY TO BE MADE UP INTO DOUGH,gt,na,2078,16000,14.645,test,na
2078-142845-0006_pitch_opus-32k,data/attacks/opus-32k/2078-142845-0006_pitch.wav,fake,attack,none,opus-32k,opus-32k,LOOK AT IT FROM TIME TO TIME WHEN IT HAS BEEN LAID FOR NEARLY AN HOUR AND WHEN THE YEAST HAS RISEN AND BROKEN THROUGH THE FLOUR SO THAT BUBBLES APPEAR IN IT YOU WILL KNOW THAT IT IS READY TO BE MADE UP INTO DOUGH,gt,na,2078,16000,14.645,test,na
2078-142845-0006_pitch_g711-8k,data/attacks/g711-8k/2078-142845-0006_pitch.wav,fake,attack,none,g711-8k,g711-8k,LOOK AT IT FROM TIME TO TIME WHEN IT HAS BEEN LAID FOR NEARLY AN HOUR AND WHEN THE YEAST HAS RISEN AND BROKEN THROUGH THE FLOUR SO THAT BUBBLES APPEAR IN IT YOU WILL KNOW THAT IT IS READY TO BE MADE UP INTO DOUGH,gt,na,2078,16000,14.645,test,na
2078-142845-0006_pitch_resample-8k,data/attacks/resample-8k/2078-142845-0006_pitch.wav,fake,attack,none,resample-8k,8k-roundtrip,LOOK AT IT FROM TIME TO TIME WHEN IT HAS BEEN LAID FOR NEARLY AN HOUR AND WHEN THE YEAST HAS RISEN AND BROKEN THROUGH THE FLOUR SO THAT BUBBLES APPEAR IN IT YOU WILL KNOW THAT IT IS READY TO BE MADE UP INTO DOUGH,gt,na,2078,16000,14.645,test,na
2078-142845-0006_pitch_awgn-snr5,data/attacks/awgn-snr5/2078-142845-0006_pitch.wav,fake,attack,none,awgn-snr5,snr5,LOOK AT IT FROM TIME TO TIME WHEN IT HAS BEEN LAID FOR NEARLY AN HOUR AND WHEN THE YEAST HAS RISEN AND BROKEN THROUGH THE FLOUR SO THAT BUBBLES APPEAR IN IT YOU WILL KNOW THAT IT IS READY TO BE MADE UP INTO DOUGH,gt,na,2078,16000,14.645,test,na
2078-142845-0006_pitch_awgn-snr10,data/attacks/awgn-snr10/2078-142845-0006_pitch.wav,fake,attack,none,awgn-snr10,snr10,LOOK AT IT FROM TIME TO TIME WHEN IT HAS BEEN LAID FOR NEARLY AN HOUR AND WHEN THE YEAST HAS RISEN AND BROKEN THROUGH THE FLOUR SO THAT BUBBLES APPEAR IN IT YOU WILL KNOW THAT IT IS READY TO BE MADE UP INTO DOUGH,gt,na,2078,16000,14.645,test,na
2078-142845-0006_pitch_awgn-snr20,data/attacks/awgn-snr20/2078-142845-0006_pitch.wav,fake,attack,none,awgn-snr20,snr20,LOOK AT IT FROM TIME TO TIME WHEN IT HAS BEEN LAID FOR NEARLY AN HOUR AND WHEN THE YEAST HAS RISEN AND BROKEN THROUGH THE FLOUR SO THAT BUBBLES APPEAR IN IT YOU WILL KNOW THAT IT IS READY TO BE MADE UP INTO DOUGH,gt,na,2078,16000,14.645,test,na
2078-142845-0006_pitch_bandpass-300-3400,data/attacks/bandpass-300-3400/2078-142845-0006_pitch.wav,fake,attack,none,bandpass-300-3400,bandpass300-3400,LOOK AT IT FROM TIME TO TIME WHEN IT HAS BEEN LAID FOR NEARLY AN HOUR AND WHEN THE YEAST HAS RISEN AND BROKEN THROUGH THE FLOUR SO THAT BUBBLES APPEAR IN IT YOU WILL KNOW THAT IT IS READY TO BE MADE UP INTO DOUGH,gt,na,2078,16000,14.645,test,na
2078-142845-0006_pitch_reverb-rt60-0.2,data/attacks/reverb-rt60-0.2/2078-142845-0006_pitch.wav,fake,attack,none,reverb-rt60-0.2,rt60-0.2,LOOK AT IT FROM TIME TO TIME WHEN IT HAS BEEN LAID FOR NEARLY AN HOUR AND WHEN THE YEAST HAS RISEN AND BROKEN THROUGH THE FLOUR SO THAT BUBBLES APPEAR IN IT YOU WILL KNOW THAT IT IS READY TO BE MADE UP INTO DOUGH,gt,na,2078,16000,14.645,test,na
2078-142845-0006_pitch_reverb-rt60-0.4,data/attacks/reverb-rt60-0.4/2078-142845-0006_pitch.wav,fake,attack,none,reverb-rt60-0.4,rt60-0.4,LOOK AT IT FROM TIME TO TIME WHEN IT HAS BEEN LAID FOR NEARLY AN HOUR AND WHEN THE YEAST HAS RISEN AND BROKEN THROUGH THE FLOUR SO THAT BUBBLES APPEAR IN IT YOU WILL KNOW THAT IT IS READY TO BE MADE UP INTO DOUGH,gt,na,2078,16000,14.645,test,na
2078-142845-0006_pitch_reverb-rt60-0.8,data/attacks/reverb-rt60-0.8/2078-142845-0006_pitch.wav,fake,attack,none,reverb-rt60-0.8,rt60-0.8,LOOK AT IT FROM TIME TO TIME WHEN IT HAS BEEN LAID FOR NEARLY AN HOUR AND WHEN THE YEAST HAS RISEN AND BROKEN THROUGH THE FLOUR SO THAT BUBBLES APPEAR IN IT YOU WILL KNOW THAT IT IS READY TO BE MADE UP INTO DOUGH,gt,na,2078,16000,14.645,test,na
2078-142845-0006_pitch_speed0.9,data/attacks/speed0.9/2078-142845-0006_pitch.wav,fake,attack,none,speed0.9,speed0.9,LOOK AT IT FROM TIME TO TIME WHEN IT HAS BEEN LAID FOR NEARLY AN HOUR AND WHEN THE YEAST HAS RISEN AND BROKEN THROUGH THE FLOUR SO THAT BUBBLES APPEAR IN IT YOU WILL KNOW THAT IT IS READY TO BE MADE UP INTO DOUGH,gt,na,2078,16000,16.272,test,na
2078-142845-0006_pitch_speed1.1,data/attacks/speed1.1/2078-142845-0006_pitch.wav,fake,attack,none,speed1.1,speed1.1,LOOK AT IT FROM TIME TO TIME WHEN IT HAS BEEN LAID FOR NEARLY AN HOUR AND WHEN THE YEAST HAS RISEN AND BROKEN THROUGH THE FLOUR SO THAT BUBBLES APPEAR IN IT YOU WILL KNOW THAT IT IS READY TO BE MADE UP INTO DOUGH,gt,na,2078,16000,13.314,test,na
2078-142845-0007_formant_mp3-128k,data/attacks/mp3-128k/2078-142845-0007_formant.wav,fake,attack,none,mp3-128k,mp3-128k,THEN PLACE THE PAN ON A STRONG CHAIR OR DRESSER OR TABLE OF CONVENIENT HEIGHT POUR INTO THE SPONGE THE REMAINDER OF THE WARM MILK AND WATER STIR INTO IT AS MUCH OF THE FLOUR AS YOU CAN WITH THE SPOON THEN WIPE IT OUT CLEAN WITH YOUR FINGERS AND LAY IT ASIDE,gt,na,2078,16000,20.74,test,na
2078-142845-0007_formant_mp3-64k,data/attacks/mp3-64k/2078-142845-0007_formant.wav,fake,attack,none,mp3-64k,mp3-64k,THEN PLACE THE PAN ON A STRONG CHAIR OR DRESSER OR TABLE OF CONVENIENT HEIGHT POUR INTO THE SPONGE THE REMAINDER OF THE WARM MILK AND WATER STIR INTO IT AS MUCH OF THE FLOUR AS YOU CAN WITH THE SPOON THEN WIPE IT OUT CLEAN WITH YOUR FINGERS AND LAY IT ASIDE,gt,na,2078,16000,20.74,test,na
2078-142845-0007_formant_opus-32k,data/attacks/opus-32k/2078-142845-0007_formant.wav,fake,attack,none,opus-32k,opus-32k,THEN PLACE THE PAN ON A STRONG CHAIR OR DRESSER OR TABLE OF CONVENIENT HEIGHT POUR INTO THE SPONGE THE REMAINDER OF THE WARM MILK AND WATER STIR INTO IT AS MUCH OF THE FLOUR AS YOU CAN WITH THE SPOON THEN WIPE IT OUT CLEAN WITH YOUR FINGERS AND LAY IT ASIDE,gt,na,2078,16000,20.74,test,na
2078-142845-0007_formant_g711-8k,data/attacks/g711-8k/2078-142845-0007_formant.wav,fake,attack,none,g711-8k,g711-8k,THEN PLACE THE PAN ON A STRONG CHAIR OR DRESSER OR TABLE OF CONVENIENT HEIGHT POUR INTO THE SPONGE THE REMAINDER OF THE WARM MILK AND WATER STIR INTO IT AS MUCH OF THE FLOUR AS YOU CAN WITH THE SPOON THEN WIPE IT OUT CLEAN WITH YOUR FINGERS AND LAY IT ASIDE,gt,na,2078,16000,20.74,test,na
2078-142845-0007_formant_resample-8k,data/attacks/resample-8k/2078-142845-0007_formant.wav,fake,attack,none,resample-8k,8k-roundtrip,THEN PLACE THE PAN ON A STRONG CHAIR OR DRESSER OR TABLE OF CONVENIENT HEIGHT POUR INTO THE SPONGE THE REMAINDER OF THE WARM MILK AND WATER STIR INTO IT AS MUCH OF THE FLOUR AS YOU CAN WITH THE SPOON THEN WIPE IT OUT CLEAN WITH YOUR FINGERS AND LAY IT ASIDE,gt,na,2078,16000,20.74,test,na
2078-142845-0007_formant_awgn-snr5,data/attacks/awgn-snr5/2078-142845-0007_formant.wav,fake,attack,none,awgn-snr5,snr5,THEN PLACE THE PAN ON A STRONG CHAIR OR DRESSER OR TABLE OF CONVENIENT HEIGHT POUR INTO THE SPONGE THE REMAINDER OF THE WARM MILK AND WATER STIR INTO IT AS MUCH OF THE FLOUR AS YOU CAN WITH THE SPOON THEN WIPE IT OUT CLEAN WITH YOUR FINGERS AND LAY IT ASIDE,gt,na,2078,16000,20.74,test,na
2078-142845-0007_formant_awgn-snr10,data/attacks/awgn-snr10/2078-142845-0007_formant.wav,fake,attack,none,awgn-snr10,snr10,THEN PLACE THE PAN ON A STRONG CHAIR OR DRESSER OR TABLE OF CONVENIENT HEIGHT POUR INTO THE SPONGE THE REMAINDER OF THE WARM MILK AND WATER STIR INTO IT AS MUCH OF THE FLOUR AS YOU CAN WITH THE SPOON THEN WIPE IT OUT CLEAN WITH YOUR FINGERS AND LAY IT ASIDE,gt,na,2078,16000,20.74,test,na
2078-142845-0007_formant_awgn-snr20,data/attacks/awgn-snr20/2078-142845-0007_formant.wav,fake,attack,none,awgn-snr20,snr20,THEN PLACE THE PAN ON A STRONG CHAIR OR DRESSER OR TABLE OF CONVENIENT HEIGHT POUR INTO THE SPONGE THE REMAINDER OF THE WARM MILK AND WATER STIR INTO IT AS MUCH OF THE FLOUR AS YOU CAN WITH THE SPOON THEN WIPE IT OUT CLEAN WITH YOUR FINGERS AND LAY IT ASIDE,gt,na,2078,16000,20.74,test,na
2078-142845-0007_formant_bandpass-300-3400,data/attacks/bandpass-300-3400/2078-142845-0007_formant.wav,fake,attack,none,bandpass-300-3400,bandpass300-3400,THEN PLACE THE PAN ON A STRONG CHAIR OR DRESSER OR TABLE OF CONVENIENT HEIGHT POUR INTO THE SPONGE THE REMAINDER OF THE WARM MILK AND WATER STIR INTO IT AS MUCH OF THE FLOUR AS YOU CAN WITH THE SPOON THEN WIPE IT OUT CLEAN WITH YOUR FINGERS AND LAY IT ASIDE,gt,na,2078,16000,20.74,test,na
2078-142845-0007_formant_reverb-rt60-0.2,data/attacks/reverb-rt60-0.2/2078-142845-0007_formant.wav,fake,attack,none,reverb-rt60-0.2,rt60-0.2,THEN PLACE THE PAN ON A STRONG CHAIR OR DRESSER OR TABLE OF CONVENIENT HEIGHT POUR INTO THE SPONGE THE REMAINDER OF THE WARM MILK AND WATER STIR INTO IT AS MUCH OF THE FLOUR AS YOU CAN WITH THE SPOON THEN WIPE IT OUT CLEAN WITH YOUR FINGERS AND LAY IT ASIDE,gt,na,2078,16000,20.74,test,na
2078-142845-0007_formant_reverb-rt60-0.4,data/attacks/reverb-rt60-0.4/2078-142845-0007_formant.wav,fake,attack,none,reverb-rt60-0.4,rt60-0.4,THEN PLACE THE PAN ON A STRONG CHAIR OR DRESSER OR TABLE OF CONVENIENT HEIGHT POUR INTO THE SPONGE THE REMAINDER OF THE WARM MILK AND WATER STIR INTO IT AS MUCH OF THE FLOUR AS YOU CAN WITH THE SPOON THEN WIPE IT OUT CLEAN WITH YOUR FINGERS AND LAY IT ASIDE,gt,na,2078,16000,20.74,test,na
2078-142845-0007_formant_reverb-rt60-0.8,data/attacks/reverb-rt60-0.8/2078-142845-0007_formant.wav,fake,attack,none,reverb-rt60-0.8,rt60-0.8,THEN PLACE THE PAN ON A STRONG CHAIR OR DRESSER OR TABLE OF CONVENIENT HEIGHT POUR INTO THE SPONGE THE REMAINDER OF THE WARM MILK AND WATER STIR INTO IT AS MUCH OF THE FLOUR AS YOU CAN WITH THE SPOON THEN WIPE IT OUT CLEAN WITH YOUR FINGERS AND LAY IT ASIDE,gt,na,2078,16000,20.74,test,na
2078-142845-0007_formant_speed0.9,data/attacks/speed0.9/2078-142845-0007_formant.wav,fake,attack,none,speed0.9,speed0.9,THEN PLACE THE PAN ON A STRONG CHAIR OR DRESSER OR TABLE OF CONVENIENT HEIGHT POUR INTO THE SPONGE THE REMAINDER OF THE WARM MILK AND WATER STIR INTO IT AS MUCH OF THE FLOUR AS YOU CAN WITH THE SPOON THEN WIPE IT OUT CLEAN WITH YOUR FINGERS AND LAY IT ASIDE,gt,na,2078,16000,23.044,test,na
2078-142845-0007_formant_speed1.1,data/attacks/speed1.1/2078-142845-0007_formant.wav,fake,attack,none,speed1.1,speed1.1,THEN PLACE THE PAN ON A STRONG CHAIR OR DRESSER OR TABLE OF CONVENIENT HEIGHT POUR INTO THE SPONGE THE REMAINDER OF THE WARM MILK AND WATER STIR INTO IT AS MUCH OF THE FLOUR AS YOU CAN WITH THE SPOON THEN WIPE IT OUT CLEAN WITH YOUR FINGERS AND LAY IT ASIDE,gt,na,2078,16000,18.855,test,na
2078-142845-0007_melvoc_mp3-128k,data/attacks/mp3-128k/2078-142845-0007_melvoc.wav,fake,attack,none,mp3-128k,mp3-128k,THEN PLACE THE PAN ON A STRONG CHAIR OR DRESSER OR TABLE OF CONVENIENT HEIGHT POUR INTO THE SPONGE THE REMAINDER OF THE WARM MILK AND WATER STIR INTO IT AS MUCH OF THE FLOUR AS YOU CAN WITH THE SPOON THEN WIPE IT OUT CLEAN WITH YOUR FINGERS AND LAY IT ASIDE,gt,na,2078,16000,20.736,test,na
2078-142845-0007_melvoc_mp3-64k,data/attacks/mp3-64k/2078-142845-0007_melvoc.wav,fake,attack,none,mp3-64k,mp3-64k,THEN PLACE THE PAN ON A STRONG CHAIR OR DRESSER OR TABLE OF CONVENIENT HEIGHT POUR INTO THE SPONGE THE REMAINDER OF THE WARM MILK AND WATER STIR INTO IT AS MUCH OF THE FLOUR AS YOU CAN WITH THE SPOON THEN WIPE IT OUT CLEAN WITH YOUR FINGERS AND LAY IT ASIDE,gt,na,2078,16000,20.736,test,na
2078-142845-0007_melvoc_opus-32k,data/attacks/opus-32k/2078-142845-0007_melvoc.wav,fake,attack,none,opus-32k,opus-32k,THEN PLACE THE PAN ON A STRONG CHAIR OR DRESSER OR TABLE OF CONVENIENT HEIGHT POUR INTO THE SPONGE THE REMAINDER OF THE WARM MILK AND WATER STIR INTO IT AS MUCH OF THE FLOUR AS YOU CAN WITH THE SPOON THEN WIPE IT OUT CLEAN WITH YOUR FINGERS AND LAY IT ASIDE,gt,na,2078,16000,20.736,test,na
2078-142845-0007_melvoc_g711-8k,data/attacks/g711-8k/2078-142845-0007_melvoc.wav,fake,attack,none,g711-8k,g711-8k,THEN PLACE THE PAN ON A STRONG CHAIR OR DRESSER OR TABLE OF CONVENIENT HEIGHT POUR INTO THE SPONGE THE REMAINDER OF THE WARM MILK AND WATER STIR INTO IT AS MUCH OF THE FLOUR AS YOU CAN WITH THE SPOON THEN WIPE IT OUT CLEAN WITH YOUR FINGERS AND LAY IT ASIDE,gt,na,2078,16000,20.736,test,na
2078-142845-0007_melvoc_resample-8k,data/attacks/resample-8k/2078-142845-0007_melvoc.wav,fake,attack,none,resample-8k,8k-roundtrip,THEN PLACE THE PAN ON A STRONG CHAIR OR DRESSER OR TABLE OF CONVENIENT HEIGHT POUR INTO THE SPONGE THE REMAINDER OF THE WARM MILK AND WATER STIR INTO IT AS MUCH OF THE FLOUR AS YOU CAN WITH THE SPOON THEN WIPE IT OUT CLEAN WITH YOUR FINGERS AND LAY IT ASIDE,gt,na,2078,16000,20.736,test,na
2078-142845-0007_melvoc_awgn-snr5,data/attacks/awgn-snr5/2078-142845-0007_melvoc.wav,fake,attack,none,awgn-snr5,snr5,THEN PLACE THE PAN ON A STRONG CHAIR OR DRESSER OR TABLE OF CONVENIENT HEIGHT POUR INTO THE SPONGE THE REMAINDER OF THE WARM MILK AND WATER STIR INTO IT AS MUCH OF THE FLOUR AS YOU CAN WITH THE SPOON THEN WIPE IT OUT CLEAN WITH YOUR FINGERS AND LAY IT ASIDE,gt,na,2078,16000,20.736,test,na
2078-142845-0007_melvoc_awgn-snr10,data/attacks/awgn-snr10/2078-142845-0007_melvoc.wav,fake,attack,none,awgn-snr10,snr10,THEN PLACE THE PAN ON A STRONG CHAIR OR DRESSER OR TABLE OF CONVENIENT HEIGHT POUR INTO THE SPONGE THE REMAINDER OF THE WARM MILK AND WATER STIR INTO IT AS MUCH OF THE FLOUR AS YOU CAN WITH THE SPOON THEN WIPE IT OUT CLEAN WITH YOUR FINGERS AND LAY IT ASIDE,gt,na,2078,16000,20.736,test,na
2078-142845-0007_melvoc_awgn-snr20,data/attacks/awgn-snr20/2078-142845-0007_melvoc.wav,fake,attack,none,awgn-snr20,snr20,THEN PLACE THE PAN ON A STRONG CHAIR OR DRESSER OR TABLE OF CONVENIENT HEIGHT POUR INTO THE SPONGE THE REMAINDER OF THE WARM MILK AND WATER STIR INTO IT AS MUCH OF THE FLOUR AS YOU CAN WITH THE SPOON THEN WIPE IT OUT CLEAN WITH YOUR FINGERS AND LAY IT ASIDE,gt,na,2078,16000,20.736,test,na
2078-142845-0007_melvoc_bandpass-300-3400,data/attacks/bandpass-300-3400/2078-142845-0007_melvoc.wav,fake,attack,none,bandpass-300-3400,bandpass300-3400,THEN PLACE THE PAN ON A STRONG CHAIR OR DRESSER OR TABLE OF CONVENIENT HEIGHT POUR INTO THE SPONGE THE REMAINDER OF THE WARM MILK AND WATER STIR INTO IT AS MUCH OF THE FLOUR AS YOU CAN WITH THE SPOON THEN WIPE IT OUT CLEAN WITH YOUR FINGERS AND LAY IT ASIDE,gt,na,2078,16000,20.736,test,na
2078-142845-0007_melvoc_reverb-rt60-0.2,data/attacks/reverb-rt60-0.2/2078-142845-0007_melvoc.wav,fake,attack,none,reverb-rt60-0.2,rt60-0.2,THEN PLACE THE PAN ON A STRONG CHAIR OR DRESSER OR TABLE OF CONVENIENT HEIGHT POUR INTO THE SPONGE THE REMAINDER OF THE WARM MILK AND WATER STIR INTO IT AS MUCH OF THE FLOUR AS YOU CAN WITH THE SPOON THEN WIPE IT OUT CLEAN WITH YOUR FINGERS AND LAY IT ASIDE,gt,na,2078,16000,20.736,test,na
2078-142845-0007_melvoc_reverb-rt60-0.4,data/attacks/reverb-rt60-0.4/2078-142845-0007_melvoc.wav,fake,attack,none,reverb-rt60-0.4,rt60-0.4,THEN PLACE THE PAN ON A STRONG CHAIR OR DRESSER OR TABLE OF CONVENIENT HEIGHT POUR INTO THE SPONGE THE REMAINDER OF THE WARM MILK AND WATER STIR INTO IT AS MUCH OF THE FLOUR AS YOU CAN WITH THE SPOON THEN WIPE IT OUT CLEAN WITH YOUR FINGERS AND LAY IT ASIDE,gt,na,2078,16000,20.736,test,na
2078-142845-0007_melvoc_reverb-rt60-0.8,data/attacks/reverb-rt60-0.8/2078-142845-0007_melvoc.wav,fake,attack,none,reverb-rt60-0.8,rt60-0.8,THEN PLACE THE PAN ON A STRONG CHAIR OR DRESSER OR TABLE OF CONVENIENT HEIGHT POUR INTO THE SPONGE THE REMAINDER OF THE WARM MILK AND WATER STIR INTO IT AS MUCH OF THE FLOUR AS YOU CAN WITH THE SPOON THEN WIPE IT OUT CLEAN WITH YOUR FINGERS AND LAY IT ASIDE,gt,na,2078,16000,20.736,test,na
2078-142845-0007_melvoc_speed0.9,data/attacks/speed0.9/2078-142845-0007_melvoc.wav,fake,attack,none,speed0.9,speed0.9,THEN PLACE THE PAN ON A STRONG CHAIR OR DRESSER OR TABLE OF CONVENIENT HEIGHT POUR INTO THE SPONGE THE REMAINDER OF THE WARM MILK AND WATER STIR INTO IT AS MUCH OF THE FLOUR AS YOU CAN WITH THE SPOON THEN WIPE IT OUT CLEAN WITH YOUR FINGERS AND LAY IT ASIDE,gt,na,2078,16000,23.04,test,na
2078-142845-0007_melvoc_speed1.1,data/attacks/speed1.1/2078-142845-0007_melvoc.wav,fake,attack,none,speed1.1,speed1.1,THEN PLACE THE PAN ON A STRONG CHAIR OR DRESSER OR TABLE OF CONVENIENT HEIGHT POUR INTO THE SPONGE THE REMAINDER OF THE WARM MILK AND WATER STIR INTO IT AS MUCH OF THE FLOUR AS YOU CAN WITH THE SPOON THEN WIPE IT OUT CLEAN WITH YOUR FINGERS AND LAY IT ASIDE,gt,na,2078,16000,18.851,test,na
2078-142845-0007_pitch_mp3-128k,data/attacks/mp3-128k/2078-142845-0007_pitch.wav,fake,attack,none,mp3-128k,mp3-128k,THEN PLACE THE PAN ON A STRONG CHAIR OR DRESSER OR TABLE OF CONVENIENT HEIGHT POUR INTO THE SPONGE THE REMAINDER OF THE WARM MILK AND WATER STIR INTO IT AS MUCH OF THE FLOUR AS YOU CAN WITH THE SPOON THEN WIPE IT OUT CLEAN WITH YOUR FINGERS AND LAY IT ASIDE,gt,na,2078,16000,20.74,test,na
2078-142845-0007_pitch_mp3-64k,data/attacks/mp3-64k/2078-142845-0007_pitch.wav,fake,attack,none,mp3-64k,mp3-64k,THEN PLACE THE PAN ON A STRONG CHAIR OR DRESSER OR TABLE OF CONVENIENT HEIGHT POUR INTO THE SPONGE THE REMAINDER OF THE WARM MILK AND WATER STIR INTO IT AS MUCH OF THE FLOUR AS YOU CAN WITH THE SPOON THEN WIPE IT OUT CLEAN WITH YOUR FINGERS AND LAY IT ASIDE,gt,na,2078,16000,20.74,test,na
2078-142845-0007_pitch_opus-32k,data/attacks/opus-32k/2078-142845-0007_pitch.wav,fake,attack,none,opus-32k,opus-32k,THEN PLACE THE PAN ON A STRONG CHAIR OR DRESSER OR TABLE OF CONVENIENT HEIGHT POUR INTO THE SPONGE THE REMAINDER OF THE WARM MILK AND WATER STIR INTO IT AS MUCH OF THE FLOUR AS YOU CAN WITH THE SPOON THEN WIPE IT OUT CLEAN WITH YOUR FINGERS AND LAY IT ASIDE,gt,na,2078,16000,20.74,test,na
2078-142845-0007_pitch_g711-8k,data/attacks/g711-8k/2078-142845-0007_pitch.wav,fake,attack,none,g711-8k,g711-8k,THEN PLACE THE PAN ON A STRONG CHAIR OR DRESSER OR TABLE OF CONVENIENT HEIGHT POUR INTO THE SPONGE THE REMAINDER OF THE WARM MILK AND WATER STIR INTO IT AS MUCH OF THE FLOUR AS YOU CAN WITH THE SPOON THEN WIPE IT OUT CLEAN WITH YOUR FINGERS AND LAY IT ASIDE,gt,na,2078,16000,20.74,test,na
2078-142845-0007_pitch_resample-8k,data/attacks/resample-8k/2078-142845-0007_pitch.wav,fake,attack,none,resample-8k,8k-roundtrip,THEN PLACE THE PAN ON A STRONG CHAIR OR DRESSER OR TABLE OF CONVENIENT HEIGHT POUR INTO THE SPONGE THE REMAINDER OF THE WARM MILK AND WATER STIR INTO IT AS MUCH OF THE FLOUR AS YOU CAN WITH THE SPOON THEN WIPE IT OUT CLEAN WITH YOUR FINGERS AND LAY IT ASIDE,gt,na,2078,16000,20.74,test,na
2078-142845-0007_pitch_awgn-snr5,data/attacks/awgn-snr5/2078-142845-0007_pitch.wav,fake,attack,none,awgn-snr5,snr5,THEN PLACE THE PAN ON A STRONG CHAIR OR DRESSER OR TABLE OF CONVENIENT HEIGHT POUR INTO THE SPONGE THE REMAINDER OF THE WARM MILK AND WATER STIR INTO IT AS MUCH OF THE FLOUR AS YOU CAN WITH THE SPOON THEN WIPE IT OUT CLEAN WITH YOUR FINGERS AND LAY IT ASIDE,gt,na,2078,16000,20.74,test,na
2078-142845-0007_pitch_awgn-snr10,data/attacks/awgn-snr10/2078-142845-0007_pitch.wav,fake,attack,none,awgn-snr10,snr10,THEN PLACE THE PAN ON A STRONG CHAIR OR DRESSER OR TABLE OF CONVENIENT HEIGHT POUR INTO THE SPONGE THE REMAINDER OF THE WARM MILK AND WATER STIR INTO IT AS MUCH OF THE FLOUR AS YOU CAN WITH THE SPOON THEN WIPE IT OUT CLEAN WITH YOUR FINGERS AND LAY IT ASIDE,gt,na,2078,16000,20.74,test,na
2078-142845-0007_pitch_awgn-snr20,data/attacks/awgn-snr20/2078-142845-0007_pitch.wav,fake,attack,none,awgn-snr20,snr20,THEN PLACE THE PAN ON A STRONG CHAIR OR DRESSER OR TABLE OF CONVENIENT HEIGHT POUR INTO THE SPONGE THE REMAINDER OF THE WARM MILK AND WATER STIR INTO IT AS MUCH OF THE FLOUR AS YOU CAN WITH THE SPOON THEN WIPE IT OUT CLEAN WITH YOUR FINGERS AND LAY IT ASIDE,gt,na,2078,16000,20.74,test,na
2078-142845-0007_pitch_bandpass-300-3400,data/attacks/bandpass-300-3400/2078-142845-0007_pitch.wav,fake,attack,none,bandpass-300-3400,bandpass300-3400,THEN PLACE THE PAN ON A STRONG CHAIR OR DRESSER OR TABLE OF CONVENIENT HEIGHT POUR INTO THE SPONGE THE REMAINDER OF THE WARM MILK AND WATER STIR INTO IT AS MUCH OF THE FLOUR AS YOU CAN WITH THE SPOON THEN WIPE IT OUT CLEAN WITH YOUR FINGERS AND LAY IT ASIDE,gt,na,2078,16000,20.74,test,na
2078-142845-0007_pitch_reverb-rt60-0.2,data/attacks/reverb-rt60-0.2/2078-142845-0007_pitch.wav,fake,attack,none,reverb-rt60-0.2,rt60-0.2,THEN PLACE THE PAN ON A STRONG CHAIR OR DRESSER OR TABLE OF CONVENIENT HEIGHT POUR INTO THE SPONGE THE REMAINDER OF THE WARM MILK AND WATER STIR INTO IT AS MUCH OF THE FLOUR AS YOU CAN WITH THE SPOON THEN WIPE IT OUT CLEAN WITH YOUR FINGERS AND LAY IT ASIDE,gt,na,2078,16000,20.74,test,na
2078-142845-0007_pitch_reverb-rt60-0.4,data/attacks/reverb-rt60-0.4/2078-142845-0007_pitch.wav,fake,attack,none,reverb-rt60-0.4,rt60-0.4,THEN PLACE THE PAN ON A STRONG CHAIR OR DRESSER OR TABLE OF CONVENIENT HEIGHT POUR INTO THE SPONGE THE REMAINDER OF THE WARM MILK AND WATER STIR INTO IT AS MUCH OF THE FLOUR AS YOU CAN WITH THE SPOON THEN WIPE IT OUT CLEAN WITH YOUR FINGERS AND LAY IT ASIDE,gt,na,2078,16000,20.74,test,na
2078-142845-0007_pitch_reverb-rt60-0.8,data/attacks/reverb-rt60-0.8/2078-142845-0007_pitch.wav,fake,attack,none,reverb-rt60-0.8,rt60-0.8,THEN PLACE THE PAN ON A STRONG CHAIR OR DRESSER OR TABLE OF CONVENIENT HEIGHT POUR INTO THE SPONGE THE REMAINDER OF THE WARM MILK AND WATER STIR INTO IT AS MUCH OF THE FLOUR AS YOU CAN WITH THE SPOON THEN WIPE IT OUT CLEAN WITH YOUR FINGERS AND LAY IT ASIDE,gt,na,2078,16000,20.74,test,na
2078-142845-0007_pitch_speed0.9,data/attacks/speed0.9/2078-142845-0007_pitch.wav,fake,attack,none,speed0.9,speed0.9,THEN PLACE THE PAN ON A STRONG CHAIR OR DRESSER OR TABLE OF CONVENIENT HEIGHT POUR INTO THE SPONGE THE REMAINDER OF THE WARM MILK AND WATER STIR INTO IT AS MUCH OF THE FLOUR AS YOU CAN WITH THE SPOON THEN WIPE IT OUT CLEAN WITH YOUR FINGERS AND LAY IT ASIDE,gt,na,2078,16000,23.044,test,na
2078-142845-0007_pitch_speed1.1,data/attacks/speed1.1/2078-142845-0007_pitch.wav,fake,attack,none,speed1.1,speed1.1,THEN PLACE THE PAN ON A STRONG CHAIR OR DRESSER OR TABLE OF CONVENIENT HEIGHT POUR INTO THE SPONGE THE REMAINDER OF THE WARM MILK AND WATER STIR INTO IT AS MUCH OF THE FLOUR AS YOU CAN WITH THE SPOON THEN WIPE IT OUT CLEAN WITH YOUR FINGERS AND LAY IT ASIDE,gt,na,2078,16000,18.855,test,na
2078-142845-0008_formant_mp3-128k,data/attacks/mp3-128k/2078-142845-0008_formant.wav,fake,attack,none,mp3-128k,mp3-128k,TURN IT THEN ON TO A PASTE BOARD OR VERY CLEAN DRESSER AND WITH A LARGE SHARP KNIFE DIVIDE IT IN TWO MAKE IT UP QUICKLY INTO LOAVES AND DISPATCH IT TO THE OVEN MAKE ONE OR TWO INCISIONS ACROSS THE TOPS OF THE LOAVES AS THEY WILL RISE MORE EASILY IF THIS BE DONE,gt,na,2078,16000,19.38,test,na
2078-142845-0008_formant_mp3-64k,data/attacks/mp3-64k/2078-142845-0008_formant.wav,fake,attack,none,mp3-64k,mp3-64k,TURN IT THEN ON TO A PASTE BOARD OR VERY CLEAN DRESSER AND WITH A LARGE SHARP KNIFE DIVIDE IT IN TWO MAKE IT UP QUICKLY INTO LOAVES AND DISPATCH IT TO THE OVEN MAKE ONE OR TWO INCISIONS ACROSS THE TOPS OF THE LOAVES AS THEY WILL RISE MORE EASILY IF THIS BE DONE,gt,na,2078,16000,19.38,test,na
2078-142845-0008_formant_opus-32k,data/attacks/opus-32k/2078-142845-0008_formant.wav,fake,attack,none,opus-32k,opus-32k,TURN IT THEN ON TO A PASTE BOARD OR VERY CLEAN DRESSER AND WITH A LARGE SHARP KNIFE DIVIDE IT IN TWO MAKE IT UP QUICKLY INTO LOAVES AND DISPATCH IT TO THE OVEN MAKE ONE OR TWO INCISIONS ACROSS THE TOPS OF THE LOAVES AS THEY WILL RISE MORE EASILY IF THIS BE DONE,gt,na,2078,16000,19.38,test,na
2078-142845-0008_formant_g711-8k,data/attacks/g711-8k/2078-142845-0008_formant.wav,fake,attack,none,g711-8k,g711-8k,TURN IT THEN ON TO A PASTE BOARD OR VERY CLEAN DRESSER AND WITH A LARGE SHARP KNIFE DIVIDE IT IN TWO MAKE IT UP QUICKLY INTO LOAVES AND DISPATCH IT TO THE OVEN MAKE ONE OR TWO INCISIONS ACROSS THE TOPS OF THE LOAVES AS THEY WILL RISE MORE EASILY IF THIS BE DONE,gt,na,2078,16000,19.38,test,na
2078-142845-0008_formant_resample-8k,data/attacks/resample-8k/2078-142845-0008_formant.wav,fake,attack,none,resample-8k,8k-roundtrip,TURN IT THEN ON TO A PASTE BOARD OR VERY CLEAN DRESSER AND WITH A LARGE SHARP KNIFE DIVIDE IT IN TWO MAKE IT UP QUICKLY INTO LOAVES AND DISPATCH IT TO THE OVEN MAKE ONE OR TWO INCISIONS ACROSS THE TOPS OF THE LOAVES AS THEY WILL RISE MORE EASILY IF THIS BE DONE,gt,na,2078,16000,19.38,test,na
2078-142845-0008_formant_awgn-snr5,data/attacks/awgn-snr5/2078-142845-0008_formant.wav,fake,attack,none,awgn-snr5,snr5,TURN IT THEN ON TO A PASTE BOARD OR VERY CLEAN DRESSER AND WITH A LARGE SHARP KNIFE DIVIDE IT IN TWO MAKE IT UP QUICKLY INTO LOAVES AND DISPATCH IT TO THE OVEN MAKE ONE OR TWO INCISIONS ACROSS THE TOPS OF THE LOAVES AS THEY WILL RISE MORE EASILY IF THIS BE DONE,gt,na,2078,16000,19.38,test,na
2078-142845-0008_formant_awgn-snr10,data/attacks/awgn-snr10/2078-142845-0008_formant.wav,fake,attack,none,awgn-snr10,snr10,TURN IT THEN ON TO A PASTE BOARD OR VERY CLEAN DRESSER AND WITH A LARGE SHARP KNIFE DIVIDE IT IN TWO MAKE IT UP QUICKLY INTO LOAVES AND DISPATCH IT TO THE OVEN MAKE ONE OR TWO INCISIONS ACROSS THE TOPS OF THE LOAVES AS THEY WILL RISE MORE EASILY IF THIS BE DONE,gt,na,2078,16000,19.38,test,na
2078-142845-0008_formant_awgn-snr20,data/attacks/awgn-snr20/2078-142845-0008_formant.wav,fake,attack,none,awgn-snr20,snr20,TURN IT THEN ON TO A PASTE BOARD OR VERY CLEAN DRESSER AND WITH A LARGE SHARP KNIFE DIVIDE IT IN TWO MAKE IT UP QUICKLY INTO LOAVES AND DISPATCH IT TO THE OVEN MAKE ONE OR TWO INCISIONS ACROSS THE TOPS OF THE LOAVES AS THEY WILL RISE MORE EASILY IF THIS BE DONE,gt,na,2078,16000,19.38,test,na
2078-142845-0008_formant_bandpass-300-3400,data/attacks/bandpass-300-3400/2078-142845-0008_formant.wav,fake,attack,none,bandpass-300-3400,bandpass300-3400,TURN IT THEN ON TO A PASTE BOARD OR VERY CLEAN DRESSER AND WITH A LARGE SHARP KNIFE DIVIDE IT IN TWO MAKE IT UP QUICKLY INTO LOAVES AND DISPATCH IT TO THE OVEN MAKE ONE OR TWO INCISIONS ACROSS THE TOPS OF THE LOAVES AS THEY WILL RISE MORE EASILY IF THIS BE DONE,gt,na,2078,16000,19.38,test,na
2078-142845-0008_formant_reverb-rt60-0.2,data/attacks/reverb-rt60-0.2/2078-142845-0008_formant.wav,fake,attack,none,reverb-rt60-0.2,rt60-0.2,TURN IT THEN ON TO A PASTE BOARD OR VERY CLEAN DRESSER AND WITH A LARGE SHARP KNIFE DIVIDE IT IN TWO MAKE IT UP QUICKLY INTO LOAVES AND DISPATCH IT TO THE OVEN MAKE ONE OR TWO INCISIONS ACROSS THE TOPS OF THE LOAVES AS THEY WILL RISE MORE EASILY IF THIS BE DONE,gt,na,2078,16000,19.38,test,na
2078-142845-0008_formant_reverb-rt60-0.4,data/attacks/reverb-rt60-0.4/2078-142845-0008_formant.wav,fake,attack,none,reverb-rt60-0.4,rt60-0.4,TURN IT THEN ON TO A PASTE BOARD OR VERY CLEAN DRESSER AND WITH A LARGE SHARP KNIFE DIVIDE IT IN TWO MAKE IT UP QUICKLY INTO LOAVES AND DISPATCH IT TO THE OVEN MAKE ONE OR TWO INCISIONS ACROSS THE TOPS OF THE LOAVES AS THEY WILL RISE MORE EASILY IF THIS BE DONE,gt,na,2078,16000,19.38,test,na
2078-142845-0008_formant_reverb-rt60-0.8,data/attacks/reverb-rt60-0.8/2078-142845-0008_formant.wav,fake,attack,none,reverb-rt60-0.8,rt60-0.8,TURN IT THEN ON TO A PASTE BOARD OR VERY CLEAN DRESSER AND WITH A LARGE SHARP KNIFE DIVIDE IT IN TWO MAKE IT UP QUICKLY INTO LOAVES AND DISPATCH IT TO THE OVEN MAKE ONE OR TWO INCISIONS ACROSS THE TOPS OF THE LOAVES AS THEY WILL RISE MORE EASILY IF THIS BE DONE,gt,na,2078,16000,19.38,test,na
2078-142845-0008_formant_speed0.9,data/attacks/speed0.9/2078-142845-0008_formant.wav,fake,attack,none,speed0.9,speed0.9,TURN IT THEN ON TO A PASTE BOARD OR VERY CLEAN DRESSER AND WITH A LARGE SHARP KNIFE DIVIDE IT IN TWO MAKE IT UP QUICKLY INTO LOAVES AND DISPATCH IT TO THE OVEN MAKE ONE OR TWO INCISIONS ACROSS THE TOPS OF THE LOAVES AS THEY WILL RISE MORE EASILY IF THIS BE DONE,gt,na,2078,16000,21.533,test,na
2078-142845-0008_formant_speed1.1,data/attacks/speed1.1/2078-142845-0008_formant.wav,fake,attack,none,speed1.1,speed1.1,TURN IT THEN ON TO A PASTE BOARD OR VERY CLEAN DRESSER AND WITH A LARGE SHARP KNIFE DIVIDE IT IN TWO MAKE IT UP QUICKLY INTO LOAVES AND DISPATCH IT TO THE OVEN MAKE ONE OR TWO INCISIONS ACROSS THE TOPS OF THE LOAVES AS THEY WILL RISE MORE EASILY IF THIS BE DONE,gt,na,2078,16000,17.618,test,na
2086-149214-0000_formant_mp3-128k,data/attacks/mp3-128k/2086-149214-0000_formant.wav,fake,attack,none,mp3-128k,mp3-128k,THE NARRATIVE IT MAY BE IS WOVEN OF SO HUMBLE A TEXTURE AS TO REQUIRE THIS ADVANTAGE AND AT THE SAME TIME TO RENDER IT THE MORE DIFFICULT OF ATTAINMENT,gt,na,2086,16000,9.81,test,na
2086-149214-0000_formant_mp3-64k,data/attacks/mp3-64k/2086-149214-0000_formant.wav,fake,attack,none,mp3-64k,mp3-64k,THE NARRATIVE IT MAY BE IS WOVEN OF SO HUMBLE A TEXTURE AS TO REQUIRE THIS ADVANTAGE AND AT THE SAME TIME TO RENDER IT THE MORE DIFFICULT OF ATTAINMENT,gt,na,2086,16000,9.81,test,na
2086-149214-0000_formant_opus-32k,data/attacks/opus-32k/2086-149214-0000_formant.wav,fake,attack,none,opus-32k,opus-32k,THE NARRATIVE IT MAY BE IS WOVEN OF SO HUMBLE A TEXTURE AS TO REQUIRE THIS ADVANTAGE AND AT THE SAME TIME TO RENDER IT THE MORE DIFFICULT OF ATTAINMENT,gt,na,2086,16000,9.81,test,na
2086-149214-0000_formant_g711-8k,data/attacks/g711-8k/2086-149214-0000_formant.wav,fake,attack,none,g711-8k,g711-8k,THE NARRATIVE IT MAY BE IS WOVEN OF SO HUMBLE A TEXTURE AS TO REQUIRE THIS ADVANTAGE AND AT THE SAME TIME TO RENDER IT THE MORE DIFFICULT OF ATTAINMENT,gt,na,2086,16000,9.81,test,na
2086-149214-0000_formant_resample-8k,data/attacks/resample-8k/2086-149214-0000_formant.wav,fake,attack,none,resample-8k,8k-roundtrip,THE NARRATIVE IT MAY BE IS WOVEN OF SO HUMBLE A TEXTURE AS TO REQUIRE THIS ADVANTAGE AND AT THE SAME TIME TO RENDER IT THE MORE DIFFICULT OF ATTAINMENT,gt,na,2086,16000,9.81,test,na
2086-149214-0000_formant_awgn-snr5,data/attacks/awgn-snr5/2086-149214-0000_formant.wav,fake,attack,none,awgn-snr5,snr5,THE NARRATIVE IT MAY BE IS WOVEN OF SO HUMBLE A TEXTURE AS TO REQUIRE THIS ADVANTAGE AND AT THE SAME TIME TO RENDER IT THE MORE DIFFICULT OF ATTAINMENT,gt,na,2086,16000,9.81,test,na
2086-149214-0000_formant_awgn-snr10,data/attacks/awgn-snr10/2086-149214-0000_formant.wav,fake,attack,none,awgn-snr10,snr10,THE NARRATIVE IT MAY BE IS WOVEN OF SO HUMBLE A TEXTURE AS TO REQUIRE THIS ADVANTAGE AND AT THE SAME TIME TO RENDER IT THE MORE DIFFICULT OF ATTAINMENT,gt,na,2086,16000,9.81,test,na
2086-149214-0000_formant_awgn-snr20,data/attacks/awgn-snr20/2086-149214-0000_formant.wav,fake,attack,none,awgn-snr20,snr20,THE NARRATIVE IT MAY BE IS WOVEN OF SO HUMBLE A TEXTURE AS TO REQUIRE THIS ADVANTAGE AND AT THE SAME TIME TO RENDER IT THE MORE DIFFICULT OF ATTAINMENT,gt,na,2086,16000,9.81,test,na
2086-149214-0000_formant_bandpass-300-3400,data/attacks/bandpass-300-3400/2086-149214-0000_formant.wav,fake,attack,none,bandpass-300-3400,bandpass300-3400,THE NARRATIVE IT MAY BE IS WOVEN OF SO HUMBLE A TEXTURE AS TO REQUIRE THIS ADVANTAGE AND AT THE SAME TIME TO RENDER IT THE MORE DIFFICULT OF ATTAINMENT,gt,na,2086,16000,9.81,test,na
2086-149214-0000_formant_reverb-rt60-0.2,data/attacks/reverb-rt60-0.2/2086-149214-0000_formant.wav,fake,attack,none,reverb-rt60-0.2,rt60-0.2,THE NARRATIVE IT MAY BE IS WOVEN OF SO HUMBLE A TEXTURE AS TO REQUIRE THIS ADVANTAGE AND AT THE SAME TIME TO RENDER IT THE MORE DIFFICULT OF ATTAINMENT,gt,na,2086,16000,9.81,test,na
2086-149214-0000_formant_reverb-rt60-0.4,data/attacks/reverb-rt60-0.4/2086-149214-0000_formant.wav,fake,attack,none,reverb-rt60-0.4,rt60-0.4,THE NARRATIVE IT MAY BE IS WOVEN OF SO HUMBLE A TEXTURE AS TO REQUIRE THIS ADVANTAGE AND AT THE SAME TIME TO RENDER IT THE MORE DIFFICULT OF ATTAINMENT,gt,na,2086,16000,9.81,test,na
2086-149214-0000_formant_reverb-rt60-0.8,data/attacks/reverb-rt60-0.8/2086-149214-0000_formant.wav,fake,attack,none,reverb-rt60-0.8,rt60-0.8,THE NARRATIVE IT MAY BE IS WOVEN OF SO HUMBLE A TEXTURE AS TO REQUIRE THIS ADVANTAGE AND AT THE SAME TIME TO RENDER IT THE MORE DIFFICULT OF ATTAINMENT,gt,na,2086,16000,9.81,test,na
2086-149214-0000_formant_speed0.9,data/attacks/speed0.9/2086-149214-0000_formant.wav,fake,attack,none,speed0.9,speed0.9,THE NARRATIVE IT MAY BE IS WOVEN OF SO HUMBLE A TEXTURE AS TO REQUIRE THIS ADVANTAGE AND AT THE SAME TIME TO RENDER IT THE MORE DIFFICULT OF ATTAINMENT,gt,na,2086,16000,10.9,test,na
2086-149214-0000_formant_speed1.1,data/attacks/speed1.1/2086-149214-0000_formant.wav,fake,attack,none,speed1.1,speed1.1,THE NARRATIVE IT MAY BE IS WOVEN OF SO HUMBLE A TEXTURE AS TO REQUIRE THIS ADVANTAGE AND AT THE SAME TIME TO RENDER IT THE MORE DIFFICULT OF ATTAINMENT,gt,na,2086,16000,8.918,test,na
2086-149214-0000_melvoc_mp3-128k,data/attacks/mp3-128k/2086-149214-0000_melvoc.wav,fake,attack,none,mp3-128k,mp3-128k,THE NARRATIVE IT MAY BE IS WOVEN OF SO HUMBLE A TEXTURE AS TO REQUIRE THIS ADVANTAGE AND AT THE SAME TIME TO RENDER IT THE MORE DIFFICULT OF ATTAINMENT,gt,na,2086,16000,9.808,test,na
2086-149214-0000_melvoc_mp3-64k,data/attacks/mp3-64k/2086-149214-0000_melvoc.wav,fake,attack,none,mp3-64k,mp3-64k,THE NARRATIVE IT MAY BE IS WOVEN OF SO HUMBLE A TEXTURE AS TO REQUIRE THIS ADVANTAGE AND AT THE SAME TIME TO RENDER IT THE MORE DIFFICULT OF ATTAINMENT,gt,na,2086,16000,9.808,test,na
2086-149214-0000_melvoc_opus-32k,data/attacks/opus-32k/2086-149214-0000_melvoc.wav,fake,attack,none,opus-32k,opus-32k,THE NARRATIVE IT MAY BE IS WOVEN OF SO HUMBLE A TEXTURE AS TO REQUIRE THIS ADVANTAGE AND AT THE SAME TIME TO RENDER IT THE MORE DIFFICULT OF ATTAINMENT,gt,na,2086,16000,9.808,test,na
2086-149214-0000_melvoc_g711-8k,data/attacks/g711-8k/2086-149214-0000_melvoc.wav,fake,attack,none,g711-8k,g711-8k,THE NARRATIVE IT MAY BE IS WOVEN OF SO HUMBLE A TEXTURE AS TO REQUIRE THIS ADVANTAGE AND AT THE SAME TIME TO RENDER IT THE MORE DIFFICULT OF ATTAINMENT,gt,na,2086,16000,9.808,test,na
2086-149214-0000_melvoc_resample-8k,data/attacks/resample-8k/2086-149214-0000_melvoc.wav,fake,attack,none,resample-8k,8k-roundtrip,THE NARRATIVE IT MAY BE IS WOVEN OF SO HUMBLE A TEXTURE AS TO REQUIRE THIS ADVANTAGE AND AT THE SAME TIME TO RENDER IT THE MORE DIFFICULT OF ATTAINMENT,gt,na,2086,16000,9.808,test,na
2086-149214-0000_melvoc_awgn-snr5,data/attacks/awgn-snr5/2086-149214-0000_melvoc.wav,fake,attack,none,awgn-snr5,snr5,THE NARRATIVE IT MAY BE IS WOVEN OF SO HUMBLE A TEXTURE AS TO REQUIRE THIS ADVANTAGE AND AT THE SAME TIME TO RENDER IT THE MORE DIFFICULT OF ATTAINMENT,gt,na,2086,16000,9.808,test,na
2086-149214-0000_melvoc_awgn-snr10,data/attacks/awgn-snr10/2086-149214-0000_melvoc.wav,fake,attack,none,awgn-snr10,snr10,THE NARRATIVE IT MAY BE IS WOVEN OF SO HUMBLE A TEXTURE AS TO REQUIRE THIS ADVANTAGE AND AT THE SAME TIME TO RENDER IT THE MORE DIFFICULT OF ATTAINMENT,gt,na,2086,16000,9.808,test,na
2086-149214-0000_melvoc_awgn-snr20,data/attacks/awgn-snr20/2086-149214-0000_melvoc.wav,fake,attack,none,awgn-snr20,snr20,THE NARRATIVE IT MAY BE IS WOVEN OF SO HUMBLE A TEXTURE AS TO REQUIRE THIS ADVANTAGE AND AT THE SAME TIME TO RENDER IT THE MORE DIFFICULT OF ATTAINMENT,gt,na,2086,16000,9.808,test,na
2086-149214-0000_melvoc_bandpass-300-3400,data/attacks/bandpass-300-3400/2086-149214-0000_melvoc.wav,fake,attack,none,bandpass-300-3400,bandpass300-3400,THE NARRATIVE IT MAY BE IS WOVEN OF SO HUMBLE A TEXTURE AS TO REQUIRE THIS ADVANTAGE AND AT THE SAME TIME TO RENDER IT THE MORE DIFFICULT OF ATTAINMENT,gt,na,2086,16000,9.808,test,na
2086-149214-0000_melvoc_reverb-rt60-0.2,data/attacks/reverb-rt60-0.2/2086-149214-0000_melvoc.wav,fake,attack,none,reverb-rt60-0.2,rt60-0.2,THE NARRATIVE IT MAY BE IS WOVEN OF SO HUMBLE A TEXTURE AS TO REQUIRE THIS ADVANTAGE AND AT THE SAME TIME TO RENDER IT THE MORE DIFFICULT OF ATTAINMENT,gt,na,2086,16000,9.808,test,na
2086-149214-0000_melvoc_reverb-rt60-0.4,data/attacks/reverb-rt60-0.4/2086-149214-0000_melvoc.wav,fake,attack,none,reverb-rt60-0.4,rt60-0.4,THE NARRATIVE IT MAY BE IS WOVEN OF SO HUMBLE A TEXTURE AS TO REQUIRE THIS ADVANTAGE AND AT THE SAME TIME TO RENDER IT THE MORE DIFFICULT OF ATTAINMENT,gt,na,2086,16000,9.808,test,na
2086-149214-0000_melvoc_reverb-rt60-0.8,data/attacks/reverb-rt60-0.8/2086-149214-0000_melvoc.wav,fake,attack,none,reverb-rt60-0.8,rt60-0.8,THE NARRATIVE IT MAY BE IS WOVEN OF SO HUMBLE A TEXTURE AS TO REQUIRE THIS ADVANTAGE AND AT THE SAME TIME TO RENDER IT THE MORE DIFFICULT OF ATTAINMENT,gt,na,2086,16000,9.808,test,na
2086-149214-0000_melvoc_speed0.9,data/attacks/speed0.9/2086-149214-0000_melvoc.wav,fake,attack,none,speed0.9,speed0.9,THE NARRATIVE IT MAY BE IS WOVEN OF SO HUMBLE A TEXTURE AS TO REQUIRE THIS ADVANTAGE AND AT THE SAME TIME TO RENDER IT THE MORE DIFFICULT OF ATTAINMENT,gt,na,2086,16000,10.898,test,na
2086-149214-0000_melvoc_speed1.1,data/attacks/speed1.1/2086-149214-0000_melvoc.wav,fake,attack,none,speed1.1,speed1.1,THE NARRATIVE IT MAY BE IS WOVEN OF SO HUMBLE A TEXTURE AS TO REQUIRE THIS ADVANTAGE AND AT THE SAME TIME TO RENDER IT THE MORE DIFFICULT OF ATTAINMENT,gt,na,2086,16000,8.916,test,na
2086-149214-0000_pitch_mp3-128k,data/attacks/mp3-128k/2086-149214-0000_pitch.wav,fake,attack,none,mp3-128k,mp3-128k,THE NARRATIVE IT MAY BE IS WOVEN OF SO HUMBLE A TEXTURE AS TO REQUIRE THIS ADVANTAGE AND AT THE SAME TIME TO RENDER IT THE MORE DIFFICULT OF ATTAINMENT,gt,na,2086,16000,9.81,test,na
2086-149214-0000_pitch_mp3-64k,data/attacks/mp3-64k/2086-149214-0000_pitch.wav,fake,attack,none,mp3-64k,mp3-64k,THE NARRATIVE IT MAY BE IS WOVEN OF SO HUMBLE A TEXTURE AS TO REQUIRE THIS ADVANTAGE AND AT THE SAME TIME TO RENDER IT THE MORE DIFFICULT OF ATTAINMENT,gt,na,2086,16000,9.81,test,na
2086-149214-0000_pitch_opus-32k,data/attacks/opus-32k/2086-149214-0000_pitch.wav,fake,attack,none,opus-32k,opus-32k,THE NARRATIVE IT MAY BE IS WOVEN OF SO HUMBLE A TEXTURE AS TO REQUIRE THIS ADVANTAGE AND AT THE SAME TIME TO RENDER IT THE MORE DIFFICULT OF ATTAINMENT,gt,na,2086,16000,9.81,test,na
2086-149214-0000_pitch_g711-8k,data/attacks/g711-8k/2086-149214-0000_pitch.wav,fake,attack,none,g711-8k,g711-8k,THE NARRATIVE IT MAY BE IS WOVEN OF SO HUMBLE A TEXTURE AS TO REQUIRE THIS ADVANTAGE AND AT THE SAME TIME TO RENDER IT THE MORE DIFFICULT OF ATTAINMENT,gt,na,2086,16000,9.81,test,na
2086-149214-0000_pitch_resample-8k,data/attacks/resample-8k/2086-149214-0000_pitch.wav,fake,attack,none,resample-8k,8k-roundtrip,THE NARRATIVE IT MAY BE IS WOVEN OF SO HUMBLE A TEXTURE AS TO REQUIRE THIS ADVANTAGE AND AT THE SAME TIME TO RENDER IT THE MORE DIFFICULT OF ATTAINMENT,gt,na,2086,16000,9.81,test,na
2086-149214-0000_pitch_awgn-snr5,data/attacks/awgn-snr5/2086-149214-0000_pitch.wav,fake,attack,none,awgn-snr5,snr5,THE NARRATIVE IT MAY BE IS WOVEN OF SO HUMBLE A TEXTURE AS TO REQUIRE THIS ADVANTAGE AND AT THE SAME TIME TO RENDER IT THE MORE DIFFICULT OF ATTAINMENT,gt,na,2086,16000,9.81,test,na
2086-149214-0000_pitch_awgn-snr10,data/attacks/awgn-snr10/2086-149214-0000_pitch.wav,fake,attack,none,awgn-snr10,snr10,THE NARRATIVE IT MAY BE IS WOVEN OF SO HUMBLE A TEXTURE AS TO REQUIRE THIS ADVANTAGE AND AT THE SAME TIME TO RENDER IT THE MORE DIFFICULT OF ATTAINMENT,gt,na,2086,16000,9.81,test,na
2086-149214-0000_pitch_awgn-snr20,data/attacks/awgn-snr20/2086-149214-0000_pitch.wav,fake,attack,none,awgn-snr20,snr20,THE NARRATIVE IT MAY BE IS WOVEN OF SO HUMBLE A TEXTURE AS TO REQUIRE THIS ADVANTAGE AND AT THE SAME TIME TO RENDER IT THE MORE DIFFICULT OF ATTAINMENT,gt,na,2086,16000,9.81,test,na
2086-149214-0000_pitch_bandpass-300-3400,data/attacks/bandpass-300-3400/2086-149214-0000_pitch.wav,fake,attack,none,bandpass-300-3400,bandpass300-3400,THE NARRATIVE IT MAY BE IS WOVEN OF SO HUMBLE A TEXTURE AS TO REQUIRE THIS ADVANTAGE AND AT THE SAME TIME TO RENDER IT THE MORE DIFFICULT OF ATTAINMENT,gt,na,2086,16000,9.81,test,na
2086-149214-0000_pitch_reverb-rt60-0.2,data/attacks/reverb-rt60-0.2/2086-149214-0000_pitch.wav,fake,attack,none,reverb-rt60-0.2,rt60-0.2,THE NARRATIVE IT MAY BE IS WOVEN OF SO HUMBLE A TEXTURE AS TO REQUIRE THIS ADVANTAGE AND AT THE SAME TIME TO RENDER IT THE MORE DIFFICULT OF ATTAINMENT,gt,na,2086,16000,9.81,test,na
2086-149214-0000_pitch_reverb-rt60-0.4,data/attacks/reverb-rt60-0.4/2086-149214-0000_pitch.wav,fake,attack,none,reverb-rt60-0.4,rt60-0.4,THE NARRATIVE IT MAY BE IS WOVEN OF SO HUMBLE A TEXTURE AS TO REQUIRE THIS ADVANTAGE AND AT THE SAME TIME TO RENDER IT THE MORE DIFFICULT OF ATTAINMENT,gt,na,2086,16000,9.81,test,na
2086-149214-0000_pitch_reverb-rt60-0.8,data/attacks/reverb-rt60-0.8/2086-149214-0000_pitch.wav,fake,attack,none,reverb-rt60-0.8,rt60-0.8,THE NARRATIVE IT MAY BE IS WOVEN OF SO HUMBLE A TEXTURE AS TO REQUIRE THIS ADVANTAGE AND AT THE SAME TIME TO RENDER IT THE MORE DIFFICULT OF ATTAINMENT,gt,na,2086,16000,9.81,test,na
2086-149214-0000_pitch_speed0.9,data/attacks/speed0.9/2086-149214-0000_pitch.wav,fake,attack,none,speed0.9,speed0.9,THE NARRATIVE IT MAY BE IS WOVEN OF SO HUMBLE A TEXTURE AS TO REQUIRE THIS ADVANTAGE AND AT THE SAME TIME TO RENDER IT THE MORE DIFFICULT OF ATTAINMENT,gt,na,2086,16000,10.9,test,na
2086-149214-0000_pitch_speed1.1,data/attacks/speed1.1/2086-149214-0000_pitch.wav,fake,attack,none,speed1.1,speed1.1,THE NARRATIVE IT MAY BE IS WOVEN OF SO HUMBLE A TEXTURE AS TO REQUIRE THIS ADVANTAGE AND AT THE SAME TIME TO RENDER IT THE MORE DIFFICULT OF ATTAINMENT,gt,na,2086,16000,8.918,test,na
2086-149214-0001_formant_mp3-128k,data/attacks/mp3-128k/2086-149214-0001_formant.wav,fake,attack,none,mp3-128k,mp3-128k,IN GOOD FAITH HOWEVER HE IS NOT SUFFICIENTLY IMAGINATIVE TO FLATTER HIMSELF WITH THE SLIGHTEST HOPE OF THIS KIND,gt,na,2086,16000,6.97,test,na
2086-149214-0001_formant_mp3-64k,data/attacks/mp3-64k/2086-149214-0001_formant.wav,fake,attack,none,mp3-64k,mp3-64k,IN GOOD FAITH HOWEVER HE IS NOT SUFFICIENTLY IMAGINATIVE TO FLATTER HIMSELF WITH THE SLIGHTEST HOPE OF THIS KIND,gt,na,2086,16000,6.97,test,na
2086-149214-0001_formant_opus-32k,data/attacks/opus-32k/2086-149214-0001_formant.wav,fake,attack,none,opus-32k,opus-32k,IN GOOD FAITH HOWEVER HE IS NOT SUFFICIENTLY IMAGINATIVE TO FLATTER HIMSELF WITH THE SLIGHTEST HOPE OF THIS KIND,gt,na,2086,16000,6.97,test,na
2086-149214-0001_formant_g711-8k,data/attacks/g711-8k/2086-149214-0001_formant.wav,fake,attack,none,g711-8k,g711-8k,IN GOOD FAITH HOWEVER HE IS NOT SUFFICIENTLY IMAGINATIVE TO FLATTER HIMSELF WITH THE SLIGHTEST HOPE OF THIS KIND,gt,na,2086,16000,6.97,test,na
2086-149214-0001_formant_resample-8k,data/attacks/resample-8k/2086-149214-0001_formant.wav,fake,attack,none,resample-8k,8k-roundtrip,IN GOOD FAITH HOWEVER HE IS NOT SUFFICIENTLY IMAGINATIVE TO FLATTER HIMSELF WITH THE SLIGHTEST HOPE OF THIS KIND,gt,na,2086,16000,6.97,test,na
2086-149214-0001_formant_awgn-snr5,data/attacks/awgn-snr5/2086-149214-0001_formant.wav,fake,attack,none,awgn-snr5,snr5,IN GOOD FAITH HOWEVER HE IS NOT SUFFICIENTLY IMAGINATIVE TO FLATTER HIMSELF WITH THE SLIGHTEST HOPE OF THIS KIND,gt,na,2086,16000,6.97,test,na
2086-149214-0001_formant_awgn-snr10,data/attacks/awgn-snr10/2086-149214-0001_formant.wav,fake,attack,none,awgn-snr10,snr10,IN GOOD FAITH HOWEVER HE IS NOT SUFFICIENTLY IMAGINATIVE TO FLATTER HIMSELF WITH THE SLIGHTEST HOPE OF THIS KIND,gt,na,2086,16000,6.97,test,na
2086-149214-0001_formant_awgn-snr20,data/attacks/awgn-snr20/2086-149214-0001_formant.wav,fake,attack,none,awgn-snr20,snr20,IN GOOD FAITH HOWEVER HE IS NOT SUFFICIENTLY IMAGINATIVE TO FLATTER HIMSELF WITH THE SLIGHTEST HOPE OF THIS KIND,gt,na,2086,16000,6.97,test,na
2086-149214-0001_formant_bandpass-300-3400,data/attacks/bandpass-300-3400/2086-149214-0001_formant.wav,fake,attack,none,bandpass-300-3400,bandpass300-3400,IN GOOD FAITH HOWEVER HE IS NOT SUFFICIENTLY IMAGINATIVE TO FLATTER HIMSELF WITH THE SLIGHTEST HOPE OF THIS KIND,gt,na,2086,16000,6.97,test,na
2086-149214-0001_formant_reverb-rt60-0.2,data/attacks/reverb-rt60-0.2/2086-149214-0001_formant.wav,fake,attack,none,reverb-rt60-0.2,rt60-0.2,IN GOOD FAITH HOWEVER HE IS NOT SUFFICIENTLY IMAGINATIVE TO FLATTER HIMSELF WITH THE SLIGHTEST HOPE OF THIS KIND,gt,na,2086,16000,6.97,test,na
2086-149214-0001_formant_reverb-rt60-0.4,data/attacks/reverb-rt60-0.4/2086-149214-0001_formant.wav,fake,attack,none,reverb-rt60-0.4,rt60-0.4,IN GOOD FAITH HOWEVER HE IS NOT SUFFICIENTLY IMAGINATIVE TO FLATTER HIMSELF WITH THE SLIGHTEST HOPE OF THIS KIND,gt,na,2086,16000,6.97,test,na
2086-149214-0001_formant_reverb-rt60-0.8,data/attacks/reverb-rt60-0.8/2086-149214-0001_formant.wav,fake,attack,none,reverb-rt60-0.8,rt60-0.8,IN GOOD FAITH HOWEVER HE IS NOT SUFFICIENTLY IMAGINATIVE TO FLATTER HIMSELF WITH THE SLIGHTEST HOPE OF THIS KIND,gt,na,2086,16000,6.97,test,na
2086-149214-0001_formant_speed0.9,data/attacks/speed0.9/2086-149214-0001_formant.wav,fake,attack,none,speed0.9,speed0.9,IN GOOD FAITH HOWEVER HE IS NOT SUFFICIENTLY IMAGINATIVE TO FLATTER HIMSELF WITH THE SLIGHTEST HOPE OF THIS KIND,gt,na,2086,16000,7.744,test,na
2086-149214-0001_formant_speed1.1,data/attacks/speed1.1/2086-149214-0001_formant.wav,fake,attack,none,speed1.1,speed1.1,IN GOOD FAITH HOWEVER HE IS NOT SUFFICIENTLY IMAGINATIVE TO FLATTER HIMSELF WITH THE SLIGHTEST HOPE OF THIS KIND,gt,na,2086,16000,6.336,test,na
2086-149214-0001_melvoc_mp3-128k,data/attacks/mp3-128k/2086-149214-0001_melvoc.wav,fake,attack,none,mp3-128k,mp3-128k,IN GOOD FAITH HOWEVER HE IS NOT SUFFICIENTLY IMAGINATIVE TO FLATTER HIMSELF WITH THE SLIGHTEST HOPE OF THIS KIND,gt,na,2086,16000,6.968,test,na
2086-149214-0001_melvoc_mp3-64k,data/attacks/mp3-64k/2086-149214-0001_melvoc.wav,fake,attack,none,mp3-64k,mp3-64k,IN GOOD FAITH HOWEVER HE IS NOT SUFFICIENTLY IMAGINATIVE TO FLATTER HIMSELF WITH THE SLIGHTEST HOPE OF THIS KIND,gt,na,2086,16000,6.968,test,na
2086-149214-0001_melvoc_opus-32k,data/attacks/opus-32k/2086-149214-0001_melvoc.wav,fake,attack,none,opus-32k,opus-32k,IN GOOD FAITH HOWEVER HE IS NOT SUFFICIENTLY IMAGINATIVE TO FLATTER HIMSELF WITH THE SLIGHTEST HOPE OF THIS KIND,gt,na,2086,16000,6.968,test,na
2086-149214-0001_melvoc_g711-8k,data/attacks/g711-8k/2086-149214-0001_melvoc.wav,fake,attack,none,g711-8k,g711-8k,IN GOOD FAITH HOWEVER HE IS NOT SUFFICIENTLY IMAGINATIVE TO FLATTER HIMSELF WITH THE SLIGHTEST HOPE OF THIS KIND,gt,na,2086,16000,6.968,test,na
2086-149214-0001_melvoc_resample-8k,data/attacks/resample-8k/2086-149214-0001_melvoc.wav,fake,attack,none,resample-8k,8k-roundtrip,IN GOOD FAITH HOWEVER HE IS NOT SUFFICIENTLY IMAGINATIVE TO FLATTER HIMSELF WITH THE SLIGHTEST HOPE OF THIS KIND,gt,na,2086,16000,6.968,test,na
2086-149214-0001_melvoc_awgn-snr5,data/attacks/awgn-snr5/2086-149214-0001_melvoc.wav,fake,attack,none,awgn-snr5,snr5,IN GOOD FAITH HOWEVER HE IS NOT SUFFICIENTLY IMAGINATIVE TO FLATTER HIMSELF WITH THE SLIGHTEST HOPE OF THIS KIND,gt,na,2086,16000,6.968,test,na
2086-149214-0001_melvoc_awgn-snr10,data/attacks/awgn-snr10/2086-149214-0001_melvoc.wav,fake,attack,none,awgn-snr10,snr10,IN GOOD FAITH HOWEVER HE IS NOT SUFFICIENTLY IMAGINATIVE TO FLATTER HIMSELF WITH THE SLIGHTEST HOPE OF THIS KIND,gt,na,2086,16000,6.968,test,na
2086-149214-0001_melvoc_awgn-snr20,data/attacks/awgn-snr20/2086-149214-0001_melvoc.wav,fake,attack,none,awgn-snr20,snr20,IN GOOD FAITH HOWEVER HE IS NOT SUFFICIENTLY IMAGINATIVE TO FLATTER HIMSELF WITH THE SLIGHTEST HOPE OF THIS KIND,gt,na,2086,16000,6.968,test,na
2086-149214-0001_melvoc_bandpass-300-3400,data/attacks/bandpass-300-3400/2086-149214-0001_melvoc.wav,fake,attack,none,bandpass-300-3400,bandpass300-3400,IN GOOD FAITH HOWEVER HE IS NOT SUFFICIENTLY IMAGINATIVE TO FLATTER HIMSELF WITH THE SLIGHTEST HOPE OF THIS KIND,gt,na,2086,16000,6.968,test,na
2086-149214-0001_melvoc_reverb-rt60-0.2,data/attacks/reverb-rt60-0.2/2086-149214-0001_melvoc.wav,fake,attack,none,reverb-rt60-0.2,rt60-0.2,IN GOOD FAITH HOWEVER HE IS NOT SUFFICIENTLY IMAGINATIVE TO FLATTER HIMSELF WITH THE SLIGHTEST HOPE OF THIS KIND,gt,na,2086,16000,6.968,test,na
2086-149214-0001_melvoc_reverb-rt60-0.4,data/attacks/reverb-rt60-0.4/2086-149214-0001_melvoc.wav,fake,attack,none,reverb-rt60-0.4,rt60-0.4,IN GOOD FAITH HOWEVER HE IS NOT SUFFICIENTLY IMAGINATIVE TO FLATTER HIMSELF WITH THE SLIGHTEST HOPE OF THIS KIND,gt,na,2086,16000,6.968,test,na
2086-149214-0001_melvoc_reverb-rt60-0.8,data/attacks/reverb-rt60-0.8/2086-149214-0001_melvoc.wav,fake,attack,none,reverb-rt60-0.8,rt60-0.8,IN GOOD FAITH HOWEVER HE IS NOT SUFFICIENTLY IMAGINATIVE TO FLATTER HIMSELF WITH THE SLIGHTEST HOPE OF THIS KIND,gt,na,2086,16000,6.968,test,na
2086-149214-0001_melvoc_speed0.9,data/attacks/speed0.9/2086-149214-0001_melvoc.wav,fake,attack,none,speed0.9,speed0.9,IN GOOD FAITH HOWEVER HE IS NOT SUFFICIENTLY IMAGINATIVE TO FLATTER HIMSELF WITH THE SLIGHTEST HOPE OF THIS KIND,gt,na,2086,16000,7.742,test,na
2086-149214-0001_melvoc_speed1.1,data/attacks/speed1.1/2086-149214-0001_melvoc.wav,fake,attack,none,speed1.1,speed1.1,IN GOOD FAITH HOWEVER HE IS NOT SUFFICIENTLY IMAGINATIVE TO FLATTER HIMSELF WITH THE SLIGHTEST HOPE OF THIS KIND,gt,na,2086,16000,6.335,test,na
2086-149214-0001_pitch_mp3-128k,data/attacks/mp3-128k/2086-149214-0001_pitch.wav,fake,attack,none,mp3-128k,mp3-128k,IN GOOD FAITH HOWEVER HE IS NOT SUFFICIENTLY IMAGINATIVE TO FLATTER HIMSELF WITH THE SLIGHTEST HOPE OF THIS KIND,gt,na,2086,16000,6.97,test,na
2086-149214-0001_pitch_mp3-64k,data/attacks/mp3-64k/2086-149214-0001_pitch.wav,fake,attack,none,mp3-64k,mp3-64k,IN GOOD FAITH HOWEVER HE IS NOT SUFFICIENTLY IMAGINATIVE TO FLATTER HIMSELF WITH THE SLIGHTEST HOPE OF THIS KIND,gt,na,2086,16000,6.97,test,na
2086-149214-0001_pitch_opus-32k,data/attacks/opus-32k/2086-149214-0001_pitch.wav,fake,attack,none,opus-32k,opus-32k,IN GOOD FAITH HOWEVER HE IS NOT SUFFICIENTLY IMAGINATIVE TO FLATTER HIMSELF WITH THE SLIGHTEST HOPE OF THIS KIND,gt,na,2086,16000,6.97,test,na
2086-149214-0001_pitch_g711-8k,data/attacks/g711-8k/2086-149214-0001_pitch.wav,fake,attack,none,g711-8k,g711-8k,IN GOOD FAITH HOWEVER HE IS NOT SUFFICIENTLY IMAGINATIVE TO FLATTER HIMSELF WITH THE SLIGHTEST HOPE OF THIS KIND,gt,na,2086,16000,6.97,test,na
2086-149214-0001_pitch_resample-8k,data/attacks/resample-8k/2086-149214-0001_pitch.wav,fake,attack,none,resample-8k,8k-roundtrip,IN GOOD FAITH HOWEVER HE IS NOT SUFFICIENTLY IMAGINATIVE TO FLATTER HIMSELF WITH THE SLIGHTEST HOPE OF THIS KIND,gt,na,2086,16000,6.97,test,na
2086-149214-0001_pitch_awgn-snr5,data/attacks/awgn-snr5/2086-149214-0001_pitch.wav,fake,attack,none,awgn-snr5,snr5,IN GOOD FAITH HOWEVER HE IS NOT SUFFICIENTLY IMAGINATIVE TO FLATTER HIMSELF WITH THE SLIGHTEST HOPE OF THIS KIND,gt,na,2086,16000,6.97,test,na
2086-149214-0001_pitch_awgn-snr10,data/attacks/awgn-snr10/2086-149214-0001_pitch.wav,fake,attack,none,awgn-snr10,snr10,IN GOOD FAITH HOWEVER HE IS NOT SUFFICIENTLY IMAGINATIVE TO FLATTER HIMSELF WITH THE SLIGHTEST HOPE OF THIS KIND,gt,na,2086,16000,6.97,test,na
2086-149214-0001_pitch_awgn-snr20,data/attacks/awgn-snr20/2086-149214-0001_pitch.wav,fake,attack,none,awgn-snr20,snr20,IN GOOD FAITH HOWEVER HE IS NOT SUFFICIENTLY IMAGINATIVE TO FLATTER HIMSELF WITH THE SLIGHTEST HOPE OF THIS KIND,gt,na,2086,16000,6.97,test,na
2086-149214-0001_pitch_bandpass-300-3400,data/attacks/bandpass-300-3400/2086-149214-0001_pitch.wav,fake,attack,none,bandpass-300-3400,bandpass300-3400,IN GOOD FAITH HOWEVER HE IS NOT SUFFICIENTLY IMAGINATIVE TO FLATTER HIMSELF WITH THE SLIGHTEST HOPE OF THIS KIND,gt,na,2086,16000,6.97,test,na
2086-149214-0001_pitch_reverb-rt60-0.2,data/attacks/reverb-rt60-0.2/2086-149214-0001_pitch.wav,fake,attack,none,reverb-rt60-0.2,rt60-0.2,IN GOOD FAITH HOWEVER HE IS NOT SUFFICIENTLY IMAGINATIVE TO FLATTER HIMSELF WITH THE SLIGHTEST HOPE OF THIS KIND,gt,na,2086,16000,6.97,test,na
2086-149214-0001_pitch_reverb-rt60-0.4,data/attacks/reverb-rt60-0.4/2086-149214-0001_pitch.wav,fake,attack,none,reverb-rt60-0.4,rt60-0.4,IN GOOD FAITH HOWEVER HE IS NOT SUFFICIENTLY IMAGINATIVE TO FLATTER HIMSELF WITH THE SLIGHTEST HOPE OF THIS KIND,gt,na,2086,16000,6.97,test,na
2086-149214-0001_pitch_reverb-rt60-0.8,data/attacks/reverb-rt60-0.8/2086-149214-0001_pitch.wav,fake,attack,none,reverb-rt60-0.8,rt60-0.8,IN GOOD FAITH HOWEVER HE IS NOT SUFFICIENTLY IMAGINATIVE TO FLATTER HIMSELF WITH THE SLIGHTEST HOPE OF THIS KIND,gt,na,2086,16000,6.97,test,na
2086-149214-0001_pitch_speed0.9,data/attacks/speed0.9/2086-149214-0001_pitch.wav,fake,attack,none,speed0.9,speed0.9,IN GOOD FAITH HOWEVER HE IS NOT SUFFICIENTLY IMAGINATIVE TO FLATTER HIMSELF WITH THE SLIGHTEST HOPE OF THIS KIND,gt,na,2086,16000,7.744,test,na
2086-149214-0001_pitch_speed1.1,data/attacks/speed1.1/2086-149214-0001_pitch.wav,fake,attack,none,speed1.1,speed1.1,IN GOOD FAITH HOWEVER HE IS NOT SUFFICIENTLY IMAGINATIVE TO FLATTER HIMSELF WITH THE SLIGHTEST HOPE OF THIS KIND,gt,na,2086,16000,6.336,test,na
2086-149214-0002_formant_mp3-128k,data/attacks/mp3-128k/2086-149214-0002_formant.wav,fake,attack,none,mp3-128k,mp3-128k,THE AUTHOR HAS CONSIDERED IT HARDLY WORTH HIS WHILE THEREFORE RELENTLESSLY TO IMPALE THE STORY WITH ITS MORAL AS WITH AN IRON ROD OR RATHER AS BY STICKING A PIN THROUGH A BUTTERFLY THUS AT ONCE DEPRIVING IT OF LIFE AND CAUSING IT TO STIFFEN IN AN UNGAINLY AND UNNATURAL ATTITUDE,gt,na,2086,16000,16.745,test,na
2086-149214-0002_formant_mp3-64k,data/attacks/mp3-64k/2086-149214-0002_formant.wav,fake,attack,none,mp3-64k,mp3-64k,THE AUTHOR HAS CONSIDERED IT HARDLY WORTH HIS WHILE THEREFORE RELENTLESSLY TO IMPALE THE STORY WITH ITS MORAL AS WITH AN IRON ROD OR RATHER AS BY STICKING A PIN THROUGH A BUTTERFLY THUS AT ONCE DEPRIVING IT OF LIFE AND CAUSING IT TO STIFFEN IN AN UNGAINLY AND UNNATURAL ATTITUDE,gt,na,2086,16000,16.745,test,na
2086-149214-0002_formant_opus-32k,data/attacks/opus-32k/2086-149214-0002_formant.wav,fake,attack,none,opus-32k,opus-32k,THE AUTHOR HAS CONSIDERED IT HARDLY WORTH HIS WHILE THEREFORE RELENTLESSLY TO IMPALE THE STORY WITH ITS MORAL AS WITH AN IRON ROD OR RATHER AS BY STICKING A PIN THROUGH A BUTTERFLY THUS AT ONCE DEPRIVING IT OF LIFE AND CAUSING IT TO STIFFEN IN AN UNGAINLY AND UNNATURAL ATTITUDE,gt,na,2086,16000,16.745,test,na
2086-149214-0002_formant_g711-8k,data/attacks/g711-8k/2086-149214-0002_formant.wav,fake,attack,none,g711-8k,g711-8k,THE AUTHOR HAS CONSIDERED IT HARDLY WORTH HIS WHILE THEREFORE RELENTLESSLY TO IMPALE THE STORY WITH ITS MORAL AS WITH AN IRON ROD OR RATHER AS BY STICKING A PIN THROUGH A BUTTERFLY THUS AT ONCE DEPRIVING IT OF LIFE AND CAUSING IT TO STIFFEN IN AN UNGAINLY AND UNNATURAL ATTITUDE,gt,na,2086,16000,16.745,test,na
2086-149214-0002_formant_resample-8k,data/attacks/resample-8k/2086-149214-0002_formant.wav,fake,attack,none,resample-8k,8k-roundtrip,THE AUTHOR HAS CONSIDERED IT HARDLY WORTH HIS WHILE THEREFORE RELENTLESSLY TO IMPALE THE STORY WITH ITS MORAL AS WITH AN IRON ROD OR RATHER AS BY STICKING A PIN THROUGH A BUTTERFLY THUS AT ONCE DEPRIVING IT OF LIFE AND CAUSING IT TO STIFFEN IN AN UNGAINLY AND UNNATURAL ATTITUDE,gt,na,2086,16000,16.745,test,na
2086-149214-0002_formant_awgn-snr5,data/attacks/awgn-snr5/2086-149214-0002_formant.wav,fake,attack,none,awgn-snr5,snr5,THE AUTHOR HAS CONSIDERED IT HARDLY WORTH HIS WHILE THEREFORE RELENTLESSLY TO IMPALE THE STORY WITH ITS MORAL AS WITH AN IRON ROD OR RATHER AS BY STICKING A PIN THROUGH A BUTTERFLY THUS AT ONCE DEPRIVING IT OF LIFE AND CAUSING IT TO STIFFEN IN AN UNGAINLY AND UNNATURAL ATTITUDE,gt,na,2086,16000,16.745,test,na
2086-149214-0002_formant_awgn-snr10,data/attacks/awgn-snr10/2086-149214-0002_formant.wav,fake,attack,none,awgn-snr10,snr10,THE AUTHOR HAS CONSIDERED IT HARDLY WORTH HIS WHILE THEREFORE RELENTLESSLY TO IMPALE THE STORY WITH ITS MORAL AS WITH AN IRON ROD OR RATHER AS BY STICKING A PIN THROUGH A BUTTERFLY THUS AT ONCE DEPRIVING IT OF LIFE AND CAUSING IT TO STIFFEN IN AN UNGAINLY AND UNNATURAL ATTITUDE,gt,na,2086,16000,16.745,test,na
2086-149214-0002_formant_awgn-snr20,data/attacks/awgn-snr20/2086-149214-0002_formant.wav,fake,attack,none,awgn-snr20,snr20,THE AUTHOR HAS CONSIDERED IT HARDLY WORTH HIS WHILE THEREFORE RELENTLESSLY TO IMPALE THE STORY WITH ITS MORAL AS WITH AN IRON ROD OR RATHER AS BY STICKING A PIN THROUGH A BUTTERFLY THUS AT ONCE DEPRIVING IT OF LIFE AND CAUSING IT TO STIFFEN IN AN UNGAINLY AND UNNATURAL ATTITUDE,gt,na,2086,16000,16.745,test,na
2086-149214-0002_formant_bandpass-300-3400,data/attacks/bandpass-300-3400/2086-149214-0002_formant.wav,fake,attack,none,bandpass-300-3400,bandpass300-3400,THE AUTHOR HAS CONSIDERED IT HARDLY WORTH HIS WHILE THEREFORE RELENTLESSLY TO IMPALE THE STORY WITH ITS MORAL AS WITH AN IRON ROD OR RATHER AS BY STICKING A PIN THROUGH A BUTTERFLY THUS AT ONCE DEPRIVING IT OF LIFE AND CAUSING IT TO STIFFEN IN AN UNGAINLY AND UNNATURAL ATTITUDE,gt,na,2086,16000,16.745,test,na
2086-149214-0002_formant_reverb-rt60-0.2,data/attacks/reverb-rt60-0.2/2086-149214-0002_formant.wav,fake,attack,none,reverb-rt60-0.2,rt60-0.2,THE AUTHOR HAS CONSIDERED IT HARDLY WORTH HIS WHILE THEREFORE RELENTLESSLY TO IMPALE THE STORY WITH ITS MORAL AS WITH AN IRON ROD OR RATHER AS BY STICKING A PIN THROUGH A BUTTERFLY THUS AT ONCE DEPRIVING IT OF LIFE AND CAUSING IT TO STIFFEN IN AN UNGAINLY AND UNNATURAL ATTITUDE,gt,na,2086,16000,16.745,test,na
2086-149214-0002_formant_reverb-rt60-0.4,data/attacks/reverb-rt60-0.4/2086-149214-0002_formant.wav,fake,attack,none,reverb-rt60-0.4,rt60-0.4,THE AUTHOR HAS CONSIDERED IT HARDLY WORTH HIS WHILE THEREFORE RELENTLESSLY TO IMPALE THE STORY WITH ITS MORAL AS WITH AN IRON ROD OR RATHER AS BY STICKING A PIN THROUGH A BUTTERFLY THUS AT ONCE DEPRIVING IT OF LIFE AND CAUSING IT TO STIFFEN IN AN UNGAINLY AND UNNATURAL ATTITUDE,gt,na,2086,16000,16.745,test,na
2086-149214-0002_formant_reverb-rt60-0.8,data/attacks/reverb-rt60-0.8/2086-149214-0002_formant.wav,fake,attack,none,reverb-rt60-0.8,rt60-0.8,THE AUTHOR HAS CONSIDERED IT HARDLY WORTH HIS WHILE THEREFORE RELENTLESSLY TO IMPALE THE STORY WITH ITS MORAL AS WITH AN IRON ROD OR RATHER AS BY STICKING A PIN THROUGH A BUTTERFLY THUS AT ONCE DEPRIVING IT OF LIFE AND CAUSING IT TO STIFFEN IN AN UNGAINLY AND UNNATURAL ATTITUDE,gt,na,2086,16000,16.745,test,na
2086-149214-0002_formant_speed0.9,data/attacks/speed0.9/2086-149214-0002_formant.wav,fake,attack,none,speed0.9,speed0.9,THE AUTHOR HAS CONSIDERED IT HARDLY WORTH HIS WHILE THEREFORE RELENTLESSLY TO IMPALE THE STORY WITH ITS MORAL AS WITH AN IRON ROD OR RATHER AS BY STICKING A PIN THROUGH A BUTTERFLY THUS AT ONCE DEPRIVING IT OF LIFE AND CAUSING IT TO STIFFEN IN AN UNGAINLY AND UNNATURAL ATTITUDE,gt,na,2086,16000,18.606,test,na
2086-149214-0002_formant_speed1.1,data/attacks/speed1.1/2086-149214-0002_formant.wav,fake,attack,none,speed1.1,speed1.1,THE AUTHOR HAS CONSIDERED IT HARDLY WORTH HIS WHILE THEREFORE RELENTLESSLY TO IMPALE THE STORY WITH ITS MORAL AS WITH AN IRON ROD OR RATHER AS BY STICKING A PIN THROUGH A BUTTERFLY THUS AT ONCE DEPRIVING IT OF LIFE AND CAUSING IT TO STIFFEN IN AN UNGAINLY AND UNNATURAL ATTITUDE,gt,na,2086,16000,15.223,test,na
2086-149214-0002_melvoc_mp3-128k,data/attacks/mp3-128k/2086-149214-0002_melvoc.wav,fake,attack,none,mp3-128k,mp3-128k,THE AUTHOR HAS CONSIDERED IT HARDLY WORTH HIS WHILE THEREFORE RELENTLESSLY TO IMPALE THE STORY WITH ITS MORAL AS WITH AN IRON ROD OR RATHER AS BY STICKING A PIN THROUGH A BUTTERFLY THUS AT ONCE DEPRIVING IT OF LIFE AND CAUSING IT TO STIFFEN IN AN UNGAINLY AND UNNATURAL ATTITUDE,gt,na,2086,16000,16.744,test,na
2086-149214-0002_melvoc_mp3-64k,data/attacks/mp3-64k/2086-149214-0002_melvoc.wav,fake,attack,none,mp3-64k,mp3-64k,THE AUTHOR HAS CONSIDERED IT HARDLY WORTH HIS WHILE THEREFORE RELENTLESSLY TO IMPALE THE STORY WITH ITS MORAL AS WITH AN IRON ROD OR RATHER AS BY STICKING A PIN THROUGH A BUTTERFLY THUS AT ONCE DEPRIVING IT OF LIFE AND CAUSING IT TO STIFFEN IN AN UNGAINLY AND UNNATURAL ATTITUDE,gt,na,2086,16000,16.744,test,na
2086-149214-0002_melvoc_opus-32k,data/attacks/opus-32k/2086-149214-0002_melvoc.wav,fake,attack,none,opus-32k,opus-32k,THE AUTHOR HAS CONSIDERED IT HARDLY WORTH HIS WHILE THEREFORE RELENTLESSLY TO IMPALE THE STORY WITH ITS MORAL AS WITH AN IRON ROD OR RATHER AS BY STICKING A PIN THROUGH A BUTTERFLY THUS AT ONCE DEPRIVING IT OF LIFE AND CAUSING IT TO STIFFEN IN AN UNGAINLY AND UNNATURAL ATTITUDE,gt,na,2086,16000,16.744,test,na
2086-149214-0002_melvoc_g711-8k,data/attacks/g711-8k/2086-149214-0002_melvoc.wav,fake,attack,none,g711-8k,g711-8k,THE AUTHOR HAS CONSIDERED IT HARDLY WORTH HIS WHILE THEREFORE RELENTLESSLY TO IMPALE THE STORY WITH ITS MORAL AS WITH AN IRON ROD OR RATHER AS BY STICKING A PIN THROUGH A BUTTERFLY THUS AT ONCE DEPRIVING IT OF LIFE AND CAUSING IT TO STIFFEN IN AN UNGAINLY AND UNNATURAL ATTITUDE,gt,na,2086,16000,16.744,test,na
2086-149214-0002_melvoc_resample-8k,data/attacks/resample-8k/2086-149214-0002_melvoc.wav,fake,attack,none,resample-8k,8k-roundtrip,THE AUTHOR HAS CONSIDERED IT HARDLY WORTH HIS WHILE THEREFORE RELENTLESSLY TO IMPALE THE STORY WITH ITS MORAL AS WITH AN IRON ROD OR RATHER AS BY STICKING A PIN THROUGH A BUTTERFLY THUS AT ONCE DEPRIVING IT OF LIFE AND CAUSING IT TO STIFFEN IN AN UNGAINLY AND UNNATURAL ATTITUDE,gt,na,2086,16000,16.744,test,na
2086-149214-0002_melvoc_awgn-snr5,data/attacks/awgn-snr5/2086-149214-0002_melvoc.wav,fake,attack,none,awgn-snr5,snr5,THE AUTHOR HAS CONSIDERED IT HARDLY WORTH HIS WHILE THEREFORE RELENTLESSLY TO IMPALE THE STORY WITH ITS MORAL AS WITH AN IRON ROD OR RATHER AS BY STICKING A PIN THROUGH A BUTTERFLY THUS AT ONCE DEPRIVING IT OF LIFE AND CAUSING IT TO STIFFEN IN AN UNGAINLY AND UNNATURAL ATTITUDE,gt,na,2086,16000,16.744,test,na
2086-149214-0002_melvoc_awgn-snr10,data/attacks/awgn-snr10/2086-149214-0002_melvoc.wav,fake,attack,none,awgn-snr10,snr10,THE AUTHOR HAS CONSIDERED IT HARDLY WORTH HIS WHILE THEREFORE RELENTLESSLY TO IMPALE THE STORY WITH ITS MORAL AS WITH AN IRON ROD OR RATHER AS BY STICKING A PIN THROUGH A BUTTERFLY THUS AT ONCE DEPRIVING IT OF LIFE AND CAUSING IT TO STIFFEN IN AN UNGAINLY AND UNNATURAL ATTITUDE,gt,na,2086,16000,16.744,test,na
2086-149214-0002_melvoc_awgn-snr20,data/attacks/awgn-snr20/2086-149214-0002_melvoc.wav,fake,attack,none,awgn-snr20,snr20,THE AUTHOR HAS CONSIDERED IT HARDLY WORTH HIS WHILE THEREFORE RELENTLESSLY TO IMPALE THE STORY WITH ITS MORAL AS WITH AN IRON ROD OR RATHER AS BY STICKING A PIN THROUGH A BUTTERFLY THUS AT ONCE DEPRIVING IT OF LIFE AND CAUSING IT TO STIFFEN IN AN UNGAINLY AND UNNATURAL ATTITUDE,gt,na,2086,16000,16.744,test,na
2086-149214-0002_melvoc_bandpass-300-3400,data/attacks/bandpass-300-3400/2086-149214-0002_melvoc.wav,fake,attack,none,bandpass-300-3400,bandpass300-3400,THE AUTHOR HAS CONSIDERED IT HARDLY WORTH HIS WHILE THEREFORE RELENTLESSLY TO IMPALE THE STORY WITH ITS MORAL AS WITH AN IRON ROD OR RATHER AS BY STICKING A PIN THROUGH A BUTTERFLY THUS AT ONCE DEPRIVING IT OF LIFE AND CAUSING IT TO STIFFEN IN AN UNGAINLY AND UNNATURAL ATTITUDE,gt,na,2086,16000,16.744,test,na
2086-149214-0002_melvoc_reverb-rt60-0.2,data/attacks/reverb-rt60-0.2/2086-149214-0002_melvoc.wav,fake,attack,none,reverb-rt60-0.2,rt60-0.2,THE AUTHOR HAS CONSIDERED IT HARDLY WORTH HIS WHILE THEREFORE RELENTLESSLY TO IMPALE THE STORY WITH ITS MORAL AS WITH AN IRON ROD OR RATHER AS BY STICKING A PIN THROUGH A BUTTERFLY THUS AT ONCE DEPRIVING IT OF LIFE AND CAUSING IT TO STIFFEN IN AN UNGAINLY AND UNNATURAL ATTITUDE,gt,na,2086,16000,16.744,test,na
2086-149214-0002_melvoc_reverb-rt60-0.4,data/attacks/reverb-rt60-0.4/2086-149214-0002_melvoc.wav,fake,attack,none,reverb-rt60-0.4,rt60-0.4,THE AUTHOR HAS CONSIDERED IT HARDLY WORTH HIS WHILE THEREFORE RELENTLESSLY TO IMPALE THE STORY WITH ITS MORAL AS WITH AN IRON ROD OR RATHER AS BY STICKING A PIN THROUGH A BUTTERFLY THUS AT ONCE DEPRIVING IT OF LIFE AND CAUSING IT TO STIFFEN IN AN UNGAINLY AND UNNATURAL ATTITUDE,gt,na,2086,16000,16.744,test,na
2086-149214-0002_melvoc_reverb-rt60-0.8,data/attacks/reverb-rt60-0.8/2086-149214-0002_melvoc.wav,fake,attack,none,reverb-rt60-0.8,rt60-0.8,THE AUTHOR HAS CONSIDERED IT HARDLY WORTH HIS WHILE THEREFORE RELENTLESSLY TO IMPALE THE STORY WITH ITS MORAL AS WITH AN IRON ROD OR RATHER AS BY STICKING A PIN THROUGH A BUTTERFLY THUS AT ONCE DEPRIVING IT OF LIFE AND CAUSING IT TO STIFFEN IN AN UNGAINLY AND UNNATURAL ATTITUDE,gt,na,2086,16000,16.744,test,na
2086-149214-0002_melvoc_speed0.9,data/attacks/speed0.9/2086-149214-0002_melvoc.wav,fake,attack,none,speed0.9,speed0.9,THE AUTHOR HAS CONSIDERED IT HARDLY WORTH HIS WHILE THEREFORE RELENTLESSLY TO IMPALE THE STORY WITH ITS MORAL AS WITH AN IRON ROD OR RATHER AS BY STICKING A PIN THROUGH A BUTTERFLY THUS AT ONCE DEPRIVING IT OF LIFE AND CAUSING IT TO STIFFEN IN AN UNGAINLY AND UNNATURAL ATTITUDE,gt,na,2086,16000,18.604,test,na
2086-149214-0002_melvoc_speed1.1,data/attacks/speed1.1/2086-149214-0002_melvoc.wav,fake,attack,none,speed1.1,speed1.1,THE AUTHOR HAS CONSIDERED IT HARDLY WORTH HIS WHILE THEREFORE RELENTLESSLY TO IMPALE THE STORY WITH ITS MORAL AS WITH AN IRON ROD OR RATHER AS BY STICKING A PIN THROUGH A BUTTERFLY THUS AT ONCE DEPRIVING IT OF LIFE AND CAUSING IT TO STIFFEN IN AN UNGAINLY AND UNNATURAL ATTITUDE,gt,na,2086,16000,15.222,test,na
2086-149214-0002_pitch_mp3-128k,data/attacks/mp3-128k/2086-149214-0002_pitch.wav,fake,attack,none,mp3-128k,mp3-128k,THE AUTHOR HAS CONSIDERED IT HARDLY WORTH HIS WHILE THEREFORE RELENTLESSLY TO IMPALE THE STORY WITH ITS MORAL AS WITH AN IRON ROD OR RATHER AS BY STICKING A PIN THROUGH A BUTTERFLY THUS AT ONCE DEPRIVING IT OF LIFE AND CAUSING IT TO STIFFEN IN AN UNGAINLY AND UNNATURAL ATTITUDE,gt,na,2086,16000,16.745,test,na
2086-149214-0002_pitch_mp3-64k,data/attacks/mp3-64k/2086-149214-0002_pitch.wav,fake,attack,none,mp3-64k,mp3-64k,THE AUTHOR HAS CONSIDERED IT HARDLY WORTH HIS WHILE THEREFORE RELENTLESSLY TO IMPALE THE STORY WITH ITS MORAL AS WITH AN IRON ROD OR RATHER AS BY STICKING A PIN THROUGH A BUTTERFLY THUS AT ONCE DEPRIVING IT OF LIFE AND CAUSING IT TO STIFFEN IN AN UNGAINLY AND UNNATURAL ATTITUDE,gt,na,2086,16000,16.745,test,na
2086-149214-0002_pitch_opus-32k,data/attacks/opus-32k/2086-149214-0002_pitch.wav,fake,attack,none,opus-32k,opus-32k,THE AUTHOR HAS CONSIDERED IT HARDLY WORTH HIS WHILE THEREFORE RELENTLESSLY TO IMPALE THE STORY WITH ITS MORAL AS WITH AN IRON ROD OR RATHER AS BY STICKING A PIN THROUGH A BUTTERFLY THUS AT ONCE DEPRIVING IT OF LIFE AND CAUSING IT TO STIFFEN IN AN UNGAINLY AND UNNATURAL ATTITUDE,gt,na,2086,16000,16.745,test,na
2086-149214-0002_pitch_g711-8k,data/attacks/g711-8k/2086-149214-0002_pitch.wav,fake,attack,none,g711-8k,g711-8k,THE AUTHOR HAS CONSIDERED IT HARDLY WORTH HIS WHILE THEREFORE RELENTLESSLY TO IMPALE THE STORY WITH ITS MORAL AS WITH AN IRON ROD OR RATHER AS BY STICKING A PIN THROUGH A BUTTERFLY THUS AT ONCE DEPRIVING IT OF LIFE AND CAUSING IT TO STIFFEN IN AN UNGAINLY AND UNNATURAL ATTITUDE,gt,na,2086,16000,16.745,test,na
2086-149214-0002_pitch_resample-8k,data/attacks/resample-8k/2086-149214-0002_pitch.wav,fake,attack,none,resample-8k,8k-roundtrip,THE AUTHOR HAS CONSIDERED IT HARDLY WORTH HIS WHILE THEREFORE RELENTLESSLY TO IMPALE THE STORY WITH ITS MORAL AS WITH AN IRON ROD OR RATHER AS BY STICKING A PIN THROUGH A BUTTERFLY THUS AT ONCE DEPRIVING IT OF LIFE AND CAUSING IT TO STIFFEN IN AN UNGAINLY AND UNNATURAL ATTITUDE,gt,na,2086,16000,16.745,test,na
2086-149214-0002_pitch_awgn-snr5,data/attacks/awgn-snr5/2086-149214-0002_pitch.wav,fake,attack,none,awgn-snr5,snr5,THE AUTHOR HAS CONSIDERED IT HARDLY WORTH HIS WHILE THEREFORE RELENTLESSLY TO IMPALE THE STORY WITH ITS MORAL AS WITH AN IRON ROD OR RATHER AS BY STICKING A PIN THROUGH A BUTTERFLY THUS AT ONCE DEPRIVING IT OF LIFE AND CAUSING IT TO STIFFEN IN AN UNGAINLY AND UNNATURAL ATTITUDE,gt,na,2086,16000,16.745,test,na
2086-149214-0002_pitch_awgn-snr10,data/attacks/awgn-snr10/2086-149214-0002_pitch.wav,fake,attack,none,awgn-snr10,snr10,THE AUTHOR HAS CONSIDERED IT HARDLY WORTH HIS WHILE THEREFORE RELENTLESSLY TO IMPALE THE STORY WITH ITS MORAL AS WITH AN IRON ROD OR RATHER AS BY STICKING A PIN THROUGH A BUTTERFLY THUS AT ONCE DEPRIVING IT OF LIFE AND CAUSING IT TO STIFFEN IN AN UNGAINLY AND UNNATURAL ATTITUDE,gt,na,2086,16000,16.745,test,na
2086-149214-0002_pitch_awgn-snr20,data/attacks/awgn-snr20/2086-149214-0002_pitch.wav,fake,attack,none,awgn-snr20,snr20,THE AUTHOR HAS CONSIDERED IT HARDLY WORTH HIS WHILE THEREFORE RELENTLESSLY TO IMPALE THE STORY WITH ITS MORAL AS WITH AN IRON ROD OR RATHER AS BY STICKING A PIN THROUGH A BUTTERFLY THUS AT ONCE DEPRIVING IT OF LIFE AND CAUSING IT TO STIFFEN IN AN UNGAINLY AND UNNATURAL ATTITUDE,gt,na,2086,16000,16.745,test,na
2086-149214-0002_pitch_bandpass-300-3400,data/attacks/bandpass-300-3400/2086-149214-0002_pitch.wav,fake,attack,none,bandpass-300-3400,bandpass300-3400,THE AUTHOR HAS CONSIDERED IT HARDLY WORTH HIS WHILE THEREFORE RELENTLESSLY TO IMPALE THE STORY WITH ITS MORAL AS WITH AN IRON ROD OR RATHER AS BY STICKING A PIN THROUGH A BUTTERFLY THUS AT ONCE DEPRIVING IT OF LIFE AND CAUSING IT TO STIFFEN IN AN UNGAINLY AND UNNATURAL ATTITUDE,gt,na,2086,16000,16.745,test,na
2086-149214-0002_pitch_reverb-rt60-0.2,data/attacks/reverb-rt60-0.2/2086-149214-0002_pitch.wav,fake,attack,none,reverb-rt60-0.2,rt60-0.2,THE AUTHOR HAS CONSIDERED IT HARDLY WORTH HIS WHILE THEREFORE RELENTLESSLY TO IMPALE THE STORY WITH ITS MORAL AS WITH AN IRON ROD OR RATHER AS BY STICKING A PIN THROUGH A BUTTERFLY THUS AT ONCE DEPRIVING IT OF LIFE AND CAUSING IT TO STIFFEN IN AN UNGAINLY AND UNNATURAL ATTITUDE,gt,na,2086,16000,16.745,test,na
2086-149214-0002_pitch_reverb-rt60-0.4,data/attacks/reverb-rt60-0.4/2086-149214-0002_pitch.wav,fake,attack,none,reverb-rt60-0.4,rt60-0.4,THE AUTHOR HAS CONSIDERED IT HARDLY WORTH HIS WHILE THEREFORE RELENTLESSLY TO IMPALE THE STORY WITH ITS MORAL AS WITH AN IRON ROD OR RATHER AS BY STICKING A PIN THROUGH A BUTTERFLY THUS AT ONCE DEPRIVING IT OF LIFE AND CAUSING IT TO STIFFEN IN AN UNGAINLY AND UNNATURAL ATTITUDE,gt,na,2086,16000,16.745,test,na
2086-149214-0002_pitch_reverb-rt60-0.8,data/attacks/reverb-rt60-0.8/2086-149214-0002_pitch.wav,fake,attack,none,reverb-rt60-0.8,rt60-0.8,THE AUTHOR HAS CONSIDERED IT HARDLY WORTH HIS WHILE THEREFORE RELENTLESSLY TO IMPALE THE STORY WITH ITS MORAL AS WITH AN IRON ROD OR RATHER AS BY STICKING A PIN THROUGH A BUTTERFLY THUS AT ONCE DEPRIVING IT OF LIFE AND CAUSING IT TO STIFFEN IN AN UNGAINLY AND UNNATURAL ATTITUDE,gt,na,2086,16000,16.745,test,na
2086-149214-0002_pitch_speed0.9,data/attacks/speed0.9/2086-149214-0002_pitch.wav,fake,attack,none,speed0.9,speed0.9,THE AUTHOR HAS CONSIDERED IT HARDLY WORTH HIS WHILE THEREFORE RELENTLESSLY TO IMPALE THE STORY WITH ITS MORAL AS WITH AN IRON ROD OR RATHER AS BY STICKING A PIN THROUGH A BUTTERFLY THUS AT ONCE DEPRIVING IT OF LIFE AND CAUSING IT TO STIFFEN IN AN UNGAINLY AND UNNATURAL ATTITUDE,gt,na,2086,16000,18.606,test,na
2086-149214-0002_pitch_speed1.1,data/attacks/speed1.1/2086-149214-0002_pitch.wav,fake,attack,none,speed1.1,speed1.1,THE AUTHOR HAS CONSIDERED IT HARDLY WORTH HIS WHILE THEREFORE RELENTLESSLY TO IMPALE THE STORY WITH ITS MORAL AS WITH AN IRON ROD OR RATHER AS BY STICKING A PIN THROUGH A BUTTERFLY THUS AT ONCE DEPRIVING IT OF LIFE AND CAUSING IT TO STIFFEN IN AN UNGAINLY AND UNNATURAL ATTITUDE,gt,na,2086,16000,15.223,test,na
2086-149214-0003_formant_mp3-128k,data/attacks/mp3-128k/2086-149214-0003_formant.wav,fake,attack,none,mp3-128k,mp3-128k,IF PERMITTED BY THE HISTORICAL CONNECTION WHICH THOUGH SLIGHT WAS ESSENTIAL TO HIS PLAN THE AUTHOR WOULD VERY WILLINGLY HAVE AVOIDED ANYTHING OF THIS NATURE,gt,na,2086,16000,8.995,test,na
2086-149214-0003_formant_mp3-64k,data/attacks/mp3-64k/2086-149214-0003_formant.wav,fake,attack,none,mp3-64k,mp3-64k,IF PERMITTED BY THE HISTORICAL CONNECTION WHICH THOUGH SLIGHT WAS ESSENTIAL TO HIS PLAN THE AUTHOR WOULD VERY WILLINGLY HAVE AVOIDED ANYTHING OF THIS NATURE,gt,na,2086,16000,8.995,test,na
2086-149214-0003_formant_opus-32k,data/attacks/opus-32k/2086-149214-0003_formant.wav,fake,attack,none,opus-32k,opus-32k,IF PERMITTED BY THE HISTORICAL CONNECTION WHICH THOUGH SLIGHT WAS ESSENTIAL TO HIS PLAN THE AUTHOR WOULD VERY WILLINGLY HAVE AVOIDED ANYTHING OF THIS NATURE,gt,na,2086,16000,8.995,test,na
2086-149214-0003_formant_g711-8k,data/attacks/g711-8k/2086-149214-0003_formant.wav,fake,attack,none,g711-8k,g711-8k,IF PERMITTED BY THE HISTORICAL CONNECTION WHICH THOUGH SLIGHT WAS ESSENTIAL TO HIS PLAN THE AUTHOR WOULD VERY WILLINGLY HAVE AVOIDED ANYTHING OF THIS NATURE,gt,na,2086,16000,8.995,test,na
2086-149214-0003_formant_resample-8k,data/attacks/resample-8k/2086-149214-0003_formant.wav,fake,attack,none,resample-8k,8k-roundtrip,IF PERMITTED BY THE HISTORICAL CONNECTION WHICH THOUGH SLIGHT WAS ESSENTIAL TO HIS PLAN THE AUTHOR WOULD VERY WILLINGLY HAVE AVOIDED ANYTHING OF THIS NATURE,gt,na,2086,16000,8.995,test,na
2086-149214-0003_formant_awgn-snr5,data/attacks/awgn-snr5/2086-149214-0003_formant.wav,fake,attack,none,awgn-snr5,snr5,IF PERMITTED BY THE HISTORICAL CONNECTION WHICH THOUGH SLIGHT WAS ESSENTIAL TO HIS PLAN THE AUTHOR WOULD VERY WILLINGLY HAVE AVOIDED ANYTHING OF THIS NATURE,gt,na,2086,16000,8.995,test,na
2086-149214-0003_formant_awgn-snr10,data/attacks/awgn-snr10/2086-149214-0003_formant.wav,fake,attack,none,awgn-snr10,snr10,IF PERMITTED BY THE HISTORICAL CONNECTION WHICH THOUGH SLIGHT WAS ESSENTIAL TO HIS PLAN THE AUTHOR WOULD VERY WILLINGLY HAVE AVOIDED ANYTHING OF THIS NATURE,gt,na,2086,16000,8.995,test,na
2086-149214-0003_formant_awgn-snr20,data/attacks/awgn-snr20/2086-149214-0003_formant.wav,fake,attack,none,awgn-snr20,snr20,IF PERMITTED BY THE HISTORICAL CONNECTION WHICH THOUGH SLIGHT WAS ESSENTIAL TO HIS PLAN THE AUTHOR WOULD VERY WILLINGLY HAVE AVOIDED ANYTHING OF THIS NATURE,gt,na,2086,16000,8.995,test,na
2086-149214-0003_formant_bandpass-300-3400,data/attacks/bandpass-300-3400/2086-149214-0003_formant.wav,fake,attack,none,bandpass-300-3400,bandpass300-3400,IF PERMITTED BY THE HISTORICAL CONNECTION WHICH THOUGH SLIGHT WAS ESSENTIAL TO HIS PLAN THE AUTHOR WOULD VERY WILLINGLY HAVE AVOIDED ANYTHING OF THIS NATURE,gt,na,2086,16000,8.995,test,na
2086-149214-0003_formant_reverb-rt60-0.2,data/attacks/reverb-rt60-0.2/2086-149214-0003_formant.wav,fake,attack,none,reverb-rt60-0.2,rt60-0.2,IF PERMITTED BY THE HISTORICAL CONNECTION WHICH THOUGH SLIGHT WAS ESSENTIAL TO HIS PLAN THE AUTHOR WOULD VERY WILLINGLY HAVE AVOIDED ANYTHING OF THIS NATURE,gt,na,2086,16000,8.995,test,na
2086-149214-0003_formant_reverb-rt60-0.4,data/attacks/reverb-rt60-0.4/2086-149214-0003_formant.wav,fake,attack,none,reverb-rt60-0.4,rt60-0.4,IF PERMITTED BY THE HISTORICAL CONNECTION WHICH THOUGH SLIGHT WAS ESSENTIAL TO HIS PLAN THE AUTHOR WOULD VERY WILLINGLY HAVE AVOIDED ANYTHING OF THIS NATURE,gt,na,2086,16000,8.995,test,na
2086-149214-0003_formant_reverb-rt60-0.8,data/attacks/reverb-rt60-0.8/2086-149214-0003_formant.wav,fake,attack,none,reverb-rt60-0.8,rt60-0.8,IF PERMITTED BY THE HISTORICAL CONNECTION WHICH THOUGH SLIGHT WAS ESSENTIAL TO HIS PLAN THE AUTHOR WOULD VERY WILLINGLY HAVE AVOIDED ANYTHING OF THIS NATURE,gt,na,2086,16000,8.995,test,na
2086-149214-0003_formant_speed0.9,data/attacks/speed0.9/2086-149214-0003_formant.wav,fake,attack,none,speed0.9,speed0.9,IF PERMITTED BY THE HISTORICAL CONNECTION WHICH THOUGH SLIGHT WAS ESSENTIAL TO HIS PLAN THE AUTHOR WOULD VERY WILLINGLY HAVE AVOIDED ANYTHING OF THIS NATURE,gt,na,2086,16000,9.994,test,na
2086-149214-0003_formant_speed1.1,data/attacks/speed1.1/2086-149214-0003_formant.wav,fake,attack,none,speed1.1,speed1.1,IF PERMITTED BY THE HISTORICAL CONNECTION WHICH THOUGH SLIGHT WAS ESSENTIAL TO HIS PLAN THE AUTHOR WOULD VERY WILLINGLY HAVE AVOIDED ANYTHING OF THIS NATURE,gt,na,2086,16000,8.177,test,na
2086-149214-0003_melvoc_mp3-128k,data/attacks/mp3-128k/2086-149214-0003_melvoc.wav,fake,attack,none,mp3-128k,mp3-128k,IF PERMITTED BY THE HISTORICAL CONNECTION WHICH THOUGH SLIGHT WAS ESSENTIAL TO HIS PLAN THE AUTHOR WOULD VERY WILLINGLY HAVE AVOIDED ANYTHING OF THIS NATURE,gt,na,2086,16000,8.992,test,na
2086-149214-0003_melvoc_mp3-64k,data/attacks/mp3-64k/2086-149214-0003_melvoc.wav,fake,attack,none,mp3-64k,mp3-64k,IF PERMITTED BY THE HISTORICAL CONNECTION WHICH THOUGH SLIGHT WAS ESSENTIAL TO HIS PLAN THE AUTHOR WOULD VERY WILLINGLY HAVE AVOIDED ANYTHING OF THIS NATURE,gt,na,2086,16000,8.992,test,na
2086-149214-0003_melvoc_opus-32k,data/attacks/opus-32k/2086-149214-0003_melvoc.wav,fake,attack,none,opus-32k,opus-32k,IF PERMITTED BY THE HISTORICAL CONNECTION WHICH THOUGH SLIGHT WAS ESSENTIAL TO HIS PLAN THE AUTHOR WOULD VERY WILLINGLY HAVE AVOIDED ANYTHING OF THIS NATURE,gt,na,2086,16000,8.992,test,na
2086-149214-0003_melvoc_g711-8k,data/attacks/g711-8k/2086-149214-0003_melvoc.wav,fake,attack,none,g711-8k,g711-8k,IF PERMITTED BY THE HISTORICAL CONNECTION WHICH THOUGH SLIGHT WAS ESSENTIAL TO HIS PLAN THE AUTHOR WOULD VERY WILLINGLY HAVE AVOIDED ANYTHING OF THIS NATURE,gt,na,2086,16000,8.992,test,na
2086-149214-0003_melvoc_resample-8k,data/attacks/resample-8k/2086-149214-0003_melvoc.wav,fake,attack,none,resample-8k,8k-roundtrip,IF PERMITTED BY THE HISTORICAL CONNECTION WHICH THOUGH SLIGHT WAS ESSENTIAL TO HIS PLAN THE AUTHOR WOULD VERY WILLINGLY HAVE AVOIDED ANYTHING OF THIS NATURE,gt,na,2086,16000,8.992,test,na
2086-149214-0003_melvoc_awgn-snr5,data/attacks/awgn-snr5/2086-149214-0003_melvoc.wav,fake,attack,none,awgn-snr5,snr5,IF PERMITTED BY THE HISTORICAL CONNECTION WHICH THOUGH SLIGHT WAS ESSENTIAL TO HIS PLAN THE AUTHOR WOULD VERY WILLINGLY HAVE AVOIDED ANYTHING OF THIS NATURE,gt,na,2086,16000,8.992,test,na
2086-149214-0003_melvoc_awgn-snr10,data/attacks/awgn-snr10/2086-149214-0003_melvoc.wav,fake,attack,none,awgn-snr10,snr10,IF PERMITTED BY THE HISTORICAL CONNECTION WHICH THOUGH SLIGHT WAS ESSENTIAL TO HIS PLAN THE AUTHOR WOULD VERY WILLINGLY HAVE AVOIDED ANYTHING OF THIS NATURE,gt,na,2086,16000,8.992,test,na
2086-149214-0003_melvoc_awgn-snr20,data/attacks/awgn-snr20/2086-149214-0003_melvoc.wav,fake,attack,none,awgn-snr20,snr20,IF PERMITTED BY THE HISTORICAL CONNECTION WHICH THOUGH SLIGHT WAS ESSENTIAL TO HIS PLAN THE AUTHOR WOULD VERY WILLINGLY HAVE AVOIDED ANYTHING OF THIS NATURE,gt,na,2086,16000,8.992,test,na
2086-149214-0003_melvoc_bandpass-300-3400,data/attacks/bandpass-300-3400/2086-149214-0003_melvoc.wav,fake,attack,none,bandpass-300-3400,bandpass300-3400,IF PERMITTED BY THE HISTORICAL CONNECTION WHICH THOUGH SLIGHT WAS ESSENTIAL TO HIS PLAN THE AUTHOR WOULD VERY WILLINGLY HAVE AVOIDED ANYTHING OF THIS NATURE,gt,na,2086,16000,8.992,test,na
2086-149214-0003_melvoc_reverb-rt60-0.2,data/attacks/reverb-rt60-0.2/2086-149214-0003_melvoc.wav,fake,attack,none,reverb-rt60-0.2,rt60-0.2,IF PERMITTED BY THE HISTORICAL CONNECTION WHICH THOUGH SLIGHT WAS ESSENTIAL TO HIS PLAN THE AUTHOR WOULD VERY WILLINGLY HAVE AVOIDED ANYTHING OF THIS NATURE,gt,na,2086,16000,8.992,test,na
2086-149214-0003_melvoc_reverb-rt60-0.4,data/attacks/reverb-rt60-0.4/2086-149214-0003_melvoc.wav,fake,attack,none,reverb-rt60-0.4,rt60-0.4,IF PERMITTED BY THE HISTORICAL CONNECTION WHICH THOUGH SLIGHT WAS ESSENTIAL TO HIS PLAN THE AUTHOR WOULD VERY WILLINGLY HAVE AVOIDED ANYTHING OF THIS NATURE,gt,na,2086,16000,8.992,test,na
2086-149214-0003_melvoc_reverb-rt60-0.8,data/attacks/reverb-rt60-0.8/2086-149214-0003_melvoc.wav,fake,attack,none,reverb-rt60-0.8,rt60-0.8,IF PERMITTED BY THE HISTORICAL CONNECTION WHICH THOUGH SLIGHT WAS ESSENTIAL TO HIS PLAN THE AUTHOR WOULD VERY WILLINGLY HAVE AVOIDED ANYTHING OF THIS NATURE,gt,na,2086,16000,8.992,test,na
2086-149214-0003_melvoc_speed0.9,data/attacks/speed0.9/2086-149214-0003_melvoc.wav,fake,attack,none,speed0.9,speed0.9,IF PERMITTED BY THE HISTORICAL CONNECTION WHICH THOUGH SLIGHT WAS ESSENTIAL TO HIS PLAN THE AUTHOR WOULD VERY WILLINGLY HAVE AVOIDED ANYTHING OF THIS NATURE,gt,na,2086,16000,9.991,test,na
2086-149214-0003_melvoc_speed1.1,data/attacks/speed1.1/2086-149214-0003_melvoc.wav,fake,attack,none,speed1.1,speed1.1,IF PERMITTED BY THE HISTORICAL CONNECTION WHICH THOUGH SLIGHT WAS ESSENTIAL TO HIS PLAN THE AUTHOR WOULD VERY WILLINGLY HAVE AVOIDED ANYTHING OF THIS NATURE,gt,na,2086,16000,8.175,test,na
2086-149214-0003_pitch_mp3-128k,data/attacks/mp3-128k/2086-149214-0003_pitch.wav,fake,attack,none,mp3-128k,mp3-128k,IF PERMITTED BY THE HISTORICAL CONNECTION WHICH THOUGH SLIGHT WAS ESSENTIAL TO HIS PLAN THE AUTHOR WOULD VERY WILLINGLY HAVE AVOIDED ANYTHING OF THIS NATURE,gt,na,2086,16000,8.995,test,na
2086-149214-0003_pitch_mp3-64k,data/attacks/mp3-64k/2086-149214-0003_pitch.wav,fake,attack,none,mp3-64k,mp3-64k,IF PERMITTED BY THE HISTORICAL CONNECTION WHICH THOUGH SLIGHT WAS ESSENTIAL TO HIS PLAN THE AUTHOR WOULD VERY WILLINGLY HAVE AVOIDED ANYTHING OF THIS NATURE,gt,na,2086,16000,8.995,test,na
2086-149214-0003_pitch_opus-32k,data/attacks/opus-32k/2086-149214-0003_pitch.wav,fake,attack,none,opus-32k,opus-32k,IF PERMITTED BY THE HISTORICAL CONNECTION WHICH THOUGH SLIGHT WAS ESSENTIAL TO HIS PLAN THE AUTHOR WOULD VERY WILLINGLY HAVE AVOIDED ANYTHING OF THIS NATURE,gt,na,2086,16000,8.995,test,na
2086-149214-0003_pitch_g711-8k,data/attacks/g711-8k/2086-149214-0003_pitch.wav,fake,attack,none,g711-8k,g711-8k,IF PERMITTED BY THE HISTORICAL CONNECTION WHICH THOUGH SLIGHT WAS ESSENTIAL TO HIS PLAN THE AUTHOR WOULD VERY WILLINGLY HAVE AVOIDED ANYTHING OF THIS NATURE,gt,na,2086,16000,8.995,test,na
2086-149214-0003_pitch_resample-8k,data/attacks/resample-8k/2086-149214-0003_pitch.wav,fake,attack,none,resample-8k,8k-roundtrip,IF PERMITTED BY THE HISTORICAL CONNECTION WHICH THOUGH SLIGHT WAS ESSENTIAL TO HIS PLAN THE AUTHOR WOULD VERY WILLINGLY HAVE AVOIDED ANYTHING OF THIS NATURE,gt,na,2086,16000,8.995,test,na
2086-149214-0003_pitch_awgn-snr5,data/attacks/awgn-snr5/2086-149214-0003_pitch.wav,fake,attack,none,awgn-snr5,snr5,IF PERMITTED BY THE HISTORICAL CONNECTION WHICH THOUGH SLIGHT WAS ESSENTIAL TO HIS PLAN THE AUTHOR WOULD VERY WILLINGLY HAVE AVOIDED ANYTHING OF THIS NATURE,gt,na,2086,16000,8.995,test,na
2086-149214-0003_pitch_awgn-snr10,data/attacks/awgn-snr10/2086-149214-0003_pitch.wav,fake,attack,none,awgn-snr10,snr10,IF PERMITTED BY THE HISTORICAL CONNECTION WHICH THOUGH SLIGHT WAS ESSENTIAL TO HIS PLAN THE AUTHOR WOULD VERY WILLINGLY HAVE AVOIDED ANYTHING OF THIS NATURE,gt,na,2086,16000,8.995,test,na
2086-149214-0003_pitch_awgn-snr20,data/attacks/awgn-snr20/2086-149214-0003_pitch.wav,fake,attack,none,awgn-snr20,snr20,IF PERMITTED BY THE HISTORICAL CONNECTION WHICH THOUGH SLIGHT WAS ESSENTIAL TO HIS PLAN THE AUTHOR WOULD VERY WILLINGLY HAVE AVOIDED ANYTHING OF THIS NATURE,gt,na,2086,16000,8.995,test,na
2086-149214-0003_pitch_bandpass-300-3400,data/attacks/bandpass-300-3400/2086-149214-0003_pitch.wav,fake,attack,none,bandpass-300-3400,bandpass300-3400,IF PERMITTED BY THE HISTORICAL CONNECTION WHICH THOUGH SLIGHT WAS ESSENTIAL TO HIS PLAN THE AUTHOR WOULD VERY WILLINGLY HAVE AVOIDED ANYTHING OF THIS NATURE,gt,na,2086,16000,8.995,test,na
2086-149214-0003_pitch_reverb-rt60-0.2,data/attacks/reverb-rt60-0.2/2086-149214-0003_pitch.wav,fake,attack,none,reverb-rt60-0.2,rt60-0.2,IF PERMITTED BY THE HISTORICAL CONNECTION WHICH THOUGH SLIGHT WAS ESSENTIAL TO HIS PLAN THE AUTHOR WOULD VERY WILLINGLY HAVE AVOIDED ANYTHING OF THIS NATURE,gt,na,2086,16000,8.995,test,na
2086-149214-0003_pitch_reverb-rt60-0.4,data/attacks/reverb-rt60-0.4/2086-149214-0003_pitch.wav,fake,attack,none,reverb-rt60-0.4,rt60-0.4,IF PERMITTED BY THE HISTORICAL CONNECTION WHICH THOUGH SLIGHT WAS ESSENTIAL TO HIS PLAN THE AUTHOR WOULD VERY WILLINGLY HAVE AVOIDED ANYTHING OF THIS NATURE,gt,na,2086,16000,8.995,test,na
2086-149214-0003_pitch_reverb-rt60-0.8,data/attacks/reverb-rt60-0.8/2086-149214-0003_pitch.wav,fake,attack,none,reverb-rt60-0.8,rt60-0.8,IF PERMITTED BY THE HISTORICAL CONNECTION WHICH THOUGH SLIGHT WAS ESSENTIAL TO HIS PLAN THE AUTHOR WOULD VERY WILLINGLY HAVE AVOIDED ANYTHING OF THIS NATURE,gt,na,2086,16000,8.995,test,na
2086-149214-0003_pitch_speed0.9,data/attacks/speed0.9/2086-149214-0003_pitch.wav,fake,attack,none,speed0.9,speed0.9,IF PERMITTED BY THE HISTORICAL CONNECTION WHICH THOUGH SLIGHT WAS ESSENTIAL TO HIS PLAN THE AUTHOR WOULD VERY WILLINGLY HAVE AVOIDED ANYTHING OF THIS NATURE,gt,na,2086,16000,9.994,test,na
2086-149214-0003_pitch_speed1.1,data/attacks/speed1.1/2086-149214-0003_pitch.wav,fake,attack,none,speed1.1,speed1.1,IF PERMITTED BY THE HISTORICAL CONNECTION WHICH THOUGH SLIGHT WAS ESSENTIAL TO HIS PLAN THE AUTHOR WOULD VERY WILLINGLY HAVE AVOIDED ANYTHING OF THIS NATURE,gt,na,2086,16000,8.177,test,na
2086-149214-0004_formant_mp3-128k,data/attacks/mp3-128k/2086-149214-0004_formant.wav,fake,attack,none,mp3-128k,mp3-128k,HE TRUSTS NOT TO BE CONSIDERED AS UNPARDONABLY OFFENDING BY LAYING OUT A STREET THAT INFRINGES UPON NOBODY'S PRIVATE RIGHTS AND APPROPRIATING A LOT OF LAND WHICH HAD NO VISIBLE OWNER AND BUILDING A HOUSE OF MATERIALS LONG IN USE FOR CONSTRUCTING CASTLES IN THE AIR,gt,na,2086,16000,15.22,test,na
2086-149214-0004_formant_mp3-64k,data/attacks/mp3-64k/2086-149214-0004_formant.wav,fake,attack,none,mp3-64k,mp3-64k,HE TRUSTS NOT TO BE CONSIDERED AS UNPARDONABLY OFFENDING BY LAYING OUT A STREET THAT INFRINGES UPON NOBODY'S PRIVATE RIGHTS AND APPROPRIATING A LOT OF LAND WHICH HAD NO VISIBLE OWNER AND BUILDING A HOUSE OF MATERIALS LONG IN USE FOR CONSTRUCTING CASTLES IN THE AIR,gt,na,2086,16000,15.22,test,na
2086-149214-0004_formant_opus-32k,data/attacks/opus-32k/2086-149214-0004_formant.wav,fake,attack,none,opus-32k,opus-32k,HE TRUSTS NOT TO BE CONSIDERED AS UNPARDONABLY OFFENDING BY LAYING OUT A STREET THAT INFRINGES UPON NOBODY'S PRIVATE RIGHTS AND APPROPRIATING A LOT OF LAND WHICH HAD NO VISIBLE OWNER AND BUILDING A HOUSE OF MATERIALS LONG IN USE FOR CONSTRUCTING CASTLES IN THE AIR,gt,na,2086,16000,15.22,test,na
2086-149214-0004_formant_g711-8k,data/attacks/g711-8k/2086-149214-0004_formant.wav,fake,attack,none,g711-8k,g711-8k,HE TRUSTS NOT TO BE CONSIDERED AS UNPARDONABLY OFFENDING BY LAYING OUT A STREET THAT INFRINGES UPON NOBODY'S PRIVATE RIGHTS AND APPROPRIATING A LOT OF LAND WHICH HAD NO VISIBLE OWNER AND BUILDING A HOUSE OF MATERIALS LONG IN USE FOR CONSTRUCTING CASTLES IN THE AIR,gt,na,2086,16000,15.22,test,na
2086-149214-0004_formant_resample-8k,data/attacks/resample-8k/2086-149214-0004_formant.wav,fake,attack,none,resample-8k,8k-roundtrip,HE TRUSTS NOT TO BE CONSIDERED AS UNPARDONABLY OFFENDING BY LAYING OUT A STREET THAT INFRINGES UPON NOBODY'S PRIVATE RIGHTS AND APPROPRIATING A LOT OF LAND WHICH HAD NO VISIBLE OWNER AND BUILDING A HOUSE OF MATERIALS LONG IN USE FOR CONSTRUCTING CASTLES IN THE AIR,gt,na,2086,16000,15.22,test,na
2086-149214-0004_formant_awgn-snr5,data/attacks/awgn-snr5/2086-149214-0004_formant.wav,fake,attack,none,awgn-snr5,snr5,HE TRUSTS NOT TO BE CONSIDERED AS UNPARDONABLY OFFENDING BY LAYING OUT A STREET THAT INFRINGES UPON NOBODY'S PRIVATE RIGHTS AND APPROPRIATING A LOT OF LAND WHICH HAD NO VISIBLE OWNER AND BUILDING A HOUSE OF MATERIALS LONG IN USE FOR CONSTRUCTING CASTLES IN THE AIR,gt,na,2086,16000,15.22,test,na
2086-149214-0004_formant_awgn-snr10,data/attacks/awgn-snr10/2086-149214-0004_formant.wav,fake,attack,none,awgn-snr10,snr10,HE TRUSTS NOT TO BE CONSIDERED AS UNPARDONABLY OFFENDING BY LAYING OUT A STREET THAT INFRINGES UPON NOBODY'S PRIVATE RIGHTS AND APPROPRIATING A LOT OF LAND WHICH HAD NO VISIBLE OWNER AND BUILDING A HOUSE OF MATERIALS LONG IN USE FOR CONSTRUCTING CASTLES IN THE AIR,gt,na,2086,16000,15.22,test,na
2086-149214-0004_formant_awgn-snr20,data/attacks/awgn-snr20/2086-149214-0004_formant.wav,fake,attack,none,awgn-snr20,snr20,HE TRUSTS NOT TO BE CONSIDERED AS UNPARDONABLY OFFENDING BY LAYING OUT A STREET THAT INFRINGES UPON NOBODY'S PRIVATE RIGHTS AND APPROPRIATING A LOT OF LAND WHICH HAD NO VISIBLE OWNER AND BUILDING A HOUSE OF MATERIALS LONG IN USE FOR CONSTRUCTING CASTLES IN THE AIR,gt,na,2086,16000,15.22,test,na
2086-149214-0004_formant_bandpass-300-3400,data/attacks/bandpass-300-3400/2086-149214-0004_formant.wav,fake,attack,none,bandpass-300-3400,bandpass300-3400,HE TRUSTS NOT TO BE CONSIDERED AS UNPARDONABLY OFFENDING BY LAYING OUT A STREET THAT INFRINGES UPON NOBODY'S PRIVATE RIGHTS AND APPROPRIATING A LOT OF LAND WHICH HAD NO VISIBLE OWNER AND BUILDING A HOUSE OF MATERIALS LONG IN USE FOR CONSTRUCTING CASTLES IN THE AIR,gt,na,2086,16000,15.22,test,na
2086-149214-0004_formant_reverb-rt60-0.2,data/attacks/reverb-rt60-0.2/2086-149214-0004_formant.wav,fake,attack,none,reverb-rt60-0.2,rt60-0.2,HE TRUSTS NOT TO BE CONSIDERED AS UNPARDONABLY OFFENDING BY LAYING OUT A STREET THAT INFRINGES UPON NOBODY'S PRIVATE RIGHTS AND APPROPRIATING A LOT OF LAND WHICH HAD NO VISIBLE OWNER AND BUILDING A HOUSE OF MATERIALS LONG IN USE FOR CONSTRUCTING CASTLES IN THE AIR,gt,na,2086,16000,15.22,test,na
2086-149214-0004_formant_reverb-rt60-0.4,data/attacks/reverb-rt60-0.4/2086-149214-0004_formant.wav,fake,attack,none,reverb-rt60-0.4,rt60-0.4,HE TRUSTS NOT TO BE CONSIDERED AS UNPARDONABLY OFFENDING BY LAYING OUT A STREET THAT INFRINGES UPON NOBODY'S PRIVATE RIGHTS AND APPROPRIATING A LOT OF LAND WHICH HAD NO VISIBLE OWNER AND BUILDING A HOUSE OF MATERIALS LONG IN USE FOR CONSTRUCTING CASTLES IN THE AIR,gt,na,2086,16000,15.22,test,na
2086-149214-0004_formant_reverb-rt60-0.8,data/attacks/reverb-rt60-0.8/2086-149214-0004_formant.wav,fake,attack,none,reverb-rt60-0.8,rt60-0.8,HE TRUSTS NOT TO BE CONSIDERED AS UNPARDONABLY OFFENDING BY LAYING OUT A STREET THAT INFRINGES UPON NOBODY'S PRIVATE RIGHTS AND APPROPRIATING A LOT OF LAND WHICH HAD NO VISIBLE OWNER AND BUILDING A HOUSE OF MATERIALS LONG IN USE FOR CONSTRUCTING CASTLES IN THE AIR,gt,na,2086,16000,15.22,test,na
2086-149214-0004_formant_speed0.9,data/attacks/speed0.9/2086-149214-0004_formant.wav,fake,attack,none,speed0.9,speed0.9,HE TRUSTS NOT TO BE CONSIDERED AS UNPARDONABLY OFFENDING BY LAYING OUT A STREET THAT INFRINGES UPON NOBODY'S PRIVATE RIGHTS AND APPROPRIATING A LOT OF LAND WHICH HAD NO VISIBLE OWNER AND BUILDING A HOUSE OF MATERIALS LONG IN USE FOR CONSTRUCTING CASTLES IN THE AIR,gt,na,2086,16000,16.911,test,na
2086-149214-0004_formant_speed1.1,data/attacks/speed1.1/2086-149214-0004_formant.wav,fake,attack,none,speed1.1,speed1.1,HE TRUSTS NOT TO BE CONSIDERED AS UNPARDONABLY OFFENDING BY LAYING OUT A STREET THAT INFRINGES UPON NOBODY'S PRIVATE RIGHTS AND APPROPRIATING A LOT OF LAND WHICH HAD NO VISIBLE OWNER AND BUILDING A HOUSE OF MATERIALS LONG IN USE FOR CONSTRUCTING CASTLES IN THE AIR,gt,na,2086,16000,13.836,test,na
2086-149214-0004_melvoc_mp3-128k,data/attacks/mp3-128k/2086-149214-0004_melvoc.wav,fake,attack,none,mp3-128k,mp3-128k,HE TRUSTS NOT TO BE CONSIDERED AS UNPARDONABLY OFFENDING BY LAYING OUT A STREET THAT INFRINGES UPON NOBODY'S PRIVATE RIGHTS AND APPROPRIATING A LOT OF LAND WHICH HAD NO VISIBLE OWNER AND BUILDING A HOUSE OF MATERIALS LONG IN USE FOR CONSTRUCTING CASTLES IN THE AIR,gt,na,2086,16000,15.216,test,na
2086-149214-0004_melvoc_mp3-64k,data/attacks/mp3-64k/2086-149214-0004_melvoc.wav,fake,attack,none,mp3-64k,mp3-64k,HE TRUSTS NOT TO BE CONSIDERED AS UNPARDONABLY OFFENDING BY LAYING OUT A STREET THAT INFRINGES UPON NOBODY'S PRIVATE RIGHTS AND APPROPRIATING A LOT OF LAND WHICH HAD NO VISIBLE OWNER AND BUILDING A HOUSE OF MATERIALS LONG IN USE FOR CONSTRUCTING CASTLES IN THE AIR,gt,na,2086,16000,15.216,test,na
2086-149214-0004_melvoc_opus-32k,data/attacks/opus-32k/2086-149214-0004_melvoc.wav,fake,attack,none,opus-32k,opus-32k,HE TRUSTS NOT TO BE CONSIDERED AS UNPARDONABLY OFFENDING BY LAYING OUT A STREET THAT INFRINGES UPON NOBODY'S PRIVATE RIGHTS AND APPROPRIATING A LOT OF LAND WHICH HAD NO VISIBLE OWNER AND BUILDING A HOUSE OF MATERIALS LONG IN USE FOR CONSTRUCTING CASTLES IN THE AIR,gt,na,2086,16000,15.216,test,na
2086-149214-0004_melvoc_g711-8k,data/attacks/g711-8k/2086-149214-0004_melvoc.wav,fake,attack,none,g711-8k,g711-8k,HE TRUSTS NOT TO BE CONSIDERED AS UNPARDONABLY OFFENDING BY LAYING OUT A STREET THAT INFRINGES UPON NOBODY'S PRIVATE RIGHTS AND APPROPRIATING A LOT OF LAND WHICH HAD NO VISIBLE OWNER AND BUILDING A HOUSE OF MATERIALS LONG IN USE FOR CONSTRUCTING CASTLES IN THE AIR,gt,na,2086,16000,15.216,test,na
2086-149214-0004_melvoc_resample-8k,data/attacks/resample-8k/2086-149214-0004_melvoc.wav,fake,attack,none,resample-8k,8k-roundtrip,HE TRUSTS NOT TO BE CONSIDERED AS UNPARDONABLY OFFENDING BY LAYING OUT A STREET THAT INFRINGES UPON NOBODY'S PRIVATE RIGHTS AND APPROPRIATING A LOT OF LAND WHICH HAD NO VISIBLE OWNER AND BUILDING A HOUSE OF MATERIALS LONG IN USE FOR CONSTRUCTING CASTLES IN THE AIR,gt,na,2086,16000,15.216,test,na
2086-149214-0004_melvoc_awgn-snr5,data/attacks/awgn-snr5/2086-149214-0004_melvoc.wav,fake,attack,none,awgn-snr5,snr5,HE TRUSTS NOT TO BE CONSIDERED AS UNPARDONABLY OFFENDING BY LAYING OUT A STREET THAT INFRINGES UPON NOBODY'S PRIVATE RIGHTS AND APPROPRIATING A LOT OF LAND WHICH HAD NO VISIBLE OWNER AND BUILDING A HOUSE OF MATERIALS LONG IN USE FOR CONSTRUCTING CASTLES IN THE AIR,gt,na,2086,16000,15.216,test,na
2086-149214-0004_melvoc_awgn-snr10,data/attacks/awgn-snr10/2086-149214-0004_melvoc.wav,fake,attack,none,awgn-snr10,snr10,HE TRUSTS NOT TO BE CONSIDERED AS UNPARDONABLY OFFENDING BY LAYING OUT A STREET THAT INFRINGES UPON NOBODY'S PRIVATE RIGHTS AND APPROPRIATING A LOT OF LAND WHICH HAD NO VISIBLE OWNER AND BUILDING A HOUSE OF MATERIALS LONG IN USE FOR CONSTRUCTING CASTLES IN THE AIR,gt,na,2086,16000,15.216,test,na
2086-149214-0004_melvoc_awgn-snr20,data/attacks/awgn-snr20/2086-149214-0004_melvoc.wav,fake,attack,none,awgn-snr20,snr20,HE TRUSTS NOT TO BE CONSIDERED AS UNPARDONABLY OFFENDING BY LAYING OUT A STREET THAT INFRINGES UPON NOBODY'S PRIVATE RIGHTS AND APPROPRIATING A LOT OF LAND WHICH HAD NO VISIBLE OWNER AND BUILDING A HOUSE OF MATERIALS LONG IN USE FOR CONSTRUCTING CASTLES IN THE AIR,gt,na,2086,16000,15.216,test,na
2086-149214-0004_melvoc_bandpass-300-3400,data/attacks/bandpass-300-3400/2086-149214-0004_melvoc.wav,fake,attack,none,bandpass-300-3400,bandpass300-3400,HE TRUSTS NOT TO BE CONSIDERED AS UNPARDONABLY OFFENDING BY LAYING OUT A STREET THAT INFRINGES UPON NOBODY'S PRIVATE RIGHTS AND APPROPRIATING A LOT OF LAND WHICH HAD NO VISIBLE OWNER AND BUILDING A HOUSE OF MATERIALS LONG IN USE FOR CONSTRUCTING CASTLES IN THE AIR,gt,na,2086,16000,15.216,test,na
2086-149214-0004_melvoc_reverb-rt60-0.2,data/attacks/reverb-rt60-0.2/2086-149214-0004_melvoc.wav,fake,attack,none,reverb-rt60-0.2,rt60-0.2,HE TRUSTS NOT TO BE CONSIDERED AS UNPARDONABLY OFFENDING BY LAYING OUT A STREET THAT INFRINGES UPON NOBODY'S PRIVATE RIGHTS AND APPROPRIATING A LOT OF LAND WHICH HAD NO VISIBLE OWNER AND BUILDING A HOUSE OF MATERIALS LONG IN USE FOR CONSTRUCTING CASTLES IN THE AIR,gt,na,2086,16000,15.216,test,na
2086-149214-0004_melvoc_reverb-rt60-0.4,data/attacks/reverb-rt60-0.4/2086-149214-0004_melvoc.wav,fake,attack,none,reverb-rt60-0.4,rt60-0.4,HE TRUSTS NOT TO BE CONSIDERED AS UNPARDONABLY OFFENDING BY LAYING OUT A STREET THAT INFRINGES UPON NOBODY'S PRIVATE RIGHTS AND APPROPRIATING A LOT OF LAND WHICH HAD NO VISIBLE OWNER AND BUILDING A HOUSE OF MATERIALS LONG IN USE FOR CONSTRUCTING CASTLES IN THE AIR,gt,na,2086,16000,15.216,test,na
2086-149214-0004_melvoc_reverb-rt60-0.8,data/attacks/reverb-rt60-0.8/2086-149214-0004_melvoc.wav,fake,attack,none,reverb-rt60-0.8,rt60-0.8,HE TRUSTS NOT TO BE CONSIDERED AS UNPARDONABLY OFFENDING BY LAYING OUT A STREET THAT INFRINGES UPON NOBODY'S PRIVATE RIGHTS AND APPROPRIATING A LOT OF LAND WHICH HAD NO VISIBLE OWNER AND BUILDING A HOUSE OF MATERIALS LONG IN USE FOR CONSTRUCTING CASTLES IN THE AIR,gt,na,2086,16000,15.216,test,na
2086-149214-0004_melvoc_speed0.9,data/attacks/speed0.9/2086-149214-0004_melvoc.wav,fake,attack,none,speed0.9,speed0.9,HE TRUSTS NOT TO BE CONSIDERED AS UNPARDONABLY OFFENDING BY LAYING OUT A STREET THAT INFRINGES UPON NOBODY'S PRIVATE RIGHTS AND APPROPRIATING A LOT OF LAND WHICH HAD NO VISIBLE OWNER AND BUILDING A HOUSE OF MATERIALS LONG IN USE FOR CONSTRUCTING CASTLES IN THE AIR,gt,na,2086,16000,16.907,test,na
2086-149214-0004_melvoc_speed1.1,data/attacks/speed1.1/2086-149214-0004_melvoc.wav,fake,attack,none,speed1.1,speed1.1,HE TRUSTS NOT TO BE CONSIDERED AS UNPARDONABLY OFFENDING BY LAYING OUT A STREET THAT INFRINGES UPON NOBODY'S PRIVATE RIGHTS AND APPROPRIATING A LOT OF LAND WHICH HAD NO VISIBLE OWNER AND BUILDING A HOUSE OF MATERIALS LONG IN USE FOR CONSTRUCTING CASTLES IN THE AIR,gt,na,2086,16000,13.833,test,na
2086-149214-0004_pitch_mp3-128k,data/attacks/mp3-128k/2086-149214-0004_pitch.wav,fake,attack,none,mp3-128k,mp3-128k,HE TRUSTS NOT TO BE CONSIDERED AS UNPARDONABLY OFFENDING BY LAYING OUT A STREET THAT INFRINGES UPON NOBODY'S PRIVATE RIGHTS AND APPROPRIATING A LOT OF LAND WHICH HAD NO VISIBLE OWNER AND BUILDING A HOUSE OF MATERIALS LONG IN USE FOR CONSTRUCTING CASTLES IN THE AIR,gt,na,2086,16000,15.22,test,na
2086-149214-0004_pitch_mp3-64k,data/attacks/mp3-64k/2086-149214-0004_pitch.wav,fake,attack,none,mp3-64k,mp3-64k,HE TRUSTS NOT TO BE CONSIDERED AS UNPARDONABLY OFFENDING BY LAYING OUT A STREET THAT INFRINGES UPON NOBODY'S PRIVATE RIGHTS AND APPROPRIATING A LOT OF LAND WHICH HAD NO VISIBLE OWNER AND BUILDING A HOUSE OF MATERIALS LONG IN USE FOR CONSTRUCTING CASTLES IN THE AIR,gt,na,2086,16000,15.22,test,na
2086-149214-0004_pitch_opus-32k,data/attacks/opus-32k/2086-149214-0004_pitch.wav,fake,attack,none,opus-32k,opus-32k,HE TRUSTS NOT TO BE CONSIDERED AS UNPARDONABLY OFFENDING BY LAYING OUT A STREET THAT INFRINGES UPON NOBODY'S PRIVATE RIGHTS AND APPROPRIATING A LOT OF LAND WHICH HAD NO VISIBLE OWNER AND BUILDING A HOUSE OF MATERIALS LONG IN USE FOR CONSTRUCTING CASTLES IN THE AIR,gt,na,2086,16000,15.22,test,na
2086-149214-0004_pitch_g711-8k,data/attacks/g711-8k/2086-149214-0004_pitch.wav,fake,attack,none,g711-8k,g711-8k,HE TRUSTS NOT TO BE CONSIDERED AS UNPARDONABLY OFFENDING BY LAYING OUT A STREET THAT INFRINGES UPON NOBODY'S PRIVATE RIGHTS AND APPROPRIATING A LOT OF LAND WHICH HAD NO VISIBLE OWNER AND BUILDING A HOUSE OF MATERIALS LONG IN USE FOR CONSTRUCTING CASTLES IN THE AIR,gt,na,2086,16000,15.22,test,na
2086-149214-0004_pitch_resample-8k,data/attacks/resample-8k/2086-149214-0004_pitch.wav,fake,attack,none,resample-8k,8k-roundtrip,HE TRUSTS NOT TO BE CONSIDERED AS UNPARDONABLY OFFENDING BY LAYING OUT A STREET THAT INFRINGES UPON NOBODY'S PRIVATE RIGHTS AND APPROPRIATING A LOT OF LAND WHICH HAD NO VISIBLE OWNER AND BUILDING A HOUSE OF MATERIALS LONG IN USE FOR CONSTRUCTING CASTLES IN THE AIR,gt,na,2086,16000,15.22,test,na
2086-149214-0004_pitch_awgn-snr5,data/attacks/awgn-snr5/2086-149214-0004_pitch.wav,fake,attack,none,awgn-snr5,snr5,HE TRUSTS NOT TO BE CONSIDERED AS UNPARDONABLY OFFENDING BY LAYING OUT A STREET THAT INFRINGES UPON NOBODY'S PRIVATE RIGHTS AND APPROPRIATING A LOT OF LAND WHICH HAD NO VISIBLE OWNER AND BUILDING A HOUSE OF MATERIALS LONG IN USE FOR CONSTRUCTING CASTLES IN THE AIR,gt,na,2086,16000,15.22,test,na
2086-149214-0004_pitch_awgn-snr10,data/attacks/awgn-snr10/2086-149214-0004_pitch.wav,fake,attack,none,awgn-snr10,snr10,HE TRUSTS NOT TO BE CONSIDERED AS UNPARDONABLY OFFENDING BY LAYING OUT A STREET THAT INFRINGES UPON NOBODY'S PRIVATE RIGHTS AND APPROPRIATING A LOT OF LAND WHICH HAD NO VISIBLE OWNER AND BUILDING A HOUSE OF MATERIALS LONG IN USE FOR CONSTRUCTING CASTLES IN THE AIR,gt,na,2086,16000,15.22,test,na
2086-149214-0004_pitch_awgn-snr20,data/attacks/awgn-snr20/2086-149214-0004_pitch.wav,fake,attack,none,awgn-snr20,snr20,HE TRUSTS NOT TO BE CONSIDERED AS UNPARDONABLY OFFENDING BY LAYING OUT A STREET THAT INFRINGES UPON NOBODY'S PRIVATE RIGHTS AND APPROPRIATING A LOT OF LAND WHICH HAD NO VISIBLE OWNER AND BUILDING A HOUSE OF MATERIALS LONG IN USE FOR CONSTRUCTING CASTLES IN THE AIR,gt,na,2086,16000,15.22,test,na
2086-149214-0004_pitch_bandpass-300-3400,data/attacks/bandpass-300-3400/2086-149214-0004_pitch.wav,fake,attack,none,bandpass-300-3400,bandpass300-3400,HE TRUSTS NOT TO BE CONSIDERED AS UNPARDONABLY OFFENDING BY LAYING OUT A STREET THAT INFRINGES UPON NOBODY'S PRIVATE RIGHTS AND APPROPRIATING A LOT OF LAND WHICH HAD NO VISIBLE OWNER AND BUILDING A HOUSE OF MATERIALS LONG IN USE FOR CONSTRUCTING CASTLES IN THE AIR,gt,na,2086,16000,15.22,test,na
2086-149214-0004_pitch_reverb-rt60-0.2,data/attacks/reverb-rt60-0.2/2086-149214-0004_pitch.wav,fake,attack,none,reverb-rt60-0.2,rt60-0.2,HE TRUSTS NOT TO BE CONSIDERED AS UNPARDONABLY OFFENDING BY LAYING OUT A STREET THAT INFRINGES UPON NOBODY'S PRIVATE RIGHTS AND APPROPRIATING A LOT OF LAND WHICH HAD NO VISIBLE OWNER AND BUILDING A HOUSE OF MATERIALS LONG IN USE FOR CONSTRUCTING CASTLES IN THE AIR,gt,na,2086,16000,15.22,test,na
2086-149214-0004_pitch_reverb-rt60-0.4,data/attacks/reverb-rt60-0.4/2086-149214-0004_pitch.wav,fake,attack,none,reverb-rt60-0.4,rt60-0.4,HE TRUSTS NOT TO BE CONSIDERED AS UNPARDONABLY OFFENDING BY LAYING OUT A STREET THAT INFRINGES UPON NOBODY'S PRIVATE RIGHTS AND APPROPRIATING A LOT OF LAND WHICH HAD NO VISIBLE OWNER AND BUILDING A HOUSE OF MATERIALS LONG IN USE FOR CONSTRUCTING CASTLES IN THE AIR,gt,na,2086,16000,15.22,test,na
2086-149214-0004_pitch_reverb-rt60-0.8,data/attacks/reverb-rt60-0.8/2086-149214-0004_pitch.wav,fake,attack,none,reverb-rt60-0.8,rt60-0.8,HE TRUSTS NOT TO BE CONSIDERED AS UNPARDONABLY OFFENDING BY LAYING OUT A STREET THAT INFRINGES UPON NOBODY'S PRIVATE RIGHTS AND APPROPRIATING A LOT OF LAND WHICH HAD NO VISIBLE OWNER AND BUILDING A HOUSE OF MATERIALS LONG IN USE FOR CONSTRUCTING CASTLES IN THE AIR,gt,na,2086,16000,15.22,test,na
2086-149214-0004_pitch_speed0.9,data/attacks/speed0.9/2086-149214-0004_pitch.wav,fake,attack,none,speed0.9,speed0.9,HE TRUSTS NOT TO BE CONSIDERED AS UNPARDONABLY OFFENDING BY LAYING OUT A STREET THAT INFRINGES UPON NOBODY'S PRIVATE RIGHTS AND APPROPRIATING A LOT OF LAND WHICH HAD NO VISIBLE OWNER AND BUILDING A HOUSE OF MATERIALS LONG IN USE FOR CONSTRUCTING CASTLES IN THE AIR,gt,na,2086,16000,16.911,test,na
2086-149214-0004_pitch_speed1.1,data/attacks/speed1.1/2086-149214-0004_pitch.wav,fake,attack,none,speed1.1,speed1.1,HE TRUSTS NOT TO BE CONSIDERED AS UNPARDONABLY OFFENDING BY LAYING OUT A STREET THAT INFRINGES UPON NOBODY'S PRIVATE RIGHTS AND APPROPRIATING A LOT OF LAND WHICH HAD NO VISIBLE OWNER AND BUILDING A HOUSE OF MATERIALS LONG IN USE FOR CONSTRUCTING CASTLES IN THE AIR,gt,na,2086,16000,13.836,test,na
2086-149220-0000_formant_mp3-128k,data/attacks/mp3-128k/2086-149220-0000_formant.wav,fake,attack,none,mp3-128k,mp3-128k,THE ENCLOSURE HAD FORMERLY BEEN VERY EXTENSIVE BUT WAS NOW CONTRACTED WITHIN SMALL COMPASS AND HEMMED ABOUT PARTLY BY HIGH WOODEN FENCES AND PARTLY BY THE OUTBUILDINGS OF HOUSES THAT STOOD ON ANOTHER STREET,gt,na,2086,16000,12.095,test,na
2086-149220-0000_formant_mp3-64k,data/attacks/mp3-64k/2086-149220-0000_formant.wav,fake,attack,none,mp3-64k,mp3-64k,THE ENCLOSURE HAD FORMERLY BEEN VERY EXTENSIVE BUT WAS NOW CONTRACTED WITHIN SMALL COMPASS AND HEMMED ABOUT PARTLY BY HIGH WOODEN FENCES AND PARTLY BY THE OUTBUILDINGS OF HOUSES THAT STOOD ON ANOTHER STREET,gt,na,2086,16000,12.095,test,na
2086-149220-0000_formant_opus-32k,data/attacks/opus-32k/2086-149220-0000_formant.wav,fake,attack,none,opus-32k,opus-32k,THE ENCLOSURE HAD FORMERLY BEEN VERY EXTENSIVE BUT WAS NOW CONTRACTED WITHIN SMALL COMPASS AND HEMMED ABOUT PARTLY BY HIGH WOODEN FENCES AND PARTLY BY THE OUTBUILDINGS OF HOUSES THAT STOOD ON ANOTHER STREET,gt,na,2086,16000,12.095,test,na
2086-149220-0000_formant_g711-8k,data/attacks/g711-8k/2086-149220-0000_formant.wav,fake,attack,none,g711-8k,g711-8k,THE ENCLOSURE HAD FORMERLY BEEN VERY EXTENSIVE BUT WAS NOW CONTRACTED WITHIN SMALL COMPASS AND HEMMED ABOUT PARTLY BY HIGH WOODEN FENCES AND PARTLY BY THE OUTBUILDINGS OF HOUSES THAT STOOD ON ANOTHER STREET,gt,na,2086,16000,12.095,test,na
2086-149220-0000_formant_resample-8k,data/attacks/resample-8k/2086-149220-0000_formant.wav,fake,attack,none,resample-8k,8k-roundtrip,THE ENCLOSURE HAD FORMERLY BEEN VERY EXTENSIVE BUT WAS NOW CONTRACTED WITHIN SMALL COMPASS AND HEMMED ABOUT PARTLY BY HIGH WOODEN FENCES AND PARTLY BY THE OUTBUILDINGS OF HOUSES THAT STOOD ON ANOTHER STREET,gt,na,2086,16000,12.095,test,na
2086-149220-0000_formant_awgn-snr5,data/attacks/awgn-snr5/2086-149220-0000_formant.wav,fake,attack,none,awgn-snr5,snr5,THE ENCLOSURE HAD FORMERLY BEEN VERY EXTENSIVE BUT WAS NOW CONTRACTED WITHIN SMALL COMPASS AND HEMMED ABOUT PARTLY BY HIGH WOODEN FENCES AND PARTLY BY THE OUTBUILDINGS OF HOUSES THAT STOOD ON ANOTHER STREET,gt,na,2086,16000,12.095,test,na
2086-149220-0000_formant_awgn-snr10,data/attacks/awgn-snr10/2086-149220-0000_formant.wav,fake,attack,none,awgn-snr10,snr10,THE ENCLOSURE HAD FORMERLY BEEN VERY EXTENSIVE BUT WAS NOW CONTRACTED WITHIN SMALL COMPASS AND HEMMED ABOUT PARTLY BY HIGH WOODEN FENCES AND PARTLY BY THE OUTBUILDINGS OF HOUSES THAT STOOD ON ANOTHER STREET,gt,na,2086,16000,12.095,test,na
2086-149220-0000_formant_awgn-snr20,data/attacks/awgn-snr20/2086-149220-0000_formant.wav,fake,attack,none,awgn-snr20,snr20,THE ENCLOSURE HAD FORMERLY BEEN VERY EXTENSIVE BUT WAS NOW CONTRACTED WITHIN SMALL COMPASS AND HEMMED ABOUT PARTLY BY HIGH WOODEN FENCES AND PARTLY BY THE OUTBUILDINGS OF HOUSES THAT STOOD ON ANOTHER STREET,gt,na,2086,16000,12.095,test,na
2086-149220-0000_formant_bandpass-300-3400,data/attacks/bandpass-300-3400/2086-149220-0000_formant.wav,fake,attack,none,bandpass-300-3400,bandpass300-3400,THE ENCLOSURE HAD FORMERLY BEEN VERY EXTENSIVE BUT WAS NOW CONTRACTED WITHIN SMALL COMPASS AND HEMMED ABOUT PARTLY BY HIGH WOODEN FENCES AND PARTLY BY THE OUTBUILDINGS OF HOUSES THAT STOOD ON ANOTHER STREET,gt,na,2086,16000,12.095,test,na
2086-149220-0000_formant_reverb-rt60-0.2,data/attacks/reverb-rt60-0.2/2086-149220-0000_formant.wav,fake,attack,none,reverb-rt60-0.2,rt60-0.2,THE ENCLOSURE HAD FORMERLY BEEN VERY EXTENSIVE BUT WAS NOW CONTRACTED WITHIN SMALL COMPASS AND HEMMED ABOUT PARTLY BY HIGH WOODEN FENCES AND PARTLY BY THE OUTBUILDINGS OF HOUSES THAT STOOD ON ANOTHER STREET,gt,na,2086,16000,12.095,test,na
2086-149220-0000_formant_reverb-rt60-0.4,data/attacks/reverb-rt60-0.4/2086-149220-0000_formant.wav,fake,attack,none,reverb-rt60-0.4,rt60-0.4,THE ENCLOSURE HAD FORMERLY BEEN VERY EXTENSIVE BUT WAS NOW CONTRACTED WITHIN SMALL COMPASS AND HEMMED ABOUT PARTLY BY HIGH WOODEN FENCES AND PARTLY BY THE OUTBUILDINGS OF HOUSES THAT STOOD ON ANOTHER STREET,gt,na,2086,16000,12.095,test,na
2086-149220-0000_formant_reverb-rt60-0.8,data/attacks/reverb-rt60-0.8/2086-149220-0000_formant.wav,fake,attack,none,reverb-rt60-0.8,rt60-0.8,THE ENCLOSURE HAD FORMERLY BEEN VERY EXTENSIVE BUT WAS NOW CONTRACTED WITHIN SMALL COMPASS AND HEMMED ABOUT PARTLY BY HIGH WOODEN FENCES AND PARTLY BY THE OUTBUILDINGS OF HOUSES THAT STOOD ON ANOTHER STREET,gt,na,2086,16000,12.095,test,na
2086-149220-0000_formant_speed0.9,data/attacks/speed0.9/2086-149220-0000_formant.wav,fake,attack,none,speed0.9,speed0.9,THE ENCLOSURE HAD FORMERLY BEEN VERY EXTENSIVE BUT WAS NOW CONTRACTED WITHIN SMALL COMPASS AND HEMMED ABOUT PARTLY BY HIGH WOODEN FENCES AND PARTLY BY THE OUTBUILDINGS OF HOUSES THAT STOOD ON ANOTHER STREET,gt,na,2086,16000,13.439,test,na
2086-149220-0000_formant_speed1.1,data/attacks/speed1.1/2086-149220-0000_formant.wav,fake,attack,none,speed1.1,speed1.1,THE ENCLOSURE HAD FORMERLY BEEN VERY EXTENSIVE BUT WAS NOW CONTRACTED WITHIN SMALL COMPASS AND HEMMED ABOUT PARTLY BY HIGH WOODEN FENCES AND PARTLY BY THE OUTBUILDINGS OF HOUSES THAT STOOD ON ANOTHER STREET,gt,na,2086,16000,10.995,test,na
2086-149220-0000_melvoc_mp3-128k,data/attacks/mp3-128k/2086-149220-0000_melvoc.wav,fake,attack,none,mp3-128k,mp3-128k,THE ENCLOSURE HAD FORMERLY BEEN VERY EXTENSIVE BUT WAS NOW CONTRACTED WITHIN SMALL COMPASS AND HEMMED ABOUT PARTLY BY HIGH WOODEN FENCES AND PARTLY BY THE OUTBUILDINGS OF HOUSES THAT STOOD ON ANOTHER STREET,gt,na,2086,16000,12.088,test,na
2086-149220-0000_melvoc_mp3-64k,data/attacks/mp3-64k/2086-149220-0000_melvoc.wav,fake,attack,none,mp3-64k,mp3-64k,THE ENCLOSURE HAD FORMERLY BEEN VERY EXTENSIVE BUT WAS NOW CONTRACTED WITHIN SMALL COMPASS AND HEMMED ABOUT PARTLY BY HIGH WOODEN FENCES AND PARTLY BY THE OUTBUILDINGS OF HOUSES THAT STOOD ON ANOTHER STREET,gt,na,2086,16000,12.088,test,na
2086-149220-0000_melvoc_opus-32k,data/attacks/opus-32k/2086-149220-0000_melvoc.wav,fake,attack,none,opus-32k,opus-32k,THE ENCLOSURE HAD FORMERLY BEEN VERY EXTENSIVE BUT WAS NOW CONTRACTED WITHIN SMALL COMPASS AND HEMMED ABOUT PARTLY BY HIGH WOODEN FENCES AND PARTLY BY THE OUTBUILDINGS OF HOUSES THAT STOOD ON ANOTHER STREET,gt,na,2086,16000,12.088,test,na
2086-149220-0000_melvoc_g711-8k,data/attacks/g711-8k/2086-149220-0000_melvoc.wav,fake,attack,none,g711-8k,g711-8k,THE ENCLOSURE HAD FORMERLY BEEN VERY EXTENSIVE BUT WAS NOW CONTRACTED WITHIN SMALL COMPASS AND HEMMED ABOUT PARTLY BY HIGH WOODEN FENCES AND PARTLY BY THE OUTBUILDINGS OF HOUSES THAT STOOD ON ANOTHER STREET,gt,na,2086,16000,12.088,test,na
2086-149220-0000_melvoc_resample-8k,data/attacks/resample-8k/2086-149220-0000_melvoc.wav,fake,attack,none,resample-8k,8k-roundtrip,THE ENCLOSURE HAD FORMERLY BEEN VERY EXTENSIVE BUT WAS NOW CONTRACTED WITHIN SMALL COMPASS AND HEMMED ABOUT PARTLY BY HIGH WOODEN FENCES AND PARTLY BY THE OUTBUILDINGS OF HOUSES THAT STOOD ON ANOTHER STREET,gt,na,2086,16000,12.088,test,na
2086-149220-0000_melvoc_awgn-snr5,data/attacks/awgn-snr5/2086-149220-0000_melvoc.wav,fake,attack,none,awgn-snr5,snr5,THE ENCLOSURE HAD FORMERLY BEEN VERY EXTENSIVE BUT WAS NOW CONTRACTED WITHIN SMALL COMPASS AND HEMMED ABOUT PARTLY BY HIGH WOODEN FENCES AND PARTLY BY THE OUTBUILDINGS OF HOUSES THAT STOOD ON ANOTHER STREET,gt,na,2086,16000,12.088,test,na
2086-149220-0000_melvoc_awgn-snr10,data/attacks/awgn-snr10/2086-149220-0000_melvoc.wav,fake,attack,none,awgn-snr10,snr10,THE ENCLOSURE HAD FORMERLY BEEN VERY EXTENSIVE BUT WAS NOW CONTRACTED WITHIN SMALL COMPASS AND HEMMED ABOUT PARTLY BY HIGH WOODEN FENCES AND PARTLY BY THE OUTBUILDINGS OF HOUSES THAT STOOD ON ANOTHER STREET,gt,na,2086,16000,12.088,test,na
2086-149220-0000_melvoc_awgn-snr20,data/attacks/awgn-snr20/2086-149220-0000_melvoc.wav,fake,attack,none,awgn-snr20,snr20,THE ENCLOSURE HAD FORMERLY BEEN VERY EXTENSIVE BUT WAS NOW CONTRACTED WITHIN SMALL COMPASS AND HEMMED ABOUT PARTLY BY HIGH WOODEN FENCES AND PARTLY BY THE OUTBUILDINGS OF HOUSES THAT STOOD ON ANOTHER STREET,gt,na,2086,16000,12.088,test,na
2086-149220-0000_melvoc_bandpass-300-3400,data/attacks/bandpass-300-3400/2086-149220-0000_melvoc.wav,fake,attack,none,bandpass-300-3400,bandpass300-3400,THE ENCLOSURE HAD FORMERLY BEEN VERY EXTENSIVE BUT WAS NOW CONTRACTED WITHIN SMALL COMPASS AND HEMMED ABOUT PARTLY BY HIGH WOODEN FENCES AND PARTLY BY THE OUTBUILDINGS OF HOUSES THAT STOOD ON ANOTHER STREET,gt,na,2086,16000,12.088,test,na
2086-149220-0000_melvoc_reverb-rt60-0.2,data/attacks/reverb-rt60-0.2/2086-149220-0000_melvoc.wav,fake,attack,none,reverb-rt60-0.2,rt60-0.2,THE ENCLOSURE HAD FORMERLY BEEN VERY EXTENSIVE BUT WAS NOW CONTRACTED WITHIN SMALL COMPASS AND HEMMED ABOUT PARTLY BY HIGH WOODEN FENCES AND PARTLY BY THE OUTBUILDINGS OF HOUSES THAT STOOD ON ANOTHER STREET,gt,na,2086,16000,12.088,test,na
2086-149220-0000_melvoc_reverb-rt60-0.4,data/attacks/reverb-rt60-0.4/2086-149220-0000_melvoc.wav,fake,attack,none,reverb-rt60-0.4,rt60-0.4,THE ENCLOSURE HAD FORMERLY BEEN VERY EXTENSIVE BUT WAS NOW CONTRACTED WITHIN SMALL COMPASS AND HEMMED ABOUT PARTLY BY HIGH WOODEN FENCES AND PARTLY BY THE OUTBUILDINGS OF HOUSES THAT STOOD ON ANOTHER STREET,gt,na,2086,16000,12.088,test,na
2086-149220-0000_melvoc_reverb-rt60-0.8,data/attacks/reverb-rt60-0.8/2086-149220-0000_melvoc.wav,fake,attack,none,reverb-rt60-0.8,rt60-0.8,THE ENCLOSURE HAD FORMERLY BEEN VERY EXTENSIVE BUT WAS NOW CONTRACTED WITHIN SMALL COMPASS AND HEMMED ABOUT PARTLY BY HIGH WOODEN FENCES AND PARTLY BY THE OUTBUILDINGS OF HOUSES THAT STOOD ON ANOTHER STREET,gt,na,2086,16000,12.088,test,na
2086-149220-0000_melvoc_speed0.9,data/attacks/speed0.9/2086-149220-0000_melvoc.wav,fake,attack,none,speed0.9,speed0.9,THE ENCLOSURE HAD FORMERLY BEEN VERY EXTENSIVE BUT WAS NOW CONTRACTED WITHIN SMALL COMPASS AND HEMMED ABOUT PARTLY BY HIGH WOODEN FENCES AND PARTLY BY THE OUTBUILDINGS OF HOUSES THAT STOOD ON ANOTHER STREET,gt,na,2086,16000,13.431,test,na
2086-149220-0000_melvoc_speed1.1,data/attacks/speed1.1/2086-149220-0000_melvoc.wav,fake,attack,none,speed1.1,speed1.1,THE ENCLOSURE HAD FORMERLY BEEN VERY EXTENSIVE BUT WAS NOW CONTRACTED WITHIN SMALL COMPASS AND HEMMED ABOUT PARTLY BY HIGH WOODEN FENCES AND PARTLY BY THE OUTBUILDINGS OF HOUSES THAT STOOD ON ANOTHER STREET,gt,na,2086,16000,10.989,test,na
2086-149220-0000_pitch_mp3-128k,data/attacks/mp3-128k/2086-149220-0000_pitch.wav,fake,attack,none,mp3-128k,mp3-128k,THE ENCLOSURE HAD FORMERLY BEEN VERY EXTENSIVE BUT WAS NOW CONTRACTED WITHIN SMALL COMPASS AND HEMMED ABOUT PARTLY BY HIGH WOODEN FENCES AND PARTLY BY THE OUTBUILDINGS OF HOUSES THAT STOOD ON ANOTHER STREET,gt,na,2086,16000,12.095,test,na
2086-149220-0000_pitch_mp3-64k,data/attacks/mp3-64k/2086-149220-0000_pitch.wav,fake,attack,none,mp3-64k,mp3-64k,THE ENCLOSURE HAD FORMERLY BEEN VERY EXTENSIVE BUT WAS NOW CONTRACTED WITHIN SMALL COMPASS AND HEMMED ABOUT PARTLY BY HIGH WOODEN FENCES AND PARTLY BY THE OUTBUILDINGS OF HOUSES THAT STOOD ON ANOTHER STREET,gt,na,2086,16000,12.095,test,na
2086-149220-0000_pitch_opus-32k,data/attacks/opus-32k/2086-149220-0000_pitch.wav,fake,attack,none,opus-32k,opus-32k,THE ENCLOSURE HAD FORMERLY BEEN VERY EXTENSIVE BUT WAS NOW CONTRACTED WITHIN SMALL COMPASS AND HEMMED ABOUT PARTLY BY HIGH WOODEN FENCES AND PARTLY BY THE OUTBUILDINGS OF HOUSES THAT STOOD ON ANOTHER STREET,gt,na,2086,16000,12.095,test,na
2086-149220-0000_pitch_g711-8k,data/attacks/g711-8k/2086-149220-0000_pitch.wav,fake,attack,none,g711-8k,g711-8k,THE ENCLOSURE HAD FORMERLY BEEN VERY EXTENSIVE BUT WAS NOW CONTRACTED WITHIN SMALL COMPASS AND HEMMED ABOUT PARTLY BY HIGH WOODEN FENCES AND PARTLY BY THE OUTBUILDINGS OF HOUSES THAT STOOD ON ANOTHER STREET,gt,na,2086,16000,12.095,test,na
2086-149220-0000_pitch_resample-8k,data/attacks/resample-8k/2086-149220-0000_pitch.wav,fake,attack,none,resample-8k,8k-roundtrip,THE ENCLOSURE HAD FORMERLY BEEN VERY EXTENSIVE BUT WAS NOW CONTRACTED WITHIN SMALL COMPASS AND HEMMED ABOUT PARTLY BY HIGH WOODEN FENCES AND PARTLY BY THE OUTBUILDINGS OF HOUSES THAT STOOD ON ANOTHER STREET,gt,na,2086,16000,12.095,test,na
2086-149220-0000_pitch_awgn-snr5,data/attacks/awgn-snr5/2086-149220-0000_pitch.wav,fake,attack,none,awgn-snr5,snr5,THE ENCLOSURE HAD FORMERLY BEEN VERY EXTENSIVE BUT WAS NOW CONTRACTED WITHIN SMALL COMPASS AND HEMMED ABOUT PARTLY BY HIGH WOODEN FENCES AND PARTLY BY THE OUTBUILDINGS OF HOUSES THAT STOOD ON ANOTHER STREET,gt,na,2086,16000,12.095,test,na
2086-149220-0000_pitch_awgn-snr10,data/attacks/awgn-snr10/2086-149220-0000_pitch.wav,fake,attack,none,awgn-snr10,snr10,THE ENCLOSURE HAD FORMERLY BEEN VERY EXTENSIVE BUT WAS NOW CONTRACTED WITHIN SMALL COMPASS AND HEMMED ABOUT PARTLY BY HIGH WOODEN FENCES AND PARTLY BY THE OUTBUILDINGS OF HOUSES THAT STOOD ON ANOTHER STREET,gt,na,2086,16000,12.095,test,na
2086-149220-0000_pitch_awgn-snr20,data/attacks/awgn-snr20/2086-149220-0000_pitch.wav,fake,attack,none,awgn-snr20,snr20,THE ENCLOSURE HAD FORMERLY BEEN VERY EXTENSIVE BUT WAS NOW CONTRACTED WITHIN SMALL COMPASS AND HEMMED ABOUT PARTLY BY HIGH WOODEN FENCES AND PARTLY BY THE OUTBUILDINGS OF HOUSES THAT STOOD ON ANOTHER STREET,gt,na,2086,16000,12.095,test,na
2086-149220-0000_pitch_bandpass-300-3400,data/attacks/bandpass-300-3400/2086-149220-0000_pitch.wav,fake,attack,none,bandpass-300-3400,bandpass300-3400,THE ENCLOSURE HAD FORMERLY BEEN VERY EXTENSIVE BUT WAS NOW CONTRACTED WITHIN SMALL COMPASS AND HEMMED ABOUT PARTLY BY HIGH WOODEN FENCES AND PARTLY BY THE OUTBUILDINGS OF HOUSES THAT STOOD ON ANOTHER STREET,gt,na,2086,16000,12.095,test,na
2086-149220-0000_pitch_reverb-rt60-0.2,data/attacks/reverb-rt60-0.2/2086-149220-0000_pitch.wav,fake,attack,none,reverb-rt60-0.2,rt60-0.2,THE ENCLOSURE HAD FORMERLY BEEN VERY EXTENSIVE BUT WAS NOW CONTRACTED WITHIN SMALL COMPASS AND HEMMED ABOUT PARTLY BY HIGH WOODEN FENCES AND PARTLY BY THE OUTBUILDINGS OF HOUSES THAT STOOD ON ANOTHER STREET,gt,na,2086,16000,12.095,test,na
2086-149220-0000_pitch_reverb-rt60-0.4,data/attacks/reverb-rt60-0.4/2086-149220-0000_pitch.wav,fake,attack,none,reverb-rt60-0.4,rt60-0.4,THE ENCLOSURE HAD FORMERLY BEEN VERY EXTENSIVE BUT WAS NOW CONTRACTED WITHIN SMALL COMPASS AND HEMMED ABOUT PARTLY BY HIGH WOODEN FENCES AND PARTLY BY THE OUTBUILDINGS OF HOUSES THAT STOOD ON ANOTHER STREET,gt,na,2086,16000,12.095,test,na
2086-149220-0000_pitch_reverb-rt60-0.8,data/attacks/reverb-rt60-0.8/2086-149220-0000_pitch.wav,fake,attack,none,reverb-rt60-0.8,rt60-0.8,THE ENCLOSURE HAD FORMERLY BEEN VERY EXTENSIVE BUT WAS NOW CONTRACTED WITHIN SMALL COMPASS AND HEMMED ABOUT PARTLY BY HIGH WOODEN FENCES AND PARTLY BY THE OUTBUILDINGS OF HOUSES THAT STOOD ON ANOTHER STREET,gt,na,2086,16000,12.095,test,na
2086-149220-0000_pitch_speed0.9,data/attacks/speed0.9/2086-149220-0000_pitch.wav,fake,attack,none,speed0.9,speed0.9,THE ENCLOSURE HAD FORMERLY BEEN VERY EXTENSIVE BUT WAS NOW CONTRACTED WITHIN SMALL COMPASS AND HEMMED ABOUT PARTLY BY HIGH WOODEN FENCES AND PARTLY BY THE OUTBUILDINGS OF HOUSES THAT STOOD ON ANOTHER STREET,gt,na,2086,16000,13.439,test,na
2086-149220-0000_pitch_speed1.1,data/attacks/speed1.1/2086-149220-0000_pitch.wav,fake,attack,none,speed1.1,speed1.1,THE ENCLOSURE HAD FORMERLY BEEN VERY EXTENSIVE BUT WAS NOW CONTRACTED WITHIN SMALL COMPASS AND HEMMED ABOUT PARTLY BY HIGH WOODEN FENCES AND PARTLY BY THE OUTBUILDINGS OF HOUSES THAT STOOD ON ANOTHER STREET,gt,na,2086,16000,10.995,test,na
2086-149220-0001_formant_mp3-128k,data/attacks/mp3-128k/2086-149220-0001_formant.wav,fake,attack,none,mp3-128k,mp3-128k,THE WHITE DOUBLE ROSEBUSH HAD EVIDENTLY BEEN PROPPED UP ANEW AGAINST THE HOUSE SINCE THE COMMENCEMENT OF THE SEASON AND A PEAR TREE AND THREE DAMSON TREES WHICH EXCEPT A ROW OF CURRANT BUSHES CONSTITUTED THE ONLY VARIETIES OF FRUIT BORE MARKS OF THE RECENT AMPUTATION OF SEVERAL SUPERFLUOUS OR DEFECTIVE LIMBS,gt,na,2086,16000,19.78,test,na
2086-149220-0001_formant_mp3-64k,data/attacks/mp3-64k/2086-149220-0001_formant.wav,fake,attack,none,mp3-64k,mp3-64k,THE WHITE DOUBLE ROSEBUSH HAD EVIDENTLY BEEN PROPPED UP ANEW AGAINST THE HOUSE SINCE THE COMMENCEMENT OF THE SEASON AND A PEAR TREE AND THREE DAMSON TREES WHICH EXCEPT A ROW OF CURRANT BUSHES CONSTITUTED THE ONLY VARIETIES OF FRUIT BORE MARKS OF THE RECENT AMPUTATION OF SEVERAL SUPERFLUOUS OR DEFECTIVE LIMBS,gt,na,2086,16000,19.78,test,na
2086-149220-0001_formant_opus-32k,data/attacks/opus-32k/2086-149220-0001_formant.wav,fake,attack,none,opus-32k,opus-32k,THE WHITE DOUBLE ROSEBUSH HAD EVIDENTLY BEEN PROPPED UP ANEW AGAINST THE HOUSE SINCE THE COMMENCEMENT OF THE SEASON AND A PEAR TREE AND THREE DAMSON TREES WHICH EXCEPT A ROW OF CURRANT BUSHES CONSTITUTED THE ONLY VARIETIES OF FRUIT BORE MARKS OF THE RECENT AMPUTATION OF SEVERAL SUPERFLUOUS OR DEFECTIVE LIMBS,gt,na,2086,16000,19.78,test,na
2086-149220-0001_formant_g711-8k,data/attacks/g711-8k/2086-149220-0001_formant.wav,fake,attack,none,g711-8k,g711-8k,THE WHITE DOUBLE ROSEBUSH HAD EVIDENTLY BEEN PROPPED UP ANEW AGAINST THE HOUSE SINCE THE COMMENCEMENT OF THE SEASON AND A PEAR TREE AND THREE DAMSON TREES WHICH EXCEPT A ROW OF CURRANT BUSHES CONSTITUTED THE ONLY VARIETIES OF FRUIT BORE MARKS OF THE RECENT AMPUTATION OF SEVERAL SUPERFLUOUS OR DEFECTIVE LIMBS,gt,na,2086,16000,19.78,test,na
2086-149220-0001_formant_resample-8k,data/attacks/resample-8k/2086-149220-0001_formant.wav,fake,attack,none,resample-8k,8k-roundtrip,THE WHITE DOUBLE ROSEBUSH HAD EVIDENTLY BEEN PROPPED UP ANEW AGAINST THE HOUSE SINCE THE COMMENCEMENT OF THE SEASON AND A PEAR TREE AND THREE DAMSON TREES WHICH EXCEPT A ROW OF CURRANT BUSHES CONSTITUTED THE ONLY VARIETIES OF FRUIT BORE MARKS OF THE RECENT AMPUTATION OF SEVERAL SUPERFLUOUS OR DEFECTIVE LIMBS,gt,na,2086,16000,19.78,test,na
2086-149220-0001_formant_awgn-snr5,data/attacks/awgn-snr5/2086-149220-0001_formant.wav,fake,attack,none,awgn-snr5,snr5,THE WHITE DOUBLE ROSEBUSH HAD EVIDENTLY BEEN PROPPED UP ANEW AGAINST THE HOUSE SINCE THE COMMENCEMENT OF THE SEASON AND A PEAR TREE AND THREE DAMSON TREES WHICH EXCEPT A ROW OF CURRANT BUSHES CONSTITUTED THE ONLY VARIETIES OF FRUIT BORE MARKS OF THE RECENT AMPUTATION OF SEVERAL SUPERFLUOUS OR DEFECTIVE LIMBS,gt,na,2086,16000,19.78,test,na
2086-149220-0001_formant_awgn-snr10,data/attacks/awgn-snr10/2086-149220-0001_formant.wav,fake,attack,none,awgn-snr10,snr10,THE WHITE DOUBLE ROSEBUSH HAD EVIDENTLY BEEN PROPPED UP ANEW AGAINST THE HOUSE SINCE THE COMMENCEMENT OF THE SEASON AND A PEAR TREE AND THREE DAMSON TREES WHICH EXCEPT A ROW OF CURRANT BUSHES CONSTITUTED THE ONLY VARIETIES OF FRUIT BORE MARKS OF THE RECENT AMPUTATION OF SEVERAL SUPERFLUOUS OR DEFECTIVE LIMBS,gt,na,2086,16000,19.78,test,na
2086-149220-0001_formant_awgn-snr20,data/attacks/awgn-snr20/2086-149220-0001_formant.wav,fake,attack,none,awgn-snr20,snr20,THE WHITE DOUBLE ROSEBUSH HAD EVIDENTLY BEEN PROPPED UP ANEW AGAINST THE HOUSE SINCE THE COMMENCEMENT OF THE SEASON AND A PEAR TREE AND THREE DAMSON TREES WHICH EXCEPT A ROW OF CURRANT BUSHES CONSTITUTED THE ONLY VARIETIES OF FRUIT BORE MARKS OF THE RECENT AMPUTATION OF SEVERAL SUPERFLUOUS OR DEFECTIVE LIMBS,gt,na,2086,16000,19.78,test,na
2086-149220-0001_formant_bandpass-300-3400,data/attacks/bandpass-300-3400/2086-149220-0001_formant.wav,fake,attack,none,bandpass-300-3400,bandpass300-3400,THE WHITE DOUBLE ROSEBUSH HAD EVIDENTLY BEEN PROPPED UP ANEW AGAINST THE HOUSE SINCE THE COMMENCEMENT OF THE SEASON AND A PEAR TREE AND THREE DAMSON TREES WHICH EXCEPT A ROW OF CURRANT BUSHES CONSTITUTED THE ONLY VARIETIES OF FRUIT BORE MARKS OF THE RECENT AMPUTATION OF SEVERAL SUPERFLUOUS OR DEFECTIVE LIMBS,gt,na,2086,16000,19.78,test,na
2086-149220-0001_formant_reverb-rt60-0.2,data/attacks/reverb-rt60-0.2/2086-149220-0001_formant.wav,fake,attack,none,reverb-rt60-0.2,rt60-0.2,THE WHITE DOUBLE ROSEBUSH HAD EVIDENTLY BEEN PROPPED UP ANEW AGAINST THE HOUSE SINCE THE COMMENCEMENT OF THE SEASON AND A PEAR TREE AND THREE DAMSON TREES WHICH EXCEPT A ROW OF CURRANT BUSHES CONSTITUTED THE ONLY VARIETIES OF FRUIT BORE MARKS OF THE RECENT AMPUTATION OF SEVERAL SUPERFLUOUS OR DEFECTIVE LIMBS,gt,na,2086,16000,19.78,test,na
2086-149220-0001_formant_reverb-rt60-0.4,data/attacks/reverb-rt60-0.4/2086-149220-0001_formant.wav,fake,attack,none,reverb-rt60-0.4,rt60-0.4,THE WHITE DOUBLE ROSEBUSH HAD EVIDENTLY BEEN PROPPED UP ANEW AGAINST THE HOUSE SINCE THE COMMENCEMENT OF THE SEASON AND A PEAR TREE AND THREE DAMSON TREES WHICH EXCEPT A ROW OF CURRANT BUSHES CONSTITUTED THE ONLY VARIETIES OF FRUIT BORE MARKS OF THE RECENT AMPUTATION OF SEVERAL SUPERFLUOUS OR DEFECTIVE LIMBS,gt,na,2086,16000,19.78,test,na
2086-149220-0001_formant_reverb-rt60-0.8,data/attacks/reverb-rt60-0.8/2086-149220-0001_formant.wav,fake,attack,none,reverb-rt60-0.8,rt60-0.8,THE WHITE DOUBLE ROSEBUSH HAD EVIDENTLY BEEN PROPPED UP ANEW AGAINST THE HOUSE SINCE THE COMMENCEMENT OF THE SEASON AND A PEAR TREE AND THREE DAMSON TREES WHICH EXCEPT A ROW OF CURRANT BUSHES CONSTITUTED THE ONLY VARIETIES OF FRUIT BORE MARKS OF THE RECENT AMPUTATION OF SEVERAL SUPERFLUOUS OR DEFECTIVE LIMBS,gt,na,2086,16000,19.78,test,na
2086-149220-0001_formant_speed0.9,data/attacks/speed0.9/2086-149220-0001_formant.wav,fake,attack,none,speed0.9,speed0.9,THE WHITE DOUBLE ROSEBUSH HAD EVIDENTLY BEEN PROPPED UP ANEW AGAINST THE HOUSE SINCE THE COMMENCEMENT OF THE SEASON AND A PEAR TREE AND THREE DAMSON TREES WHICH EXCEPT A ROW OF CURRANT BUSHES CONSTITUTED THE ONLY VARIETIES OF FRUIT BORE MARKS OF THE RECENT AMPUTATION OF SEVERAL SUPERFLUOUS OR DEFECTIVE LIMBS,gt,na,2086,16000,21.978,test,na
2086-149220-0001_formant_speed1.1,data/attacks/speed1.1/2086-149220-0001_formant.wav,fake,attack,none,speed1.1,speed1.1,THE WHITE DOUBLE ROSEBUSH HAD EVIDENTLY BEEN PROPPED UP ANEW AGAINST THE HOUSE SINCE THE COMMENCEMENT OF THE SEASON AND A PEAR TREE AND THREE DAMSON TREES WHICH EXCEPT A ROW OF CURRANT BUSHES CONSTITUTED THE ONLY VARIETIES OF FRUIT BORE MARKS OF THE RECENT AMPUTATION OF SEVERAL SUPERFLUOUS OR DEFECTIVE LIMBS,gt,na,2086,16000,17.982,test,na
2086-149220-0001_melvoc_mp3-128k,data/attacks/mp3-128k/2086-149220-0001_melvoc.wav,fake,attack,none,mp3-128k,mp3-128k,THE WHITE DOUBLE ROSEBUSH HAD EVIDENTLY BEEN PROPPED UP ANEW AGAINST THE HOUSE SINCE THE COMMENCEMENT OF THE SEASON AND A PEAR TREE AND THREE DAMSON TREES WHICH EXCEPT A ROW OF CURRANT BUSHES CONSTITUTED THE ONLY VARIETIES OF FRUIT BORE MARKS OF THE RECENT AMPUTATION OF SEVERAL SUPERFLUOUS OR DEFECTIVE LIMBS,gt,na,2086,16000,19.776,test,na
2086-149220-0001_melvoc_mp3-64k,data/attacks/mp3-64k/2086-149220-0001_melvoc.wav,fake,attack,none,mp3-64k,mp3-64k,THE WHITE DOUBLE ROSEBUSH HAD EVIDENTLY BEEN PROPPED UP ANEW AGAINST THE HOUSE SINCE THE COMMENCEMENT OF THE SEASON AND A PEAR TREE AND THREE DAMSON TREES WHICH EXCEPT A ROW OF CURRANT BUSHES CONSTITUTED THE ONLY VARIETIES OF FRUIT BORE MARKS OF THE RECENT AMPUTATION OF SEVERAL SUPERFLUOUS OR DEFECTIVE LIMBS,gt,na,2086,16000,19.776,test,na
2086-149220-0001_melvoc_opus-32k,data/attacks/opus-32k/2086-149220-0001_melvoc.wav,fake,attack,none,opus-32k,opus-32k,THE WHITE DOUBLE ROSEBUSH HAD EVIDENTLY BEEN PROPPED UP ANEW AGAINST THE HOUSE SINCE THE COMMENCEMENT OF THE SEASON AND A PEAR TREE AND THREE DAMSON TREES WHICH EXCEPT A ROW OF CURRANT BUSHES CONSTITUTED THE ONLY VARIETIES OF FRUIT BORE MARKS OF THE RECENT AMPUTATION OF SEVERAL SUPERFLUOUS OR DEFECTIVE LIMBS,gt,na,2086,16000,19.776,test,na
2086-149220-0001_melvoc_g711-8k,data/attacks/g711-8k/2086-149220-0001_melvoc.wav,fake,attack,none,g711-8k,g711-8k,THE WHITE DOUBLE ROSEBUSH HAD EVIDENTLY BEEN PROPPED UP ANEW AGAINST THE HOUSE SINCE THE COMMENCEMENT OF THE SEASON AND A PEAR TREE AND THREE DAMSON TREES WHICH EXCEPT A ROW OF CURRANT BUSHES CONSTITUTED THE ONLY VARIETIES OF FRUIT BORE MARKS OF THE RECENT AMPUTATION OF SEVERAL SUPERFLUOUS OR DEFECTIVE LIMBS,gt,na,2086,16000,19.776,test,na
2086-149220-0001_melvoc_resample-8k,data/attacks/resample-8k/2086-149220-0001_melvoc.wav,fake,attack,none,resample-8k,8k-roundtrip,THE WHITE DOUBLE ROSEBUSH HAD EVIDENTLY BEEN PROPPED UP ANEW AGAINST THE HOUSE SINCE THE COMMENCEMENT OF THE SEASON AND A PEAR TREE AND THREE DAMSON TREES WHICH EXCEPT A ROW OF CURRANT BUSHES CONSTITUTED THE ONLY VARIETIES OF FRUIT BORE MARKS OF THE RECENT AMPUTATION OF SEVERAL SUPERFLUOUS OR DEFECTIVE LIMBS,gt,na,2086,16000,19.776,test,na
2086-149220-0001_melvoc_awgn-snr5,data/attacks/awgn-snr5/2086-149220-0001_melvoc.wav,fake,attack,none,awgn-snr5,snr5,THE WHITE DOUBLE ROSEBUSH HAD EVIDENTLY BEEN PROPPED UP ANEW AGAINST THE HOUSE SINCE THE COMMENCEMENT OF THE SEASON AND A PEAR TREE AND THREE DAMSON TREES WHICH EXCEPT A ROW OF CURRANT BUSHES CONSTITUTED THE ONLY VARIETIES OF FRUIT BORE MARKS OF THE RECENT AMPUTATION OF SEVERAL SUPERFLUOUS OR DEFECTIVE LIMBS,gt,na,2086,16000,19.776,test,na
2086-149220-0001_melvoc_awgn-snr10,data/attacks/awgn-snr10/2086-149220-0001_melvoc.wav,fake,attack,none,awgn-snr10,snr10,THE WHITE DOUBLE ROSEBUSH HAD EVIDENTLY BEEN PROPPED UP ANEW AGAINST THE HOUSE SINCE THE COMMENCEMENT OF THE SEASON AND A PEAR TREE AND THREE DAMSON TREES WHICH EXCEPT A ROW OF CURRANT BUSHES CONSTITUTED THE ONLY VARIETIES OF FRUIT BORE MARKS OF THE RECENT AMPUTATION OF SEVERAL SUPERFLUOUS OR DEFECTIVE LIMBS,gt,na,2086,16000,19.776,test,na
2086-149220-0001_melvoc_awgn-snr20,data/attacks/awgn-snr20/2086-149220-0001_melvoc.wav,fake,attack,none,awgn-snr20,snr20,THE WHITE DOUBLE ROSEBUSH HAD EVIDENTLY BEEN PROPPED UP ANEW AGAINST THE HOUSE SINCE THE COMMENCEMENT OF THE SEASON AND A PEAR TREE AND THREE DAMSON TREES WHICH EXCEPT A ROW OF CURRANT BUSHES CONSTITUTED THE ONLY VARIETIES OF FRUIT BORE MARKS OF THE RECENT AMPUTATION OF SEVERAL SUPERFLUOUS OR DEFECTIVE LIMBS,gt,na,2086,16000,19.776,test,na
2086-149220-0001_melvoc_bandpass-300-3400,data/attacks/bandpass-300-3400/2086-149220-0001_melvoc.wav,fake,attack,none,bandpass-300-3400,bandpass300-3400,THE WHITE DOUBLE ROSEBUSH HAD EVIDENTLY BEEN PROPPED UP ANEW AGAINST THE HOUSE SINCE THE COMMENCEMENT OF THE SEASON AND A PEAR TREE AND THREE DAMSON TREES WHICH EXCEPT A ROW OF CURRANT BUSHES CONSTITUTED THE ONLY VARIETIES OF FRUIT BORE MARKS OF THE RECENT AMPUTATION OF SEVERAL SUPERFLUOUS OR DEFECTIVE LIMBS,gt,na,2086,16000,19.776,test,na
2086-149220-0001_melvoc_reverb-rt60-0.2,data/attacks/reverb-rt60-0.2/2086-149220-0001_melvoc.wav,fake,attack,none,reverb-rt60-0.2,rt60-0.2,THE WHITE DOUBLE ROSEBUSH HAD EVIDENTLY BEEN PROPPED UP ANEW AGAINST THE HOUSE SINCE THE COMMENCEMENT OF THE SEASON AND A PEAR TREE AND THREE DAMSON TREES WHICH EXCEPT A ROW OF CURRANT BUSHES CONSTITUTED THE ONLY VARIETIES OF FRUIT BORE MARKS OF THE RECENT AMPUTATION OF SEVERAL SUPERFLUOUS OR DEFECTIVE LIMBS,gt,na,2086,16000,19.776,test,na
2086-149220-0001_melvoc_reverb-rt60-0.4,data/attacks/reverb-rt60-0.4/2086-149220-0001_melvoc.wav,fake,attack,none,reverb-rt60-0.4,rt60-0.4,THE WHITE DOUBLE ROSEBUSH HAD EVIDENTLY BEEN PROPPED UP ANEW AGAINST THE HOUSE SINCE THE COMMENCEMENT OF THE SEASON AND A PEAR TREE AND THREE DAMSON TREES WHICH EXCEPT A ROW OF CURRANT BUSHES CONSTITUTED THE ONLY VARIETIES OF FRUIT BORE MARKS OF THE RECENT AMPUTATION OF SEVERAL SUPERFLUOUS OR DEFECTIVE LIMBS,gt,na,2086,16000,19.776,test,na
2086-149220-0001_melvoc_reverb-rt60-0.8,data/attacks/reverb-rt60-0.8/2086-149220-0001_melvoc.wav,fake,attack,none,reverb-rt60-0.8,rt60-0.8,THE WHITE DOUBLE ROSEBUSH HAD EVIDENTLY BEEN PROPPED UP ANEW AGAINST THE HOUSE SINCE THE COMMENCEMENT OF THE SEASON AND A PEAR TREE AND THREE DAMSON TREES WHICH EXCEPT A ROW OF CURRANT BUSHES CONSTITUTED THE ONLY VARIETIES OF FRUIT BORE MARKS OF THE RECENT AMPUTATION OF SEVERAL SUPERFLUOUS OR DEFECTIVE LIMBS,gt,na,2086,16000,19.776,test,na
2086-149220-0001_melvoc_speed0.9,data/attacks/speed0.9/2086-149220-0001_melvoc.wav,fake,attack,none,speed0.9,speed0.9,THE WHITE DOUBLE ROSEBUSH HAD EVIDENTLY BEEN PROPPED UP ANEW AGAINST THE HOUSE SINCE THE COMMENCEMENT OF THE SEASON AND A PEAR TREE AND THREE DAMSON TREES WHICH EXCEPT A ROW OF CURRANT BUSHES CONSTITUTED THE ONLY VARIETIES OF FRUIT BORE MARKS OF THE RECENT AMPUTATION OF SEVERAL SUPERFLUOUS OR DEFECTIVE LIMBS,gt,na,2086,16000,21.973,test,na
2086-149220-0001_melvoc_speed1.1,data/attacks/speed1.1/2086-149220-0001_melvoc.wav,fake,attack,none,speed1.1,speed1.1,THE WHITE DOUBLE ROSEBUSH HAD EVIDENTLY BEEN PROPPED UP ANEW AGAINST THE HOUSE SINCE THE COMMENCEMENT OF THE SEASON AND A PEAR TREE AND THREE DAMSON TREES WHICH EXCEPT A ROW OF CURRANT BUSHES CONSTITUTED THE ONLY VARIETIES OF FRUIT BORE MARKS OF THE RECENT AMPUTATION OF SEVERAL SUPERFLUOUS OR DEFECTIVE LIMBS,gt,na,2086,16000,17.978,test,na
2086-149220-0001_pitch_mp3-128k,data/attacks/mp3-128k/2086-149220-0001_pitch.wav,fake,attack,none,mp3-128k,mp3-128k,THE WHITE DOUBLE ROSEBUSH HAD EVIDENTLY BEEN PROPPED UP ANEW AGAINST THE HOUSE SINCE THE COMMENCEMENT OF THE SEASON AND A PEAR TREE AND THREE DAMSON TREES WHICH EXCEPT A ROW OF CURRANT BUSHES CONSTITUTED THE ONLY VARIETIES OF FRUIT BORE MARKS OF THE RECENT AMPUTATION OF SEVERAL SUPERFLUOUS OR DEFECTIVE LIMBS,gt,na,2086,16000,19.78,test,na
2086-149220-0001_pitch_mp3-64k,data/attacks/mp3-64k/2086-149220-0001_pitch.wav,fake,attack,none,mp3-64k,mp3-64k,THE WHITE DOUBLE ROSEBUSH HAD EVIDENTLY BEEN PROPPED UP ANEW AGAINST THE HOUSE SINCE THE COMMENCEMENT OF THE SEASON AND A PEAR TREE AND THREE DAMSON TREES WHICH EXCEPT A ROW OF CURRANT BUSHES CONSTITUTED THE ONLY VARIETIES OF FRUIT BORE MARKS OF THE RECENT AMPUTATION OF SEVERAL SUPERFLUOUS OR DEFECTIVE LIMBS,gt,na,2086,16000,19.78,test,na
2086-149220-0001_pitch_opus-32k,data/attacks/opus-32k/2086-149220-0001_pitch.wav,fake,attack,none,opus-32k,opus-32k,THE WHITE DOUBLE ROSEBUSH HAD EVIDENTLY BEEN PROPPED UP ANEW AGAINST THE HOUSE SINCE THE COMMENCEMENT OF THE SEASON AND A PEAR TREE AND THREE DAMSON TREES WHICH EXCEPT A ROW OF CURRANT BUSHES CONSTITUTED THE ONLY VARIETIES OF FRUIT BORE MARKS OF THE RECENT AMPUTATION OF SEVERAL SUPERFLUOUS OR DEFECTIVE LIMBS,gt,na,2086,16000,19.78,test,na
2086-149220-0001_pitch_g711-8k,data/attacks/g711-8k/2086-149220-0001_pitch.wav,fake,attack,none,g711-8k,g711-8k,THE WHITE DOUBLE ROSEBUSH HAD EVIDENTLY BEEN PROPPED UP ANEW AGAINST THE HOUSE SINCE THE COMMENCEMENT OF THE SEASON AND A PEAR TREE AND THREE DAMSON TREES WHICH EXCEPT A ROW OF CURRANT BUSHES CONSTITUTED THE ONLY VARIETIES OF FRUIT BORE MARKS OF THE RECENT AMPUTATION OF SEVERAL SUPERFLUOUS OR DEFECTIVE LIMBS,gt,na,2086,16000,19.78,test,na
2086-149220-0001_pitch_resample-8k,data/attacks/resample-8k/2086-149220-0001_pitch.wav,fake,attack,none,resample-8k,8k-roundtrip,THE WHITE DOUBLE ROSEBUSH HAD EVIDENTLY BEEN PROPPED UP ANEW AGAINST THE HOUSE SINCE THE COMMENCEMENT OF THE SEASON AND A PEAR TREE AND THREE DAMSON TREES WHICH EXCEPT A ROW OF CURRANT BUSHES CONSTITUTED THE ONLY VARIETIES OF FRUIT BORE MARKS OF THE RECENT AMPUTATION OF SEVERAL SUPERFLUOUS OR DEFECTIVE LIMBS,gt,na,2086,16000,19.78,test,na
2086-149220-0001_pitch_awgn-snr5,data/attacks/awgn-snr5/2086-149220-0001_pitch.wav,fake,attack,none,awgn-snr5,snr5,THE WHITE DOUBLE ROSEBUSH HAD EVIDENTLY BEEN PROPPED UP ANEW AGAINST THE HOUSE SINCE THE COMMENCEMENT OF THE SEASON AND A PEAR TREE AND THREE DAMSON TREES WHICH EXCEPT A ROW OF CURRANT BUSHES CONSTITUTED THE ONLY VARIETIES OF FRUIT BORE MARKS OF THE RECENT AMPUTATION OF SEVERAL SUPERFLUOUS OR DEFECTIVE LIMBS,gt,na,2086,16000,19.78,test,na
2086-149220-0001_pitch_awgn-snr10,data/attacks/awgn-snr10/2086-149220-0001_pitch.wav,fake,attack,none,awgn-snr10,snr10,THE WHITE DOUBLE ROSEBUSH HAD EVIDENTLY BEEN PROPPED UP ANEW AGAINST THE HOUSE SINCE THE COMMENCEMENT OF THE SEASON AND A PEAR TREE AND THREE DAMSON TREES WHICH EXCEPT A ROW OF CURRANT BUSHES CONSTITUTED THE ONLY VARIETIES OF FRUIT BORE MARKS OF THE RECENT AMPUTATION OF SEVERAL SUPERFLUOUS OR DEFECTIVE LIMBS,gt,na,2086,16000,19.78,test,na
2086-149220-0001_pitch_awgn-snr20,data/attacks/awgn-snr20/2086-149220-0001_pitch.wav,fake,attack,none,awgn-snr20,snr20,THE WHITE DOUBLE ROSEBUSH HAD EVIDENTLY BEEN PROPPED UP ANEW AGAINST THE HOUSE SINCE THE COMMENCEMENT OF THE SEASON AND A PEAR TREE AND THREE DAMSON TREES WHICH EXCEPT A ROW OF CURRANT BUSHES CONSTITUTED THE ONLY VARIETIES OF FRUIT BORE MARKS OF THE RECENT AMPUTATION OF SEVERAL SUPERFLUOUS OR DEFECTIVE LIMBS,gt,na,2086,16000,19.78,test,na
2086-149220-0001_pitch_bandpass-300-3400,data/attacks/bandpass-300-3400/2086-149220-0001_pitch.wav,fake,attack,none,bandpass-300-3400,bandpass300-3400,THE WHITE DOUBLE ROSEBUSH HAD EVIDENTLY BEEN PROPPED UP ANEW AGAINST THE HOUSE SINCE THE COMMENCEMENT OF THE SEASON AND A PEAR TREE AND THREE DAMSON TREES WHICH EXCEPT A ROW OF CURRANT BUSHES CONSTITUTED THE ONLY VARIETIES OF FRUIT BORE MARKS OF THE RECENT AMPUTATION OF SEVERAL SUPERFLUOUS OR DEFECTIVE LIMBS,gt,na,2086,16000,19.78,test,na
2086-149220-0001_pitch_reverb-rt60-0.2,data/attacks/reverb-rt60-0.2/2086-149220-0001_pitch.wav,fake,attack,none,reverb-rt60-0.2,rt60-0.2,THE WHITE DOUBLE ROSEBUSH HAD EVIDENTLY BEEN PROPPED UP ANEW AGAINST THE HOUSE SINCE THE COMMENCEMENT OF THE SEASON AND A PEAR TREE AND THREE DAMSON TREES WHICH EXCEPT A ROW OF CURRANT BUSHES CONSTITUTED THE ONLY VARIETIES OF FRUIT BORE MARKS OF THE RECENT AMPUTATION OF SEVERAL SUPERFLUOUS OR DEFECTIVE LIMBS,gt,na,2086,16000,19.78,test,na
2086-149220-0001_pitch_reverb-rt60-0.4,data/attacks/reverb-rt60-0.4/2086-149220-0001_pitch.wav,fake,attack,none,reverb-rt60-0.4,rt60-0.4,THE WHITE DOUBLE ROSEBUSH HAD EVIDENTLY BEEN PROPPED UP ANEW AGAINST THE HOUSE SINCE THE COMMENCEMENT OF THE SEASON AND A PEAR TREE AND THREE DAMSON TREES WHICH EXCEPT A ROW OF CURRANT BUSHES CONSTITUTED THE ONLY VARIETIES OF FRUIT BORE MARKS OF THE RECENT AMPUTATION OF SEVERAL SUPERFLUOUS OR DEFECTIVE LIMBS,gt,na,2086,16000,19.78,test,na
2086-149220-0001_pitch_reverb-rt60-0.8,data/attacks/reverb-rt60-0.8/2086-149220-0001_pitch.wav,fake,attack,none,reverb-rt60-0.8,rt60-0.8,THE WHITE DOUBLE ROSEBUSH HAD EVIDENTLY BEEN PROPPED UP ANEW AGAINST THE HOUSE SINCE THE COMMENCEMENT OF THE SEASON AND A PEAR TREE AND THREE DAMSON TREES WHICH EXCEPT A ROW OF CURRANT BUSHES CONSTITUTED THE ONLY VARIETIES OF FRUIT BORE MARKS OF THE RECENT AMPUTATION OF SEVERAL SUPERFLUOUS OR DEFECTIVE LIMBS,gt,na,2086,16000,19.78,test,na
2086-149220-0001_pitch_speed0.9,data/attacks/speed0.9/2086-149220-0001_pitch.wav,fake,attack,none,speed0.9,speed0.9,THE WHITE DOUBLE ROSEBUSH HAD EVIDENTLY BEEN PROPPED UP ANEW AGAINST THE HOUSE SINCE THE COMMENCEMENT OF THE SEASON AND A PEAR TREE AND THREE DAMSON TREES WHICH EXCEPT A ROW OF CURRANT BUSHES CONSTITUTED THE ONLY VARIETIES OF FRUIT BORE MARKS OF THE RECENT AMPUTATION OF SEVERAL SUPERFLUOUS OR DEFECTIVE LIMBS,gt,na,2086,16000,21.978,test,na
2086-149220-0001_pitch_speed1.1,data/attacks/speed1.1/2086-149220-0001_pitch.wav,fake,attack,none,speed1.1,speed1.1,THE WHITE DOUBLE ROSEBUSH HAD EVIDENTLY BEEN PROPPED UP ANEW AGAINST THE HOUSE SINCE THE COMMENCEMENT OF THE SEASON AND A PEAR TREE AND THREE DAMSON TREES WHICH EXCEPT A ROW OF CURRANT BUSHES CONSTITUTED THE ONLY VARIETIES OF FRUIT BORE MARKS OF THE RECENT AMPUTATION OF SEVERAL SUPERFLUOUS OR DEFECTIVE LIMBS,gt,na,2086,16000,17.982,test,na
2086-149220-0002_formant_mp3-128k,data/attacks/mp3-128k/2086-149220-0002_formant.wav,fake,attack,none,mp3-128k,mp3-128k,THERE WERE ALSO A FEW SPECIES OF ANTIQUE AND HEREDITARY FLOWERS IN NO VERY FLOURISHING CONDITION BUT SCRUPULOUSLY WEEDED AS IF SOME PERSON EITHER OUT OF LOVE OR CURIOSITY HAD BEEN ANXIOUS TO BRING THEM TO SUCH PERFECTION AS THEY WERE CAPABLE OF ATTAINING,gt,na,2086,16000,16.01,test,na
2086-149220-0002_formant_mp3-64k,data/attacks/mp3-64k/2086-149220-0002_formant.wav,fake,attack,none,mp3-64k,mp3-64k,THERE WERE ALSO A FEW SPECIES OF ANTIQUE AND HEREDITARY FLOWERS IN NO VERY FLOURISHING CONDITION BUT SCRUPULOUSLY WEEDED AS IF SOME PERSON EITHER OUT OF LOVE OR CURIOSITY HAD BEEN ANXIOUS TO BRING THEM TO SUCH PERFECTION AS THEY WERE CAPABLE OF ATTAINING,gt,na,2086,16000,16.01,test,na
2086-149220-0002_formant_opus-32k,data/attacks/opus-32k/2086-149220-0002_formant.wav,fake,attack,none,opus-32k,opus-32k,THERE WERE ALSO A FEW SPECIES OF ANTIQUE AND HEREDITARY FLOWERS IN NO VERY FLOURISHING CONDITION BUT SCRUPULOUSLY WEEDED AS IF SOME PERSON EITHER OUT OF LOVE OR CURIOSITY HAD BEEN ANXIOUS TO BRING THEM TO SUCH PERFECTION AS THEY WERE CAPABLE OF ATTAINING,gt,na,2086,16000,16.01,test,na
2086-149220-0002_formant_g711-8k,data/attacks/g711-8k/2086-149220-0002_formant.wav,fake,attack,none,g711-8k,g711-8k,THERE WERE ALSO A FEW SPECIES OF ANTIQUE AND HEREDITARY FLOWERS IN NO VERY FLOURISHING CONDITION BUT SCRUPULOUSLY WEEDED AS IF SOME PERSON EITHER OUT OF LOVE OR CURIOSITY HAD BEEN ANXIOUS TO BRING THEM TO SUCH PERFECTION AS THEY WERE CAPABLE OF ATTAINING,gt,na,2086,16000,16.01,test,na
2086-149220-0002_formant_resample-8k,data/attacks/resample-8k/2086-149220-0002_formant.wav,fake,attack,none,resample-8k,8k-roundtrip,THERE WERE ALSO A FEW SPECIES OF ANTIQUE AND HEREDITARY FLOWERS IN NO VERY FLOURISHING CONDITION BUT SCRUPULOUSLY WEEDED AS IF SOME PERSON EITHER OUT OF LOVE OR CURIOSITY HAD BEEN ANXIOUS TO BRING THEM TO SUCH PERFECTION AS THEY WERE CAPABLE OF ATTAINING,gt,na,2086,16000,16.01,test,na
2086-149220-0002_formant_awgn-snr5,data/attacks/awgn-snr5/2086-149220-0002_formant.wav,fake,attack,none,awgn-snr5,snr5,THERE WERE ALSO A FEW SPECIES OF ANTIQUE AND HEREDITARY FLOWERS IN NO VERY FLOURISHING CONDITION BUT SCRUPULOUSLY WEEDED AS IF SOME PERSON EITHER OUT OF LOVE OR CURIOSITY HAD BEEN ANXIOUS TO BRING THEM TO SUCH PERFECTION AS THEY WERE CAPABLE OF ATTAINING,gt,na,2086,16000,16.01,test,na
2086-149220-0002_formant_awgn-snr10,data/attacks/awgn-snr10/2086-149220-0002_formant.wav,fake,attack,none,awgn-snr10,snr10,THERE WERE ALSO A FEW SPECIES OF ANTIQUE AND HEREDITARY FLOWERS IN NO VERY FLOURISHING CONDITION BUT SCRUPULOUSLY WEEDED AS IF SOME PERSON EITHER OUT OF LOVE OR CURIOSITY HAD BEEN ANXIOUS TO BRING THEM TO SUCH PERFECTION AS THEY WERE CAPABLE OF ATTAINING,gt,na,2086,16000,16.01,test,na
2086-149220-0002_formant_awgn-snr20,data/attacks/awgn-snr20/2086-149220-0002_formant.wav,fake,attack,none,awgn-snr20,snr20,THERE WERE ALSO A FEW SPECIES OF ANTIQUE AND HEREDITARY FLOWERS IN NO VERY FLOURISHING CONDITION BUT SCRUPULOUSLY WEEDED AS IF SOME PERSON EITHER OUT OF LOVE OR CURIOSITY HAD BEEN ANXIOUS TO BRING THEM TO SUCH PERFECTION AS THEY WERE CAPABLE OF ATTAINING,gt,na,2086,16000,16.01,test,na
2086-149220-0002_formant_bandpass-300-3400,data/attacks/bandpass-300-3400/2086-149220-0002_formant.wav,fake,attack,none,bandpass-300-3400,bandpass300-3400,THERE WERE ALSO A FEW SPECIES OF ANTIQUE AND HEREDITARY FLOWERS IN NO VERY FLOURISHING CONDITION BUT SCRUPULOUSLY WEEDED AS IF SOME PERSON EITHER OUT OF LOVE OR CURIOSITY HAD BEEN ANXIOUS TO BRING THEM TO SUCH PERFECTION AS THEY WERE CAPABLE OF ATTAINING,gt,na,2086,16000,16.01,test,na
2086-149220-0002_formant_reverb-rt60-0.2,data/attacks/reverb-rt60-0.2/2086-149220-0002_formant.wav,fake,attack,none,reverb-rt60-0.2,rt60-0.2,THERE WERE ALSO A FEW SPECIES OF ANTIQUE AND HEREDITARY FLOWERS IN NO VERY FLOURISHING CONDITION BUT SCRUPULOUSLY WEEDED AS IF SOME PERSON EITHER OUT OF LOVE OR CURIOSITY HAD BEEN ANXIOUS TO BRING THEM TO SUCH PERFECTION AS THEY WERE CAPABLE OF ATTAINING,gt,na,2086,16000,16.01,test,na
2086-149220-0002_formant_reverb-rt60-0.4,data/attacks/reverb-rt60-0.4/2086-149220-0002_formant.wav,fake,attack,none,reverb-rt60-0.4,rt60-0.4,THERE WERE ALSO A FEW SPECIES OF ANTIQUE AND HEREDITARY FLOWERS IN NO VERY FLOURISHING CONDITION BUT SCRUPULOUSLY WEEDED AS IF SOME PERSON EITHER OUT OF LOVE OR CURIOSITY HAD BEEN ANXIOUS TO BRING THEM TO SUCH PERFECTION AS THEY WERE CAPABLE OF ATTAINING,gt,na,2086,16000,16.01,test,na
2086-149220-0002_formant_reverb-rt60-0.8,data/attacks/reverb-rt60-0.8/2086-149220-0002_formant.wav,fake,attack,none,reverb-rt60-0.8,rt60-0.8,THERE WERE ALSO A FEW SPECIES OF ANTIQUE AND HEREDITARY FLOWERS IN NO VERY FLOURISHING CONDITION BUT SCRUPULOUSLY WEEDED AS IF SOME PERSON EITHER OUT OF LOVE OR CURIOSITY HAD BEEN ANXIOUS TO BRING THEM TO SUCH PERFECTION AS THEY WERE CAPABLE OF ATTAINING,gt,na,2086,16000,16.01,test,na
2086-149220-0002_formant_speed0.9,data/attacks/speed0.9/2086-149220-0002_formant.wav,fake,attack,none,speed0.9,speed0.9,THERE WERE ALSO A FEW SPECIES OF ANTIQUE AND HEREDITARY FLOWERS IN NO VERY FLOURISHING CONDITION BUT SCRUPULOUSLY WEEDED AS IF SOME PERSON EITHER OUT OF LOVE OR CURIOSITY HAD BEEN ANXIOUS TO BRING THEM TO SUCH PERFECTION AS THEY WERE CAPABLE OF ATTAINING,gt,na,2086,16000,17.789,test,na
2086-149220-0002_formant_speed1.1,data/attacks/speed1.1/2086-149220-0002_formant.wav,fake,attack,none,speed1.1,speed1.1,THERE WERE ALSO A FEW SPECIES OF ANTIQUE AND HEREDITARY FLOWERS IN NO VERY FLOURISHING CONDITION BUT SCRUPULOUSLY WEEDED AS IF SOME PERSON EITHER OUT OF LOVE OR CURIOSITY HAD BEEN ANXIOUS TO BRING THEM TO SUCH PERFECTION AS THEY WERE CAPABLE OF ATTAINING,gt,na,2086,16000,14.555,test,na
2086-149220-0002_melvoc_mp3-128k,data/attacks/mp3-128k/2086-149220-0002_melvoc.wav,fake,attack,none,mp3-128k,mp3-128k,THERE WERE ALSO A FEW SPECIES OF ANTIQUE AND HEREDITARY FLOWERS IN NO VERY FLOURISHING CONDITION BUT SCRUPULOUSLY WEEDED AS IF SOME PERSON EITHER OUT OF LOVE OR CURIOSITY HAD BEEN ANXIOUS TO BRING THEM TO SUCH PERFECTION AS THEY WERE CAPABLE OF ATTAINING,gt,na,2086,16000,16.008,test,na
2086-149220-0002_melvoc_mp3-64k,data/attacks/mp3-64k/2086-149220-0002_melvoc.wav,fake,attack,none,mp3-64k,mp3-64k,THERE WERE ALSO A FEW SPECIES OF ANTIQUE AND HEREDITARY FLOWERS IN NO VERY FLOURISHING CONDITION BUT SCRUPULOUSLY WEEDED AS IF SOME PERSON EITHER OUT OF LOVE OR CURIOSITY HAD BEEN ANXIOUS TO BRING THEM TO SUCH PERFECTION AS THEY WERE CAPABLE OF ATTAINING,gt,na,2086,16000,16.008,test,na
2086-149220-0002_melvoc_opus-32k,data/attacks/opus-32k/2086-149220-0002_melvoc.wav,fake,attack,none,opus-32k,opus-32k,THERE WERE ALSO A FEW SPECIES OF ANTIQUE AND HEREDITARY FLOWERS IN NO VERY FLOURISHING CONDITION BUT SCRUPULOUSLY WEEDED AS IF SOME PERSON EITHER OUT OF LOVE OR CURIOSITY HAD BEEN ANXIOUS TO BRING THEM TO SUCH PERFECTION AS THEY WERE CAPABLE OF ATTAINING,gt,na,2086,16000,16.008,test,na
2086-149220-0002_melvoc_g711-8k,data/attacks/g711-8k/2086-149220-0002_melvoc.wav,fake,attack,none,g711-8k,g711-8k,THERE WERE ALSO A FEW SPECIES OF ANTIQUE AND HEREDITARY FLOWERS IN NO VERY FLOURISHING CONDITION BUT SCRUPULOUSLY WEEDED AS IF SOME PERSON EITHER OUT OF LOVE OR CURIOSITY HAD BEEN ANXIOUS TO BRING THEM TO SUCH PERFECTION AS THEY WERE CAPABLE OF ATTAINING,gt,na,2086,16000,16.008,test,na
2086-149220-0002_melvoc_resample-8k,data/attacks/resample-8k/2086-149220-0002_melvoc.wav,fake,attack,none,resample-8k,8k-roundtrip,THERE WERE ALSO A FEW SPECIES OF ANTIQUE AND HEREDITARY FLOWERS IN NO VERY FLOURISHING CONDITION BUT SCRUPULOUSLY WEEDED AS IF SOME PERSON EITHER OUT OF LOVE OR CURIOSITY HAD BEEN ANXIOUS TO BRING THEM TO SUCH PERFECTION AS THEY WERE CAPABLE OF ATTAINING,gt,na,2086,16000,16.008,test,na
2086-149220-0002_melvoc_awgn-snr5,data/attacks/awgn-snr5/2086-149220-0002_melvoc.wav,fake,attack,none,awgn-snr5,snr5,THERE WERE ALSO A FEW SPECIES OF ANTIQUE AND HEREDITARY FLOWERS IN NO VERY FLOURISHING CONDITION BUT SCRUPULOUSLY WEEDED AS IF SOME PERSON EITHER OUT OF LOVE OR CURIOSITY HAD BEEN ANXIOUS TO BRING THEM TO SUCH PERFECTION AS THEY WERE CAPABLE OF ATTAINING,gt,na,2086,16000,16.008,test,na
2086-149220-0002_melvoc_awgn-snr10,data/attacks/awgn-snr10/2086-149220-0002_melvoc.wav,fake,attack,none,awgn-snr10,snr10,THERE WERE ALSO A FEW SPECIES OF ANTIQUE AND HEREDITARY FLOWERS IN NO VERY FLOURISHING CONDITION BUT SCRUPULOUSLY WEEDED AS IF SOME PERSON EITHER OUT OF LOVE OR CURIOSITY HAD BEEN ANXIOUS TO BRING THEM TO SUCH PERFECTION AS THEY WERE CAPABLE OF ATTAINING,gt,na,2086,16000,16.008,test,na
2086-149220-0002_melvoc_awgn-snr20,data/attacks/awgn-snr20/2086-149220-0002_melvoc.wav,fake,attack,none,awgn-snr20,snr20,THERE WERE ALSO A FEW SPECIES OF ANTIQUE AND HEREDITARY FLOWERS IN NO VERY FLOURISHING CONDITION BUT SCRUPULOUSLY WEEDED AS IF SOME PERSON EITHER OUT OF LOVE OR CURIOSITY HAD BEEN ANXIOUS TO BRING THEM TO SUCH PERFECTION AS THEY WERE CAPABLE OF ATTAINING,gt,na,2086,16000,16.008,test,na
2086-149220-0002_melvoc_bandpass-300-3400,data/attacks/bandpass-300-3400/2086-149220-0002_melvoc.wav,fake,attack,none,bandpass-300-3400,bandpass300-3400,THERE WERE ALSO A FEW SPECIES OF ANTIQUE AND HEREDITARY FLOWERS IN NO VERY FLOURISHING CONDITION BUT SCRUPULOUSLY WEEDED AS IF SOME PERSON EITHER OUT OF LOVE OR CURIOSITY HAD BEEN ANXIOUS TO BRING THEM TO SUCH PERFECTION AS THEY WERE CAPABLE OF ATTAINING,gt,na,2086,16000,16.008,test,na
2086-149220-0002_melvoc_reverb-rt60-0.2,data/attacks/reverb-rt60-0.2/2086-149220-0002_melvoc.wav,fake,attack,none,reverb-rt60-0.2,rt60-0.2,THERE WERE ALSO A FEW SPECIES OF ANTIQUE AND HEREDITARY FLOWERS IN NO VERY FLOURISHING CONDITION BUT SCRUPULOUSLY WEEDED AS IF SOME PERSON EITHER OUT OF LOVE OR CURIOSITY HAD BEEN ANXIOUS TO BRING THEM TO SUCH PERFECTION AS THEY WERE CAPABLE OF ATTAINING,gt,na,2086,16000,16.008,test,na
2086-149220-0002_melvoc_reverb-rt60-0.4,data/attacks/reverb-rt60-0.4/2086-149220-0002_melvoc.wav,fake,attack,none,reverb-rt60-0.4,rt60-0.4,THERE WERE ALSO A FEW SPECIES OF ANTIQUE AND HEREDITARY FLOWERS IN NO VERY FLOURISHING CONDITION BUT SCRUPULOUSLY WEEDED AS IF SOME PERSON EITHER OUT OF LOVE OR CURIOSITY HAD BEEN ANXIOUS TO BRING THEM TO SUCH PERFECTION AS THEY WERE CAPABLE OF ATTAINING,gt,na,2086,16000,16.008,test,na
2086-149220-0002_melvoc_reverb-rt60-0.8,data/attacks/reverb-rt60-0.8/2086-149220-0002_melvoc.wav,fake,attack,none,reverb-rt60-0.8,rt60-0.8,THERE WERE ALSO A FEW SPECIES OF ANTIQUE AND HEREDITARY FLOWERS IN NO VERY FLOURISHING CONDITION BUT SCRUPULOUSLY WEEDED AS IF SOME PERSON EITHER OUT OF LOVE OR CURIOSITY HAD BEEN ANXIOUS TO BRING THEM TO SUCH PERFECTION AS THEY WERE CAPABLE OF ATTAINING,gt,na,2086,16000,16.008,test,na
2086-149220-0002_melvoc_speed0.9,data/attacks/speed0.9/2086-149220-0002_melvoc.wav,fake,attack,none,speed0.9,speed0.9,THERE WERE ALSO A FEW SPECIES OF ANTIQUE AND HEREDITARY FLOWERS IN NO VERY FLOURISHING CONDITION BUT SCRUPULOUSLY WEEDED AS IF SOME PERSON EITHER OUT OF LOVE OR CURIOSITY HAD BEEN ANXIOUS TO BRING THEM TO SUCH PERFECTION AS THEY WERE CAPABLE OF ATTAINING,gt,na,2086,16000,17.787,test,na
2086-149220-0002_melvoc_speed1.1,data/attacks/speed1.1/2086-149220-0002_melvoc.wav,fake,attack,none,speed1.1,speed1.1,THERE WERE ALSO A FEW SPECIES OF ANTIQUE AND HEREDITARY FLOWERS IN NO VERY FLOURISHING CONDITION BUT SCRUPULOUSLY WEEDED AS IF SOME PERSON EITHER OUT OF LOVE OR CURIOSITY HAD BEEN ANXIOUS TO BRING THEM TO SUCH PERFECTION AS THEY WERE CAPABLE OF ATTAINING,gt,na,2086,16000,14.553,test,na
2086-149220-0002_pitch_mp3-128k,data/attacks/mp3-128k/2086-149220-0002_pitch.wav,fake,attack,none,mp3-128k,mp3-128k,THERE WERE ALSO A FEW SPECIES OF ANTIQUE AND HEREDITARY FLOWERS IN NO VERY FLOURISHING CONDITION BUT SCRUPULOUSLY WEEDED AS IF SOME PERSON EITHER OUT OF LOVE OR CURIOSITY HAD BEEN ANXIOUS TO BRING THEM TO SUCH PERFECTION AS THEY WERE CAPABLE OF ATTAINING,gt,na,2086,16000,16.01,test,na
2086-149220-0002_pitch_mp3-64k,data/attacks/mp3-64k/2086-149220-0002_pitch.wav,fake,attack,none,mp3-64k,mp3-64k,THERE WERE ALSO A FEW SPECIES OF ANTIQUE AND HEREDITARY FLOWERS IN NO VERY FLOURISHING CONDITION BUT SCRUPULOUSLY WEEDED AS IF SOME PERSON EITHER OUT OF LOVE OR CURIOSITY HAD BEEN ANXIOUS TO BRING THEM TO SUCH PERFECTION AS THEY WERE CAPABLE OF ATTAINING,gt,na,2086,16000,16.01,test,na
2086-149220-0002_pitch_opus-32k,data/attacks/opus-32k/2086-149220-0002_pitch.wav,fake,attack,none,opus-32k,opus-32k,THERE WERE ALSO A FEW SPECIES OF ANTIQUE AND HEREDITARY FLOWERS IN NO VERY FLOURISHING CONDITION BUT SCRUPULOUSLY WEEDED AS IF SOME PERSON EITHER OUT OF LOVE OR CURIOSITY HAD BEEN ANXIOUS TO BRING THEM TO SUCH PERFECTION AS THEY WERE CAPABLE OF ATTAINING,gt,na,2086,16000,16.01,test,na
2086-149220-0002_pitch_g711-8k,data/attacks/g711-8k/2086-149220-0002_pitch.wav,fake,attack,none,g711-8k,g711-8k,THERE WERE ALSO A FEW SPECIES OF ANTIQUE AND HEREDITARY FLOWERS IN NO VERY FLOURISHING CONDITION BUT SCRUPULOUSLY WEEDED AS IF SOME PERSON EITHER OUT OF LOVE OR CURIOSITY HAD BEEN ANXIOUS TO BRING THEM TO SUCH PERFECTION AS THEY WERE CAPABLE OF ATTAINING,gt,na,2086,16000,16.01,test,na
2086-149220-0002_pitch_resample-8k,data/attacks/resample-8k/2086-149220-0002_pitch.wav,fake,attack,none,resample-8k,8k-roundtrip,THERE WERE ALSO A FEW SPECIES OF ANTIQUE AND HEREDITARY FLOWERS IN NO VERY FLOURISHING CONDITION BUT SCRUPULOUSLY WEEDED AS IF SOME PERSON EITHER OUT OF LOVE OR CURIOSITY HAD BEEN ANXIOUS TO BRING THEM TO SUCH PERFECTION AS THEY WERE CAPABLE OF ATTAINING,gt,na,2086,16000,16.01,test,na
2086-149220-0002_pitch_awgn-snr5,data/attacks/awgn-snr5/2086-149220-0002_pitch.wav,fake,attack,none,awgn-snr5,snr5,THERE WERE ALSO A FEW SPECIES OF ANTIQUE AND HEREDITARY FLOWERS IN NO VERY FLOURISHING CONDITION BUT SCRUPULOUSLY WEEDED AS IF SOME PERSON EITHER OUT OF LOVE OR CURIOSITY HAD BEEN ANXIOUS TO BRING THEM TO SUCH PERFECTION AS THEY WERE CAPABLE OF ATTAINING,gt,na,2086,16000,16.01,test,na
2086-149220-0002_pitch_awgn-snr10,data/attacks/awgn-snr10/2086-149220-0002_pitch.wav,fake,attack,none,awgn-snr10,snr10,THERE WERE ALSO A FEW SPECIES OF ANTIQUE AND HEREDITARY FLOWERS IN NO VERY FLOURISHING CONDITION BUT SCRUPULOUSLY WEEDED AS IF SOME PERSON EITHER OUT OF LOVE OR CURIOSITY HAD BEEN ANXIOUS TO BRING THEM TO SUCH PERFECTION AS THEY WERE CAPABLE OF ATTAINING,gt,na,2086,16000,16.01,test,na
2086-149220-0002_pitch_awgn-snr20,data/attacks/awgn-snr20/2086-149220-0002_pitch.wav,fake,attack,none,awgn-snr20,snr20,THERE WERE ALSO A FEW SPECIES OF ANTIQUE AND HEREDITARY FLOWERS IN NO VERY FLOURISHING CONDITION BUT SCRUPULOUSLY WEEDED AS IF SOME PERSON EITHER OUT OF LOVE OR CURIOSITY HAD BEEN ANXIOUS TO BRING THEM TO SUCH PERFECTION AS THEY WERE CAPABLE OF ATTAINING,gt,na,2086,16000,16.01,test,na
2086-149220-0002_pitch_bandpass-300-3400,data/attacks/bandpass-300-3400/2086-149220-0002_pitch.wav,fake,attack,none,bandpass-300-3400,bandpass300-3400,THERE WERE ALSO A FEW SPECIES OF ANTIQUE AND HEREDITARY FLOWERS IN NO VERY FLOURISHING CONDITION BUT SCRUPULOUSLY WEEDED AS IF SOME PERSON EITHER OUT OF LOVE OR CURIOSITY HAD BEEN ANXIOUS TO BRING THEM TO SUCH PERFECTION AS THEY WERE CAPABLE OF ATTAINING,gt,na,2086,16000,16.01,test,na
2086-149220-0002_pitch_reverb-rt60-0.2,data/attacks/reverb-rt60-0.2/2086-149220-0002_pitch.wav,fake,attack,none,reverb-rt60-0.2,rt60-0.2,THERE WERE ALSO A FEW SPECIES OF ANTIQUE AND HEREDITARY FLOWERS IN NO VERY FLOURISHING CONDITION BUT SCRUPULOUSLY WEEDED AS IF SOME PERSON EITHER OUT OF LOVE OR CURIOSITY HAD BEEN ANXIOUS TO BRING THEM TO SUCH PERFECTION AS THEY WERE CAPABLE OF ATTAINING,gt,na,2086,16000,16.01,test,na
2086-149220-0002_pitch_reverb-rt60-0.4,data/attacks/reverb-rt60-0.4/2086-149220-0002_pitch.wav,fake,attack,none,reverb-rt60-0.4,rt60-0.4,THERE WERE ALSO A FEW SPECIES OF ANTIQUE AND HEREDITARY FLOWERS IN NO VERY FLOURISHING CONDITION BUT SCRUPULOUSLY WEEDED AS IF SOME PERSON EITHER OUT OF LOVE OR CURIOSITY HAD BEEN ANXIOUS TO BRING THEM TO SUCH PERFECTION AS THEY WERE CAPABLE OF ATTAINING,gt,na,2086,16000,16.01,test,na
2086-149220-0002_pitch_reverb-rt60-0.8,data/attacks/reverb-rt60-0.8/2086-149220-0002_pitch.wav,fake,attack,none,reverb-rt60-0.8,rt60-0.8,THERE WERE ALSO A FEW SPECIES OF ANTIQUE AND HEREDITARY FLOWERS IN NO VERY FLOURISHING CONDITION BUT SCRUPULOUSLY WEEDED AS IF SOME PERSON EITHER OUT OF LOVE OR CURIOSITY HAD BEEN ANXIOUS TO BRING THEM TO SUCH PERFECTION AS THEY WERE CAPABLE OF ATTAINING,gt,na,2086,16000,16.01,test,na
2086-149220-0002_pitch_speed0.9,data/attacks/speed0.9/2086-149220-0002_pitch.wav,fake,attack,none,speed0.9,speed0.9,THERE WERE ALSO A FEW SPECIES OF ANTIQUE AND HEREDITARY FLOWERS IN NO VERY FLOURISHING CONDITION BUT SCRUPULOUSLY WEEDED AS IF SOME PERSON EITHER OUT OF LOVE OR CURIOSITY HAD BEEN ANXIOUS TO BRING THEM TO SUCH PERFECTION AS THEY WERE CAPABLE OF ATTAINING,gt,na,2086,16000,17.789,test,na
2086-149220-0002_pitch_speed1.1,data/attacks/speed1.1/2086-149220-0002_pitch.wav,fake,attack,none,speed1.1,speed1.1,THERE WERE ALSO A FEW SPECIES OF ANTIQUE AND HEREDITARY FLOWERS IN NO VERY FLOURISHING CONDITION BUT SCRUPULOUSLY WEEDED AS IF SOME PERSON EITHER OUT OF LOVE OR CURIOSITY HAD BEEN ANXIOUS TO BRING THEM TO SUCH PERFECTION AS THEY WERE CAPABLE OF ATTAINING,gt,na,2086,16000,14.555,test,na
2086-149220-0003_formant_mp3-128k,data/attacks/mp3-128k/2086-149220-0003_formant.wav,fake,attack,none,mp3-128k,mp3-128k,SUMMER SQUASHES ALMOST IN THEIR GOLDEN BLOSSOM CUCUMBERS NOW EVINCING A TENDENCY TO SPREAD AWAY FROM THE MAIN STOCK AND RAMBLE FAR AND WIDE TWO OR THREE ROWS OF STRING BEANS AND AS MANY MORE THAT WERE ABOUT TO FESTOON THEMSELVES ON POLES TOMATOES OCCUPYING A SITE SO SHELTERED AND SUNNY THAT THE PLANTS WERE ALREADY GIGANTIC AND PROMISED AN EARLY AND ABUNDANT HARVEST,gt,na,2086,16000,22.81,test,na
2086-149220-0003_formant_mp3-64k,data/attacks/mp3-64k/2086-149220-0003_formant.wav,fake,attack,none,mp3-64k,mp3-64k,SUMMER SQUASHES ALMOST IN THEIR GOLDEN BLOSSOM CUCUMBERS NOW EVINCING A TENDENCY TO SPREAD AWAY FROM THE MAIN STOCK AND RAMBLE FAR AND WIDE TWO OR THREE ROWS OF STRING BEANS AND AS MANY MORE THAT WERE ABOUT TO FESTOON THEMSELVES ON POLES TOMATOES OCCUPYING A SITE SO SHELTERED AND SUNNY THAT THE PLANTS WERE ALREADY GIGANTIC AND PROMISED AN EARLY AND ABUNDANT HARVEST,gt,na,2086,16000,22.81,test,na
2086-149220-0003_formant_opus-32k,data/attacks/opus-32k/2086-149220-0003_formant.wav,fake,attack,none,opus-32k,opus-32k,SUMMER SQUASHES ALMOST IN THEIR GOLDEN BLOSSOM CUCUMBERS NOW EVINCING A TENDENCY TO SPREAD AWAY FROM THE MAIN STOCK AND RAMBLE FAR AND WIDE TWO OR THREE ROWS OF STRING BEANS AND AS MANY MORE THAT WERE ABOUT TO FESTOON THEMSELVES ON POLES TOMATOES OCCUPYING A SITE SO SHELTERED AND SUNNY THAT THE PLANTS WERE ALREADY GIGANTIC AND PROMISED AN EARLY AND ABUNDANT HARVEST,gt,na,2086,16000,22.81,test,na
2086-149220-0003_formant_g711-8k,data/attacks/g711-8k/2086-149220-0003_formant.wav,fake,attack,none,g711-8k,g711-8k,SUMMER SQUASHES ALMOST IN THEIR GOLDEN BLOSSOM CUCUMBERS NOW EVINCING A TENDENCY TO SPREAD AWAY FROM THE MAIN STOCK AND RAMBLE FAR AND WIDE TWO OR THREE ROWS OF STRING BEANS AND AS MANY MORE THAT WERE ABOUT TO FESTOON THEMSELVES ON POLES TOMATOES OCCUPYING A SITE SO SHELTERED AND SUNNY THAT THE PLANTS WERE ALREADY GIGANTIC AND PROMISED AN EARLY AND ABUNDANT HARVEST,gt,na,2086,16000,22.81,test,na
2086-149220-0003_formant_resample-8k,data/attacks/resample-8k/2086-149220-0003_formant.wav,fake,attack,none,resample-8k,8k-roundtrip,SUMMER SQUASHES ALMOST IN THEIR GOLDEN BLOSSOM CUCUMBERS NOW EVINCING A TENDENCY TO SPREAD AWAY FROM THE MAIN STOCK AND RAMBLE FAR AND WIDE TWO OR THREE ROWS OF STRING BEANS AND AS MANY MORE THAT WERE ABOUT TO FESTOON THEMSELVES ON POLES TOMATOES OCCUPYING A SITE SO SHELTERED AND SUNNY THAT THE PLANTS WERE ALREADY GIGANTIC AND PROMISED AN EARLY AND ABUNDANT HARVEST,gt,na,2086,16000,22.81,test,na
2086-149220-0003_formant_awgn-snr5,data/attacks/awgn-snr5/2086-149220-0003_formant.wav,fake,attack,none,awgn-snr5,snr5,SUMMER SQUASHES ALMOST IN THEIR GOLDEN BLOSSOM CUCUMBERS NOW EVINCING A TENDENCY TO SPREAD AWAY FROM THE MAIN STOCK AND RAMBLE FAR AND WIDE TWO OR THREE ROWS OF STRING BEANS AND AS MANY MORE THAT WERE ABOUT TO FESTOON THEMSELVES ON POLES TOMATOES OCCUPYING A SITE SO SHELTERED AND SUNNY THAT THE PLANTS WERE ALREADY GIGANTIC AND PROMISED AN EARLY AND ABUNDANT HARVEST,gt,na,2086,16000,22.81,test,na
2086-149220-0003_formant_awgn-snr10,data/attacks/awgn-snr10/2086-149220-0003_formant.wav,fake,attack,none,awgn-snr10,snr10,SUMMER SQUASHES ALMOST IN THEIR GOLDEN BLOSSOM CUCUMBERS NOW EVINCING A TENDENCY TO SPREAD AWAY FROM THE MAIN STOCK AND RAMBLE FAR AND WIDE TWO OR THREE ROWS OF STRING BEANS AND AS MANY MORE THAT WERE ABOUT TO FESTOON THEMSELVES ON POLES TOMATOES OCCUPYING A SITE SO SHELTERED AND SUNNY THAT THE PLANTS WERE ALREADY GIGANTIC AND PROMISED AN EARLY AND ABUNDANT HARVEST,gt,na,2086,16000,22.81,test,na
2086-149220-0003_formant_awgn-snr20,data/attacks/awgn-snr20/2086-149220-0003_formant.wav,fake,attack,none,awgn-snr20,snr20,SUMMER SQUASHES ALMOST IN THEIR GOLDEN BLOSSOM CUCUMBERS NOW EVINCING A TENDENCY TO SPREAD AWAY FROM THE MAIN STOCK AND RAMBLE FAR AND WIDE TWO OR THREE ROWS OF STRING BEANS AND AS MANY MORE THAT WERE ABOUT TO FESTOON THEMSELVES ON POLES TOMATOES OCCUPYING A SITE SO SHELTERED AND SUNNY THAT THE PLANTS WERE ALREADY GIGANTIC AND PROMISED AN EARLY AND ABUNDANT HARVEST,gt,na,2086,16000,22.81,test,na
2086-149220-0003_formant_bandpass-300-3400,data/attacks/bandpass-300-3400/2086-149220-0003_formant.wav,fake,attack,none,bandpass-300-3400,bandpass300-3400,SUMMER SQUASHES ALMOST IN THEIR GOLDEN BLOSSOM CUCUMBERS NOW EVINCING A TENDENCY TO SPREAD AWAY FROM THE MAIN STOCK AND RAMBLE FAR AND WIDE TWO OR THREE ROWS OF STRING BEANS AND AS MANY MORE THAT WERE ABOUT TO FESTOON THEMSELVES ON POLES TOMATOES OCCUPYING A SITE SO SHELTERED AND SUNNY THAT THE PLANTS WERE ALREADY GIGANTIC AND PROMISED AN EARLY AND ABUNDANT HARVEST,gt,na,2086,16000,22.81,test,na
2086-149220-0003_formant_reverb-rt60-0.2,data/attacks/reverb-rt60-0.2/2086-149220-0003_formant.wav,fake,attack,none,reverb-rt60-0.2,rt60-0.2,SUMMER SQUASHES ALMOST IN THEIR GOLDEN BLOSSOM CUCUMBERS NOW EVINCING A TENDENCY TO SPREAD AWAY FROM THE MAIN STOCK AND RAMBLE FAR AND WIDE TWO OR THREE ROWS OF STRING BEANS AND AS MANY MORE THAT WERE ABOUT TO FESTOON THEMSELVES ON POLES TOMATOES OCCUPYING A SITE SO SHELTERED AND SUNNY THAT THE PLANTS WERE ALREADY GIGANTIC AND PROMISED AN EARLY AND ABUNDANT HARVEST,gt,na,2086,16000,22.81,test,na
2086-149220-0003_formant_reverb-rt60-0.4,data/attacks/reverb-rt60-0.4/2086-149220-0003_formant.wav,fake,attack,none,reverb-rt60-0.4,rt60-0.4,SUMMER SQUASHES ALMOST IN THEIR GOLDEN BLOSSOM CUCUMBERS NOW EVINCING A TENDENCY TO SPREAD AWAY FROM THE MAIN STOCK AND RAMBLE FAR AND WIDE TWO OR THREE ROWS OF STRING BEANS AND AS MANY MORE THAT WERE ABOUT TO FESTOON THEMSELVES ON POLES TOMATOES OCCUPYING A SITE SO SHELTERED AND SUNNY THAT THE PLANTS WERE ALREADY GIGANTIC AND PROMISED AN EARLY AND ABUNDANT HARVEST,gt,na,2086,16000,22.81,test,na
2086-149220-0003_formant_reverb-rt60-0.8,data/attacks/reverb-rt60-0.8/2086-149220-0003_formant.wav,fake,attack,none,reverb-rt60-0.8,rt60-0.8,SUMMER SQUASHES ALMOST IN THEIR GOLDEN BLOSSOM CUCUMBERS NOW EVINCING A TENDENCY TO SPREAD AWAY FROM THE MAIN STOCK AND RAMBLE FAR AND WIDE TWO OR THREE ROWS OF STRING BEANS AND AS MANY MORE THAT WERE ABOUT TO FESTOON THEMSELVES ON POLES TOMATOES OCCUPYING A SITE SO SHELTERED AND SUNNY THAT THE PLANTS WERE ALREADY GIGANTIC AND PROMISED AN EARLY AND ABUNDANT HARVEST,gt,na,2086,16000,22.81,test,na
2086-149220-0003_formant_speed0.9,data/attacks/speed0.9/2086-149220-0003_formant.wav,fake,attack,none,speed0.9,speed0.9,SUMMER SQUASHES ALMOST IN THEIR GOLDEN BLOSSOM CUCUMBERS NOW EVINCING A TENDENCY TO SPREAD AWAY FROM THE MAIN STOCK AND RAMBLE FAR AND WIDE TWO OR THREE ROWS OF STRING BEANS AND AS MANY MORE THAT WERE ABOUT TO FESTOON THEMSELVES ON POLES TOMATOES OCCUPYING A SITE SO SHELTERED AND SUNNY THAT THE PLANTS WERE ALREADY GIGANTIC AND PROMISED AN EARLY AND ABUNDANT HARVEST,gt,na,2086,16000,25.344,test,na
2086-149220-0003_formant_speed1.1,data/attacks/speed1.1/2086-149220-0003_formant.wav,fake,attack,none,speed1.1,speed1.1,SUMMER SQUASHES ALMOST IN THEIR GOLDEN BLOSSOM CUCUMBERS NOW EVINCING A TENDENCY TO SPREAD AWAY FROM THE MAIN STOCK AND RAMBLE FAR AND WIDE TWO OR THREE ROWS OF STRING BEANS AND AS MANY MORE THAT WERE ABOUT TO FESTOON THEMSELVES ON POLES TOMATOES OCCUPYING A SITE SO SHELTERED AND SUNNY THAT THE PLANTS WERE ALREADY GIGANTIC AND PROMISED AN EARLY AND ABUNDANT HARVEST,gt,na,2086,16000,20.736,test,na
2428-83699-0000_formant_mp3-128k,data/attacks/mp3-128k/2428-83699-0000_formant.wav,fake,attack,none,mp3-128k,mp3-128k,I IMAGINE THERE WERE SEVERAL KINDS OF OLD FASHIONED CHRISTMASES BUT IT COULD HARDLY BE WORSE THAN A CHOP IN MY CHAMBERS OR HORROR OF HORRORS AT THE CLUB OR MY COUSIN LUCY'S NOTION OF WHAT SHE CALLS THE FESTIVE SEASON,gt,na,2428,16000,13.305,test,na
2428-83699-0000_formant_mp3-64k,data/attacks/mp3-64k/2428-83699-0000_formant.wav,fake,attack,none,mp3-64k,mp3-64k,I IMAGINE THERE WERE SEVERAL KINDS OF OLD FASHIONED CHRISTMASES BUT IT COULD HARDLY BE WORSE THAN A CHOP IN MY CHAMBERS OR HORROR OF HORRORS AT THE CLUB OR MY COUSIN LUCY'S NOTION OF WHAT SHE CALLS THE FESTIVE SEASON,gt,na,2428,16000,13.305,test,na
2428-83699-0000_formant_opus-32k,data/attacks/opus-32k/2428-83699-0000_formant.wav,fake,attack,none,opus-32k,opus-32k,I IMAGINE THERE WERE SEVERAL KINDS OF OLD FASHIONED CHRISTMASES BUT IT COULD HARDLY BE WORSE THAN A CHOP IN MY CHAMBERS OR HORROR OF HORRORS AT THE CLUB OR MY COUSIN LUCY'S NOTION OF WHAT SHE CALLS THE FESTIVE SEASON,gt,na,2428,16000,13.305,test,na
2428-83699-0000_formant_g711-8k,data/attacks/g711-8k/2428-83699-0000_formant.wav,fake,attack,none,g711-8k,g711-8k,I IMAGINE THERE WERE SEVERAL KINDS OF OLD FASHIONED CHRISTMASES BUT IT COULD HARDLY BE WORSE THAN A CHOP IN MY CHAMBERS OR HORROR OF HORRORS AT THE CLUB OR MY COUSIN LUCY'S NOTION OF WHAT SHE CALLS THE FESTIVE SEASON,gt,na,2428,16000,13.305,test,na
2428-83699-0000_formant_resample-8k,data/attacks/resample-8k/2428-83699-0000_formant.wav,fake,attack,none,resample-8k,8k-roundtrip,I IMAGINE THERE WERE SEVERAL KINDS OF OLD FASHIONED CHRISTMASES BUT IT COULD HARDLY BE WORSE THAN A CHOP IN MY CHAMBERS OR HORROR OF HORRORS AT THE CLUB OR MY COUSIN LUCY'S NOTION OF WHAT SHE CALLS THE FESTIVE SEASON,gt,na,2428,16000,13.305,test,na
2428-83699-0000_formant_awgn-snr5,data/attacks/awgn-snr5/2428-83699-0000_formant.wav,fake,attack,none,awgn-snr5,snr5,I IMAGINE THERE WERE SEVERAL KINDS OF OLD FASHIONED CHRISTMASES BUT IT COULD HARDLY BE WORSE THAN A CHOP IN MY CHAMBERS OR HORROR OF HORRORS AT THE CLUB OR MY COUSIN LUCY'S NOTION OF WHAT SHE CALLS THE FESTIVE SEASON,gt,na,2428,16000,13.305,test,na
2428-83699-0000_formant_awgn-snr10,data/attacks/awgn-snr10/2428-83699-0000_formant.wav,fake,attack,none,awgn-snr10,snr10,I IMAGINE THERE WERE SEVERAL KINDS OF OLD FASHIONED CHRISTMASES BUT IT COULD HARDLY BE WORSE THAN A CHOP IN MY CHAMBERS OR HORROR OF HORRORS AT THE CLUB OR MY COUSIN LUCY'S NOTION OF WHAT SHE CALLS THE FESTIVE SEASON,gt,na,2428,16000,13.305,test,na
2428-83699-0000_formant_awgn-snr20,data/attacks/awgn-snr20/2428-83699-0000_formant.wav,fake,attack,none,awgn-snr20,snr20,I IMAGINE THERE WERE SEVERAL KINDS OF OLD FASHIONED CHRISTMASES BUT IT COULD HARDLY BE WORSE THAN A CHOP IN MY CHAMBERS OR HORROR OF HORRORS AT THE CLUB OR MY COUSIN LUCY'S NOTION OF WHAT SHE CALLS THE FESTIVE SEASON,gt,na,2428,16000,13.305,test,na
2428-83699-0000_formant_bandpass-300-3400,data/attacks/bandpass-300-3400/2428-83699-0000_formant.wav,fake,attack,none,bandpass-300-3400,bandpass300-3400,I IMAGINE THERE WERE SEVERAL KINDS OF OLD FASHIONED CHRISTMASES BUT IT COULD HARDLY BE WORSE THAN A CHOP IN MY CHAMBERS OR HORROR OF HORRORS AT THE CLUB OR MY COUSIN LUCY'S NOTION OF WHAT SHE CALLS THE FESTIVE SEASON,gt,na,2428,16000,13.305,test,na
2428-83699-0000_formant_reverb-rt60-0.2,data/attacks/reverb-rt60-0.2/2428-83699-0000_formant.wav,fake,attack,none,reverb-rt60-0.2,rt60-0.2,I IMAGINE THERE WERE SEVERAL KINDS OF OLD FASHIONED CHRISTMASES BUT IT COULD HARDLY BE WORSE THAN A CHOP IN MY CHAMBERS OR HORROR OF HORRORS AT THE CLUB OR MY COUSIN LUCY'S NOTION OF WHAT SHE CALLS THE FESTIVE SEASON,gt,na,2428,16000,13.305,test,na
2428-83699-0000_formant_reverb-rt60-0.4,data/attacks/reverb-rt60-0.4/2428-83699-0000_formant.wav,fake,attack,none,reverb-rt60-0.4,rt60-0.4,I IMAGINE THERE WERE SEVERAL KINDS OF OLD FASHIONED CHRISTMASES BUT IT COULD HARDLY BE WORSE THAN A CHOP IN MY CHAMBERS OR HORROR OF HORRORS AT THE CLUB OR MY COUSIN LUCY'S NOTION OF WHAT SHE CALLS THE FESTIVE SEASON,gt,na,2428,16000,13.305,test,na
2428-83699-0000_formant_reverb-rt60-0.8,data/attacks/reverb-rt60-0.8/2428-83699-0000_formant.wav,fake,attack,none,reverb-rt60-0.8,rt60-0.8,I IMAGINE THERE WERE SEVERAL KINDS OF OLD FASHIONED CHRISTMASES BUT IT COULD HARDLY BE WORSE THAN A CHOP IN MY CHAMBERS OR HORROR OF HORRORS AT THE CLUB OR MY COUSIN LUCY'S NOTION OF WHAT SHE CALLS THE FESTIVE SEASON,gt,na,2428,16000,13.305,test,na
2428-83699-0000_formant_speed0.9,data/attacks/speed0.9/2428-83699-0000_formant.wav,fake,attack,none,speed0.9,speed0.9,I IMAGINE THERE WERE SEVERAL KINDS OF OLD FASHIONED CHRISTMASES BUT IT COULD HARDLY BE WORSE THAN A CHOP IN MY CHAMBERS OR HORROR OF HORRORS AT THE CLUB OR MY COUSIN LUCY'S NOTION OF WHAT SHE CALLS THE FESTIVE SEASON,gt,na,2428,16000,14.783,test,na
2428-83699-0000_formant_speed1.1,data/attacks/speed1.1/2428-83699-0000_formant.wav,fake,attack,none,speed1.1,speed1.1,I IMAGINE THERE WERE SEVERAL KINDS OF OLD FASHIONED CHRISTMASES BUT IT COULD HARDLY BE WORSE THAN A CHOP IN MY CHAMBERS OR HORROR OF HORRORS AT THE CLUB OR MY COUSIN LUCY'S NOTION OF WHAT SHE CALLS THE FESTIVE SEASON,gt,na,2428,16000,12.095,test,na
2428-83699-0000_melvoc_mp3-128k,data/attacks/mp3-128k/2428-83699-0000_melvoc.wav,fake,attack,none,mp3-128k,mp3-128k,I IMAGINE THERE WERE SEVERAL KINDS OF OLD FASHIONED CHRISTMASES BUT IT COULD HARDLY BE WORSE THAN A CHOP IN MY CHAMBERS OR HORROR OF HORRORS AT THE CLUB OR MY COUSIN LUCY'S NOTION OF WHAT SHE CALLS THE FESTIVE SEASON,gt,na,2428,16000,13.304,test,na
2428-83699-0000_melvoc_mp3-64k,data/attacks/mp3-64k/2428-83699-0000_melvoc.wav,fake,attack,none,mp3-64k,mp3-64k,I IMAGINE THERE WERE SEVERAL KINDS OF OLD FASHIONED CHRISTMASES BUT IT COULD HARDLY BE WORSE THAN A CHOP IN MY CHAMBERS OR HORROR OF HORRORS AT THE CLUB OR MY COUSIN LUCY'S NOTION OF WHAT SHE CALLS THE FESTIVE SEASON,gt,na,2428,16000,13.304,test,na
2428-83699-0000_melvoc_opus-32k,data/attacks/opus-32k/2428-83699-0000_melvoc.wav,fake,attack,none,opus-32k,opus-32k,I IMAGINE THERE WERE SEVERAL KINDS OF OLD FASHIONED CHRISTMASES BUT IT COULD HARDLY BE WORSE THAN A CHOP IN MY CHAMBERS OR HORROR OF HORRORS AT THE CLUB OR MY COUSIN LUCY'S NOTION OF WHAT SHE CALLS THE FESTIVE SEASON,gt,na,2428,16000,13.304,test,na
2428-83699-0000_melvoc_g711-8k,data/attacks/g711-8k/2428-83699-0000_melvoc.wav,fake,attack,none,g711-8k,g711-8k,I IMAGINE THERE WERE SEVERAL KINDS OF OLD FASHIONED CHRISTMASES BUT IT COULD HARDLY BE WORSE THAN A CHOP IN MY CHAMBERS OR HORROR OF HORRORS AT THE CLUB OR MY COUSIN LUCY'S NOTION OF WHAT SHE CALLS THE FESTIVE SEASON,gt,na,2428,16000,13.304,test,na
2428-83699-0000_melvoc_resample-8k,data/attacks/resample-8k/2428-83699-0000_melvoc.wav,fake,attack,none,resample-8k,8k-roundtrip,I IMAGINE THERE WERE SEVERAL KINDS OF OLD FASHIONED CHRISTMASES BUT IT COULD HARDLY BE WORSE THAN A CHOP IN MY CHAMBERS OR HORROR OF HORRORS AT THE CLUB OR MY COUSIN LUCY'S NOTION OF WHAT SHE CALLS THE FESTIVE SEASON,gt,na,2428,16000,13.304,test,na
2428-83699-0000_melvoc_awgn-snr5,data/attacks/awgn-snr5/2428-83699-0000_melvoc.wav,fake,attack,none,awgn-snr5,snr5,I IMAGINE THERE WERE SEVERAL KINDS OF OLD FASHIONED CHRISTMASES BUT IT COULD HARDLY BE WORSE THAN A CHOP IN MY CHAMBERS OR HORROR OF HORRORS AT THE CLUB OR MY COUSIN LUCY'S NOTION OF WHAT SHE CALLS THE FESTIVE SEASON,gt,na,2428,16000,13.304,test,na
2428-83699-0000_melvoc_awgn-snr10,data/attacks/awgn-snr10/2428-83699-0000_melvoc.wav,fake,attack,none,awgn-snr10,snr10,I IMAGINE THERE WERE SEVERAL KINDS OF OLD FASHIONED CHRISTMASES BUT IT COULD HARDLY BE WORSE THAN A CHOP IN MY CHAMBERS OR HORROR OF HORRORS AT THE CLUB OR MY COUSIN LUCY'S NOTION OF WHAT SHE CALLS THE FESTIVE SEASON,gt,na,2428,16000,13.304,test,na
2428-83699-0000_melvoc_awgn-snr20,data/attacks/awgn-snr20/2428-83699-0000_melvoc.wav,fake,attack,none,awgn-snr20,snr20,I IMAGINE THERE WERE SEVERAL KINDS OF OLD FASHIONED CHRISTMASES BUT IT COULD HARDLY BE WORSE THAN A CHOP IN MY CHAMBERS OR HORROR OF HORRORS AT THE CLUB OR MY COUSIN LUCY'S NOTION OF WHAT SHE CALLS THE FESTIVE SEASON,gt,na,2428,16000,13.304,test,na
2428-83699-0000_melvoc_bandpass-300-3400,data/attacks/bandpass-300-3400/2428-83699-0000_melvoc.wav,fake,attack,none,bandpass-300-3400,bandpass300-3400,I IMAGINE THERE WERE SEVERAL KINDS OF OLD FASHIONED CHRISTMASES BUT IT COULD HARDLY BE WORSE THAN A CHOP IN MY CHAMBERS OR HORROR OF HORRORS AT THE CLUB OR MY COUSIN LUCY'S NOTION OF WHAT SHE CALLS THE FESTIVE SEASON,gt,na,2428,16000,13.304,test,na
2428-83699-0000_melvoc_reverb-rt60-0.2,data/attacks/reverb-rt60-0.2/2428-83699-0000_melvoc.wav,fake,attack,none,reverb-rt60-0.2,rt60-0.2,I IMAGINE THERE WERE SEVERAL KINDS OF OLD FASHIONED CHRISTMASES BUT IT COULD HARDLY BE WORSE THAN A CHOP IN MY CHAMBERS OR HORROR OF HORRORS AT THE CLUB OR MY COUSIN LUCY'S NOTION OF WHAT SHE CALLS THE FESTIVE SEASON,gt,na,2428,16000,13.304,test,na
2428-83699-0000_melvoc_reverb-rt60-0.4,data/attacks/reverb-rt60-0.4/2428-83699-0000_melvoc.wav,fake,attack,none,reverb-rt60-0.4,rt60-0.4,I IMAGINE THERE WERE SEVERAL KINDS OF OLD FASHIONED CHRISTMASES BUT IT COULD HARDLY BE WORSE THAN A CHOP IN MY CHAMBERS OR HORROR OF HORRORS AT THE CLUB OR MY COUSIN LUCY'S NOTION OF WHAT SHE CALLS THE FESTIVE SEASON,gt,na,2428,16000,13.304,test,na
2428-83699-0000_melvoc_reverb-rt60-0.8,data/attacks/reverb-rt60-0.8/2428-83699-0000_melvoc.wav,fake,attack,none,reverb-rt60-0.8,rt60-0.8,I IMAGINE THERE WERE SEVERAL KINDS OF OLD FASHIONED CHRISTMASES BUT IT COULD HARDLY BE WORSE THAN A CHOP IN MY CHAMBERS OR HORROR OF HORRORS AT THE CLUB OR MY COUSIN LUCY'S NOTION OF WHAT SHE CALLS THE FESTIVE SEASON,gt,na,2428,16000,13.304,test,na
2428-83699-0000_melvoc_speed0.9,data/attacks/speed0.9/2428-83699-0000_melvoc.wav,fake,attack,none,speed0.9,speed0.9,I IMAGINE THERE WERE SEVERAL KINDS OF OLD FASHIONED CHRISTMASES BUT IT COULD HARDLY BE WORSE THAN A CHOP IN MY CHAMBERS OR HORROR OF HORRORS AT THE CLUB OR MY COUSIN LUCY'S NOTION OF WHAT SHE CALLS THE FESTIVE SEASON,gt,na,2428,16000,14.782,test,na
2428-83699-0000_melvoc_speed1.1,data/attacks/speed1.1/2428-83699-0000_melvoc.wav,fake,attack,none,speed1.1,speed1.1,I IMAGINE THERE WERE SEVERAL KINDS OF OLD FASHIONED CHRISTMASES BUT IT COULD HARDLY BE WORSE THAN A CHOP IN MY CHAMBERS OR HORROR OF HORRORS AT THE CLUB OR MY COUSIN LUCY'S NOTION OF WHAT SHE CALLS THE FESTIVE SEASON,gt,na,2428,16000,12.095,test,na
2428-83699-0000_pitch_mp3-128k,data/attacks/mp3-128k/2428-83699-0000_pitch.wav,fake,attack,none,mp3-128k,mp3-128k,I IMAGINE THERE WERE SEVERAL KINDS OF OLD FASHIONED CHRISTMASES BUT IT COULD HARDLY BE WORSE THAN A CHOP IN MY CHAMBERS OR HORROR OF HORRORS AT THE CLUB OR MY COUSIN LUCY'S NOTION OF WHAT SHE CALLS THE FESTIVE SEASON,gt,na,2428,16000,13.305,test,na
2428-83699-0000_pitch_mp3-64k,data/attacks/mp3-64k/2428-83699-0000_pitch.wav,fake,attack,none,mp3-64k,mp3-64k,I IMAGINE THERE WERE SEVERAL KINDS OF OLD FASHIONED CHRISTMASES BUT IT COULD HARDLY BE WORSE THAN A CHOP IN MY CHAMBERS OR HORROR OF HORRORS AT THE CLUB OR MY COUSIN LUCY'S NOTION OF WHAT SHE CALLS THE FESTIVE SEASON,gt,na,2428,16000,13.305,test,na
2428-83699-0000_pitch_opus-32k,data/attacks/opus-32k/2428-83699-0000_pitch.wav,fake,attack,none,opus-32k,opus-32k,I IMAGINE THERE WERE SEVERAL KINDS OF OLD FASHIONED CHRISTMASES BUT IT COULD HARDLY BE WORSE THAN A CHOP IN MY CHAMBERS OR HORROR OF HORRORS AT THE CLUB OR MY COUSIN LUCY'S NOTION OF WHAT SHE CALLS THE FESTIVE SEASON,gt,na,2428,16000,13.305,test,na
2428-83699-0000_pitch_g711-8k,data/attacks/g711-8k/2428-83699-0000_pitch.wav,fake,attack,none,g711-8k,g711-8k,I IMAGINE THERE WERE SEVERAL KINDS OF OLD FASHIONED CHRISTMASES BUT IT COULD HARDLY BE WORSE THAN A CHOP IN MY CHAMBERS OR HORROR OF HORRORS AT THE CLUB OR MY COUSIN LUCY'S NOTION OF WHAT SHE CALLS THE FESTIVE SEASON,gt,na,2428,16000,13.305,test,na
2428-83699-0000_pitch_resample-8k,data/attacks/resample-8k/2428-83699-0000_pitch.wav,fake,attack,none,resample-8k,8k-roundtrip,I IMAGINE THERE WERE SEVERAL KINDS OF OLD FASHIONED CHRISTMASES BUT IT COULD HARDLY BE WORSE THAN A CHOP IN MY CHAMBERS OR HORROR OF HORRORS AT THE CLUB OR MY COUSIN LUCY'S NOTION OF WHAT SHE CALLS THE FESTIVE SEASON,gt,na,2428,16000,13.305,test,na
2428-83699-0000_pitch_awgn-snr5,data/attacks/awgn-snr5/2428-83699-0000_pitch.wav,fake,attack,none,awgn-snr5,snr5,I IMAGINE THERE WERE SEVERAL KINDS OF OLD FASHIONED CHRISTMASES BUT IT COULD HARDLY BE WORSE THAN A CHOP IN MY CHAMBERS OR HORROR OF HORRORS AT THE CLUB OR MY COUSIN LUCY'S NOTION OF WHAT SHE CALLS THE FESTIVE SEASON,gt,na,2428,16000,13.305,test,na
2428-83699-0000_pitch_awgn-snr10,data/attacks/awgn-snr10/2428-83699-0000_pitch.wav,fake,attack,none,awgn-snr10,snr10,I IMAGINE THERE WERE SEVERAL KINDS OF OLD FASHIONED CHRISTMASES BUT IT COULD HARDLY BE WORSE THAN A CHOP IN MY CHAMBERS OR HORROR OF HORRORS AT THE CLUB OR MY COUSIN LUCY'S NOTION OF WHAT SHE CALLS THE FESTIVE SEASON,gt,na,2428,16000,13.305,test,na
2428-83699-0000_pitch_awgn-snr20,data/attacks/awgn-snr20/2428-83699-0000_pitch.wav,fake,attack,none,awgn-snr20,snr20,I IMAGINE THERE WERE SEVERAL KINDS OF OLD FASHIONED CHRISTMASES BUT IT COULD HARDLY BE WORSE THAN A CHOP IN MY CHAMBERS OR HORROR OF HORRORS AT THE CLUB OR MY COUSIN LUCY'S NOTION OF WHAT SHE CALLS THE FESTIVE SEASON,gt,na,2428,16000,13.305,test,na
2428-83699-0000_pitch_bandpass-300-3400,data/attacks/bandpass-300-3400/2428-83699-0000_pitch.wav,fake,attack,none,bandpass-300-3400,bandpass300-3400,I IMAGINE THERE WERE SEVERAL KINDS OF OLD FASHIONED CHRISTMASES BUT IT COULD HARDLY BE WORSE THAN A CHOP IN MY CHAMBERS OR HORROR OF HORRORS AT THE CLUB OR MY COUSIN LUCY'S NOTION OF WHAT SHE CALLS THE FESTIVE SEASON,gt,na,2428,16000,13.305,test,na
2428-83699-0000_pitch_reverb-rt60-0.2,data/attacks/reverb-rt60-0.2/2428-83699-0000_pitch.wav,fake,attack,none,reverb-rt60-0.2,rt60-0.2,I IMAGINE THERE WERE SEVERAL KINDS OF OLD FASHIONED CHRISTMASES BUT IT COULD HARDLY BE WORSE THAN A CHOP IN MY CHAMBERS OR HORROR OF HORRORS AT THE CLUB OR MY COUSIN LUCY'S NOTION OF WHAT SHE CALLS THE FESTIVE SEASON,gt,na,2428,16000,13.305,test,na
2428-83699-0000_pitch_reverb-rt60-0.4,data/attacks/reverb-rt60-0.4/2428-83699-0000_pitch.wav,fake,attack,none,reverb-rt60-0.4,rt60-0.4,I IMAGINE THERE WERE SEVERAL KINDS OF OLD FASHIONED CHRISTMASES BUT IT COULD HARDLY BE WORSE THAN A CHOP IN MY CHAMBERS OR HORROR OF HORRORS AT THE CLUB OR MY COUSIN LUCY'S NOTION OF WHAT SHE CALLS THE FESTIVE SEASON,gt,na,2428,16000,13.305,test,na
2428-83699-0000_pitch_reverb-rt60-0.8,data/attacks/reverb-rt60-0.8/2428-83699-0000_pitch.wav,fake,attack,none,reverb-rt60-0.8,rt60-0.8,I IMAGINE THERE WERE SEVERAL KINDS OF OLD FASHIONED CHRISTMASES BUT IT COULD HARDLY BE WORSE THAN A CHOP IN MY CHAMBERS OR HORROR OF HORRORS AT THE CLUB OR MY COUSIN LUCY'S NOTION OF WHAT SHE CALLS THE FESTIVE SEASON,gt,na,2428,16000,13.305,test,na
2428-83699-0000_pitch_speed0.9,data/attacks/speed0.9/2428-83699-0000_pitch.wav,fake,attack,none,speed0.9,speed0.9,I IMAGINE THERE WERE SEVERAL KINDS OF OLD FASHIONED CHRISTMASES BUT IT COULD HARDLY BE WORSE THAN A CHOP IN MY CHAMBERS OR HORROR OF HORRORS AT THE CLUB OR MY COUSIN LUCY'S NOTION OF WHAT SHE CALLS THE FESTIVE SEASON,gt,na,2428,16000,14.783,test,na
2428-83699-0000_pitch_speed1.1,data/attacks/speed1.1/2428-83699-0000_pitch.wav,fake,attack,none,speed1.1,speed1.1,I IMAGINE THERE WERE SEVERAL KINDS OF OLD FASHIONED CHRISTMASES BUT IT COULD HARDLY BE WORSE THAN A CHOP IN MY CHAMBERS OR HORROR OF HORRORS AT THE CLUB OR MY COUSIN LUCY'S NOTION OF WHAT SHE CALLS THE FESTIVE SEASON,gt,na,2428,16000,12.095,test,na
2428-83699-0001_formant_mp3-128k,data/attacks/mp3-128k/2428-83699-0001_formant.wav,fake,attack,none,mp3-128k,mp3-128k,FESTIVE YES,gt,na,2428,16000,2.07,test,na
2428-83699-0001_formant_mp3-64k,data/attacks/mp3-64k/2428-83699-0001_formant.wav,fake,attack,none,mp3-64k,mp3-64k,FESTIVE YES,gt,na,2428,16000,2.07,test,na
2428-83699-0001_formant_opus-32k,data/attacks/opus-32k/2428-83699-0001_formant.wav,fake,attack,none,opus-32k,opus-32k,FESTIVE YES,gt,na,2428,16000,2.07,test,na
2428-83699-0001_formant_g711-8k,data/attacks/g711-8k/2428-83699-0001_formant.wav,fake,attack,none,g711-8k,g711-8k,FESTIVE YES,gt,na,2428,16000,2.07,test,na
2428-83699-0001_formant_resample-8k,data/attacks/resample-8k/2428-83699-0001_formant.wav,fake,attack,none,resample-8k,8k-roundtrip,FESTIVE YES,gt,na,2428,16000,2.07,test,na
2428-83699-0001_formant_awgn-snr5,data/attacks/awgn-snr5/2428-83699-0001_formant.wav,fake,attack,none,awgn-snr5,snr5,FESTIVE YES,gt,na,2428,16000,2.07,test,na
2428-83699-0001_formant_awgn-snr10,data/attacks/awgn-snr10/2428-83699-0001_formant.wav,fake,attack,none,awgn-snr10,snr10,FESTIVE YES,gt,na,2428,16000,2.07,test,na
2428-83699-0001_formant_awgn-snr20,data/attacks/awgn-snr20/2428-83699-0001_formant.wav,fake,attack,none,awgn-snr20,snr20,FESTIVE YES,gt,na,2428,16000,2.07,test,na
2428-83699-0001_formant_bandpass-300-3400,data/attacks/bandpass-300-3400/2428-83699-0001_formant.wav,fake,attack,none,bandpass-300-3400,bandpass300-3400,FESTIVE YES,gt,na,2428,16000,2.07,test,na
2428-83699-0001_formant_reverb-rt60-0.2,data/attacks/reverb-rt60-0.2/2428-83699-0001_formant.wav,fake,attack,none,reverb-rt60-0.2,rt60-0.2,FESTIVE YES,gt,na,2428,16000,2.07,test,na
2428-83699-0001_formant_reverb-rt60-0.4,data/attacks/reverb-rt60-0.4/2428-83699-0001_formant.wav,fake,attack,none,reverb-rt60-0.4,rt60-0.4,FESTIVE YES,gt,na,2428,16000,2.07,test,na
2428-83699-0001_formant_reverb-rt60-0.8,data/attacks/reverb-rt60-0.8/2428-83699-0001_formant.wav,fake,attack,none,reverb-rt60-0.8,rt60-0.8,FESTIVE YES,gt,na,2428,16000,2.07,test,na
2428-83699-0001_formant_speed0.9,data/attacks/speed0.9/2428-83699-0001_formant.wav,fake,attack,none,speed0.9,speed0.9,FESTIVE YES,gt,na,2428,16000,2.3,test,na
2428-83699-0001_formant_speed1.1,data/attacks/speed1.1/2428-83699-0001_formant.wav,fake,attack,none,speed1.1,speed1.1,FESTIVE YES,gt,na,2428,16000,1.882,test,na
2428-83699-0001_melvoc_mp3-128k,data/attacks/mp3-128k/2428-83699-0001_melvoc.wav,fake,attack,none,mp3-128k,mp3-128k,FESTIVE YES,gt,na,2428,16000,2.064,test,na
2428-83699-0001_melvoc_mp3-64k,data/attacks/mp3-64k/2428-83699-0001_melvoc.wav,fake,attack,none,mp3-64k,mp3-64k,FESTIVE YES,gt,na,2428,16000,2.064,test,na
2428-83699-0001_melvoc_opus-32k,data/attacks/opus-32k/2428-83699-0001_melvoc.wav,fake,attack,none,opus-32k,opus-32k,FESTIVE YES,gt,na,2428,16000,2.064,test,na
2428-83699-0001_melvoc_g711-8k,data/attacks/g711-8k/2428-83699-0001_melvoc.wav,fake,attack,none,g711-8k,g711-8k,FESTIVE YES,gt,na,2428,16000,2.064,test,na
2428-83699-0001_melvoc_resample-8k,data/attacks/resample-8k/2428-83699-0001_melvoc.wav,fake,attack,none,resample-8k,8k-roundtrip,FESTIVE YES,gt,na,2428,16000,2.064,test,na
2428-83699-0001_melvoc_awgn-snr5,data/attacks/awgn-snr5/2428-83699-0001_melvoc.wav,fake,attack,none,awgn-snr5,snr5,FESTIVE YES,gt,na,2428,16000,2.064,test,na
2428-83699-0001_melvoc_awgn-snr10,data/attacks/awgn-snr10/2428-83699-0001_melvoc.wav,fake,attack,none,awgn-snr10,snr10,FESTIVE YES,gt,na,2428,16000,2.064,test,na
2428-83699-0001_melvoc_awgn-snr20,data/attacks/awgn-snr20/2428-83699-0001_melvoc.wav,fake,attack,none,awgn-snr20,snr20,FESTIVE YES,gt,na,2428,16000,2.064,test,na
2428-83699-0001_melvoc_bandpass-300-3400,data/attacks/bandpass-300-3400/2428-83699-0001_melvoc.wav,fake,attack,none,bandpass-300-3400,bandpass300-3400,FESTIVE YES,gt,na,2428,16000,2.064,test,na
2428-83699-0001_melvoc_reverb-rt60-0.2,data/attacks/reverb-rt60-0.2/2428-83699-0001_melvoc.wav,fake,attack,none,reverb-rt60-0.2,rt60-0.2,FESTIVE YES,gt,na,2428,16000,2.064,test,na
2428-83699-0001_melvoc_reverb-rt60-0.4,data/attacks/reverb-rt60-0.4/2428-83699-0001_melvoc.wav,fake,attack,none,reverb-rt60-0.4,rt60-0.4,FESTIVE YES,gt,na,2428,16000,2.064,test,na
2428-83699-0001_melvoc_reverb-rt60-0.8,data/attacks/reverb-rt60-0.8/2428-83699-0001_melvoc.wav,fake,attack,none,reverb-rt60-0.8,rt60-0.8,FESTIVE YES,gt,na,2428,16000,2.064,test,na
2428-83699-0001_melvoc_speed0.9,data/attacks/speed0.9/2428-83699-0001_melvoc.wav,fake,attack,none,speed0.9,speed0.9,FESTIVE YES,gt,na,2428,16000,2.293,test,na
2428-83699-0001_melvoc_speed1.1,data/attacks/speed1.1/2428-83699-0001_melvoc.wav,fake,attack,none,speed1.1,speed1.1,FESTIVE YES,gt,na,2428,16000,1.876,test,na
2428-83699-0001_pitch_mp3-128k,data/attacks/mp3-128k/2428-83699-0001_pitch.wav,fake,attack,none,mp3-128k,mp3-128k,FESTIVE YES,gt,na,2428,16000,2.07,test,na
2428-83699-0001_pitch_mp3-64k,data/attacks/mp3-64k/2428-83699-0001_pitch.wav,fake,attack,none,mp3-64k,mp3-64k,FESTIVE YES,gt,na,2428,16000,2.07,test,na
2428-83699-0001_pitch_opus-32k,data/attacks/opus-32k/2428-83699-0001_pitch.wav,fake,attack,none,opus-32k,opus-32k,FESTIVE YES,gt,na,2428,16000,2.07,test,na
2428-83699-0001_pitch_g711-8k,data/attacks/g711-8k/2428-83699-0001_pitch.wav,fake,attack,none,g711-8k,g711-8k,FESTIVE YES,gt,na,2428,16000,2.07,test,na
2428-83699-0001_pitch_resample-8k,data/attacks/resample-8k/2428-83699-0001_pitch.wav,fake,attack,none,resample-8k,8k-roundtrip,FESTIVE YES,gt,na,2428,16000,2.07,test,na
2428-83699-0001_pitch_awgn-snr5,data/attacks/awgn-snr5/2428-83699-0001_pitch.wav,fake,attack,none,awgn-snr5,snr5,FESTIVE YES,gt,na,2428,16000,2.07,test,na
2428-83699-0001_pitch_awgn-snr10,data/attacks/awgn-snr10/2428-83699-0001_pitch.wav,fake,attack,none,awgn-snr10,snr10,FESTIVE YES,gt,na,2428,16000,2.07,test,na
2428-83699-0001_pitch_awgn-snr20,data/attacks/awgn-snr20/2428-83699-0001_pitch.wav,fake,attack,none,awgn-snr20,snr20,FESTIVE YES,gt,na,2428,16000,2.07,test,na
2428-83699-0001_pitch_bandpass-300-3400,data/attacks/bandpass-300-3400/2428-83699-0001_pitch.wav,fake,attack,none,bandpass-300-3400,bandpass300-3400,FESTIVE YES,gt,na,2428,16000,2.07,test,na
2428-83699-0001_pitch_reverb-rt60-0.2,data/attacks/reverb-rt60-0.2/2428-83699-0001_pitch.wav,fake,attack,none,reverb-rt60-0.2,rt60-0.2,FESTIVE YES,gt,na,2428,16000,2.07,test,na
2428-83699-0001_pitch_reverb-rt60-0.4,data/attacks/reverb-rt60-0.4/2428-83699-0001_pitch.wav,fake,attack,none,reverb-rt60-0.4,rt60-0.4,FESTIVE YES,gt,na,2428,16000,2.07,test,na
2428-83699-0001_pitch_reverb-rt60-0.8,data/attacks/reverb-rt60-0.8/2428-83699-0001_pitch.wav,fake,attack,none,reverb-rt60-0.8,rt60-0.8,FESTIVE YES,gt,na,2428,16000,2.07,test,na
2428-83699-0001_pitch_speed0.9,data/attacks/speed0.9/2428-83699-0001_pitch.wav,fake,attack,none,speed0.9,speed0.9,FESTIVE YES,gt,na,2428,16000,2.3,test,na
2428-83699-0001_pitch_speed1.1,data/attacks/speed1.1/2428-83699-0001_pitch.wav,fake,attack,none,speed1.1,speed1.1,FESTIVE YES,gt,na,2428,16000,1.882,test,na
2428-83699-0002_formant_mp3-128k,data/attacks/mp3-128k/2428-83699-0002_formant.wav,fake,attack,none,mp3-128k,mp3-128k,THE REPLY WAS WRITTEN IN A SPRAWLING FEMININE HAND IT WAS A LITTLE VAGUE,gt,na,2428,16000,4.26,test,na
2428-83699-0002_formant_mp3-64k,data/attacks/mp3-64k/2428-83699-0002_formant.wav,fake,attack,none,mp3-64k,mp3-64k,THE REPLY WAS WRITTEN IN A SPRAWLING FEMININE HAND IT WAS A LITTLE VAGUE,gt,na,2428,16000,4.26,test,na
2428-83699-0002_formant_opus-32k,data/attacks/opus-32k/2428-83699-0002_formant.wav,fake,attack,none,opus-32k,opus-32k,THE REPLY WAS WRITTEN IN A SPRAWLING FEMININE HAND IT WAS A LITTLE VAGUE,gt,na,2428,16000,4.26,test,na
2428-83699-0002_formant_g711-8k,data/attacks/g711-8k/2428-83699-0002_formant.wav,fake,attack,none,g711-8k,g711-8k,THE REPLY WAS WRITTEN IN A SPRAWLING FEMININE HAND IT WAS A LITTLE VAGUE,gt,na,2428,16000,4.26,test,na
2428-83699-0002_formant_resample-8k,data/attacks/resample-8k/2428-83699-0002_formant.wav,fake,attack,none,resample-8k,8k-roundtrip,THE REPLY WAS WRITTEN IN A SPRAWLING FEMININE HAND IT WAS A LITTLE VAGUE,gt,na,2428,16000,4.26,test,na
2428-83699-0002_formant_awgn-snr5,data/attacks/awgn-snr5/2428-83699-0002_formant.wav,fake,attack,none,awgn-snr5,snr5,THE REPLY WAS WRITTEN IN A SPRAWLING FEMININE HAND IT WAS A LITTLE VAGUE,gt,na,2428,16000,4.26,test,na
2428-83699-0002_formant_awgn-snr10,data/attacks/awgn-snr10/2428-83699-0002_formant.wav,fake,attack,none,awgn-snr10,snr10,THE REPLY WAS WRITTEN IN A SPRAWLING FEMININE HAND IT WAS A LITTLE VAGUE,gt,na,2428,16000,4.26,test,na
2428-83699-0002_formant_awgn-snr20,data/attacks/awgn-snr20/2428-83699-0002_formant.wav,fake,attack,none,awgn-snr20,snr20,THE REPLY WAS WRITTEN IN A SPRAWLING FEMININE HAND IT WAS A LITTLE VAGUE,gt,na,2428,16000,4.26,test,na
2428-83699-0002_formant_bandpass-300-3400,data/attacks/bandpass-300-3400/2428-83699-0002_formant.wav,fake,attack,none,bandpass-300-3400,bandpass300-3400,THE REPLY WAS WRITTEN IN A SPRAWLING FEMININE HAND IT WAS A LITTLE VAGUE,gt,na,2428,16000,4.26,test,na
2428-83699-0002_formant_reverb-rt60-0.2,data/attacks/reverb-rt60-0.2/2428-83699-0002_formant.wav,fake,attack,none,reverb-rt60-0.2,rt60-0.2,THE REPLY WAS WRITTEN IN A SPRAWLING FEMININE HAND IT WAS A LITTLE VAGUE,gt,na,2428,16000,4.26,test,na
2428-83699-0002_formant_reverb-rt60-0.4,data/attacks/reverb-rt60-0.4/2428-83699-0002_formant.wav,fake,attack,none,reverb-rt60-0.4,rt60-0.4,THE REPLY WAS WRITTEN IN A SPRAWLING FEMININE HAND IT WAS A LITTLE VAGUE,gt,na,2428,16000,4.26,test,na
2428-83699-0002_formant_reverb-rt60-0.8,data/attacks/reverb-rt60-0.8/2428-83699-0002_formant.wav,fake,attack,none,reverb-rt60-0.8,rt60-0.8,THE REPLY WAS WRITTEN IN A SPRAWLING FEMININE HAND IT WAS A LITTLE VAGUE,gt,na,2428,16000,4.26,test,na
2428-83699-0002_formant_speed0.9,data/attacks/speed0.9/2428-83699-0002_formant.wav,fake,attack,none,speed0.9,speed0.9,THE REPLY WAS WRITTEN IN A SPRAWLING FEMININE HAND IT WAS A LITTLE VAGUE,gt,na,2428,16000,4.733,test,na
2428-83699-0002_formant_speed1.1,data/attacks/speed1.1/2428-83699-0002_formant.wav,fake,attack,none,speed1.1,speed1.1,THE REPLY WAS WRITTEN IN A SPRAWLING FEMININE HAND IT WAS A LITTLE VAGUE,gt,na,2428,16000,3.873,test,na
2428-83699-0002_melvoc_mp3-128k,data/attacks/mp3-128k/2428-83699-0002_melvoc.wav,fake,attack,none,mp3-128k,mp3-128k,THE REPLY WAS WRITTEN IN A SPRAWLING FEMININE HAND IT WAS A LITTLE VAGUE,gt,na,2428,16000,4.256,test,na
2428-83699-0002_melvoc_mp3-64k,data/attacks/mp3-64k/2428-83699-0002_melvoc.wav,fake,attack,none,mp3-64k,mp3-64k,THE REPLY WAS WRITTEN IN A SPRAWLING FEMININE HAND IT WAS A LITTLE VAGUE,gt,na,2428,16000,4.256,test,na
2428-83699-0002_melvoc_opus-32k,data/attacks/opus-32k/2428-83699-0002_melvoc.wav,fake,attack,none,opus-32k,opus-32k,THE REPLY WAS WRITTEN IN A SPRAWLING FEMININE HAND IT WAS A LITTLE VAGUE,gt,na,2428,16000,4.256,test,na
2428-83699-0002_melvoc_g711-8k,data/attacks/g711-8k/2428-83699-0002_melvoc.wav,fake,attack,none,g711-8k,g711-8k,THE REPLY WAS WRITTEN IN A SPRAWLING FEMININE HAND IT WAS A LITTLE VAGUE,gt,na,2428,16000,4.256,test,na
2428-83699-0002_melvoc_resample-8k,data/attacks/resample-8k/2428-83699-0002_melvoc.wav,fake,attack,none,resample-8k,8k-roundtrip,THE REPLY WAS WRITTEN IN A SPRAWLING FEMININE HAND IT WAS A LITTLE VAGUE,gt,na,2428,16000,4.256,test,na
2428-83699-0002_melvoc_awgn-snr5,data/attacks/awgn-snr5/2428-83699-0002_melvoc.wav,fake,attack,none,awgn-snr5,snr5,THE REPLY WAS WRITTEN IN A SPRAWLING FEMININE HAND IT WAS A LITTLE VAGUE,gt,na,2428,16000,4.256,test,na
2428-83699-0002_melvoc_awgn-snr10,data/attacks/awgn-snr10/2428-83699-0002_melvoc.wav,fake,attack,none,awgn-snr10,snr10,THE REPLY WAS WRITTEN IN A SPRAWLING FEMININE HAND IT WAS A LITTLE VAGUE,gt,na,2428,16000,4.256,test,na
2428-83699-0002_melvoc_awgn-snr20,data/attacks/awgn-snr20/2428-83699-0002_melvoc.wav,fake,attack,none,awgn-snr20,snr20,THE REPLY WAS WRITTEN IN A SPRAWLING FEMININE HAND IT WAS A LITTLE VAGUE,gt,na,2428,16000,4.256,test,na
2428-83699-0002_melvoc_bandpass-300-3400,data/attacks/bandpass-300-3400/2428-83699-0002_melvoc.wav,fake,attack,none,bandpass-300-3400,bandpass300-3400,THE REPLY WAS WRITTEN IN A SPRAWLING FEMININE HAND IT WAS A LITTLE VAGUE,gt,na,2428,16000,4.256,test,na
2428-83699-0002_melvoc_reverb-rt60-0.2,data/attacks/reverb-rt60-0.2/2428-83699-0002_melvoc.wav,fake,attack,none,reverb-rt60-0.2,rt60-0.2,THE REPLY WAS WRITTEN IN A SPRAWLING FEMININE HAND IT WAS A LITTLE VAGUE,gt,na,2428,16000,4.256,test,na
2428-83699-0002_melvoc_reverb-rt60-0.4,data/attacks/reverb-rt60-0.4/2428-83699-0002_melvoc.wav,fake,attack,none,reverb-rt60-0.4,rt60-0.4,THE REPLY WAS WRITTEN IN A SPRAWLING FEMININE HAND IT WAS A LITTLE VAGUE,gt,na,2428,16000,4.256,test,na
2428-83699-0002_melvoc_reverb-rt60-0.8,data/attacks/reverb-rt60-0.8/2428-83699-0002_melvoc.wav,fake,attack,none,reverb-rt60-0.8,rt60-0.8,THE REPLY WAS WRITTEN IN A SPRAWLING FEMININE HAND IT WAS A LITTLE VAGUE,gt,na,2428,16000,4.256,test,na
2428-83699-0002_melvoc_speed0.9,data/attacks/speed0.9/2428-83699-0002_melvoc.wav,fake,attack,none,speed0.9,speed0.9,THE REPLY WAS WRITTEN IN A SPRAWLING FEMININE HAND IT WAS A LITTLE VAGUE,gt,na,2428,16000,4.729,test,na
2428-83699-0002_melvoc_speed1.1,data/attacks/speed1.1/2428-83699-0002_melvoc.wav,fake,attack,none,speed1.1,speed1.1,THE REPLY WAS WRITTEN IN A SPRAWLING FEMININE HAND IT WAS A LITTLE VAGUE,gt,na,2428,16000,3.869,test,na
2428-83699-0002_pitch_mp3-128k,data/attacks/mp3-128k/2428-83699-0002_pitch.wav,fake,attack,none,mp3-128k,mp3-128k,THE REPLY WAS WRITTEN IN A SPRAWLING FEMININE HAND IT WAS A LITTLE VAGUE,gt,na,2428,16000,4.26,test,na
2428-83699-0002_pitch_mp3-64k,data/attacks/mp3-64k/2428-83699-0002_pitch.wav,fake,attack,none,mp3-64k,mp3-64k,THE REPLY WAS WRITTEN IN A SPRAWLING FEMININE HAND IT WAS A LITTLE VAGUE,gt,na,2428,16000,4.26,test,na
2428-83699-0002_pitch_opus-32k,data/attacks/opus-32k/2428-83699-0002_pitch.wav,fake,attack,none,opus-32k,opus-32k,THE REPLY WAS WRITTEN IN A SPRAWLING FEMININE HAND IT WAS A LITTLE VAGUE,gt,na,2428,16000,4.26,test,na
2428-83699-0002_pitch_g711-8k,data/attacks/g711-8k/2428-83699-0002_pitch.wav,fake,attack,none,g711-8k,g711-8k,THE REPLY WAS WRITTEN IN A SPRAWLING FEMININE HAND IT WAS A LITTLE VAGUE,gt,na,2428,16000,4.26,test,na
2428-83699-0002_pitch_resample-8k,data/attacks/resample-8k/2428-83699-0002_pitch.wav,fake,attack,none,resample-8k,8k-roundtrip,THE REPLY WAS WRITTEN IN A SPRAWLING FEMININE HAND IT WAS A LITTLE VAGUE,gt,na,2428,16000,4.26,test,na
2428-83699-0002_pitch_awgn-snr5,data/attacks/awgn-snr5/2428-83699-0002_pitch.wav,fake,attack,none,awgn-snr5,snr5,THE REPLY WAS WRITTEN IN A SPRAWLING FEMININE HAND IT WAS A LITTLE VAGUE,gt,na,2428,16000,4.26,test,na
2428-83699-0002_pitch_awgn-snr10,data/attacks/awgn-snr10/2428-83699-0002_pitch.wav,fake,attack,none,awgn-snr10,snr10,THE REPLY WAS WRITTEN IN A SPRAWLING FEMININE HAND IT WAS A LITTLE VAGUE,gt,na,2428,16000,4.26,test,na
2428-83699-0002_pitch_awgn-snr20,data/attacks/awgn-snr20/2428-83699-0002_pitch.wav,fake,attack,none,awgn-snr20,snr20,THE REPLY WAS WRITTEN IN A SPRAWLING FEMININE HAND IT WAS A LITTLE VAGUE,gt,na,2428,16000,4.26,test,na
2428-83699-0002_pitch_bandpass-300-3400,data/attacks/bandpass-300-3400/2428-83699-0002_pitch.wav,fake,attack,none,bandpass-300-3400,bandpass300-3400,THE REPLY WAS WRITTEN IN A SPRAWLING FEMININE HAND IT WAS A LITTLE VAGUE,gt,na,2428,16000,4.26,test,na
2428-83699-0002_pitch_reverb-rt60-0.2,data/attacks/reverb-rt60-0.2/2428-83699-0002_pitch.wav,fake,attack,none,reverb-rt60-0.2,rt60-0.2,THE REPLY WAS WRITTEN IN A SPRAWLING FEMININE HAND IT WAS A LITTLE VAGUE,gt,na,2428,16000,4.26,test,na
2428-83699-0002_pitch_reverb-rt60-0.4,data/attacks/reverb-rt60-0.4/2428-83699-0002_pitch.wav,fake,attack,none,reverb-rt60-0.4,rt60-0.4,THE REPLY WAS WRITTEN IN A SPRAWLING FEMININE HAND IT WAS A LITTLE VAGUE,gt,na,2428,16000,4.26,test,na
2428-83699-0002_pitch_reverb-rt60-0.8,data/attacks/reverb-rt60-0.8/2428-83699-0002_pitch.wav,fake,attack,none,reverb-rt60-0.8,rt60-0.8,THE REPLY WAS WRITTEN IN A SPRAWLING FEMININE HAND IT WAS A LITTLE VAGUE,gt,na,2428,16000,4.26,test,na
2428-83699-0002_pitch_speed0.9,data/attacks/speed0.9/2428-83699-0002_pitch.wav,fake,attack,none,speed0.9,speed0.9,THE REPLY WAS WRITTEN IN A SPRAWLING FEMININE HAND IT WAS A LITTLE VAGUE,gt,na,2428,16000,4.733,test,na
2428-83699-0002_pitch_speed1.1,data/attacks/speed1.1/2428-83699-0002_pitch.wav,fake,attack,none,speed1.1,speed1.1,THE REPLY WAS WRITTEN IN A SPRAWLING FEMININE HAND IT WAS A LITTLE VAGUE,gt,na,2428,16000,3.873,test,na
2428-83699-0003_formant_mp3-128k,data/attacks/mp3-128k/2428-83699-0003_formant.wav,fake,attack,none,mp3-128k,mp3-128k,IT APPEARED THAT THE TERMS WOULD BE FIVE GUINEAS BUT THERE WAS NO MENTION OF THE LENGTH OF TIME WHICH THAT FEE WOULD COVER,gt,na,2428,16000,6.267,test,na
2428-83699-0003_formant_mp3-64k,data/attacks/mp3-64k/2428-83699-0003_formant.wav,fake,attack,none,mp3-64k,mp3-64k,IT APPEARED THAT THE TERMS WOULD BE FIVE GUINEAS BUT THERE WAS NO MENTION OF THE LENGTH OF TIME WHICH THAT FEE WOULD COVER,gt,na,2428,16000,6.267,test,na
2428-83699-0003_formant_opus-32k,data/attacks/opus-32k/2428-83699-0003_formant.wav,fake,attack,none,opus-32k,opus-32k,IT APPEARED THAT THE TERMS WOULD BE FIVE GUINEAS BUT THERE WAS NO MENTION OF THE LENGTH OF TIME WHICH THAT FEE WOULD COVER,gt,na,2428,16000,6.265,test,na
2428-83699-0003_formant_g711-8k,data/attacks/g711-8k/2428-83699-0003_formant.wav,fake,attack,none,g711-8k,g711-8k,IT APPEARED THAT THE TERMS WOULD BE FIVE GUINEAS BUT THERE WAS NO MENTION OF THE LENGTH OF TIME WHICH THAT FEE WOULD COVER,gt,na,2428,16000,6.265,test,na
2428-83699-0003_formant_resample-8k,data/attacks/resample-8k/2428-83699-0003_formant.wav,fake,attack,none,resample-8k,8k-roundtrip,IT APPEARED THAT THE TERMS WOULD BE FIVE GUINEAS BUT THERE WAS NO MENTION OF THE LENGTH OF TIME WHICH THAT FEE WOULD COVER,gt,na,2428,16000,6.265,test,na
2428-83699-0003_formant_awgn-snr5,data/attacks/awgn-snr5/2428-83699-0003_formant.wav,fake,attack,none,awgn-snr5,snr5,IT APPEARED THAT THE TERMS WOULD BE FIVE GUINEAS BUT THERE WAS NO MENTION OF THE LENGTH OF TIME WHICH THAT FEE WOULD COVER,gt,na,2428,16000,6.265,test,na
2428-83699-0003_formant_awgn-snr10,data/attacks/awgn-snr10/2428-83699-0003_formant.wav,fake,attack,none,awgn-snr10,snr10,IT APPEARED THAT THE TERMS WOULD BE FIVE GUINEAS BUT THERE WAS NO MENTION OF THE LENGTH OF TIME WHICH THAT FEE WOULD COVER,gt,na,2428,16000,6.265,test,na
2428-83699-0003_formant_awgn-snr20,data/attacks/awgn-snr20/2428-83699-0003_formant.wav,fake,attack,none,awgn-snr20,snr20,IT APPEARED THAT THE TERMS WOULD BE FIVE GUINEAS BUT THERE WAS NO MENTION OF THE LENGTH OF TIME WHICH THAT FEE WOULD COVER,gt,na,2428,16000,6.265,test,na
2428-83699-0003_formant_bandpass-300-3400,data/attacks/bandpass-300-3400/2428-83699-0003_formant.wav,fake,attack,none,bandpass-300-3400,bandpass300-3400,IT APPEARED THAT THE TERMS WOULD BE FIVE GUINEAS BUT THERE WAS NO MENTION OF THE LENGTH OF TIME WHICH THAT FEE WOULD COVER,gt,na,2428,16000,6.265,test,na
2428-83699-0003_formant_reverb-rt60-0.2,data/attacks/reverb-rt60-0.2/2428-83699-0003_formant.wav,fake,attack,none,reverb-rt60-0.2,rt60-0.2,IT APPEARED THAT THE TERMS WOULD BE FIVE GUINEAS BUT THERE WAS NO MENTION OF THE LENGTH OF TIME WHICH THAT FEE WOULD COVER,gt,na,2428,16000,6.265,test,na
2428-83699-0003_formant_reverb-rt60-0.4,data/attacks/reverb-rt60-0.4/2428-83699-0003_formant.wav,fake,attack,none,reverb-rt60-0.4,rt60-0.4,IT APPEARED THAT THE TERMS WOULD BE FIVE GUINEAS BUT THERE WAS NO MENTION OF THE LENGTH OF TIME WHICH THAT FEE WOULD COVER,gt,na,2428,16000,6.265,test,na
2428-83699-0003_formant_reverb-rt60-0.8,data/attacks/reverb-rt60-0.8/2428-83699-0003_formant.wav,fake,attack,none,reverb-rt60-0.8,rt60-0.8,IT APPEARED THAT THE TERMS WOULD BE FIVE GUINEAS BUT THERE WAS NO MENTION OF THE LENGTH OF TIME WHICH THAT FEE WOULD COVER,gt,na,2428,16000,6.265,test,na
2428-83699-0003_formant_speed0.9,data/attacks/speed0.9/2428-83699-0003_formant.wav,fake,attack,none,speed0.9,speed0.9,IT APPEARED THAT THE TERMS WOULD BE FIVE GUINEAS BUT THERE WAS NO MENTION OF THE LENGTH OF TIME WHICH THAT FEE WOULD COVER,gt,na,2428,16000,6.961,test,na
2428-83699-0003_formant_speed1.1,data/attacks/speed1.1/2428-83699-0003_formant.wav,fake,attack,none,speed1.1,speed1.1,IT APPEARED THAT THE TERMS WOULD BE FIVE GUINEAS BUT THERE WAS NO MENTION OF THE LENGTH OF TIME WHICH THAT FEE WOULD COVER,gt,na,2428,16000,5.695,test,na
2428-83699-0003_melvoc_mp3-128k,data/attacks/mp3-128k/2428-83699-0003_melvoc.wav,fake,attack,none,mp3-128k,mp3-128k,IT APPEARED THAT THE TERMS WOULD BE FIVE GUINEAS BUT THERE WAS NO MENTION OF THE LENGTH OF TIME WHICH THAT FEE WOULD COVER,gt,na,2428,16000,6.264,test,na
2428-83699-0003_melvoc_mp3-64k,data/attacks/mp3-64k/2428-83699-0003_melvoc.wav,fake,attack,none,mp3-64k,mp3-64k,IT APPEARED THAT THE TERMS WOULD BE FIVE GUINEAS BUT THERE WAS NO MENTION OF THE LENGTH OF TIME WHICH THAT FEE WOULD COVER,gt,na,2428,16000,6.264,test,na
2428-83699-0003_melvoc_opus-32k,data/attacks/opus-32k/2428-83699-0003_melvoc.wav,fake,attack,none,opus-32k,opus-32k,IT APPEARED THAT THE TERMS WOULD BE FIVE GUINEAS BUT THERE WAS NO MENTION OF THE LENGTH OF TIME WHICH THAT FEE WOULD COVER,gt,na,2428,16000,6.264,test,na
2428-83699-0003_melvoc_g711-8k,data/attacks/g711-8k/2428-83699-0003_melvoc.wav,fake,attack,none,g711-8k,g711-8k,IT APPEARED THAT THE TERMS WOULD BE FIVE GUINEAS BUT THERE WAS NO MENTION OF THE LENGTH OF TIME WHICH THAT FEE WOULD COVER,gt,na,2428,16000,6.264,test,na
2428-83699-0003_melvoc_resample-8k,data/attacks/resample-8k/2428-83699-0003_melvoc.wav,fake,attack,none,resample-8k,8k-roundtrip,IT APPEARED THAT THE TERMS WOULD BE FIVE GUINEAS BUT THERE WAS NO MENTION OF THE LENGTH OF TIME WHICH THAT FEE WOULD COVER,gt,na,2428,16000,6.264,test,na
2428-83699-0003_melvoc_awgn-snr5,data/attacks/awgn-snr5/2428-83699-0003_melvoc.wav,fake,attack,none,awgn-snr5,snr5,IT APPEARED THAT THE TERMS WOULD BE FIVE GUINEAS BUT THERE WAS NO MENTION OF THE LENGTH OF TIME WHICH THAT FEE WOULD COVER,gt,na,2428,16000,6.264,test,na
2428-83699-0003_melvoc_awgn-snr10,data/attacks/awgn-snr10/2428-83699-0003_melvoc.wav,fake,attack,none,awgn-snr10,snr10,IT APPEARED THAT THE TERMS WOULD BE FIVE GUINEAS BUT THERE WAS NO MENTION OF THE LENGTH OF TIME WHICH THAT FEE WOULD COVER,gt,na,2428,16000,6.264,test,na
2428-83699-0003_melvoc_awgn-snr20,data/attacks/awgn-snr20/2428-83699-0003_melvoc.wav,fake,attack,none,awgn-snr20,snr20,IT APPEARED THAT THE TERMS WOULD BE FIVE GUINEAS BUT THERE WAS NO MENTION OF THE LENGTH OF TIME WHICH THAT FEE WOULD COVER,gt,na,2428,16000,6.264,test,na
2428-83699-0003_melvoc_bandpass-300-3400,data/attacks/bandpass-300-3400/2428-83699-0003_melvoc.wav,fake,attack,none,bandpass-300-3400,bandpass300-3400,IT APPEARED THAT THE TERMS WOULD BE FIVE GUINEAS BUT THERE WAS NO MENTION OF THE LENGTH OF TIME WHICH THAT FEE WOULD COVER,gt,na,2428,16000,6.264,test,na
2428-83699-0003_melvoc_reverb-rt60-0.2,data/attacks/reverb-rt60-0.2/2428-83699-0003_melvoc.wav,fake,attack,none,reverb-rt60-0.2,rt60-0.2,IT APPEARED THAT THE TERMS WOULD BE FIVE GUINEAS BUT THERE WAS NO MENTION OF THE LENGTH OF TIME WHICH THAT FEE WOULD COVER,gt,na,2428,16000,6.264,test,na
2428-83699-0003_melvoc_reverb-rt60-0.4,data/attacks/reverb-rt60-0.4/2428-83699-0003_melvoc.wav,fake,attack,none,reverb-rt60-0.4,rt60-0.4,IT APPEARED THAT THE TERMS WOULD BE FIVE GUINEAS BUT THERE WAS NO MENTION OF THE LENGTH OF TIME WHICH THAT FEE WOULD COVER,gt,na,2428,16000,6.264,test,na
2428-83699-0003_melvoc_reverb-rt60-0.8,data/attacks/reverb-rt60-0.8/2428-83699-0003_melvoc.wav,fake,attack,none,reverb-rt60-0.8,rt60-0.8,IT APPEARED THAT THE TERMS WOULD BE FIVE GUINEAS BUT THERE WAS NO MENTION OF THE LENGTH OF TIME WHICH THAT FEE WOULD COVER,gt,na,2428,16000,6.264,test,na
2428-83699-0003_melvoc_speed0.9,data/attacks/speed0.9/2428-83699-0003_melvoc.wav,fake,attack,none,speed0.9,speed0.9,IT APPEARED THAT THE TERMS WOULD BE FIVE GUINEAS BUT THERE WAS NO MENTION OF THE LENGTH OF TIME WHICH THAT FEE WOULD COVER,gt,na,2428,16000,6.96,test,na
2428-83699-0003_melvoc_speed1.1,data/attacks/speed1.1/2428-83699-0003_melvoc.wav,fake,attack,none,speed1.1,speed1.1,IT APPEARED THAT THE TERMS WOULD BE FIVE GUINEAS BUT THERE WAS NO MENTION OF THE LENGTH OF TIME WHICH THAT FEE WOULD COVER,gt,na,2428,16000,5.695,test,na
2428-83699-0003_pitch_mp3-128k,data/attacks/mp3-128k/2428-83699-0003_pitch.wav,fake,attack,none,mp3-128k,mp3-128k,IT APPEARED THAT THE TERMS WOULD BE FIVE GUINEAS BUT THERE WAS NO MENTION OF THE LENGTH OF TIME WHICH THAT FEE WOULD COVER,gt,na,2428,16000,6.267,test,na
2428-83699-0003_pitch_mp3-64k,data/attacks/mp3-64k/2428-83699-0003_pitch.wav,fake,attack,none,mp3-64k,mp3-64k,IT APPEARED THAT THE TERMS WOULD BE FIVE GUINEAS BUT THERE WAS NO MENTION OF THE LENGTH OF TIME WHICH THAT FEE WOULD COVER,gt,na,2428,16000,6.267,test,na
2428-83699-0003_pitch_opus-32k,data/attacks/opus-32k/2428-83699-0003_pitch.wav,fake,attack,none,opus-32k,opus-32k,IT APPEARED THAT THE TERMS WOULD BE FIVE GUINEAS BUT THERE WAS NO MENTION OF THE LENGTH OF TIME WHICH THAT FEE WOULD COVER,gt,na,2428,16000,6.265,test,na
2428-83699-0003_pitch_g711-8k,data/attacks/g711-8k/2428-83699-0003_pitch.wav,fake,attack,none,g711-8k,g711-8k,IT APPEARED THAT THE TERMS WOULD BE FIVE GUINEAS BUT THERE WAS NO MENTION OF THE LENGTH OF TIME WHICH THAT FEE WOULD COVER,gt,na,2428,16000,6.265,test,na
2428-83699-0003_pitch_resample-8k,data/attacks/resample-8k/2428-83699-0003_pitch.wav,fake,attack,none,resample-8k,8k-roundtrip,IT APPEARED THAT THE TERMS WOULD BE FIVE GUINEAS BUT THERE WAS NO MENTION OF THE LENGTH OF TIME WHICH THAT FEE WOULD COVER,gt,na,2428,16000,6.265,test,na
2428-83699-0003_pitch_awgn-snr5,data/attacks/awgn-snr5/2428-83699-0003_pitch.wav,fake,attack,none,awgn-snr5,snr5,IT APPEARED THAT THE TERMS WOULD BE FIVE GUINEAS BUT THERE WAS NO MENTION OF THE LENGTH OF TIME WHICH THAT FEE WOULD COVER,gt,na,2428,16000,6.265,test,na
2428-83699-0003_pitch_awgn-snr10,data/attacks/awgn-snr10/2428-83699-0003_pitch.wav,fake,attack,none,awgn-snr10,snr10,IT APPEARED THAT THE TERMS WOULD BE FIVE GUINEAS BUT THERE WAS NO MENTION OF THE LENGTH OF TIME WHICH THAT FEE WOULD COVER,gt,na,2428,16000,6.265,test,na
2428-83699-0003_pitch_awgn-snr20,data/attacks/awgn-snr20/2428-83699-0003_pitch.wav,fake,attack,none,awgn-snr20,snr20,IT APPEARED THAT THE TERMS WOULD BE FIVE GUINEAS BUT THERE WAS NO MENTION OF THE LENGTH OF TIME WHICH THAT FEE WOULD COVER,gt,na,2428,16000,6.265,test,na
2428-83699-0003_pitch_bandpass-300-3400,data/attacks/bandpass-300-3400/2428-83699-0003_pitch.wav,fake,attack,none,bandpass-300-3400,bandpass300-3400,IT APPEARED THAT THE TERMS WOULD BE FIVE GUINEAS BUT THERE WAS NO MENTION OF THE LENGTH OF TIME WHICH THAT FEE WOULD COVER,gt,na,2428,16000,6.265,test,na
2428-83699-0003_pitch_reverb-rt60-0.2,data/attacks/reverb-rt60-0.2/2428-83699-0003_pitch.wav,fake,attack,none,reverb-rt60-0.2,rt60-0.2,IT APPEARED THAT THE TERMS WOULD BE FIVE GUINEAS BUT THERE WAS NO MENTION OF THE LENGTH OF TIME WHICH THAT FEE WOULD COVER,gt,na,2428,16000,6.265,test,na
2428-83699-0003_pitch_reverb-rt60-0.4,data/attacks/reverb-rt60-0.4/2428-83699-0003_pitch.wav,fake,attack,none,reverb-rt60-0.4,rt60-0.4,IT APPEARED THAT THE TERMS WOULD BE FIVE GUINEAS BUT THERE WAS NO MENTION OF THE LENGTH OF TIME WHICH THAT FEE WOULD COVER,gt,na,2428,16000,6.265,test,na
2428-83699-0003_pitch_reverb-rt60-0.8,data/attacks/reverb-rt60-0.8/2428-83699-0003_pitch.wav,fake,attack,none,reverb-rt60-0.8,rt60-0.8,IT APPEARED THAT THE TERMS WOULD BE FIVE GUINEAS BUT THERE WAS NO MENTION OF THE LENGTH OF TIME WHICH THAT FEE WOULD COVER,gt,na,2428,16000,6.265,test,na
2428-83699-0003_pitch_speed0.9,data/attacks/speed0.9/2428-83699-0003_pitch.wav,fake,attack,none,speed0.9,speed0.9,IT APPEARED THAT THE TERMS WOULD BE FIVE GUINEAS BUT THERE WAS NO MENTION OF THE LENGTH OF TIME WHICH THAT FEE WOULD COVER,gt,na,2428,16000,6.961,test,na
2428-83699-0003_pitch_speed1.1,data/attacks/speed1.1/2428-83699-0003_pitch.wav,fake,attack,none,speed1.1,speed1.1,IT APPEARED THAT THE TERMS WOULD BE FIVE GUINEAS BUT THERE WAS NO MENTION OF THE LENGTH OF TIME WHICH THAT FEE WOULD COVER,gt,na,2428,16000,5.695,test,na
2428-83699-0004_formant_mp3-128k,data/attacks/mp3-128k/2428-83699-0004_formant.wav,fake,attack,none,mp3-128k,mp3-128k,THE WHOLE THING WAS A TRIFLE ODD,gt,na,2428,16000,1.88,test,na
2428-83699-0004_formant_mp3-64k,data/attacks/mp3-64k/2428-83699-0004_formant.wav,fake,attack,none,mp3-64k,mp3-64k,THE WHOLE THING WAS A TRIFLE ODD,gt,na,2428,16000,1.88,test,na
2428-83699-0004_formant_opus-32k,data/attacks/opus-32k/2428-83699-0004_formant.wav,fake,attack,none,opus-32k,opus-32k,THE WHOLE THING WAS A TRIFLE ODD,gt,na,2428,16000,1.88,test,na
2428-83699-0004_formant_g711-8k,data/attacks/g711-8k/2428-83699-0004_formant.wav,fake,attack,none,g711-8k,g711-8k,THE WHOLE THING WAS A TRIFLE ODD,gt,na,2428,16000,1.88,test,na
2428-83699-0004_formant_resample-8k,data/attacks/resample-8k/2428-83699-0004_formant.wav,fake,attack,none,resample-8k,8k-roundtrip,THE WHOLE THING WAS A TRIFLE ODD,gt,na,2428,16000,1.88,test,na
2428-83699-0004_formant_awgn-snr5,data/attacks/awgn-snr5/2428-83699-0004_formant.wav,fake,attack,none,awgn-snr5,snr5,THE WHOLE THING WAS A TRIFLE ODD,gt,na,2428,16000,1.88,test,na
2428-83699-0004_formant_awgn-snr10,data/attacks/awgn-snr10/2428-83699-0004_formant.wav,fake,attack,none,awgn-snr10,snr10,THE WHOLE THING WAS A TRIFLE ODD,gt,na,2428,16000,1.88,test,na
2428-83699-0004_formant_awgn-snr20,data/attacks/awgn-snr20/2428-83699-0004_formant.wav,fake,attack,none,awgn-snr20,snr20,THE WHOLE THING WAS A TRIFLE ODD,gt,na,2428,16000,1.88,test,na
2428-83699-0004_formant_bandpass-300-3400,data/attacks/bandpass-300-3400/2428-83699-0004_formant.wav,fake,attack,none,bandpass-300-3400,bandpass300-3400,THE WHOLE THING WAS A TRIFLE ODD,gt,na,2428,16000,1.88,test,na
2428-83699-0004_formant_reverb-rt60-0.2,data/attacks/reverb-rt60-0.2/2428-83699-0004_formant.wav,fake,attack,none,reverb-rt60-0.2,rt60-0.2,THE WHOLE THING WAS A TRIFLE ODD,gt,na,2428,16000,1.88,test,na
2428-83699-0004_formant_reverb-rt60-0.4,data/attacks/reverb-rt60-0.4/2428-83699-0004_formant.wav,fake,attack,none,reverb-rt60-0.4,rt60-0.4,THE WHOLE THING WAS A TRIFLE ODD,gt,na,2428,16000,1.88,test,na
2428-83699-0004_formant_reverb-rt60-0.8,data/attacks/reverb-rt60-0.8/2428-83699-0004_formant.wav,fake,attack,none,reverb-rt60-0.8,rt60-0.8,THE WHOLE THING WAS A TRIFLE ODD,gt,na,2428,16000,1.88,test,na
2428-83699-0004_formant_speed0.9,data/attacks/speed0.9/2428-83699-0004_formant.wav,fake,attack,none,speed0.9,speed0.9,THE WHOLE THING WAS A TRIFLE ODD,gt,na,2428,16000,2.089,test,na
2428-83699-0004_formant_speed1.1,data/attacks/speed1.1/2428-83699-0004_formant.wav,fake,attack,none,speed1.1,speed1.1,THE WHOLE THING WAS A TRIFLE ODD,gt,na,2428,16000,1.709,test,na
2428-83699-0004_melvoc_mp3-128k,data/attacks/mp3-128k/2428-83699-0004_melvoc.wav,fake,attack,none,mp3-128k,mp3-128k,THE WHOLE THING WAS A TRIFLE ODD,gt,na,2428,16000,1.88,test,na
2428-83699-0004_melvoc_mp3-64k,data/attacks/mp3-64k/2428-83699-0004_melvoc.wav,fake,attack,none,mp3-64k,mp3-64k,THE WHOLE THING WAS A TRIFLE ODD,gt,na,2428,16000,1.88,test,na
2428-83699-0004_melvoc_opus-32k,data/attacks/opus-32k/2428-83699-0004_melvoc.wav,fake,attack,none,opus-32k,opus-32k,THE WHOLE THING WAS A TRIFLE ODD,gt,na,2428,16000,1.88,test,na
2428-83699-0004_melvoc_g711-8k,data/attacks/g711-8k/2428-83699-0004_melvoc.wav,fake,attack,none,g711-8k,g711-8k,THE WHOLE THING WAS A TRIFLE ODD,gt,na,2428,16000,1.88,test,na
2428-83699-0004_melvoc_resample-8k,data/attacks/resample-8k/2428-83699-0004_melvoc.wav,fake,attack,none,resample-8k,8k-roundtrip,THE WHOLE THING WAS A TRIFLE ODD,gt,na,2428,16000,1.88,test,na
2428-83699-0004_melvoc_awgn-snr5,data/attacks/awgn-snr5/2428-83699-0004_melvoc.wav,fake,attack,none,awgn-snr5,snr5,THE WHOLE THING WAS A TRIFLE ODD,gt,na,2428,16000,1.88,test,na
2428-83699-0004_melvoc_awgn-snr10,data/attacks/awgn-snr10/2428-83699-0004_melvoc.wav,fake,attack,none,awgn-snr10,snr10,THE WHOLE THING WAS A TRIFLE ODD,gt,na,2428,16000,1.88,test,na
2428-83699-0004_melvoc_awgn-snr20,data/attacks/awgn-snr20/2428-83699-0004_melvoc.wav,fake,attack,none,awgn-snr20,snr20,THE WHOLE THING WAS A TRIFLE ODD,gt,na,2428,16000,1.88,test,na
2428-83699-0004_melvoc_bandpass-300-3400,data/attacks/bandpass-300-3400/2428-83699-0004_melvoc.wav,fake,attack,none,bandpass-300-3400,bandpass300-3400,THE WHOLE THING WAS A TRIFLE ODD,gt,na,2428,16000,1.88,test,na
2428-83699-0004_melvoc_reverb-rt60-0.2,data/attacks/reverb-rt60-0.2/2428-83699-0004_melvoc.wav,fake,attack,none,reverb-rt60-0.2,rt60-0.2,THE WHOLE THING WAS A TRIFLE ODD,gt,na,2428,16000,1.88,test,na
2428-83699-0004_melvoc_reverb-rt60-0.4,data/attacks/reverb-rt60-0.4/2428-83699-0004_melvoc.wav,fake,attack,none,reverb-rt60-0.4,rt60-0.4,THE WHOLE THING WAS A TRIFLE ODD,gt,na,2428,16000,1.88,test,na
2428-83699-0004_melvoc_reverb-rt60-0.8,data/attacks/reverb-rt60-0.8/2428-83699-0004_melvoc.wav,fake,attack,none,reverb-rt60-0.8,rt60-0.8,THE WHOLE THING WAS A TRIFLE ODD,gt,na,2428,16000,1.88,test,na
2428-83699-0004_melvoc_speed0.9,data/attacks/speed0.9/2428-83699-0004_melvoc.wav,fake,attack,none,speed0.9,speed0.9,THE WHOLE THING WAS A TRIFLE ODD,gt,na,2428,16000,2.089,test,na
2428-83699-0004_melvoc_speed1.1,data/attacks/speed1.1/2428-83699-0004_melvoc.wav,fake,attack,none,speed1.1,speed1.1,THE WHOLE THING WAS A TRIFLE ODD,gt,na,2428,16000,1.709,test,na
2428-83699-0004_pitch_mp3-128k,data/attacks/mp3-128k/2428-83699-0004_pitch.wav,fake,attack,none,mp3-128k,mp3-128k,THE WHOLE THING WAS A TRIFLE ODD,gt,na,2428,16000,1.88,test,na
2428-83699-0004_pitch_mp3-64k,data/attacks/mp3-64k/2428-83699-0004_pitch.wav,fake,attack,none,mp3-64k,mp3-64k,THE WHOLE THING WAS A TRIFLE ODD,gt,na,2428,16000,1.88,test,na
2428-83699-0004_pitch_opus-32k,data/attacks/opus-32k/2428-83699-0004_pitch.wav,fake,attack,none,opus-32k,opus-32k,THE WHOLE THING WAS A TRIFLE ODD,gt,na,2428,16000,1.88,test,na
2428-83699-0004_pitch_g711-8k,data/attacks/g711-8k/2428-83699-0004_pitch.wav,fake,attack,none,g711-8k,g711-8k,THE WHOLE THING WAS A TRIFLE ODD,gt,na,2428,16000,1.88,test,na
2428-83699-0004_pitch_resample-8k,data/attacks/resample-8k/2428-83699-0004_pitch.wav,fake,attack,none,resample-8k,8k-roundtrip,THE WHOLE THING WAS A TRIFLE ODD,gt,na,2428,16000,1.88,test,na
2428-83699-0004_pitch_awgn-snr5,data/attacks/awgn-snr5/2428-83699-0004_pitch.wav,fake,attack,none,awgn-snr5,snr5,THE WHOLE THING WAS A TRIFLE ODD,gt,na,2428,16000,1.88,test,na
2428-83699-0004_pitch_awgn-snr10,data/attacks/awgn-snr10/2428-83699-0004_pitch.wav,fake,attack,none,awgn-snr10,snr10,THE WHOLE THING WAS A TRIFLE ODD,gt,na,2428,16000,1.88,test,na
2428-83699-0004_pitch_awgn-snr20,data/attacks/awgn-snr20/2428-83699-0004_pitch.wav,fake,attack,none,awgn-snr20,snr20,THE WHOLE THING WAS A TRIFLE ODD,gt,na,2428,16000,1.88,test,na
2428-83699-0004_pitch_bandpass-300-3400,data/attacks/bandpass-300-3400/2428-83699-0004_pitch.wav,fake,attack,none,bandpass-300-3400,bandpass300-3400,THE WHOLE THING WAS A TRIFLE ODD,gt,na,2428,16000,1.88,test,na
2428-83699-0004_pitch_reverb-rt60-0.2,data/attacks/reverb-rt60-0.2/2428-83699-0004_pitch.wav,fake,attack,none,reverb-rt60-0.2,rt60-0.2,THE WHOLE THING WAS A TRIFLE ODD,gt,na,2428,16000,1.88,test,na
2428-83699-0004_pitch_reverb-rt60-0.4,data/attacks/reverb-rt60-0.4/2428-83699-0004_pitch.wav,fake,attack,none,reverb-rt60-0.4,rt60-0.4,THE WHOLE THING WAS A TRIFLE ODD,gt,na,2428,16000,1.88,test,na
2428-83699-0004_pitch_reverb-rt60-0.8,data/attacks/reverb-rt60-0.8/2428-83699-0004_pitch.wav,fake,attack,none,reverb-rt60-0.8,rt60-0.8,THE WHOLE THING WAS A TRIFLE ODD,gt,na,2428,16000,1.88,test,na
2428-83699-0004_pitch_speed0.9,data/attacks/speed0.9/2428-83699-0004_pitch.wav,fake,attack,none,speed0.9,speed0.9,THE WHOLE THING WAS A TRIFLE ODD,gt,na,2428,16000,2.089,test,na
2428-83699-0004_pitch_speed1.1,data/attacks/speed1.1/2428-83699-0004_pitch.wav,fake,attack,none,speed1.1,speed1.1,THE WHOLE THING WAS A TRIFLE ODD,gt,na,2428,16000,1.709,test,na
2428-83699-0005_formant_mp3-128k,data/attacks/mp3-128k/2428-83699-0005_formant.wav,fake,attack,none,mp3-128k,mp3-128k,THERE WAS NOTHING SAID ABOUT THE SORT OF ACCOMMODATION WHICH WOULD BE PROVIDED NOTHING ABOUT THE KIND OF ESTABLISHMENT WHICH WAS MAINTAINED OR THE TABLE WHICH WAS KEPT,gt,na,2428,16000,9.09,test,na
2428-83699-0005_formant_mp3-64k,data/attacks/mp3-64k/2428-83699-0005_formant.wav,fake,attack,none,mp3-64k,mp3-64k,THERE WAS NOTHING SAID ABOUT THE SORT OF ACCOMMODATION WHICH WOULD BE PROVIDED NOTHING ABOUT THE KIND OF ESTABLISHMENT WHICH WAS MAINTAINED OR THE TABLE WHICH WAS KEPT,gt,na,2428,16000,9.09,test,na
2428-83699-0005_formant_opus-32k,data/attacks/opus-32k/2428-83699-0005_formant.wav,fake,attack,none,opus-32k,opus-32k,THERE WAS NOTHING SAID ABOUT THE SORT OF ACCOMMODATION WHICH WOULD BE PROVIDED NOTHING ABOUT THE KIND OF ESTABLISHMENT WHICH WAS MAINTAINED OR THE TABLE WHICH WAS KEPT,gt,na,2428,16000,9.09,test,na
2428-83699-0005_formant_g711-8k,data/attacks/g711-8k/2428-83699-0005_formant.wav,fake,attack,none,g711-8k,g711-8k,THERE WAS NOTHING SAID ABOUT THE SORT OF ACCOMMODATION WHICH WOULD BE PROVIDED NOTHING ABOUT THE KIND OF ESTABLISHMENT WHICH WAS MAINTAINED OR THE TABLE WHICH WAS KEPT,gt,na,2428,16000,9.09,test,na
2428-83699-0005_formant_resample-8k,data/attacks/resample-8k/2428-83699-0005_formant.wav,fake,attack,none,resample-8k,8k-roundtrip,THERE WAS NOTHING SAID ABOUT THE SORT OF ACCOMMODATION WHICH WOULD BE PROVIDED NOTHING ABOUT THE KIND OF ESTABLISHMENT WHICH WAS MAINTAINED OR THE TABLE WHICH WAS KEPT,gt,na,2428,16000,9.09,test,na
2428-83699-0005_formant_awgn-snr5,data/attacks/awgn-snr5/2428-83699-0005_formant.wav,fake,attack,none,awgn-snr5,snr5,THERE WAS NOTHING SAID ABOUT THE SORT OF ACCOMMODATION WHICH WOULD BE PROVIDED NOTHING ABOUT THE KIND OF ESTABLISHMENT WHICH WAS MAINTAINED OR THE TABLE WHICH WAS KEPT,gt,na,2428,16000,9.09,test,na
2428-83699-0005_formant_awgn-snr10,data/attacks/awgn-snr10/2428-83699-0005_formant.wav,fake,attack,none,awgn-snr10,snr10,THERE WAS NOTHING SAID ABOUT THE SORT OF ACCOMMODATION WHICH WOULD BE PROVIDED NOTHING ABOUT THE KIND OF ESTABLISHMENT WHICH WAS MAINTAINED OR THE TABLE WHICH WAS KEPT,gt,na,2428,16000,9.09,test,na
2428-83699-0005_formant_awgn-snr20,data/attacks/awgn-snr20/2428-83699-0005_formant.wav,fake,attack,none,awgn-snr20,snr20,THERE WAS NOTHING SAID ABOUT THE SORT OF ACCOMMODATION WHICH WOULD BE PROVIDED NOTHING ABOUT THE KIND OF ESTABLISHMENT WHICH WAS MAINTAINED OR THE TABLE WHICH WAS KEPT,gt,na,2428,16000,9.09,test,na
2428-83699-0005_formant_bandpass-300-3400,data/attacks/bandpass-300-3400/2428-83699-0005_formant.wav,fake,attack,none,bandpass-300-3400,bandpass300-3400,THERE WAS NOTHING SAID ABOUT THE SORT OF ACCOMMODATION WHICH WOULD BE PROVIDED NOTHING ABOUT THE KIND OF ESTABLISHMENT WHICH WAS MAINTAINED OR THE TABLE WHICH WAS KEPT,gt,na,2428,16000,9.09,test,na
2428-83699-0005_formant_reverb-rt60-0.2,data/attacks/reverb-rt60-0.2/2428-83699-0005_formant.wav,fake,attack,none,reverb-rt60-0.2,rt60-0.2,THERE WAS NOTHING SAID ABOUT THE SORT OF ACCOMMODATION WHICH WOULD BE PROVIDED NOTHING ABOUT THE KIND OF ESTABLISHMENT WHICH WAS MAINTAINED OR THE TABLE WHICH WAS KEPT,gt,na,2428,16000,9.09,test,na
2428-83699-0005_formant_reverb-rt60-0.4,data/attacks/reverb-rt60-0.4/2428-83699-0005_formant.wav,fake,attack,none,reverb-rt60-0.4,rt60-0.4,THERE WAS NOTHING SAID ABOUT THE SORT OF ACCOMMODATION WHICH WOULD BE PROVIDED NOTHING ABOUT THE KIND OF ESTABLISHMENT WHICH WAS MAINTAINED OR THE TABLE WHICH WAS KEPT,gt,na,2428,16000,9.09,test,na
2428-83699-0005_formant_reverb-rt60-0.8,data/attacks/reverb-rt60-0.8/2428-83699-0005_formant.wav,fake,attack,none,reverb-rt60-0.8,rt60-0.8,THERE WAS NOTHING SAID ABOUT THE SORT OF ACCOMMODATION WHICH WOULD BE PROVIDED NOTHING ABOUT THE KIND OF ESTABLISHMENT WHICH WAS MAINTAINED OR THE TABLE WHICH WAS KEPT,gt,na,2428,16000,9.09,test,na
2428-83699-0005_formant_speed0.9,data/attacks/speed0.9/2428-83699-0005_formant.wav,fake,attack,none,speed0.9,speed0.9,THERE WAS NOTHING SAID ABOUT THE SORT OF ACCOMMODATION WHICH WOULD BE PROVIDED NOTHING ABOUT THE KIND OF ESTABLISHMENT WHICH WAS MAINTAINED OR THE TABLE WHICH WAS KEPT,gt,na,2428,16000,10.1,test,na
2428-83699-0005_formant_speed1.1,data/attacks/speed1.1/2428-83699-0005_formant.wav,fake,attack,none,speed1.1,speed1.1,THERE WAS NOTHING SAID ABOUT THE SORT OF ACCOMMODATION WHICH WOULD BE PROVIDED NOTHING ABOUT THE KIND OF ESTABLISHMENT WHICH WAS MAINTAINED OR THE TABLE WHICH WAS KEPT,gt,na,2428,16000,8.264,test,na
2428-83699-0005_melvoc_mp3-128k,data/attacks/mp3-128k/2428-83699-0005_melvoc.wav,fake,attack,none,mp3-128k,mp3-128k,THERE WAS NOTHING SAID ABOUT THE SORT OF ACCOMMODATION WHICH WOULD BE PROVIDED NOTHING ABOUT THE KIND OF ESTABLISHMENT WHICH WAS MAINTAINED OR THE TABLE WHICH WAS KEPT,gt,na,2428,16000,9.088,test,na
2428-83699-0005_melvoc_mp3-64k,data/attacks/mp3-64k/2428-83699-0005_melvoc.wav,fake,attack,none,mp3-64k,mp3-64k,THERE WAS NOTHING SAID ABOUT THE SORT OF ACCOMMODATION WHICH WOULD BE PROVIDED NOTHING ABOUT THE KIND OF ESTABLISHMENT WHICH WAS MAINTAINED OR THE TABLE WHICH WAS KEPT,gt,na,2428,16000,9.088,test,na
2428-83699-0005_melvoc_opus-32k,data/attacks/opus-32k/2428-83699-0005_melvoc.wav,fake,attack,none,opus-32k,opus-32k,THERE WAS NOTHING SAID ABOUT THE SORT OF ACCOMMODATION WHICH WOULD BE PROVIDED NOTHING ABOUT THE KIND OF ESTABLISHMENT WHICH WAS MAINTAINED OR THE TABLE WHICH WAS KEPT,gt,na,2428,16000,9.088,test,na
2428-83699-0005_melvoc_g711-8k,data/attacks/g711-8k/2428-83699-0005_melvoc.wav,fake,attack,none,g711-8k,g711-8k,THERE WAS NOTHING SAID ABOUT THE SORT OF ACCOMMODATION WHICH WOULD BE PROVIDED NOTHING ABOUT THE KIND OF ESTABLISHMENT WHICH WAS MAINTAINED OR THE TABLE WHICH WAS KEPT,gt,na,2428,16000,9.088,test,na
2428-83699-0005_melvoc_resample-8k,data/attacks/resample-8k/2428-83699-0005_melvoc.wav,fake,attack,none,resample-8k,8k-roundtrip,THERE WAS NOTHING SAID ABOUT THE SORT OF ACCOMMODATION WHICH WOULD BE PROVIDED NOTHING ABOUT THE KIND OF ESTABLISHMENT WHICH WAS MAINTAINED OR THE TABLE WHICH WAS KEPT,gt,na,2428,16000,9.088,test,na
2428-83699-0005_melvoc_awgn-snr5,data/attacks/awgn-snr5/2428-83699-0005_melvoc.wav,fake,attack,none,awgn-snr5,snr5,THERE WAS NOTHING SAID ABOUT THE SORT OF ACCOMMODATION WHICH WOULD BE PROVIDED NOTHING ABOUT THE KIND OF ESTABLISHMENT WHICH WAS MAINTAINED OR THE TABLE WHICH WAS KEPT,gt,na,2428,16000,9.088,test,na
2428-83699-0005_melvoc_awgn-snr10,data/attacks/awgn-snr10/2428-83699-0005_melvoc.wav,fake,attack,none,awgn-snr10,snr10,THERE WAS NOTHING SAID ABOUT THE SORT OF ACCOMMODATION WHICH WOULD BE PROVIDED NOTHING ABOUT THE KIND OF ESTABLISHMENT WHICH WAS MAINTAINED OR THE TABLE WHICH WAS KEPT,gt,na,2428,16000,9.088,test,na
2428-83699-0005_melvoc_awgn-snr20,data/attacks/awgn-snr20/2428-83699-0005_melvoc.wav,fake,attack,none,awgn-snr20,snr20,THERE WAS NOTHING SAID ABOUT THE SORT OF ACCOMMODATION WHICH WOULD BE PROVIDED NOTHING ABOUT THE KIND OF ESTABLISHMENT WHICH WAS MAINTAINED OR THE TABLE WHICH WAS KEPT,gt,na,2428,16000,9.088,test,na
2428-83699-0005_melvoc_bandpass-300-3400,data/attacks/bandpass-300-3400/2428-83699-0005_melvoc.wav,fake,attack,none,bandpass-300-3400,bandpass300-3400,THERE WAS NOTHING SAID ABOUT THE SORT OF ACCOMMODATION WHICH WOULD BE PROVIDED NOTHING ABOUT THE KIND OF ESTABLISHMENT WHICH WAS MAINTAINED OR THE TABLE WHICH WAS KEPT,gt,na,2428,16000,9.088,test,na
2428-83699-0005_melvoc_reverb-rt60-0.2,data/attacks/reverb-rt60-0.2/2428-83699-0005_melvoc.wav,fake,attack,none,reverb-rt60-0.2,rt60-0.2,THERE WAS NOTHING SAID ABOUT THE SORT OF ACCOMMODATION WHICH WOULD BE PROVIDED NOTHING ABOUT THE KIND OF ESTABLISHMENT WHICH WAS MAINTAINED OR THE TABLE WHICH WAS KEPT,gt,na,2428,16000,9.088,test,na
2428-83699-0005_melvoc_reverb-rt60-0.4,data/attacks/reverb-rt60-0.4/2428-83699-0005_melvoc.wav,fake,attack,none,reverb-rt60-0.4,rt60-0.4,THERE WAS NOTHING SAID ABOUT THE SORT OF ACCOMMODATION WHICH WOULD BE PROVIDED NOTHING ABOUT THE KIND OF ESTABLISHMENT WHICH WAS MAINTAINED OR THE TABLE WHICH WAS KEPT,gt,na,2428,16000,9.088,test,na
2428-83699-0005_melvoc_reverb-rt60-0.8,data/attacks/reverb-rt60-0.8/2428-83699-0005_melvoc.wav,fake,attack,none,reverb-rt60-0.8,rt60-0.8,THERE WAS NOTHING SAID ABOUT THE SORT OF ACCOMMODATION WHICH WOULD BE PROVIDED NOTHING ABOUT THE KIND OF ESTABLISHMENT WHICH WAS MAINTAINED OR THE TABLE WHICH WAS KEPT,gt,na,2428,16000,9.088,test,na
2428-83699-0005_melvoc_speed0.9,data/attacks/speed0.9/2428-83699-0005_melvoc.wav,fake,attack,none,speed0.9,speed0.9,THERE WAS NOTHING SAID ABOUT THE SORT OF ACCOMMODATION WHICH WOULD BE PROVIDED NOTHING ABOUT THE KIND OF ESTABLISHMENT WHICH WAS MAINTAINED OR THE TABLE WHICH WAS KEPT,gt,na,2428,16000,10.098,test,na
2428-83699-0005_melvoc_speed1.1,data/attacks/speed1.1/2428-83699-0005_melvoc.wav,fake,attack,none,speed1.1,speed1.1,THERE WAS NOTHING SAID ABOUT THE SORT OF ACCOMMODATION WHICH WOULD BE PROVIDED NOTHING ABOUT THE KIND OF ESTABLISHMENT WHICH WAS MAINTAINED OR THE TABLE WHICH WAS KEPT,gt,na,2428,16000,8.262,test,na
2428-83699-0005_pitch_mp3-128k,data/attacks/mp3-128k/2428-83699-0005_pitch.wav,fake,attack,none,mp3-128k,mp3-128k,THERE WAS NOTHING SAID ABOUT THE SORT OF ACCOMMODATION WHICH WOULD BE PROVIDED NOTHING ABOUT THE KIND OF ESTABLISHMENT WHICH WAS MAINTAINED OR THE TABLE WHICH WAS KEPT,gt,na,2428,16000,9.09,test,na
2428-83699-0005_pitch_mp3-64k,data/attacks/mp3-64k/2428-83699-0005_pitch.wav,fake,attack,none,mp3-64k,mp3-64k,THERE WAS NOTHING SAID ABOUT THE SORT OF ACCOMMODATION WHICH WOULD BE PROVIDED NOTHING ABOUT THE KIND OF ESTABLISHMENT WHICH WAS MAINTAINED OR THE TABLE WHICH WAS KEPT,gt,na,2428,16000,9.09,test,na
2428-83699-0005_pitch_opus-32k,data/attacks/opus-32k/2428-83699-0005_pitch.wav,fake,attack,none,opus-32k,opus-32k,THERE WAS NOTHING SAID ABOUT THE SORT OF ACCOMMODATION WHICH WOULD BE PROVIDED NOTHING ABOUT THE KIND OF ESTABLISHMENT WHICH WAS MAINTAINED OR THE TABLE WHICH WAS KEPT,gt,na,2428,16000,9.09,test,na
2428-83699-0005_pitch_g711-8k,data/attacks/g711-8k/2428-83699-0005_pitch.wav,fake,attack,none,g711-8k,g711-8k,THERE WAS NOTHING SAID ABOUT THE SORT OF ACCOMMODATION WHICH WOULD BE PROVIDED NOTHING ABOUT THE KIND OF ESTABLISHMENT WHICH WAS MAINTAINED OR THE TABLE WHICH WAS KEPT,gt,na,2428,16000,9.09,test,na
2428-83699-0005_pitch_resample-8k,data/attacks/resample-8k/2428-83699-0005_pitch.wav,fake,attack,none,resample-8k,8k-roundtrip,THERE WAS NOTHING SAID ABOUT THE SORT OF ACCOMMODATION WHICH WOULD BE PROVIDED NOTHING ABOUT THE KIND OF ESTABLISHMENT WHICH WAS MAINTAINED OR THE TABLE WHICH WAS KEPT,gt,na,2428,16000,9.09,test,na
2428-83699-0005_pitch_awgn-snr5,data/attacks/awgn-snr5/2428-83699-0005_pitch.wav,fake,attack,none,awgn-snr5,snr5,THERE WAS NOTHING SAID ABOUT THE SORT OF ACCOMMODATION WHICH WOULD BE PROVIDED NOTHING ABOUT THE KIND OF ESTABLISHMENT WHICH WAS MAINTAINED OR THE TABLE WHICH WAS KEPT,gt,na,2428,16000,9.09,test,na
2428-83699-0005_pitch_awgn-snr10,data/attacks/awgn-snr10/2428-83699-0005_pitch.wav,fake,attack,none,awgn-snr10,snr10,THERE WAS NOTHING SAID ABOUT THE SORT OF ACCOMMODATION WHICH WOULD BE PROVIDED NOTHING ABOUT THE KIND OF ESTABLISHMENT WHICH WAS MAINTAINED OR THE TABLE WHICH WAS KEPT,gt,na,2428,16000,9.09,test,na
2428-83699-0005_pitch_awgn-snr20,data/attacks/awgn-snr20/2428-83699-0005_pitch.wav,fake,attack,none,awgn-snr20,snr20,THERE WAS NOTHING SAID ABOUT THE SORT OF ACCOMMODATION WHICH WOULD BE PROVIDED NOTHING ABOUT THE KIND OF ESTABLISHMENT WHICH WAS MAINTAINED OR THE TABLE WHICH WAS KEPT,gt,na,2428,16000,9.09,test,na
2428-83699-0005_pitch_bandpass-300-3400,data/attacks/bandpass-300-3400/2428-83699-0005_pitch.wav,fake,attack,none,bandpass-300-3400,bandpass300-3400,THERE WAS NOTHING SAID ABOUT THE SORT OF ACCOMMODATION WHICH WOULD BE PROVIDED NOTHING ABOUT THE KIND OF ESTABLISHMENT WHICH WAS MAINTAINED OR THE TABLE WHICH WAS KEPT,gt,na,2428,16000,9.09,test,na
2428-83699-0005_pitch_reverb-rt60-0.2,data/attacks/reverb-rt60-0.2/2428-83699-0005_pitch.wav,fake,attack,none,reverb-rt60-0.2,rt60-0.2,THERE WAS NOTHING SAID ABOUT THE SORT OF ACCOMMODATION WHICH WOULD BE PROVIDED NOTHING ABOUT THE KIND OF ESTABLISHMENT WHICH WAS MAINTAINED OR THE TABLE WHICH WAS KEPT,gt,na,2428,16000,9.09,test,na
2428-83699-0005_pitch_reverb-rt60-0.4,data/attacks/reverb-rt60-0.4/2428-83699-0005_pitch.wav,fake,attack,none,reverb-rt60-0.4,rt60-0.4,THERE WAS NOTHING SAID ABOUT THE SORT OF ACCOMMODATION WHICH WOULD BE PROVIDED NOTHING ABOUT THE KIND OF ESTABLISHMENT WHICH WAS MAINTAINED OR THE TABLE WHICH WAS KEPT,gt,na,2428,16000,9.09,test,na
2428-83699-0005_pitch_reverb-rt60-0.8,data/attacks/reverb-rt60-0.8/2428-83699-0005_pitch.wav,fake,attack,none,reverb-rt60-0.8,rt60-0.8,THERE WAS NOTHING SAID ABOUT THE SORT OF ACCOMMODATION WHICH WOULD BE PROVIDED NOTHING ABOUT THE KIND OF ESTABLISHMENT WHICH WAS MAINTAINED OR THE TABLE WHICH WAS KEPT,gt,na,2428,16000,9.09,test,na
2428-83699-0005_pitch_speed0.9,data/attacks/speed0.9/2428-83699-0005_pitch.wav,fake,attack,none,speed0.9,speed0.9,THERE WAS NOTHING SAID ABOUT THE SORT OF ACCOMMODATION WHICH WOULD BE PROVIDED NOTHING ABOUT THE KIND OF ESTABLISHMENT WHICH WAS MAINTAINED OR THE TABLE WHICH WAS KEPT,gt,na,2428,16000,10.1,test,na
2428-83699-0005_pitch_speed1.1,data/attacks/speed1.1/2428-83699-0005_pitch.wav,fake,attack,none,speed1.1,speed1.1,THERE WAS NOTHING SAID ABOUT THE SORT OF ACCOMMODATION WHICH WOULD BE PROVIDED NOTHING ABOUT THE KIND OF ESTABLISHMENT WHICH WAS MAINTAINED OR THE TABLE WHICH WAS KEPT,gt,na,2428,16000,8.264,test,na
2428-83699-0006_formant_mp3-128k,data/attacks/mp3-128k/2428-83699-0006_formant.wav,fake,attack,none,mp3-128k,mp3-128k,NOW IT IS A REMARKABLE THING THAT I HAVE ALWAYS HAD AN EXTRAORDINARY PREDILECTION FOR THE NAME MADGE I DO NOT KNOW WHY,gt,na,2428,16000,6.825,test,na
2428-83699-0006_formant_mp3-64k,data/attacks/mp3-64k/2428-83699-0006_formant.wav,fake,attack,none,mp3-64k,mp3-64k,NOW IT IS A REMARKABLE THING THAT I HAVE ALWAYS HAD AN EXTRAORDINARY PREDILECTION FOR THE NAME MADGE I DO NOT KNOW WHY,gt,na,2428,16000,6.825,test,na
2428-83699-0006_formant_opus-32k,data/attacks/opus-32k/2428-83699-0006_formant.wav,fake,attack,none,opus-32k,opus-32k,NOW IT IS A REMARKABLE THING THAT I HAVE ALWAYS HAD AN EXTRAORDINARY PREDILECTION FOR THE NAME MADGE I DO NOT KNOW WHY,gt,na,2428,16000,6.825,test,na
2428-83699-0006_formant_g711-8k,data/attacks/g711-8k/2428-83699-0006_formant.wav,fake,attack,none,g711-8k,g711-8k,NOW IT IS A REMARKABLE THING THAT I HAVE ALWAYS HAD AN EXTRAORDINARY PREDILECTION FOR THE NAME MADGE I DO NOT KNOW WHY,gt,na,2428,16000,6.825,test,na
2428-83699-0006_formant_resample-8k,data/attacks/resample-8k/2428-83699-0006_formant.wav,fake,attack,none,resample-8k,8k-roundtrip,NOW IT IS A REMARKABLE THING THAT I HAVE ALWAYS HAD AN EXTRAORDINARY PREDILECTION FOR THE NAME MADGE I DO NOT KNOW WHY,gt,na,2428,16000,6.825,test,na
2428-83699-0006_formant_awgn-snr5,data/attacks/awgn-snr5/2428-83699-0006_formant.wav,fake,attack,none,awgn-snr5,snr5,NOW IT IS A REMARKABLE THING THAT I HAVE ALWAYS HAD AN EXTRAORDINARY PREDILECTION FOR THE NAME MADGE I DO NOT KNOW WHY,gt,na,2428,16000,6.825,test,na
2428-83699-0006_formant_awgn-snr10,data/attacks/awgn-snr10/2428-83699-0006_formant.wav,fake,attack,none,awgn-snr10,snr10,NOW IT IS A REMARKABLE THING THAT I HAVE ALWAYS HAD AN EXTRAORDINARY PREDILECTION FOR THE NAME MADGE I DO NOT KNOW WHY,gt,na,2428,16000,6.825,test,na
2428-83699-0006_formant_awgn-snr20,data/attacks/awgn-snr20/2428-83699-0006_formant.wav,fake,attack,none,awgn-snr20,snr20,NOW IT IS A REMARKABLE THING THAT I HAVE ALWAYS HAD AN EXTRAORDINARY PREDILECTION FOR THE NAME MADGE I DO NOT KNOW WHY,gt,na,2428,16000,6.825,test,na
2428-83699-0006_formant_bandpass-300-3400,data/attacks/bandpass-300-3400/2428-83699-0006_formant.wav,fake,attack,none,bandpass-300-3400,bandpass300-3400,NOW IT IS A REMARKABLE THING THAT I HAVE ALWAYS HAD AN EXTRAORDINARY PREDILECTION FOR THE NAME MADGE I DO NOT KNOW WHY,gt,na,2428,16000,6.825,test,na
2428-83699-0006_formant_reverb-rt60-0.2,data/attacks/reverb-rt60-0.2/2428-83699-0006_formant.wav,fake,attack,none,reverb-rt60-0.2,rt60-0.2,NOW IT IS A REMARKABLE THING THAT I HAVE ALWAYS HAD AN EXTRAORDINARY PREDILECTION FOR THE NAME MADGE I DO NOT KNOW WHY,gt,na,2428,16000,6.825,test,na
2428-83699-0006_formant_reverb-rt60-0.4,data/attacks/reverb-rt60-0.4/2428-83699-0006_formant.wav,fake,attack,none,reverb-rt60-0.4,rt60-0.4,NOW IT IS A REMARKABLE THING THAT I HAVE ALWAYS HAD AN EXTRAORDINARY PREDILECTION FOR THE NAME MADGE I DO NOT KNOW WHY,gt,na,2428,16000,6.825,test,na
2428-83699-0006_formant_reverb-rt60-0.8,data/attacks/reverb-rt60-0.8/2428-83699-0006_formant.wav,fake,attack,none,reverb-rt60-0.8,rt60-0.8,NOW IT IS A REMARKABLE THING THAT I HAVE ALWAYS HAD AN EXTRAORDINARY PREDILECTION FOR THE NAME MADGE I DO NOT KNOW WHY,gt,na,2428,16000,6.825,test,na
2428-83699-0006_formant_speed0.9,data/attacks/speed0.9/2428-83699-0006_formant.wav,fake,attack,none,speed0.9,speed0.9,NOW IT IS A REMARKABLE THING THAT I HAVE ALWAYS HAD AN EXTRAORDINARY PREDILECTION FOR THE NAME MADGE I DO NOT KNOW WHY,gt,na,2428,16000,7.583,test,na
2428-83699-0006_formant_speed1.1,data/attacks/speed1.1/2428-83699-0006_formant.wav,fake,attack,none,speed1.1,speed1.1,NOW IT IS A REMARKABLE THING THAT I HAVE ALWAYS HAD AN EXTRAORDINARY PREDILECTION FOR THE NAME MADGE I DO NOT KNOW WHY,gt,na,2428,16000,6.205,test,na
2428-83699-0006_melvoc_mp3-128k,data/attacks/mp3-128k/2428-83699-0006_melvoc.wav,fake,attack,none,mp3-128k,mp3-128k,NOW IT IS A REMARKABLE THING THAT I HAVE ALWAYS HAD AN EXTRAORDINARY PREDILECTION FOR THE NAME MADGE I DO NOT KNOW WHY,gt,na,2428,16000,6.824,test,na
2428-83699-0006_melvoc_mp3-64k,data/attacks/mp3-64k/2428-83699-0006_melvoc.wav,fake,attack,none,mp3-64k,mp3-64k,NOW IT IS A REMARKABLE THING THAT I HAVE ALWAYS HAD AN EXTRAORDINARY PREDILECTION FOR THE NAME MADGE I DO NOT KNOW WHY,gt,na,2428,16000,6.824,test,na
2428-83699-0006_melvoc_opus-32k,data/attacks/opus-32k/2428-83699-0006_melvoc.wav,fake,attack,none,opus-32k,opus-32k,NOW IT IS A REMARKABLE THING THAT I HAVE ALWAYS HAD AN EXTRAORDINARY PREDILECTION FOR THE NAME MADGE I DO NOT KNOW WHY,gt,na,2428,16000,6.824,test,na
2428-83699-0006_melvoc_g711-8k,data/attacks/g711-8k/2428-83699-0006_melvoc.wav,fake,attack,none,g711-8k,g711-8k,NOW IT IS A REMARKABLE THING THAT I HAVE ALWAYS HAD AN EXTRAORDINARY PREDILECTION FOR THE NAME MADGE I DO NOT KNOW WHY,gt,na,2428,16000,6.824,test,na
2428-83699-0006_melvoc_resample-8k,data/attacks/resample-8k/2428-83699-0006_melvoc.wav,fake,attack,none,resample-8k,8k-roundtrip,NOW IT IS A REMARKABLE THING THAT I HAVE ALWAYS HAD AN EXTRAORDINARY PREDILECTION FOR THE NAME MADGE I DO NOT KNOW WHY,gt,na,2428,16000,6.824,test,na
2428-83699-0006_melvoc_awgn-snr5,data/attacks/awgn-snr5/2428-83699-0006_melvoc.wav,fake,attack,none,awgn-snr5,snr5,NOW IT IS A REMARKABLE THING THAT I HAVE ALWAYS HAD AN EXTRAORDINARY PREDILECTION FOR THE NAME MADGE I DO NOT KNOW WHY,gt,na,2428,16000,6.824,test,na
2428-83699-0006_melvoc_awgn-snr10,data/attacks/awgn-snr10/2428-83699-0006_melvoc.wav,fake,attack,none,awgn-snr10,snr10,NOW IT IS A REMARKABLE THING THAT I HAVE ALWAYS HAD AN EXTRAORDINARY PREDILECTION FOR THE NAME MADGE I DO NOT KNOW WHY,gt,na,2428,16000,6.824,test,na
2428-83699-0006_melvoc_awgn-snr20,data/attacks/awgn-snr20/2428-83699-0006_melvoc.wav,fake,attack,none,awgn-snr20,snr20,NOW IT IS A REMARKABLE THING THAT I HAVE ALWAYS HAD AN EXTRAORDINARY PREDILECTION FOR THE NAME MADGE I DO NOT KNOW WHY,gt,na,2428,16000,6.824,test,na
2428-83699-0006_melvoc_bandpass-300-3400,data/attacks/bandpass-300-3400/2428-83699-0006_melvoc.wav,fake,attack,none,bandpass-300-3400,bandpass300-3400,NOW IT IS A REMARKABLE THING THAT I HAVE ALWAYS HAD AN EXTRAORDINARY PREDILECTION FOR THE NAME MADGE I DO NOT KNOW WHY,gt,na,2428,16000,6.824,test,na
2428-83699-0006_melvoc_reverb-rt60-0.2,data/attacks/reverb-rt60-0.2/2428-83699-0006_melvoc.wav,fake,attack,none,reverb-rt60-0.2,rt60-0.2,NOW IT IS A REMARKABLE THING THAT I HAVE ALWAYS HAD AN EXTRAORDINARY PREDILECTION FOR THE NAME MADGE I DO NOT KNOW WHY,gt,na,2428,16000,6.824,test,na
2428-83699-0006_melvoc_reverb-rt60-0.4,data/attacks/reverb-rt60-0.4/2428-83699-0006_melvoc.wav,fake,attack,none,reverb-rt60-0.4,rt60-0.4,NOW IT IS A REMARKABLE THING THAT I HAVE ALWAYS HAD AN EXTRAORDINARY PREDILECTION FOR THE NAME MADGE I DO NOT KNOW WHY,gt,na,2428,16000,6.824,test,na
2428-83699-0006_melvoc_reverb-rt60-0.8,data/attacks/reverb-rt60-0.8/2428-83699-0006_melvoc.wav,fake,attack,none,reverb-rt60-0.8,rt60-0.8,NOW IT IS A REMARKABLE THING THAT I HAVE ALWAYS HAD AN EXTRAORDINARY PREDILECTION FOR THE NAME MADGE I DO NOT KNOW WHY,gt,na,2428,16000,6.824,test,na
2428-83699-0006_melvoc_speed0.9,data/attacks/speed0.9/2428-83699-0006_melvoc.wav,fake,attack,none,speed0.9,speed0.9,NOW IT IS A REMARKABLE THING THAT I HAVE ALWAYS HAD AN EXTRAORDINARY PREDILECTION FOR THE NAME MADGE I DO NOT KNOW WHY,gt,na,2428,16000,7.582,test,na
2428-83699-0006_melvoc_speed1.1,data/attacks/speed1.1/2428-83699-0006_melvoc.wav,fake,attack,none,speed1.1,speed1.1,NOW IT IS A REMARKABLE THING THAT I HAVE ALWAYS HAD AN EXTRAORDINARY PREDILECTION FOR THE NAME MADGE I DO NOT KNOW WHY,gt,na,2428,16000,6.204,test,na
2428-83699-0006_pitch_mp3-128k,data/attacks/mp3-128k/2428-83699-0006_pitch.wav,fake,attack,none,mp3-128k,mp3-128k,NOW IT IS A REMARKABLE THING THAT I HAVE ALWAYS HAD AN EXTRAORDINARY PREDILECTION FOR THE NAME MADGE I DO NOT KNOW WHY,gt,na,2428,16000,6.825,test,na
2428-83699-0006_pitch_mp3-64k,data/attacks/mp3-64k/2428-83699-0006_pitch.wav,fake,attack,none,mp3-64k,mp3-64k,NOW IT IS A REMARKABLE THING THAT I HAVE ALWAYS HAD AN EXTRAORDINARY PREDILECTION FOR THE NAME MADGE I DO NOT KNOW WHY,gt,na,2428,16000,6.825,test,na
2428-83699-0006_pitch_opus-32k,data/attacks/opus-32k/2428-83699-0006_pitch.wav,fake,attack,none,opus-32k,opus-32k,NOW IT IS A REMARKABLE THING THAT I HAVE ALWAYS HAD AN EXTRAORDINARY PREDILECTION FOR THE NAME MADGE I DO NOT KNOW WHY,gt,na,2428,16000,6.825,test,na
2428-83699-0006_pitch_g711-8k,data/attacks/g711-8k/2428-83699-0006_pitch.wav,fake,attack,none,g711-8k,g711-8k,NOW IT IS A REMARKABLE THING THAT I HAVE ALWAYS HAD AN EXTRAORDINARY PREDILECTION FOR THE NAME MADGE I DO NOT KNOW WHY,gt,na,2428,16000,6.825,test,na
2428-83699-0006_pitch_resample-8k,data/attacks/resample-8k/2428-83699-0006_pitch.wav,fake,attack,none,resample-8k,8k-roundtrip,NOW IT IS A REMARKABLE THING THAT I HAVE ALWAYS HAD AN EXTRAORDINARY PREDILECTION FOR THE NAME MADGE I DO NOT KNOW WHY,gt,na,2428,16000,6.825,test,na
2428-83699-0006_pitch_awgn-snr5,data/attacks/awgn-snr5/2428-83699-0006_pitch.wav,fake,attack,none,awgn-snr5,snr5,NOW IT IS A REMARKABLE THING THAT I HAVE ALWAYS HAD AN EXTRAORDINARY PREDILECTION FOR THE NAME MADGE I DO NOT KNOW WHY,gt,na,2428,16000,6.825,test,na
2428-83699-0006_pitch_awgn-snr10,data/attacks/awgn-snr10/2428-83699-0006_pitch.wav,fake,attack,none,awgn-snr10,snr10,NOW IT IS A REMARKABLE THING THAT I HAVE ALWAYS HAD AN EXTRAORDINARY PREDILECTION FOR THE NAME MADGE I DO NOT KNOW WHY,gt,na,2428,16000,6.825,test,na
2428-83699-0006_pitch_awgn-snr20,data/attacks/awgn-snr20/2428-83699-0006_pitch.wav,fake,attack,none,awgn-snr20,snr20,NOW IT IS A REMARKABLE THING THAT I HAVE ALWAYS HAD AN EXTRAORDINARY PREDILECTION FOR THE NAME MADGE I DO NOT KNOW WHY,gt,na,2428,16000,6.825,test,na
2428-83699-0006_pitch_bandpass-300-3400,data/attacks/bandpass-300-3400/2428-83699-0006_pitch.wav,fake,attack,none,bandpass-300-3400,bandpass300-3400,NOW IT IS A REMARKABLE THING THAT I HAVE ALWAYS HAD AN EXTRAORDINARY PREDILECTION FOR THE NAME MADGE I DO NOT KNOW WHY,gt,na,2428,16000,6.825,test,na
2428-83699-0006_pitch_reverb-rt60-0.2,data/attacks/reverb-rt60-0.2/2428-83699-0006_pitch.wav,fake,attack,none,reverb-rt60-0.2,rt60-0.2,NOW IT IS A REMARKABLE THING THAT I HAVE ALWAYS HAD AN EXTRAORDINARY PREDILECTION FOR THE NAME MADGE I DO NOT KNOW WHY,gt,na,2428,16000,6.825,test,na
2428-83699-0006_pitch_reverb-rt60-0.4,data/attacks/reverb-rt60-0.4/2428-83699-0006_pitch.wav,fake,attack,none,reverb-rt60-0.4,rt60-0.4,NOW IT IS A REMARKABLE THING THAT I HAVE ALWAYS HAD AN EXTRAORDINARY PREDILECTION FOR THE NAME MADGE I DO NOT KNOW WHY,gt,na,2428,16000,6.825,test,na
2428-83699-0006_pitch_reverb-rt60-0.8,data/attacks/reverb-rt60-0.8/2428-83699-0006_pitch.wav,fake,attack,none,reverb-rt60-0.8,rt60-0.8,NOW IT IS A REMARKABLE THING THAT I HAVE ALWAYS HAD AN EXTRAORDINARY PREDILECTION FOR THE NAME MADGE I DO NOT KNOW WHY,gt,na,2428,16000,6.825,test,na
2428-83699-0006_pitch_speed0.9,data/attacks/speed0.9/2428-83699-0006_pitch.wav,fake,attack,none,speed0.9,speed0.9,NOW IT IS A REMARKABLE THING THAT I HAVE ALWAYS HAD AN EXTRAORDINARY PREDILECTION FOR THE NAME MADGE I DO NOT KNOW WHY,gt,na,2428,16000,7.583,test,na
2428-83699-0006_pitch_speed1.1,data/attacks/speed1.1/2428-83699-0006_pitch.wav,fake,attack,none,speed1.1,speed1.1,NOW IT IS A REMARKABLE THING THAT I HAVE ALWAYS HAD AN EXTRAORDINARY PREDILECTION FOR THE NAME MADGE I DO NOT KNOW WHY,gt,na,2428,16000,6.205,test,na
2428-83699-0007_formant_mp3-128k,data/attacks/mp3-128k/2428-83699-0007_formant.wav,fake,attack,none,mp3-128k,mp3-128k,I HAVE NEVER KNOWN A MADGE AND YET FROM MY BOYHOOD UPWARD I HAVE DESIRED TO MEET ONE,gt,na,2428,16000,5.71,test,na
2428-83699-0007_formant_mp3-64k,data/attacks/mp3-64k/2428-83699-0007_formant.wav,fake,attack,none,mp3-64k,mp3-64k,I HAVE NEVER KNOWN A MADGE AND YET FROM MY BOYHOOD UPWARD I HAVE DESIRED TO MEET ONE,gt,na,2428,16000,5.71,test,na
2428-83699-0007_formant_opus-32k,data/attacks/opus-32k/2428-83699-0007_formant.wav,fake,attack,none,opus-32k,opus-32k,I HAVE NEVER KNOWN A MADGE AND YET FROM MY BOYHOOD UPWARD I HAVE DESIRED TO MEET ONE,gt,na,2428,16000,5.71,test,na
2428-83699-0007_formant_g711-8k,data/attacks/g711-8k/2428-83699-0007_formant.wav,fake,attack,none,g711-8k,g711-8k,I HAVE NEVER KNOWN A MADGE AND YET FROM MY BOYHOOD UPWARD I HAVE DESIRED TO MEET ONE,gt,na,2428,16000,5.71,test,na
2428-83699-0007_formant_resample-8k,data/attacks/resample-8k/2428-83699-0007_formant.wav,fake,attack,none,resample-8k,8k-roundtrip,I HAVE NEVER KNOWN A MADGE AND YET FROM MY BOYHOOD UPWARD I HAVE DESIRED TO MEET ONE,gt,na,2428,16000,5.71,test,na
2428-83699-0007_formant_awgn-snr5,data/attacks/awgn-snr5/2428-83699-0007_formant.wav,fake,attack,none,awgn-snr5,snr5,I HAVE NEVER KNOWN A MADGE AND YET FROM MY BOYHOOD UPWARD I HAVE DESIRED TO MEET ONE,gt,na,2428,16000,5.71,test,na
2428-83699-0007_formant_awgn-snr10,data/attacks/awgn-snr10/2428-83699-0007_formant.wav,fake,attack,none,awgn-snr10,snr10,I HAVE NEVER KNOWN A MADGE AND YET FROM MY BOYHOOD UPWARD I HAVE DESIRED TO MEET ONE,gt,na,2428,16000,5.71,test,na
2428-83699-0007_formant_awgn-snr20,data/attacks/awgn-snr20/2428-83699-0007_formant.wav,fake,attack,none,awgn-snr20,snr20,I HAVE NEVER KNOWN A MADGE AND YET FROM MY BOYHOOD UPWARD I HAVE DESIRED TO MEET ONE,gt,na,2428,16000,5.71,test,na
2428-83699-0007_formant_bandpass-300-3400,data/attacks/bandpass-300-3400/2428-83699-0007_formant.wav,fake,attack,none,bandpass-300-3400,bandpass300-3400,I HAVE NEVER KNOWN A MADGE AND YET FROM MY BOYHOOD UPWARD I HAVE DESIRED TO MEET ONE,gt,na,2428,16000,5.71,test,na
2428-83699-0007_formant_reverb-rt60-0.2,data/attacks/reverb-rt60-0.2/2428-83699-0007_formant.wav,fake,attack,none,reverb-rt60-0.2,rt60-0.2,I HAVE NEVER KNOWN A MADGE AND YET FROM MY BOYHOOD UPWARD I HAVE DESIRED TO MEET ONE,gt,na,2428,16000,5.71,test,na
2428-83699-0007_formant_reverb-rt60-0.4,data/attacks/reverb-rt60-0.4/2428-83699-0007_formant.wav,fake,attack,none,reverb-rt60-0.4,rt60-0.4,I HAVE NEVER KNOWN A MADGE AND YET FROM MY BOYHOOD UPWARD I HAVE DESIRED TO MEET ONE,gt,na,2428,16000,5.71,test,na
2428-83699-0007_formant_reverb-rt60-0.8,data/attacks/reverb-rt60-0.8/2428-83699-0007_formant.wav,fake,attack,none,reverb-rt60-0.8,rt60-0.8,I HAVE NEVER KNOWN A MADGE AND YET FROM MY BOYHOOD UPWARD I HAVE DESIRED TO MEET ONE,gt,na,2428,16000,5.71,test,na
2428-83699-0007_formant_speed0.9,data/attacks/speed0.9/2428-83699-0007_formant.wav,fake,attack,none,speed0.9,speed0.9,I HAVE NEVER KNOWN A MADGE AND YET FROM MY BOYHOOD UPWARD I HAVE DESIRED TO MEET ONE,gt,na,2428,16000,6.344,test,na
2428-83699-0007_formant_speed1.1,data/attacks/speed1.1/2428-83699-0007_formant.wav,fake,attack,none,speed1.1,speed1.1,I HAVE NEVER KNOWN A MADGE AND YET FROM MY BOYHOOD UPWARD I HAVE DESIRED TO MEET ONE,gt,na,2428,16000,5.191,test,na
2428-83699-0007_melvoc_mp3-128k,data/attacks/mp3-128k/2428-83699-0007_melvoc.wav,fake,attack,none,mp3-128k,mp3-128k,I HAVE NEVER KNOWN A MADGE AND YET FROM MY BOYHOOD UPWARD I HAVE DESIRED TO MEET ONE,gt,na,2428,16000,5.704,test,na
2428-83699-0007_melvoc_mp3-64k,data/attacks/mp3-64k/2428-83699-0007_melvoc.wav,fake,attack,none,mp3-64k,mp3-64k,I HAVE NEVER KNOWN A MADGE AND YET FROM MY BOYHOOD UPWARD I HAVE DESIRED TO MEET ONE,gt,na,2428,16000,5.704,test,na
2428-83699-0007_melvoc_opus-32k,data/attacks/opus-32k/2428-83699-0007_melvoc.wav,fake,attack,none,opus-32k,opus-32k,I HAVE NEVER KNOWN A MADGE AND YET FROM MY BOYHOOD UPWARD I HAVE DESIRED TO MEET ONE,gt,na,2428,16000,5.704,test,na
2428-83699-0007_melvoc_g711-8k,data/attacks/g711-8k/2428-83699-0007_melvoc.wav,fake,attack,none,g711-8k,g711-8k,I HAVE NEVER KNOWN A MADGE AND YET FROM MY BOYHOOD UPWARD I HAVE DESIRED TO MEET ONE,gt,na,2428,16000,5.704,test,na
2428-83699-0007_melvoc_resample-8k,data/attacks/resample-8k/2428-83699-0007_melvoc.wav,fake,attack,none,resample-8k,8k-roundtrip,I HAVE NEVER KNOWN A MADGE AND YET FROM MY BOYHOOD UPWARD I HAVE DESIRED TO MEET ONE,gt,na,2428,16000,5.704,test,na
2428-83699-0007_melvoc_awgn-snr5,data/attacks/awgn-snr5/2428-83699-0007_melvoc.wav,fake,attack,none,awgn-snr5,snr5,I HAVE NEVER KNOWN A MADGE AND YET FROM MY BOYHOOD UPWARD I HAVE DESIRED TO MEET ONE,gt,na,2428,16000,5.704,test,na
2428-83699-0007_melvoc_awgn-snr10,data/attacks/awgn-snr10/2428-83699-0007_melvoc.wav,fake,attack,none,awgn-snr10,snr10,I HAVE NEVER KNOWN A MADGE AND YET FROM MY BOYHOOD UPWARD I HAVE DESIRED TO MEET ONE,gt,na,2428,16000,5.704,test,na
2428-83699-0007_melvoc_awgn-snr20,data/attacks/awgn-snr20/2428-83699-0007_melvoc.wav,fake,attack,none,awgn-snr20,snr20,I HAVE NEVER KNOWN A MADGE AND YET FROM MY BOYHOOD UPWARD I HAVE DESIRED TO MEET ONE,gt,na,2428,16000,5.704,test,na
2428-83699-0007_melvoc_bandpass-300-3400,data/attacks/bandpass-300-3400/2428-83699-0007_melvoc.wav,fake,attack,none,bandpass-300-3400,bandpass300-3400,I HAVE NEVER KNOWN A MADGE AND YET FROM MY BOYHOOD UPWARD I HAVE DESIRED TO MEET ONE,gt,na,2428,16000,5.704,test,na
2428-83699-0007_melvoc_reverb-rt60-0.2,data/attacks/reverb-rt60-0.2/2428-83699-0007_melvoc.wav,fake,attack,none,reverb-rt60-0.2,rt60-0.2,I HAVE NEVER KNOWN A MADGE AND YET FROM MY BOYHOOD UPWARD I HAVE DESIRED TO MEET ONE,gt,na,2428,16000,5.704,test,na
2428-83699-0007_melvoc_reverb-rt60-0.4,data/attacks/reverb-rt60-0.4/2428-83699-0007_melvoc.wav,fake,attack,none,reverb-rt60-0.4,rt60-0.4,I HAVE NEVER KNOWN A MADGE AND YET FROM MY BOYHOOD UPWARD I HAVE DESIRED TO MEET ONE,gt,na,2428,16000,5.704,test,na
2428-83699-0007_melvoc_reverb-rt60-0.8,data/attacks/reverb-rt60-0.8/2428-83699-0007_melvoc.wav,fake,attack,none,reverb-rt60-0.8,rt60-0.8,I HAVE NEVER KNOWN A MADGE AND YET FROM MY BOYHOOD UPWARD I HAVE DESIRED TO MEET ONE,gt,na,2428,16000,5.704,test,na
2428-83699-0007_melvoc_speed0.9,data/attacks/speed0.9/2428-83699-0007_melvoc.wav,fake,attack,none,speed0.9,speed0.9,I HAVE NEVER KNOWN A MADGE AND YET FROM MY BOYHOOD UPWARD I HAVE DESIRED TO MEET ONE,gt,na,2428,16000,6.338,test,na
2428-83699-0007_melvoc_speed1.1,data/attacks/speed1.1/2428-83699-0007_melvoc.wav,fake,attack,none,speed1.1,speed1.1,I HAVE NEVER KNOWN A MADGE AND YET FROM MY BOYHOOD UPWARD I HAVE DESIRED TO MEET ONE,gt,na,2428,16000,5.185,test,na
2428-83699-0007_pitch_mp3-128k,data/attacks/mp3-128k/2428-83699-0007_pitch.wav,fake,attack,none,mp3-128k,mp3-128k,I HAVE NEVER KNOWN A MADGE AND YET FROM MY BOYHOOD UPWARD I HAVE DESIRED TO MEET ONE,gt,na,2428,16000,5.71,test,na
2428-83699-0007_pitch_mp3-64k,data/attacks/mp3-64k/2428-83699-0007_pitch.wav,fake,attack,none,mp3-64k,mp3-64k,I HAVE NEVER KNOWN A MADGE AND YET FROM MY BOYHOOD UPWARD I HAVE DESIRED TO MEET ONE,gt,na,2428,16000,5.71,test,na
2428-83699-0007_pitch_opus-32k,data/attacks/opus-32k/2428-83699-0007_pitch.wav,fake,attack,none,opus-32k,opus-32k,I HAVE NEVER KNOWN A MADGE AND YET FROM MY BOYHOOD UPWARD I HAVE DESIRED TO MEET ONE,gt,na,2428,16000,5.71,test,na
2428-83699-0007_pitch_g711-8k,data/attacks/g711-8k/2428-83699-0007_pitch.wav,fake,attack,none,g711-8k,g711-8k,I HAVE NEVER KNOWN A MADGE AND YET FROM MY BOYHOOD UPWARD I HAVE DESIRED TO MEET ONE,gt,na,2428,16000,5.71,test,na
2428-83699-0007_pitch_resample-8k,data/attacks/resample-8k/2428-83699-0007_pitch.wav,fake,attack,none,resample-8k,8k-roundtrip,I HAVE NEVER KNOWN A MADGE AND YET FROM MY BOYHOOD UPWARD I HAVE DESIRED TO MEET ONE,gt,na,2428,16000,5.71,test,na
2428-83699-0007_pitch_awgn-snr5,data/attacks/awgn-snr5/2428-83699-0007_pitch.wav,fake,attack,none,awgn-snr5,snr5,I HAVE NEVER KNOWN A MADGE AND YET FROM MY BOYHOOD UPWARD I HAVE DESIRED TO MEET ONE,gt,na,2428,16000,5.71,test,na
2428-83699-0007_pitch_awgn-snr10,data/attacks/awgn-snr10/2428-83699-0007_pitch.wav,fake,attack,none,awgn-snr10,snr10,I HAVE NEVER KNOWN A MADGE AND YET FROM MY BOYHOOD UPWARD I HAVE DESIRED TO MEET ONE,gt,na,2428,16000,5.71,test,na
2428-83699-0007_pitch_awgn-snr20,data/attacks/awgn-snr20/2428-83699-0007_pitch.wav,fake,attack,none,awgn-snr20,snr20,I HAVE NEVER KNOWN A MADGE AND YET FROM MY BOYHOOD UPWARD I HAVE DESIRED TO MEET ONE,gt,na,2428,16000,5.71,test,na
2428-83699-0007_pitch_bandpass-300-3400,data/attacks/bandpass-300-3400/2428-83699-0007_pitch.wav,fake,attack,none,bandpass-300-3400,bandpass300-3400,I HAVE NEVER KNOWN A MADGE AND YET FROM MY BOYHOOD UPWARD I HAVE DESIRED TO MEET ONE,gt,na,2428,16000,5.71,test,na
2428-83699-0007_pitch_reverb-rt60-0.2,data/attacks/reverb-rt60-0.2/2428-83699-0007_pitch.wav,fake,attack,none,reverb-rt60-0.2,rt60-0.2,I HAVE NEVER KNOWN A MADGE AND YET FROM MY BOYHOOD UPWARD I HAVE DESIRED TO MEET ONE,gt,na,2428,16000,5.71,test,na
2428-83699-0007_pitch_reverb-rt60-0.4,data/attacks/reverb-rt60-0.4/2428-83699-0007_pitch.wav,fake,attack,none,reverb-rt60-0.4,rt60-0.4,I HAVE NEVER KNOWN A MADGE AND YET FROM MY BOYHOOD UPWARD I HAVE DESIRED TO MEET ONE,gt,na,2428,16000,5.71,test,na
2428-83699-0007_pitch_reverb-rt60-0.8,data/attacks/reverb-rt60-0.8/2428-83699-0007_pitch.wav,fake,attack,none,reverb-rt60-0.8,rt60-0.8,I HAVE NEVER KNOWN A MADGE AND YET FROM MY BOYHOOD UPWARD I HAVE DESIRED TO MEET ONE,gt,na,2428,16000,5.71,test,na
2428-83699-0007_pitch_speed0.9,data/attacks/speed0.9/2428-83699-0007_pitch.wav,fake,attack,none,speed0.9,speed0.9,I HAVE NEVER KNOWN A MADGE AND YET FROM MY BOYHOOD UPWARD I HAVE DESIRED TO MEET ONE,gt,na,2428,16000,6.344,test,na
2428-83699-0007_pitch_speed1.1,data/attacks/speed1.1/2428-83699-0007_pitch.wav,fake,attack,none,speed1.1,speed1.1,I HAVE NEVER KNOWN A MADGE AND YET FROM MY BOYHOOD UPWARD I HAVE DESIRED TO MEET ONE,gt,na,2428,16000,5.191,test,na
2428-83699-0008_formant_mp3-128k,data/attacks/mp3-128k/2428-83699-0008_formant.wav,fake,attack,none,mp3-128k,mp3-128k,UNDER SUCH CIRCUMSTANCES SHE WAS HARDLY LIKELY TO BE LIVELY HERSELF BUT HER NAME WAS MADGE AND IT WAS THE ACCIDENT OF HER CHRISTIAN NAME WHICH DECIDED ME TO GO,gt,na,2428,16000,10.38,test,na
2428-83699-0008_formant_mp3-64k,data/attacks/mp3-64k/2428-83699-0008_formant.wav,fake,attack,none,mp3-64k,mp3-64k,UNDER SUCH CIRCUMSTANCES SHE WAS HARDLY LIKELY TO BE LIVELY HERSELF BUT HER NAME WAS MADGE AND IT WAS THE ACCIDENT OF HER CHRISTIAN NAME WHICH DECIDED ME TO GO,gt,na,2428,16000,10.38,test,na
2428-83699-0008_formant_opus-32k,data/attacks/opus-32k/2428-83699-0008_formant.wav,fake,attack,none,opus-32k,opus-32k,UNDER SUCH CIRCUMSTANCES SHE WAS HARDLY LIKELY TO BE LIVELY HERSELF BUT HER NAME WAS MADGE AND IT WAS THE ACCIDENT OF HER CHRISTIAN NAME WHICH DECIDED ME TO GO,gt,na,2428,16000,10.38,test,na
2428-83699-0008_formant_g711-8k,data/attacks/g711-8k/2428-83699-0008_formant.wav,fake,attack,none,g711-8k,g711-8k,UNDER SUCH CIRCUMSTANCES SHE WAS HARDLY LIKELY TO BE LIVELY HERSELF BUT HER NAME WAS MADGE AND IT WAS THE ACCIDENT OF HER CHRISTIAN NAME WHICH DECIDED ME TO GO,gt,na,2428,16000,10.38,test,na
2428-83699-0008_formant_resample-8k,data/attacks/resample-8k/2428-83699-0008_formant.wav,fake,attack,none,resample-8k,8k-roundtrip,UNDER SUCH CIRCUMSTANCES SHE WAS HARDLY LIKELY TO BE LIVELY HERSELF BUT HER NAME WAS MADGE AND IT WAS THE ACCIDENT OF HER CHRISTIAN NAME WHICH DECIDED ME TO GO,gt,na,2428,16000,10.38,test,na
2428-83699-0008_formant_awgn-snr5,data/attacks/awgn-snr5/2428-83699-0008_formant.wav,fake,attack,none,awgn-snr5,snr5,UNDER SUCH CIRCUMSTANCES SHE WAS HARDLY LIKELY TO BE LIVELY HERSELF BUT HER NAME WAS MADGE AND IT WAS THE ACCIDENT OF HER CHRISTIAN NAME WHICH DECIDED ME TO GO,gt,na,2428,16000,10.38,test,na
2428-83699-0008_formant_awgn-snr10,data/attacks/awgn-snr10/2428-83699-0008_formant.wav,fake,attack,none,awgn-snr10,snr10,UNDER SUCH CIRCUMSTANCES SHE WAS HARDLY LIKELY TO BE LIVELY HERSELF BUT HER NAME WAS MADGE AND IT WAS THE ACCIDENT OF HER CHRISTIAN NAME WHICH DECIDED ME TO GO,gt,na,2428,16000,10.38,test,na
2428-83699-0008_formant_awgn-snr20,data/attacks/awgn-snr20/2428-83699-0008_formant.wav,fake,attack,none,awgn-snr20,snr20,UNDER SUCH CIRCUMSTANCES SHE WAS HARDLY LIKELY TO BE LIVELY HERSELF BUT HER NAME WAS MADGE AND IT WAS THE ACCIDENT OF HER CHRISTIAN NAME WHICH DECIDED ME TO GO,gt,na,2428,16000,10.38,test,na
2428-83699-0008_formant_bandpass-300-3400,data/attacks/bandpass-300-3400/2428-83699-0008_formant.wav,fake,attack,none,bandpass-300-3400,bandpass300-3400,UNDER SUCH CIRCUMSTANCES SHE WAS HARDLY LIKELY TO BE LIVELY HERSELF BUT HER NAME WAS MADGE AND IT WAS THE ACCIDENT OF HER CHRISTIAN NAME WHICH DECIDED ME TO GO,gt,na,2428,16000,10.38,test,na
2428-83699-0008_formant_reverb-rt60-0.2,data/attacks/reverb-rt60-0.2/2428-83699-0008_formant.wav,fake,attack,none,reverb-rt60-0.2,rt60-0.2,UNDER SUCH CIRCUMSTANCES SHE WAS HARDLY LIKELY TO BE LIVELY HERSELF BUT HER NAME WAS MADGE AND IT WAS THE ACCIDENT OF HER CHRISTIAN NAME WHICH DECIDED ME TO GO,gt,na,2428,16000,10.38,test,na
2428-83699-0008_formant_reverb-rt60-0.4,data/attacks/reverb-rt60-0.4/2428-83699-0008_formant.wav,fake,attack,none,reverb-rt60-0.4,rt60-0.4,UNDER SUCH CIRCUMSTANCES SHE WAS HARDLY LIKELY TO BE LIVELY HERSELF BUT HER NAME WAS MADGE AND IT WAS THE ACCIDENT OF HER CHRISTIAN NAME WHICH DECIDED ME TO GO,gt,na,2428,16000,10.38,test,na
2428-83699-0008_formant_reverb-rt60-0.8,data/attacks/reverb-rt60-0.8/2428-83699-0008_formant.wav,fake,attack,none,reverb-rt60-0.8,rt60-0.8,UNDER SUCH CIRCUMSTANCES SHE WAS HARDLY LIKELY TO BE LIVELY HERSELF BUT HER NAME WAS MADGE AND IT WAS THE ACCIDENT OF HER CHRISTIAN NAME WHICH DECIDED ME TO GO,gt,na,2428,16000,10.38,test,na
2428-83699-0008_formant_speed0.9,data/attacks/speed0.9/2428-83699-0008_formant.wav,fake,attack,none,speed0.9,speed0.9,UNDER SUCH CIRCUMSTANCES SHE WAS HARDLY LIKELY TO BE LIVELY HERSELF BUT HER NAME WAS MADGE AND IT WAS THE ACCIDENT OF HER CHRISTIAN NAME WHICH DECIDED ME TO GO,gt,na,2428,16000,11.533,test,na
2428-83699-0008_formant_speed1.1,data/attacks/speed1.1/2428-83699-0008_formant.wav,fake,attack,none,speed1.1,speed1.1,UNDER SUCH CIRCUMSTANCES SHE WAS HARDLY LIKELY TO BE LIVELY HERSELF BUT HER NAME WAS MADGE AND IT WAS THE ACCIDENT OF HER CHRISTIAN NAME WHICH DECIDED ME TO GO,gt,na,2428,16000,9.436,test,na
3576-138058-0000_formant_mp3-128k,data/attacks/mp3-128k/3576-138058-0000_formant.wav,fake,attack,none,mp3-128k,mp3-128k,MASTER AND MAN DISMOUNTED FROM THEIR BEASTS AND AS SOON AS THEY HAD SETTLED THEMSELVES AT THE FOOT OF THE TREES SANCHO WHO HAD HAD A GOOD NOONTIDE MEAL THAT DAY LET HIMSELF WITHOUT MORE ADO PASS THE GATES OF SLEEP,gt,na,3576,16000,14.14,test,na
3576-138058-0000_formant_mp3-64k,data/attacks/mp3-64k/3576-138058-0000_formant.wav,fake,attack,none,mp3-64k,mp3-64k,MASTER AND MAN DISMOUNTED FROM THEIR BEASTS AND AS SOON AS THEY HAD SETTLED THEMSELVES AT THE FOOT OF THE TREES SANCHO WHO HAD HAD A GOOD NOONTIDE MEAL THAT DAY LET HIMSELF WITHOUT MORE ADO PASS THE GATES OF SLEEP,gt,na,3576,16000,14.14,test,na
3576-138058-0000_formant_opus-32k,data/attacks/opus-32k/3576-138058-0000_formant.wav,fake,attack,none,opus-32k,opus-32k,MASTER AND MAN DISMOUNTED FROM THEIR BEASTS AND AS SOON AS THEY HAD SETTLED THEMSELVES AT THE FOOT OF THE TREES SANCHO WHO HAD HAD A GOOD NOONTIDE MEAL THAT DAY LET HIMSELF WITHOUT MORE ADO PASS THE GATES OF SLEEP,gt,na,3576,16000,14.14,test,na
3576-138058-0000_formant_g711-8k,data/attacks/g711-8k/3576-138058-0000_formant.wav,fake,attack,none,g711-8k,g711-8k,MASTER AND MAN DISMOUNTED FROM THEIR BEASTS AND AS SOON AS THEY HAD SETTLED THEMSELVES AT THE FOOT OF THE TREES SANCHO WHO HAD HAD A GOOD NOONTIDE MEAL THAT DAY LET HIMSELF WITHOUT MORE ADO PASS THE GATES OF SLEEP,gt,na,3576,16000,14.14,test,na
3576-138058-0000_formant_resample-8k,data/attacks/resample-8k/3576-138058-0000_formant.wav,fake,attack,none,resample-8k,8k-roundtrip,MASTER AND MAN DISMOUNTED FROM THEIR BEASTS AND AS SOON AS THEY HAD SETTLED THEMSELVES AT THE FOOT OF THE TREES SANCHO WHO HAD HAD A GOOD NOONTIDE MEAL THAT DAY LET HIMSELF WITHOUT MORE ADO PASS THE GATES OF SLEEP,gt,na,3576,16000,14.14,test,na
3576-138058-0000_formant_awgn-snr5,data/attacks/awgn-snr5/3576-138058-0000_formant.wav,fake,attack,none,awgn-snr5,snr5,MASTER AND MAN DISMOUNTED FROM THEIR BEASTS AND AS SOON AS THEY HAD SETTLED THEMSELVES AT THE FOOT OF THE TREES SANCHO WHO HAD HAD A GOOD NOONTIDE MEAL THAT DAY LET HIMSELF WITHOUT MORE ADO PASS THE GATES OF SLEEP,gt,na,3576,16000,14.14,test,na
3576-138058-0000_formant_awgn-snr10,data/attacks/awgn-snr10/3576-138058-0000_formant.wav,fake,attack,none,awgn-snr10,snr10,MASTER AND MAN DISMOUNTED FROM THEIR BEASTS AND AS SOON AS THEY HAD SETTLED THEMSELVES AT THE FOOT OF THE TREES SANCHO WHO HAD HAD A GOOD NOONTIDE MEAL THAT DAY LET HIMSELF WITHOUT MORE ADO PASS THE GATES OF SLEEP,gt,na,3576,16000,14.14,test,na
3576-138058-0000_formant_awgn-snr20,data/attacks/awgn-snr20/3576-138058-0000_formant.wav,fake,attack,none,awgn-snr20,snr20,MASTER AND MAN DISMOUNTED FROM THEIR BEASTS AND AS SOON AS THEY HAD SETTLED THEMSELVES AT THE FOOT OF THE TREES SANCHO WHO HAD HAD A GOOD NOONTIDE MEAL THAT DAY LET HIMSELF WITHOUT MORE ADO PASS THE GATES OF SLEEP,gt,na,3576,16000,14.14,test,na
3576-138058-0000_formant_bandpass-300-3400,data/attacks/bandpass-300-3400/3576-138058-0000_formant.wav,fake,attack,none,bandpass-300-3400,bandpass300-3400,MASTER AND MAN DISMOUNTED FROM THEIR BEASTS AND AS SOON AS THEY HAD SETTLED THEMSELVES AT THE FOOT OF THE TREES SANCHO WHO HAD HAD A GOOD NOONTIDE MEAL THAT DAY LET HIMSELF WITHOUT MORE ADO PASS THE GATES OF SLEEP,gt,na,3576,16000,14.14,test,na
3576-138058-0000_formant_reverb-rt60-0.2,data/attacks/reverb-rt60-0.2/3576-138058-0000_formant.wav,fake,attack,none,reverb-rt60-0.2,rt60-0.2,MASTER AND MAN DISMOUNTED FROM THEIR BEASTS AND AS SOON AS THEY HAD SETTLED THEMSELVES AT THE FOOT OF THE TREES SANCHO WHO HAD HAD A GOOD NOONTIDE MEAL THAT DAY LET HIMSELF WITHOUT MORE ADO PASS THE GATES OF SLEEP,gt,na,3576,16000,14.14,test,na
3576-138058-0000_formant_reverb-rt60-0.4,data/attacks/reverb-rt60-0.4/3576-138058-0000_formant.wav,fake,attack,none,reverb-rt60-0.4,rt60-0.4,MASTER AND MAN DISMOUNTED FROM THEIR BEASTS AND AS SOON AS THEY HAD SETTLED THEMSELVES AT THE FOOT OF THE TREES SANCHO WHO HAD HAD A GOOD NOONTIDE MEAL THAT DAY LET HIMSELF WITHOUT MORE ADO PASS THE GATES OF SLEEP,gt,na,3576,16000,14.14,test,na
3576-138058-0000_formant_reverb-rt60-0.8,data/attacks/reverb-rt60-0.8/3576-138058-0000_formant.wav,fake,attack,none,reverb-rt60-0.8,rt60-0.8,MASTER AND MAN DISMOUNTED FROM THEIR BEASTS AND AS SOON AS THEY HAD SETTLED THEMSELVES AT THE FOOT OF THE TREES SANCHO WHO HAD HAD A GOOD NOONTIDE MEAL THAT DAY LET HIMSELF WITHOUT MORE ADO PASS THE GATES OF SLEEP,gt,na,3576,16000,14.14,test,na
3576-138058-0000_formant_speed0.9,data/attacks/speed0.9/3576-138058-0000_formant.wav,fake,attack,none,speed0.9,speed0.9,MASTER AND MAN DISMOUNTED FROM THEIR BEASTS AND AS SOON AS THEY HAD SETTLED THEMSELVES AT THE FOOT OF THE TREES SANCHO WHO HAD HAD A GOOD NOONTIDE MEAL THAT DAY LET HIMSELF WITHOUT MORE ADO PASS THE GATES OF SLEEP,gt,na,3576,16000,15.711,test,na
3576-138058-0000_formant_speed1.1,data/attacks/speed1.1/3576-138058-0000_formant.wav,fake,attack,none,speed1.1,speed1.1,MASTER AND MAN DISMOUNTED FROM THEIR BEASTS AND AS SOON AS THEY HAD SETTLED THEMSELVES AT THE FOOT OF THE TREES SANCHO WHO HAD HAD A GOOD NOONTIDE MEAL THAT DAY LET HIMSELF WITHOUT MORE ADO PASS THE GATES OF SLEEP,gt,na,3576,16000,12.855,test,na
3576-138058-0000_melvoc_mp3-128k,data/attacks/mp3-128k/3576-138058-0000_melvoc.wav,fake,attack,none,mp3-128k,mp3-128k,MASTER AND MAN DISMOUNTED FROM THEIR BEASTS AND AS SOON AS THEY HAD SETTLED THEMSELVES AT THE FOOT OF THE TREES SANCHO WHO HAD HAD A GOOD NOONTIDE MEAL THAT DAY LET HIMSELF WITHOUT MORE ADO PASS THE GATES OF SLEEP,gt,na,3576,16000,14.136,test,na
3576-138058-0000_melvoc_mp3-64k,data/attacks/mp3-64k/3576-138058-0000_melvoc.wav,fake,attack,none,mp3-64k,mp3-64k,MASTER AND MAN DISMOUNTED FROM THEIR BEASTS AND AS SOON AS THEY HAD SETTLED THEMSELVES AT THE FOOT OF THE TREES SANCHO WHO HAD HAD A GOOD NOONTIDE MEAL THAT DAY LET HIMSELF WITHOUT MORE ADO PASS THE GATES OF SLEEP,gt,na,3576,16000,14.136,test,na
3576-138058-0000_melvoc_opus-32k,data/attacks/opus-32k/3576-138058-0000_melvoc.wav,fake,attack,none,opus-32k,opus-32k,MASTER AND MAN DISMOUNTED FROM THEIR BEASTS AND AS SOON AS THEY HAD SETTLED THEMSELVES AT THE FOOT OF THE TREES SANCHO WHO HAD HAD A GOOD NOONTIDE MEAL THAT DAY LET HIMSELF WITHOUT MORE ADO PASS THE GATES OF SLEEP,gt,na,3576,16000,14.136,test,na
3576-138058-0000_melvoc_g711-8k,data/attacks/g711-8k/3576-138058-0000_melvoc.wav,fake,attack,none,g711-8k,g711-8k,MASTER AND MAN DISMOUNTED FROM THEIR BEASTS AND AS SOON AS THEY HAD SETTLED THEMSELVES AT THE FOOT OF THE TREES SANCHO WHO HAD HAD A GOOD NOONTIDE MEAL THAT DAY LET HIMSELF WITHOUT MORE ADO PASS THE GATES OF SLEEP,gt,na,3576,16000,14.136,test,na
3576-138058-0000_melvoc_resample-8k,data/attacks/resample-8k/3576-138058-0000_melvoc.wav,fake,attack,none,resample-8k,8k-roundtrip,MASTER AND MAN DISMOUNTED FROM THEIR BEASTS AND AS SOON AS THEY HAD SETTLED THEMSELVES AT THE FOOT OF THE TREES SANCHO WHO HAD HAD A GOOD NOONTIDE MEAL THAT DAY LET HIMSELF WITHOUT MORE ADO PASS THE GATES OF SLEEP,gt,na,3576,16000,14.136,test,na
3576-138058-0000_melvoc_awgn-snr5,data/attacks/awgn-snr5/3576-138058-0000_melvoc.wav,fake,attack,none,awgn-snr5,snr5,MASTER AND MAN DISMOUNTED FROM THEIR BEASTS AND AS SOON AS THEY HAD SETTLED THEMSELVES AT THE FOOT OF THE TREES SANCHO WHO HAD HAD A GOOD NOONTIDE MEAL THAT DAY LET HIMSELF WITHOUT MORE ADO PASS THE GATES OF SLEEP,gt,na,3576,16000,14.136,test,na
3576-138058-0000_melvoc_awgn-snr10,data/attacks/awgn-snr10/3576-138058-0000_melvoc.wav,fake,attack,none,awgn-snr10,snr10,MASTER AND MAN DISMOUNTED FROM THEIR BEASTS AND AS SOON AS THEY HAD SETTLED THEMSELVES AT THE FOOT OF THE TREES SANCHO WHO HAD HAD A GOOD NOONTIDE MEAL THAT DAY LET HIMSELF WITHOUT MORE ADO PASS THE GATES OF SLEEP,gt,na,3576,16000,14.136,test,na
3576-138058-0000_melvoc_awgn-snr20,data/attacks/awgn-snr20/3576-138058-0000_melvoc.wav,fake,attack,none,awgn-snr20,snr20,MASTER AND MAN DISMOUNTED FROM THEIR BEASTS AND AS SOON AS THEY HAD SETTLED THEMSELVES AT THE FOOT OF THE TREES SANCHO WHO HAD HAD A GOOD NOONTIDE MEAL THAT DAY LET HIMSELF WITHOUT MORE ADO PASS THE GATES OF SLEEP,gt,na,3576,16000,14.136,test,na
3576-138058-0000_melvoc_bandpass-300-3400,data/attacks/bandpass-300-3400/3576-138058-0000_melvoc.wav,fake,attack,none,bandpass-300-3400,bandpass300-3400,MASTER AND MAN DISMOUNTED FROM THEIR BEASTS AND AS SOON AS THEY HAD SETTLED THEMSELVES AT THE FOOT OF THE TREES SANCHO WHO HAD HAD A GOOD NOONTIDE MEAL THAT DAY LET HIMSELF WITHOUT MORE ADO PASS THE GATES OF SLEEP,gt,na,3576,16000,14.136,test,na
3576-138058-0000_melvoc_reverb-rt60-0.2,data/attacks/reverb-rt60-0.2/3576-138058-0000_melvoc.wav,fake,attack,none,reverb-rt60-0.2,rt60-0.2,MASTER AND MAN DISMOUNTED FROM THEIR BEASTS AND AS SOON AS THEY HAD SETTLED THEMSELVES AT THE FOOT OF THE TREES SANCHO WHO HAD HAD A GOOD NOONTIDE MEAL THAT DAY LET HIMSELF WITHOUT MORE ADO PASS THE GATES OF SLEEP,gt,na,3576,16000,14.136,test,na
3576-138058-0000_melvoc_reverb-rt60-0.4,data/attacks/reverb-rt60-0.4/3576-138058-0000_melvoc.wav,fake,attack,none,reverb-rt60-0.4,rt60-0.4,MASTER AND MAN DISMOUNTED FROM THEIR BEASTS AND AS SOON AS THEY HAD SETTLED THEMSELVES AT THE FOOT OF THE TREES SANCHO WHO HAD HAD A GOOD NOONTIDE MEAL THAT DAY LET HIMSELF WITHOUT MORE ADO PASS THE GATES OF SLEEP,gt,na,3576,16000,14.136,test,na
3576-138058-0000_melvoc_reverb-rt60-0.8,data/attacks/reverb-rt60-0.8/3576-138058-0000_melvoc.wav,fake,attack,none,reverb-rt60-0.8,rt60-0.8,MASTER AND MAN DISMOUNTED FROM THEIR BEASTS AND AS SOON AS THEY HAD SETTLED THEMSELVES AT THE FOOT OF THE TREES SANCHO WHO HAD HAD A GOOD NOONTIDE MEAL THAT DAY LET HIMSELF WITHOUT MORE ADO PASS THE GATES OF SLEEP,gt,na,3576,16000,14.136,test,na
3576-138058-0000_melvoc_speed0.9,data/attacks/speed0.9/3576-138058-0000_melvoc.wav,fake,attack,none,speed0.9,speed0.9,MASTER AND MAN DISMOUNTED FROM THEIR BEASTS AND AS SOON AS THEY HAD SETTLED THEMSELVES AT THE FOOT OF THE TREES SANCHO WHO HAD HAD A GOOD NOONTIDE MEAL THAT DAY LET HIMSELF WITHOUT MORE ADO PASS THE GATES OF SLEEP,gt,na,3576,16000,15.707,test,na
3576-138058-0000_melvoc_speed1.1,data/attacks/speed1.1/3576-138058-0000_melvoc.wav,fake,attack,none,speed1.1,speed1.1,MASTER AND MAN DISMOUNTED FROM THEIR BEASTS AND AS SOON AS THEY HAD SETTLED THEMSELVES AT THE FOOT OF THE TREES SANCHO WHO HAD HAD A GOOD NOONTIDE MEAL THAT DAY LET HIMSELF WITHOUT MORE ADO PASS THE GATES OF SLEEP,gt,na,3576,16000,12.851,test,na
3576-138058-0000_pitch_mp3-128k,data/attacks/mp3-128k/3576-138058-0000_pitch.wav,fake,attack,none,mp3-128k,mp3-128k,MASTER AND MAN DISMOUNTED FROM THEIR BEASTS AND AS SOON AS THEY HAD SETTLED THEMSELVES AT THE FOOT OF THE TREES SANCHO WHO HAD HAD A GOOD NOONTIDE MEAL THAT DAY LET HIMSELF WITHOUT MORE ADO PASS THE GATES OF SLEEP,gt,na,3576,16000,14.14,test,na
3576-138058-0000_pitch_mp3-64k,data/attacks/mp3-64k/3576-138058-0000_pitch.wav,fake,attack,none,mp3-64k,mp3-64k,MASTER AND MAN DISMOUNTED FROM THEIR BEASTS AND AS SOON AS THEY HAD SETTLED THEMSELVES AT THE FOOT OF THE TREES SANCHO WHO HAD HAD A GOOD NOONTIDE MEAL THAT DAY LET HIMSELF WITHOUT MORE ADO PASS THE GATES OF SLEEP,gt,na,3576,16000,14.14,test,na
3576-138058-0000_pitch_opus-32k,data/attacks/opus-32k/3576-138058-0000_pitch.wav,fake,attack,none,opus-32k,opus-32k,MASTER AND MAN DISMOUNTED FROM THEIR BEASTS AND AS SOON AS THEY HAD SETTLED THEMSELVES AT THE FOOT OF THE TREES SANCHO WHO HAD HAD A GOOD NOONTIDE MEAL THAT DAY LET HIMSELF WITHOUT MORE ADO PASS THE GATES OF SLEEP,gt,na,3576,16000,14.14,test,na
3576-138058-0000_pitch_g711-8k,data/attacks/g711-8k/3576-138058-0000_pitch.wav,fake,attack,none,g711-8k,g711-8k,MASTER AND MAN DISMOUNTED FROM THEIR BEASTS AND AS SOON AS THEY HAD SETTLED THEMSELVES AT THE FOOT OF THE TREES SANCHO WHO HAD HAD A GOOD NOONTIDE MEAL THAT DAY LET HIMSELF WITHOUT MORE ADO PASS THE GATES OF SLEEP,gt,na,3576,16000,14.14,test,na
3576-138058-0000_pitch_resample-8k,data/attacks/resample-8k/3576-138058-0000_pitch.wav,fake,attack,none,resample-8k,8k-roundtrip,MASTER AND MAN DISMOUNTED FROM THEIR BEASTS AND AS SOON AS THEY HAD SETTLED THEMSELVES AT THE FOOT OF THE TREES SANCHO WHO HAD HAD A GOOD NOONTIDE MEAL THAT DAY LET HIMSELF WITHOUT MORE ADO PASS THE GATES OF SLEEP,gt,na,3576,16000,14.14,test,na
3576-138058-0000_pitch_awgn-snr5,data/attacks/awgn-snr5/3576-138058-0000_pitch.wav,fake,attack,none,awgn-snr5,snr5,MASTER AND MAN DISMOUNTED FROM THEIR BEASTS AND AS SOON AS THEY HAD SETTLED THEMSELVES AT THE FOOT OF THE TREES SANCHO WHO HAD HAD A GOOD NOONTIDE MEAL THAT DAY LET HIMSELF WITHOUT MORE ADO PASS THE GATES OF SLEEP,gt,na,3576,16000,14.14,test,na
3576-138058-0000_pitch_awgn-snr10,data/attacks/awgn-snr10/3576-138058-0000_pitch.wav,fake,attack,none,awgn-snr10,snr10,MASTER AND MAN DISMOUNTED FROM THEIR BEASTS AND AS SOON AS THEY HAD SETTLED THEMSELVES AT THE FOOT OF THE TREES SANCHO WHO HAD HAD A GOOD NOONTIDE MEAL THAT DAY LET HIMSELF WITHOUT MORE ADO PASS THE GATES OF SLEEP,gt,na,3576,16000,14.14,test,na
3576-138058-0000_pitch_awgn-snr20,data/attacks/awgn-snr20/3576-138058-0000_pitch.wav,fake,attack,none,awgn-snr20,snr20,MASTER AND MAN DISMOUNTED FROM THEIR BEASTS AND AS SOON AS THEY HAD SETTLED THEMSELVES AT THE FOOT OF THE TREES SANCHO WHO HAD HAD A GOOD NOONTIDE MEAL THAT DAY LET HIMSELF WITHOUT MORE ADO PASS THE GATES OF SLEEP,gt,na,3576,16000,14.14,test,na
3576-138058-0000_pitch_bandpass-300-3400,data/attacks/bandpass-300-3400/3576-138058-0000_pitch.wav,fake,attack,none,bandpass-300-3400,bandpass300-3400,MASTER AND MAN DISMOUNTED FROM THEIR BEASTS AND AS SOON AS THEY HAD SETTLED THEMSELVES AT THE FOOT OF THE TREES SANCHO WHO HAD HAD A GOOD NOONTIDE MEAL THAT DAY LET HIMSELF WITHOUT MORE ADO PASS THE GATES OF SLEEP,gt,na,3576,16000,14.14,test,na
3576-138058-0000_pitch_reverb-rt60-0.2,data/attacks/reverb-rt60-0.2/3576-138058-0000_pitch.wav,fake,attack,none,reverb-rt60-0.2,rt60-0.2,MASTER AND MAN DISMOUNTED FROM THEIR BEASTS AND AS SOON AS THEY HAD SETTLED THEMSELVES AT THE FOOT OF THE TREES SANCHO WHO HAD HAD A GOOD NOONTIDE MEAL THAT DAY LET HIMSELF WITHOUT MORE ADO PASS THE GATES OF SLEEP,gt,na,3576,16000,14.14,test,na
3576-138058-0000_pitch_reverb-rt60-0.4,data/attacks/reverb-rt60-0.4/3576-138058-0000_pitch.wav,fake,attack,none,reverb-rt60-0.4,rt60-0.4,MASTER AND MAN DISMOUNTED FROM THEIR BEASTS AND AS SOON AS THEY HAD SETTLED THEMSELVES AT THE FOOT OF THE TREES SANCHO WHO HAD HAD A GOOD NOONTIDE MEAL THAT DAY LET HIMSELF WITHOUT MORE ADO PASS THE GATES OF SLEEP,gt,na,3576,16000,14.14,test,na
3576-138058-0000_pitch_reverb-rt60-0.8,data/attacks/reverb-rt60-0.8/3576-138058-0000_pitch.wav,fake,attack,none,reverb-rt60-0.8,rt60-0.8,MASTER AND MAN DISMOUNTED FROM THEIR BEASTS AND AS SOON AS THEY HAD SETTLED THEMSELVES AT THE FOOT OF THE TREES SANCHO WHO HAD HAD A GOOD NOONTIDE MEAL THAT DAY LET HIMSELF WITHOUT MORE ADO PASS THE GATES OF SLEEP,gt,na,3576,16000,14.14,test,na
3576-138058-0000_pitch_speed0.9,data/attacks/speed0.9/3576-138058-0000_pitch.wav,fake,attack,none,speed0.9,speed0.9,MASTER AND MAN DISMOUNTED FROM THEIR BEASTS AND AS SOON AS THEY HAD SETTLED THEMSELVES AT THE FOOT OF THE TREES SANCHO WHO HAD HAD A GOOD NOONTIDE MEAL THAT DAY LET HIMSELF WITHOUT MORE ADO PASS THE GATES OF SLEEP,gt,na,3576,16000,15.711,test,na
3576-138058-0000_pitch_speed1.1,data/attacks/speed1.1/3576-138058-0000_pitch.wav,fake,attack,none,speed1.1,speed1.1,MASTER AND MAN DISMOUNTED FROM THEIR BEASTS AND AS SOON AS THEY HAD SETTLED THEMSELVES AT THE FOOT OF THE TREES SANCHO WHO HAD HAD A GOOD NOONTIDE MEAL THAT DAY LET HIMSELF WITHOUT MORE ADO PASS THE GATES OF SLEEP,gt,na,3576,16000,12.855,test,na
3576-138058-0001_formant_mp3-128k,data/attacks/mp3-128k/3576-138058-0001_formant.wav,fake,attack,none,mp3-128k,mp3-128k,BUT DON QUIXOTE WHOM HIS THOUGHTS FAR MORE THAN HUNGER KEPT AWAKE COULD NOT CLOSE AN EYE AND ROAMED IN FANCY TO AND FRO THROUGH ALL SORTS OF PLACES,gt,na,3576,16000,10.78,test,na
3576-138058-0001_formant_mp3-64k,data/attacks/mp3-64k/3576-138058-0001_formant.wav,fake,attack,none,mp3-64k,mp3-64k,BUT DON QUIXOTE WHOM HIS THOUGHTS FAR MORE THAN HUNGER KEPT AWAKE COULD NOT CLOSE AN EYE AND ROAMED IN FANCY TO AND FRO THROUGH ALL SORTS OF PLACES,gt,na,3576,16000,10.78,test,na
3576-138058-0001_formant_opus-32k,data/attacks/opus-32k/3576-138058-0001_formant.wav,fake,attack,none,opus-32k,opus-32k,BUT DON QUIXOTE WHOM HIS THOUGHTS FAR MORE THAN HUNGER KEPT AWAKE COULD NOT CLOSE AN EYE AND ROAMED IN FANCY TO AND FRO THROUGH ALL SORTS OF PLACES,gt,na,3576,16000,10.78,test,na
3576-138058-0001_formant_g711-8k,data/attacks/g711-8k/3576-138058-0001_formant.wav,fake,attack,none,g711-8k,g711-8k,BUT DON QUIXOTE WHOM HIS THOUGHTS FAR MORE THAN HUNGER KEPT AWAKE COULD NOT CLOSE AN EYE AND ROAMED IN FANCY TO AND FRO THROUGH ALL SORTS OF PLACES,gt,na,3576,16000,10.78,test,na
3576-138058-0001_formant_resample-8k,data/attacks/resample-8k/3576-138058-0001_formant.wav,fake,attack,none,resample-8k,8k-roundtrip,BUT DON QUIXOTE WHOM HIS THOUGHTS FAR MORE THAN HUNGER KEPT AWAKE COULD NOT CLOSE AN EYE AND ROAMED IN FANCY TO AND FRO THROUGH ALL SORTS OF PLACES,gt,na,3576,16000,10.78,test,na
3576-138058-0001_formant_awgn-snr5,data/attacks/awgn-snr5/3576-138058-0001_formant.wav,fake,attack,none,awgn-snr5,snr5,BUT DON QUIXOTE WHOM HIS THOUGHTS FAR MORE THAN HUNGER KEPT AWAKE COULD NOT CLOSE AN EYE AND ROAMED IN FANCY TO AND FRO THROUGH ALL SORTS OF PLACES,gt,na,3576,16000,10.78,test,na
3576-138058-0001_formant_awgn-snr10,data/attacks/awgn-snr10/3576-138058-0001_formant.wav,fake,attack,none,awgn-snr10,snr10,BUT DON QUIXOTE WHOM HIS THOUGHTS FAR MORE THAN HUNGER KEPT AWAKE COULD NOT CLOSE AN EYE AND ROAMED IN FANCY TO AND FRO THROUGH ALL SORTS OF PLACES,gt,na,3576,16000,10.78,test,na
3576-138058-0001_formant_awgn-snr20,data/attacks/awgn-snr20/3576-138058-0001_formant.wav,fake,attack,none,awgn-snr20,snr20,BUT DON QUIXOTE WHOM HIS THOUGHTS FAR MORE THAN HUNGER KEPT AWAKE COULD NOT CLOSE AN EYE AND ROAMED IN FANCY TO AND FRO THROUGH ALL SORTS OF PLACES,gt,na,3576,16000,10.78,test,na
3576-138058-0001_formant_bandpass-300-3400,data/attacks/bandpass-300-3400/3576-138058-0001_formant.wav,fake,attack,none,bandpass-300-3400,bandpass300-3400,BUT DON QUIXOTE WHOM HIS THOUGHTS FAR MORE THAN HUNGER KEPT AWAKE COULD NOT CLOSE AN EYE AND ROAMED IN FANCY TO AND FRO THROUGH ALL SORTS OF PLACES,gt,na,3576,16000,10.78,test,na
3576-138058-0001_formant_reverb-rt60-0.2,data/attacks/reverb-rt60-0.2/3576-138058-0001_formant.wav,fake,attack,none,reverb-rt60-0.2,rt60-0.2,BUT DON QUIXOTE WHOM HIS THOUGHTS FAR MORE THAN HUNGER KEPT AWAKE COULD NOT CLOSE AN EYE AND ROAMED IN FANCY TO AND FRO THROUGH ALL SORTS OF PLACES,gt,na,3576,16000,10.78,test,na
3576-138058-0001_formant_reverb-rt60-0.4,data/attacks/reverb-rt60-0.4/3576-138058-0001_formant.wav,fake,attack,none,reverb-rt60-0.4,rt60-0.4,BUT DON QUIXOTE WHOM HIS THOUGHTS FAR MORE THAN HUNGER KEPT AWAKE COULD NOT CLOSE AN EYE AND ROAMED IN FANCY TO AND FRO THROUGH ALL SORTS OF PLACES,gt,na,3576,16000,10.78,test,na
3576-138058-0001_formant_reverb-rt60-0.8,data/attacks/reverb-rt60-0.8/3576-138058-0001_formant.wav,fake,attack,none,reverb-rt60-0.8,rt60-0.8,BUT DON QUIXOTE WHOM HIS THOUGHTS FAR MORE THAN HUNGER KEPT AWAKE COULD NOT CLOSE AN EYE AND ROAMED IN FANCY TO AND FRO THROUGH ALL SORTS OF PLACES,gt,na,3576,16000,10.78,test,na
3576-138058-0001_formant_speed0.9,data/attacks/speed0.9/3576-138058-0001_formant.wav,fake,attack,none,speed0.9,speed0.9,BUT DON QUIXOTE WHOM HIS THOUGHTS FAR MORE THAN HUNGER KEPT AWAKE COULD NOT CLOSE AN EYE AND ROAMED IN FANCY TO AND FRO THROUGH ALL SORTS OF PLACES,gt,na,3576,16000,11.978,test,na
3576-138058-0001_formant_speed1.1,data/attacks/speed1.1/3576-138058-0001_formant.wav,fake,attack,none,speed1.1,speed1.1,BUT DON QUIXOTE WHOM HIS THOUGHTS FAR MORE THAN HUNGER KEPT AWAKE COULD NOT CLOSE AN EYE AND ROAMED IN FANCY TO AND FRO THROUGH ALL SORTS OF PLACES,gt,na,3576,16000,9.8,test,na
3576-138058-0001_melvoc_mp3-128k,data/attacks/mp3-128k/3576-138058-0001_melvoc.wav,fake,attack,none,mp3-128k,mp3-128k,BUT DON QUIXOTE WHOM HIS THOUGHTS FAR MORE THAN HUNGER KEPT AWAKE COULD NOT CLOSE AN EYE AND ROAMED IN FANCY TO AND FRO THROUGH ALL SORTS OF PLACES,gt,na,3576,16000,10.776,test,na
3576-138058-0001_melvoc_mp3-64k,data/attacks/mp3-64k/3576-138058-0001_melvoc.wav,fake,attack,none,mp3-64k,mp3-64k,BUT DON QUIXOTE WHOM HIS THOUGHTS FAR MORE THAN HUNGER KEPT AWAKE COULD NOT CLOSE AN EYE AND ROAMED IN FANCY TO AND FRO THROUGH ALL SORTS OF PLACES,gt,na,3576,16000,10.776,test,na
3576-138058-0001_melvoc_opus-32k,data/attacks/opus-32k/3576-138058-0001_melvoc.wav,fake,attack,none,opus-32k,opus-32k,BUT DON QUIXOTE WHOM HIS THOUGHTS FAR MORE THAN HUNGER KEPT AWAKE COULD NOT CLOSE AN EYE AND ROAMED IN FANCY TO AND FRO THROUGH ALL SORTS OF PLACES,gt,na,3576,16000,10.776,test,na
3576-138058-0001_melvoc_g711-8k,data/attacks/g711-8k/3576-138058-0001_melvoc.wav,fake,attack,none,g711-8k,g711-8k,BUT DON QUIXOTE WHOM HIS THOUGHTS FAR MORE THAN HUNGER KEPT AWAKE COULD NOT CLOSE AN EYE AND ROAMED IN FANCY TO AND FRO THROUGH ALL SORTS OF PLACES,gt,na,3576,16000,10.776,test,na
3576-138058-0001_melvoc_resample-8k,data/attacks/resample-8k/3576-138058-0001_melvoc.wav,fake,attack,none,resample-8k,8k-roundtrip,BUT DON QUIXOTE WHOM HIS THOUGHTS FAR MORE THAN HUNGER KEPT AWAKE COULD NOT CLOSE AN EYE AND ROAMED IN FANCY TO AND FRO THROUGH ALL SORTS OF PLACES,gt,na,3576,16000,10.776,test,na
3576-138058-0001_melvoc_awgn-snr5,data/attacks/awgn-snr5/3576-138058-0001_melvoc.wav,fake,attack,none,awgn-snr5,snr5,BUT DON QUIXOTE WHOM HIS THOUGHTS FAR MORE THAN HUNGER KEPT AWAKE COULD NOT CLOSE AN EYE AND ROAMED IN FANCY TO AND FRO THROUGH ALL SORTS OF PLACES,gt,na,3576,16000,10.776,test,na
3576-138058-0001_melvoc_awgn-snr10,data/attacks/awgn-snr10/3576-138058-0001_melvoc.wav,fake,attack,none,awgn-snr10,snr10,BUT DON QUIXOTE WHOM HIS THOUGHTS FAR MORE THAN HUNGER KEPT AWAKE COULD NOT CLOSE AN EYE AND ROAMED IN FANCY TO AND FRO THROUGH ALL SORTS OF PLACES,gt,na,3576,16000,10.776,test,na
3576-138058-0001_melvoc_awgn-snr20,data/attacks/awgn-snr20/3576-138058-0001_melvoc.wav,fake,attack,none,awgn-snr20,snr20,BUT DON QUIXOTE WHOM HIS THOUGHTS FAR MORE THAN HUNGER KEPT AWAKE COULD NOT CLOSE AN EYE AND ROAMED IN FANCY TO AND FRO THROUGH ALL SORTS OF PLACES,gt,na,3576,16000,10.776,test,na
3576-138058-0001_melvoc_bandpass-300-3400,data/attacks/bandpass-300-3400/3576-138058-0001_melvoc.wav,fake,attack,none,bandpass-300-3400,bandpass300-3400,BUT DON QUIXOTE WHOM HIS THOUGHTS FAR MORE THAN HUNGER KEPT AWAKE COULD NOT CLOSE AN EYE AND ROAMED IN FANCY TO AND FRO THROUGH ALL SORTS OF PLACES,gt,na,3576,16000,10.776,test,na
3576-138058-0001_melvoc_reverb-rt60-0.2,data/attacks/reverb-rt60-0.2/3576-138058-0001_melvoc.wav,fake,attack,none,reverb-rt60-0.2,rt60-0.2,BUT DON QUIXOTE WHOM HIS THOUGHTS FAR MORE THAN HUNGER KEPT AWAKE COULD NOT CLOSE AN EYE AND ROAMED IN FANCY TO AND FRO THROUGH ALL SORTS OF PLACES,gt,na,3576,16000,10.776,test,na
3576-138058-0001_melvoc_reverb-rt60-0.4,data/attacks/reverb-rt60-0.4/3576-138058-0001_melvoc.wav,fake,attack,none,reverb-rt60-0.4,rt60-0.4,BUT DON QUIXOTE WHOM HIS THOUGHTS FAR MORE THAN HUNGER KEPT AWAKE COULD NOT CLOSE AN EYE AND ROAMED IN FANCY TO AND FRO THROUGH ALL SORTS OF PLACES,gt,na,3576,16000,10.776,test,na
3576-138058-0001_melvoc_reverb-rt60-0.8,data/attacks/reverb-rt60-0.8/3576-138058-0001_melvoc.wav,fake,attack,none,reverb-rt60-0.8,rt60-0.8,BUT DON QUIXOTE WHOM HIS THOUGHTS FAR MORE THAN HUNGER KEPT AWAKE COULD NOT CLOSE AN EYE AND ROAMED IN FANCY TO AND FRO THROUGH ALL SORTS OF PLACES,gt,na,3576,16000,10.776,test,na
3576-138058-0001_melvoc_speed0.9,data/attacks/speed0.9/3576-138058-0001_melvoc.wav,fake,attack,none,speed0.9,speed0.9,BUT DON QUIXOTE WHOM HIS THOUGHTS FAR MORE THAN HUNGER KEPT AWAKE COULD NOT CLOSE AN EYE AND ROAMED IN FANCY TO AND FRO THROUGH ALL SORTS OF PLACES,gt,na,3576,16000,11.973,test,na
3576-138058-0001_melvoc_speed1.1,data/attacks/speed1.1/3576-138058-0001_melvoc.wav,fake,attack,none,speed1.1,speed1.1,BUT DON QUIXOTE WHOM HIS THOUGHTS FAR MORE THAN HUNGER KEPT AWAKE COULD NOT CLOSE AN EYE AND ROAMED IN FANCY TO AND FRO THROUGH ALL SORTS OF PLACES,gt,na,3576,16000,9.796,test,na
3576-138058-0001_pitch_mp3-128k,data/attacks/mp3-128k/3576-138058-0001_pitch.wav,fake,attack,none,mp3-128k,mp3-128k,BUT DON QUIXOTE WHOM HIS THOUGHTS FAR MORE THAN HUNGER KEPT AWAKE COULD NOT CLOSE AN EYE AND ROAMED IN FANCY TO AND FRO THROUGH ALL SORTS OF PLACES,gt,na,3576,16000,10.78,test,na
3576-138058-0001_pitch_mp3-64k,data/attacks/mp3-64k/3576-138058-0001_pitch.wav,fake,attack,none,mp3-64k,mp3-64k,BUT DON QUIXOTE WHOM HIS THOUGHTS FAR MORE THAN HUNGER KEPT AWAKE COULD NOT CLOSE AN EYE AND ROAMED IN FANCY TO AND FRO THROUGH ALL SORTS OF PLACES,gt,na,3576,16000,10.78,test,na
3576-138058-0001_pitch_opus-32k,data/attacks/opus-32k/3576-138058-0001_pitch.wav,fake,attack,none,opus-32k,opus-32k,BUT DON QUIXOTE WHOM HIS THOUGHTS FAR MORE THAN HUNGER KEPT AWAKE COULD NOT CLOSE AN EYE AND ROAMED IN FANCY TO AND FRO THROUGH ALL SORTS OF PLACES,gt,na,3576,16000,10.78,test,na
3576-138058-0001_pitch_g711-8k,data/attacks/g711-8k/3576-138058-0001_pitch.wav,fake,attack,none,g711-8k,g711-8k,BUT DON QUIXOTE WHOM HIS THOUGHTS FAR MORE THAN HUNGER KEPT AWAKE COULD NOT CLOSE AN EYE AND ROAMED IN FANCY TO AND FRO THROUGH ALL SORTS OF PLACES,gt,na,3576,16000,10.78,test,na
3576-138058-0001_pitch_resample-8k,data/attacks/resample-8k/3576-138058-0001_pitch.wav,fake,attack,none,resample-8k,8k-roundtrip,BUT DON QUIXOTE WHOM HIS THOUGHTS FAR MORE THAN HUNGER KEPT AWAKE COULD NOT CLOSE AN EYE AND ROAMED IN FANCY TO AND FRO THROUGH ALL SORTS OF PLACES,gt,na,3576,16000,10.78,test,na
3576-138058-0001_pitch_awgn-snr5,data/attacks/awgn-snr5/3576-138058-0001_pitch.wav,fake,attack,none,awgn-snr5,snr5,BUT DON QUIXOTE WHOM HIS THOUGHTS FAR MORE THAN HUNGER KEPT AWAKE COULD NOT CLOSE AN EYE AND ROAMED IN FANCY TO AND FRO THROUGH ALL SORTS OF PLACES,gt,na,3576,16000,10.78,test,na
3576-138058-0001_pitch_awgn-snr10,data/attacks/awgn-snr10/3576-138058-0001_pitch.wav,fake,attack,none,awgn-snr10,snr10,BUT DON QUIXOTE WHOM HIS THOUGHTS FAR MORE THAN HUNGER KEPT AWAKE COULD NOT CLOSE AN EYE AND ROAMED IN FANCY TO AND FRO THROUGH ALL SORTS OF PLACES,gt,na,3576,16000,10.78,test,na
3576-138058-0001_pitch_awgn-snr20,data/attacks/awgn-snr20/3576-138058-0001_pitch.wav,fake,attack,none,awgn-snr20,snr20,BUT DON QUIXOTE WHOM HIS THOUGHTS FAR MORE THAN HUNGER KEPT AWAKE COULD NOT CLOSE AN EYE AND ROAMED IN FANCY TO AND FRO THROUGH ALL SORTS OF PLACES,gt,na,3576,16000,10.78,test,na
3576-138058-0001_pitch_bandpass-300-3400,data/attacks/bandpass-300-3400/3576-138058-0001_pitch.wav,fake,attack,none,bandpass-300-3400,bandpass300-3400,BUT DON QUIXOTE WHOM HIS THOUGHTS FAR MORE THAN HUNGER KEPT AWAKE COULD NOT CLOSE AN EYE AND ROAMED IN FANCY TO AND FRO THROUGH ALL SORTS OF PLACES,gt,na,3576,16000,10.78,test,na
3576-138058-0001_pitch_reverb-rt60-0.2,data/attacks/reverb-rt60-0.2/3576-138058-0001_pitch.wav,fake,attack,none,reverb-rt60-0.2,rt60-0.2,BUT DON QUIXOTE WHOM HIS THOUGHTS FAR MORE THAN HUNGER KEPT AWAKE COULD NOT CLOSE AN EYE AND ROAMED IN FANCY TO AND FRO THROUGH ALL SORTS OF PLACES,gt,na,3576,16000,10.78,test,na
3576-138058-0001_pitch_reverb-rt60-0.4,data/attacks/reverb-rt60-0.4/3576-138058-0001_pitch.wav,fake,attack,none,reverb-rt60-0.4,rt60-0.4,BUT DON QUIXOTE WHOM HIS THOUGHTS FAR MORE THAN HUNGER KEPT AWAKE COULD NOT CLOSE AN EYE AND ROAMED IN FANCY TO AND FRO THROUGH ALL SORTS OF PLACES,gt,na,3576,16000,10.78,test,na
3576-138058-0001_pitch_reverb-rt60-0.8,data/attacks/reverb-rt60-0.8/3576-138058-0001_pitch.wav,fake,attack,none,reverb-rt60-0.8,rt60-0.8,BUT DON QUIXOTE WHOM HIS THOUGHTS FAR MORE THAN HUNGER KEPT AWAKE COULD NOT CLOSE AN EYE AND ROAMED IN FANCY TO AND FRO THROUGH ALL SORTS OF PLACES,gt,na,3576,16000,10.78,test,na
3576-138058-0001_pitch_speed0.9,data/attacks/speed0.9/3576-138058-0001_pitch.wav,fake,attack,none,speed0.9,speed0.9,BUT DON QUIXOTE WHOM HIS THOUGHTS FAR MORE THAN HUNGER KEPT AWAKE COULD NOT CLOSE AN EYE AND ROAMED IN FANCY TO AND FRO THROUGH ALL SORTS OF PLACES,gt,na,3576,16000,11.978,test,na
3576-138058-0001_pitch_speed1.1,data/attacks/speed1.1/3576-138058-0001_pitch.wav,fake,attack,none,speed1.1,speed1.1,BUT DON QUIXOTE WHOM HIS THOUGHTS FAR MORE THAN HUNGER KEPT AWAKE COULD NOT CLOSE AN EYE AND ROAMED IN FANCY TO AND FRO THROUGH ALL SORTS OF PLACES,gt,na,3576,16000,9.8,test,na
3576-138058-0002_formant_mp3-128k,data/attacks/mp3-128k/3576-138058-0002_formant.wav,fake,attack,none,mp3-128k,mp3-128k,AT ONE MOMENT IT SEEMED TO HIM THAT HE WAS IN THE CAVE OF MONTESINOS AND SAW DULCINEA TRANSFORMED INTO A COUNTRY WENCH SKIPPING AND MOUNTING UPON HER SHE ASS AGAIN THAT THE WORDS OF THE SAGE MERLIN WERE SOUNDING IN HIS EARS SETTING FORTH THE CONDITIONS TO BE OBSERVED AND THE EXERTIONS TO BE MADE FOR THE DISENCHANTMENT OF DULCINEA,gt,na,3576,16000,22.33,test,na
3576-138058-0002_formant_mp3-64k,data/attacks/mp3-64k/3576-138058-0002_formant.wav,fake,attack,none,mp3-64k,mp3-64k,AT ONE MOMENT IT SEEMED TO HIM THAT HE WAS IN THE CAVE OF MONTESINOS AND SAW DULCINEA TRANSFORMED INTO A COUNTRY WENCH SKIPPING AND MOUNTING UPON HER SHE ASS AGAIN THAT THE WORDS OF THE SAGE MERLIN WERE SOUNDING IN HIS EARS SETTING FORTH THE CONDITIONS TO BE OBSERVED AND THE EXERTIONS TO BE MADE FOR THE DISENCHANTMENT OF DULCINEA,gt,na,3576,16000,22.33,test,na
3576-138058-0002_formant_opus-32k,data/attacks/opus-32k/3576-138058-0002_formant.wav,fake,attack,none,opus-32k,opus-32k,AT ONE MOMENT IT SEEMED TO HIM THAT HE WAS IN THE CAVE OF MONTESINOS AND SAW DULCINEA TRANSFORMED INTO A COUNTRY WENCH SKIPPING AND MOUNTING UPON HER SHE ASS AGAIN THAT THE WORDS OF THE SAGE MERLIN WERE SOUNDING IN HIS EARS SETTING FORTH THE CONDITIONS TO BE OBSERVED AND THE EXERTIONS TO BE MADE FOR THE DISENCHANTMENT OF DULCINEA,gt,na,3576,16000,22.33,test,na
3576-138058-0002_formant_g711-8k,data/attacks/g711-8k/3576-138058-0002_formant.wav,fake,attack,none,g711-8k,g711-8k,AT ONE MOMENT IT SEEMED TO HIM THAT HE WAS IN THE CAVE OF MONTESINOS AND SAW DULCINEA TRANSFORMED INTO A COUNTRY WENCH SKIPPING AND MOUNTING UPON HER SHE ASS AGAIN THAT THE WORDS OF THE SAGE MERLIN WERE SOUNDING IN HIS EARS SETTING FORTH THE CONDITIONS TO BE OBSERVED AND THE EXERTIONS TO BE MADE FOR THE DISENCHANTMENT OF DULCINEA,gt,na,3576,16000,22.33,test,na
3576-138058-0002_formant_resample-8k,data/attacks/resample-8k/3576-138058-0002_formant.wav,fake,attack,none,resample-8k,8k-roundtrip,AT ONE MOMENT IT SEEMED TO HIM THAT HE WAS IN THE CAVE OF MONTESINOS AND SAW DULCINEA TRANSFORMED INTO A COUNTRY WENCH SKIPPING AND MOUNTING UPON HER SHE ASS AGAIN THAT THE WORDS OF THE SAGE MERLIN WERE SOUNDING IN HIS EARS SETTING FORTH THE CONDITIONS TO BE OBSERVED AND THE EXERTIONS TO BE MADE FOR THE DISENCHANTMENT OF DULCINEA,gt,na,3576,16000,22.33,test,na
3576-138058-0002_formant_awgn-snr5,data/attacks/awgn-snr5/3576-138058-0002_formant.wav,fake,attack,none,awgn-snr5,snr5,AT ONE MOMENT IT SEEMED TO HIM THAT HE WAS IN THE CAVE OF MONTESINOS AND SAW DULCINEA TRANSFORMED INTO A COUNTRY WENCH SKIPPING AND MOUNTING UPON HER SHE ASS AGAIN THAT THE WORDS OF THE SAGE MERLIN WERE SOUNDING IN HIS EARS SETTING FORTH THE CONDITIONS TO BE OBSERVED AND THE EXERTIONS TO BE MADE FOR THE DISENCHANTMENT OF DULCINEA,gt,na,3576,16000,22.33,test,na
3576-138058-0002_formant_awgn-snr10,data/attacks/awgn-snr10/3576-138058-0002_formant.wav,fake,attack,none,awgn-snr10,snr10,AT ONE MOMENT IT SEEMED TO HIM THAT HE WAS IN THE CAVE OF MONTESINOS AND SAW DULCINEA TRANSFORMED INTO A COUNTRY WENCH SKIPPING AND MOUNTING UPON HER SHE ASS AGAIN THAT THE WORDS OF THE SAGE MERLIN WERE SOUNDING IN HIS EARS SETTING FORTH THE CONDITIONS TO BE OBSERVED AND THE EXERTIONS TO BE MADE FOR THE DISENCHANTMENT OF DULCINEA,gt,na,3576,16000,22.33,test,na
3576-138058-0002_formant_awgn-snr20,data/attacks/awgn-snr20/3576-138058-0002_formant.wav,fake,attack,none,awgn-snr20,snr20,AT ONE MOMENT IT SEEMED TO HIM THAT HE WAS IN THE CAVE OF MONTESINOS AND SAW DULCINEA TRANSFORMED INTO A COUNTRY WENCH SKIPPING AND MOUNTING UPON HER SHE ASS AGAIN THAT THE WORDS OF THE SAGE MERLIN WERE SOUNDING IN HIS EARS SETTING FORTH THE CONDITIONS TO BE OBSERVED AND THE EXERTIONS TO BE MADE FOR THE DISENCHANTMENT OF DULCINEA,gt,na,3576,16000,22.33,test,na
3576-138058-0002_formant_bandpass-300-3400,data/attacks/bandpass-300-3400/3576-138058-0002_formant.wav,fake,attack,none,bandpass-300-3400,bandpass300-3400,AT ONE MOMENT IT SEEMED TO HIM THAT HE WAS IN THE CAVE OF MONTESINOS AND SAW DULCINEA TRANSFORMED INTO A COUNTRY WENCH SKIPPING AND MOUNTING UPON HER SHE ASS AGAIN THAT THE WORDS OF THE SAGE MERLIN WERE SOUNDING IN HIS EARS SETTING FORTH THE CONDITIONS TO BE OBSERVED AND THE EXERTIONS TO BE MADE FOR THE DISENCHANTMENT OF DULCINEA,gt,na,3576,16000,22.33,test,na
3576-138058-0002_formant_reverb-rt60-0.2,data/attacks/reverb-rt60-0.2/3576-138058-0002_formant.wav,fake,attack,none,reverb-rt60-0.2,rt60-0.2,AT ONE MOMENT IT SEEMED TO HIM THAT HE WAS IN THE CAVE OF MONTESINOS AND SAW DULCINEA TRANSFORMED INTO A COUNTRY WENCH SKIPPING AND MOUNTING UPON HER SHE ASS AGAIN THAT THE WORDS OF THE SAGE MERLIN WERE SOUNDING IN HIS EARS SETTING FORTH THE CONDITIONS TO BE OBSERVED AND THE EXERTIONS TO BE MADE FOR THE DISENCHANTMENT OF DULCINEA,gt,na,3576,16000,22.33,test,na
3576-138058-0002_formant_reverb-rt60-0.4,data/attacks/reverb-rt60-0.4/3576-138058-0002_formant.wav,fake,attack,none,reverb-rt60-0.4,rt60-0.4,AT ONE MOMENT IT SEEMED TO HIM THAT HE WAS IN THE CAVE OF MONTESINOS AND SAW DULCINEA TRANSFORMED INTO A COUNTRY WENCH SKIPPING AND MOUNTING UPON HER SHE ASS AGAIN THAT THE WORDS OF THE SAGE MERLIN WERE SOUNDING IN HIS EARS SETTING FORTH THE CONDITIONS TO BE OBSERVED AND THE EXERTIONS TO BE MADE FOR THE DISENCHANTMENT OF DULCINEA,gt,na,3576,16000,22.33,test,na
3576-138058-0002_formant_reverb-rt60-0.8,data/attacks/reverb-rt60-0.8/3576-138058-0002_formant.wav,fake,attack,none,reverb-rt60-0.8,rt60-0.8,AT ONE MOMENT IT SEEMED TO HIM THAT HE WAS IN THE CAVE OF MONTESINOS AND SAW DULCINEA TRANSFORMED INTO A COUNTRY WENCH SKIPPING AND MOUNTING UPON HER SHE ASS AGAIN THAT THE WORDS OF THE SAGE MERLIN WERE SOUNDING IN HIS EARS SETTING FORTH THE CONDITIONS TO BE OBSERVED AND THE EXERTIONS TO BE MADE FOR THE DISENCHANTMENT OF DULCINEA,gt,na,3576,16000,22.33,test,na
3576-138058-0002_formant_speed0.9,data/attacks/speed0.9/3576-138058-0002_formant.wav,fake,attack,none,speed0.9,speed0.9,AT ONE MOMENT IT SEEMED TO HIM THAT HE WAS IN THE CAVE OF MONTESINOS AND SAW DULCINEA TRANSFORMED INTO A COUNTRY WENCH SKIPPING AND MOUNTING UPON HER SHE ASS AGAIN THAT THE WORDS OF THE SAGE MERLIN WERE SOUNDING IN HIS EARS SETTING FORTH THE CONDITIONS TO BE OBSERVED AND THE EXERTIONS TO BE MADE FOR THE DISENCHANTMENT OF DULCINEA,gt,na,3576,16000,24.811,test,na
3576-138058-0002_formant_speed1.1,data/attacks/speed1.1/3576-138058-0002_formant.wav,fake,attack,none,speed1.1,speed1.1,AT ONE MOMENT IT SEEMED TO HIM THAT HE WAS IN THE CAVE OF MONTESINOS AND SAW DULCINEA TRANSFORMED INTO A COUNTRY WENCH SKIPPING AND MOUNTING UPON HER SHE ASS AGAIN THAT THE WORDS OF THE SAGE MERLIN WERE SOUNDING IN HIS EARS SETTING FORTH THE CONDITIONS TO BE OBSERVED AND THE EXERTIONS TO BE MADE FOR THE DISENCHANTMENT OF DULCINEA,gt,na,3576,16000,20.3,test,na
3576-138058-0002_melvoc_mp3-128k,data/attacks/mp3-128k/3576-138058-0002_melvoc.wav,fake,attack,none,mp3-128k,mp3-128k,AT ONE MOMENT IT SEEMED TO HIM THAT HE WAS IN THE CAVE OF MONTESINOS AND SAW DULCINEA TRANSFORMED INTO A COUNTRY WENCH SKIPPING AND MOUNTING UPON HER SHE ASS AGAIN THAT THE WORDS OF THE SAGE MERLIN WERE SOUNDING IN HIS EARS SETTING FORTH THE CONDITIONS TO BE OBSERVED AND THE EXERTIONS TO BE MADE FOR THE DISENCHANTMENT OF DULCINEA,gt,na,3576,16000,22.328,test,na
3576-138058-0002_melvoc_mp3-64k,data/attacks/mp3-64k/3576-138058-0002_melvoc.wav,fake,attack,none,mp3-64k,mp3-64k,AT ONE MOMENT IT SEEMED TO HIM THAT HE WAS IN THE CAVE OF MONTESINOS AND SAW DULCINEA TRANSFORMED INTO A COUNTRY WENCH SKIPPING AND MOUNTING UPON HER SHE ASS AGAIN THAT THE WORDS OF THE SAGE MERLIN WERE SOUNDING IN HIS EARS SETTING FORTH THE CONDITIONS TO BE OBSERVED AND THE EXERTIONS TO BE MADE FOR THE DISENCHANTMENT OF DULCINEA,gt,na,3576,16000,22.328,test,na
3576-138058-0002_melvoc_opus-32k,data/attacks/opus-32k/3576-138058-0002_melvoc.wav,fake,attack,none,opus-32k,opus-32k,AT ONE MOMENT IT SEEMED TO HIM THAT HE WAS IN THE CAVE OF MONTESINOS AND SAW DULCINEA TRANSFORMED INTO A COUNTRY WENCH SKIPPING AND MOUNTING UPON HER SHE ASS AGAIN THAT THE WORDS OF THE SAGE MERLIN WERE SOUNDING IN HIS EARS SETTING FORTH THE CONDITIONS TO BE OBSERVED AND THE EXERTIONS TO BE MADE FOR THE DISENCHANTMENT OF DULCINEA,gt,na,3576,16000,22.328,test,na
3576-138058-0002_melvoc_g711-8k,data/attacks/g711-8k/3576-138058-0002_melvoc.wav,fake,attack,none,g711-8k,g711-8k,AT ONE MOMENT IT SEEMED TO HIM THAT HE WAS IN THE CAVE OF MONTESINOS AND SAW DULCINEA TRANSFORMED INTO A COUNTRY WENCH SKIPPING AND MOUNTING UPON HER SHE ASS AGAIN THAT THE WORDS OF THE SAGE MERLIN WERE SOUNDING IN HIS EARS SETTING FORTH THE CONDITIONS TO BE OBSERVED AND THE EXERTIONS TO BE MADE FOR THE DISENCHANTMENT OF DULCINEA,gt,na,3576,16000,22.328,test,na
3576-138058-0002_melvoc_resample-8k,data/attacks/resample-8k/3576-138058-0002_melvoc.wav,fake,attack,none,resample-8k,8k-roundtrip,AT ONE MOMENT IT SEEMED TO HIM THAT HE WAS IN THE CAVE OF MONTESINOS AND SAW DULCINEA TRANSFORMED INTO A COUNTRY WENCH SKIPPING AND MOUNTING UPON HER SHE ASS AGAIN THAT THE WORDS OF THE SAGE MERLIN WERE SOUNDING IN HIS EARS SETTING FORTH THE CONDITIONS TO BE OBSERVED AND THE EXERTIONS TO BE MADE FOR THE DISENCHANTMENT OF DULCINEA,gt,na,3576,16000,22.328,test,na
3576-138058-0002_melvoc_awgn-snr5,data/attacks/awgn-snr5/3576-138058-0002_melvoc.wav,fake,attack,none,awgn-snr5,snr5,AT ONE MOMENT IT SEEMED TO HIM THAT HE WAS IN THE CAVE OF MONTESINOS AND SAW DULCINEA TRANSFORMED INTO A COUNTRY WENCH SKIPPING AND MOUNTING UPON HER SHE ASS AGAIN THAT THE WORDS OF THE SAGE MERLIN WERE SOUNDING IN HIS EARS SETTING FORTH THE CONDITIONS TO BE OBSERVED AND THE EXERTIONS TO BE MADE FOR THE DISENCHANTMENT OF DULCINEA,gt,na,3576,16000,22.328,test,na
3576-138058-0002_melvoc_awgn-snr10,data/attacks/awgn-snr10/3576-138058-0002_melvoc.wav,fake,attack,none,awgn-snr10,snr10,AT ONE MOMENT IT SEEMED TO HIM THAT HE WAS IN THE CAVE OF MONTESINOS AND SAW DULCINEA TRANSFORMED INTO A COUNTRY WENCH SKIPPING AND MOUNTING UPON HER SHE ASS AGAIN THAT THE WORDS OF THE SAGE MERLIN WERE SOUNDING IN HIS EARS SETTING FORTH THE CONDITIONS TO BE OBSERVED AND THE EXERTIONS TO BE MADE FOR THE DISENCHANTMENT OF DULCINEA,gt,na,3576,16000,22.328,test,na
3576-138058-0002_melvoc_awgn-snr20,data/attacks/awgn-snr20/3576-138058-0002_melvoc.wav,fake,attack,none,awgn-snr20,snr20,AT ONE MOMENT IT SEEMED TO HIM THAT HE WAS IN THE CAVE OF MONTESINOS AND SAW DULCINEA TRANSFORMED INTO A COUNTRY WENCH SKIPPING AND MOUNTING UPON HER SHE ASS AGAIN THAT THE WORDS OF THE SAGE MERLIN WERE SOUNDING IN HIS EARS SETTING FORTH THE CONDITIONS TO BE OBSERVED AND THE EXERTIONS TO BE MADE FOR THE DISENCHANTMENT OF DULCINEA,gt,na,3576,16000,22.328,test,na
3576-138058-0002_melvoc_bandpass-300-3400,data/attacks/bandpass-300-3400/3576-138058-0002_melvoc.wav,fake,attack,none,bandpass-300-3400,bandpass300-3400,AT ONE MOMENT IT SEEMED TO HIM THAT HE WAS IN THE CAVE OF MONTESINOS AND SAW DULCINEA TRANSFORMED INTO A COUNTRY WENCH SKIPPING AND MOUNTING UPON HER SHE ASS AGAIN THAT THE WORDS OF THE SAGE MERLIN WERE SOUNDING IN HIS EARS SETTING FORTH THE CONDITIONS TO BE OBSERVED AND THE EXERTIONS TO BE MADE FOR THE DISENCHANTMENT OF DULCINEA,gt,na,3576,16000,22.328,test,na
3576-138058-0002_melvoc_reverb-rt60-0.2,data/attacks/reverb-rt60-0.2/3576-138058-0002_melvoc.wav,fake,attack,none,reverb-rt60-0.2,rt60-0.2,AT ONE MOMENT IT SEEMED TO HIM THAT HE WAS IN THE CAVE OF MONTESINOS AND SAW DULCINEA TRANSFORMED INTO A COUNTRY WENCH SKIPPING AND MOUNTING UPON HER SHE ASS AGAIN THAT THE WORDS OF THE SAGE MERLIN WERE SOUNDING IN HIS EARS SETTING FORTH THE CONDITIONS TO BE OBSERVED AND THE EXERTIONS TO BE MADE FOR THE DISENCHANTMENT OF DULCINEA,gt,na,3576,16000,22.328,test,na
3576-138058-0002_melvoc_reverb-rt60-0.4,data/attacks/reverb-rt60-0.4/3576-138058-0002_melvoc.wav,fake,attack,none,reverb-rt60-0.4,rt60-0.4,AT ONE MOMENT IT SEEMED TO HIM THAT HE WAS IN THE CAVE OF MONTESINOS AND SAW DULCINEA TRANSFORMED INTO A COUNTRY WENCH SKIPPING AND MOUNTING UPON HER SHE ASS AGAIN THAT THE WORDS OF THE SAGE MERLIN WERE SOUNDING IN HIS EARS SETTING FORTH THE CONDITIONS TO BE OBSERVED AND THE EXERTIONS TO BE MADE FOR THE DISENCHANTMENT OF DULCINEA,gt,na,3576,16000,22.328,test,na
3576-138058-0002_melvoc_reverb-rt60-0.8,data/attacks/reverb-rt60-0.8/3576-138058-0002_melvoc.wav,fake,attack,none,reverb-rt60-0.8,rt60-0.8,AT ONE MOMENT IT SEEMED TO HIM THAT HE WAS IN THE CAVE OF MONTESINOS AND SAW DULCINEA TRANSFORMED INTO A COUNTRY WENCH SKIPPING AND MOUNTING UPON HER SHE ASS AGAIN THAT THE WORDS OF THE SAGE MERLIN WERE SOUNDING IN HIS EARS SETTING FORTH THE CONDITIONS TO BE OBSERVED AND THE EXERTIONS TO BE MADE FOR THE DISENCHANTMENT OF DULCINEA,gt,na,3576,16000,22.328,test,na
3576-138058-0002_melvoc_speed0.9,data/attacks/speed0.9/3576-138058-0002_melvoc.wav,fake,attack,none,speed0.9,speed0.9,AT ONE MOMENT IT SEEMED TO HIM THAT HE WAS IN THE CAVE OF MONTESINOS AND SAW DULCINEA TRANSFORMED INTO A COUNTRY WENCH SKIPPING AND MOUNTING UPON HER SHE ASS AGAIN THAT THE WORDS OF THE SAGE MERLIN WERE SOUNDING IN HIS EARS SETTING FORTH THE CONDITIONS TO BE OBSERVED AND THE EXERTIONS TO BE MADE FOR THE DISENCHANTMENT OF DULCINEA,gt,na,3576,16000,24.809,test,na
3576-138058-0002_melvoc_speed1.1,data/attacks/speed1.1/3576-138058-0002_melvoc.wav,fake,attack,none,speed1.1,speed1.1,AT ONE MOMENT IT SEEMED TO HIM THAT HE WAS IN THE CAVE OF MONTESINOS AND SAW DULCINEA TRANSFORMED INTO A COUNTRY WENCH SKIPPING AND MOUNTING UPON HER SHE ASS AGAIN THAT THE WORDS OF THE SAGE MERLIN WERE SOUNDING IN HIS EARS SETTING FORTH THE CONDITIONS TO BE OBSERVED AND THE EXERTIONS TO BE MADE FOR THE DISENCHANTMENT OF DULCINEA,gt,na,3576,16000,20.298,test,na
3576-138058-0002_pitch_mp3-128k,data/attacks/mp3-128k/3576-138058-0002_pitch.wav,fake,attack,none,mp3-128k,mp3-128k,AT ONE MOMENT IT SEEMED TO HIM THAT HE WAS IN THE CAVE OF MONTESINOS AND SAW DULCINEA TRANSFORMED INTO A COUNTRY WENCH SKIPPING AND MOUNTING UPON HER SHE ASS AGAIN THAT THE WORDS OF THE SAGE MERLIN WERE SOUNDING IN HIS EARS SETTING FORTH THE CONDITIONS TO BE OBSERVED AND THE EXERTIONS TO BE MADE FOR THE DISENCHANTMENT OF DULCINEA,gt,na,3576,16000,22.33,test,na
3576-138058-0002_pitch_mp3-64k,data/attacks/mp3-64k/3576-138058-0002_pitch.wav,fake,attack,none,mp3-64k,mp3-64k,AT ONE MOMENT IT SEEMED TO HIM THAT HE WAS IN THE CAVE OF MONTESINOS AND SAW DULCINEA TRANSFORMED INTO A COUNTRY WENCH SKIPPING AND MOUNTING UPON HER SHE ASS AGAIN THAT THE WORDS OF THE SAGE MERLIN WERE SOUNDING IN HIS EARS SETTING FORTH THE CONDITIONS TO BE OBSERVED AND THE EXERTIONS TO BE MADE FOR THE DISENCHANTMENT OF DULCINEA,gt,na,3576,16000,22.33,test,na
3576-138058-0002_pitch_opus-32k,data/attacks/opus-32k/3576-138058-0002_pitch.wav,fake,attack,none,opus-32k,opus-32k,AT ONE MOMENT IT SEEMED TO HIM THAT HE WAS IN THE CAVE OF MONTESINOS AND SAW DULCINEA TRANSFORMED INTO A COUNTRY WENCH SKIPPING AND MOUNTING UPON HER SHE ASS AGAIN THAT THE WORDS OF THE SAGE MERLIN WERE SOUNDING IN HIS EARS SETTING FORTH THE CONDITIONS TO BE OBSERVED AND THE EXERTIONS TO BE MADE FOR THE DISENCHANTMENT OF DULCINEA,gt,na,3576,16000,22.33,test,na
3576-138058-0002_pitch_g711-8k,data/attacks/g711-8k/3576-138058-0002_pitch.wav,fake,attack,none,g711-8k,g711-8k,AT ONE MOMENT IT SEEMED TO HIM THAT HE WAS IN THE CAVE OF MONTESINOS AND SAW DULCINEA TRANSFORMED INTO A COUNTRY WENCH SKIPPING AND MOUNTING UPON HER SHE ASS AGAIN THAT THE WORDS OF THE SAGE MERLIN WERE SOUNDING IN HIS EARS SETTING FORTH THE CONDITIONS TO BE OBSERVED AND THE EXERTIONS TO BE MADE FOR THE DISENCHANTMENT OF DULCINEA,gt,na,3576,16000,22.33,test,na
3576-138058-0002_pitch_resample-8k,data/attacks/resample-8k/3576-138058-0002_pitch.wav,fake,attack,none,resample-8k,8k-roundtrip,AT ONE MOMENT IT SEEMED TO HIM THAT HE WAS IN THE CAVE OF MONTESINOS AND SAW DULCINEA TRANSFORMED INTO A COUNTRY WENCH SKIPPING AND MOUNTING UPON HER SHE ASS AGAIN THAT THE WORDS OF THE SAGE MERLIN WERE SOUNDING IN HIS EARS SETTING FORTH THE CONDITIONS TO BE OBSERVED AND THE EXERTIONS TO BE MADE FOR THE DISENCHANTMENT OF DULCINEA,gt,na,3576,16000,22.33,test,na
3576-138058-0002_pitch_awgn-snr5,data/attacks/awgn-snr5/3576-138058-0002_pitch.wav,fake,attack,none,awgn-snr5,snr5,AT ONE MOMENT IT SEEMED TO HIM THAT HE WAS IN THE CAVE OF MONTESINOS AND SAW DULCINEA TRANSFORMED INTO A COUNTRY WENCH SKIPPING AND MOUNTING UPON HER SHE ASS AGAIN THAT THE WORDS OF THE SAGE MERLIN WERE SOUNDING IN HIS EARS SETTING FORTH THE CONDITIONS TO BE OBSERVED AND THE EXERTIONS TO BE MADE FOR THE DISENCHANTMENT OF DULCINEA,gt,na,3576,16000,22.33,test,na
3576-138058-0002_pitch_awgn-snr10,data/attacks/awgn-snr10/3576-138058-0002_pitch.wav,fake,attack,none,awgn-snr10,snr10,AT ONE MOMENT IT SEEMED TO HIM THAT HE WAS IN THE CAVE OF MONTESINOS AND SAW DULCINEA TRANSFORMED INTO A COUNTRY WENCH SKIPPING AND MOUNTING UPON HER SHE ASS AGAIN THAT THE WORDS OF THE SAGE MERLIN WERE SOUNDING IN HIS EARS SETTING FORTH THE CONDITIONS TO BE OBSERVED AND THE EXERTIONS TO BE MADE FOR THE DISENCHANTMENT OF DULCINEA,gt,na,3576,16000,22.33,test,na
3576-138058-0002_pitch_awgn-snr20,data/attacks/awgn-snr20/3576-138058-0002_pitch.wav,fake,attack,none,awgn-snr20,snr20,AT ONE MOMENT IT SEEMED TO HIM THAT HE WAS IN THE CAVE OF MONTESINOS AND SAW DULCINEA TRANSFORMED INTO A COUNTRY WENCH SKIPPING AND MOUNTING UPON HER SHE ASS AGAIN THAT THE WORDS OF THE SAGE MERLIN WERE SOUNDING IN HIS EARS SETTING FORTH THE CONDITIONS TO BE OBSERVED AND THE EXERTIONS TO BE MADE FOR THE DISENCHANTMENT OF DULCINEA,gt,na,3576,16000,22.33,test,na
3576-138058-0002_pitch_bandpass-300-3400,data/attacks/bandpass-300-3400/3576-138058-0002_pitch.wav,fake,attack,none,bandpass-300-3400,bandpass300-3400,AT ONE MOMENT IT SEEMED TO HIM THAT HE WAS IN THE CAVE OF MONTESINOS AND SAW DULCINEA TRANSFORMED INTO A COUNTRY WENCH SKIPPING AND MOUNTING UPON HER SHE ASS AGAIN THAT THE WORDS OF THE SAGE MERLIN WERE SOUNDING IN HIS EARS SETTING FORTH THE CONDITIONS TO BE OBSERVED AND THE EXERTIONS TO BE MADE FOR THE DISENCHANTMENT OF DULCINEA,gt,na,3576,16000,22.33,test,na
3576-138058-0002_pitch_reverb-rt60-0.2,data/attacks/reverb-rt60-0.2/3576-138058-0002_pitch.wav,fake,attack,none,reverb-rt60-0.2,rt60-0.2,AT ONE MOMENT IT SEEMED TO HIM THAT HE WAS IN THE CAVE OF MONTESINOS AND SAW DULCINEA TRANSFORMED INTO A COUNTRY WENCH SKIPPING AND MOUNTING UPON HER SHE ASS AGAIN THAT THE WORDS OF THE SAGE MERLIN WERE SOUNDING IN HIS EARS SETTING FORTH THE CONDITIONS TO BE OBSERVED AND THE EXERTIONS TO BE MADE FOR THE DISENCHANTMENT OF DULCINEA,gt,na,3576,16000,22.33,test,na
3576-138058-0002_pitch_reverb-rt60-0.4,data/attacks/reverb-rt60-0.4/3576-138058-0002_pitch.wav,fake,attack,none,reverb-rt60-0.4,rt60-0.4,AT ONE MOMENT IT SEEMED TO HIM THAT HE WAS IN THE CAVE OF MONTESINOS AND SAW DULCINEA TRANSFORMED INTO A COUNTRY WENCH SKIPPING AND MOUNTING UPON HER SHE ASS AGAIN THAT THE WORDS OF THE SAGE MERLIN WERE SOUNDING IN HIS EARS SETTING FORTH THE CONDITIONS TO BE OBSERVED AND THE EXERTIONS TO BE MADE FOR THE DISENCHANTMENT OF DULCINEA,gt,na,3576,16000,22.33,test,na
3576-138058-0002_pitch_reverb-rt60-0.8,data/attacks/reverb-rt60-0.8/3576-138058-0002_pitch.wav,fake,attack,none,reverb-rt60-0.8,rt60-0.8,AT ONE MOMENT IT SEEMED TO HIM THAT HE WAS IN THE CAVE OF MONTESINOS AND SAW DULCINEA TRANSFORMED INTO A COUNTRY WENCH SKIPPING AND MOUNTING UPON HER SHE ASS AGAIN THAT THE WORDS OF THE SAGE MERLIN WERE SOUNDING IN HIS EARS SETTING FORTH THE CONDITIONS TO BE OBSERVED AND THE EXERTIONS TO BE MADE FOR THE DISENCHANTMENT OF DULCINEA,gt,na,3576,16000,22.33,test,na
3576-138058-0002_pitch_speed0.9,data/attacks/speed0.9/3576-138058-0002_pitch.wav,fake,attack,none,speed0.9,speed0.9,AT ONE MOMENT IT SEEMED TO HIM THAT HE WAS IN THE CAVE OF MONTESINOS AND SAW DULCINEA TRANSFORMED INTO A COUNTRY WENCH SKIPPING AND MOUNTING UPON HER SHE ASS AGAIN THAT THE WORDS OF THE SAGE MERLIN WERE SOUNDING IN HIS EARS SETTING FORTH THE CONDITIONS TO BE OBSERVED AND THE EXERTIONS TO BE MADE FOR THE DISENCHANTMENT OF DULCINEA,gt,na,3576,16000,24.811,test,na
3576-138058-0002_pitch_speed1.1,data/attacks/speed1.1/3576-138058-0002_pitch.wav,fake,attack,none,speed1.1,speed1.1,AT ONE MOMENT IT SEEMED TO HIM THAT HE WAS IN THE CAVE OF MONTESINOS AND SAW DULCINEA TRANSFORMED INTO A COUNTRY WENCH SKIPPING AND MOUNTING UPON HER SHE ASS AGAIN THAT THE WORDS OF THE SAGE MERLIN WERE SOUNDING IN HIS EARS SETTING FORTH THE CONDITIONS TO BE OBSERVED AND THE EXERTIONS TO BE MADE FOR THE DISENCHANTMENT OF DULCINEA,gt,na,3576,16000,20.3,test,na
3576-138058-0003_formant_mp3-128k,data/attacks/mp3-128k/3576-138058-0003_formant.wav,fake,attack,none,mp3-128k,mp3-128k,WHO IS TOUCHING ME AND UNTRUSSING ME,gt,na,3576,16000,2.51,test,na
3576-138058-0003_formant_mp3-64k,data/attacks/mp3-64k/3576-138058-0003_formant.wav,fake,attack,none,mp3-64k,mp3-64k,WHO IS TOUCHING ME AND UNTRUSSING ME,gt,na,3576,16000,2.51,test,na
3576-138058-0003_formant_opus-32k,data/attacks/opus-32k/3576-138058-0003_formant.wav,fake,attack,none,opus-32k,opus-32k,WHO IS TOUCHING ME AND UNTRUSSING ME,gt,na,3576,16000,2.51,test,na
3576-138058-0003_formant_g711-8k,data/attacks/g711-8k/3576-138058-0003_formant.wav,fake,attack,none,g711-8k,g711-8k,WHO IS TOUCHING ME AND UNTRUSSING ME,gt,na,3576,16000,2.51,test,na
3576-138058-0003_formant_resample-8k,data/attacks/resample-8k/3576-138058-0003_formant.wav,fake,attack,none,resample-8k,8k-roundtrip,WHO IS TOUCHING ME AND UNTRUSSING ME,gt,na,3576,16000,2.51,test,na
3576-138058-0003_formant_awgn-snr5,data/attacks/awgn-snr5/3576-138058-0003_formant.wav,fake,attack,none,awgn-snr5,snr5,WHO IS TOUCHING ME AND UNTRUSSING ME,gt,na,3576,16000,2.51,test,na
3576-138058-0003_formant_awgn-snr10,data/attacks/awgn-snr10/3576-138058-0003_formant.wav,fake,attack,none,awgn-snr10,snr10,WHO IS TOUCHING ME AND UNTRUSSING ME,gt,na,3576,16000,2.51,test,na
3576-138058-0003_formant_awgn-snr20,data/attacks/awgn-snr20/3576-138058-0003_formant.wav,fake,attack,none,awgn-snr20,snr20,WHO IS TOUCHING ME AND UNTRUSSING ME,gt,na,3576,16000,2.51,test,na
3576-138058-0003_formant_bandpass-300-3400,data/attacks/bandpass-300-3400/3576-138058-0003_formant.wav,fake,attack,none,bandpass-300-3400,bandpass300-3400,WHO IS TOUCHING ME AND UNTRUSSING ME,gt,na,3576,16000,2.51,test,na
3576-138058-0003_formant_reverb-rt60-0.2,data/attacks/reverb-rt60-0.2/3576-138058-0003_formant.wav,fake,attack,none,reverb-rt60-0.2,rt60-0.2,WHO IS TOUCHING ME AND UNTRUSSING ME,gt,na,3576,16000,2.51,test,na
3576-138058-0003_formant_reverb-rt60-0.4,data/attacks/reverb-rt60-0.4/3576-138058-0003_formant.wav,fake,attack,none,reverb-rt60-0.4,rt60-0.4,WHO IS TOUCHING ME AND UNTRUSSING ME,gt,na,3576,16000,2.51,test,na
3576-138058-0003_formant_reverb-rt60-0.8,data/attacks/reverb-rt60-0.8/3576-138058-0003_formant.wav,fake,attack,none,reverb-rt60-0.8,rt60-0.8,WHO IS TOUCHING ME AND UNTRUSSING ME,gt,na,3576,16000,2.51,test,na
3576-138058-0003_formant_speed0.9,data/attacks/speed0.9/3576-138058-0003_formant.wav,fake,attack,none,speed0.9,speed0.9,WHO IS TOUCHING ME AND UNTRUSSING ME,gt,na,3576,16000,2.789,test,na
3576-138058-0003_formant_speed1.1,data/attacks/speed1.1/3576-138058-0003_formant.wav,fake,attack,none,speed1.1,speed1.1,WHO IS TOUCHING ME AND UNTRUSSING ME,gt,na,3576,16000,2.282,test,na
3576-138058-0003_melvoc_mp3-128k,data/attacks/mp3-128k/3576-138058-0003_melvoc.wav,fake,attack,none,mp3-128k,mp3-128k,WHO IS TOUCHING ME AND UNTRUSSING ME,gt,na,3576,16000,2.504,test,na
3576-138058-0003_melvoc_mp3-64k,data/attacks/mp3-64k/3576-138058-0003_melvoc.wav,fake,attack,none,mp3-64k,mp3-64k,WHO IS TOUCHING ME AND UNTRUSSING ME,gt,na,3576,16000,2.504,test,na
3576-138058-0003_melvoc_opus-32k,data/attacks/opus-32k/3576-138058-0003_melvoc.wav,fake,attack,none,opus-32k,opus-32k,WHO IS TOUCHING ME AND UNTRUSSING ME,gt,na,3576,16000,2.504,test,na
3576-138058-0003_melvoc_g711-8k,data/attacks/g711-8k/3576-138058-0003_melvoc.wav,fake,attack,none,g711-8k,g711-8k,WHO IS TOUCHING ME AND UNTRUSSING ME,gt,na,3576,16000,2.504,test,na
3576-138058-0003_melvoc_resample-8k,data/attacks/resample-8k/3576-138058-0003_melvoc.wav,fake,attack,none,resample-8k,8k-roundtrip,WHO IS TOUCHING ME AND UNTRUSSING ME,gt,na,3576,16000,2.504,test,na
3576-138058-0003_melvoc_awgn-snr5,data/attacks/awgn-snr5/3576-138058-0003_melvoc.wav,fake,attack,none,awgn-snr5,snr5,WHO IS TOUCHING ME AND UNTRUSSING ME,gt,na,3576,16000,2.504,test,na
3576-138058-0003_melvoc_awgn-snr10,data/attacks/awgn-snr10/3576-138058-0003_melvoc.wav,fake,attack,none,awgn-snr10,snr10,WHO IS TOUCHING ME AND UNTRUSSING ME,gt,na,3576,16000,2.504,test,na
3576-138058-0003_melvoc_awgn-snr20,data/attacks/awgn-snr20/3576-138058-0003_melvoc.wav,fake,attack,none,awgn-snr20,snr20,WHO IS TOUCHING ME AND UNTRUSSING ME,gt,na,3576,16000,2.504,test,na
3576-138058-0003_melvoc_bandpass-300-3400,data/attacks/bandpass-300-3400/3576-138058-0003_melvoc.wav,fake,attack,none,bandpass-300-3400,bandpass300-3400,WHO IS TOUCHING ME AND UNTRUSSING ME,gt,na,3576,16000,2.504,test,na
3576-138058-0003_melvoc_reverb-rt60-0.2,data/attacks/reverb-rt60-0.2/3576-138058-0003_melvoc.wav,fake,attack,none,reverb-rt60-0.2,rt60-0.2,WHO IS TOUCHING ME AND UNTRUSSING ME,gt,na,3576,16000,2.504,test,na
3576-138058-0003_melvoc_reverb-rt60-0.4,data/attacks/reverb-rt60-0.4/3576-138058-0003_melvoc.wav,fake,attack,none,reverb-rt60-0.4,rt60-0.4,WHO IS TOUCHING ME AND UNTRUSSING ME,gt,na,3576,16000,2.504,test,na
3576-138058-0003_melvoc_reverb-rt60-0.8,data/attacks/reverb-rt60-0.8/3576-138058-0003_melvoc.wav,fake,attack,none,reverb-rt60-0.8,rt60-0.8,WHO IS TOUCHING ME AND UNTRUSSING ME,gt,na,3576,16000,2.504,test,na
3576-138058-0003_melvoc_speed0.9,data/attacks/speed0.9/3576-138058-0003_melvoc.wav,fake,attack,none,speed0.9,speed0.9,WHO IS TOUCHING ME AND UNTRUSSING ME,gt,na,3576,16000,2.782,test,na
3576-138058-0003_melvoc_speed1.1,data/attacks/speed1.1/3576-138058-0003_melvoc.wav,fake,attack,none,speed1.1,speed1.1,WHO IS TOUCHING ME AND UNTRUSSING ME,gt,na,3576,16000,2.276,test,na
3576-138058-0003_pitch_mp3-128k,data/attacks/mp3-128k/3576-138058-0003_pitch.wav,fake,attack,none,mp3-128k,mp3-128k,WHO IS TOUCHING ME AND UNTRUSSING ME,gt,na,3576,16000,2.51,test,na
3576-138058-0003_pitch_mp3-64k,data/attacks/mp3-64k/3576-138058-0003_pitch.wav,fake,attack,none,mp3-64k,mp3-64k,WHO IS TOUCHING ME AND UNTRUSSING ME,gt,na,3576,16000,2.51,test,na
3576-138058-0003_pitch_opus-32k,data/attacks/opus-32k/3576-138058-0003_pitch.wav,fake,attack,none,opus-32k,opus-32k,WHO IS TOUCHING ME AND UNTRUSSING ME,gt,na,3576,16000,2.51,test,na
3576-138058-0003_pitch_g711-8k,data/attacks/g711-8k/3576-138058-0003_pitch.wav,fake,attack,none,g711-8k,g711-8k,WHO IS TOUCHING ME AND UNTRUSSING ME,gt,na,3576,16000,2.51,test,na
3576-138058-0003_pitch_resample-8k,data/attacks/resample-8k/3576-138058-0003_pitch.wav,fake,attack,none,resample-8k,8k-roundtrip,WHO IS TOUCHING ME AND UNTRUSSING ME,gt,na,3576,16000,2.51,test,na
3576-138058-0003_pitch_awgn-snr5,data/attacks/awgn-snr5/3576-138058-0003_pitch.wav,fake,attack,none,awgn-snr5,snr5,WHO IS TOUCHING ME AND UNTRUSSING ME,gt,na,3576,16000,2.51,test,na
3576-138058-0003_pitch_awgn-snr10,data/attacks/awgn-snr10/3576-138058-0003_pitch.wav,fake,attack,none,awgn-snr10,snr10,WHO IS TOUCHING ME AND UNTRUSSING ME,gt,na,3576,16000,2.51,test,na
3576-138058-0003_pitch_awgn-snr20,data/attacks/awgn-snr20/3576-138058-0003_pitch.wav,fake,attack,none,awgn-snr20,snr20,WHO IS TOUCHING ME AND UNTRUSSING ME,gt,na,3576,16000,2.51,test,na
3576-138058-0003_pitch_bandpass-300-3400,data/attacks/bandpass-300-3400/3576-138058-0003_pitch.wav,fake,attack,none,bandpass-300-3400,bandpass300-3400,WHO IS TOUCHING ME AND UNTRUSSING ME,gt,na,3576,16000,2.51,test,na
3576-138058-0003_pitch_reverb-rt60-0.2,data/attacks/reverb-rt60-0.2/3576-138058-0003_pitch.wav,fake,attack,none,reverb-rt60-0.2,rt60-0.2,WHO IS TOUCHING ME AND UNTRUSSING ME,gt,na,3576,16000,2.51,test,na
3576-138058-0003_pitch_reverb-rt60-0.4,data/attacks/reverb-rt60-0.4/3576-138058-0003_pitch.wav,fake,attack,none,reverb-rt60-0.4,rt60-0.4,WHO IS TOUCHING ME AND UNTRUSSING ME,gt,na,3576,16000,2.51,test,na
3576-138058-0003_pitch_reverb-rt60-0.8,data/attacks/reverb-rt60-0.8/3576-138058-0003_pitch.wav,fake,attack,none,reverb-rt60-0.8,rt60-0.8,WHO IS TOUCHING ME AND UNTRUSSING ME,gt,na,3576,16000,2.51,test,na
3576-138058-0003_pitch_speed0.9,data/attacks/speed0.9/3576-138058-0003_pitch.wav,fake,attack,none,speed0.9,speed0.9,WHO IS TOUCHING ME AND UNTRUSSING ME,gt,na,3576,16000,2.789,test,na
3576-138058-0003_pitch_speed1.1,data/attacks/speed1.1/3576-138058-0003_pitch.wav,fake,attack,none,speed1.1,speed1.1,WHO IS TOUCHING ME AND UNTRUSSING ME,gt,na,3576,16000,2.282,test,na
3576-138058-0004_formant_mp3-128k,data/attacks/mp3-128k/3576-138058-0004_formant.wav,fake,attack,none,mp3-128k,mp3-128k,DULCINEA IS PERISHING THOU ART LIVING ON REGARDLESS I AM DYING OF HOPE DEFERRED THEREFORE UNTRUSS THYSELF WITH A GOOD WILL FOR MINE IT IS HERE IN THIS RETIRED SPOT TO GIVE THEE AT LEAST TWO THOUSAND LASHES,gt,na,3576,16000,16.56,test,na
3576-138058-0004_formant_mp3-64k,data/attacks/mp3-64k/3576-138058-0004_formant.wav,fake,attack,none,mp3-64k,mp3-64k,DULCINEA IS PERISHING THOU ART LIVING ON REGARDLESS I AM DYING OF HOPE DEFERRED THEREFORE UNTRUSS THYSELF WITH A GOOD WILL FOR MINE IT IS HERE IN THIS RETIRED SPOT TO GIVE THEE AT LEAST TWO THOUSAND LASHES,gt,na,3576,16000,16.56,test,na
3576-138058-0004_formant_opus-32k,data/attacks/opus-32k/3576-138058-0004_formant.wav,fake,attack,none,opus-32k,opus-32k,DULCINEA IS PERISHING THOU ART LIVING ON REGARDLESS I AM DYING OF HOPE DEFERRED THEREFORE UNTRUSS THYSELF WITH A GOOD WILL FOR MINE IT IS HERE IN THIS RETIRED SPOT TO GIVE THEE AT LEAST TWO THOUSAND LASHES,gt,na,3576,16000,16.56,test,na
3576-138058-0004_formant_g711-8k,data/attacks/g711-8k/3576-138058-0004_formant.wav,fake,attack,none,g711-8k,g711-8k,DULCINEA IS PERISHING THOU ART LIVING ON REGARDLESS I AM DYING OF HOPE DEFERRED THEREFORE UNTRUSS THYSELF WITH A GOOD WILL FOR MINE IT IS HERE IN THIS RETIRED SPOT TO GIVE THEE AT LEAST TWO THOUSAND LASHES,gt,na,3576,16000,16.56,test,na
3576-138058-0004_formant_resample-8k,data/attacks/resample-8k/3576-138058-0004_formant.wav,fake,attack,none,resample-8k,8k-roundtrip,DULCINEA IS PERISHING THOU ART LIVING ON REGARDLESS I AM DYING OF HOPE DEFERRED THEREFORE UNTRUSS THYSELF WITH A GOOD WILL FOR MINE IT IS HERE IN THIS RETIRED SPOT TO GIVE THEE AT LEAST TWO THOUSAND LASHES,gt,na,3576,16000,16.56,test,na
3576-138058-0004_formant_awgn-snr5,data/attacks/awgn-snr5/3576-138058-0004_formant.wav,fake,attack,none,awgn-snr5,snr5,DULCINEA IS PERISHING THOU ART LIVING ON REGARDLESS I AM DYING OF HOPE DEFERRED THEREFORE UNTRUSS THYSELF WITH A GOOD WILL FOR MINE IT IS HERE IN THIS RETIRED SPOT TO GIVE THEE AT LEAST TWO THOUSAND LASHES,gt,na,3576,16000,16.56,test,na
3576-138058-0004_formant_awgn-snr10,data/attacks/awgn-snr10/3576-138058-0004_formant.wav,fake,attack,none,awgn-snr10,snr10,DULCINEA IS PERISHING THOU ART LIVING ON REGARDLESS I AM DYING OF HOPE DEFERRED THEREFORE UNTRUSS THYSELF WITH A GOOD WILL FOR MINE IT IS HERE IN THIS RETIRED SPOT TO GIVE THEE AT LEAST TWO THOUSAND LASHES,gt,na,3576,16000,16.56,test,na
3576-138058-0004_formant_awgn-snr20,data/attacks/awgn-snr20/3576-138058-0004_formant.wav,fake,attack,none,awgn-snr20,snr20,DULCINEA IS PERISHING THOU ART LIVING ON REGARDLESS I AM DYING OF HOPE DEFERRED THEREFORE UNTRUSS THYSELF WITH A GOOD WILL FOR MINE IT IS HERE IN THIS RETIRED SPOT TO GIVE THEE AT LEAST TWO THOUSAND LASHES,gt,na,3576,16000,16.56,test,na
3576-138058-0004_formant_bandpass-300-3400,data/attacks/bandpass-300-3400/3576-138058-0004_formant.wav,fake,attack,none,bandpass-300-3400,bandpass300-3400,DULCINEA IS PERISHING THOU ART LIVING ON REGARDLESS I AM DYING OF HOPE DEFERRED THEREFORE UNTRUSS THYSELF WITH A GOOD WILL FOR MINE IT IS HERE IN THIS RETIRED SPOT TO GIVE THEE AT LEAST TWO THOUSAND LASHES,gt,na,3576,16000,16.56,test,na
3576-138058-0004_formant_reverb-rt60-0.2,data/attacks/reverb-rt60-0.2/3576-138058-0004_formant.wav,fake,attack,none,reverb-rt60-0.2,rt60-0.2,DULCINEA IS PERISHING THOU ART LIVING ON REGARDLESS I AM DYING OF HOPE DEFERRED THEREFORE UNTRUSS THYSELF WITH A GOOD WILL FOR MINE IT IS HERE IN THIS RETIRED SPOT TO GIVE THEE AT LEAST TWO THOUSAND LASHES,gt,na,3576,16000,16.56,test,na
3576-138058-0004_formant_reverb-rt60-0.4,data/attacks/reverb-rt60-0.4/3576-138058-0004_formant.wav,fake,attack,none,reverb-rt60-0.4,rt60-0.4,DULCINEA IS PERISHING THOU ART LIVING ON REGARDLESS I AM DYING OF HOPE DEFERRED THEREFORE UNTRUSS THYSELF WITH A GOOD WILL FOR MINE IT IS HERE IN THIS RETIRED SPOT TO GIVE THEE AT LEAST TWO THOUSAND LASHES,gt,na,3576,16000,16.56,test,na
3576-138058-0004_formant_reverb-rt60-0.8,data/attacks/reverb-rt60-0.8/3576-138058-0004_formant.wav,fake,attack,none,reverb-rt60-0.8,rt60-0.8,DULCINEA IS PERISHING THOU ART LIVING ON REGARDLESS I AM DYING OF HOPE DEFERRED THEREFORE UNTRUSS THYSELF WITH A GOOD WILL FOR MINE IT IS HERE IN THIS RETIRED SPOT TO GIVE THEE AT LEAST TWO THOUSAND LASHES,gt,na,3576,16000,16.56,test,na
3576-138058-0004_formant_speed0.9,data/attacks/speed0.9/3576-138058-0004_formant.wav,fake,attack,none,speed0.9,speed0.9,DULCINEA IS PERISHING THOU ART LIVING ON REGARDLESS I AM DYING OF HOPE DEFERRED THEREFORE UNTRUSS THYSELF WITH A GOOD WILL FOR MINE IT IS HERE IN THIS RETIRED SPOT TO GIVE THEE AT LEAST TWO THOUSAND LASHES,gt,na,3576,16000,18.4,test,na
3576-138058-0004_formant_speed1.1,data/attacks/speed1.1/3576-138058-0004_formant.wav,fake,attack,none,speed1.1,speed1.1,DULCINEA IS PERISHING THOU ART LIVING ON REGARDLESS I AM DYING OF HOPE DEFERRED THEREFORE UNTRUSS THYSELF WITH A GOOD WILL FOR MINE IT IS HERE IN THIS RETIRED SPOT TO GIVE THEE AT LEAST TWO THOUSAND LASHES,gt,na,3576,16000,15.055,test,na
3576-138058-0004_melvoc_mp3-128k,data/attacks/mp3-128k/3576-138058-0004_melvoc.wav,fake,attack,none,mp3-128k,mp3-128k,DULCINEA IS PERISHING THOU ART LIVING ON REGARDLESS I AM DYING OF HOPE DEFERRED THEREFORE UNTRUSS THYSELF WITH A GOOD WILL FOR MINE IT IS HERE IN THIS RETIRED SPOT TO GIVE THEE AT LEAST TWO THOUSAND LASHES,gt,na,3576,16000,16.56,test,na
3576-138058-0004_melvoc_mp3-64k,data/attacks/mp3-64k/3576-138058-0004_melvoc.wav,fake,attack,none,mp3-64k,mp3-64k,DULCINEA IS PERISHING THOU ART LIVING ON REGARDLESS I AM DYING OF HOPE DEFERRED THEREFORE UNTRUSS THYSELF WITH A GOOD WILL FOR MINE IT IS HERE IN THIS RETIRED SPOT TO GIVE THEE AT LEAST TWO THOUSAND LASHES,gt,na,3576,16000,16.56,test,na
3576-138058-0004_melvoc_opus-32k,data/attacks/opus-32k/3576-138058-0004_melvoc.wav,fake,attack,none,opus-32k,opus-32k,DULCINEA IS PERISHING THOU ART LIVING ON REGARDLESS I AM DYING OF HOPE DEFERRED THEREFORE UNTRUSS THYSELF WITH A GOOD WILL FOR MINE IT IS HERE IN THIS RETIRED SPOT TO GIVE THEE AT LEAST TWO THOUSAND LASHES,gt,na,3576,16000,16.56,test,na
3576-138058-0004_melvoc_g711-8k,data/attacks/g711-8k/3576-138058-0004_melvoc.wav,fake,attack,none,g711-8k,g711-8k,DULCINEA IS PERISHING THOU ART LIVING ON REGARDLESS I AM DYING OF HOPE DEFERRED THEREFORE UNTRUSS THYSELF WITH A GOOD WILL FOR MINE IT IS HERE IN THIS RETIRED SPOT TO GIVE THEE AT LEAST TWO THOUSAND LASHES,gt,na,3576,16000,16.56,test,na
3576-138058-0004_melvoc_resample-8k,data/attacks/resample-8k/3576-138058-0004_melvoc.wav,fake,attack,none,resample-8k,8k-roundtrip,DULCINEA IS PERISHING THOU ART LIVING ON REGARDLESS I AM DYING OF HOPE DEFERRED THEREFORE UNTRUSS THYSELF WITH A GOOD WILL FOR MINE IT IS HERE IN THIS RETIRED SPOT TO GIVE THEE AT LEAST TWO THOUSAND LASHES,gt,na,3576,16000,16.56,test,na
3576-138058-0004_melvoc_awgn-snr5,data/attacks/awgn-snr5/3576-138058-0004_melvoc.wav,fake,attack,none,awgn-snr5,snr5,DULCINEA IS PERISHING THOU ART LIVING ON REGARDLESS I AM DYING OF HOPE DEFERRED THEREFORE UNTRUSS THYSELF WITH A GOOD WILL FOR MINE IT IS HERE IN THIS RETIRED SPOT TO GIVE THEE AT LEAST TWO THOUSAND LASHES,gt,na,3576,16000,16.56,test,na
3576-138058-0004_melvoc_awgn-snr10,data/attacks/awgn-snr10/3576-138058-0004_melvoc.wav,fake,attack,none,awgn-snr10,snr10,DULCINEA IS PERISHING THOU ART LIVING ON REGARDLESS I AM DYING OF HOPE DEFERRED THEREFORE UNTRUSS THYSELF WITH A GOOD WILL FOR MINE IT IS HERE IN THIS RETIRED SPOT TO GIVE THEE AT LEAST TWO THOUSAND LASHES,gt,na,3576,16000,16.56,test,na
3576-138058-0004_melvoc_awgn-snr20,data/attacks/awgn-snr20/3576-138058-0004_melvoc.wav,fake,attack,none,awgn-snr20,snr20,DULCINEA IS PERISHING THOU ART LIVING ON REGARDLESS I AM DYING OF HOPE DEFERRED THEREFORE UNTRUSS THYSELF WITH A GOOD WILL FOR MINE IT IS HERE IN THIS RETIRED SPOT TO GIVE THEE AT LEAST TWO THOUSAND LASHES,gt,na,3576,16000,16.56,test,na
3576-138058-0004_melvoc_bandpass-300-3400,data/attacks/bandpass-300-3400/3576-138058-0004_melvoc.wav,fake,attack,none,bandpass-300-3400,bandpass300-3400,DULCINEA IS PERISHING THOU ART LIVING ON REGARDLESS I AM DYING OF HOPE DEFERRED THEREFORE UNTRUSS THYSELF WITH A GOOD WILL FOR MINE IT IS HERE IN THIS RETIRED SPOT TO GIVE THEE AT LEAST TWO THOUSAND LASHES,gt,na,3576,16000,16.56,test,na
3576-138058-0004_melvoc_reverb-rt60-0.2,data/attacks/reverb-rt60-0.2/3576-138058-0004_melvoc.wav,fake,attack,none,reverb-rt60-0.2,rt60-0.2,DULCINEA IS PERISHING THOU ART LIVING ON REGARDLESS I AM DYING OF HOPE DEFERRED THEREFORE UNTRUSS THYSELF WITH A GOOD WILL FOR MINE IT IS HERE IN THIS RETIRED SPOT TO GIVE THEE AT LEAST TWO THOUSAND LASHES,gt,na,3576,16000,16.56,test,na
3576-138058-0004_melvoc_reverb-rt60-0.4,data/attacks/reverb-rt60-0.4/3576-138058-0004_melvoc.wav,fake,attack,none,reverb-rt60-0.4,rt60-0.4,DULCINEA IS PERISHING THOU ART LIVING ON REGARDLESS I AM DYING OF HOPE DEFERRED THEREFORE UNTRUSS THYSELF WITH A GOOD WILL FOR MINE IT IS HERE IN THIS RETIRED SPOT TO GIVE THEE AT LEAST TWO THOUSAND LASHES,gt,na,3576,16000,16.56,test,na
3576-138058-0004_melvoc_reverb-rt60-0.8,data/attacks/reverb-rt60-0.8/3576-138058-0004_melvoc.wav,fake,attack,none,reverb-rt60-0.8,rt60-0.8,DULCINEA IS PERISHING THOU ART LIVING ON REGARDLESS I AM DYING OF HOPE DEFERRED THEREFORE UNTRUSS THYSELF WITH A GOOD WILL FOR MINE IT IS HERE IN THIS RETIRED SPOT TO GIVE THEE AT LEAST TWO THOUSAND LASHES,gt,na,3576,16000,16.56,test,na
3576-138058-0004_melvoc_speed0.9,data/attacks/speed0.9/3576-138058-0004_melvoc.wav,fake,attack,none,speed0.9,speed0.9,DULCINEA IS PERISHING THOU ART LIVING ON REGARDLESS I AM DYING OF HOPE DEFERRED THEREFORE UNTRUSS THYSELF WITH A GOOD WILL FOR MINE IT IS HERE IN THIS RETIRED SPOT TO GIVE THEE AT LEAST TWO THOUSAND LASHES,gt,na,3576,16000,18.4,test,na
3576-138058-0004_melvoc_speed1.1,data/attacks/speed1.1/3576-138058-0004_melvoc.wav,fake,attack,none,speed1.1,speed1.1,DULCINEA IS PERISHING THOU ART LIVING ON REGARDLESS I AM DYING OF HOPE DEFERRED THEREFORE UNTRUSS THYSELF WITH A GOOD WILL FOR MINE IT IS HERE IN THIS RETIRED SPOT TO GIVE THEE AT LEAST TWO THOUSAND LASHES,gt,na,3576,16000,15.055,test,na
3576-138058-0004_pitch_mp3-128k,data/attacks/mp3-128k/3576-138058-0004_pitch.wav,fake,attack,none,mp3-128k,mp3-128k,DULCINEA IS PERISHING THOU ART LIVING ON REGARDLESS I AM DYING OF HOPE DEFERRED THEREFORE UNTRUSS THYSELF WITH A GOOD WILL FOR MINE IT IS HERE IN THIS RETIRED SPOT TO GIVE THEE AT LEAST TWO THOUSAND LASHES,gt,na,3576,16000,16.56,test,na
3576-138058-0004_pitch_mp3-64k,data/attacks/mp3-64k/3576-138058-0004_pitch.wav,fake,attack,none,mp3-64k,mp3-64k,DULCINEA IS PERISHING THOU ART LIVING ON REGARDLESS I AM DYING OF HOPE DEFERRED THEREFORE UNTRUSS THYSELF WITH A GOOD WILL FOR MINE IT IS HERE IN THIS RETIRED SPOT TO GIVE THEE AT LEAST TWO THOUSAND LASHES,gt,na,3576,16000,16.56,test,na
3576-138058-0004_pitch_opus-32k,data/attacks/opus-32k/3576-138058-0004_pitch.wav,fake,attack,none,opus-32k,opus-32k,DULCINEA IS PERISHING THOU ART LIVING ON REGARDLESS I AM DYING OF HOPE DEFERRED THEREFORE UNTRUSS THYSELF WITH A GOOD WILL FOR MINE IT IS HERE IN THIS RETIRED SPOT TO GIVE THEE AT LEAST TWO THOUSAND LASHES,gt,na,3576,16000,16.56,test,na
3576-138058-0004_pitch_g711-8k,data/attacks/g711-8k/3576-138058-0004_pitch.wav,fake,attack,none,g711-8k,g711-8k,DULCINEA IS PERISHING THOU ART LIVING ON REGARDLESS I AM DYING OF HOPE DEFERRED THEREFORE UNTRUSS THYSELF WITH A GOOD WILL FOR MINE IT IS HERE IN THIS RETIRED SPOT TO GIVE THEE AT LEAST TWO THOUSAND LASHES,gt,na,3576,16000,16.56,test,na
3576-138058-0004_pitch_resample-8k,data/attacks/resample-8k/3576-138058-0004_pitch.wav,fake,attack,none,resample-8k,8k-roundtrip,DULCINEA IS PERISHING THOU ART LIVING ON REGARDLESS I AM DYING OF HOPE DEFERRED THEREFORE UNTRUSS THYSELF WITH A GOOD WILL FOR MINE IT IS HERE IN THIS RETIRED SPOT TO GIVE THEE AT LEAST TWO THOUSAND LASHES,gt,na,3576,16000,16.56,test,na
3576-138058-0004_pitch_awgn-snr5,data/attacks/awgn-snr5/3576-138058-0004_pitch.wav,fake,attack,none,awgn-snr5,snr5,DULCINEA IS PERISHING THOU ART LIVING ON REGARDLESS I AM DYING OF HOPE DEFERRED THEREFORE UNTRUSS THYSELF WITH A GOOD WILL FOR MINE IT IS HERE IN THIS RETIRED SPOT TO GIVE THEE AT LEAST TWO THOUSAND LASHES,gt,na,3576,16000,16.56,test,na
3576-138058-0004_pitch_awgn-snr10,data/attacks/awgn-snr10/3576-138058-0004_pitch.wav,fake,attack,none,awgn-snr10,snr10,DULCINEA IS PERISHING THOU ART LIVING ON REGARDLESS I AM DYING OF HOPE DEFERRED THEREFORE UNTRUSS THYSELF WITH A GOOD WILL FOR MINE IT IS HERE IN THIS RETIRED SPOT TO GIVE THEE AT LEAST TWO THOUSAND LASHES,gt,na,3576,16000,16.56,test,na
3576-138058-0004_pitch_awgn-snr20,data/attacks/awgn-snr20/3576-138058-0004_pitch.wav,fake,attack,none,awgn-snr20,snr20,DULCINEA IS PERISHING THOU ART LIVING ON REGARDLESS I AM DYING OF HOPE DEFERRED THEREFORE UNTRUSS THYSELF WITH A GOOD WILL FOR MINE IT IS HERE IN THIS RETIRED SPOT TO GIVE THEE AT LEAST TWO THOUSAND LASHES,gt,na,3576,16000,16.56,test,na
3576-138058-0004_pitch_bandpass-300-3400,data/attacks/bandpass-300-3400/3576-138058-0004_pitch.wav,fake,attack,none,bandpass-300-3400,bandpass300-3400,DULCINEA IS PERISHING THOU ART LIVING ON REGARDLESS I AM DYING OF HOPE DEFERRED THEREFORE UNTRUSS THYSELF WITH A GOOD WILL FOR MINE IT IS HERE IN THIS RETIRED SPOT TO GIVE THEE AT LEAST TWO THOUSAND LASHES,gt,na,3576,16000,16.56,test,na
3576-138058-0004_pitch_reverb-rt60-0.2,data/attacks/reverb-rt60-0.2/3576-138058-0004_pitch.wav,fake,attack,none,reverb-rt60-0.2,rt60-0.2,DULCINEA IS PERISHING THOU ART LIVING ON REGARDLESS I AM DYING OF HOPE DEFERRED THEREFORE UNTRUSS THYSELF WITH A GOOD WILL FOR MINE IT IS HERE IN THIS RETIRED SPOT TO GIVE THEE AT LEAST TWO THOUSAND LASHES,gt,na,3576,16000,16.56,test,na
3576-138058-0004_pitch_reverb-rt60-0.4,data/attacks/reverb-rt60-0.4/3576-138058-0004_pitch.wav,fake,attack,none,reverb-rt60-0.4,rt60-0.4,DULCINEA IS PERISHING THOU ART LIVING ON REGARDLESS I AM DYING OF HOPE DEFERRED THEREFORE UNTRUSS THYSELF WITH A GOOD WILL FOR MINE IT IS HERE IN THIS RETIRED SPOT TO GIVE THEE AT LEAST TWO THOUSAND LASHES,gt,na,3576,16000,16.56,test,na
3576-138058-0004_pitch_reverb-rt60-0.8,data/attacks/reverb-rt60-0.8/3576-138058-0004_pitch.wav,fake,attack,none,reverb-rt60-0.8,rt60-0.8,DULCINEA IS PERISHING THOU ART LIVING ON REGARDLESS I AM DYING OF HOPE DEFERRED THEREFORE UNTRUSS THYSELF WITH A GOOD WILL FOR MINE IT IS HERE IN THIS RETIRED SPOT TO GIVE THEE AT LEAST TWO THOUSAND LASHES,gt,na,3576,16000,16.56,test,na
3576-138058-0004_pitch_speed0.9,data/attacks/speed0.9/3576-138058-0004_pitch.wav,fake,attack,none,speed0.9,speed0.9,DULCINEA IS PERISHING THOU ART LIVING ON REGARDLESS I AM DYING OF HOPE DEFERRED THEREFORE UNTRUSS THYSELF WITH A GOOD WILL FOR MINE IT IS HERE IN THIS RETIRED SPOT TO GIVE THEE AT LEAST TWO THOUSAND LASHES,gt,na,3576,16000,18.4,test,na
3576-138058-0004_pitch_speed1.1,data/attacks/speed1.1/3576-138058-0004_pitch.wav,fake,attack,none,speed1.1,speed1.1,DULCINEA IS PERISHING THOU ART LIVING ON REGARDLESS I AM DYING OF HOPE DEFERRED THEREFORE UNTRUSS THYSELF WITH A GOOD WILL FOR MINE IT IS HERE IN THIS RETIRED SPOT TO GIVE THEE AT LEAST TWO THOUSAND LASHES,gt,na,3576,16000,15.055,test,na
3576-138058-0005_formant_mp3-128k,data/attacks/mp3-128k/3576-138058-0005_formant.wav,fake,attack,none,mp3-128k,mp3-128k,SEEING THIS SANCHO GOT UP AND GRAPPLING WITH HIS MASTER HE GRIPPED HIM WITH ALL HIS MIGHT IN HIS ARMS GIVING HIM A TRIP WITH THE HEEL STRETCHED HIM ON THE GROUND ON HIS BACK AND PRESSING HIS RIGHT KNEE ON HIS CHEST HELD HIS HANDS IN HIS OWN SO THAT HE COULD NEITHER MOVE NOR BREATHE,gt,na,3576,16000,16.655,test,na
3576-138058-0005_formant_mp3-64k,data/attacks/mp3-64k/3576-138058-0005_formant.wav,fake,attack,none,mp3-64k,mp3-64k,SEEING THIS SANCHO GOT UP AND GRAPPLING WITH HIS MASTER HE GRIPPED HIM WITH ALL HIS MIGHT IN HIS ARMS GIVING HIM A TRIP WITH THE HEEL STRETCHED HIM ON THE GROUND ON HIS BACK AND PRESSING HIS RIGHT KNEE ON HIS CHEST HELD HIS HANDS IN HIS OWN SO THAT HE COULD NEITHER MOVE NOR BREATHE,gt,na,3576,16000,16.655,test,na
3576-138058-0005_formant_opus-32k,data/attacks/opus-32k/3576-138058-0005_formant.wav,fake,attack,none,opus-32k,opus-32k,SEEING THIS SANCHO GOT UP AND GRAPPLING WITH HIS MASTER HE GRIPPED HIM WITH ALL HIS MIGHT IN HIS ARMS GIVING HIM A TRIP WITH THE HEEL STRETCHED HIM ON THE GROUND ON HIS BACK AND PRESSING HIS RIGHT KNEE ON HIS CHEST HELD HIS HANDS IN HIS OWN SO THAT HE COULD NEITHER MOVE NOR BREATHE,gt,na,3576,16000,16.655,test,na
3576-138058-0005_formant_g711-8k,data/attacks/g711-8k/3576-138058-0005_formant.wav,fake,attack,none,g711-8k,g711-8k,SEEING THIS SANCHO GOT UP AND GRAPPLING WITH HIS MASTER HE GRIPPED HIM WITH ALL HIS MIGHT IN HIS ARMS GIVING HIM A TRIP WITH THE HEEL STRETCHED HIM ON THE GROUND ON HIS BACK AND PRESSING HIS RIGHT KNEE ON HIS CHEST HELD HIS HANDS IN HIS OWN SO THAT HE COULD NEITHER MOVE NOR BREATHE,gt,na,3576,16000,16.655,test,na
3576-138058-0005_formant_resample-8k,data/attacks/resample-8k/3576-138058-0005_formant.wav,fake,attack,none,resample-8k,8k-roundtrip,SEEING THIS SANCHO GOT UP AND GRAPPLING WITH HIS MASTER HE GRIPPED HIM WITH ALL HIS MIGHT IN HIS ARMS GIVING HIM A TRIP WITH THE HEEL STRETCHED HIM ON THE GROUND ON HIS BACK AND PRESSING HIS RIGHT KNEE ON HIS CHEST HELD HIS HANDS IN HIS OWN SO THAT HE COULD NEITHER MOVE NOR BREATHE,gt,na,3576,16000,16.655,test,na
3576-138058-0005_formant_awgn-snr5,data/attacks/awgn-snr5/3576-138058-0005_formant.wav,fake,attack,none,awgn-snr5,snr5,SEEING THIS SANCHO GOT UP AND GRAPPLING WITH HIS MASTER HE GRIPPED HIM WITH ALL HIS MIGHT IN HIS ARMS GIVING HIM A TRIP WITH THE HEEL STRETCHED HIM ON THE GROUND ON HIS BACK AND PRESSING HIS RIGHT KNEE ON HIS CHEST HELD HIS HANDS IN HIS OWN SO THAT HE COULD NEITHER MOVE NOR BREATHE,gt,na,3576,16000,16.655,test,na
3576-138058-0005_formant_awgn-snr10,data/attacks/awgn-snr10/3576-138058-0005_formant.wav,fake,attack,none,awgn-snr10,snr10,SEEING THIS SANCHO GOT UP AND GRAPPLING WITH HIS MASTER HE GRIPPED HIM WITH ALL HIS MIGHT IN HIS ARMS GIVING HIM A TRIP WITH THE HEEL STRETCHED HIM ON THE GROUND ON HIS BACK AND PRESSING HIS RIGHT KNEE ON HIS CHEST HELD HIS HANDS IN HIS OWN SO THAT HE COULD NEITHER MOVE NOR BREATHE,gt,na,3576,16000,16.655,test,na
3576-138058-0005_formant_awgn-snr20,data/attacks/awgn-snr20/3576-138058-0005_formant.wav,fake,attack,none,awgn-snr20,snr20,SEEING THIS SANCHO GOT UP AND GRAPPLING WITH HIS MASTER HE GRIPPED HIM WITH ALL HIS MIGHT IN HIS ARMS GIVING HIM A TRIP WITH THE HEEL STRETCHED HIM ON THE GROUND ON HIS BACK AND PRESSING HIS RIGHT KNEE ON HIS CHEST HELD HIS HANDS IN HIS OWN SO THAT HE COULD NEITHER MOVE NOR BREATHE,gt,na,3576,16000,16.655,test,na
3576-138058-0005_formant_bandpass-300-3400,data/attacks/bandpass-300-3400/3576-138058-0005_formant.wav,fake,attack,none,bandpass-300-3400,bandpass300-3400,SEEING THIS SANCHO GOT UP AND GRAPPLING WITH HIS MASTER HE GRIPPED HIM WITH ALL HIS MIGHT IN HIS ARMS GIVING HIM A TRIP WITH THE HEEL STRETCHED HIM ON THE GROUND ON HIS BACK AND PRESSING HIS RIGHT KNEE ON HIS CHEST HELD HIS HANDS IN HIS OWN SO THAT HE COULD NEITHER MOVE NOR BREATHE,gt,na,3576,16000,16.655,test,na
3576-138058-0005_formant_reverb-rt60-0.2,data/attacks/reverb-rt60-0.2/3576-138058-0005_formant.wav,fake,attack,none,reverb-rt60-0.2,rt60-0.2,SEEING THIS SANCHO GOT UP AND GRAPPLING WITH HIS MASTER HE GRIPPED HIM WITH ALL HIS MIGHT IN HIS ARMS GIVING HIM A TRIP WITH THE HEEL STRETCHED HIM ON THE GROUND ON HIS BACK AND PRESSING HIS RIGHT KNEE ON HIS CHEST HELD HIS HANDS IN HIS OWN SO THAT HE COULD NEITHER MOVE NOR BREATHE,gt,na,3576,16000,16.655,test,na
3576-138058-0005_formant_reverb-rt60-0.4,data/attacks/reverb-rt60-0.4/3576-138058-0005_formant.wav,fake,attack,none,reverb-rt60-0.4,rt60-0.4,SEEING THIS SANCHO GOT UP AND GRAPPLING WITH HIS MASTER HE GRIPPED HIM WITH ALL HIS MIGHT IN HIS ARMS GIVING HIM A TRIP WITH THE HEEL STRETCHED HIM ON THE GROUND ON HIS BACK AND PRESSING HIS RIGHT KNEE ON HIS CHEST HELD HIS HANDS IN HIS OWN SO THAT HE COULD NEITHER MOVE NOR BREATHE,gt,na,3576,16000,16.655,test,na
3576-138058-0005_formant_reverb-rt60-0.8,data/attacks/reverb-rt60-0.8/3576-138058-0005_formant.wav,fake,attack,none,reverb-rt60-0.8,rt60-0.8,SEEING THIS SANCHO GOT UP AND GRAPPLING WITH HIS MASTER HE GRIPPED HIM WITH ALL HIS MIGHT IN HIS ARMS GIVING HIM A TRIP WITH THE HEEL STRETCHED HIM ON THE GROUND ON HIS BACK AND PRESSING HIS RIGHT KNEE ON HIS CHEST HELD HIS HANDS IN HIS OWN SO THAT HE COULD NEITHER MOVE NOR BREATHE,gt,na,3576,16000,16.655,test,na
3576-138058-0005_formant_speed0.9,data/attacks/speed0.9/3576-138058-0005_formant.wav,fake,attack,none,speed0.9,speed0.9,SEEING THIS SANCHO GOT UP AND GRAPPLING WITH HIS MASTER HE GRIPPED HIM WITH ALL HIS MIGHT IN HIS ARMS GIVING HIM A TRIP WITH THE HEEL STRETCHED HIM ON THE GROUND ON HIS BACK AND PRESSING HIS RIGHT KNEE ON HIS CHEST HELD HIS HANDS IN HIS OWN SO THAT HE COULD NEITHER MOVE NOR BREATHE,gt,na,3576,16000,18.506,test,na
3576-138058-0005_formant_speed1.1,data/attacks/speed1.1/3576-138058-0005_formant.wav,fake,attack,none,speed1.1,speed1.1,SEEING THIS SANCHO GOT UP AND GRAPPLING WITH HIS MASTER HE GRIPPED HIM WITH ALL HIS MIGHT IN HIS ARMS GIVING HIM A TRIP WITH THE HEEL STRETCHED HIM ON THE GROUND ON HIS BACK AND PRESSING HIS RIGHT KNEE ON HIS CHEST HELD HIS HANDS IN HIS OWN SO THAT HE COULD NEITHER MOVE NOR BREATHE,gt,na,3576,16000,15.141,test,na
3576-138058-0005_melvoc_mp3-128k,data/attacks/mp3-128k/3576-138058-0005_melvoc.wav,fake,attack,none,mp3-128k,mp3-128k,SEEING THIS SANCHO GOT UP AND GRAPPLING WITH HIS MASTER HE GRIPPED HIM WITH ALL HIS MIGHT IN HIS ARMS GIVING HIM A TRIP WITH THE HEEL STRETCHED HIM ON THE GROUND ON HIS BACK AND PRESSING HIS RIGHT KNEE ON HIS CHEST HELD HIS HANDS IN HIS OWN SO THAT HE COULD NEITHER MOVE NOR BREATHE,gt,na,3576,16000,16.648,test,na
3576-138058-0005_melvoc_mp3-64k,data/attacks/mp3-64k/3576-138058-0005_melvoc.wav,fake,attack,none,mp3-64k,mp3-64k,SEEING THIS SANCHO GOT UP AND GRAPPLING WITH HIS MASTER HE GRIPPED HIM WITH ALL HIS MIGHT IN HIS ARMS GIVING HIM A TRIP WITH THE HEEL STRETCHED HIM ON THE GROUND ON HIS BACK AND PRESSING HIS RIGHT KNEE ON HIS CHEST HELD HIS HANDS IN HIS OWN SO THAT HE COULD NEITHER MOVE NOR BREATHE,gt,na,3576,16000,16.648,test,na
3576-138058-0005_melvoc_opus-32k,data/attacks/opus-32k/3576-138058-0005_melvoc.wav,fake,attack,none,opus-32k,opus-32k,SEEING THIS SANCHO GOT UP AND GRAPPLING WITH HIS MASTER HE GRIPPED HIM WITH ALL HIS MIGHT IN HIS ARMS GIVING HIM A TRIP WITH THE HEEL STRETCHED HIM ON THE GROUND ON HIS BACK AND PRESSING HIS RIGHT KNEE ON HIS CHEST HELD HIS HANDS IN HIS OWN SO THAT HE COULD NEITHER MOVE NOR BREATHE,gt,na,3576,16000,16.648,test,na
3576-138058-0005_melvoc_g711-8k,data/attacks/g711-8k/3576-138058-0005_melvoc.wav,fake,attack,none,g711-8k,g711-8k,SEEING THIS SANCHO GOT UP AND GRAPPLING WITH HIS MASTER HE GRIPPED HIM WITH ALL HIS MIGHT IN HIS ARMS GIVING HIM A TRIP WITH THE HEEL STRETCHED HIM ON THE GROUND ON HIS BACK AND PRESSING HIS RIGHT KNEE ON HIS CHEST HELD HIS HANDS IN HIS OWN SO THAT HE COULD NEITHER MOVE NOR BREATHE,gt,na,3576,16000,16.648,test,na
3576-138058-0005_melvoc_resample-8k,data/attacks/resample-8k/3576-138058-0005_melvoc.wav,fake,attack,none,resample-8k,8k-roundtrip,SEEING THIS SANCHO GOT UP AND GRAPPLING WITH HIS MASTER HE GRIPPED HIM WITH ALL HIS MIGHT IN HIS ARMS GIVING HIM A TRIP WITH THE HEEL STRETCHED HIM ON THE GROUND ON HIS BACK AND PRESSING HIS RIGHT KNEE ON HIS CHEST HELD HIS HANDS IN HIS OWN SO THAT HE COULD NEITHER MOVE NOR BREATHE,gt,na,3576,16000,16.648,test,na
3576-138058-0005_melvoc_awgn-snr5,data/attacks/awgn-snr5/3576-138058-0005_melvoc.wav,fake,attack,none,awgn-snr5,snr5,SEEING THIS SANCHO GOT UP AND GRAPPLING WITH HIS MASTER HE GRIPPED HIM WITH ALL HIS MIGHT IN HIS ARMS GIVING HIM A TRIP WITH THE HEEL STRETCHED HIM ON THE GROUND ON HIS BACK AND PRESSING HIS RIGHT KNEE ON HIS CHEST HELD HIS HANDS IN HIS OWN SO THAT HE COULD NEITHER MOVE NOR BREATHE,gt,na,3576,16000,16.648,test,na
3576-138058-0005_melvoc_awgn-snr10,data/attacks/awgn-snr10/3576-138058-0005_melvoc.wav,fake,attack,none,awgn-snr10,snr10,SEEING THIS SANCHO GOT UP AND GRAPPLING WITH HIS MASTER HE GRIPPED HIM WITH ALL HIS MIGHT IN HIS ARMS GIVING HIM A TRIP WITH THE HEEL STRETCHED HIM ON THE GROUND ON HIS BACK AND PRESSING HIS RIGHT KNEE ON HIS CHEST HELD HIS HANDS IN HIS OWN SO THAT HE COULD NEITHER MOVE NOR BREATHE,gt,na,3576,16000,16.648,test,na
3576-138058-0005_melvoc_awgn-snr20,data/attacks/awgn-snr20/3576-138058-0005_melvoc.wav,fake,attack,none,awgn-snr20,snr20,SEEING THIS SANCHO GOT UP AND GRAPPLING WITH HIS MASTER HE GRIPPED HIM WITH ALL HIS MIGHT IN HIS ARMS GIVING HIM A TRIP WITH THE HEEL STRETCHED HIM ON THE GROUND ON HIS BACK AND PRESSING HIS RIGHT KNEE ON HIS CHEST HELD HIS HANDS IN HIS OWN SO THAT HE COULD NEITHER MOVE NOR BREATHE,gt,na,3576,16000,16.648,test,na
3576-138058-0005_melvoc_bandpass-300-3400,data/attacks/bandpass-300-3400/3576-138058-0005_melvoc.wav,fake,attack,none,bandpass-300-3400,bandpass300-3400,SEEING THIS SANCHO GOT UP AND GRAPPLING WITH HIS MASTER HE GRIPPED HIM WITH ALL HIS MIGHT IN HIS ARMS GIVING HIM A TRIP WITH THE HEEL STRETCHED HIM ON THE GROUND ON HIS BACK AND PRESSING HIS RIGHT KNEE ON HIS CHEST HELD HIS HANDS IN HIS OWN SO THAT HE COULD NEITHER MOVE NOR BREATHE,gt,na,3576,16000,16.648,test,na
3576-138058-0005_melvoc_reverb-rt60-0.2,data/attacks/reverb-rt60-0.2/3576-138058-0005_melvoc.wav,fake,attack,none,reverb-rt60-0.2,rt60-0.2,SEEING THIS SANCHO GOT UP AND GRAPPLING WITH HIS MASTER HE GRIPPED HIM WITH ALL HIS MIGHT IN HIS ARMS GIVING HIM A TRIP WITH THE HEEL STRETCHED HIM ON THE GROUND ON HIS BACK AND PRESSING HIS RIGHT KNEE ON HIS CHEST HELD HIS HANDS IN HIS OWN SO THAT HE COULD NEITHER MOVE NOR BREATHE,gt,na,3576,16000,16.648,test,na
3576-138058-0005_melvoc_reverb-rt60-0.4,data/attacks/reverb-rt60-0.4/3576-138058-0005_melvoc.wav,fake,attack,none,reverb-rt60-0.4,rt60-0.4,SEEING THIS SANCHO GOT UP AND GRAPPLING WITH HIS MASTER HE GRIPPED HIM WITH ALL HIS MIGHT IN HIS ARMS GIVING HIM A TRIP WITH THE HEEL STRETCHED HIM ON THE GROUND ON HIS BACK AND PRESSING HIS RIGHT KNEE ON HIS CHEST HELD HIS HANDS IN HIS OWN SO THAT HE COULD NEITHER MOVE NOR BREATHE,gt,na,3576,16000,16.648,test,na
3576-138058-0005_melvoc_reverb-rt60-0.8,data/attacks/reverb-rt60-0.8/3576-138058-0005_melvoc.wav,fake,attack,none,reverb-rt60-0.8,rt60-0.8,SEEING THIS SANCHO GOT UP AND GRAPPLING WITH HIS MASTER HE GRIPPED HIM WITH ALL HIS MIGHT IN HIS ARMS GIVING HIM A TRIP WITH THE HEEL STRETCHED HIM ON THE GROUND ON HIS BACK AND PRESSING HIS RIGHT KNEE ON HIS CHEST HELD HIS HANDS IN HIS OWN SO THAT HE COULD NEITHER MOVE NOR BREATHE,gt,na,3576,16000,16.648,test,na
3576-138058-0005_melvoc_speed0.9,data/attacks/speed0.9/3576-138058-0005_melvoc.wav,fake,attack,none,speed0.9,speed0.9,SEEING THIS SANCHO GOT UP AND GRAPPLING WITH HIS MASTER HE GRIPPED HIM WITH ALL HIS MIGHT IN HIS ARMS GIVING HIM A TRIP WITH THE HEEL STRETCHED HIM ON THE GROUND ON HIS BACK AND PRESSING HIS RIGHT KNEE ON HIS CHEST HELD HIS HANDS IN HIS OWN SO THAT HE COULD NEITHER MOVE NOR BREATHE,gt,na,3576,16000,18.498,test,na
3576-138058-0005_melvoc_speed1.1,data/attacks/speed1.1/3576-138058-0005_melvoc.wav,fake,attack,none,speed1.1,speed1.1,SEEING THIS SANCHO GOT UP AND GRAPPLING WITH HIS MASTER HE GRIPPED HIM WITH ALL HIS MIGHT IN HIS ARMS GIVING HIM A TRIP WITH THE HEEL STRETCHED HIM ON THE GROUND ON HIS BACK AND PRESSING HIS RIGHT KNEE ON HIS CHEST HELD HIS HANDS IN HIS OWN SO THAT HE COULD NEITHER MOVE NOR BREATHE,gt,na,3576,16000,15.135,test,na
3576-138058-0005_pitch_mp3-128k,data/attacks/mp3-128k/3576-138058-0005_pitch.wav,fake,attack,none,mp3-128k,mp3-128k,SEEING THIS SANCHO GOT UP AND GRAPPLING WITH HIS MASTER HE GRIPPED HIM WITH ALL HIS MIGHT IN HIS ARMS GIVING HIM A TRIP WITH THE HEEL STRETCHED HIM ON THE GROUND ON HIS BACK AND PRESSING HIS RIGHT KNEE ON HIS CHEST HELD HIS HANDS IN HIS OWN SO THAT HE COULD NEITHER MOVE NOR BREATHE,gt,na,3576,16000,16.655,test,na
3576-138058-0005_pitch_mp3-64k,data/attacks/mp3-64k/3576-138058-0005_pitch.wav,fake,attack,none,mp3-64k,mp3-64k,SEEING THIS SANCHO GOT UP AND GRAPPLING WITH HIS MASTER HE GRIPPED HIM WITH ALL HIS MIGHT IN HIS ARMS GIVING HIM A TRIP WITH THE HEEL STRETCHED HIM ON THE GROUND ON HIS BACK AND PRESSING HIS RIGHT KNEE ON HIS CHEST HELD HIS HANDS IN HIS OWN SO THAT HE COULD NEITHER MOVE NOR BREATHE,gt,na,3576,16000,16.655,test,na
3576-138058-0005_pitch_opus-32k,data/attacks/opus-32k/3576-138058-0005_pitch.wav,fake,attack,none,opus-32k,opus-32k,SEEING THIS SANCHO GOT UP AND GRAPPLING WITH HIS MASTER HE GRIPPED HIM WITH ALL HIS MIGHT IN HIS ARMS GIVING HIM A TRIP WITH THE HEEL STRETCHED HIM ON THE GROUND ON HIS BACK AND PRESSING HIS RIGHT KNEE ON HIS CHEST HELD HIS HANDS IN HIS OWN SO THAT HE COULD NEITHER MOVE NOR BREATHE,gt,na,3576,16000,16.655,test,na
3576-138058-0005_pitch_g711-8k,data/attacks/g711-8k/3576-138058-0005_pitch.wav,fake,attack,none,g711-8k,g711-8k,SEEING THIS SANCHO GOT UP AND GRAPPLING WITH HIS MASTER HE GRIPPED HIM WITH ALL HIS MIGHT IN HIS ARMS GIVING HIM A TRIP WITH THE HEEL STRETCHED HIM ON THE GROUND ON HIS BACK AND PRESSING HIS RIGHT KNEE ON HIS CHEST HELD HIS HANDS IN HIS OWN SO THAT HE COULD NEITHER MOVE NOR BREATHE,gt,na,3576,16000,16.655,test,na
3576-138058-0005_pitch_resample-8k,data/attacks/resample-8k/3576-138058-0005_pitch.wav,fake,attack,none,resample-8k,8k-roundtrip,SEEING THIS SANCHO GOT UP AND GRAPPLING WITH HIS MASTER HE GRIPPED HIM WITH ALL HIS MIGHT IN HIS ARMS GIVING HIM A TRIP WITH THE HEEL STRETCHED HIM ON THE GROUND ON HIS BACK AND PRESSING HIS RIGHT KNEE ON HIS CHEST HELD HIS HANDS IN HIS OWN SO THAT HE COULD NEITHER MOVE NOR BREATHE,gt,na,3576,16000,16.655,test,na
3576-138058-0005_pitch_awgn-snr5,data/attacks/awgn-snr5/3576-138058-0005_pitch.wav,fake,attack,none,awgn-snr5,snr5,SEEING THIS SANCHO GOT UP AND GRAPPLING WITH HIS MASTER HE GRIPPED HIM WITH ALL HIS MIGHT IN HIS ARMS GIVING HIM A TRIP WITH THE HEEL STRETCHED HIM ON THE GROUND ON HIS BACK AND PRESSING HIS RIGHT KNEE ON HIS CHEST HELD HIS HANDS IN HIS OWN SO THAT HE COULD NEITHER MOVE NOR BREATHE,gt,na,3576,16000,16.655,test,na
3576-138058-0005_pitch_awgn-snr10,data/attacks/awgn-snr10/3576-138058-0005_pitch.wav,fake,attack,none,awgn-snr10,snr10,SEEING THIS SANCHO GOT UP AND GRAPPLING WITH HIS MASTER HE GRIPPED HIM WITH ALL HIS MIGHT IN HIS ARMS GIVING HIM A TRIP WITH THE HEEL STRETCHED HIM ON THE GROUND ON HIS BACK AND PRESSING HIS RIGHT KNEE ON HIS CHEST HELD HIS HANDS IN HIS OWN SO THAT HE COULD NEITHER MOVE NOR BREATHE,gt,na,3576,16000,16.655,test,na
3576-138058-0005_pitch_awgn-snr20,data/attacks/awgn-snr20/3576-138058-0005_pitch.wav,fake,attack,none,awgn-snr20,snr20,SEEING THIS SANCHO GOT UP AND GRAPPLING WITH HIS MASTER HE GRIPPED HIM WITH ALL HIS MIGHT IN HIS ARMS GIVING HIM A TRIP WITH THE HEEL STRETCHED HIM ON THE GROUND ON HIS BACK AND PRESSING HIS RIGHT KNEE ON HIS CHEST HELD HIS HANDS IN HIS OWN SO THAT HE COULD NEITHER MOVE NOR BREATHE,gt,na,3576,16000,16.655,test,na
3576-138058-0005_pitch_bandpass-300-3400,data/attacks/bandpass-300-3400/3576-138058-0005_pitch.wav,fake,attack,none,bandpass-300-3400,bandpass300-3400,SEEING THIS SANCHO GOT UP AND GRAPPLING WITH HIS MASTER HE GRIPPED HIM WITH ALL HIS MIGHT IN HIS ARMS GIVING HIM A TRIP WITH THE HEEL STRETCHED HIM ON THE GROUND ON HIS BACK AND PRESSING HIS RIGHT KNEE ON HIS CHEST HELD HIS HANDS IN HIS OWN SO THAT HE COULD NEITHER MOVE NOR BREATHE,gt,na,3576,16000,16.655,test,na
3576-138058-0005_pitch_reverb-rt60-0.2,data/attacks/reverb-rt60-0.2/3576-138058-0005_pitch.wav,fake,attack,none,reverb-rt60-0.2,rt60-0.2,SEEING THIS SANCHO GOT UP AND GRAPPLING WITH HIS MASTER HE GRIPPED HIM WITH ALL HIS MIGHT IN HIS ARMS GIVING HIM A TRIP WITH THE HEEL STRETCHED HIM ON THE GROUND ON HIS BACK AND PRESSING HIS RIGHT KNEE ON HIS CHEST HELD HIS HANDS IN HIS OWN SO THAT HE COULD NEITHER MOVE NOR BREATHE,gt,na,3576,16000,16.655,test,na
3576-138058-0005_pitch_reverb-rt60-0.4,data/attacks/reverb-rt60-0.4/3576-138058-0005_pitch.wav,fake,attack,none,reverb-rt60-0.4,rt60-0.4,SEEING THIS SANCHO GOT UP AND GRAPPLING WITH HIS MASTER HE GRIPPED HIM WITH ALL HIS MIGHT IN HIS ARMS GIVING HIM A TRIP WITH THE HEEL STRETCHED HIM ON THE GROUND ON HIS BACK AND PRESSING HIS RIGHT KNEE ON HIS CHEST HELD HIS HANDS IN HIS OWN SO THAT HE COULD NEITHER MOVE NOR BREATHE,gt,na,3576,16000,16.655,test,na
3576-138058-0005_pitch_reverb-rt60-0.8,data/attacks/reverb-rt60-0.8/3576-138058-0005_pitch.wav,fake,attack,none,reverb-rt60-0.8,rt60-0.8,SEEING THIS SANCHO GOT UP AND GRAPPLING WITH HIS MASTER HE GRIPPED HIM WITH ALL HIS MIGHT IN HIS ARMS GIVING HIM A TRIP WITH THE HEEL STRETCHED HIM ON THE GROUND ON HIS BACK AND PRESSING HIS RIGHT KNEE ON HIS CHEST HELD HIS HANDS IN HIS OWN SO THAT HE COULD NEITHER MOVE NOR BREATHE,gt,na,3576,16000,16.655,test,na
3576-138058-0005_pitch_speed0.9,data/attacks/speed0.9/3576-138058-0005_pitch.wav,fake,attack,none,speed0.9,speed0.9,SEEING THIS SANCHO GOT UP AND GRAPPLING WITH HIS MASTER HE GRIPPED HIM WITH ALL HIS MIGHT IN HIS ARMS GIVING HIM A TRIP WITH THE HEEL STRETCHED HIM ON THE GROUND ON HIS BACK AND PRESSING HIS RIGHT KNEE ON HIS CHEST HELD HIS HANDS IN HIS OWN SO THAT HE COULD NEITHER MOVE NOR BREATHE,gt,na,3576,16000,18.506,test,na
3576-138058-0005_pitch_speed1.1,data/attacks/speed1.1/3576-138058-0005_pitch.wav,fake,attack,none,speed1.1,speed1.1,SEEING THIS SANCHO GOT UP AND GRAPPLING WITH HIS MASTER HE GRIPPED HIM WITH ALL HIS MIGHT IN HIS ARMS GIVING HIM A TRIP WITH THE HEEL STRETCHED HIM ON THE GROUND ON HIS BACK AND PRESSING HIS RIGHT KNEE ON HIS CHEST HELD HIS HANDS IN HIS OWN SO THAT HE COULD NEITHER MOVE NOR BREATHE,gt,na,3576,16000,15.141,test,na
3576-138058-0006_formant_mp3-128k,data/attacks/mp3-128k/3576-138058-0006_formant.wav,fake,attack,none,mp3-128k,mp3-128k,HOW NOW TRAITOR EXCLAIMED DON QUIXOTE,gt,na,3576,16000,3.945,test,na
3576-138058-0006_formant_mp3-64k,data/attacks/mp3-64k/3576-138058-0006_formant.wav,fake,attack,none,mp3-64k,mp3-64k,HOW NOW TRAITOR EXCLAIMED DON QUIXOTE,gt,na,3576,16000,3.945,test,na
3576-138058-0006_formant_opus-32k,data/attacks/opus-32k/3576-138058-0006_formant.wav,fake,attack,none,opus-32k,opus-32k,HOW NOW TRAITOR EXCLAIMED DON QUIXOTE,gt,na,3576,16000,3.945,test,na
3576-138058-0006_formant_g711-8k,data/attacks/g711-8k/3576-138058-0006_formant.wav,fake,attack,none,g711-8k,g711-8k,HOW NOW TRAITOR EXCLAIMED DON QUIXOTE,gt,na,3576,16000,3.945,test,na
3576-138058-0006_formant_resample-8k,data/attacks/resample-8k/3576-138058-0006_formant.wav,fake,attack,none,resample-8k,8k-roundtrip,HOW NOW TRAITOR EXCLAIMED DON QUIXOTE,gt,na,3576,16000,3.945,test,na
3576-138058-0006_formant_awgn-snr5,data/attacks/awgn-snr5/3576-138058-0006_formant.wav,fake,attack,none,awgn-snr5,snr5,HOW NOW TRAITOR EXCLAIMED DON QUIXOTE,gt,na,3576,16000,3.945,test,na
3576-138058-0006_formant_awgn-snr10,data/attacks/awgn-snr10/3576-138058-0006_formant.wav,fake,attack,none,awgn-snr10,snr10,HOW NOW TRAITOR EXCLAIMED DON QUIXOTE,gt,na,3576,16000,3.945,test,na
3576-138058-0006_formant_awgn-snr20,data/attacks/awgn-snr20/3576-138058-0006_formant.wav,fake,attack,none,awgn-snr20,snr20,HOW NOW TRAITOR EXCLAIMED DON QUIXOTE,gt,na,3576,16000,3.945,test,na
3576-138058-0006_formant_bandpass-300-3400,data/attacks/bandpass-300-3400/3576-138058-0006_formant.wav,fake,attack,none,bandpass-300-3400,bandpass300-3400,HOW NOW TRAITOR EXCLAIMED DON QUIXOTE,gt,na,3576,16000,3.945,test,na
3576-138058-0006_formant_reverb-rt60-0.2,data/attacks/reverb-rt60-0.2/3576-138058-0006_formant.wav,fake,attack,none,reverb-rt60-0.2,rt60-0.2,HOW NOW TRAITOR EXCLAIMED DON QUIXOTE,gt,na,3576,16000,3.945,test,na
3576-138058-0006_formant_reverb-rt60-0.4,data/attacks/reverb-rt60-0.4/3576-138058-0006_formant.wav,fake,attack,none,reverb-rt60-0.4,rt60-0.4,HOW NOW TRAITOR EXCLAIMED DON QUIXOTE,gt,na,3576,16000,3.945,test,na
3576-138058-0006_formant_reverb-rt60-0.8,data/attacks/reverb-rt60-0.8/3576-138058-0006_formant.wav,fake,attack,none,reverb-rt60-0.8,rt60-0.8,HOW NOW TRAITOR EXCLAIMED DON QUIXOTE,gt,na,3576,16000,3.945,test,na
3576-138058-0006_formant_speed0.9,data/attacks/speed0.9/3576-138058-0006_formant.wav,fake,attack,none,speed0.9,speed0.9,HOW NOW TRAITOR EXCLAIMED DON QUIXOTE,gt,na,3576,16000,4.383,test,na
3576-138058-0006_formant_speed1.1,data/attacks/speed1.1/3576-138058-0006_formant.wav,fake,attack,none,speed1.1,speed1.1,HOW NOW TRAITOR EXCLAIMED DON QUIXOTE,gt,na,3576,16000,3.586,test,na
3576-138058-0006_melvoc_mp3-128k,data/attacks/mp3-128k/3576-138058-0006_melvoc.wav,fake,attack,none,mp3-128k,mp3-128k,HOW NOW TRAITOR EXCLAIMED DON QUIXOTE,gt,na,3576,16000,3.944,test,na
3576-138058-0006_melvoc_mp3-64k,data/attacks/mp3-64k/3576-138058-0006_melvoc.wav,fake,attack,none,mp3-64k,mp3-64k,HOW NOW TRAITOR EXCLAIMED DON QUIXOTE,gt,na,3576,16000,3.944,test,na
3576-138058-0006_melvoc_opus-32k,data/attacks/opus-32k/3576-138058-0006_melvoc.wav,fake,attack,none,opus-32k,opus-32k,HOW NOW TRAITOR EXCLAIMED DON QUIXOTE,gt,na,3576,16000,3.944,test,na
3576-138058-0006_melvoc_g711-8k,data/attacks/g711-8k/3576-138058-0006_melvoc.wav,fake,attack,none,g711-8k,g711-8k,HOW NOW TRAITOR EXCLAIMED DON QUIXOTE,gt,na,3576,16000,3.944,test,na
3576-138058-0006_melvoc_resample-8k,data/attacks/resample-8k/3576-138058-0006_melvoc.wav,fake,attack,none,resample-8k,8k-roundtrip,HOW NOW TRAITOR EXCLAIMED DON QUIXOTE,gt,na,3576,16000,3.944,test,na
3576-138058-0006_melvoc_awgn-snr5,data/attacks/awgn-snr5/3576-138058-0006_melvoc.wav,fake,attack,none,awgn-snr5,snr5,HOW NOW TRAITOR EXCLAIMED DON QUIXOTE,gt,na,3576,16000,3.944,test,na
3576-138058-0006_melvoc_awgn-snr10,data/attacks/awgn-snr10/3576-138058-0006_melvoc.wav,fake,attack,none,awgn-snr10,snr10,HOW NOW TRAITOR EXCLAIMED DON QUIXOTE,gt,na,3576,16000,3.944,test,na
3576-138058-0006_melvoc_awgn-snr20,data/attacks/awgn-snr20/3576-138058-0006_melvoc.wav,fake,attack,none,awgn-snr20,snr20,HOW NOW TRAITOR EXCLAIMED DON QUIXOTE,gt,na,3576,16000,3.944,test,na
3576-138058-0006_melvoc_bandpass-300-3400,data/attacks/bandpass-300-3400/3576-138058-0006_melvoc.wav,fake,attack,none,bandpass-300-3400,bandpass300-3400,HOW NOW TRAITOR EXCLAIMED DON QUIXOTE,gt,na,3576,16000,3.944,test,na
3576-138058-0006_melvoc_reverb-rt60-0.2,data/attacks/reverb-rt60-0.2/3576-138058-0006_melvoc.wav,fake,attack,none,reverb-rt60-0.2,rt60-0.2,HOW NOW TRAITOR EXCLAIMED DON QUIXOTE,gt,na,3576,16000,3.944,test,na
3576-138058-0006_melvoc_reverb-rt60-0.4,data/attacks/reverb-rt60-0.4/3576-138058-0006_melvoc.wav,fake,attack,none,reverb-rt60-0.4,rt60-0.4,HOW NOW TRAITOR EXCLAIMED DON QUIXOTE,gt,na,3576,16000,3.944,test,na
3576-138058-0006_melvoc_reverb-rt60-0.8,data/attacks/reverb-rt60-0.8/3576-138058-0006_melvoc.wav,fake,attack,none,reverb-rt60-0.8,rt60-0.8,HOW NOW TRAITOR EXCLAIMED DON QUIXOTE,gt,na,3576,16000,3.944,test,na
3576-138058-0006_melvoc_speed0.9,data/attacks/speed0.9/3576-138058-0006_melvoc.wav,fake,attack,none,speed0.9,speed0.9,HOW NOW TRAITOR EXCLAIMED DON QUIXOTE,gt,na,3576,16000,4.382,test,na
3576-138058-0006_melvoc_speed1.1,data/attacks/speed1.1/3576-138058-0006_melvoc.wav,fake,attack,none,speed1.1,speed1.1,HOW NOW TRAITOR EXCLAIMED DON QUIXOTE,gt,na,3576,16000,3.585,test,na
3576-138058-0006_pitch_mp3-128k,data/attacks/mp3-128k/3576-138058-0006_pitch.wav,fake,attack,none,mp3-128k,mp3-128k,HOW NOW TRAITOR EXCLAIMED DON QUIXOTE,gt,na,3576,16000,3.945,test,na
3576-138058-0006_pitch_mp3-64k,data/attacks/mp3-64k/3576-138058-0006_pitch.wav,fake,attack,none,mp3-64k,mp3-64k,HOW NOW TRAITOR EXCLAIMED DON QUIXOTE,gt,na,3576,16000,3.945,test,na
3576-138058-0006_pitch_opus-32k,data/attacks/opus-32k/3576-138058-0006_pitch.wav,fake,attack,none,opus-32k,opus-32k,HOW NOW TRAITOR EXCLAIMED DON QUIXOTE,gt,na,3576,16000,3.945,test,na
3576-138058-0006_pitch_g711-8k,data/attacks/g711-8k/3576-138058-0006_pitch.wav,fake,attack,none,g711-8k,g711-8k,HOW NOW TRAITOR EXCLAIMED DON QUIXOTE,gt,na,3576,16000,3.945,test,na
3576-138058-0006_pitch_resample-8k,data/attacks/resample-8k/3576-138058-0006_pitch.wav,fake,attack,none,resample-8k,8k-roundtrip,HOW NOW TRAITOR EXCLAIMED DON QUIXOTE,gt,na,3576,16000,3.945,test,na
3576-138058-0006_pitch_awgn-snr5,data/attacks/awgn-snr5/3576-138058-0006_pitch.wav,fake,attack,none,awgn-snr5,snr5,HOW NOW TRAITOR EXCLAIMED DON QUIXOTE,gt,na,3576,16000,3.945,test,na
3576-138058-0006_pitch_awgn-snr10,data/attacks/awgn-snr10/3576-138058-0006_pitch.wav,fake,attack,none,awgn-snr10,snr10,HOW NOW TRAITOR EXCLAIMED DON QUIXOTE,gt,na,3576,16000,3.945,test,na
3576-138058-0006_pitch_awgn-snr20,data/attacks/awgn-snr20/3576-138058-0006_pitch.wav,fake,attack,none,awgn-snr20,snr20,HOW NOW TRAITOR EXCLAIMED DON QUIXOTE,gt,na,3576,16000,3.945,test,na
3576-138058-0006_pitch_bandpass-300-3400,data/attacks/bandpass-300-3400/3576-138058-0006_pitch.wav,fake,attack,none,bandpass-300-3400,bandpass300-3400,HOW NOW TRAITOR EXCLAIMED DON QUIXOTE,gt,na,3576,16000,3.945,test,na
3576-138058-0006_pitch_reverb-rt60-0.2,data/attacks/reverb-rt60-0.2/3576-138058-0006_pitch.wav,fake,attack,none,reverb-rt60-0.2,rt60-0.2,HOW NOW TRAITOR EXCLAIMED DON QUIXOTE,gt,na,3576,16000,3.945,test,na
3576-138058-0006_pitch_reverb-rt60-0.4,data/attacks/reverb-rt60-0.4/3576-138058-0006_pitch.wav,fake,attack,none,reverb-rt60-0.4,rt60-0.4,HOW NOW TRAITOR EXCLAIMED DON QUIXOTE,gt,na,3576,16000,3.945,test,na
3576-138058-0006_pitch_reverb-rt60-0.8,data/attacks/reverb-rt60-0.8/3576-138058-0006_pitch.wav,fake,attack,none,reverb-rt60-0.8,rt60-0.8,HOW NOW TRAITOR EXCLAIMED DON QUIXOTE,gt,na,3576,16000,3.945,test,na
3576-138058-0006_pitch_speed0.9,data/attacks/speed0.9/3576-138058-0006_pitch.wav,fake,attack,none,speed0.9,speed0.9,HOW NOW TRAITOR EXCLAIMED DON QUIXOTE,gt,na,3576,16000,4.383,test,na
3576-138058-0006_pitch_speed1.1,data/attacks/speed1.1/3576-138058-0006_pitch.wav,fake,attack,none,speed1.1,speed1.1,HOW NOW TRAITOR EXCLAIMED DON QUIXOTE,gt,na,3576,16000,3.586,test,na
3576-138058-0007_formant_mp3-128k,data/attacks/mp3-128k/3576-138058-0007_formant.wav,fake,attack,none,mp3-128k,mp3-128k,DOST THOU REVOLT AGAINST THY MASTER AND NATURAL LORD,gt,na,3576,16000,3.55,test,na
3576-138058-0007_formant_mp3-64k,data/attacks/mp3-64k/3576-138058-0007_formant.wav,fake,attack,none,mp3-64k,mp3-64k,DOST THOU REVOLT AGAINST THY MASTER AND NATURAL LORD,gt,na,3576,16000,3.55,test,na
3576-138058-0007_formant_opus-32k,data/attacks/opus-32k/3576-138058-0007_formant.wav,fake,attack,none,opus-32k,opus-32k,DOST THOU REVOLT AGAINST THY MASTER AND NATURAL LORD,gt,na,3576,16000,3.55,test,na
3576-138058-0007_formant_g711-8k,data/attacks/g711-8k/3576-138058-0007_formant.wav,fake,attack,none,g711-8k,g711-8k,DOST THOU REVOLT AGAINST THY MASTER AND NATURAL LORD,gt,na,3576,16000,3.55,test,na
3576-138058-0007_formant_resample-8k,data/attacks/resample-8k/3576-138058-0007_formant.wav,fake,attack,none,resample-8k,8k-roundtrip,DOST THOU REVOLT AGAINST THY MASTER AND NATURAL LORD,gt,na,3576,16000,3.55,test,na
3576-138058-0007_formant_awgn-snr5,data/attacks/awgn-snr5/3576-138058-0007_formant.wav,fake,attack,none,awgn-snr5,snr5,DOST THOU REVOLT AGAINST THY MASTER AND NATURAL LORD,gt,na,3576,16000,3.55,test,na
3576-138058-0007_formant_awgn-snr10,data/attacks/awgn-snr10/3576-138058-0007_formant.wav,fake,attack,none,awgn-snr10,snr10,DOST THOU REVOLT AGAINST THY MASTER AND NATURAL LORD,gt,na,3576,16000,3.55,test,na
3576-138058-0007_formant_awgn-snr20,data/attacks/awgn-snr20/3576-138058-0007_formant.wav,fake,attack,none,awgn-snr20,snr20,DOST THOU REVOLT AGAINST THY MASTER AND NATURAL LORD,gt,na,3576,16000,3.55,test,na
3576-138058-0007_formant_bandpass-300-3400,data/attacks/bandpass-300-3400/3576-138058-0007_formant.wav,fake,attack,none,bandpass-300-3400,bandpass300-3400,DOST THOU REVOLT AGAINST THY MASTER AND NATURAL LORD,gt,na,3576,16000,3.55,test,na
3576-138058-0007_formant_reverb-rt60-0.2,data/attacks/reverb-rt60-0.2/3576-138058-0007_formant.wav,fake,attack,none,reverb-rt60-0.2,rt60-0.2,DOST THOU REVOLT AGAINST THY MASTER AND NATURAL LORD,gt,na,3576,16000,3.55,test,na
3576-138058-0007_formant_reverb-rt60-0.4,data/attacks/reverb-rt60-0.4/3576-138058-0007_formant.wav,fake,attack,none,reverb-rt60-0.4,rt60-0.4,DOST THOU REVOLT AGAINST THY MASTER AND NATURAL LORD,gt,na,3576,16000,3.55,test,na
3576-138058-0007_formant_reverb-rt60-0.8,data/attacks/reverb-rt60-0.8/3576-138058-0007_formant.wav,fake,attack,none,reverb-rt60-0.8,rt60-0.8,DOST THOU REVOLT AGAINST THY MASTER AND NATURAL LORD,gt,na,3576,16000,3.55,test,na
3576-138058-0007_formant_speed0.9,data/attacks/speed0.9/3576-138058-0007_formant.wav,fake,attack,none,speed0.9,speed0.9,DOST THOU REVOLT AGAINST THY MASTER AND NATURAL LORD,gt,na,3576,16000,3.944,test,na
3576-138058-0007_formant_speed1.1,data/attacks/speed1.1/3576-138058-0007_formant.wav,fake,attack,none,speed1.1,speed1.1,DOST THOU REVOLT AGAINST THY MASTER AND NATURAL LORD,gt,na,3576,16000,3.227,test,na
3576-138058-0007_melvoc_mp3-128k,data/attacks/mp3-128k/3576-138058-0007_melvoc.wav,fake,attack,none,mp3-128k,mp3-128k,DOST THOU REVOLT AGAINST THY MASTER AND NATURAL LORD,gt,na,3576,16000,3.544,test,na
3576-138058-0007_melvoc_mp3-64k,data/attacks/mp3-64k/3576-138058-0007_melvoc.wav,fake,attack,none,mp3-64k,mp3-64k,DOST THOU REVOLT AGAINST THY MASTER AND NATURAL LORD,gt,na,3576,16000,3.544,test,na
3576-138058-0007_melvoc_opus-32k,data/attacks/opus-32k/3576-138058-0007_melvoc.wav,fake,attack,none,opus-32k,opus-32k,DOST THOU REVOLT AGAINST THY MASTER AND NATURAL LORD,gt,na,3576,16000,3.544,test,na
3576-138058-0007_melvoc_g711-8k,data/attacks/g711-8k/3576-138058-0007_melvoc.wav,fake,attack,none,g711-8k,g711-8k,DOST THOU REVOLT AGAINST THY MASTER AND NATURAL LORD,gt,na,3576,16000,3.544,test,na
3576-138058-0007_melvoc_resample-8k,data/attacks/resample-8k/3576-138058-0007_melvoc.wav,fake,attack,none,resample-8k,8k-roundtrip,DOST THOU REVOLT AGAINST THY MASTER AND NATURAL LORD,gt,na,3576,16000,3.544,test,na
3576-138058-0007_melvoc_awgn-snr5,data/attacks/awgn-snr5/3576-138058-0007_melvoc.wav,fake,attack,none,awgn-snr5,snr5,DOST THOU REVOLT AGAINST THY MASTER AND NATURAL LORD,gt,na,3576,16000,3.544,test,na
3576-138058-0007_melvoc_awgn-snr10,data/attacks/awgn-snr10/3576-138058-0007_melvoc.wav,fake,attack,none,awgn-snr10,snr10,DOST THOU REVOLT AGAINST THY MASTER AND NATURAL LORD,gt,na,3576,16000,3.544,test,na
3576-138058-0007_melvoc_awgn-snr20,data/attacks/awgn-snr20/3576-138058-0007_melvoc.wav,fake,attack,none,awgn-snr20,snr20,DOST THOU REVOLT AGAINST THY MASTER AND NATURAL LORD,gt,na,3576,16000,3.544,test,na
3576-138058-0007_melvoc_bandpass-300-3400,data/attacks/bandpass-300-3400/3576-138058-0007_melvoc.wav,fake,attack,none,bandpass-300-3400,bandpass300-3400,DOST THOU REVOLT AGAINST THY MASTER AND NATURAL LORD,gt,na,3576,16000,3.544,test,na
3576-138058-0007_melvoc_reverb-rt60-0.2,data/attacks/reverb-rt60-0.2/3576-138058-0007_melvoc.wav,fake,attack,none,reverb-rt60-0.2,rt60-0.2,DOST THOU REVOLT AGAINST THY MASTER AND NATURAL LORD,gt,na,3576,16000,3.544,test,na
3576-138058-0007_melvoc_reverb-rt60-0.4,data/attacks/reverb-rt60-0.4/3576-138058-0007_melvoc.wav,fake,attack,none,reverb-rt60-0.4,rt60-0.4,DOST THOU REVOLT AGAINST THY MASTER AND NATURAL LORD,gt,na,3576,16000,3.544,test,na
3576-138058-0007_melvoc_reverb-rt60-0.8,data/attacks/reverb-rt60-0.8/3576-138058-0007_melvoc.wav,fake,attack,none,reverb-rt60-0.8,rt60-0.8,DOST THOU REVOLT AGAINST THY MASTER AND NATURAL LORD,gt,na,3576,16000,3.544,test,na
3576-138058-0007_melvoc_speed0.9,data/attacks/speed0.9/3576-138058-0007_melvoc.wav,fake,attack,none,speed0.9,speed0.9,DOST THOU REVOLT AGAINST THY MASTER AND NATURAL LORD,gt,na,3576,16000,3.938,test,na
3576-138058-0007_melvoc_speed1.1,data/attacks/speed1.1/3576-138058-0007_melvoc.wav,fake,attack,none,speed1.1,speed1.1,DOST THOU REVOLT AGAINST THY MASTER AND NATURAL LORD,gt,na,3576,16000,3.222,test,na
3576-138058-0007_pitch_mp3-128k,data/attacks/mp3-128k/3576-138058-0007_pitch.wav,fake,attack,none,mp3-128k,mp3-128k,DOST THOU REVOLT AGAINST THY MASTER AND NATURAL LORD,gt,na,3576,16000,3.55,test,na
3576-138058-0007_pitch_mp3-64k,data/attacks/mp3-64k/3576-138058-0007_pitch.wav,fake,attack,none,mp3-64k,mp3-64k,DOST THOU REVOLT AGAINST THY MASTER AND NATURAL LORD,gt,na,3576,16000,3.55,test,na
3576-138058-0007_pitch_opus-32k,data/attacks/opus-32k/3576-138058-0007_pitch.wav,fake,attack,none,opus-32k,opus-32k,DOST THOU REVOLT AGAINST THY MASTER AND NATURAL LORD,gt,na,3576,16000,3.55,test,na
3576-138058-0007_pitch_g711-8k,data/attacks/g711-8k/3576-138058-0007_pitch.wav,fake,attack,none,g711-8k,g711-8k,DOST THOU REVOLT AGAINST THY MASTER AND NATURAL LORD,gt,na,3576,16000,3.55,test,na
3576-138058-0007_pitch_resample-8k,data/attacks/resample-8k/3576-138058-0007_pitch.wav,fake,attack,none,resample-8k,8k-roundtrip,DOST THOU REVOLT AGAINST THY MASTER AND NATURAL LORD,gt,na,3576,16000,3.55,test,na
3576-138058-0007_pitch_awgn-snr5,data/attacks/awgn-snr5/3576-138058-0007_pitch.wav,fake,attack,none,awgn-snr5,snr5,DOST THOU REVOLT AGAINST THY MASTER AND NATURAL LORD,gt,na,3576,16000,3.55,test,na
3576-138058-0007_pitch_awgn-snr10,data/attacks/awgn-snr10/3576-138058-0007_pitch.wav,fake,attack,none,awgn-snr10,snr10,DOST THOU REVOLT AGAINST THY MASTER AND NATURAL LORD,gt,na,3576,16000,3.55,test,na
3576-138058-0007_pitch_awgn-snr20,data/attacks/awgn-snr20/3576-138058-0007_pitch.wav,fake,attack,none,awgn-snr20,snr20,DOST THOU REVOLT AGAINST THY MASTER AND NATURAL LORD,gt,na,3576,16000,3.55,test,na
3576-138058-0007_pitch_bandpass-300-3400,data/attacks/bandpass-300-3400/3576-138058-0007_pitch.wav,fake,attack,none,bandpass-300-3400,bandpass300-3400,DOST THOU REVOLT AGAINST THY MASTER AND NATURAL LORD,gt,na,3576,16000,3.55,test,na
3576-138058-0007_pitch_reverb-rt60-0.2,data/attacks/reverb-rt60-0.2/3576-138058-0007_pitch.wav,fake,attack,none,reverb-rt60-0.2,rt60-0.2,DOST THOU REVOLT AGAINST THY MASTER AND NATURAL LORD,gt,na,3576,16000,3.55,test,na
3576-138058-0007_pitch_reverb-rt60-0.4,data/attacks/reverb-rt60-0.4/3576-138058-0007_pitch.wav,fake,attack,none,reverb-rt60-0.4,rt60-0.4,DOST THOU REVOLT AGAINST THY MASTER AND NATURAL LORD,gt,na,3576,16000,3.55,test,na
3576-138058-0007_pitch_reverb-rt60-0.8,data/attacks/reverb-rt60-0.8/3576-138058-0007_pitch.wav,fake,attack,none,reverb-rt60-0.8,rt60-0.8,DOST THOU REVOLT AGAINST THY MASTER AND NATURAL LORD,gt,na,3576,16000,3.55,test,na
3576-138058-0007_pitch_speed0.9,data/attacks/speed0.9/3576-138058-0007_pitch.wav,fake,attack,none,speed0.9,speed0.9,DOST THOU REVOLT AGAINST THY MASTER AND NATURAL LORD,gt,na,3576,16000,3.944,test,na
3576-138058-0007_pitch_speed1.1,data/attacks/speed1.1/3576-138058-0007_pitch.wav,fake,attack,none,speed1.1,speed1.1,DOST THOU REVOLT AGAINST THY MASTER AND NATURAL LORD,gt,na,3576,16000,3.227,test,na
3576-138058-0008_formant_mp3-128k,data/attacks/mp3-128k/3576-138058-0008_formant.wav,fake,attack,none,mp3-128k,mp3-128k,DOST THOU RISE AGAINST HIM WHO GIVES THEE HIS BREAD,gt,na,3576,16000,3.86,test,na
3576-138058-0008_formant_mp3-64k,data/attacks/mp3-64k/3576-138058-0008_formant.wav,fake,attack,none,mp3-64k,mp3-64k,DOST THOU RISE AGAINST HIM WHO GIVES THEE HIS BREAD,gt,na,3576,16000,3.86,test,na
3576-138058-0008_formant_opus-32k,data/attacks/opus-32k/3576-138058-0008_formant.wav,fake,attack,none,opus-32k,opus-32k,DOST THOU RISE AGAINST HIM WHO GIVES THEE HIS BREAD,gt,na,3576,16000,3.86,test,na
3576-138058-0008_formant_g711-8k,data/attacks/g711-8k/3576-138058-0008_formant.wav,fake,attack,none,g711-8k,g711-8k,DOST THOU RISE AGAINST HIM WHO GIVES THEE HIS BREAD,gt,na,3576,16000,3.86,test,na
3576-138058-0008_formant_resample-8k,data/attacks/resample-8k/3576-138058-0008_formant.wav,fake,attack,none,resample-8k,8k-roundtrip,DOST THOU RISE AGAINST HIM WHO GIVES THEE HIS BREAD,gt,na,3576,16000,3.86,test,na
3576-138058-0008_formant_awgn-snr5,data/attacks/awgn-snr5/3576-138058-0008_formant.wav,fake,attack,none,awgn-snr5,snr5,DOST THOU RISE AGAINST HIM WHO GIVES THEE HIS BREAD,gt,na,3576,16000,3.86,test,na
3576-138058-0008_formant_awgn-snr10,data/attacks/awgn-snr10/3576-138058-0008_formant.wav,fake,attack,none,awgn-snr10,snr10,DOST THOU RISE AGAINST HIM WHO GIVES THEE HIS BREAD,gt,na,3576,16000,3.86,test,na
3576-138058-0008_formant_awgn-snr20,data/attacks/awgn-snr20/3576-138058-0008_formant.wav,fake,attack,none,awgn-snr20,snr20,DOST THOU RISE AGAINST HIM WHO GIVES THEE HIS BREAD,gt,na,3576,16000,3.86,test,na
3576-138058-0008_formant_bandpass-300-3400,data/attacks/bandpass-300-3400/3576-138058-0008_formant.wav,fake,attack,none,bandpass-300-3400,bandpass300-3400,DOST THOU RISE AGAINST HIM WHO GIVES THEE HIS BREAD,gt,na,3576,16000,3.86,test,na
3576-138058-0008_formant_reverb-rt60-0.2,data/attacks/reverb-rt60-0.2/3576-138058-0008_formant.wav,fake,attack,none,reverb-rt60-0.2,rt60-0.2,DOST THOU RISE AGAINST HIM WHO GIVES THEE HIS BREAD,gt,na,3576,16000,3.86,test,na
3576-138058-0008_formant_reverb-rt60-0.4,data/attacks/reverb-rt60-0.4/3576-138058-0008_formant.wav,fake,attack,none,reverb-rt60-0.4,rt60-0.4,DOST THOU RISE AGAINST HIM WHO GIVES THEE HIS BREAD,gt,na,3576,16000,3.86,test,na
3576-138058-0008_formant_reverb-rt60-0.8,data/attacks/reverb-rt60-0.8/3576-138058-0008_formant.wav,fake,attack,none,reverb-rt60-0.8,rt60-0.8,DOST THOU RISE AGAINST HIM WHO GIVES THEE HIS BREAD,gt,na,3576,16000,3.86,test,na
3576-138058-0008_formant_speed0.9,data/attacks/speed0.9/3576-138058-0008_formant.wav,fake,attack,none,speed0.9,speed0.9,DOST THOU RISE AGAINST HIM WHO GIVES THEE HIS BREAD,gt,na,3576,16000,4.289,test,na
3576-138058-0008_formant_speed1.1,data/attacks/speed1.1/3576-138058-0008_formant.wav,fake,attack,none,speed1.1,speed1.1,DOST THOU RISE AGAINST HIM WHO GIVES THEE HIS BREAD,gt,na,3576,16000,3.509,test,na
5895-34615-0000_formant_mp3-128k,data/attacks/mp3-128k/5895-34615-0000_formant.wav,fake,attack,none,mp3-128k,mp3-128k,BUT IS LAUGHTER A SYNONYM OF JOY,gt,na,5895,16000,3.335,test,na
5895-34615-0000_formant_mp3-64k,data/attacks/mp3-64k/5895-34615-0000_formant.wav,fake,attack,none,mp3-64k,mp3-64k,BUT IS LAUGHTER A SYNONYM OF JOY,gt,na,5895,16000,3.335,test,na
5895-34615-0000_formant_opus-32k,data/attacks/opus-32k/5895-34615-0000_formant.wav,fake,attack,none,opus-32k,opus-32k,BUT IS LAUGHTER A SYNONYM OF JOY,gt,na,5895,16000,3.335,test,na
5895-34615-0000_formant_g711-8k,data/attacks/g711-8k/5895-34615-0000_formant.wav,fake,attack,none,g711-8k,g711-8k,BUT IS LAUGHTER A SYNONYM OF JOY,gt,na,5895,16000,3.335,test,na
5895-34615-0000_formant_resample-8k,data/attacks/resample-8k/5895-34615-0000_formant.wav,fake,attack,none,resample-8k,8k-roundtrip,BUT IS LAUGHTER A SYNONYM OF JOY,gt,na,5895,16000,3.335,test,na
5895-34615-0000_formant_awgn-snr5,data/attacks/awgn-snr5/5895-34615-0000_formant.wav,fake,attack,none,awgn-snr5,snr5,BUT IS LAUGHTER A SYNONYM OF JOY,gt,na,5895,16000,3.335,test,na
5895-34615-0000_formant_awgn-snr10,data/attacks/awgn-snr10/5895-34615-0000_formant.wav,fake,attack,none,awgn-snr10,snr10,BUT IS LAUGHTER A SYNONYM OF JOY,gt,na,5895,16000,3.335,test,na
5895-34615-0000_formant_awgn-snr20,data/attacks/awgn-snr20/5895-34615-0000_formant.wav,fake,attack,none,awgn-snr20,snr20,BUT IS LAUGHTER A SYNONYM OF JOY,gt,na,5895,16000,3.335,test,na
5895-34615-0000_formant_bandpass-300-3400,data/attacks/bandpass-300-3400/5895-34615-0000_formant.wav,fake,attack,none,bandpass-300-3400,bandpass300-3400,BUT IS LAUGHTER A SYNONYM OF JOY,gt,na,5895,16000,3.335,test,na
5895-34615-0000_formant_reverb-rt60-0.2,data/attacks/reverb-rt60-0.2/5895-34615-0000_formant.wav,fake,attack,none,reverb-rt60-0.2,rt60-0.2,BUT IS LAUGHTER A SYNONYM OF JOY,gt,na,5895,16000,3.335,test,na
5895-34615-0000_formant_reverb-rt60-0.4,data/attacks/reverb-rt60-0.4/5895-34615-0000_formant.wav,fake,attack,none,reverb-rt60-0.4,rt60-0.4,BUT IS LAUGHTER A SYNONYM OF JOY,gt,na,5895,16000,3.335,test,na
5895-34615-0000_formant_reverb-rt60-0.8,data/attacks/reverb-rt60-0.8/5895-34615-0000_formant.wav,fake,attack,none,reverb-rt60-0.8,rt60-0.8,BUT IS LAUGHTER A SYNONYM OF JOY,gt,na,5895,16000,3.335,test,na
5895-34615-0000_formant_speed0.9,data/attacks/speed0.9/5895-34615-0000_formant.wav,fake,attack,none,speed0.9,speed0.9,BUT IS LAUGHTER A SYNONYM OF JOY,gt,na,5895,16000,3.706,test,na
5895-34615-0000_formant_speed1.1,data/attacks/speed1.1/5895-34615-0000_formant.wav,fake,attack,none,speed1.1,speed1.1,BUT IS LAUGHTER A SYNONYM OF JOY,gt,na,5895,16000,3.032,test,na
5895-34615-0000_melvoc_mp3-128k,data/attacks/mp3-128k/5895-34615-0000_melvoc.wav,fake,attack,none,mp3-128k,mp3-128k,BUT IS LAUGHTER A SYNONYM OF JOY,gt,na,5895,16000,3.328,test,na
5895-34615-0000_melvoc_mp3-64k,data/attacks/mp3-64k/5895-34615-0000_melvoc.wav,fake,attack,none,mp3-64k,mp3-64k,BUT IS LAUGHTER A SYNONYM OF JOY,gt,na,5895,16000,3.328,test,na
5895-34615-0000_melvoc_opus-32k,data/attacks/opus-32k/5895-34615-0000_melvoc.wav,fake,attack,none,opus-32k,opus-32k,BUT IS LAUGHTER A SYNONYM OF JOY,gt,na,5895,16000,3.328,test,na
5895-34615-0000_melvoc_g711-8k,data/attacks/g711-8k/5895-34615-0000_melvoc.wav,fake,attack,none,g711-8k,g711-8k,BUT IS LAUGHTER A SYNONYM OF JOY,gt,na,5895,16000,3.328,test,na
5895-34615-0000_melvoc_resample-8k,data/attacks/resample-8k/5895-34615-0000_melvoc.wav,fake,attack,none,resample-8k,8k-roundtrip,BUT IS LAUGHTER A SYNONYM OF JOY,gt,na,5895,16000,3.328,test,na
5895-34615-0000_melvoc_awgn-snr5,data/attacks/awgn-snr5/5895-34615-0000_melvoc.wav,fake,attack,none,awgn-snr5,snr5,BUT IS LAUGHTER A SYNONYM OF JOY,gt,na,5895,16000,3.328,test,na
5895-34615-0000_melvoc_awgn-snr10,data/attacks/awgn-snr10/5895-34615-0000_melvoc.wav,fake,attack,none,awgn-snr10,snr10,BUT IS LAUGHTER A SYNONYM OF JOY,gt,na,5895,16000,3.328,test,na
5895-34615-0000_melvoc_awgn-snr20,data/attacks/awgn-snr20/5895-34615-0000_melvoc.wav,fake,attack,none,awgn-snr20,snr20,BUT IS LAUGHTER A SYNONYM OF JOY,gt,na,5895,16000,3.328,test,na
5895-34615-0000_melvoc_bandpass-300-3400,data/attacks/bandpass-300-3400/5895-34615-0000_melvoc.wav,fake,attack,none,bandpass-300-3400,bandpass300-3400,BUT IS LAUGHTER A SYNONYM OF JOY,gt,na,5895,16000,3.328,test,na
5895-34615-0000_melvoc_reverb-rt60-0.2,data/attacks/reverb-rt60-0.2/5895-34615-0000_melvoc.wav,fake,attack,none,reverb-rt60-0.2,rt60-0.2,BUT IS LAUGHTER A SYNONYM OF JOY,gt,na,5895,16000,3.328,test,na
5895-34615-0000_melvoc_reverb-rt60-0.4,data/attacks/reverb-rt60-0.4/5895-34615-0000_melvoc.wav,fake,attack,none,reverb-rt60-0.4,rt60-0.4,BUT IS LAUGHTER A SYNONYM OF JOY,gt,na,5895,16000,3.328,test,na
5895-34615-0000_melvoc_reverb-rt60-0.8,data/attacks/reverb-rt60-0.8/5895-34615-0000_melvoc.wav,fake,attack,none,reverb-rt60-0.8,rt60-0.8,BUT IS LAUGHTER A SYNONYM OF JOY,gt,na,5895,16000,3.328,test,na
5895-34615-0000_melvoc_speed0.9,data/attacks/speed0.9/5895-34615-0000_melvoc.wav,fake,attack,none,speed0.9,speed0.9,BUT IS LAUGHTER A SYNONYM OF JOY,gt,na,5895,16000,3.698,test,na
5895-34615-0000_melvoc_speed1.1,data/attacks/speed1.1/5895-34615-0000_melvoc.wav,fake,attack,none,speed1.1,speed1.1,BUT IS LAUGHTER A SYNONYM OF JOY,gt,na,5895,16000,3.025,test,na
5895-34615-0000_pitch_mp3-128k,data/attacks/mp3-128k/5895-34615-0000_pitch.wav,fake,attack,none,mp3-128k,mp3-128k,BUT IS LAUGHTER A SYNONYM OF JOY,gt,na,5895,16000,3.335,test,na
5895-34615-0000_pitch_mp3-64k,data/attacks/mp3-64k/5895-34615-0000_pitch.wav,fake,attack,none,mp3-64k,mp3-64k,BUT IS LAUGHTER A SYNONYM OF JOY,gt,na,5895,16000,3.335,test,na
5895-34615-0000_pitch_opus-32k,data/attacks/opus-32k/5895-34615-0000_pitch.wav,fake,attack,none,opus-32k,opus-32k,BUT IS LAUGHTER A SYNONYM OF JOY,gt,na,5895,16000,3.335,test,na
5895-34615-0000_pitch_g711-8k,data/attacks/g711-8k/5895-34615-0000_pitch.wav,fake,attack,none,g711-8k,g711-8k,BUT IS LAUGHTER A SYNONYM OF JOY,gt,na,5895,16000,3.335,test,na
5895-34615-0000_pitch_resample-8k,data/attacks/resample-8k/5895-34615-0000_pitch.wav,fake,attack,none,resample-8k,8k-roundtrip,BUT IS LAUGHTER A SYNONYM OF JOY,gt,na,5895,16000,3.335,test,na
5895-34615-0000_pitch_awgn-snr5,data/attacks/awgn-snr5/5895-34615-0000_pitch.wav,fake,attack,none,awgn-snr5,snr5,BUT IS LAUGHTER A SYNONYM OF JOY,gt,na,5895,16000,3.335,test,na
5895-34615-0000_pitch_awgn-snr10,data/attacks/awgn-snr10/5895-34615-0000_pitch.wav,fake,attack,none,awgn-snr10,snr10,BUT IS LAUGHTER A SYNONYM OF JOY,gt,na,5895,16000,3.335,test,na
5895-34615-0000_pitch_awgn-snr20,data/attacks/awgn-snr20/5895-34615-0000_pitch.wav,fake,attack,none,awgn-snr20,snr20,BUT IS LAUGHTER A SYNONYM OF JOY,gt,na,5895,16000,3.335,test,na
5895-34615-0000_pitch_bandpass-300-3400,data/attacks/bandpass-300-3400/5895-34615-0000_pitch.wav,fake,attack,none,bandpass-300-3400,bandpass300-3400,BUT IS LAUGHTER A SYNONYM OF JOY,gt,na,5895,16000,3.335,test,na
5895-34615-0000_pitch_reverb-rt60-0.2,data/attacks/reverb-rt60-0.2/5895-34615-0000_pitch.wav,fake,attack,none,reverb-rt60-0.2,rt60-0.2,BUT IS LAUGHTER A SYNONYM OF JOY,gt,na,5895,16000,3.335,test,na
5895-34615-0000_pitch_reverb-rt60-0.4,data/attacks/reverb-rt60-0.4/5895-34615-0000_pitch.wav,fake,attack,none,reverb-rt60-0.4,rt60-0.4,BUT IS LAUGHTER A SYNONYM OF JOY,gt,na,5895,16000,3.335,test,na
5895-34615-0000_pitch_reverb-rt60-0.8,data/attacks/reverb-rt60-0.8/5895-34615-0000_pitch.wav,fake,attack,none,reverb-rt60-0.8,rt60-0.8,BUT IS LAUGHTER A SYNONYM OF JOY,gt,na,5895,16000,3.335,test,na
5895-34615-0000_pitch_speed0.9,data/attacks/speed0.9/5895-34615-0000_pitch.wav,fake,attack,none,speed0.9,speed0.9,BUT IS LAUGHTER A SYNONYM OF JOY,gt,na,5895,16000,3.706,test,na
5895-34615-0000_pitch_speed1.1,data/attacks/speed1.1/5895-34615-0000_pitch.wav,fake,attack,none,speed1.1,speed1.1,BUT IS LAUGHTER A SYNONYM OF JOY,gt,na,5895,16000,3.032,test,na
5895-34615-0001_formant_mp3-128k,data/attacks/mp3-128k/5895-34615-0001_formant.wav,fake,attack,none,mp3-128k,mp3-128k,SUCH PERFECT COMPLETENESS IS NOT IN NATURE,gt,na,5895,16000,3.305,test,na
5895-34615-0001_formant_mp3-64k,data/attacks/mp3-64k/5895-34615-0001_formant.wav,fake,attack,none,mp3-64k,mp3-64k,SUCH PERFECT COMPLETENESS IS NOT IN NATURE,gt,na,5895,16000,3.305,test,na
5895-34615-0001_formant_opus-32k,data/attacks/opus-32k/5895-34615-0001_formant.wav,fake,attack,none,opus-32k,opus-32k,SUCH PERFECT COMPLETENESS IS NOT IN NATURE,gt,na,5895,16000,3.305,test,na
5895-34615-0001_formant_g711-8k,data/attacks/g711-8k/5895-34615-0001_formant.wav,fake,attack,none,g711-8k,g711-8k,SUCH PERFECT COMPLETENESS IS NOT IN NATURE,gt,na,5895,16000,3.305,test,na
5895-34615-0001_formant_resample-8k,data/attacks/resample-8k/5895-34615-0001_formant.wav,fake,attack,none,resample-8k,8k-roundtrip,SUCH PERFECT COMPLETENESS IS NOT IN NATURE,gt,na,5895,16000,3.305,test,na
5895-34615-0001_formant_awgn-snr5,data/attacks/awgn-snr5/5895-34615-0001_formant.wav,fake,attack,none,awgn-snr5,snr5,SUCH PERFECT COMPLETENESS IS NOT IN NATURE,gt,na,5895,16000,3.305,test,na
5895-34615-0001_formant_awgn-snr10,data/attacks/awgn-snr10/5895-34615-0001_formant.wav,fake,attack,none,awgn-snr10,snr10,SUCH PERFECT COMPLETENESS IS NOT IN NATURE,gt,na,5895,16000,3.305,test,na
5895-34615-0001_formant_awgn-snr20,data/attacks/awgn-snr20/5895-34615-0001_formant.wav,fake,attack,none,awgn-snr20,snr20,SUCH PERFECT COMPLETENESS IS NOT IN NATURE,gt,na,5895,16000,3.305,test,na
5895-34615-0001_formant_bandpass-300-3400,data/attacks/bandpass-300-3400/5895-34615-0001_formant.wav,fake,attack,none,bandpass-300-3400,bandpass300-3400,SUCH PERFECT COMPLETENESS IS NOT IN NATURE,gt,na,5895,16000,3.305,test,na
5895-34615-0001_formant_reverb-rt60-0.2,data/attacks/reverb-rt60-0.2/5895-34615-0001_formant.wav,fake,attack,none,reverb-rt60-0.2,rt60-0.2,SUCH PERFECT COMPLETENESS IS NOT IN NATURE,gt,na,5895,16000,3.305,test,na
5895-34615-0001_formant_reverb-rt60-0.4,data/attacks/reverb-rt60-0.4/5895-34615-0001_formant.wav,fake,attack,none,reverb-rt60-0.4,rt60-0.4,SUCH PERFECT COMPLETENESS IS NOT IN NATURE,gt,na,5895,16000,3.305,test,na
5895-34615-0001_formant_reverb-rt60-0.8,data/attacks/reverb-rt60-0.8/5895-34615-0001_formant.wav,fake,attack,none,reverb-rt60-0.8,rt60-0.8,SUCH PERFECT COMPLETENESS IS NOT IN NATURE,gt,na,5895,16000,3.305,test,na
5895-34615-0001_formant_speed0.9,data/attacks/speed0.9/5895-34615-0001_formant.wav,fake,attack,none,speed0.9,speed0.9,SUCH PERFECT COMPLETENESS IS NOT IN NATURE,gt,na,5895,16000,3.672,test,na
5895-34615-0001_formant_speed1.1,data/attacks/speed1.1/5895-34615-0001_formant.wav,fake,attack,none,speed1.1,speed1.1,SUCH PERFECT COMPLETENESS IS NOT IN NATURE,gt,na,5895,16000,3.005,test,na
5895-34615-0001_melvoc_mp3-128k,data/attacks/mp3-128k/5895-34615-0001_melvoc.wav,fake,attack,none,mp3-128k,mp3-128k,SUCH PERFECT COMPLETENESS IS NOT IN NATURE,gt,na,5895,16000,3.304,test,na
5895-34615-0001_melvoc_mp3-64k,data/attacks/mp3-64k/5895-34615-0001_melvoc.wav,fake,attack,none,mp3-64k,mp3-64k,SUCH PERFECT COMPLETENESS IS NOT IN NATURE,gt,na,5895,16000,3.304,test,na
5895-34615-0001_melvoc_opus-32k,data/attacks/opus-32k/5895-34615-0001_melvoc.wav,fake,attack,none,opus-32k,opus-32k,SUCH PERFECT COMPLETENESS IS NOT IN NATURE,gt,na,5895,16000,3.304,test,na
5895-34615-0001_melvoc_g711-8k,data/attacks/g711-8k/5895-34615-0001_melvoc.wav,fake,attack,none,g711-8k,g711-8k,SUCH PERFECT COMPLETENESS IS NOT IN NATURE,gt,na,5895,16000,3.304,test,na
5895-34615-0001_melvoc_resample-8k,data/attacks/resample-8k/5895-34615-0001_melvoc.wav,fake,attack,none,resample-8k,8k-roundtrip,SUCH PERFECT COMPLETENESS IS NOT IN NATURE,gt,na,5895,16000,3.304,test,na
5895-34615-0001_melvoc_awgn-snr5,data/attacks/awgn-snr5/5895-34615-0001_melvoc.wav,fake,attack,none,awgn-snr5,snr5,SUCH PERFECT COMPLETENESS IS NOT IN NATURE,gt,na,5895,16000,3.304,test,na
5895-34615-0001_melvoc_awgn-snr10,data/attacks/awgn-snr10/5895-34615-0001_melvoc.wav,fake,attack,none,awgn-snr10,snr10,SUCH PERFECT COMPLETENESS IS NOT IN NATURE,gt,na,5895,16000,3.304,test,na
5895-34615-0001_melvoc_awgn-snr20,data/attacks/awgn-snr20/5895-34615-0001_melvoc.wav,fake,attack,none,awgn-snr20,snr20,SUCH PERFECT COMPLETENESS IS NOT IN NATURE,gt,na,5895,16000,3.304,test,na
5895-34615-0001_melvoc_bandpass-300-3400,data/attacks/bandpass-300-3400/5895-34615-0001_melvoc.wav,fake,attack,none,bandpass-300-3400,bandpass300-3400,SUCH PERFECT COMPLETENESS IS NOT IN NATURE,gt,na,5895,16000,3.304,test,na
5895-34615-0001_melvoc_reverb-rt60-0.2,data/attacks/reverb-rt60-0.2/5895-34615-0001_melvoc.wav,fake,attack,none,reverb-rt60-0.2,rt60-0.2,SUCH PERFECT COMPLETENESS IS NOT IN NATURE,gt,na,5895,16000,3.304,test,na
5895-34615-0001_melvoc_reverb-rt60-0.4,data/attacks/reverb-rt60-0.4/5895-34615-0001_melvoc.wav,fake,attack,none,reverb-rt60-0.4,rt60-0.4,SUCH PERFECT COMPLETENESS IS NOT IN NATURE,gt,na,5895,16000,3.304,test,na
5895-34615-0001_melvoc_reverb-rt60-0.8,data/attacks/reverb-rt60-0.8/5895-34615-0001_melvoc.wav,fake,attack,none,reverb-rt60-0.8,rt60-0.8,SUCH PERFECT COMPLETENESS IS NOT IN NATURE,gt,na,5895,16000,3.304,test,na
5895-34615-0001_melvoc_speed0.9,data/attacks/speed0.9/5895-34615-0001_melvoc.wav,fake,attack,none,speed0.9,speed0.9,SUCH PERFECT COMPLETENESS IS NOT IN NATURE,gt,na,5895,16000,3.671,test,na
5895-34615-0001_melvoc_speed1.1,data/attacks/speed1.1/5895-34615-0001_melvoc.wav,fake,attack,none,speed1.1,speed1.1,SUCH PERFECT COMPLETENESS IS NOT IN NATURE,gt,na,5895,16000,3.004,test,na
5895-34615-0001_pitch_mp3-128k,data/attacks/mp3-128k/5895-34615-0001_pitch.wav,fake,attack,none,mp3-128k,mp3-128k,SUCH PERFECT COMPLETENESS IS NOT IN NATURE,gt,na,5895,16000,3.305,test,na
5895-34615-0001_pitch_mp3-64k,data/attacks/mp3-64k/5895-34615-0001_pitch.wav,fake,attack,none,mp3-64k,mp3-64k,SUCH PERFECT COMPLETENESS IS NOT IN NATURE,gt,na,5895,16000,3.305,test,na
5895-34615-0001_pitch_opus-32k,data/attacks/opus-32k/5895-34615-0001_pitch.wav,fake,attack,none,opus-32k,opus-32k,SUCH PERFECT COMPLETENESS IS NOT IN NATURE,gt,na,5895,16000,3.305,test,na
5895-34615-0001_pitch_g711-8k,data/attacks/g711-8k/5895-34615-0001_pitch.wav,fake,attack,none,g711-8k,g711-8k,SUCH PERFECT COMPLETENESS IS NOT IN NATURE,gt,na,5895,16000,3.305,test,na
5895-34615-0001_pitch_resample-8k,data/attacks/resample-8k/5895-34615-0001_pitch.wav,fake,attack,none,resample-8k,8k-roundtrip,SUCH PERFECT COMPLETENESS IS NOT IN NATURE,gt,na,5895,16000,3.305,test,na
5895-34615-0001_pitch_awgn-snr5,data/attacks/awgn-snr5/5895-34615-0001_pitch.wav,fake,attack,none,awgn-snr5,snr5,SUCH PERFECT COMPLETENESS IS NOT IN NATURE,gt,na,5895,16000,3.305,test,na
5895-34615-0001_pitch_awgn-snr10,data/attacks/awgn-snr10/5895-34615-0001_pitch.wav,fake,attack,none,awgn-snr10,snr10,SUCH PERFECT COMPLETENESS IS NOT IN NATURE,gt,na,5895,16000,3.305,test,na
5895-34615-0001_pitch_awgn-snr20,data/attacks/awgn-snr20/5895-34615-0001_pitch.wav,fake,attack,none,awgn-snr20,snr20,SUCH PERFECT COMPLETENESS IS NOT IN NATURE,gt,na,5895,16000,3.305,test,na
5895-34615-0001_pitch_bandpass-300-3400,data/attacks/bandpass-300-3400/5895-34615-0001_pitch.wav,fake,attack,none,bandpass-300-3400,bandpass300-3400,SUCH PERFECT COMPLETENESS IS NOT IN NATURE,gt,na,5895,16000,3.305,test,na
5895-34615-0001_pitch_reverb-rt60-0.2,data/attacks/reverb-rt60-0.2/5895-34615-0001_pitch.wav,fake,attack,none,reverb-rt60-0.2,rt60-0.2,SUCH PERFECT COMPLETENESS IS NOT IN NATURE,gt,na,5895,16000,3.305,test,na
5895-34615-0001_pitch_reverb-rt60-0.4,data/attacks/reverb-rt60-0.4/5895-34615-0001_pitch.wav,fake,attack,none,reverb-rt60-0.4,rt60-0.4,SUCH PERFECT COMPLETENESS IS NOT IN NATURE,gt,na,5895,16000,3.305,test,na
5895-34615-0001_pitch_reverb-rt60-0.8,data/attacks/reverb-rt60-0.8/5895-34615-0001_pitch.wav,fake,attack,none,reverb-rt60-0.8,rt60-0.8,SUCH PERFECT COMPLETENESS IS NOT IN NATURE,gt,na,5895,16000,3.305,test,na
5895-34615-0001_pitch_speed0.9,data/attacks/speed0.9/5895-34615-0001_pitch.wav,fake,attack,none,speed0.9,speed0.9,SUCH PERFECT COMPLETENESS IS NOT IN NATURE,gt,na,5895,16000,3.672,test,na
5895-34615-0001_pitch_speed1.1,data/attacks/speed1.1/5895-34615-0001_pitch.wav,fake,attack,none,speed1.1,speed1.1,SUCH PERFECT COMPLETENESS IS NOT IN NATURE,gt,na,5895,16000,3.005,test,na
5895-34615-0002_formant_mp3-128k,data/attacks/mp3-128k/5895-34615-0002_formant.wav,fake,attack,none,mp3-128k,mp3-128k,HAD GWYNPLAINE WHEN A CHILD BEEN SO WORTHY OF ATTENTION THAT HIS FACE HAD BEEN SUBJECTED TO TRANSMUTATION WHY NOT,gt,na,5895,16000,8.73,test,na
5895-34615-0002_formant_mp3-64k,data/attacks/mp3-64k/5895-34615-0002_formant.wav,fake,attack,none,mp3-64k,mp3-64k,HAD GWYNPLAINE WHEN A CHILD BEEN SO WORTHY OF ATTENTION THAT HIS FACE HAD BEEN SUBJECTED TO TRANSMUTATION WHY NOT,gt,na,5895,16000,8.73,test,na
5895-34615-0002_formant_opus-32k,data/attacks/opus-32k/5895-34615-0002_formant.wav,fake,attack,none,opus-32k,opus-32k,HAD GWYNPLAINE WHEN A CHILD BEEN SO WORTHY OF ATTENTION THAT HIS FACE HAD BEEN SUBJECTED TO TRANSMUTATION WHY NOT,gt,na,5895,16000,8.73,test,na
5895-34615-0002_formant_g711-8k,data/attacks/g711-8k/5895-34615-0002_formant.wav,fake,attack,none,g711-8k,g711-8k,HAD GWYNPLAINE WHEN A CHILD BEEN SO WORTHY OF ATTENTION THAT HIS FACE HAD BEEN SUBJECTED TO TRANSMUTATION WHY NOT,gt,na,5895,16000,8.73,test,na
5895-34615-0002_formant_resample-8k,data/attacks/resample-8k/5895-34615-0002_formant.wav,fake,attack,none,resample-8k,8k-roundtrip,HAD GWYNPLAINE WHEN A CHILD BEEN SO WORTHY OF ATTENTION THAT HIS FACE HAD BEEN SUBJECTED TO TRANSMUTATION WHY NOT,gt,na,5895,16000,8.73,test,na
5895-34615-0002_formant_awgn-snr5,data/attacks/awgn-snr5/5895-34615-0002_formant.wav,fake,attack,none,awgn-snr5,snr5,HAD GWYNPLAINE WHEN A CHILD BEEN SO WORTHY OF ATTENTION THAT HIS FACE HAD BEEN SUBJECTED TO TRANSMUTATION WHY NOT,gt,na,5895,16000,8.73,test,na
5895-34615-0002_formant_awgn-snr10,data/attacks/awgn-snr10/5895-34615-0002_formant.wav,fake,attack,none,awgn-snr10,snr10,HAD GWYNPLAINE WHEN A CHILD BEEN SO WORTHY OF ATTENTION THAT HIS FACE HAD BEEN SUBJECTED TO TRANSMUTATION WHY NOT,gt,na,5895,16000,8.73,test,na
5895-34615-0002_formant_awgn-snr20,data/attacks/awgn-snr20/5895-34615-0002_formant.wav,fake,attack,none,awgn-snr20,snr20,HAD GWYNPLAINE WHEN A CHILD BEEN SO WORTHY OF ATTENTION THAT HIS FACE HAD BEEN SUBJECTED TO TRANSMUTATION WHY NOT,gt,na,5895,16000,8.73,test,na
5895-34615-0002_formant_bandpass-300-3400,data/attacks/bandpass-300-3400/5895-34615-0002_formant.wav,fake,attack,none,bandpass-300-3400,bandpass300-3400,HAD GWYNPLAINE WHEN A CHILD BEEN SO WORTHY OF ATTENTION THAT HIS FACE HAD BEEN SUBJECTED TO TRANSMUTATION WHY NOT,gt,na,5895,16000,8.73,test,na
5895-34615-0002_formant_reverb-rt60-0.2,data/attacks/reverb-rt60-0.2/5895-34615-0002_formant.wav,fake,attack,none,reverb-rt60-0.2,rt60-0.2,HAD GWYNPLAINE WHEN A CHILD BEEN SO WORTHY OF ATTENTION THAT HIS FACE HAD BEEN SUBJECTED TO TRANSMUTATION WHY NOT,gt,na,5895,16000,8.73,test,na
5895-34615-0002_formant_reverb-rt60-0.4,data/attacks/reverb-rt60-0.4/5895-34615-0002_formant.wav,fake,attack,none,reverb-rt60-0.4,rt60-0.4,HAD GWYNPLAINE WHEN A CHILD BEEN SO WORTHY OF ATTENTION THAT HIS FACE HAD BEEN SUBJECTED TO TRANSMUTATION WHY NOT,gt,na,5895,16000,8.73,test,na
5895-34615-0002_formant_reverb-rt60-0.8,data/attacks/reverb-rt60-0.8/5895-34615-0002_formant.wav,fake,attack,none,reverb-rt60-0.8,rt60-0.8,HAD GWYNPLAINE WHEN A CHILD BEEN SO WORTHY OF ATTENTION THAT HIS FACE HAD BEEN SUBJECTED TO TRANSMUTATION WHY NOT,gt,na,5895,16000,8.73,test,na
5895-34615-0002_formant_speed0.9,data/attacks/speed0.9/5895-34615-0002_formant.wav,fake,attack,none,speed0.9,speed0.9,HAD GWYNPLAINE WHEN A CHILD BEEN SO WORTHY OF ATTENTION THAT HIS FACE HAD BEEN SUBJECTED TO TRANSMUTATION WHY NOT,gt,na,5895,16000,9.7,test,na
5895-34615-0002_formant_speed1.1,data/attacks/speed1.1/5895-34615-0002_formant.wav,fake,attack,none,speed1.1,speed1.1,HAD GWYNPLAINE WHEN A CHILD BEEN SO WORTHY OF ATTENTION THAT HIS FACE HAD BEEN SUBJECTED TO TRANSMUTATION WHY NOT,gt,na,5895,16000,7.936,test,na
5895-34615-0002_melvoc_mp3-128k,data/attacks/mp3-128k/5895-34615-0002_melvoc.wav,fake,attack,none,mp3-128k,mp3-128k,HAD GWYNPLAINE WHEN A CHILD BEEN SO WORTHY OF ATTENTION THAT HIS FACE HAD BEEN SUBJECTED TO TRANSMUTATION WHY NOT,gt,na,5895,16000,8.728,test,na
5895-34615-0002_melvoc_mp3-64k,data/attacks/mp3-64k/5895-34615-0002_melvoc.wav,fake,attack,none,mp3-64k,mp3-64k,HAD GWYNPLAINE WHEN A CHILD BEEN SO WORTHY OF ATTENTION THAT HIS FACE HAD BEEN SUBJECTED TO TRANSMUTATION WHY NOT,gt,na,5895,16000,8.728,test,na
5895-34615-0002_melvoc_opus-32k,data/attacks/opus-32k/5895-34615-0002_melvoc.wav,fake,attack,none,opus-32k,opus-32k,HAD GWYNPLAINE WHEN A CHILD BEEN SO WORTHY OF ATTENTION THAT HIS FACE HAD BEEN SUBJECTED TO TRANSMUTATION WHY NOT,gt,na,5895,16000,8.728,test,na
5895-34615-0002_melvoc_g711-8k,data/attacks/g711-8k/5895-34615-0002_melvoc.wav,fake,attack,none,g711-8k,g711-8k,HAD GWYNPLAINE WHEN A CHILD BEEN SO WORTHY OF ATTENTION THAT HIS FACE HAD BEEN SUBJECTED TO TRANSMUTATION WHY NOT,gt,na,5895,16000,8.728,test,na
5895-34615-0002_melvoc_resample-8k,data/attacks/resample-8k/5895-34615-0002_melvoc.wav,fake,attack,none,resample-8k,8k-roundtrip,HAD GWYNPLAINE WHEN A CHILD BEEN SO WORTHY OF ATTENTION THAT HIS FACE HAD BEEN SUBJECTED TO TRANSMUTATION WHY NOT,gt,na,5895,16000,8.728,test,na
5895-34615-0002_melvoc_awgn-snr5,data/attacks/awgn-snr5/5895-34615-0002_melvoc.wav,fake,attack,none,awgn-snr5,snr5,HAD GWYNPLAINE WHEN A CHILD BEEN SO WORTHY OF ATTENTION THAT HIS FACE HAD BEEN SUBJECTED TO TRANSMUTATION WHY NOT,gt,na,5895,16000,8.728,test,na
5895-34615-0002_melvoc_awgn-snr10,data/attacks/awgn-snr10/5895-34615-0002_melvoc.wav,fake,attack,none,awgn-snr10,snr10,HAD GWYNPLAINE WHEN A CHILD BEEN SO WORTHY OF ATTENTION THAT HIS FACE HAD BEEN SUBJECTED TO TRANSMUTATION WHY NOT,gt,na,5895,16000,8.728,test,na
5895-34615-0002_melvoc_awgn-snr20,data/attacks/awgn-snr20/5895-34615-0002_melvoc.wav,fake,attack,none,awgn-snr20,snr20,HAD GWYNPLAINE WHEN A CHILD BEEN SO WORTHY OF ATTENTION THAT HIS FACE HAD BEEN SUBJECTED TO TRANSMUTATION WHY NOT,gt,na,5895,16000,8.728,test,na
5895-34615-0002_melvoc_bandpass-300-3400,data/attacks/bandpass-300-3400/5895-34615-0002_melvoc.wav,fake,attack,none,bandpass-300-3400,bandpass300-3400,HAD GWYNPLAINE WHEN A CHILD BEEN SO WORTHY OF ATTENTION THAT HIS FACE HAD BEEN SUBJECTED TO TRANSMUTATION WHY NOT,gt,na,5895,16000,8.728,test,na
5895-34615-0002_melvoc_reverb-rt60-0.2,data/attacks/reverb-rt60-0.2/5895-34615-0002_melvoc.wav,fake,attack,none,reverb-rt60-0.2,rt60-0.2,HAD GWYNPLAINE WHEN A CHILD BEEN SO WORTHY OF ATTENTION THAT HIS FACE HAD BEEN SUBJECTED TO TRANSMUTATION WHY NOT,gt,na,5895,16000,8.728,test,na
5895-34615-0002_melvoc_reverb-rt60-0.4,data/attacks/reverb-rt60-0.4/5895-34615-0002_melvoc.wav,fake,attack,none,reverb-rt60-0.4,rt60-0.4,HAD GWYNPLAINE WHEN A CHILD BEEN SO WORTHY OF ATTENTION THAT HIS FACE HAD BEEN SUBJECTED TO TRANSMUTATION WHY NOT,gt,na,5895,16000,8.728,test,na
5895-34615-0002_melvoc_reverb-rt60-0.8,data/attacks/reverb-rt60-0.8/5895-34615-0002_melvoc.wav,fake,attack,none,reverb-rt60-0.8,rt60-0.8,HAD GWYNPLAINE WHEN A CHILD BEEN SO WORTHY OF ATTENTION THAT HIS FACE HAD BEEN SUBJECTED TO TRANSMUTATION WHY NOT,gt,na,5895,16000,8.728,test,na
5895-34615-0002_melvoc_speed0.9,data/attacks/speed0.9/5895-34615-0002_melvoc.wav,fake,attack,none,speed0.9,speed0.9,HAD GWYNPLAINE WHEN A CHILD BEEN SO WORTHY OF ATTENTION THAT HIS FACE HAD BEEN SUBJECTED TO TRANSMUTATION WHY NOT,gt,na,5895,16000,9.698,test,na
5895-34615-0002_melvoc_speed1.1,data/attacks/speed1.1/5895-34615-0002_melvoc.wav,fake,attack,none,speed1.1,speed1.1,HAD GWYNPLAINE WHEN A CHILD BEEN SO WORTHY OF ATTENTION THAT HIS FACE HAD BEEN SUBJECTED TO TRANSMUTATION WHY NOT,gt,na,5895,16000,7.935,test,na
5895-34615-0002_pitch_mp3-128k,data/attacks/mp3-128k/5895-34615-0002_pitch.wav,fake,attack,none,mp3-128k,mp3-128k,HAD GWYNPLAINE WHEN A CHILD BEEN SO WORTHY OF ATTENTION THAT HIS FACE HAD BEEN SUBJECTED TO TRANSMUTATION WHY NOT,gt,na,5895,16000,8.73,test,na
5895-34615-0002_pitch_mp3-64k,data/attacks/mp3-64k/5895-34615-0002_pitch.wav,fake,attack,none,mp3-64k,mp3-64k,HAD GWYNPLAINE WHEN A CHILD BEEN SO WORTHY OF ATTENTION THAT HIS FACE HAD BEEN SUBJECTED TO TRANSMUTATION WHY NOT,gt,na,5895,16000,8.73,test,na
5895-34615-0002_pitch_opus-32k,data/attacks/opus-32k/5895-34615-0002_pitch.wav,fake,attack,none,opus-32k,opus-32k,HAD GWYNPLAINE WHEN A CHILD BEEN SO WORTHY OF ATTENTION THAT HIS FACE HAD BEEN SUBJECTED TO TRANSMUTATION WHY NOT,gt,na,5895,16000,8.73,test,na
5895-34615-0002_pitch_g711-8k,data/attacks/g711-8k/5895-34615-0002_pitch.wav,fake,attack,none,g711-8k,g711-8k,HAD GWYNPLAINE WHEN A CHILD BEEN SO WORTHY OF ATTENTION THAT HIS FACE HAD BEEN SUBJECTED TO TRANSMUTATION WHY NOT,gt,na,5895,16000,8.73,test,na
5895-34615-0002_pitch_resample-8k,data/attacks/resample-8k/5895-34615-0002_pitch.wav,fake,attack,none,resample-8k,8k-roundtrip,HAD GWYNPLAINE WHEN A CHILD BEEN SO WORTHY OF ATTENTION THAT HIS FACE HAD BEEN SUBJECTED TO TRANSMUTATION WHY NOT,gt,na,5895,16000,8.73,test,na
5895-34615-0002_pitch_awgn-snr5,data/attacks/awgn-snr5/5895-34615-0002_pitch.wav,fake,attack,none,awgn-snr5,snr5,HAD GWYNPLAINE WHEN A CHILD BEEN SO WORTHY OF ATTENTION THAT HIS FACE HAD BEEN SUBJECTED TO TRANSMUTATION WHY NOT,gt,na,5895,16000,8.73,test,na
5895-34615-0002_pitch_awgn-snr10,data/attacks/awgn-snr10/5895-34615-0002_pitch.wav,fake,attack,none,awgn-snr10,snr10,HAD GWYNPLAINE WHEN A CHILD BEEN SO WORTHY OF ATTENTION THAT HIS FACE HAD BEEN SUBJECTED TO TRANSMUTATION WHY NOT,gt,na,5895,16000,8.73,test,na
5895-34615-0002_pitch_awgn-snr20,data/attacks/awgn-snr20/5895-34615-0002_pitch.wav,fake,attack,none,awgn-snr20,snr20,HAD GWYNPLAINE WHEN A CHILD BEEN SO WORTHY OF ATTENTION THAT HIS FACE HAD BEEN SUBJECTED TO TRANSMUTATION WHY NOT,gt,na,5895,16000,8.73,test,na
5895-34615-0002_pitch_bandpass-300-3400,data/attacks/bandpass-300-3400/5895-34615-0002_pitch.wav,fake,attack,none,bandpass-300-3400,bandpass300-3400,HAD GWYNPLAINE WHEN A CHILD BEEN SO WORTHY OF ATTENTION THAT HIS FACE HAD BEEN SUBJECTED TO TRANSMUTATION WHY NOT,gt,na,5895,16000,8.73,test,na
5895-34615-0002_pitch_reverb-rt60-0.2,data/attacks/reverb-rt60-0.2/5895-34615-0002_pitch.wav,fake,attack,none,reverb-rt60-0.2,rt60-0.2,HAD GWYNPLAINE WHEN A CHILD BEEN SO WORTHY OF ATTENTION THAT HIS FACE HAD BEEN SUBJECTED TO TRANSMUTATION WHY NOT,gt,na,5895,16000,8.73,test,na
5895-34615-0002_pitch_reverb-rt60-0.4,data/attacks/reverb-rt60-0.4/5895-34615-0002_pitch.wav,fake,attack,none,reverb-rt60-0.4,rt60-0.4,HAD GWYNPLAINE WHEN A CHILD BEEN SO WORTHY OF ATTENTION THAT HIS FACE HAD BEEN SUBJECTED TO TRANSMUTATION WHY NOT,gt,na,5895,16000,8.73,test,na
5895-34615-0002_pitch_reverb-rt60-0.8,data/attacks/reverb-rt60-0.8/5895-34615-0002_pitch.wav,fake,attack,none,reverb-rt60-0.8,rt60-0.8,HAD GWYNPLAINE WHEN A CHILD BEEN SO WORTHY OF ATTENTION THAT HIS FACE HAD BEEN SUBJECTED TO TRANSMUTATION WHY NOT,gt,na,5895,16000,8.73,test,na
5895-34615-0002_pitch_speed0.9,data/attacks/speed0.9/5895-34615-0002_pitch.wav,fake,attack,none,speed0.9,speed0.9,HAD GWYNPLAINE WHEN A CHILD BEEN SO WORTHY OF ATTENTION THAT HIS FACE HAD BEEN SUBJECTED TO TRANSMUTATION WHY NOT,gt,na,5895,16000,9.7,test,na
5895-34615-0002_pitch_speed1.1,data/attacks/speed1.1/5895-34615-0002_pitch.wav,fake,attack,none,speed1.1,speed1.1,HAD GWYNPLAINE WHEN A CHILD BEEN SO WORTHY OF ATTENTION THAT HIS FACE HAD BEEN SUBJECTED TO TRANSMUTATION WHY NOT,gt,na,5895,16000,7.936,test,na
5895-34615-0003_formant_mp3-128k,data/attacks/mp3-128k/5895-34615-0003_formant.wav,fake,attack,none,mp3-128k,mp3-128k,ACCORDING TO ALL APPEARANCE INDUSTRIOUS MANIPULATORS OF CHILDREN HAD WORKED UPON HIS FACE,gt,na,5895,16000,6.605,test,na
5895-34615-0003_formant_mp3-64k,data/attacks/mp3-64k/5895-34615-0003_formant.wav,fake,attack,none,mp3-64k,mp3-64k,ACCORDING TO ALL APPEARANCE INDUSTRIOUS MANIPULATORS OF CHILDREN HAD WORKED UPON HIS FACE,gt,na,5895,16000,6.605,test,na
5895-34615-0003_formant_opus-32k,data/attacks/opus-32k/5895-34615-0003_formant.wav,fake,attack,none,opus-32k,opus-32k,ACCORDING TO ALL APPEARANCE INDUSTRIOUS MANIPULATORS OF CHILDREN HAD WORKED UPON HIS FACE,gt,na,5895,16000,6.605,test,na
5895-34615-0003_formant_g711-8k,data/attacks/g711-8k/5895-34615-0003_formant.wav,fake,attack,none,g711-8k,g711-8k,ACCORDING TO ALL APPEARANCE INDUSTRIOUS MANIPULATORS OF CHILDREN HAD WORKED UPON HIS FACE,gt,na,5895,16000,6.605,test,na
5895-34615-0003_formant_resample-8k,data/attacks/resample-8k/5895-34615-0003_formant.wav,fake,attack,none,resample-8k,8k-roundtrip,ACCORDING TO ALL APPEARANCE INDUSTRIOUS MANIPULATORS OF CHILDREN HAD WORKED UPON HIS FACE,gt,na,5895,16000,6.605,test,na
5895-34615-0003_formant_awgn-snr5,data/attacks/awgn-snr5/5895-34615-0003_formant.wav,fake,attack,none,awgn-snr5,snr5,ACCORDING TO ALL APPEARANCE INDUSTRIOUS MANIPULATORS OF CHILDREN HAD WORKED UPON HIS FACE,gt,na,5895,16000,6.605,test,na
5895-34615-0003_formant_awgn-snr10,data/attacks/awgn-snr10/5895-34615-0003_formant.wav,fake,attack,none,awgn-snr10,snr10,ACCORDING TO ALL APPEARANCE INDUSTRIOUS MANIPULATORS OF CHILDREN HAD WORKED UPON HIS FACE,gt,na,5895,16000,6.605,test,na
5895-34615-0003_formant_awgn-snr20,data/attacks/awgn-snr20/5895-34615-0003_formant.wav,fake,attack,none,awgn-snr20,snr20,ACCORDING TO ALL APPEARANCE INDUSTRIOUS MANIPULATORS OF CHILDREN HAD WORKED UPON HIS FACE,gt,na,5895,16000,6.605,test,na
5895-34615-0003_formant_bandpass-300-3400,data/attacks/bandpass-300-3400/5895-34615-0003_formant.wav,fake,attack,none,bandpass-300-3400,bandpass300-3400,ACCORDING TO ALL APPEARANCE INDUSTRIOUS MANIPULATORS OF CHILDREN HAD WORKED UPON HIS FACE,gt,na,5895,16000,6.605,test,na
5895-34615-0003_formant_reverb-rt60-0.2,data/attacks/reverb-rt60-0.2/5895-34615-0003_formant.wav,fake,attack,none,reverb-rt60-0.2,rt60-0.2,ACCORDING TO ALL APPEARANCE INDUSTRIOUS MANIPULATORS OF CHILDREN HAD WORKED UPON HIS FACE,gt,na,5895,16000,6.605,test,na
5895-34615-0003_formant_reverb-rt60-0.4,data/attacks/reverb-rt60-0.4/5895-34615-0003_formant.wav,fake,attack,none,reverb-rt60-0.4,rt60-0.4,ACCORDING TO ALL APPEARANCE INDUSTRIOUS MANIPULATORS OF CHILDREN HAD WORKED UPON HIS FACE,gt,na,5895,16000,6.605,test,na
5895-34615-0003_formant_reverb-rt60-0.8,data/attacks/reverb-rt60-0.8/5895-34615-0003_formant.wav,fake,attack,none,reverb-rt60-0.8,rt60-0.8,ACCORDING TO ALL APPEARANCE INDUSTRIOUS MANIPULATORS OF CHILDREN HAD WORKED UPON HIS FACE,gt,na,5895,16000,6.605,test,na
5895-34615-0003_formant_speed0.9,data/attacks/speed0.9/5895-34615-0003_formant.wav,fake,attack,none,speed0.9,speed0.9,ACCORDING TO ALL APPEARANCE INDUSTRIOUS MANIPULATORS OF CHILDREN HAD WORKED UPON HIS FACE,gt,na,5895,16000,7.339,test,na
5895-34615-0003_formant_speed1.1,data/attacks/speed1.1/5895-34615-0003_formant.wav,fake,attack,none,speed1.1,speed1.1,ACCORDING TO ALL APPEARANCE INDUSTRIOUS MANIPULATORS OF CHILDREN HAD WORKED UPON HIS FACE,gt,na,5895,16000,6.005,test,na
5895-34615-0003_melvoc_mp3-128k,data/attacks/mp3-128k/5895-34615-0003_melvoc.wav,fake,attack,none,mp3-128k,mp3-128k,ACCORDING TO ALL APPEARANCE INDUSTRIOUS MANIPULATORS OF CHILDREN HAD WORKED UPON HIS FACE,gt,na,5895,16000,6.6,test,na
5895-34615-0003_melvoc_mp3-64k,data/attacks/mp3-64k/5895-34615-0003_melvoc.wav,fake,attack,none,mp3-64k,mp3-64k,ACCORDING TO ALL APPEARANCE INDUSTRIOUS MANIPULATORS OF CHILDREN HAD WORKED UPON HIS FACE,gt,na,5895,16000,6.6,test,na
5895-34615-0003_melvoc_opus-32k,data/attacks/opus-32k/5895-34615-0003_melvoc.wav,fake,attack,none,opus-32k,opus-32k,ACCORDING TO ALL APPEARANCE INDUSTRIOUS MANIPULATORS OF CHILDREN HAD WORKED UPON HIS FACE,gt,na,5895,16000,6.6,test,na
5895-34615-0003_melvoc_g711-8k,data/attacks/g711-8k/5895-34615-0003_melvoc.wav,fake,attack,none,g711-8k,g711-8k,ACCORDING TO ALL APPEARANCE INDUSTRIOUS MANIPULATORS OF CHILDREN HAD WORKED UPON HIS FACE,gt,na,5895,16000,6.6,test,na
5895-34615-0003_melvoc_resample-8k,data/attacks/resample-8k/5895-34615-0003_melvoc.wav,fake,attack,none,resample-8k,8k-roundtrip,ACCORDING TO ALL APPEARANCE INDUSTRIOUS MANIPULATORS OF CHILDREN HAD WORKED UPON HIS FACE,gt,na,5895,16000,6.6,test,na
5895-34615-0003_melvoc_awgn-snr5,data/attacks/awgn-snr5/5895-34615-0003_melvoc.wav,fake,attack,none,awgn-snr5,snr5,ACCORDING TO ALL APPEARANCE INDUSTRIOUS MANIPULATORS OF CHILDREN HAD WORKED UPON HIS FACE,gt,na,5895,16000,6.6,test,na
5895-34615-0003_melvoc_awgn-snr10,data/attacks/awgn-snr10/5895-34615-0003_melvoc.wav,fake,attack,none,awgn-snr10,snr10,ACCORDING TO ALL APPEARANCE INDUSTRIOUS MANIPULATORS OF CHILDREN HAD WORKED UPON HIS FACE,gt,na,5895,16000,6.6,test,na
5895-34615-0003_melvoc_awgn-snr20,data/attacks/awgn-snr20/5895-34615-0003_melvoc.wav,fake,attack,none,awgn-snr20,snr20,ACCORDING TO ALL APPEARANCE INDUSTRIOUS MANIPULATORS OF CHILDREN HAD WORKED UPON HIS FACE,gt,na,5895,16000,6.6,test,na
5895-34615-0003_melvoc_bandpass-300-3400,data/attacks/bandpass-300-3400/5895-34615-0003_melvoc.wav,fake,attack,none,bandpass-300-3400,bandpass300-3400,ACCORDING TO ALL APPEARANCE INDUSTRIOUS MANIPULATORS OF CHILDREN HAD WORKED UPON HIS FACE,gt,na,5895,16000,6.6,test,na
5895-34615-0003_melvoc_reverb-rt60-0.2,data/attacks/reverb-rt60-0.2/5895-34615-0003_melvoc.wav,fake,attack,none,reverb-rt60-0.2,rt60-0.2,ACCORDING TO ALL APPEARANCE INDUSTRIOUS MANIPULATORS OF CHILDREN HAD WORKED UPON HIS FACE,gt,na,5895,16000,6.6,test,na
5895-34615-0003_melvoc_reverb-rt60-0.4,data/attacks/reverb-rt60-0.4/5895-34615-0003_melvoc.wav,fake,attack,none,reverb-rt60-0.4,rt60-0.4,ACCORDING TO ALL APPEARANCE INDUSTRIOUS MANIPULATORS OF CHILDREN HAD WORKED UPON HIS FACE,gt,na,5895,16000,6.6,test,na
5895-34615-0003_melvoc_reverb-rt60-0.8,data/attacks/reverb-rt60-0.8/5895-34615-0003_melvoc.wav,fake,attack,none,reverb-rt60-0.8,rt60-0.8,ACCORDING TO ALL APPEARANCE INDUSTRIOUS MANIPULATORS OF CHILDREN HAD WORKED UPON HIS FACE,gt,na,5895,16000,6.6,test,na
5895-34615-0003_melvoc_speed0.9,data/attacks/speed0.9/5895-34615-0003_melvoc.wav,fake,attack,none,speed0.9,speed0.9,ACCORDING TO ALL APPEARANCE INDUSTRIOUS MANIPULATORS OF CHILDREN HAD WORKED UPON HIS FACE,gt,na,5895,16000,7.333,test,na
5895-34615-0003_melvoc_speed1.1,data/attacks/speed1.1/5895-34615-0003_melvoc.wav,fake,attack,none,speed1.1,speed1.1,ACCORDING TO ALL APPEARANCE INDUSTRIOUS MANIPULATORS OF CHILDREN HAD WORKED UPON HIS FACE,gt,na,5895,16000,6.0,test,na
5895-34615-0003_pitch_mp3-128k,data/attacks/mp3-128k/5895-34615-0003_pitch.wav,fake,attack,none,mp3-128k,mp3-128k,ACCORDING TO ALL APPEARANCE INDUSTRIOUS MANIPULATORS OF CHILDREN HAD WORKED UPON HIS FACE,gt,na,5895,16000,6.605,test,na
5895-34615-0003_pitch_mp3-64k,data/attacks/mp3-64k/5895-34615-0003_pitch.wav,fake,attack,none,mp3-64k,mp3-64k,ACCORDING TO ALL APPEARANCE INDUSTRIOUS MANIPULATORS OF CHILDREN HAD WORKED UPON HIS FACE,gt,na,5895,16000,6.605,test,na
5895-34615-0003_pitch_opus-32k,data/attacks/opus-32k/5895-34615-0003_pitch.wav,fake,attack,none,opus-32k,opus-32k,ACCORDING TO ALL APPEARANCE INDUSTRIOUS MANIPULATORS OF CHILDREN HAD WORKED UPON HIS FACE,gt,na,5895,16000,6.605,test,na
5895-34615-0003_pitch_g711-8k,data/attacks/g711-8k/5895-34615-0003_pitch.wav,fake,attack,none,g711-8k,g711-8k,ACCORDING TO ALL APPEARANCE INDUSTRIOUS MANIPULATORS OF CHILDREN HAD WORKED UPON HIS FACE,gt,na,5895,16000,6.605,test,na
5895-34615-0003_pitch_resample-8k,data/attacks/resample-8k/5895-34615-0003_pitch.wav,fake,attack,none,resample-8k,8k-roundtrip,ACCORDING TO ALL APPEARANCE INDUSTRIOUS MANIPULATORS OF CHILDREN HAD WORKED UPON HIS FACE,gt,na,5895,16000,6.605,test,na
5895-34615-0003_pitch_awgn-snr5,data/attacks/awgn-snr5/5895-34615-0003_pitch.wav,fake,attack,none,awgn-snr5,snr5,ACCORDING TO ALL APPEARANCE INDUSTRIOUS MANIPULATORS OF CHILDREN HAD WORKED UPON HIS FACE,gt,na,5895,16000,6.605,test,na
5895-34615-0003_pitch_awgn-snr10,data/attacks/awgn-snr10/5895-34615-0003_pitch.wav,fake,attack,none,awgn-snr10,snr10,ACCORDING TO ALL APPEARANCE INDUSTRIOUS MANIPULATORS OF CHILDREN HAD WORKED UPON HIS FACE,gt,na,5895,16000,6.605,test,na
5895-34615-0003_pitch_awgn-snr20,data/attacks/awgn-snr20/5895-34615-0003_pitch.wav,fake,attack,none,awgn-snr20,snr20,ACCORDING TO ALL APPEARANCE INDUSTRIOUS MANIPULATORS OF CHILDREN HAD WORKED UPON HIS FACE,gt,na,5895,16000,6.605,test,na
5895-34615-0003_pitch_bandpass-300-3400,data/attacks/bandpass-300-3400/5895-34615-0003_pitch.wav,fake,attack,none,bandpass-300-3400,bandpass300-3400,ACCORDING TO ALL APPEARANCE INDUSTRIOUS MANIPULATORS OF CHILDREN HAD WORKED UPON HIS FACE,gt,na,5895,16000,6.605,test,na
5895-34615-0003_pitch_reverb-rt60-0.2,data/attacks/reverb-rt60-0.2/5895-34615-0003_pitch.wav,fake,attack,none,reverb-rt60-0.2,rt60-0.2,ACCORDING TO ALL APPEARANCE INDUSTRIOUS MANIPULATORS OF CHILDREN HAD WORKED UPON HIS FACE,gt,na,5895,16000,6.605,test,na
5895-34615-0003_pitch_reverb-rt60-0.4,data/attacks/reverb-rt60-0.4/5895-34615-0003_pitch.wav,fake,attack,none,reverb-rt60-0.4,rt60-0.4,ACCORDING TO ALL APPEARANCE INDUSTRIOUS MANIPULATORS OF CHILDREN HAD WORKED UPON HIS FACE,gt,na,5895,16000,6.605,test,na
5895-34615-0003_pitch_reverb-rt60-0.8,data/attacks/reverb-rt60-0.8/5895-34615-0003_pitch.wav,fake,attack,none,reverb-rt60-0.8,rt60-0.8,ACCORDING TO ALL APPEARANCE INDUSTRIOUS MANIPULATORS OF CHILDREN HAD WORKED UPON HIS FACE,gt,na,5895,16000,6.605,test,na
5895-34615-0003_pitch_speed0.9,data/attacks/speed0.9/5895-34615-0003_pitch.wav,fake,attack,none,speed0.9,speed0.9,ACCORDING TO ALL APPEARANCE INDUSTRIOUS MANIPULATORS OF CHILDREN HAD WORKED UPON HIS FACE,gt,na,5895,16000,7.339,test,na
5895-34615-0003_pitch_speed1.1,data/attacks/speed1.1/5895-34615-0003_pitch.wav,fake,attack,none,speed1.1,speed1.1,ACCORDING TO ALL APPEARANCE INDUSTRIOUS MANIPULATORS OF CHILDREN HAD WORKED UPON HIS FACE,gt,na,5895,16000,6.005,test,na
5895-34615-0004_formant_mp3-128k,data/attacks/mp3-128k/5895-34615-0004_formant.wav,fake,attack,none,mp3-128k,mp3-128k,IT SEEMED EVIDENT THAT A MYSTERIOUS AND PROBABLY OCCULT SCIENCE WHICH WAS TO SURGERY WHAT ALCHEMY WAS TO CHEMISTRY HAD CHISELLED HIS FLESH EVIDENTLY AT A VERY TENDER AGE AND MANUFACTURED HIS COUNTENANCE WITH PREMEDITATION,gt,na,5895,16000,15.951,test,na
5895-34615-0004_formant_mp3-64k,data/attacks/mp3-64k/5895-34615-0004_formant.wav,fake,attack,none,mp3-64k,mp3-64k,IT SEEMED EVIDENT THAT A MYSTERIOUS AND PROBABLY OCCULT SCIENCE WHICH WAS TO SURGERY WHAT ALCHEMY WAS TO CHEMISTRY HAD CHISELLED HIS FLESH EVIDENTLY AT A VERY TENDER AGE AND MANUFACTURED HIS COUNTENANCE WITH PREMEDITATION,gt,na,5895,16000,15.951,test,na
5895-34615-0004_formant_opus-32k,data/attacks/opus-32k/5895-34615-0004_formant.wav,fake,attack,none,opus-32k,opus-32k,IT SEEMED EVIDENT THAT A MYSTERIOUS AND PROBABLY OCCULT SCIENCE WHICH WAS TO SURGERY WHAT ALCHEMY WAS TO CHEMISTRY HAD CHISELLED HIS FLESH EVIDENTLY AT A VERY TENDER AGE AND MANUFACTURED HIS COUNTENANCE WITH PREMEDITATION,gt,na,5895,16000,15.95,test,na
5895-34615-0004_formant_g711-8k,data/attacks/g711-8k/5895-34615-0004_formant.wav,fake,attack,none,g711-8k,g711-8k,IT SEEMED EVIDENT THAT A MYSTERIOUS AND PROBABLY OCCULT SCIENCE WHICH WAS TO SURGERY WHAT ALCHEMY WAS TO CHEMISTRY HAD CHISELLED HIS FLESH EVIDENTLY AT A VERY TENDER AGE AND MANUFACTURED HIS COUNTENANCE WITH PREMEDITATION,gt,na,5895,16000,15.95,test,na
5895-34615-0004_formant_resample-8k,data/attacks/resample-8k/5895-34615-0004_formant.wav,fake,attack,none,resample-8k,8k-roundtrip,IT SEEMED EVIDENT THAT A MYSTERIOUS AND PROBABLY OCCULT SCIENCE WHICH WAS TO SURGERY WHAT ALCHEMY WAS TO CHEMISTRY HAD CHISELLED HIS FLESH EVIDENTLY AT A VERY TENDER AGE AND MANUFACTURED HIS COUNTENANCE WITH PREMEDITATION,gt,na,5895,16000,15.95,test,na
5895-34615-0004_formant_awgn-snr5,data/attacks/awgn-snr5/5895-34615-0004_formant.wav,fake,attack,none,awgn-snr5,snr5,IT SEEMED EVIDENT THAT A MYSTERIOUS AND PROBABLY OCCULT SCIENCE WHICH WAS TO SURGERY WHAT ALCHEMY WAS TO CHEMISTRY HAD CHISELLED HIS FLESH EVIDENTLY AT A VERY TENDER AGE AND MANUFACTURED HIS COUNTENANCE WITH PREMEDITATION,gt,na,5895,16000,15.95,test,na
5895-34615-0004_formant_awgn-snr10,data/attacks/awgn-snr10/5895-34615-0004_formant.wav,fake,attack,none,awgn-snr10,snr10,IT SEEMED EVIDENT THAT A MYSTERIOUS AND PROBABLY OCCULT SCIENCE WHICH WAS TO SURGERY WHAT ALCHEMY WAS TO CHEMISTRY HAD CHISELLED HIS FLESH EVIDENTLY AT A VERY TENDER AGE AND MANUFACTURED HIS COUNTENANCE WITH PREMEDITATION,gt,na,5895,16000,15.95,test,na
5895-34615-0004_formant_awgn-snr20,data/attacks/awgn-snr20/5895-34615-0004_formant.wav,fake,attack,none,awgn-snr20,snr20,IT SEEMED EVIDENT THAT A MYSTERIOUS AND PROBABLY OCCULT SCIENCE WHICH WAS TO SURGERY WHAT ALCHEMY WAS TO CHEMISTRY HAD CHISELLED HIS FLESH EVIDENTLY AT A VERY TENDER AGE AND MANUFACTURED HIS COUNTENANCE WITH PREMEDITATION,gt,na,5895,16000,15.95,test,na
5895-34615-0004_formant_bandpass-300-3400,data/attacks/bandpass-300-3400/5895-34615-0004_formant.wav,fake,attack,none,bandpass-300-3400,bandpass300-3400,IT SEEMED EVIDENT THAT A MYSTERIOUS AND PROBABLY OCCULT SCIENCE WHICH WAS TO SURGERY WHAT ALCHEMY WAS TO CHEMISTRY HAD CHISELLED HIS FLESH EVIDENTLY AT A VERY TENDER AGE AND MANUFACTURED HIS COUNTENANCE WITH PREMEDITATION,gt,na,5895,16000,15.95,test,na
5895-34615-0004_formant_reverb-rt60-0.2,data/attacks/reverb-rt60-0.2/5895-34615-0004_formant.wav,fake,attack,none,reverb-rt60-0.2,rt60-0.2,IT SEEMED EVIDENT THAT A MYSTERIOUS AND PROBABLY OCCULT SCIENCE WHICH WAS TO SURGERY WHAT ALCHEMY WAS TO CHEMISTRY HAD CHISELLED HIS FLESH EVIDENTLY AT A VERY TENDER AGE AND MANUFACTURED HIS COUNTENANCE WITH PREMEDITATION,gt,na,5895,16000,15.95,test,na
5895-34615-0004_formant_reverb-rt60-0.4,data/attacks/reverb-rt60-0.4/5895-34615-0004_formant.wav,fake,attack,none,reverb-rt60-0.4,rt60-0.4,IT SEEMED EVIDENT THAT A MYSTERIOUS AND PROBABLY OCCULT SCIENCE WHICH WAS TO SURGERY WHAT ALCHEMY WAS TO CHEMISTRY HAD CHISELLED HIS FLESH EVIDENTLY AT A VERY TENDER AGE AND MANUFACTURED HIS COUNTENANCE WITH PREMEDITATION,gt,na,5895,16000,15.95,test,na
5895-34615-0004_formant_reverb-rt60-0.8,data/attacks/reverb-rt60-0.8/5895-34615-0004_formant.wav,fake,attack,none,reverb-rt60-0.8,rt60-0.8,IT SEEMED EVIDENT THAT A MYSTERIOUS AND PROBABLY OCCULT SCIENCE WHICH WAS TO SURGERY WHAT ALCHEMY WAS TO CHEMISTRY HAD CHISELLED HIS FLESH EVIDENTLY AT A VERY TENDER AGE AND MANUFACTURED HIS COUNTENANCE WITH PREMEDITATION,gt,na,5895,16000,15.95,test,na
5895-34615-0004_formant_speed0.9,data/attacks/speed0.9/5895-34615-0004_formant.wav,fake,attack,none,speed0.9,speed0.9,IT SEEMED EVIDENT THAT A MYSTERIOUS AND PROBABLY OCCULT SCIENCE WHICH WAS TO SURGERY WHAT ALCHEMY WAS TO CHEMISTRY HAD CHISELLED HIS FLESH EVIDENTLY AT A VERY TENDER AGE AND MANUFACTURED HIS COUNTENANCE WITH PREMEDITATION,gt,na,5895,16000,17.722,test,na
5895-34615-0004_formant_speed1.1,data/attacks/speed1.1/5895-34615-0004_formant.wav,fake,attack,none,speed1.1,speed1.1,IT SEEMED EVIDENT THAT A MYSTERIOUS AND PROBABLY OCCULT SCIENCE WHICH WAS TO SURGERY WHAT ALCHEMY WAS TO CHEMISTRY HAD CHISELLED HIS FLESH EVIDENTLY AT A VERY TENDER AGE AND MANUFACTURED HIS COUNTENANCE WITH PREMEDITATION,gt,na,5895,16000,14.5,test,na
5895-34615-0004_melvoc_mp3-128k,data/attacks/mp3-128k/5895-34615-0004_melvoc.wav,fake,attack,none,mp3-128k,mp3-128k,IT SEEMED EVIDENT THAT A MYSTERIOUS AND PROBABLY OCCULT SCIENCE WHICH WAS TO SURGERY WHAT ALCHEMY WAS TO CHEMISTRY HAD CHISELLED HIS FLESH EVIDENTLY AT A VERY TENDER AGE AND MANUFACTURED HIS COUNTENANCE WITH PREMEDITATION,gt,na,5895,16000,15.944,test,na
5895-34615-0004_melvoc_mp3-64k,data/attacks/mp3-64k/5895-34615-0004_melvoc.wav,fake,attack,none,mp3-64k,mp3-64k,IT SEEMED EVIDENT THAT A MYSTERIOUS AND PROBABLY OCCULT SCIENCE WHICH WAS TO SURGERY WHAT ALCHEMY WAS TO CHEMISTRY HAD CHISELLED HIS FLESH EVIDENTLY AT A VERY TENDER AGE AND MANUFACTURED HIS COUNTENANCE WITH PREMEDITATION,gt,na,5895,16000,15.944,test,na
5895-34615-0004_melvoc_opus-32k,data/attacks/opus-32k/5895-34615-0004_melvoc.wav,fake,attack,none,opus-32k,opus-32k,IT SEEMED EVIDENT THAT A MYSTERIOUS AND PROBABLY OCCULT SCIENCE WHICH WAS TO SURGERY WHAT ALCHEMY WAS TO CHEMISTRY HAD CHISELLED HIS FLESH EVIDENTLY AT A VERY TENDER AGE AND MANUFACTURED HIS COUNTENANCE WITH PREMEDITATION,gt,na,5895,16000,15.944,test,na
5895-34615-0004_melvoc_g711-8k,data/attacks/g711-8k/5895-34615-0004_melvoc.wav,fake,attack,none,g711-8k,g711-8k,IT SEEMED EVIDENT THAT A MYSTERIOUS AND PROBABLY OCCULT SCIENCE WHICH WAS TO SURGERY WHAT ALCHEMY WAS TO CHEMISTRY HAD CHISELLED HIS FLESH EVIDENTLY AT A VERY TENDER AGE AND MANUFACTURED HIS COUNTENANCE WITH PREMEDITATION,gt,na,5895,16000,15.944,test,na
5895-34615-0004_melvoc_resample-8k,data/attacks/resample-8k/5895-34615-0004_melvoc.wav,fake,attack,none,resample-8k,8k-roundtrip,IT SEEMED EVIDENT THAT A MYSTERIOUS AND PROBABLY OCCULT SCIENCE WHICH WAS TO SURGERY WHAT ALCHEMY WAS TO CHEMISTRY HAD CHISELLED HIS FLESH EVIDENTLY AT A VERY TENDER AGE AND MANUFACTURED HIS COUNTENANCE WITH PREMEDITATION,gt,na,5895,16000,15.944,test,na
5895-34615-0004_melvoc_awgn-snr5,data/attacks/awgn-snr5/5895-34615-0004_melvoc.wav,fake,attack,none,awgn-snr5,snr5,IT SEEMED EVIDENT THAT A MYSTERIOUS AND PROBABLY OCCULT SCIENCE WHICH WAS TO SURGERY WHAT ALCHEMY WAS TO CHEMISTRY HAD CHISELLED HIS FLESH EVIDENTLY AT A VERY TENDER AGE AND MANUFACTURED HIS COUNTENANCE WITH PREMEDITATION,gt,na,5895,16000,15.944,test,na
5895-34615-0004_melvoc_awgn-snr10,data/attacks/awgn-snr10/5895-34615-0004_melvoc.wav,fake,attack,none,awgn-snr10,snr10,IT SEEMED EVIDENT THAT A MYSTERIOUS AND PROBABLY OCCULT SCIENCE WHICH WAS TO SURGERY WHAT ALCHEMY WAS TO CHEMISTRY HAD CHISELLED HIS FLESH EVIDENTLY AT A VERY TENDER AGE AND MANUFACTURED HIS COUNTENANCE WITH PREMEDITATION,gt,na,5895,16000,15.944,test,na
5895-34615-0004_melvoc_awgn-snr20,data/attacks/awgn-snr20/5895-34615-0004_melvoc.wav,fake,attack,none,awgn-snr20,snr20,IT SEEMED EVIDENT THAT A MYSTERIOUS AND PROBABLY OCCULT SCIENCE WHICH WAS TO SURGERY WHAT ALCHEMY WAS TO CHEMISTRY HAD CHISELLED HIS FLESH EVIDENTLY AT A VERY TENDER AGE AND MANUFACTURED HIS COUNTENANCE WITH PREMEDITATION,gt,na,5895,16000,15.944,test,na
5895-34615-0004_melvoc_bandpass-300-3400,data/attacks/bandpass-300-3400/5895-34615-0004_melvoc.wav,fake,attack,none,bandpass-300-3400,bandpass300-3400,IT SEEMED EVIDENT THAT A MYSTERIOUS AND PROBABLY OCCULT SCIENCE WHICH WAS TO SURGERY WHAT ALCHEMY WAS TO CHEMISTRY HAD CHISELLED HIS FLESH EVIDENTLY AT A VERY TENDER AGE AND MANUFACTURED HIS COUNTENANCE WITH PREMEDITATION,gt,na,5895,16000,15.944,test,na
5895-34615-0004_melvoc_reverb-rt60-0.2,data/attacks/reverb-rt60-0.2/5895-34615-0004_melvoc.wav,fake,attack,none,reverb-rt60-0.2,rt60-0.2,IT SEEMED EVIDENT THAT A MYSTERIOUS AND PROBABLY OCCULT SCIENCE WHICH WAS TO SURGERY WHAT ALCHEMY WAS TO CHEMISTRY HAD CHISELLED HIS FLESH EVIDENTLY AT A VERY TENDER AGE AND MANUFACTURED HIS COUNTENANCE WITH PREMEDITATION,gt,na,5895,16000,15.944,test,na
5895-34615-0004_melvoc_reverb-rt60-0.4,data/attacks/reverb-rt60-0.4/5895-34615-0004_melvoc.wav,fake,attack,none,reverb-rt60-0.4,rt60-0.4,IT SEEMED EVIDENT THAT A MYSTERIOUS AND PROBABLY OCCULT SCIENCE WHICH WAS TO SURGERY WHAT ALCHEMY WAS TO CHEMISTRY HAD CHISELLED HIS FLESH EVIDENTLY AT A VERY TENDER AGE AND MANUFACTURED HIS COUNTENANCE WITH PREMEDITATION,gt,na,5895,16000,15.944,test,na
5895-34615-0004_melvoc_reverb-rt60-0.8,data/attacks/reverb-rt60-0.8/5895-34615-0004_melvoc.wav,fake,attack,none,reverb-rt60-0.8,rt60-0.8,IT SEEMED EVIDENT THAT A MYSTERIOUS AND PROBABLY OCCULT SCIENCE WHICH WAS TO SURGERY WHAT ALCHEMY WAS TO CHEMISTRY HAD CHISELLED HIS FLESH EVIDENTLY AT A VERY TENDER AGE AND MANUFACTURED HIS COUNTENANCE WITH PREMEDITATION,gt,na,5895,16000,15.944,test,na
5895-34615-0004_melvoc_speed0.9,data/attacks/speed0.9/5895-34615-0004_melvoc.wav,fake,attack,none,speed0.9,speed0.9,IT SEEMED EVIDENT THAT A MYSTERIOUS AND PROBABLY OCCULT SCIENCE WHICH WAS TO SURGERY WHAT ALCHEMY WAS TO CHEMISTRY HAD CHISELLED HIS FLESH EVIDENTLY AT A VERY TENDER AGE AND MANUFACTURED HIS COUNTENANCE WITH PREMEDITATION,gt,na,5895,16000,17.716,test,na
5895-34615-0004_melvoc_speed1.1,data/attacks/speed1.1/5895-34615-0004_melvoc.wav,fake,attack,none,speed1.1,speed1.1,IT SEEMED EVIDENT THAT A MYSTERIOUS AND PROBABLY OCCULT SCIENCE WHICH WAS TO SURGERY WHAT ALCHEMY WAS TO CHEMISTRY HAD CHISELLED HIS FLESH EVIDENTLY AT A VERY TENDER AGE AND MANUFACTURED HIS COUNTENANCE WITH PREMEDITATION,gt,na,5895,16000,14.495,test,na
5895-34615-0004_pitch_mp3-128k,data/attacks/mp3-128k/5895-34615-0004_pitch.wav,fake,attack,none,mp3-128k,mp3-128k,IT SEEMED EVIDENT THAT A MYSTERIOUS AND PROBABLY OCCULT SCIENCE WHICH WAS TO SURGERY WHAT ALCHEMY WAS TO CHEMISTRY HAD CHISELLED HIS FLESH EVIDENTLY AT A VERY TENDER AGE AND MANUFACTURED HIS COUNTENANCE WITH PREMEDITATION,gt,na,5895,16000,15.951,test,na
5895-34615-0004_pitch_mp3-64k,data/attacks/mp3-64k/5895-34615-0004_pitch.wav,fake,attack,none,mp3-64k,mp3-64k,IT SEEMED EVIDENT THAT A MYSTERIOUS AND PROBABLY OCCULT SCIENCE WHICH WAS TO SURGERY WHAT ALCHEMY WAS TO CHEMISTRY HAD CHISELLED HIS FLESH EVIDENTLY AT A VERY TENDER AGE AND MANUFACTURED HIS COUNTENANCE WITH PREMEDITATION,gt,na,5895,16000,15.951,test,na
5895-34615-0004_pitch_opus-32k,data/attacks/opus-32k/5895-34615-0004_pitch.wav,fake,attack,none,opus-32k,opus-32k,IT SEEMED EVIDENT THAT A MYSTERIOUS AND PROBABLY OCCULT SCIENCE WHICH WAS TO SURGERY WHAT ALCHEMY WAS TO CHEMISTRY HAD CHISELLED HIS FLESH EVIDENTLY AT A VERY TENDER AGE AND MANUFACTURED HIS COUNTENANCE WITH PREMEDITATION,gt,na,5895,16000,15.95,test,na
5895-34615-0004_pitch_g711-8k,data/attacks/g711-8k/5895-34615-0004_pitch.wav,fake,attack,none,g711-8k,g711-8k,IT SEEMED EVIDENT THAT A MYSTERIOUS AND PROBABLY OCCULT SCIENCE WHICH WAS TO SURGERY WHAT ALCHEMY WAS TO CHEMISTRY HAD CHISELLED HIS FLESH EVIDENTLY AT A VERY TENDER AGE AND MANUFACTURED HIS COUNTENANCE WITH PREMEDITATION,gt,na,5895,16000,15.95,test,na
5895-34615-0004_pitch_resample-8k,data/attacks/resample-8k/5895-34615-0004_pitch.wav,fake,attack,none,resample-8k,8k-roundtrip,IT SEEMED EVIDENT THAT A MYSTERIOUS AND PROBABLY OCCULT SCIENCE WHICH WAS TO SURGERY WHAT ALCHEMY WAS TO CHEMISTRY HAD CHISELLED HIS FLESH EVIDENTLY AT A VERY TENDER AGE AND MANUFACTURED HIS COUNTENANCE WITH PREMEDITATION,gt,na,5895,16000,15.95,test,na
5895-34615-0004_pitch_awgn-snr5,data/attacks/awgn-snr5/5895-34615-0004_pitch.wav,fake,attack,none,awgn-snr5,snr5,IT SEEMED EVIDENT THAT A MYSTERIOUS AND PROBABLY OCCULT SCIENCE WHICH WAS TO SURGERY WHAT ALCHEMY WAS TO CHEMISTRY HAD CHISELLED HIS FLESH EVIDENTLY AT A VERY TENDER AGE AND MANUFACTURED HIS COUNTENANCE WITH PREMEDITATION,gt,na,5895,16000,15.95,test,na
5895-34615-0004_pitch_awgn-snr10,data/attacks/awgn-snr10/5895-34615-0004_pitch.wav,fake,attack,none,awgn-snr10,snr10,IT SEEMED EVIDENT THAT A MYSTERIOUS AND PROBABLY OCCULT SCIENCE WHICH WAS TO SURGERY WHAT ALCHEMY WAS TO CHEMISTRY HAD CHISELLED HIS FLESH EVIDENTLY AT A VERY TENDER AGE AND MANUFACTURED HIS COUNTENANCE WITH PREMEDITATION,gt,na,5895,16000,15.95,test,na
5895-34615-0004_pitch_awgn-snr20,data/attacks/awgn-snr20/5895-34615-0004_pitch.wav,fake,attack,none,awgn-snr20,snr20,IT SEEMED EVIDENT THAT A MYSTERIOUS AND PROBABLY OCCULT SCIENCE WHICH WAS TO SURGERY WHAT ALCHEMY WAS TO CHEMISTRY HAD CHISELLED HIS FLESH EVIDENTLY AT A VERY TENDER AGE AND MANUFACTURED HIS COUNTENANCE WITH PREMEDITATION,gt,na,5895,16000,15.95,test,na
5895-34615-0004_pitch_bandpass-300-3400,data/attacks/bandpass-300-3400/5895-34615-0004_pitch.wav,fake,attack,none,bandpass-300-3400,bandpass300-3400,IT SEEMED EVIDENT THAT A MYSTERIOUS AND PROBABLY OCCULT SCIENCE WHICH WAS TO SURGERY WHAT ALCHEMY WAS TO CHEMISTRY HAD CHISELLED HIS FLESH EVIDENTLY AT A VERY TENDER AGE AND MANUFACTURED HIS COUNTENANCE WITH PREMEDITATION,gt,na,5895,16000,15.95,test,na
5895-34615-0004_pitch_reverb-rt60-0.2,data/attacks/reverb-rt60-0.2/5895-34615-0004_pitch.wav,fake,attack,none,reverb-rt60-0.2,rt60-0.2,IT SEEMED EVIDENT THAT A MYSTERIOUS AND PROBABLY OCCULT SCIENCE WHICH WAS TO SURGERY WHAT ALCHEMY WAS TO CHEMISTRY HAD CHISELLED HIS FLESH EVIDENTLY AT A VERY TENDER AGE AND MANUFACTURED HIS COUNTENANCE WITH PREMEDITATION,gt,na,5895,16000,15.95,test,na
5895-34615-0004_pitch_reverb-rt60-0.4,data/attacks/reverb-rt60-0.4/5895-34615-0004_pitch.wav,fake,attack,none,reverb-rt60-0.4,rt60-0.4,IT SEEMED EVIDENT THAT A MYSTERIOUS AND PROBABLY OCCULT SCIENCE WHICH WAS TO SURGERY WHAT ALCHEMY WAS TO CHEMISTRY HAD CHISELLED HIS FLESH EVIDENTLY AT A VERY TENDER AGE AND MANUFACTURED HIS COUNTENANCE WITH PREMEDITATION,gt,na,5895,16000,15.95,test,na
5895-34615-0004_pitch_reverb-rt60-0.8,data/attacks/reverb-rt60-0.8/5895-34615-0004_pitch.wav,fake,attack,none,reverb-rt60-0.8,rt60-0.8,IT SEEMED EVIDENT THAT A MYSTERIOUS AND PROBABLY OCCULT SCIENCE WHICH WAS TO SURGERY WHAT ALCHEMY WAS TO CHEMISTRY HAD CHISELLED HIS FLESH EVIDENTLY AT A VERY TENDER AGE AND MANUFACTURED HIS COUNTENANCE WITH PREMEDITATION,gt,na,5895,16000,15.95,test,na
5895-34615-0004_pitch_speed0.9,data/attacks/speed0.9/5895-34615-0004_pitch.wav,fake,attack,none,speed0.9,speed0.9,IT SEEMED EVIDENT THAT A MYSTERIOUS AND PROBABLY OCCULT SCIENCE WHICH WAS TO SURGERY WHAT ALCHEMY WAS TO CHEMISTRY HAD CHISELLED HIS FLESH EVIDENTLY AT A VERY TENDER AGE AND MANUFACTURED HIS COUNTENANCE WITH PREMEDITATION,gt,na,5895,16000,17.722,test,na
5895-34615-0004_pitch_speed1.1,data/attacks/speed1.1/5895-34615-0004_pitch.wav,fake,attack,none,speed1.1,speed1.1,IT SEEMED EVIDENT THAT A MYSTERIOUS AND PROBABLY OCCULT SCIENCE WHICH WAS TO SURGERY WHAT ALCHEMY WAS TO CHEMISTRY HAD CHISELLED HIS FLESH EVIDENTLY AT A VERY TENDER AGE AND MANUFACTURED HIS COUNTENANCE WITH PREMEDITATION,gt,na,5895,16000,14.5,test,na
5895-34615-0005_formant_mp3-128k,data/attacks/mp3-128k/5895-34615-0005_formant.wav,fake,attack,none,mp3-128k,mp3-128k,GWYNPLAINE WAS A MOUNTEBANK,gt,na,5895,16000,2.495,test,na
5895-34615-0005_formant_mp3-64k,data/attacks/mp3-64k/5895-34615-0005_formant.wav,fake,attack,none,mp3-64k,mp3-64k,GWYNPLAINE WAS A MOUNTEBANK,gt,na,5895,16000,2.495,test,na
5895-34615-0005_formant_opus-32k,data/attacks/opus-32k/5895-34615-0005_formant.wav,fake,attack,none,opus-32k,opus-32k,GWYNPLAINE WAS A MOUNTEBANK,gt,na,5895,16000,2.495,test,na
5895-34615-0005_formant_g711-8k,data/attacks/g711-8k/5895-34615-0005_formant.wav,fake,attack,none,g711-8k,g711-8k,GWYNPLAINE WAS A MOUNTEBANK,gt,na,5895,16000,2.495,test,na
5895-34615-0005_formant_resample-8k,data/attacks/resample-8k/5895-34615-0005_formant.wav,fake,attack,none,resample-8k,8k-roundtrip,GWYNPLAINE WAS A MOUNTEBANK,gt,na,5895,16000,2.495,test,na
5895-34615-0005_formant_awgn-snr5,data/attacks/awgn-snr5/5895-34615-0005_formant.wav,fake,attack,none,awgn-snr5,snr5,GWYNPLAINE WAS A MOUNTEBANK,gt,na,5895,16000,2.495,test,na
5895-34615-0005_formant_awgn-snr10,data/attacks/awgn-snr10/5895-34615-0005_formant.wav,fake,attack,none,awgn-snr10,snr10,GWYNPLAINE WAS A MOUNTEBANK,gt,na,5895,16000,2.495,test,na
5895-34615-0005_formant_awgn-snr20,data/attacks/awgn-snr20/5895-34615-0005_formant.wav,fake,attack,none,awgn-snr20,snr20,GWYNPLAINE WAS A MOUNTEBANK,gt,na,5895,16000,2.495,test,na
5895-34615-0005_formant_bandpass-300-3400,data/attacks/bandpass-300-3400/5895-34615-0005_formant.wav,fake,attack,none,bandpass-300-3400,bandpass300-3400,GWYNPLAINE WAS A MOUNTEBANK,gt,na,5895,16000,2.495,test,na
5895-34615-0005_formant_reverb-rt60-0.2,data/attacks/reverb-rt60-0.2/5895-34615-0005_formant.wav,fake,attack,none,reverb-rt60-0.2,rt60-0.2,GWYNPLAINE WAS A MOUNTEBANK,gt,na,5895,16000,2.495,test,na
5895-34615-0005_formant_reverb-rt60-0.4,data/attacks/reverb-rt60-0.4/5895-34615-0005_formant.wav,fake,attack,none,reverb-rt60-0.4,rt60-0.4,GWYNPLAINE WAS A MOUNTEBANK,gt,na,5895,16000,2.495,test,na
5895-34615-0005_formant_reverb-rt60-0.8,data/attacks/reverb-rt60-0.8/5895-34615-0005_formant.wav,fake,attack,none,reverb-rt60-0.8,rt60-0.8,GWYNPLAINE WAS A MOUNTEBANK,gt,na,5895,16000,2.495,test,na
5895-34615-0005_formant_speed0.9,data/attacks/speed0.9/5895-34615-0005_formant.wav,fake,attack,none,speed0.9,speed0.9,GWYNPLAINE WAS A MOUNTEBANK,gt,na,5895,16000,2.772,test,na
5895-34615-0005_formant_speed1.1,data/attacks/speed1.1/5895-34615-0005_formant.wav,fake,attack,none,speed1.1,speed1.1,GWYNPLAINE WAS A MOUNTEBANK,gt,na,5895,16000,2.268,test,na
5895-34615-0005_melvoc_mp3-128k,data/attacks/mp3-128k/5895-34615-0005_melvoc.wav,fake,attack,none,mp3-128k,mp3-128k,GWYNPLAINE WAS A MOUNTEBANK,gt,na,5895,16000,2.488,test,na
5895-34615-0005_melvoc_mp3-64k,data/attacks/mp3-64k/5895-34615-0005_melvoc.wav,fake,attack,none,mp3-64k,mp3-64k,GWYNPLAINE WAS A MOUNTEBANK,gt,na,5895,16000,2.488,test,na
5895-34615-0005_melvoc_opus-32k,data/attacks/opus-32k/5895-34615-0005_melvoc.wav,fake,attack,none,opus-32k,opus-32k,GWYNPLAINE WAS A MOUNTEBANK,gt,na,5895,16000,2.488,test,na
5895-34615-0005_melvoc_g711-8k,data/attacks/g711-8k/5895-34615-0005_melvoc.wav,fake,attack,none,g711-8k,g711-8k,GWYNPLAINE WAS A MOUNTEBANK,gt,na,5895,16000,2.488,test,na
5895-34615-0005_melvoc_resample-8k,data/attacks/resample-8k/5895-34615-0005_melvoc.wav,fake,attack,none,resample-8k,8k-roundtrip,GWYNPLAINE WAS A MOUNTEBANK,gt,na,5895,16000,2.488,test,na
5895-34615-0005_melvoc_awgn-snr5,data/attacks/awgn-snr5/5895-34615-0005_melvoc.wav,fake,attack,none,awgn-snr5,snr5,GWYNPLAINE WAS A MOUNTEBANK,gt,na,5895,16000,2.488,test,na
5895-34615-0005_melvoc_awgn-snr10,data/attacks/awgn-snr10/5895-34615-0005_melvoc.wav,fake,attack,none,awgn-snr10,snr10,GWYNPLAINE WAS A MOUNTEBANK,gt,na,5895,16000,2.488,test,na
5895-34615-0005_melvoc_awgn-snr20,data/attacks/awgn-snr20/5895-34615-0005_melvoc.wav,fake,attack,none,awgn-snr20,snr20,GWYNPLAINE WAS A MOUNTEBANK,gt,na,5895,16000,2.488,test,na
5895-34615-0005_melvoc_bandpass-300-3400,data/attacks/bandpass-300-3400/5895-34615-0005_melvoc.wav,fake,attack,none,bandpass-300-3400,bandpass300-3400,GWYNPLAINE WAS A MOUNTEBANK,gt,na,5895,16000,2.488,test,na
5895-34615-0005_melvoc_reverb-rt60-0.2,data/attacks/reverb-rt60-0.2/5895-34615-0005_melvoc.wav,fake,attack,none,reverb-rt60-0.2,rt60-0.2,GWYNPLAINE WAS A MOUNTEBANK,gt,na,5895,16000,2.488,test,na
5895-34615-0005_melvoc_reverb-rt60-0.4,data/attacks/reverb-rt60-0.4/5895-34615-0005_melvoc.wav,fake,attack,none,reverb-rt60-0.4,rt60-0.4,GWYNPLAINE WAS A MOUNTEBANK,gt,na,5895,16000,2.488,test,na
5895-34615-0005_melvoc_reverb-rt60-0.8,data/attacks/reverb-rt60-0.8/5895-34615-0005_melvoc.wav,fake,attack,none,reverb-rt60-0.8,rt60-0.8,GWYNPLAINE WAS A MOUNTEBANK,gt,na,5895,16000,2.488,test,na
5895-34615-0005_melvoc_speed0.9,data/attacks/speed0.9/5895-34615-0005_melvoc.wav,fake,attack,none,speed0.9,speed0.9,GWYNPLAINE WAS A MOUNTEBANK,gt,na,5895,16000,2.764,test,na
5895-34615-0005_melvoc_speed1.1,data/attacks/speed1.1/5895-34615-0005_melvoc.wav,fake,attack,none,speed1.1,speed1.1,GWYNPLAINE WAS A MOUNTEBANK,gt,na,5895,16000,2.262,test,na
5895-34615-0005_pitch_mp3-128k,data/attacks/mp3-128k/5895-34615-0005_pitch.wav,fake,attack,none,mp3-128k,mp3-128k,GWYNPLAINE WAS A MOUNTEBANK,gt,na,5895,16000,2.495,test,na
5895-34615-0005_pitch_mp3-64k,data/attacks/mp3-64k/5895-34615-0005_pitch.wav,fake,attack,none,mp3-64k,mp3-64k,GWYNPLAINE WAS A MOUNTEBANK,gt,na,5895,16000,2.495,test,na
5895-34615-0005_pitch_opus-32k,data/attacks/opus-32k/5895-34615-0005_pitch.wav,fake,attack,none,opus-32k,opus-32k,GWYNPLAINE WAS A MOUNTEBANK,gt,na,5895,16000,2.495,test,na
5895-34615-0005_pitch_g711-8k,data/attacks/g711-8k/5895-34615-0005_pitch.wav,fake,attack,none,g711-8k,g711-8k,GWYNPLAINE WAS A MOUNTEBANK,gt,na,5895,16000,2.495,test,na
5895-34615-0005_pitch_resample-8k,data/attacks/resample-8k/5895-34615-0005_pitch.wav,fake,attack,none,resample-8k,8k-roundtrip,GWYNPLAINE WAS A MOUNTEBANK,gt,na,5895,16000,2.495,test,na
5895-34615-0005_pitch_awgn-snr5,data/attacks/awgn-snr5/5895-34615-0005_pitch.wav,fake,attack,none,awgn-snr5,snr5,GWYNPLAINE WAS A MOUNTEBANK,gt,na,5895,16000,2.495,test,na
5895-34615-0005_pitch_awgn-snr10,data/attacks/awgn-snr10/5895-34615-0005_pitch.wav,fake,attack,none,awgn-snr10,snr10,GWYNPLAINE WAS A MOUNTEBANK,gt,na,5895,16000,2.495,test,na
5895-34615-0005_pitch_awgn-snr20,data/attacks/awgn-snr20/5895-34615-0005_pitch.wav,fake,attack,none,awgn-snr20,snr20,GWYNPLAINE WAS A MOUNTEBANK,gt,na,5895,16000,2.495,test,na
5895-34615-0005_pitch_bandpass-300-3400,data/attacks/bandpass-300-3400/5895-34615-0005_pitch.wav,fake,attack,none,bandpass-300-3400,bandpass300-3400,GWYNPLAINE WAS A MOUNTEBANK,gt,na,5895,16000,2.495,test,na
5895-34615-0005_pitch_reverb-rt60-0.2,data/attacks/reverb-rt60-0.2/5895-34615-0005_pitch.wav,fake,attack,none,reverb-rt60-0.2,rt60-0.2,GWYNPLAINE WAS A MOUNTEBANK,gt,na,5895,16000,2.495,test,na
5895-34615-0005_pitch_reverb-rt60-0.4,data/attacks/reverb-rt60-0.4/5895-34615-0005_pitch.wav,fake,attack,none,reverb-rt60-0.4,rt60-0.4,GWYNPLAINE WAS A MOUNTEBANK,gt,na,5895,16000,2.495,test,na
5895-34615-0005_pitch_reverb-rt60-0.8,data/attacks/reverb-rt60-0.8/5895-34615-0005_pitch.wav,fake,attack,none,reverb-rt60-0.8,rt60-0.8,GWYNPLAINE WAS A MOUNTEBANK,gt,na,5895,16000,2.495,test,na
5895-34615-0005_pitch_speed0.9,data/attacks/speed0.9/5895-34615-0005_pitch.wav,fake,attack,none,speed0.9,speed0.9,GWYNPLAINE WAS A MOUNTEBANK,gt,na,5895,16000,2.772,test,na
5895-34615-0005_pitch_speed1.1,data/attacks/speed1.1/5895-34615-0005_pitch.wav,fake,attack,none,speed1.1,speed1.1,GWYNPLAINE WAS A MOUNTEBANK,gt,na,5895,16000,2.268,test,na
5895-34615-0006_formant_mp3-128k,data/attacks/mp3-128k/5895-34615-0006_formant.wav,fake,attack,none,mp3-128k,mp3-128k,HE SHOWED HIMSELF ON THE PLATFORM,gt,na,5895,16000,2.525,test,na
5895-34615-0006_formant_mp3-64k,data/attacks/mp3-64k/5895-34615-0006_formant.wav,fake,attack,none,mp3-64k,mp3-64k,HE SHOWED HIMSELF ON THE PLATFORM,gt,na,5895,16000,2.525,test,na
5895-34615-0006_formant_opus-32k,data/attacks/opus-32k/5895-34615-0006_formant.wav,fake,attack,none,opus-32k,opus-32k,HE SHOWED HIMSELF ON THE PLATFORM,gt,na,5895,16000,2.525,test,na
5895-34615-0006_formant_g711-8k,data/attacks/g711-8k/5895-34615-0006_formant.wav,fake,attack,none,g711-8k,g711-8k,HE SHOWED HIMSELF ON THE PLATFORM,gt,na,5895,16000,2.525,test,na
5895-34615-0006_formant_resample-8k,data/attacks/resample-8k/5895-34615-0006_formant.wav,fake,attack,none,resample-8k,8k-roundtrip,HE SHOWED HIMSELF ON THE PLATFORM,gt,na,5895,16000,2.525,test,na
5895-34615-0006_formant_awgn-snr5,data/attacks/awgn-snr5/5895-34615-0006_formant.wav,fake,attack,none,awgn-snr5,snr5,HE SHOWED HIMSELF ON THE PLATFORM,gt,na,5895,16000,2.525,test,na
5895-34615-0006_formant_awgn-snr10,data/attacks/awgn-snr10/5895-34615-0006_formant.wav,fake,attack,none,awgn-snr10,snr10,HE SHOWED HIMSELF ON THE PLATFORM,gt,na,5895,16000,2.525,test,na
5895-34615-0006_formant_awgn-snr20,data/attacks/awgn-snr20/5895-34615-0006_formant.wav,fake,attack,none,awgn-snr20,snr20,HE SHOWED HIMSELF ON THE PLATFORM,gt,na,5895,16000,2.525,test,na
5895-34615-0006_formant_bandpass-300-3400,data/attacks/bandpass-300-3400/5895-34615-0006_formant.wav,fake,attack,none,bandpass-300-3400,bandpass300-3400,HE SHOWED HIMSELF ON THE PLATFORM,gt,na,5895,16000,2.525,test,na
5895-34615-0006_formant_reverb-rt60-0.2,data/attacks/reverb-rt60-0.2/5895-34615-0006_formant.wav,fake,attack,none,reverb-rt60-0.2,rt60-0.2,HE SHOWED HIMSELF ON THE PLATFORM,gt,na,5895,16000,2.525,test,na
5895-34615-0006_formant_reverb-rt60-0.4,data/attacks/reverb-rt60-0.4/5895-34615-0006_formant.wav,fake,attack,none,reverb-rt60-0.4,rt60-0.4,HE SHOWED HIMSELF ON THE PLATFORM,gt,na,5895,16000,2.525,test,na
5895-34615-0006_formant_reverb-rt60-0.8,data/attacks/reverb-rt60-0.8/5895-34615-0006_formant.wav,fake,attack,none,reverb-rt60-0.8,rt60-0.8,HE SHOWED HIMSELF ON THE PLATFORM,gt,na,5895,16000,2.525,test,na
5895-34615-0006_formant_speed0.9,data/attacks/speed0.9/5895-34615-0006_formant.wav,fake,attack,none,speed0.9,speed0.9,HE SHOWED HIMSELF ON THE PLATFORM,gt,na,5895,16000,2.806,test,na
5895-34615-0006_formant_speed1.1,data/attacks/speed1.1/5895-34615-0006_formant.wav,fake,attack,none,speed1.1,speed1.1,HE SHOWED HIMSELF ON THE PLATFORM,gt,na,5895,16000,2.295,test,na
5895-34615-0006_melvoc_mp3-128k,data/attacks/mp3-128k/5895-34615-0006_melvoc.wav,fake,attack,none,mp3-128k,mp3-128k,HE SHOWED HIMSELF ON THE PLATFORM,gt,na,5895,16000,2.52,test,na
5895-34615-0006_melvoc_mp3-64k,data/attacks/mp3-64k/5895-34615-0006_melvoc.wav,fake,attack,none,mp3-64k,mp3-64k,HE SHOWED HIMSELF ON THE PLATFORM,gt,na,5895,16000,2.52,test,na
5895-34615-0006_melvoc_opus-32k,data/attacks/opus-32k/5895-34615-0006_melvoc.wav,fake,attack,none,opus-32k,opus-32k,HE SHOWED HIMSELF ON THE PLATFORM,gt,na,5895,16000,2.52,test,na
5895-34615-0006_melvoc_g711-8k,data/attacks/g711-8k/5895-34615-0006_melvoc.wav,fake,attack,none,g711-8k,g711-8k,HE SHOWED HIMSELF ON THE PLATFORM,gt,na,5895,16000,2.52,test,na
5895-34615-0006_melvoc_resample-8k,data/attacks/resample-8k/5895-34615-0006_melvoc.wav,fake,attack,none,resample-8k,8k-roundtrip,HE SHOWED HIMSELF ON THE PLATFORM,gt,na,5895,16000,2.52,test,na
5895-34615-0006_melvoc_awgn-snr5,data/attacks/awgn-snr5/5895-34615-0006_melvoc.wav,fake,attack,none,awgn-snr5,snr5,HE SHOWED HIMSELF ON THE PLATFORM,gt,na,5895,16000,2.52,test,na
5895-34615-0006_melvoc_awgn-snr10,data/attacks/awgn-snr10/5895-34615-0006_melvoc.wav,fake,attack,none,awgn-snr10,snr10,HE SHOWED HIMSELF ON THE PLATFORM,gt,na,5895,16000,2.52,test,na
5895-34615-0006_melvoc_awgn-snr20,data/attacks/awgn-snr20/5895-34615-0006_melvoc.wav,fake,attack,none,awgn-snr20,snr20,HE SHOWED HIMSELF ON THE PLATFORM,gt,na,5895,16000,2.52,test,na
5895-34615-0006_melvoc_bandpass-300-3400,data/attacks/bandpass-300-3400/5895-34615-0006_melvoc.wav,fake,attack,none,bandpass-300-3400,bandpass300-3400,HE SHOWED HIMSELF ON THE PLATFORM,gt,na,5895,16000,2.52,test,na
5895-34615-0006_melvoc_reverb-rt60-0.2,data/attacks/reverb-rt60-0.2/5895-34615-0006_melvoc.wav,fake,attack,none,reverb-rt60-0.2,rt60-0.2,HE SHOWED HIMSELF ON THE PLATFORM,gt,na,5895,16000,2.52,test,na
5895-34615-0006_melvoc_reverb-rt60-0.4,data/attacks/reverb-rt60-0.4/5895-34615-0006_melvoc.wav,fake,attack,none,reverb-rt60-0.4,rt60-0.4,HE SHOWED HIMSELF ON THE PLATFORM,gt,na,5895,16000,2.52,test,na
5895-34615-0006_melvoc_reverb-rt60-0.8,data/attacks/reverb-rt60-0.8/5895-34615-0006_melvoc.wav,fake,attack,none,reverb-rt60-0.8,rt60-0.8,HE SHOWED HIMSELF ON THE PLATFORM,gt,na,5895,16000,2.52,test,na
5895-34615-0006_melvoc_speed0.9,data/attacks/speed0.9/5895-34615-0006_melvoc.wav,fake,attack,none,speed0.9,speed0.9,HE SHOWED HIMSELF ON THE PLATFORM,gt,na,5895,16000,2.8,test,na
5895-34615-0006_melvoc_speed1.1,data/attacks/speed1.1/5895-34615-0006_melvoc.wav,fake,attack,none,speed1.1,speed1.1,HE SHOWED HIMSELF ON THE PLATFORM,gt,na,5895,16000,2.291,test,na
5895-34615-0006_pitch_mp3-128k,data/attacks/mp3-128k/5895-34615-0006_pitch.wav,fake,attack,none,mp3-128k,mp3-128k,HE SHOWED HIMSELF ON THE PLATFORM,gt,na,5895,16000,2.525,test,na
5895-34615-0006_pitch_mp3-64k,data/attacks/mp3-64k/5895-34615-0006_pitch.wav,fake,attack,none,mp3-64k,mp3-64k,HE SHOWED HIMSELF ON THE PLATFORM,gt,na,5895,16000,2.525,test,na
5895-34615-0006_pitch_opus-32k,data/attacks/opus-32k/5895-34615-0006_pitch.wav,fake,attack,none,opus-32k,opus-32k,HE SHOWED HIMSELF ON THE PLATFORM,gt,na,5895,16000,2.525,test,na
5895-34615-0006_pitch_g711-8k,data/attacks/g711-8k/5895-34615-0006_pitch.wav,fake,attack,none,g711-8k,g711-8k,HE SHOWED HIMSELF ON THE PLATFORM,gt,na,5895,16000,2.525,test,na
5895-34615-0006_pitch_resample-8k,data/attacks/resample-8k/5895-34615-0006_pitch.wav,fake,attack,none,resample-8k,8k-roundtrip,HE SHOWED HIMSELF ON THE PLATFORM,gt,na,5895,16000,2.525,test,na
5895-34615-0006_pitch_awgn-snr5,data/attacks/awgn-snr5/5895-34615-0006_pitch.wav,fake,attack,none,awgn-snr5,snr5,HE SHOWED HIMSELF ON THE PLATFORM,gt,na,5895,16000,2.525,test,na
5895-34615-0006_pitch_awgn-snr10,data/attacks/awgn-snr10/5895-34615-0006_pitch.wav,fake,attack,none,awgn-snr10,snr10,HE SHOWED HIMSELF ON THE PLATFORM,gt,na,5895,16000,2.525,test,na
5895-34615-0006_pitch_awgn-snr20,data/attacks/awgn-snr20/5895-34615-0006_pitch.wav,fake,attack,none,awgn-snr20,snr20,HE SHOWED HIMSELF ON THE PLATFORM,gt,na,5895,16000,2.525,test,na
5895-34615-0006_pitch_bandpass-300-3400,data/attacks/bandpass-300-3400/5895-34615-0006_pitch.wav,fake,attack,none,bandpass-300-3400,bandpass300-3400,HE SHOWED HIMSELF ON THE PLATFORM,gt,na,5895,16000,2.525,test,na
5895-34615-0006_pitch_reverb-rt60-0.2,data/attacks/reverb-rt60-0.2/5895-34615-0006_pitch.wav,fake,attack,none,reverb-rt60-0.2,rt60-0.2,HE SHOWED HIMSELF ON THE PLATFORM,gt,na,5895,16000,2.525,test,na
5895-34615-0006_pitch_reverb-rt60-0.4,data/attacks/reverb-rt60-0.4/5895-34615-0006_pitch.wav,fake,attack,none,reverb-rt60-0.4,rt60-0.4,HE SHOWED HIMSELF ON THE PLATFORM,gt,na,5895,16000,2.525,test,na
5895-34615-0006_pitch_reverb-rt60-0.8,data/attacks/reverb-rt60-0.8/5895-34615-0006_pitch.wav,fake,attack,none,reverb-rt60-0.8,rt60-0.8,HE SHOWED HIMSELF ON THE PLATFORM,gt,na,5895,16000,2.525,test,na
5895-34615-0006_pitch_speed0.9,data/attacks/speed0.9/5895-34615-0006_pitch.wav,fake,attack,none,speed0.9,speed0.9,HE SHOWED HIMSELF ON THE PLATFORM,gt,na,5895,16000,2.806,test,na
5895-34615-0006_pitch_speed1.1,data/attacks/speed1.1/5895-34615-0006_pitch.wav,fake,attack,none,speed1.1,speed1.1,HE SHOWED HIMSELF ON THE PLATFORM,gt,na,5895,16000,2.295,test,na
5895-34615-0007_formant_mp3-128k,data/attacks/mp3-128k/5895-34615-0007_formant.wav,fake,attack,none,mp3-128k,mp3-128k,IT WAS GWYNPLAINE'S LAUGH WHICH CREATED THE LAUGHTER OF OTHERS YET HE DID NOT LAUGH HIMSELF,gt,na,5895,16000,5.705,test,na
5895-34615-0007_formant_mp3-64k,data/attacks/mp3-64k/5895-34615-0007_formant.wav,fake,attack,none,mp3-64k,mp3-64k,IT WAS GWYNPLAINE'S LAUGH WHICH CREATED THE LAUGHTER OF OTHERS YET HE DID NOT LAUGH HIMSELF,gt,na,5895,16000,5.705,test,na
5895-34615-0007_formant_opus-32k,data/attacks/opus-32k/5895-34615-0007_formant.wav,fake,attack,none,opus-32k,opus-32k,IT WAS GWYNPLAINE'S LAUGH WHICH CREATED THE LAUGHTER OF OTHERS YET HE DID NOT LAUGH HIMSELF,gt,na,5895,16000,5.705,test,na
5895-34615-0007_formant_g711-8k,data/attacks/g711-8k/5895-34615-0007_formant.wav,fake,attack,none,g711-8k,g711-8k,IT WAS GWYNPLAINE'S LAUGH WHICH CREATED THE LAUGHTER OF OTHERS YET HE DID NOT LAUGH HIMSELF,gt,na,5895,16000,5.705,test,na
5895-34615-0007_formant_resample-8k,data/attacks/resample-8k/5895-34615-0007_formant.wav,fake,attack,none,resample-8k,8k-roundtrip,IT WAS GWYNPLAINE'S LAUGH WHICH CREATED THE LAUGHTER OF OTHERS YET HE DID NOT LAUGH HIMSELF,gt,na,5895,16000,5.705,test,na
5895-34615-0007_formant_awgn-snr5,data/attacks/awgn-snr5/5895-34615-0007_formant.wav,fake,attack,none,awgn-snr5,snr5,IT WAS GWYNPLAINE'S LAUGH WHICH CREATED THE LAUGHTER OF OTHERS YET HE DID NOT LAUGH HIMSELF,gt,na,5895,16000,5.705,test,na
5895-34615-0007_formant_awgn-snr10,data/attacks/awgn-snr10/5895-34615-0007_formant.wav,fake,attack,none,awgn-snr10,snr10,IT WAS GWYNPLAINE'S LAUGH WHICH CREATED THE LAUGHTER OF OTHERS YET HE DID NOT LAUGH HIMSELF,gt,na,5895,16000,5.705,test,na
5895-34615-0007_formant_awgn-snr20,data/attacks/awgn-snr20/5895-34615-0007_formant.wav,fake,attack,none,awgn-snr20,snr20,IT WAS GWYNPLAINE'S LAUGH WHICH CREATED THE LAUGHTER OF OTHERS YET HE DID NOT LAUGH HIMSELF,gt,na,5895,16000,5.705,test,na
5895-34615-0007_formant_bandpass-300-3400,data/attacks/bandpass-300-3400/5895-34615-0007_formant.wav,fake,attack,none,bandpass-300-3400,bandpass300-3400,IT WAS GWYNPLAINE'S LAUGH WHICH CREATED THE LAUGHTER OF OTHERS YET HE DID NOT LAUGH HIMSELF,gt,na,5895,16000,5.705,test,na
5895-34615-0007_formant_reverb-rt60-0.2,data/attacks/reverb-rt60-0.2/5895-34615-0007_formant.wav,fake,attack,none,reverb-rt60-0.2,rt60-0.2,IT WAS GWYNPLAINE'S LAUGH WHICH CREATED THE LAUGHTER OF OTHERS YET HE DID NOT LAUGH HIMSELF,gt,na,5895,16000,5.705,test,na
5895-34615-0007_formant_reverb-rt60-0.4,data/attacks/reverb-rt60-0.4/5895-34615-0007_formant.wav,fake,attack,none,reverb-rt60-0.4,rt60-0.4,IT WAS GWYNPLAINE'S LAUGH WHICH CREATED THE LAUGHTER OF OTHERS YET HE DID NOT LAUGH HIMSELF,gt,na,5895,16000,5.705,test,na
5895-34615-0007_formant_reverb-rt60-0.8,data/attacks/reverb-rt60-0.8/5895-34615-0007_formant.wav,fake,attack,none,reverb-rt60-0.8,rt60-0.8,IT WAS GWYNPLAINE'S LAUGH WHICH CREATED THE LAUGHTER OF OTHERS YET HE DID NOT LAUGH HIMSELF,gt,na,5895,16000,5.705,test,na
5895-34615-0007_formant_speed0.9,data/attacks/speed0.9/5895-34615-0007_formant.wav,fake,attack,none,speed0.9,speed0.9,IT WAS GWYNPLAINE'S LAUGH WHICH CREATED THE LAUGHTER OF OTHERS YET HE DID NOT LAUGH HIMSELF,gt,na,5895,16000,6.339,test,na
5895-34615-0007_formant_speed1.1,data/attacks/speed1.1/5895-34615-0007_formant.wav,fake,attack,none,speed1.1,speed1.1,IT WAS GWYNPLAINE'S LAUGH WHICH CREATED THE LAUGHTER OF OTHERS YET HE DID NOT LAUGH HIMSELF,gt,na,5895,16000,5.186,test,na
5895-34615-0007_melvoc_mp3-128k,data/attacks/mp3-128k/5895-34615-0007_melvoc.wav,fake,attack,none,mp3-128k,mp3-128k,IT WAS GWYNPLAINE'S LAUGH WHICH CREATED THE LAUGHTER OF OTHERS YET HE DID NOT LAUGH HIMSELF,gt,na,5895,16000,5.704,test,na
5895-34615-0007_melvoc_mp3-64k,data/attacks/mp3-64k/5895-34615-0007_melvoc.wav,fake,attack,none,mp3-64k,mp3-64k,IT WAS GWYNPLAINE'S LAUGH WHICH CREATED THE LAUGHTER OF OTHERS YET HE DID NOT LAUGH HIMSELF,gt,na,5895,16000,5.704,test,na
5895-34615-0007_melvoc_opus-32k,data/attacks/opus-32k/5895-34615-0007_melvoc.wav,fake,attack,none,opus-32k,opus-32k,IT WAS GWYNPLAINE'S LAUGH WHICH CREATED THE LAUGHTER OF OTHERS YET HE DID NOT LAUGH HIMSELF,gt,na,5895,16000,5.704,test,na
5895-34615-0007_melvoc_g711-8k,data/attacks/g711-8k/5895-34615-0007_melvoc.wav,fake,attack,none,g711-8k,g711-8k,IT WAS GWYNPLAINE'S LAUGH WHICH CREATED THE LAUGHTER OF OTHERS YET HE DID NOT LAUGH HIMSELF,gt,na,5895,16000,5.704,test,na
5895-34615-0007_melvoc_resample-8k,data/attacks/resample-8k/5895-34615-0007_melvoc.wav,fake,attack,none,resample-8k,8k-roundtrip,IT WAS GWYNPLAINE'S LAUGH WHICH CREATED THE LAUGHTER OF OTHERS YET HE DID NOT LAUGH HIMSELF,gt,na,5895,16000,5.704,test,na
5895-34615-0007_melvoc_awgn-snr5,data/attacks/awgn-snr5/5895-34615-0007_melvoc.wav,fake,attack,none,awgn-snr5,snr5,IT WAS GWYNPLAINE'S LAUGH WHICH CREATED THE LAUGHTER OF OTHERS YET HE DID NOT LAUGH HIMSELF,gt,na,5895,16000,5.704,test,na
5895-34615-0007_melvoc_awgn-snr10,data/attacks/awgn-snr10/5895-34615-0007_melvoc.wav,fake,attack,none,awgn-snr10,snr10,IT WAS GWYNPLAINE'S LAUGH WHICH CREATED THE LAUGHTER OF OTHERS YET HE DID NOT LAUGH HIMSELF,gt,na,5895,16000,5.704,test,na
5895-34615-0007_melvoc_awgn-snr20,data/attacks/awgn-snr20/5895-34615-0007_melvoc.wav,fake,attack,none,awgn-snr20,snr20,IT WAS GWYNPLAINE'S LAUGH WHICH CREATED THE LAUGHTER OF OTHERS YET HE DID NOT LAUGH HIMSELF,gt,na,5895,16000,5.704,test,na
5895-34615-0007_melvoc_bandpass-300-3400,data/attacks/bandpass-300-3400/5895-34615-0007_melvoc.wav,fake,attack,none,bandpass-300-3400,bandpass300-3400,IT WAS GWYNPLAINE'S LAUGH WHICH CREATED THE LAUGHTER OF OTHERS YET HE DID NOT LAUGH HIMSELF,gt,na,5895,16000,5.704,test,na
5895-34615-0007_melvoc_reverb-rt60-0.2,data/attacks/reverb-rt60-0.2/5895-34615-0007_melvoc.wav,fake,attack,none,reverb-rt60-0.2,rt60-0.2,IT WAS GWYNPLAINE'S LAUGH WHICH CREATED THE LAUGHTER OF OTHERS YET HE DID NOT LAUGH HIMSELF,gt,na,5895,16000,5.704,test,na
5895-34615-0007_melvoc_reverb-rt60-0.4,data/attacks/reverb-rt60-0.4/5895-34615-0007_melvoc.wav,fake,attack,none,reverb-rt60-0.4,rt60-0.4,IT WAS GWYNPLAINE'S LAUGH WHICH CREATED THE LAUGHTER OF OTHERS YET HE DID NOT LAUGH HIMSELF,gt,na,5895,16000,5.704,test,na
5895-34615-0007_melvoc_reverb-rt60-0.8,data/attacks/reverb-rt60-0.8/5895-34615-0007_melvoc.wav,fake,attack,none,reverb-rt60-0.8,rt60-0.8,IT WAS GWYNPLAINE'S LAUGH WHICH CREATED THE LAUGHTER OF OTHERS YET HE DID NOT LAUGH HIMSELF,gt,na,5895,16000,5.704,test,na
5895-34615-0007_melvoc_speed0.9,data/attacks/speed0.9/5895-34615-0007_melvoc.wav,fake,attack,none,speed0.9,speed0.9,IT WAS GWYNPLAINE'S LAUGH WHICH CREATED THE LAUGHTER OF OTHERS YET HE DID NOT LAUGH HIMSELF,gt,na,5895,16000,6.338,test,na
5895-34615-0007_melvoc_speed1.1,data/attacks/speed1.1/5895-34615-0007_melvoc.wav,fake,attack,none,speed1.1,speed1.1,IT WAS GWYNPLAINE'S LAUGH WHICH CREATED THE LAUGHTER OF OTHERS YET HE DID NOT LAUGH HIMSELF,gt,na,5895,16000,5.185,test,na
5895-34615-0007_pitch_mp3-128k,data/attacks/mp3-128k/5895-34615-0007_pitch.wav,fake,attack,none,mp3-128k,mp3-128k,IT WAS GWYNPLAINE'S LAUGH WHICH CREATED THE LAUGHTER OF OTHERS YET HE DID NOT LAUGH HIMSELF,gt,na,5895,16000,5.705,test,na
5895-34615-0007_pitch_mp3-64k,data/attacks/mp3-64k/5895-34615-0007_pitch.wav,fake,attack,none,mp3-64k,mp3-64k,IT WAS GWYNPLAINE'S LAUGH WHICH CREATED THE LAUGHTER OF OTHERS YET HE DID NOT LAUGH HIMSELF,gt,na,5895,16000,5.705,test,na
5895-34615-0007_pitch_opus-32k,data/attacks/opus-32k/5895-34615-0007_pitch.wav,fake,attack,none,opus-32k,opus-32k,IT WAS GWYNPLAINE'S LAUGH WHICH CREATED THE LAUGHTER OF OTHERS YET HE DID NOT LAUGH HIMSELF,gt,na,5895,16000,5.705,test,na
5895-34615-0007_pitch_g711-8k,data/attacks/g711-8k/5895-34615-0007_pitch.wav,fake,attack,none,g711-8k,g711-8k,IT WAS GWYNPLAINE'S LAUGH WHICH CREATED THE LAUGHTER OF OTHERS YET HE DID NOT LAUGH HIMSELF,gt,na,5895,16000,5.705,test,na
5895-34615-0007_pitch_resample-8k,data/attacks/resample-8k/5895-34615-0007_pitch.wav,fake,attack,none,resample-8k,8k-roundtrip,IT WAS GWYNPLAINE'S LAUGH WHICH CREATED THE LAUGHTER OF OTHERS YET HE DID NOT LAUGH HIMSELF,gt,na,5895,16000,5.705,test,na
5895-34615-0007_pitch_awgn-snr5,data/attacks/awgn-snr5/5895-34615-0007_pitch.wav,fake,attack,none,awgn-snr5,snr5,IT WAS GWYNPLAINE'S LAUGH WHICH CREATED THE LAUGHTER OF OTHERS YET HE DID NOT LAUGH HIMSELF,gt,na,5895,16000,5.705,test,na
5895-34615-0007_pitch_awgn-snr10,data/attacks/awgn-snr10/5895-34615-0007_pitch.wav,fake,attack,none,awgn-snr10,snr10,IT WAS GWYNPLAINE'S LAUGH WHICH CREATED THE LAUGHTER OF OTHERS YET HE DID NOT LAUGH HIMSELF,gt,na,5895,16000,5.705,test,na
5895-34615-0007_pitch_awgn-snr20,data/attacks/awgn-snr20/5895-34615-0007_pitch.wav,fake,attack,none,awgn-snr20,snr20,IT WAS GWYNPLAINE'S LAUGH WHICH CREATED THE LAUGHTER OF OTHERS YET HE DID NOT LAUGH HIMSELF,gt,na,5895,16000,5.705,test,na
5895-34615-0007_pitch_bandpass-300-3400,data/attacks/bandpass-300-3400/5895-34615-0007_pitch.wav,fake,attack,none,bandpass-300-3400,bandpass300-3400,IT WAS GWYNPLAINE'S LAUGH WHICH CREATED THE LAUGHTER OF OTHERS YET HE DID NOT LAUGH HIMSELF,gt,na,5895,16000,5.705,test,na
5895-34615-0007_pitch_reverb-rt60-0.2,data/attacks/reverb-rt60-0.2/5895-34615-0007_pitch.wav,fake,attack,none,reverb-rt60-0.2,rt60-0.2,IT WAS GWYNPLAINE'S LAUGH WHICH CREATED THE LAUGHTER OF OTHERS YET HE DID NOT LAUGH HIMSELF,gt,na,5895,16000,5.705,test,na
5895-34615-0007_pitch_reverb-rt60-0.4,data/attacks/reverb-rt60-0.4/5895-34615-0007_pitch.wav,fake,attack,none,reverb-rt60-0.4,rt60-0.4,IT WAS GWYNPLAINE'S LAUGH WHICH CREATED THE LAUGHTER OF OTHERS YET HE DID NOT LAUGH HIMSELF,gt,na,5895,16000,5.705,test,na
5895-34615-0007_pitch_reverb-rt60-0.8,data/attacks/reverb-rt60-0.8/5895-34615-0007_pitch.wav,fake,attack,none,reverb-rt60-0.8,rt60-0.8,IT WAS GWYNPLAINE'S LAUGH WHICH CREATED THE LAUGHTER OF OTHERS YET HE DID NOT LAUGH HIMSELF,gt,na,5895,16000,5.705,test,na
5895-34615-0007_pitch_speed0.9,data/attacks/speed0.9/5895-34615-0007_pitch.wav,fake,attack,none,speed0.9,speed0.9,IT WAS GWYNPLAINE'S LAUGH WHICH CREATED THE LAUGHTER OF OTHERS YET HE DID NOT LAUGH HIMSELF,gt,na,5895,16000,6.339,test,na
5895-34615-0007_pitch_speed1.1,data/attacks/speed1.1/5895-34615-0007_pitch.wav,fake,attack,none,speed1.1,speed1.1,IT WAS GWYNPLAINE'S LAUGH WHICH CREATED THE LAUGHTER OF OTHERS YET HE DID NOT LAUGH HIMSELF,gt,na,5895,16000,5.186,test,na
5895-34615-0008_formant_mp3-128k,data/attacks/mp3-128k/5895-34615-0008_formant.wav,fake,attack,none,mp3-128k,mp3-128k,THE OUTSIDE DID NOT DEPEND ON THE INTERIOR,gt,na,5895,16000,3.055,test,na
5895-34615-0008_formant_mp3-64k,data/attacks/mp3-64k/5895-34615-0008_formant.wav,fake,attack,none,mp3-64k,mp3-64k,THE OUTSIDE DID NOT DEPEND ON THE INTERIOR,gt,na,5895,16000,3.055,test,na
5895-34615-0008_formant_opus-32k,data/attacks/opus-32k/5895-34615-0008_formant.wav,fake,attack,none,opus-32k,opus-32k,THE OUTSIDE DID NOT DEPEND ON THE INTERIOR,gt,na,5895,16000,3.055,test,na
5895-34615-0008_formant_g711-8k,data/attacks/g711-8k/5895-34615-0008_formant.wav,fake,attack,none,g711-8k,g711-8k,THE OUTSIDE DID NOT DEPEND ON THE INTERIOR,gt,na,5895,16000,3.055,test,na
5895-34615-0008_formant_resample-8k,data/attacks/resample-8k/5895-34615-0008_formant.wav,fake,attack,none,resample-8k,8k-roundtrip,THE OUTSIDE DID NOT DEPEND ON THE INTERIOR,gt,na,5895,16000,3.055,test,na
5895-34615-0008_formant_awgn-snr5,data/attacks/awgn-snr5/5895-34615-0008_formant.wav,fake,attack,none,awgn-snr5,snr5,THE OUTSIDE DID NOT DEPEND ON THE INTERIOR,gt,na,5895,16000,3.055,test,na
5895-34615-0008_formant_awgn-snr10,data/attacks/awgn-snr10/5895-34615-0008_formant.wav,fake,attack,none,awgn-snr10,snr10,THE OUTSIDE DID NOT DEPEND ON THE INTERIOR,gt,na,5895,16000,3.055,test,na
5895-34615-0008_formant_awgn-snr20,data/attacks/awgn-snr20/5895-34615-0008_formant.wav,fake,attack,none,awgn-snr20,snr20,THE OUTSIDE DID NOT DEPEND ON THE INTERIOR,gt,na,5895,16000,3.055,test,na
5895-34615-0008_formant_bandpass-300-3400,data/attacks/bandpass-300-3400/5895-34615-0008_formant.wav,fake,attack,none,bandpass-300-3400,bandpass300-3400,THE OUTSIDE DID NOT DEPEND ON THE INTERIOR,gt,na,5895,16000,3.055,test,na
5895-34615-0008_formant_reverb-rt60-0.2,data/attacks/reverb-rt60-0.2/5895-34615-0008_formant.wav,fake,attack,none,reverb-rt60-0.2,rt60-0.2,THE OUTSIDE DID NOT DEPEND ON THE INTERIOR,gt,na,5895,16000,3.055,test,na
5895-34615-0008_formant_reverb-rt60-0.4,data/attacks/reverb-rt60-0.4/5895-34615-0008_formant.wav,fake,attack,none,reverb-rt60-0.4,rt60-0.4,THE OUTSIDE DID NOT DEPEND ON THE INTERIOR,gt,na,5895,16000,3.055,test,na
5895-34615-0008_formant_reverb-rt60-0.8,data/attacks/reverb-rt60-0.8/5895-34615-0008_formant.wav,fake,attack,none,reverb-rt60-0.8,rt60-0.8,THE OUTSIDE DID NOT DEPEND ON THE INTERIOR,gt,na,5895,16000,3.055,test,na
5895-34615-0008_formant_speed0.9,data/attacks/speed0.9/5895-34615-0008_formant.wav,fake,attack,none,speed0.9,speed0.9,THE OUTSIDE DID NOT DEPEND ON THE INTERIOR,gt,na,5895,16000,3.394,test,na
5895-34615-0008_formant_speed1.1,data/attacks/speed1.1/5895-34615-0008_formant.wav,fake,attack,none,speed1.1,speed1.1,THE OUTSIDE DID NOT DEPEND ON THE INTERIOR,gt,na,5895,16000,2.777,test,na
6313-66125-0000_formant_mp3-128k,data/attacks/mp3-128k/6313-66125-0000_formant.wav,fake,attack,none,mp3-128k,mp3-128k,YOU'LL ALL BE OVER IF YOU DON'T HAVE A CARE,gt,na,6313,16000,2.355,test,na
6313-66125-0000_formant_mp3-64k,data/attacks/mp3-64k/6313-66125-0000_formant.wav,fake,attack,none,mp3-64k,mp3-64k,YOU'LL ALL BE OVER IF YOU DON'T HAVE A CARE,gt,na,6313,16000,2.355,test,na
6313-66125-0000_formant_opus-32k,data/attacks/opus-32k/6313-66125-0000_formant.wav,fake,attack,none,opus-32k,opus-32k,YOU'LL ALL BE OVER IF YOU DON'T HAVE A CARE,gt,na,6313,16000,2.355,test,na
6313-66125-0000_formant_g711-8k,data/attacks/g711-8k/6313-66125-0000_formant.wav,fake,attack,none,g711-8k,g711-8k,YOU'LL ALL BE OVER IF YOU DON'T HAVE A CARE,gt,na,6313,16000,2.355,test,na
6313-66125-0000_formant_resample-8k,data/attacks/resample-8k/6313-66125-0000_formant.wav,fake,attack,none,resample-8k,8k-roundtrip,YOU'LL ALL BE OVER IF YOU DON'T HAVE A CARE,gt,na,6313,16000,2.355,test,na
6313-66125-0000_formant_awgn-snr5,data/attacks/awgn-snr5/6313-66125-0000_formant.wav,fake,attack,none,awgn-snr5,snr5,YOU'LL ALL BE OVER IF YOU DON'T HAVE A CARE,gt,na,6313,16000,2.355,test,na
6313-66125-0000_formant_awgn-snr10,data/attacks/awgn-snr10/6313-66125-0000_formant.wav,fake,attack,none,awgn-snr10,snr10,YOU'LL ALL BE OVER IF YOU DON'T HAVE A CARE,gt,na,6313,16000,2.355,test,na
6313-66125-0000_formant_awgn-snr20,data/attacks/awgn-snr20/6313-66125-0000_formant.wav,fake,attack,none,awgn-snr20,snr20,YOU'LL ALL BE OVER IF YOU DON'T HAVE A CARE,gt,na,6313,16000,2.355,test,na
6313-66125-0000_formant_bandpass-300-3400,data/attacks/bandpass-300-3400/6313-66125-0000_formant.wav,fake,attack,none,bandpass-300-3400,bandpass300-3400,YOU'LL ALL BE OVER IF YOU DON'T HAVE A CARE,gt,na,6313,16000,2.355,test,na
6313-66125-0000_formant_reverb-rt60-0.2,data/attacks/reverb-rt60-0.2/6313-66125-0000_formant.wav,fake,attack,none,reverb-rt60-0.2,rt60-0.2,YOU'LL ALL BE OVER IF YOU DON'T HAVE A CARE,gt,na,6313,16000,2.355,test,na
6313-66125-0000_formant_reverb-rt60-0.4,data/attacks/reverb-rt60-0.4/6313-66125-0000_formant.wav,fake,attack,none,reverb-rt60-0.4,rt60-0.4,YOU'LL ALL BE OVER IF YOU DON'T HAVE A CARE,gt,na,6313,16000,2.355,test,na
6313-66125-0000_formant_reverb-rt60-0.8,data/attacks/reverb-rt60-0.8/6313-66125-0000_formant.wav,fake,attack,none,reverb-rt60-0.8,rt60-0.8,YOU'LL ALL BE OVER IF YOU DON'T HAVE A CARE,gt,na,6313,16000,2.355,test,na
6313-66125-0000_formant_speed0.9,data/attacks/speed0.9/6313-66125-0000_formant.wav,fake,attack,none,speed0.9,speed0.9,YOU'LL ALL BE OVER IF YOU DON'T HAVE A CARE,gt,na,6313,16000,2.617,test,na
6313-66125-0000_formant_speed1.1,data/attacks/speed1.1/6313-66125-0000_formant.wav,fake,attack,none,speed1.1,speed1.1,YOU'LL ALL BE OVER IF YOU DON'T HAVE A CARE,gt,na,6313,16000,2.141,test,na
6313-66125-0000_melvoc_mp3-128k,data/attacks/mp3-128k/6313-66125-0000_melvoc.wav,fake,attack,none,mp3-128k,mp3-128k,YOU'LL ALL BE OVER IF YOU DON'T HAVE A CARE,gt,na,6313,16000,2.352,test,na
6313-66125-0000_melvoc_mp3-64k,data/attacks/mp3-64k/6313-66125-0000_melvoc.wav,fake,attack,none,mp3-64k,mp3-64k,YOU'LL ALL BE OVER IF YOU DON'T HAVE A CARE,gt,na,6313,16000,2.352,test,na
6313-66125-0000_melvoc_opus-32k,data/attacks/opus-32k/6313-66125-0000_melvoc.wav,fake,attack,none,opus-32k,opus-32k,YOU'LL ALL BE OVER IF YOU DON'T HAVE A CARE,gt,na,6313,16000,2.352,test,na
6313-66125-0000_melvoc_g711-8k,data/attacks/g711-8k/6313-66125-0000_melvoc.wav,fake,attack,none,g711-8k,g711-8k,YOU'LL ALL BE OVER IF YOU DON'T HAVE A CARE,gt,na,6313,16000,2.352,test,na
6313-66125-0000_melvoc_resample-8k,data/attacks/resample-8k/6313-66125-0000_melvoc.wav,fake,attack,none,resample-8k,8k-roundtrip,YOU'LL ALL BE OVER IF YOU DON'T HAVE A CARE,gt,na,6313,16000,2.352,test,na
6313-66125-0000_melvoc_awgn-snr5,data/attacks/awgn-snr5/6313-66125-0000_melvoc.wav,fake,attack,none,awgn-snr5,snr5,YOU'LL ALL BE OVER IF YOU DON'T HAVE A CARE,gt,na,6313,16000,2.352,test,na
6313-66125-0000_melvoc_awgn-snr10,data/attacks/awgn-snr10/6313-66125-0000_melvoc.wav,fake,attack,none,awgn-snr10,snr10,YOU'LL ALL BE OVER IF YOU DON'T HAVE A CARE,gt,na,6313,16000,2.352,test,na
6313-66125-0000_melvoc_awgn-snr20,data/attacks/awgn-snr20/6313-66125-0000_melvoc.wav,fake,attack,none,awgn-snr20,snr20,YOU'LL ALL BE OVER IF YOU DON'T HAVE A CARE,gt,na,6313,16000,2.352,test,na
6313-66125-0000_melvoc_bandpass-300-3400,data/attacks/bandpass-300-3400/6313-66125-0000_melvoc.wav,fake,attack,none,bandpass-300-3400,bandpass300-3400,YOU'LL ALL BE OVER IF YOU DON'T HAVE A CARE,gt,na,6313,16000,2.352,test,na
6313-66125-0000_melvoc_reverb-rt60-0.2,data/attacks/reverb-rt60-0.2/6313-66125-0000_melvoc.wav,fake,attack,none,reverb-rt60-0.2,rt60-0.2,YOU'LL ALL BE OVER IF YOU DON'T HAVE A CARE,gt,na,6313,16000,2.352,test,na
6313-66125-0000_melvoc_reverb-rt60-0.4,data/attacks/reverb-rt60-0.4/6313-66125-0000_melvoc.wav,fake,attack,none,reverb-rt60-0.4,rt60-0.4,YOU'LL ALL BE OVER IF YOU DON'T HAVE A CARE,gt,na,6313,16000,2.352,test,na
6313-66125-0000_melvoc_reverb-rt60-0.8,data/attacks/reverb-rt60-0.8/6313-66125-0000_melvoc.wav,fake,attack,none,reverb-rt60-0.8,rt60-0.8,YOU'LL ALL BE OVER IF YOU DON'T HAVE A CARE,gt,na,6313,16000,2.352,test,na
6313-66125-0000_melvoc_speed0.9,data/attacks/speed0.9/6313-66125-0000_melvoc.wav,fake,attack,none,speed0.9,speed0.9,YOU'LL ALL BE OVER IF YOU DON'T HAVE A CARE,gt,na,6313,16000,2.613,test,na
6313-66125-0000_melvoc_speed1.1,data/attacks/speed1.1/6313-66125-0000_melvoc.wav,fake,attack,none,speed1.1,speed1.1,YOU'LL ALL BE OVER IF YOU DON'T HAVE A CARE,gt,na,6313,16000,2.138,test,na
6313-66125-0000_pitch_mp3-128k,data/attacks/mp3-128k/6313-66125-0000_pitch.wav,fake,attack,none,mp3-128k,mp3-128k,YOU'LL ALL BE OVER IF YOU DON'T HAVE A CARE,gt,na,6313,16000,2.355,test,na
6313-66125-0000_pitch_mp3-64k,data/attacks/mp3-64k/6313-66125-0000_pitch.wav,fake,attack,none,mp3-64k,mp3-64k,YOU'LL ALL BE OVER IF YOU DON'T HAVE A CARE,gt,na,6313,16000,2.355,test,na
6313-66125-0000_pitch_opus-32k,data/attacks/opus-32k/6313-66125-0000_pitch.wav,fake,attack,none,opus-32k,opus-32k,YOU'LL ALL BE OVER IF YOU DON'T HAVE A CARE,gt,na,6313,16000,2.355,test,na
6313-66125-0000_pitch_g711-8k,data/attacks/g711-8k/6313-66125-0000_pitch.wav,fake,attack,none,g711-8k,g711-8k,YOU'LL ALL BE OVER IF YOU DON'T HAVE A CARE,gt,na,6313,16000,2.355,test,na
6313-66125-0000_pitch_resample-8k,data/attacks/resample-8k/6313-66125-0000_pitch.wav,fake,attack,none,resample-8k,8k-roundtrip,YOU'LL ALL BE OVER IF YOU DON'T HAVE A CARE,gt,na,6313,16000,2.355,test,na
6313-66125-0000_pitch_awgn-snr5,data/attacks/awgn-snr5/6313-66125-0000_pitch.wav,fake,attack,none,awgn-snr5,snr5,YOU'LL ALL BE OVER IF YOU DON'T HAVE A CARE,gt,na,6313,16000,2.355,test,na
6313-66125-0000_pitch_awgn-snr10,data/attacks/awgn-snr10/6313-66125-0000_pitch.wav,fake,attack,none,awgn-snr10,snr10,YOU'LL ALL BE OVER IF YOU DON'T HAVE A CARE,gt,na,6313,16000,2.355,test,na
6313-66125-0000_pitch_awgn-snr20,data/attacks/awgn-snr20/6313-66125-0000_pitch.wav,fake,attack,none,awgn-snr20,snr20,YOU'LL ALL BE OVER IF YOU DON'T HAVE A CARE,gt,na,6313,16000,2.355,test,na
6313-66125-0000_pitch_bandpass-300-3400,data/attacks/bandpass-300-3400/6313-66125-0000_pitch.wav,fake,attack,none,bandpass-300-3400,bandpass300-3400,YOU'LL ALL BE OVER IF YOU DON'T HAVE A CARE,gt,na,6313,16000,2.355,test,na
6313-66125-0000_pitch_reverb-rt60-0.2,data/attacks/reverb-rt60-0.2/6313-66125-0000_pitch.wav,fake,attack,none,reverb-rt60-0.2,rt60-0.2,YOU'LL ALL BE OVER IF YOU DON'T HAVE A CARE,gt,na,6313,16000,2.355,test,na
6313-66125-0000_pitch_reverb-rt60-0.4,data/attacks/reverb-rt60-0.4/6313-66125-0000_pitch.wav,fake,attack,none,reverb-rt60-0.4,rt60-0.4,YOU'LL ALL BE OVER IF YOU DON'T HAVE A CARE,gt,na,6313,16000,2.355,test,na
6313-66125-0000_pitch_reverb-rt60-0.8,data/attacks/reverb-rt60-0.8/6313-66125-0000_pitch.wav,fake,attack,none,reverb-rt60-0.8,rt60-0.8,YOU'LL ALL BE OVER IF YOU DON'T HAVE A CARE,gt,na,6313,16000,2.355,test,na
6313-66125-0000_pitch_speed0.9,data/attacks/speed0.9/6313-66125-0000_pitch.wav,fake,attack,none,speed0.9,speed0.9,YOU'LL ALL BE OVER IF YOU DON'T HAVE A CARE,gt,na,6313,16000,2.617,test,na
6313-66125-0000_pitch_speed1.1,data/attacks/speed1.1/6313-66125-0000_pitch.wav,fake,attack,none,speed1.1,speed1.1,YOU'LL ALL BE OVER IF YOU DON'T HAVE A CARE,gt,na,6313,16000,2.141,test,na
6313-66125-0001_formant_mp3-128k,data/attacks/mp3-128k/6313-66125-0001_formant.wav,fake,attack,none,mp3-128k,mp3-128k,LOOKS LIKE A CLUMP OF BUSHES DOWN THERE BUT I AIN'T SURE CAN YOU MAKE IT OUT,gt,na,6313,16000,4.5,test,na
6313-66125-0001_formant_mp3-64k,data/attacks/mp3-64k/6313-66125-0001_formant.wav,fake,attack,none,mp3-64k,mp3-64k,LOOKS LIKE A CLUMP OF BUSHES DOWN THERE BUT I AIN'T SURE CAN YOU MAKE IT OUT,gt,na,6313,16000,4.5,test,na
6313-66125-0001_formant_opus-32k,data/attacks/opus-32k/6313-66125-0001_formant.wav,fake,attack,none,opus-32k,opus-32k,LOOKS LIKE A CLUMP OF BUSHES DOWN THERE BUT I AIN'T SURE CAN YOU MAKE IT OUT,gt,na,6313,16000,4.5,test,na
6313-66125-0001_formant_g711-8k,data/attacks/g711-8k/6313-66125-0001_formant.wav,fake,attack,none,g711-8k,g711-8k,LOOKS LIKE A CLUMP OF BUSHES DOWN THERE BUT I AIN'T SURE CAN YOU MAKE IT OUT,gt,na,6313,16000,4.5,test,na
6313-66125-0001_formant_resample-8k,data/attacks/resample-8k/6313-66125-0001_formant.wav,fake,attack,none,resample-8k,8k-roundtrip,LOOKS LIKE A CLUMP OF BUSHES DOWN THERE BUT I AIN'T SURE CAN YOU MAKE IT OUT,gt,na,6313,16000,4.5,test,na
6313-66125-0001_formant_awgn-snr5,data/attacks/awgn-snr5/6313-66125-0001_formant.wav,fake,attack,none,awgn-snr5,snr5,LOOKS LIKE A CLUMP OF BUSHES DOWN THERE BUT I AIN'T SURE CAN YOU MAKE IT OUT,gt,na,6313,16000,4.5,test,na
6313-66125-0001_formant_awgn-snr10,data/attacks/awgn-snr10/6313-66125-0001_formant.wav,fake,attack,none,awgn-snr10,snr10,LOOKS LIKE A CLUMP OF BUSHES DOWN THERE BUT I AIN'T SURE CAN YOU MAKE IT OUT,gt,na,6313,16000,4.5,test,na
6313-66125-0001_formant_awgn-snr20,data/attacks/awgn-snr20/6313-66125-0001_formant.wav,fake,attack,none,awgn-snr20,snr20,LOOKS LIKE A CLUMP OF BUSHES DOWN THERE BUT I AIN'T SURE CAN YOU MAKE IT OUT,gt,na,6313,16000,4.5,test,na
6313-66125-0001_formant_bandpass-300-3400,data/attacks/bandpass-300-3400/6313-66125-0001_formant.wav,fake,attack,none,bandpass-300-3400,bandpass300-3400,LOOKS LIKE A CLUMP OF BUSHES DOWN THERE BUT I AIN'T SURE CAN YOU MAKE IT OUT,gt,na,6313,16000,4.5,test,na
6313-66125-0001_formant_reverb-rt60-0.2,data/attacks/reverb-rt60-0.2/6313-66125-0001_formant.wav,fake,attack,none,reverb-rt60-0.2,rt60-0.2,LOOKS LIKE A CLUMP OF BUSHES DOWN THERE BUT I AIN'T SURE CAN YOU MAKE IT OUT,gt,na,6313,16000,4.5,test,na
6313-66125-0001_formant_reverb-rt60-0.4,data/attacks/reverb-rt60-0.4/6313-66125-0001_formant.wav,fake,attack,none,reverb-rt60-0.4,rt60-0.4,LOOKS LIKE A CLUMP OF BUSHES DOWN THERE BUT I AIN'T SURE CAN YOU MAKE IT OUT,gt,na,6313,16000,4.5,test,na
6313-66125-0001_formant_reverb-rt60-0.8,data/attacks/reverb-rt60-0.8/6313-66125-0001_formant.wav,fake,attack,none,reverb-rt60-0.8,rt60-0.8,LOOKS LIKE A CLUMP OF BUSHES DOWN THERE BUT I AIN'T SURE CAN YOU MAKE IT OUT,gt,na,6313,16000,4.5,test,na
6313-66125-0001_formant_speed0.9,data/attacks/speed0.9/6313-66125-0001_formant.wav,fake,attack,none,speed0.9,speed0.9,LOOKS LIKE A CLUMP OF BUSHES DOWN THERE BUT I AIN'T SURE CAN YOU MAKE IT OUT,gt,na,6313,16000,5.0,test,na
6313-66125-0001_formant_speed1.1,data/attacks/speed1.1/6313-66125-0001_formant.wav,fake,attack,none,speed1.1,speed1.1,LOOKS LIKE A CLUMP OF BUSHES DOWN THERE BUT I AIN'T SURE CAN YOU MAKE IT OUT,gt,na,6313,16000,4.091,test,na
6313-66125-0001_melvoc_mp3-128k,data/attacks/mp3-128k/6313-66125-0001_melvoc.wav,fake,attack,none,mp3-128k,mp3-128k,LOOKS LIKE A CLUMP OF BUSHES DOWN THERE BUT I AIN'T SURE CAN YOU MAKE IT OUT,gt,na,6313,16000,4.496,test,na
6313-66125-0001_melvoc_mp3-64k,data/attacks/mp3-64k/6313-66125-0001_melvoc.wav,fake,attack,none,mp3-64k,mp3-64k,LOOKS LIKE A CLUMP OF BUSHES DOWN THERE BUT I AIN'T SURE CAN YOU MAKE IT OUT,gt,na,6313,16000,4.496,test,na
6313-66125-0001_melvoc_opus-32k,data/attacks/opus-32k/6313-66125-0001_melvoc.wav,fake,attack,none,opus-32k,opus-32k,LOOKS LIKE A CLUMP OF BUSHES DOWN THERE BUT I AIN'T SURE CAN YOU MAKE IT OUT,gt,na,6313,16000,4.496,test,na
6313-66125-0001_melvoc_g711-8k,data/attacks/g711-8k/6313-66125-0001_melvoc.wav,fake,attack,none,g711-8k,g711-8k,LOOKS LIKE A CLUMP OF BUSHES DOWN THERE BUT I AIN'T SURE CAN YOU MAKE IT OUT,gt,na,6313,16000,4.496,test,na
6313-66125-0001_melvoc_resample-8k,data/attacks/resample-8k/6313-66125-0001_melvoc.wav,fake,attack,none,resample-8k,8k-roundtrip,LOOKS LIKE A CLUMP OF BUSHES DOWN THERE BUT I AIN'T SURE CAN YOU MAKE IT OUT,gt,na,6313,16000,4.496,test,na
6313-66125-0001_melvoc_awgn-snr5,data/attacks/awgn-snr5/6313-66125-0001_melvoc.wav,fake,attack,none,awgn-snr5,snr5,LOOKS LIKE A CLUMP OF BUSHES DOWN THERE BUT I AIN'T SURE CAN YOU MAKE IT OUT,gt,na,6313,16000,4.496,test,na
6313-66125-0001_melvoc_awgn-snr10,data/attacks/awgn-snr10/6313-66125-0001_melvoc.wav,fake,attack,none,awgn-snr10,snr10,LOOKS LIKE A CLUMP OF BUSHES DOWN THERE BUT I AIN'T SURE CAN YOU MAKE IT OUT,gt,na,6313,16000,4.496,test,na
6313-66125-0001_melvoc_awgn-snr20,data/attacks/awgn-snr20/6313-66125-0001_melvoc.wav,fake,attack,none,awgn-snr20,snr20,LOOKS LIKE A CLUMP OF BUSHES DOWN THERE BUT I AIN'T SURE CAN YOU MAKE IT OUT,gt,na,6313,16000,4.496,test,na
6313-66125-0001_melvoc_bandpass-300-3400,data/attacks/bandpass-300-3400/6313-66125-0001_melvoc.wav,fake,attack,none,bandpass-300-3400,bandpass300-3400,LOOKS LIKE A CLUMP OF BUSHES DOWN THERE BUT I AIN'T SURE CAN YOU MAKE IT OUT,gt,na,6313,16000,4.496,test,na
6313-66125-0001_melvoc_reverb-rt60-0.2,data/attacks/reverb-rt60-0.2/6313-66125-0001_melvoc.wav,fake,attack,none,reverb-rt60-0.2,rt60-0.2,LOOKS LIKE A CLUMP OF BUSHES DOWN THERE BUT I AIN'T SURE CAN YOU MAKE IT OUT,gt,na,6313,16000,4.496,test,na
6313-66125-0001_melvoc_reverb-rt60-0.4,data/attacks/reverb-rt60-0.4/6313-66125-0001_melvoc.wav,fake,attack,none,reverb-rt60-0.4,rt60-0.4,LOOKS LIKE A CLUMP OF BUSHES DOWN THERE BUT I AIN'T SURE CAN YOU MAKE IT OUT,gt,na,6313,16000,4.496,test,na
6313-66125-0001_melvoc_reverb-rt60-0.8,data/attacks/reverb-rt60-0.8/6313-66125-0001_melvoc.wav,fake,attack,none,reverb-rt60-0.8,rt60-0.8,LOOKS LIKE A CLUMP OF BUSHES DOWN THERE BUT I AIN'T SURE CAN YOU MAKE IT OUT,gt,na,6313,16000,4.496,test,na
6313-66125-0001_melvoc_speed0.9,data/attacks/speed0.9/6313-66125-0001_melvoc.wav,fake,attack,none,speed0.9,speed0.9,LOOKS LIKE A CLUMP OF BUSHES DOWN THERE BUT I AIN'T SURE CAN YOU MAKE IT OUT,gt,na,6313,16000,4.996,test,na
6313-66125-0001_melvoc_speed1.1,data/attacks/speed1.1/6313-66125-0001_melvoc.wav,fake,attack,none,speed1.1,speed1.1,LOOKS LIKE A CLUMP OF BUSHES DOWN THERE BUT I AIN'T SURE CAN YOU MAKE IT OUT,gt,na,6313,16000,4.087,test,na
6313-66125-0001_pitch_mp3-128k,data/attacks/mp3-128k/6313-66125-0001_pitch.wav,fake,attack,none,mp3-128k,mp3-128k,LOOKS LIKE A CLUMP OF BUSHES DOWN THERE BUT I AIN'T SURE CAN YOU MAKE IT OUT,gt,na,6313,16000,4.5,test,na
6313-66125-0001_pitch_mp3-64k,data/attacks/mp3-64k/6313-66125-0001_pitch.wav,fake,attack,none,mp3-64k,mp3-64k,LOOKS LIKE A CLUMP OF BUSHES DOWN THERE BUT I AIN'T SURE CAN YOU MAKE IT OUT,gt,na,6313,16000,4.5,test,na
6313-66125-0001_pitch_opus-32k,data/attacks/opus-32k/6313-66125-0001_pitch.wav,fake,attack,none,opus-32k,opus-32k,LOOKS LIKE A CLUMP OF BUSHES DOWN THERE BUT I AIN'T SURE CAN YOU MAKE IT OUT,gt,na,6313,16000,4.5,test,na
6313-66125-0001_pitch_g711-8k,data/attacks/g711-8k/6313-66125-0001_pitch.wav,fake,attack,none,g711-8k,g711-8k,LOOKS LIKE A CLUMP OF BUSHES DOWN THERE BUT I AIN'T SURE CAN YOU MAKE IT OUT,gt,na,6313,16000,4.5,test,na
6313-66125-0001_pitch_resample-8k,data/attacks/resample-8k/6313-66125-0001_pitch.wav,fake,attack,none,resample-8k,8k-roundtrip,LOOKS LIKE A CLUMP OF BUSHES DOWN THERE BUT I AIN'T SURE CAN YOU MAKE IT OUT,gt,na,6313,16000,4.5,test,na
6313-66125-0001_pitch_awgn-snr5,data/attacks/awgn-snr5/6313-66125-0001_pitch.wav,fake,attack,none,awgn-snr5,snr5,LOOKS LIKE A CLUMP OF BUSHES DOWN THERE BUT I AIN'T SURE CAN YOU MAKE IT OUT,gt,na,6313,16000,4.5,test,na
6313-66125-0001_pitch_awgn-snr10,data/attacks/awgn-snr10/6313-66125-0001_pitch.wav,fake,attack,none,awgn-snr10,snr10,LOOKS LIKE A CLUMP OF BUSHES DOWN THERE BUT I AIN'T SURE CAN YOU MAKE IT OUT,gt,na,6313,16000,4.5,test,na
6313-66125-0001_pitch_awgn-snr20,data/attacks/awgn-snr20/6313-66125-0001_pitch.wav,fake,attack,none,awgn-snr20,snr20,LOOKS LIKE A CLUMP OF BUSHES DOWN THERE BUT I AIN'T SURE CAN YOU MAKE IT OUT,gt,na,6313,16000,4.5,test,na
6313-66125-0001_pitch_bandpass-300-3400,data/attacks/bandpass-300-3400/6313-66125-0001_pitch.wav,fake,attack,none,bandpass-300-3400,bandpass300-3400,LOOKS LIKE A CLUMP OF BUSHES DOWN THERE BUT I AIN'T SURE CAN YOU MAKE IT OUT,gt,na,6313,16000,4.5,test,na
6313-66125-0001_pitch_reverb-rt60-0.2,data/attacks/reverb-rt60-0.2/6313-66125-0001_pitch.wav,fake,attack,none,reverb-rt60-0.2,rt60-0.2,LOOKS LIKE A CLUMP OF BUSHES DOWN THERE BUT I AIN'T SURE CAN YOU MAKE IT OUT,gt,na,6313,16000,4.5,test,na
6313-66125-0001_pitch_reverb-rt60-0.4,data/attacks/reverb-rt60-0.4/6313-66125-0001_pitch.wav,fake,attack,none,reverb-rt60-0.4,rt60-0.4,LOOKS LIKE A CLUMP OF BUSHES DOWN THERE BUT I AIN'T SURE CAN YOU MAKE IT OUT,gt,na,6313,16000,4.5,test,na
6313-66125-0001_pitch_reverb-rt60-0.8,data/attacks/reverb-rt60-0.8/6313-66125-0001_pitch.wav,fake,attack,none,reverb-rt60-0.8,rt60-0.8,LOOKS LIKE A CLUMP OF BUSHES DOWN THERE BUT I AIN'T SURE CAN YOU MAKE IT OUT,gt,na,6313,16000,4.5,test,na
6313-66125-0001_pitch_speed0.9,data/attacks/speed0.9/6313-66125-0001_pitch.wav,fake,attack,none,speed0.9,speed0.9,LOOKS LIKE A CLUMP OF BUSHES DOWN THERE BUT I AIN'T SURE CAN YOU MAKE IT OUT,gt,na,6313,16000,5.0,test,na
6313-66125-0001_pitch_speed1.1,data/attacks/speed1.1/6313-66125-0001_pitch.wav,fake,attack,none,speed1.1,speed1.1,LOOKS LIKE A CLUMP OF BUSHES DOWN THERE BUT I AIN'T SURE CAN YOU MAKE IT OUT,gt,na,6313,16000,4.091,test,na
6313-66125-0002_formant_mp3-128k,data/attacks/mp3-128k/6313-66125-0002_formant.wav,fake,attack,none,mp3-128k,mp3-128k,YES AGREED TAD THAT DOES LOOK LIKE BUSHES,gt,na,6313,16000,3.075,test,na
6313-66125-0002_formant_mp3-64k,data/attacks/mp3-64k/6313-66125-0002_formant.wav,fake,attack,none,mp3-64k,mp3-64k,YES AGREED TAD THAT DOES LOOK LIKE BUSHES,gt,na,6313,16000,3.075,test,na
6313-66125-0002_formant_opus-32k,data/attacks/opus-32k/6313-66125-0002_formant.wav,fake,attack,none,opus-32k,opus-32k,YES AGREED TAD THAT DOES LOOK LIKE BUSHES,gt,na,6313,16000,3.075,test,na
6313-66125-0002_formant_g711-8k,data/attacks/g711-8k/6313-66125-0002_formant.wav,fake,attack,none,g711-8k,g711-8k,YES AGREED TAD THAT DOES LOOK LIKE BUSHES,gt,na,6313,16000,3.075,test,na
6313-66125-0002_formant_resample-8k,data/attacks/resample-8k/6313-66125-0002_formant.wav,fake,attack,none,resample-8k,8k-roundtrip,YES AGREED TAD THAT DOES LOOK LIKE BUSHES,gt,na,6313,16000,3.075,test,na
6313-66125-0002_formant_awgn-snr5,data/attacks/awgn-snr5/6313-66125-0002_formant.wav,fake,attack,none,awgn-snr5,snr5,YES AGREED TAD THAT DOES LOOK LIKE BUSHES,gt,na,6313,16000,3.075,test,na
6313-66125-0002_formant_awgn-snr10,data/attacks/awgn-snr10/6313-66125-0002_formant.wav,fake,attack,none,awgn-snr10,snr10,YES AGREED TAD THAT DOES LOOK LIKE BUSHES,gt,na,6313,16000,3.075,test,na
6313-66125-0002_formant_awgn-snr20,data/attacks/awgn-snr20/6313-66125-0002_formant.wav,fake,attack,none,awgn-snr20,snr20,YES AGREED TAD THAT DOES LOOK LIKE BUSHES,gt,na,6313,16000,3.075,test,na
6313-66125-0002_formant_bandpass-300-3400,data/attacks/bandpass-300-3400/6313-66125-0002_formant.wav,fake,attack,none,bandpass-300-3400,bandpass300-3400,YES AGREED TAD THAT DOES LOOK LIKE BUSHES,gt,na,6313,16000,3.075,test,na
6313-66125-0002_formant_reverb-rt60-0.2,data/attacks/reverb-rt60-0.2/6313-66125-0002_formant.wav,fake,attack,none,reverb-rt60-0.2,rt60-0.2,YES AGREED TAD THAT DOES LOOK LIKE BUSHES,gt,na,6313,16000,3.075,test,na
6313-66125-0002_formant_reverb-rt60-0.4,data/attacks/reverb-rt60-0.4/6313-66125-0002_formant.wav,fake,attack,none,reverb-rt60-0.4,rt60-0.4,YES AGREED TAD THAT DOES LOOK LIKE BUSHES,gt,na,6313,16000,3.075,test,na
6313-66125-0002_formant_reverb-rt60-0.8,data/attacks/reverb-rt60-0.8/6313-66125-0002_formant.wav,fake,attack,none,reverb-rt60-0.8,rt60-0.8,YES AGREED TAD THAT DOES LOOK LIKE BUSHES,gt,na,6313,16000,3.075,test,na
6313-66125-0002_formant_speed0.9,data/attacks/speed0.9/6313-66125-0002_formant.wav,fake,attack,none,speed0.9,speed0.9,YES AGREED TAD THAT DOES LOOK LIKE BUSHES,gt,na,6313,16000,3.417,test,na
6313-66125-0002_formant_speed1.1,data/attacks/speed1.1/6313-66125-0002_formant.wav,fake,attack,none,speed1.1,speed1.1,YES AGREED TAD THAT DOES LOOK LIKE BUSHES,gt,na,6313,16000,2.795,test,na
6313-66125-0002_melvoc_mp3-128k,data/attacks/mp3-128k/6313-66125-0002_melvoc.wav,fake,attack,none,mp3-128k,mp3-128k,YES AGREED TAD THAT DOES LOOK LIKE BUSHES,gt,na,6313,16000,3.072,test,na
6313-66125-0002_melvoc_mp3-64k,data/attacks/mp3-64k/6313-66125-0002_melvoc.wav,fake,attack,none,mp3-64k,mp3-64k,YES AGREED TAD THAT DOES LOOK LIKE BUSHES,gt,na,6313,16000,3.072,test,na
6313-66125-0002_melvoc_opus-32k,data/attacks/opus-32k/6313-66125-0002_melvoc.wav,fake,attack,none,opus-32k,opus-32k,YES AGREED TAD THAT DOES LOOK LIKE BUSHES,gt,na,6313,16000,3.072,test,na
6313-66125-0002_melvoc_g711-8k,data/attacks/g711-8k/6313-66125-0002_melvoc.wav,fake,attack,none,g711-8k,g711-8k,YES AGREED TAD THAT DOES LOOK LIKE BUSHES,gt,na,6313,16000,3.072,test,na
6313-66125-0002_melvoc_resample-8k,data/attacks/resample-8k/6313-66125-0002_melvoc.wav,fake,attack,none,resample-8k,8k-roundtrip,YES AGREED TAD THAT DOES LOOK LIKE BUSHES,gt,na,6313,16000,3.072,test,na
6313-66125-0002_melvoc_awgn-snr5,data/attacks/awgn-snr5/6313-66125-0002_melvoc.wav,fake,attack,none,awgn-snr5,snr5,YES AGREED TAD THAT DOES LOOK LIKE BUSHES,gt,na,6313,16000,3.072,test,na
6313-66125-0002_melvoc_awgn-snr10,data/attacks/awgn-snr10/6313-66125-0002_melvoc.wav,fake,attack,none,awgn-snr10,snr10,YES AGREED TAD THAT DOES LOOK LIKE BUSHES,gt,na,6313,16000,3.072,test,na
6313-66125-0002_melvoc_awgn-snr20,data/attacks/awgn-snr20/6313-66125-0002_melvoc.wav,fake,attack,none,awgn-snr20,snr20,YES AGREED TAD THAT DOES LOOK LIKE BUSHES,gt,na,6313,16000,3.072,test,na
6313-66125-0002_melvoc_bandpass-300-3400,data/attacks/bandpass-300-3400/6313-66125-0002_melvoc.wav,fake,attack,none,bandpass-300-3400,bandpass300-3400,YES AGREED TAD THAT DOES LOOK LIKE BUSHES,gt,na,6313,16000,3.072,test,na
6313-66125-0002_melvoc_reverb-rt60-0.2,data/attacks/reverb-rt60-0.2/6313-66125-0002_melvoc.wav,fake,attack,none,reverb-rt60-0.2,rt60-0.2,YES AGREED TAD THAT DOES LOOK LIKE BUSHES,gt,na,6313,16000,3.072,test,na
6313-66125-0002_melvoc_reverb-rt60-0.4,data/attacks/reverb-rt60-0.4/6313-66125-0002_melvoc.wav,fake,attack,none,reverb-rt60-0.4,rt60-0.4,YES AGREED TAD THAT DOES LOOK LIKE BUSHES,gt,na,6313,16000,3.072,test,na
6313-66125-0002_melvoc_reverb-rt60-0.8,data/attacks/reverb-rt60-0.8/6313-66125-0002_melvoc.wav,fake,attack,none,reverb-rt60-0.8,rt60-0.8,YES AGREED TAD THAT DOES LOOK LIKE BUSHES,gt,na,6313,16000,3.072,test,na
6313-66125-0002_melvoc_speed0.9,data/attacks/speed0.9/6313-66125-0002_melvoc.wav,fake,attack,none,speed0.9,speed0.9,YES AGREED TAD THAT DOES LOOK LIKE BUSHES,gt,na,6313,16000,3.413,test,na
6313-66125-0002_melvoc_speed1.1,data/attacks/speed1.1/6313-66125-0002_melvoc.wav,fake,attack,none,speed1.1,speed1.1,YES AGREED TAD THAT DOES LOOK LIKE BUSHES,gt,na,6313,16000,2.793,test,na
6313-66125-0002_pitch_mp3-128k,data/attacks/mp3-128k/6313-66125-0002_pitch.wav,fake,attack,none,mp3-128k,mp3-128k,YES AGREED TAD THAT DOES LOOK LIKE BUSHES,gt,na,6313,16000,3.075,test,na
6313-66125-0002_pitch_mp3-64k,data/attacks/mp3-64k/6313-66125-0002_pitch.wav,fake,attack,none,mp3-64k,mp3-64k,YES AGREED TAD THAT DOES LOOK LIKE BUSHES,gt,na,6313,16000,3.075,test,na
6313-66125-0002_pitch_opus-32k,data/attacks/opus-32k/6313-66125-0002_pitch.wav,fake,attack,none,opus-32k,opus-32k,YES AGREED TAD THAT DOES LOOK LIKE BUSHES,gt,na,6313,16000,3.075,test,na
6313-66125-0002_pitch_g711-8k,data/attacks/g711-8k/6313-66125-0002_pitch.wav,fake,attack,none,g711-8k,g711-8k,YES AGREED TAD THAT DOES LOOK LIKE BUSHES,gt,na,6313,16000,3.075,test,na
6313-66125-0002_pitch_resample-8k,data/attacks/resample-8k/6313-66125-0002_pitch.wav,fake,attack,none,resample-8k,8k-roundtrip,YES AGREED TAD THAT DOES LOOK LIKE BUSHES,gt,na,6313,16000,3.075,test,na
6313-66125-0002_pitch_awgn-snr5,data/attacks/awgn-snr5/6313-66125-0002_pitch.wav,fake,attack,none,awgn-snr5,snr5,YES AGREED TAD THAT DOES LOOK LIKE BUSHES,gt,na,6313,16000,3.075,test,na
6313-66125-0002_pitch_awgn-snr10,data/attacks/awgn-snr10/6313-66125-0002_pitch.wav,fake,attack,none,awgn-snr10,snr10,YES AGREED TAD THAT DOES LOOK LIKE BUSHES,gt,na,6313,16000,3.075,test,na
6313-66125-0002_pitch_awgn-snr20,data/attacks/awgn-snr20/6313-66125-0002_pitch.wav,fake,attack,none,awgn-snr20,snr20,YES AGREED TAD THAT DOES LOOK LIKE BUSHES,gt,na,6313,16000,3.075,test,na
6313-66125-0002_pitch_bandpass-300-3400,data/attacks/bandpass-300-3400/6313-66125-0002_pitch.wav,fake,attack,none,bandpass-300-3400,bandpass300-3400,YES AGREED TAD THAT DOES LOOK LIKE BUSHES,gt,na,6313,16000,3.075,test,na
6313-66125-0002_pitch_reverb-rt60-0.2,data/attacks/reverb-rt60-0.2/6313-66125-0002_pitch.wav,fake,attack,none,reverb-rt60-0.2,rt60-0.2,YES AGREED TAD THAT DOES LOOK LIKE BUSHES,gt,na,6313,16000,3.075,test,na
6313-66125-0002_pitch_reverb-rt60-0.4,data/attacks/reverb-rt60-0.4/6313-66125-0002_pitch.wav,fake,attack,none,reverb-rt60-0.4,rt60-0.4,YES AGREED TAD THAT DOES LOOK LIKE BUSHES,gt,na,6313,16000,3.075,test,na
6313-66125-0002_pitch_reverb-rt60-0.8,data/attacks/reverb-rt60-0.8/6313-66125-0002_pitch.wav,fake,attack,none,reverb-rt60-0.8,rt60-0.8,YES AGREED TAD THAT DOES LOOK LIKE BUSHES,gt,na,6313,16000,3.075,test,na
6313-66125-0002_pitch_speed0.9,data/attacks/speed0.9/6313-66125-0002_pitch.wav,fake,attack,none,speed0.9,speed0.9,YES AGREED TAD THAT DOES LOOK LIKE BUSHES,gt,na,6313,16000,3.417,test,na
6313-66125-0002_pitch_speed1.1,data/attacks/speed1.1/6313-66125-0002_pitch.wav,fake,attack,none,speed1.1,speed1.1,YES AGREED TAD THAT DOES LOOK LIKE BUSHES,gt,na,6313,16000,2.795,test,na
6313-66125-0003_formant_mp3-128k,data/attacks/mp3-128k/6313-66125-0003_formant.wav,fake,attack,none,mp3-128k,mp3-128k,DON'T MOVE AROUND LIE PERFECTLY STILL WARNED THE GUIDE ARE YOU HURT,gt,na,6313,16000,4.58,test,na
6313-66125-0003_formant_mp3-64k,data/attacks/mp3-64k/6313-66125-0003_formant.wav,fake,attack,none,mp3-64k,mp3-64k,DON'T MOVE AROUND LIE PERFECTLY STILL WARNED THE GUIDE ARE YOU HURT,gt,na,6313,16000,4.58,test,na
6313-66125-0003_formant_opus-32k,data/attacks/opus-32k/6313-66125-0003_formant.wav,fake,attack,none,opus-32k,opus-32k,DON'T MOVE AROUND LIE PERFECTLY STILL WARNED THE GUIDE ARE YOU HURT,gt,na,6313,16000,4.58,test,na
6313-66125-0003_formant_g711-8k,data/attacks/g711-8k/6313-66125-0003_formant.wav,fake,attack,none,g711-8k,g711-8k,DON'T MOVE AROUND LIE PERFECTLY STILL WARNED THE GUIDE ARE YOU HURT,gt,na,6313,16000,4.58,test,na
6313-66125-0003_formant_resample-8k,data/attacks/resample-8k/6313-66125-0003_formant.wav,fake,attack,none,resample-8k,8k-roundtrip,DON'T MOVE AROUND LIE PERFECTLY STILL WARNED THE GUIDE ARE YOU HURT,gt,na,6313,16000,4.58,test,na
6313-66125-0003_formant_awgn-snr5,data/attacks/awgn-snr5/6313-66125-0003_formant.wav,fake,attack,none,awgn-snr5,snr5,DON'T MOVE AROUND LIE PERFECTLY STILL WARNED THE GUIDE ARE YOU HURT,gt,na,6313,16000,4.58,test,na
6313-66125-0003_formant_awgn-snr10,data/attacks/awgn-snr10/6313-66125-0003_formant.wav,fake,attack,none,awgn-snr10,snr10,DON'T MOVE AROUND LIE PERFECTLY STILL WARNED THE GUIDE ARE YOU HURT,gt,na,6313,16000,4.58,test,na
6313-66125-0003_formant_awgn-snr20,data/attacks/awgn-snr20/6313-66125-0003_formant.wav,fake,attack,none,awgn-snr20,snr20,DON'T MOVE AROUND LIE PERFECTLY STILL WARNED THE GUIDE ARE YOU HURT,gt,na,6313,16000,4.58,test,na
6313-66125-0003_formant_bandpass-300-3400,data/attacks/bandpass-300-3400/6313-66125-0003_formant.wav,fake,attack,none,bandpass-300-3400,bandpass300-3400,DON'T MOVE AROUND LIE PERFECTLY STILL WARNED THE GUIDE ARE YOU HURT,gt,na,6313,16000,4.58,test,na
6313-66125-0003_formant_reverb-rt60-0.2,data/attacks/reverb-rt60-0.2/6313-66125-0003_formant.wav,fake,attack,none,reverb-rt60-0.2,rt60-0.2,DON'T MOVE AROUND LIE PERFECTLY STILL WARNED THE GUIDE ARE YOU HURT,gt,na,6313,16000,4.58,test,na
6313-66125-0003_formant_reverb-rt60-0.4,data/attacks/reverb-rt60-0.4/6313-66125-0003_formant.wav,fake,attack,none,reverb-rt60-0.4,rt60-0.4,DON'T MOVE AROUND LIE PERFECTLY STILL WARNED THE GUIDE ARE YOU HURT,gt,na,6313,16000,4.58,test,na
6313-66125-0003_formant_reverb-rt60-0.8,data/attacks/reverb-rt60-0.8/6313-66125-0003_formant.wav,fake,attack,none,reverb-rt60-0.8,rt60-0.8,DON'T MOVE AROUND LIE PERFECTLY STILL WARNED THE GUIDE ARE YOU HURT,gt,na,6313,16000,4.58,test,na
6313-66125-0003_formant_speed0.9,data/attacks/speed0.9/6313-66125-0003_formant.wav,fake,attack,none,speed0.9,speed0.9,DON'T MOVE AROUND LIE PERFECTLY STILL WARNED THE GUIDE ARE YOU HURT,gt,na,6313,16000,5.089,test,na
6313-66125-0003_formant_speed1.1,data/attacks/speed1.1/6313-66125-0003_formant.wav,fake,attack,none,speed1.1,speed1.1,DON'T MOVE AROUND LIE PERFECTLY STILL WARNED THE GUIDE ARE YOU HURT,gt,na,6313,16000,4.164,test,na
6313-66125-0003_melvoc_mp3-128k,data/attacks/mp3-128k/6313-66125-0003_melvoc.wav,fake,attack,none,mp3-128k,mp3-128k,DON'T MOVE AROUND LIE PERFECTLY STILL WARNED THE GUIDE ARE YOU HURT,gt,na,6313,16000,4.576,test,na
6313-66125-0003_melvoc_mp3-64k,data/attacks/mp3-64k/6313-66125-0003_melvoc.wav,fake,attack,none,mp3-64k,mp3-64k,DON'T MOVE AROUND LIE PERFECTLY STILL WARNED THE GUIDE ARE YOU HURT,gt,na,6313,16000,4.576,test,na
6313-66125-0003_melvoc_opus-32k,data/attacks/opus-32k/6313-66125-0003_melvoc.wav,fake,attack,none,opus-32k,opus-32k,DON'T MOVE AROUND LIE PERFECTLY STILL WARNED THE GUIDE ARE YOU HURT,gt,na,6313,16000,4.576,test,na
6313-66125-0003_melvoc_g711-8k,data/attacks/g711-8k/6313-66125-0003_melvoc.wav,fake,attack,none,g711-8k,g711-8k,DON'T MOVE AROUND LIE PERFECTLY STILL WARNED THE GUIDE ARE YOU HURT,gt,na,6313,16000,4.576,test,na
6313-66125-0003_melvoc_resample-8k,data/attacks/resample-8k/6313-66125-0003_melvoc.wav,fake,attack,none,resample-8k,8k-roundtrip,DON'T MOVE AROUND LIE PERFECTLY STILL WARNED THE GUIDE ARE YOU HURT,gt,na,6313,16000,4.576,test,na
6313-66125-0003_melvoc_awgn-snr5,data/attacks/awgn-snr5/6313-66125-0003_melvoc.wav,fake,attack,none,awgn-snr5,snr5,DON'T MOVE AROUND LIE PERFECTLY STILL WARNED THE GUIDE ARE YOU HURT,gt,na,6313,16000,4.576,test,na
6313-66125-0003_melvoc_awgn-snr10,data/attacks/awgn-snr10/6313-66125-0003_melvoc.wav,fake,attack,none,awgn-snr10,snr10,DON'T MOVE AROUND LIE PERFECTLY STILL WARNED THE GUIDE ARE YOU HURT,gt,na,6313,16000,4.576,test,na
6313-66125-0003_melvoc_awgn-snr20,data/attacks/awgn-snr20/6313-66125-0003_melvoc.wav,fake,attack,none,awgn-snr20,snr20,DON'T MOVE AROUND LIE PERFECTLY STILL WARNED THE GUIDE ARE YOU HURT,gt,na,6313,16000,4.576,test,na
6313-66125-0003_melvoc_bandpass-300-3400,data/attacks/bandpass-300-3400/6313-66125-0003_melvoc.wav,fake,attack,none,bandpass-300-3400,bandpass300-3400,DON'T MOVE AROUND LIE PERFECTLY STILL WARNED THE GUIDE ARE YOU HURT,gt,na,6313,16000,4.576,test,na
6313-66125-0003_melvoc_reverb-rt60-0.2,data/attacks/reverb-rt60-0.2/6313-66125-0003_melvoc.wav,fake,attack,none,reverb-rt60-0.2,rt60-0.2,DON'T MOVE AROUND LIE PERFECTLY STILL WARNED THE GUIDE ARE YOU HURT,gt,na,6313,16000,4.576,test,na
6313-66125-0003_melvoc_reverb-rt60-0.4,data/attacks/reverb-rt60-0.4/6313-66125-0003_melvoc.wav,fake,attack,none,reverb-rt60-0.4,rt60-0.4,DON'T MOVE AROUND LIE PERFECTLY STILL WARNED THE GUIDE ARE YOU HURT,gt,na,6313,16000,4.576,test,na
6313-66125-0003_melvoc_reverb-rt60-0.8,data/attacks/reverb-rt60-0.8/6313-66125-0003_melvoc.wav,fake,attack,none,reverb-rt60-0.8,rt60-0.8,DON'T MOVE AROUND LIE PERFECTLY STILL WARNED THE GUIDE ARE YOU HURT,gt,na,6313,16000,4.576,test,na
6313-66125-0003_melvoc_speed0.9,data/attacks/speed0.9/6313-66125-0003_melvoc.wav,fake,attack,none,speed0.9,speed0.9,DON'T MOVE AROUND LIE PERFECTLY STILL WARNED THE GUIDE ARE YOU HURT,gt,na,6313,16000,5.084,test,na
6313-66125-0003_melvoc_speed1.1,data/attacks/speed1.1/6313-66125-0003_melvoc.wav,fake,attack,none,speed1.1,speed1.1,DON'T MOVE AROUND LIE PERFECTLY STILL WARNED THE GUIDE ARE YOU HURT,gt,na,6313,16000,4.16,test,na
6313-66125-0003_pitch_mp3-128k,data/attacks/mp3-128k/6313-66125-0003_pitch.wav,fake,attack,none,mp3-128k,mp3-128k,DON'T MOVE AROUND LIE PERFECTLY STILL WARNED THE GUIDE ARE YOU HURT,gt,na,6313,16000,4.58,test,na
6313-66125-0003_pitch_mp3-64k,data/attacks/mp3-64k/6313-66125-0003_pitch.wav,fake,attack,none,mp3-64k,mp3-64k,DON'T MOVE AROUND LIE PERFECTLY STILL WARNED THE GUIDE ARE YOU HURT,gt,na,6313,16000,4.58,test,na
6313-66125-0003_pitch_opus-32k,data/attacks/opus-32k/6313-66125-0003_pitch.wav,fake,attack,none,opus-32k,opus-32k,DON'T MOVE AROUND LIE PERFECTLY STILL WARNED THE GUIDE ARE YOU HURT,gt,na,6313,16000,4.58,test,na
6313-66125-0003_pitch_g711-8k,data/attacks/g711-8k/6313-66125-0003_pitch.wav,fake,attack,none,g711-8k,g711-8k,DON'T MOVE AROUND LIE PERFECTLY STILL WARNED THE GUIDE ARE YOU HURT,gt,na,6313,16000,4.58,test,na
6313-66125-0003_pitch_resample-8k,data/attacks/resample-8k/6313-66125-0003_pitch.wav,fake,attack,none,resample-8k,8k-roundtrip,DON'T MOVE AROUND LIE PERFECTLY STILL WARNED THE GUIDE ARE YOU HURT,gt,na,6313,16000,4.58,test,na
6313-66125-0003_pitch_awgn-snr5,data/attacks/awgn-snr5/6313-66125-0003_pitch.wav,fake,attack,none,awgn-snr5,snr5,DON'T MOVE AROUND LIE PERFECTLY STILL WARNED THE GUIDE ARE YOU HURT,gt,na,6313,16000,4.58,test,na
6313-66125-0003_pitch_awgn-snr10,data/attacks/awgn-snr10/6313-66125-0003_pitch.wav,fake,attack,none,awgn-snr10,snr10,DON'T MOVE AROUND LIE PERFECTLY STILL WARNED THE GUIDE ARE YOU HURT,gt,na,6313,16000,4.58,test,na
6313-66125-0003_pitch_awgn-snr20,data/attacks/awgn-snr20/6313-66125-0003_pitch.wav,fake,attack,none,awgn-snr20,snr20,DON'T MOVE AROUND LIE PERFECTLY STILL WARNED THE GUIDE ARE YOU HURT,gt,na,6313,16000,4.58,test,na
6313-66125-0003_pitch_bandpass-300-3400,data/attacks/bandpass-300-3400/6313-66125-0003_pitch.wav,fake,attack,none,bandpass-300-3400,bandpass300-3400,DON'T MOVE AROUND LIE PERFECTLY STILL WARNED THE GUIDE ARE YOU HURT,gt,na,6313,16000,4.58,test,na
6313-66125-0003_pitch_reverb-rt60-0.2,data/attacks/reverb-rt60-0.2/6313-66125-0003_pitch.wav,fake,attack,none,reverb-rt60-0.2,rt60-0.2,DON'T MOVE AROUND LIE PERFECTLY STILL WARNED THE GUIDE ARE YOU HURT,gt,na,6313,16000,4.58,test,na
6313-66125-0003_pitch_reverb-rt60-0.4,data/attacks/reverb-rt60-0.4/6313-66125-0003_pitch.wav,fake,attack,none,reverb-rt60-0.4,rt60-0.4,DON'T MOVE AROUND LIE PERFECTLY STILL WARNED THE GUIDE ARE YOU HURT,gt,na,6313,16000,4.58,test,na
6313-66125-0003_pitch_reverb-rt60-0.8,data/attacks/reverb-rt60-0.8/6313-66125-0003_pitch.wav,fake,attack,none,reverb-rt60-0.8,rt60-0.8,DON'T MOVE AROUND LIE PERFECTLY STILL WARNED THE GUIDE ARE YOU HURT,gt,na,6313,16000,4.58,test,na
6313-66125-0003_pitch_speed0.9,data/attacks/speed0.9/6313-66125-0003_pitch.wav,fake,attack,none,speed0.9,speed0.9,DON'T MOVE AROUND LIE PERFECTLY STILL WARNED THE GUIDE ARE YOU HURT,gt,na,6313,16000,5.089,test,na
6313-66125-0003_pitch_speed1.1,data/attacks/speed1.1/6313-66125-0003_pitch.wav,fake,attack,none,speed1.1,speed1.1,DON'T MOVE AROUND LIE PERFECTLY STILL WARNED THE GUIDE ARE YOU HURT,gt,na,6313,16000,4.164,test,na
6313-66125-0004_formant_mp3-128k,data/attacks/mp3-128k/6313-66125-0004_formant.wav,fake,attack,none,mp3-128k,mp3-128k,AND THAT TUMBLE'S ENOUGH TO KNOCK THE SENSE OUT OF A FULL GROWN MAN,gt,na,6313,16000,3.26,test,na
6313-66125-0004_formant_mp3-64k,data/attacks/mp3-64k/6313-66125-0004_formant.wav,fake,attack,none,mp3-64k,mp3-64k,AND THAT TUMBLE'S ENOUGH TO KNOCK THE SENSE OUT OF A FULL GROWN MAN,gt,na,6313,16000,3.26,test,na
6313-66125-0004_formant_opus-32k,data/attacks/opus-32k/6313-66125-0004_formant.wav,fake,attack,none,opus-32k,opus-32k,AND THAT TUMBLE'S ENOUGH TO KNOCK THE SENSE OUT OF A FULL GROWN MAN,gt,na,6313,16000,3.26,test,na
6313-66125-0004_formant_g711-8k,data/attacks/g711-8k/6313-66125-0004_formant.wav,fake,attack,none,g711-8k,g711-8k,AND THAT TUMBLE'S ENOUGH TO KNOCK THE SENSE OUT OF A FULL GROWN MAN,gt,na,6313,16000,3.26,test,na
6313-66125-0004_formant_resample-8k,data/attacks/resample-8k/6313-66125-0004_formant.wav,fake,attack,none,resample-8k,8k-roundtrip,AND THAT TUMBLE'S ENOUGH TO KNOCK THE SENSE OUT OF A FULL GROWN MAN,gt,na,6313,16000,3.26,test,na
6313-66125-0004_formant_awgn-snr5,data/attacks/awgn-snr5/6313-66125-0004_formant.wav,fake,attack,none,awgn-snr5,snr5,AND THAT TUMBLE'S ENOUGH TO KNOCK THE SENSE OUT OF A FULL GROWN MAN,gt,na,6313,16000,3.26,test,na
6313-66125-0004_formant_awgn-snr10,data/attacks/awgn-snr10/6313-66125-0004_formant.wav,fake,attack,none,awgn-snr10,snr10,AND THAT TUMBLE'S ENOUGH TO KNOCK THE SENSE OUT OF A FULL GROWN MAN,gt,na,6313,16000,3.26,test,na
6313-66125-0004_formant_awgn-snr20,data/attacks/awgn-snr20/6313-66125-0004_formant.wav,fake,attack,none,awgn-snr20,snr20,AND THAT TUMBLE'S ENOUGH TO KNOCK THE SENSE OUT OF A FULL GROWN MAN,gt,na,6313,16000,3.26,test,na
6313-66125-0004_formant_bandpass-300-3400,data/attacks/bandpass-300-3400/6313-66125-0004_formant.wav,fake,attack,none,bandpass-300-3400,bandpass300-3400,AND THAT TUMBLE'S ENOUGH TO KNOCK THE SENSE OUT OF A FULL GROWN MAN,gt,na,6313,16000,3.26,test,na
6313-66125-0004_formant_reverb-rt60-0.2,data/attacks/reverb-rt60-0.2/6313-66125-0004_formant.wav,fake,attack,none,reverb-rt60-0.2,rt60-0.2,AND THAT TUMBLE'S ENOUGH TO KNOCK THE SENSE OUT OF A FULL GROWN MAN,gt,na,6313,16000,3.26,test,na
6313-66125-0004_formant_reverb-rt60-0.4,data/attacks/reverb-rt60-0.4/6313-66125-0004_formant.wav,fake,attack,none,reverb-rt60-0.4,rt60-0.4,AND THAT TUMBLE'S ENOUGH TO KNOCK THE SENSE OUT OF A FULL GROWN MAN,gt,na,6313,16000,3.26,test,na
6313-66125-0004_formant_reverb-rt60-0.8,data/attacks/reverb-rt60-0.8/6313-66125-0004_formant.wav,fake,attack,none,reverb-rt60-0.8,rt60-0.8,AND THAT TUMBLE'S ENOUGH TO KNOCK THE SENSE OUT OF A FULL GROWN MAN,gt,na,6313,16000,3.26,test,na
6313-66125-0004_formant_speed0.9,data/attacks/speed0.9/6313-66125-0004_formant.wav,fake,attack,none,speed0.9,speed0.9,AND THAT TUMBLE'S ENOUGH TO KNOCK THE SENSE OUT OF A FULL GROWN MAN,gt,na,6313,16000,3.622,test,na
6313-66125-0004_formant_speed1.1,data/attacks/speed1.1/6313-66125-0004_formant.wav,fake,attack,none,speed1.1,speed1.1,AND THAT TUMBLE'S ENOUGH TO KNOCK THE SENSE OUT OF A FULL GROWN MAN,gt,na,6313,16000,2.964,test,na
6313-66125-0004_melvoc_mp3-128k,data/attacks/mp3-128k/6313-66125-0004_melvoc.wav,fake,attack,none,mp3-128k,mp3-128k,AND THAT TUMBLE'S ENOUGH TO KNOCK THE SENSE OUT OF A FULL GROWN MAN,gt,na,6313,16000,3.256,test,na
6313-66125-0004_melvoc_mp3-64k,data/attacks/mp3-64k/6313-66125-0004_melvoc.wav,fake,attack,none,mp3-64k,mp3-64k,AND THAT TUMBLE'S ENOUGH TO KNOCK THE SENSE OUT OF A FULL GROWN MAN,gt,na,6313,16000,3.256,test,na
6313-66125-0004_melvoc_opus-32k,data/attacks/opus-32k/6313-66125-0004_melvoc.wav,fake,attack,none,opus-32k,opus-32k,AND THAT TUMBLE'S ENOUGH TO KNOCK THE SENSE OUT OF A FULL GROWN MAN,gt,na,6313,16000,3.256,test,na
6313-66125-0004_melvoc_g711-8k,data/attacks/g711-8k/6313-66125-0004_melvoc.wav,fake,attack,none,g711-8k,g711-8k,AND THAT TUMBLE'S ENOUGH TO KNOCK THE SENSE OUT OF A FULL GROWN MAN,gt,na,6313,16000,3.256,test,na
6313-66125-0004_melvoc_resample-8k,data/attacks/resample-8k/6313-66125-0004_melvoc.wav,fake,attack,none,resample-8k,8k-roundtrip,AND THAT TUMBLE'S ENOUGH TO KNOCK THE SENSE OUT OF A FULL GROWN MAN,gt,na,6313,16000,3.256,test,na
6313-66125-0004_melvoc_awgn-snr5,data/attacks/awgn-snr5/6313-66125-0004_melvoc.wav,fake,attack,none,awgn-snr5,snr5,AND THAT TUMBLE'S ENOUGH TO KNOCK THE SENSE OUT OF A FULL GROWN MAN,gt,na,6313,16000,3.256,test,na
6313-66125-0004_melvoc_awgn-snr10,data/attacks/awgn-snr10/6313-66125-0004_melvoc.wav,fake,attack,none,awgn-snr10,snr10,AND THAT TUMBLE'S ENOUGH TO KNOCK THE SENSE OUT OF A FULL GROWN MAN,gt,na,6313,16000,3.256,test,na
6313-66125-0004_melvoc_awgn-snr20,data/attacks/awgn-snr20/6313-66125-0004_melvoc.wav,fake,attack,none,awgn-snr20,snr20,AND THAT TUMBLE'S ENOUGH TO KNOCK THE SENSE OUT OF A FULL GROWN MAN,gt,na,6313,16000,3.256,test,na
6313-66125-0004_melvoc_bandpass-300-3400,data/attacks/bandpass-300-3400/6313-66125-0004_melvoc.wav,fake,attack,none,bandpass-300-3400,bandpass300-3400,AND THAT TUMBLE'S ENOUGH TO KNOCK THE SENSE OUT OF A FULL GROWN MAN,gt,na,6313,16000,3.256,test,na
6313-66125-0004_melvoc_reverb-rt60-0.2,data/attacks/reverb-rt60-0.2/6313-66125-0004_melvoc.wav,fake,attack,none,reverb-rt60-0.2,rt60-0.2,AND THAT TUMBLE'S ENOUGH TO KNOCK THE SENSE OUT OF A FULL GROWN MAN,gt,na,6313,16000,3.256,test,na
6313-66125-0004_melvoc_reverb-rt60-0.4,data/attacks/reverb-rt60-0.4/6313-66125-0004_melvoc.wav,fake,attack,none,reverb-rt60-0.4,rt60-0.4,AND THAT TUMBLE'S ENOUGH TO KNOCK THE SENSE OUT OF A FULL GROWN MAN,gt,na,6313,16000,3.256,test,na
6313-66125-0004_melvoc_reverb-rt60-0.8,data/attacks/reverb-rt60-0.8/6313-66125-0004_melvoc.wav,fake,attack,none,reverb-rt60-0.8,rt60-0.8,AND THAT TUMBLE'S ENOUGH TO KNOCK THE SENSE OUT OF A FULL GROWN MAN,gt,na,6313,16000,3.256,test,na
6313-66125-0004_melvoc_speed0.9,data/attacks/speed0.9/6313-66125-0004_melvoc.wav,fake,attack,none,speed0.9,speed0.9,AND THAT TUMBLE'S ENOUGH TO KNOCK THE SENSE OUT OF A FULL GROWN MAN,gt,na,6313,16000,3.618,test,na
6313-66125-0004_melvoc_speed1.1,data/attacks/speed1.1/6313-66125-0004_melvoc.wav,fake,attack,none,speed1.1,speed1.1,AND THAT TUMBLE'S ENOUGH TO KNOCK THE SENSE OUT OF A FULL GROWN MAN,gt,na,6313,16000,2.96,test,na
6313-66125-0004_pitch_mp3-128k,data/attacks/mp3-128k/6313-66125-0004_pitch.wav,fake,attack,none,mp3-128k,mp3-128k,AND THAT TUMBLE'S ENOUGH TO KNOCK THE SENSE OUT OF A FULL GROWN MAN,gt,na,6313,16000,3.26,test,na
6313-66125-0004_pitch_mp3-64k,data/attacks/mp3-64k/6313-66125-0004_pitch.wav,fake,attack,none,mp3-64k,mp3-64k,AND THAT TUMBLE'S ENOUGH TO KNOCK THE SENSE OUT OF A FULL GROWN MAN,gt,na,6313,16000,3.26,test,na
6313-66125-0004_pitch_opus-32k,data/attacks/opus-32k/6313-66125-0004_pitch.wav,fake,attack,none,opus-32k,opus-32k,AND THAT TUMBLE'S ENOUGH TO KNOCK THE SENSE OUT OF A FULL GROWN MAN,gt,na,6313,16000,3.26,test,na
6313-66125-0004_pitch_g711-8k,data/attacks/g711-8k/6313-66125-0004_pitch.wav,fake,attack,none,g711-8k,g711-8k,AND THAT TUMBLE'S ENOUGH TO KNOCK THE SENSE OUT OF A FULL GROWN MAN,gt,na,6313,16000,3.26,test,na
6313-66125-0004_pitch_resample-8k,data/attacks/resample-8k/6313-66125-0004_pitch.wav,fake,attack,none,resample-8k,8k-roundtrip,AND THAT TUMBLE'S ENOUGH TO KNOCK THE SENSE OUT OF A FULL GROWN MAN,gt,na,6313,16000,3.26,test,na
6313-66125-0004_pitch_awgn-snr5,data/attacks/awgn-snr5/6313-66125-0004_pitch.wav,fake,attack,none,awgn-snr5,snr5,AND THAT TUMBLE'S ENOUGH TO KNOCK THE SENSE OUT OF A FULL GROWN MAN,gt,na,6313,16000,3.26,test,na
6313-66125-0004_pitch_awgn-snr10,data/attacks/awgn-snr10/6313-66125-0004_pitch.wav,fake,attack,none,awgn-snr10,snr10,AND THAT TUMBLE'S ENOUGH TO KNOCK THE SENSE OUT OF A FULL GROWN MAN,gt,na,6313,16000,3.26,test,na
6313-66125-0004_pitch_awgn-snr20,data/attacks/awgn-snr20/6313-66125-0004_pitch.wav,fake,attack,none,awgn-snr20,snr20,AND THAT TUMBLE'S ENOUGH TO KNOCK THE SENSE OUT OF A FULL GROWN MAN,gt,na,6313,16000,3.26,test,na
6313-66125-0004_pitch_bandpass-300-3400,data/attacks/bandpass-300-3400/6313-66125-0004_pitch.wav,fake,attack,none,bandpass-300-3400,bandpass300-3400,AND THAT TUMBLE'S ENOUGH TO KNOCK THE SENSE OUT OF A FULL GROWN MAN,gt,na,6313,16000,3.26,test,na
6313-66125-0004_pitch_reverb-rt60-0.2,data/attacks/reverb-rt60-0.2/6313-66125-0004_pitch.wav,fake,attack,none,reverb-rt60-0.2,rt60-0.2,AND THAT TUMBLE'S ENOUGH TO KNOCK THE SENSE OUT OF A FULL GROWN MAN,gt,na,6313,16000,3.26,test,na
6313-66125-0004_pitch_reverb-rt60-0.4,data/attacks/reverb-rt60-0.4/6313-66125-0004_pitch.wav,fake,attack,none,reverb-rt60-0.4,rt60-0.4,AND THAT TUMBLE'S ENOUGH TO KNOCK THE SENSE OUT OF A FULL GROWN MAN,gt,na,6313,16000,3.26,test,na
6313-66125-0004_pitch_reverb-rt60-0.8,data/attacks/reverb-rt60-0.8/6313-66125-0004_pitch.wav,fake,attack,none,reverb-rt60-0.8,rt60-0.8,AND THAT TUMBLE'S ENOUGH TO KNOCK THE SENSE OUT OF A FULL GROWN MAN,gt,na,6313,16000,3.26,test,na
6313-66125-0004_pitch_speed0.9,data/attacks/speed0.9/6313-66125-0004_pitch.wav,fake,attack,none,speed0.9,speed0.9,AND THAT TUMBLE'S ENOUGH TO KNOCK THE SENSE OUT OF A FULL GROWN MAN,gt,na,6313,16000,3.622,test,na
6313-66125-0004_pitch_speed1.1,data/attacks/speed1.1/6313-66125-0004_pitch.wav,fake,attack,none,speed1.1,speed1.1,AND THAT TUMBLE'S ENOUGH TO KNOCK THE SENSE OUT OF A FULL GROWN MAN,gt,na,6313,16000,2.964,test,na
6313-66125-0005_formant_mp3-128k,data/attacks/mp3-128k/6313-66125-0005_formant.wav,fake,attack,none,mp3-128k,mp3-128k,I COULD NOT THINK OF ALLOWING ANY OF MY CHARGES TO TAKE SO TERRIBLE A RISK AND,gt,na,6313,16000,4.64,test,na
6313-66125-0005_formant_mp3-64k,data/attacks/mp3-64k/6313-66125-0005_formant.wav,fake,attack,none,mp3-64k,mp3-64k,I COULD NOT THINK OF ALLOWING ANY OF MY CHARGES TO TAKE SO TERRIBLE A RISK AND,gt,na,6313,16000,4.64,test,na
6313-66125-0005_formant_opus-32k,data/attacks/opus-32k/6313-66125-0005_formant.wav,fake,attack,none,opus-32k,opus-32k,I COULD NOT THINK OF ALLOWING ANY OF MY CHARGES TO TAKE SO TERRIBLE A RISK AND,gt,na,6313,16000,4.64,test,na
6313-66125-0005_formant_g711-8k,data/attacks/g711-8k/6313-66125-0005_formant.wav,fake,attack,none,g711-8k,g711-8k,I COULD NOT THINK OF ALLOWING ANY OF MY CHARGES TO TAKE SO TERRIBLE A RISK AND,gt,na,6313,16000,4.64,test,na
6313-66125-0005_formant_resample-8k,data/attacks/resample-8k/6313-66125-0005_formant.wav,fake,attack,none,resample-8k,8k-roundtrip,I COULD NOT THINK OF ALLOWING ANY OF MY CHARGES TO TAKE SO TERRIBLE A RISK AND,gt,na,6313,16000,4.64,test,na
6313-66125-0005_formant_awgn-snr5,data/attacks/awgn-snr5/6313-66125-0005_formant.wav,fake,attack,none,awgn-snr5,snr5,I COULD NOT THINK OF ALLOWING ANY OF MY CHARGES TO TAKE SO TERRIBLE A RISK AND,gt,na,6313,16000,4.64,test,na
6313-66125-0005_formant_awgn-snr10,data/attacks/awgn-snr10/6313-66125-0005_formant.wav,fake,attack,none,awgn-snr10,snr10,I COULD NOT THINK OF ALLOWING ANY OF MY CHARGES TO TAKE SO TERRIBLE A RISK AND,gt,na,6313,16000,4.64,test,na
6313-66125-0005_formant_awgn-snr20,data/attacks/awgn-snr20/6313-66125-0005_formant.wav,fake,attack,none,awgn-snr20,snr20,I COULD NOT THINK OF ALLOWING ANY OF MY CHARGES TO TAKE SO TERRIBLE A RISK AND,gt,na,6313,16000,4.64,test,na
6313-66125-0005_formant_bandpass-300-3400,data/attacks/bandpass-300-3400/6313-66125-0005_formant.wav,fake,attack,none,bandpass-300-3400,bandpass300-3400,I COULD NOT THINK OF ALLOWING ANY OF MY CHARGES TO TAKE SO TERRIBLE A RISK AND,gt,na,6313,16000,4.64,test,na
6313-66125-0005_formant_reverb-rt60-0.2,data/attacks/reverb-rt60-0.2/6313-66125-0005_formant.wav,fake,attack,none,reverb-rt60-0.2,rt60-0.2,I COULD NOT THINK OF ALLOWING ANY OF MY CHARGES TO TAKE SO TERRIBLE A RISK AND,gt,na,6313,16000,4.64,test,na
6313-66125-0005_formant_reverb-rt60-0.4,data/attacks/reverb-rt60-0.4/6313-66125-0005_formant.wav,fake,attack,none,reverb-rt60-0.4,rt60-0.4,I COULD NOT THINK OF ALLOWING ANY OF MY CHARGES TO TAKE SO TERRIBLE A RISK AND,gt,na,6313,16000,4.64,test,na
6313-66125-0005_formant_reverb-rt60-0.8,data/attacks/reverb-rt60-0.8/6313-66125-0005_formant.wav,fake,attack,none,reverb-rt60-0.8,rt60-0.8,I COULD NOT THINK OF ALLOWING ANY OF MY CHARGES TO TAKE SO TERRIBLE A RISK AND,gt,na,6313,16000,4.64,test,na
6313-66125-0005_formant_speed0.9,data/attacks/speed0.9/6313-66125-0005_formant.wav,fake,attack,none,speed0.9,speed0.9,I COULD NOT THINK OF ALLOWING ANY OF MY CHARGES TO TAKE SO TERRIBLE A RISK AND,gt,na,6313,16000,5.156,test,na
6313-66125-0005_formant_speed1.1,data/attacks/speed1.1/6313-66125-0005_formant.wav,fake,attack,none,speed1.1,speed1.1,I COULD NOT THINK OF ALLOWING ANY OF MY CHARGES TO TAKE SO TERRIBLE A RISK AND,gt,na,6313,16000,4.218,test,na
6313-66125-0005_melvoc_mp3-128k,data/attacks/mp3-128k/6313-66125-0005_melvoc.wav,fake,attack,none,mp3-128k,mp3-128k,I COULD NOT THINK OF ALLOWING ANY OF MY CHARGES TO TAKE SO TERRIBLE A RISK AND,gt,na,6313,16000,4.64,test,na
6313-66125-0005_melvoc_mp3-64k,data/attacks/mp3-64k/6313-66125-0005_melvoc.wav,fake,attack,none,mp3-64k,mp3-64k,I COULD NOT THINK OF ALLOWING ANY OF MY CHARGES TO TAKE SO TERRIBLE A RISK AND,gt,na,6313,16000,4.64,test,na
6313-66125-0005_melvoc_opus-32k,data/attacks/opus-32k/6313-66125-0005_melvoc.wav,fake,attack,none,opus-32k,opus-32k,I COULD NOT THINK OF ALLOWING ANY OF MY CHARGES TO TAKE SO TERRIBLE A RISK AND,gt,na,6313,16000,4.64,test,na
6313-66125-0005_melvoc_g711-8k,data/attacks/g711-8k/6313-66125-0005_melvoc.wav,fake,attack,none,g711-8k,g711-8k,I COULD NOT THINK OF ALLOWING ANY OF MY CHARGES TO TAKE SO TERRIBLE A RISK AND,gt,na,6313,16000,4.64,test,na
6313-66125-0005_melvoc_resample-8k,data/attacks/resample-8k/6313-66125-0005_melvoc.wav,fake,attack,none,resample-8k,8k-roundtrip,I COULD NOT THINK OF ALLOWING ANY OF MY CHARGES TO TAKE SO TERRIBLE A RISK AND,gt,na,6313,16000,4.64,test,na
6313-66125-0005_melvoc_awgn-snr5,data/attacks/awgn-snr5/6313-66125-0005_melvoc.wav,fake,attack,none,awgn-snr5,snr5,I COULD NOT THINK OF ALLOWING ANY OF MY CHARGES TO TAKE SO TERRIBLE A RISK AND,gt,na,6313,16000,4.64,test,na
6313-66125-0005_melvoc_awgn-snr10,data/attacks/awgn-snr10/6313-66125-0005_melvoc.wav,fake,attack,none,awgn-snr10,snr10,I COULD NOT THINK OF ALLOWING ANY OF MY CHARGES TO TAKE SO TERRIBLE A RISK AND,gt,na,6313,16000,4.64,test,na
6313-66125-0005_melvoc_awgn-snr20,data/attacks/awgn-snr20/6313-66125-0005_melvoc.wav,fake,attack,none,awgn-snr20,snr20,I COULD NOT THINK OF ALLOWING ANY OF MY CHARGES TO TAKE SO TERRIBLE A RISK AND,gt,na,6313,16000,4.64,test,na
6313-66125-0005_melvoc_bandpass-300-3400,data/attacks/bandpass-300-3400/6313-66125-0005_melvoc.wav,fake,attack,none,bandpass-300-3400,bandpass300-3400,I COULD NOT THINK OF ALLOWING ANY OF MY CHARGES TO TAKE SO TERRIBLE A RISK AND,gt,na,6313,16000,4.64,test,na
6313-66125-0005_melvoc_reverb-rt60-0.2,data/attacks/reverb-rt60-0.2/6313-66125-0005_melvoc.wav,fake,attack,none,reverb-rt60-0.2,rt60-0.2,I COULD NOT THINK OF ALLOWING ANY OF MY CHARGES TO TAKE SO TERRIBLE A RISK AND,gt,na,6313,16000,4.64,test,na
6313-66125-0005_melvoc_reverb-rt60-0.4,data/attacks/reverb-rt60-0.4/6313-66125-0005_melvoc.wav,fake,attack,none,reverb-rt60-0.4,rt60-0.4,I COULD NOT THINK OF ALLOWING ANY OF MY CHARGES TO TAKE SO TERRIBLE A RISK AND,gt,na,6313,16000,4.64,test,na
6313-66125-0005_melvoc_reverb-rt60-0.8,data/attacks/reverb-rt60-0.8/6313-66125-0005_melvoc.wav,fake,attack,none,reverb-rt60-0.8,rt60-0.8,I COULD NOT THINK OF ALLOWING ANY OF MY CHARGES TO TAKE SO TERRIBLE A RISK AND,gt,na,6313,16000,4.64,test,na
6313-66125-0005_melvoc_speed0.9,data/attacks/speed0.9/6313-66125-0005_melvoc.wav,fake,attack,none,speed0.9,speed0.9,I COULD NOT THINK OF ALLOWING ANY OF MY CHARGES TO TAKE SO TERRIBLE A RISK AND,gt,na,6313,16000,5.156,test,na
6313-66125-0005_melvoc_speed1.1,data/attacks/speed1.1/6313-66125-0005_melvoc.wav,fake,attack,none,speed1.1,speed1.1,I COULD NOT THINK OF ALLOWING ANY OF MY CHARGES TO TAKE SO TERRIBLE A RISK AND,gt,na,6313,16000,4.218,test,na
6313-66125-0005_pitch_mp3-128k,data/attacks/mp3-128k/6313-66125-0005_pitch.wav,fake,attack,none,mp3-128k,mp3-128k,I COULD NOT THINK OF ALLOWING ANY OF MY CHARGES TO TAKE SO TERRIBLE A RISK AND,gt,na,6313,16000,4.64,test,na
6313-66125-0005_pitch_mp3-64k,data/attacks/mp3-64k/6313-66125-0005_pitch.wav,fake,attack,none,mp3-64k,mp3-64k,I COULD NOT THINK OF ALLOWING ANY OF MY CHARGES TO TAKE SO TERRIBLE A RISK AND,gt,na,6313,16000,4.64,test,na
6313-66125-0005_pitch_opus-32k,data/attacks/opus-32k/6313-66125-0005_pitch.wav,fake,attack,none,opus-32k,opus-32k,I COULD NOT THINK OF ALLOWING ANY OF MY CHARGES TO TAKE SO TERRIBLE A RISK AND,gt,na,6313,16000,4.64,test,na
6313-66125-0005_pitch_g711-8k,data/attacks/g711-8k/6313-66125-0005_pitch.wav,fake,attack,none,g711-8k,g711-8k,I COULD NOT THINK OF ALLOWING ANY OF MY CHARGES TO TAKE SO TERRIBLE A RISK AND,gt,na,6313,16000,4.64,test,na
6313-66125-0005_pitch_resample-8k,data/attacks/resample-8k/6313-66125-0005_pitch.wav,fake,attack,none,resample-8k,8k-roundtrip,I COULD NOT THINK OF ALLOWING ANY OF MY CHARGES TO TAKE SO TERRIBLE A RISK AND,gt,na,6313,16000,4.64,test,na
6313-66125-0005_pitch_awgn-snr5,data/attacks/awgn-snr5/6313-66125-0005_pitch.wav,fake,attack,none,awgn-snr5,snr5,I COULD NOT THINK OF ALLOWING ANY OF MY CHARGES TO TAKE SO TERRIBLE A RISK AND,gt,na,6313,16000,4.64,test,na
6313-66125-0005_pitch_awgn-snr10,data/attacks/awgn-snr10/6313-66125-0005_pitch.wav,fake,attack,none,awgn-snr10,snr10,I COULD NOT THINK OF ALLOWING ANY OF MY CHARGES TO TAKE SO TERRIBLE A RISK AND,gt,na,6313,16000,4.64,test,na
6313-66125-0005_pitch_awgn-snr20,data/attacks/awgn-snr20/6313-66125-0005_pitch.wav,fake,attack,none,awgn-snr20,snr20,I COULD NOT THINK OF ALLOWING ANY OF MY CHARGES TO TAKE SO TERRIBLE A RISK AND,gt,na,6313,16000,4.64,test,na
6313-66125-0005_pitch_bandpass-300-3400,data/attacks/bandpass-300-3400/6313-66125-0005_pitch.wav,fake,attack,none,bandpass-300-3400,bandpass300-3400,I COULD NOT THINK OF ALLOWING ANY OF MY CHARGES TO TAKE SO TERRIBLE A RISK AND,gt,na,6313,16000,4.64,test,na
6313-66125-0005_pitch_reverb-rt60-0.2,data/attacks/reverb-rt60-0.2/6313-66125-0005_pitch.wav,fake,attack,none,reverb-rt60-0.2,rt60-0.2,I COULD NOT THINK OF ALLOWING ANY OF MY CHARGES TO TAKE SO TERRIBLE A RISK AND,gt,na,6313,16000,4.64,test,na
6313-66125-0005_pitch_reverb-rt60-0.4,data/attacks/reverb-rt60-0.4/6313-66125-0005_pitch.wav,fake,attack,none,reverb-rt60-0.4,rt60-0.4,I COULD NOT THINK OF ALLOWING ANY OF MY CHARGES TO TAKE SO TERRIBLE A RISK AND,gt,na,6313,16000,4.64,test,na
6313-66125-0005_pitch_reverb-rt60-0.8,data/attacks/reverb-rt60-0.8/6313-66125-0005_pitch.wav,fake,attack,none,reverb-rt60-0.8,rt60-0.8,I COULD NOT THINK OF ALLOWING ANY OF MY CHARGES TO TAKE SO TERRIBLE A RISK AND,gt,na,6313,16000,4.64,test,na
6313-66125-0005_pitch_speed0.9,data/attacks/speed0.9/6313-66125-0005_pitch.wav,fake,attack,none,speed0.9,speed0.9,I COULD NOT THINK OF ALLOWING ANY OF MY CHARGES TO TAKE SO TERRIBLE A RISK AND,gt,na,6313,16000,5.156,test,na
6313-66125-0005_pitch_speed1.1,data/attacks/speed1.1/6313-66125-0005_pitch.wav,fake,attack,none,speed1.1,speed1.1,I COULD NOT THINK OF ALLOWING ANY OF MY CHARGES TO TAKE SO TERRIBLE A RISK AND,gt,na,6313,16000,4.218,test,na
6313-66125-0006_formant_mp3-128k,data/attacks/mp3-128k/6313-66125-0006_formant.wav,fake,attack,none,mp3-128k,mp3-128k,NO I AM THE LIGHTER OF THE TWO URGED TAD,gt,na,6313,16000,3.005,test,na
6313-66125-0006_formant_mp3-64k,data/attacks/mp3-64k/6313-66125-0006_formant.wav,fake,attack,none,mp3-64k,mp3-64k,NO I AM THE LIGHTER OF THE TWO URGED TAD,gt,na,6313,16000,3.005,test,na
6313-66125-0006_formant_opus-32k,data/attacks/opus-32k/6313-66125-0006_formant.wav,fake,attack,none,opus-32k,opus-32k,NO I AM THE LIGHTER OF THE TWO URGED TAD,gt,na,6313,16000,3.005,test,na
6313-66125-0006_formant_g711-8k,data/attacks/g711-8k/6313-66125-0006_formant.wav,fake,attack,none,g711-8k,g711-8k,NO I AM THE LIGHTER OF THE TWO URGED TAD,gt,na,6313,16000,3.005,test,na
6313-66125-0006_formant_resample-8k,data/attacks/resample-8k/6313-66125-0006_formant.wav,fake,attack,none,resample-8k,8k-roundtrip,NO I AM THE LIGHTER OF THE TWO URGED TAD,gt,na,6313,16000,3.005,test,na
6313-66125-0006_formant_awgn-snr5,data/attacks/awgn-snr5/6313-66125-0006_formant.wav,fake,attack,none,awgn-snr5,snr5,NO I AM THE LIGHTER OF THE TWO URGED TAD,gt,na,6313,16000,3.005,test,na
6313-66125-0006_formant_awgn-snr10,data/attacks/awgn-snr10/6313-66125-0006_formant.wav,fake,attack,none,awgn-snr10,snr10,NO I AM THE LIGHTER OF THE TWO URGED TAD,gt,na,6313,16000,3.005,test,na
6313-66125-0006_formant_awgn-snr20,data/attacks/awgn-snr20/6313-66125-0006_formant.wav,fake,attack,none,awgn-snr20,snr20,NO I AM THE LIGHTER OF THE TWO URGED TAD,gt,na,6313,16000,3.005,test,na
6313-66125-0006_formant_bandpass-300-3400,data/attacks/bandpass-300-3400/6313-66125-0006_formant.wav,fake,attack,none,bandpass-300-3400,bandpass300-3400,NO I AM THE LIGHTER OF THE TWO URGED TAD,gt,na,6313,16000,3.005,test,na
6313-66125-0006_formant_reverb-rt60-0.2,data/attacks/reverb-rt60-0.2/6313-66125-0006_formant.wav,fake,attack,none,reverb-rt60-0.2,rt60-0.2,NO I AM THE LIGHTER OF THE TWO URGED TAD,gt,na,6313,16000,3.005,test,na
6313-66125-0006_formant_reverb-rt60-0.4,data/attacks/reverb-rt60-0.4/6313-66125-0006_formant.wav,fake,attack,none,reverb-rt60-0.4,rt60-0.4,NO I AM THE LIGHTER OF THE TWO URGED TAD,gt,na,6313,16000,3.005,test,na
6313-66125-0006_formant_reverb-rt60-0.8,data/attacks/reverb-rt60-0.8/6313-66125-0006_formant.wav,fake,attack,none,reverb-rt60-0.8,rt60-0.8,NO I AM THE LIGHTER OF THE TWO URGED TAD,gt,na,6313,16000,3.005,test,na
6313-66125-0006_formant_speed0.9,data/attacks/speed0.9/6313-66125-0006_formant.wav,fake,attack,none,speed0.9,speed0.9,NO I AM THE LIGHTER OF THE TWO URGED TAD,gt,na,6313,16000,3.339,test,na
6313-66125-0006_formant_speed1.1,data/attacks/speed1.1/6313-66125-0006_formant.wav,fake,attack,none,speed1.1,speed1.1,NO I AM THE LIGHTER OF THE TWO URGED TAD,gt,na,6313,16000,2.732,test,na
6313-66125-0006_melvoc_mp3-128k,data/attacks/mp3-128k/6313-66125-0006_melvoc.wav,fake,attack,none,mp3-128k,mp3-128k,NO I AM THE LIGHTER OF THE TWO URGED TAD,gt,na,6313,16000,3.0,test,na
6313-66125-0006_melvoc_mp3-64k,data/attacks/mp3-64k/6313-66125-0006_melvoc.wav,fake,attack,none,mp3-64k,mp3-64k,NO I AM THE LIGHTER OF THE TWO URGED TAD,gt,na,6313,16000,3.0,test,na
6313-66125-0006_melvoc_opus-32k,data/attacks/opus-32k/6313-66125-0006_melvoc.wav,fake,attack,none,opus-32k,opus-32k,NO I AM THE LIGHTER OF THE TWO URGED TAD,gt,na,6313,16000,3.0,test,na
6313-66125-0006_melvoc_g711-8k,data/attacks/g711-8k/6313-66125-0006_melvoc.wav,fake,attack,none,g711-8k,g711-8k,NO I AM THE LIGHTER OF THE TWO URGED TAD,gt,na,6313,16000,3.0,test,na
6313-66125-0006_melvoc_resample-8k,data/attacks/resample-8k/6313-66125-0006_melvoc.wav,fake,attack,none,resample-8k,8k-roundtrip,NO I AM THE LIGHTER OF THE TWO URGED TAD,gt,na,6313,16000,3.0,test,na
6313-66125-0006_melvoc_awgn-snr5,data/attacks/awgn-snr5/6313-66125-0006_melvoc.wav,fake,attack,none,awgn-snr5,snr5,NO I AM THE LIGHTER OF THE TWO URGED TAD,gt,na,6313,16000,3.0,test,na
6313-66125-0006_melvoc_awgn-snr10,data/attacks/awgn-snr10/6313-66125-0006_melvoc.wav,fake,attack,none,awgn-snr10,snr10,NO I AM THE LIGHTER OF THE TWO URGED TAD,gt,na,6313,16000,3.0,test,na
6313-66125-0006_melvoc_awgn-snr20,data/attacks/awgn-snr20/6313-66125-0006_melvoc.wav,fake,attack,none,awgn-snr20,snr20,NO I AM THE LIGHTER OF THE TWO URGED TAD,gt,na,6313,16000,3.0,test,na
6313-66125-0006_melvoc_bandpass-300-3400,data/attacks/bandpass-300-3400/6313-66125-0006_melvoc.wav,fake,attack,none,bandpass-300-3400,bandpass300-3400,NO I AM THE LIGHTER OF THE TWO URGED TAD,gt,na,6313,16000,3.0,test,na
6313-66125-0006_melvoc_reverb-rt60-0.2,data/attacks/reverb-rt60-0.2/6313-66125-0006_melvoc.wav,fake,attack,none,reverb-rt60-0.2,rt60-0.2,NO I AM THE LIGHTER OF THE TWO URGED TAD,gt,na,6313,16000,3.0,test,na
6313-66125-0006_melvoc_reverb-rt60-0.4,data/attacks/reverb-rt60-0.4/6313-66125-0006_melvoc.wav,fake,attack,none,reverb-rt60-0.4,rt60-0.4,NO I AM THE LIGHTER OF THE TWO URGED TAD,gt,na,6313,16000,3.0,test,na
6313-66125-0006_melvoc_reverb-rt60-0.8,data/attacks/reverb-rt60-0.8/6313-66125-0006_melvoc.wav,fake,attack,none,reverb-rt60-0.8,rt60-0.8,NO I AM THE LIGHTER OF THE TWO URGED TAD,gt,na,6313,16000,3.0,test,na
6313-66125-0006_melvoc_speed0.9,data/attacks/speed0.9/6313-66125-0006_melvoc.wav,fake,attack,none,speed0.9,speed0.9,NO I AM THE LIGHTER OF THE TWO URGED TAD,gt,na,6313,16000,3.333,test,na
6313-66125-0006_melvoc_speed1.1,data/attacks/speed1.1/6313-66125-0006_melvoc.wav,fake,attack,none,speed1.1,speed1.1,NO I AM THE LIGHTER OF THE TWO URGED TAD,gt,na,6313,16000,2.727,test,na
6313-66125-0006_pitch_mp3-128k,data/attacks/mp3-128k/6313-66125-0006_pitch.wav,fake,attack,none,mp3-128k,mp3-128k,NO I AM THE LIGHTER OF THE TWO URGED TAD,gt,na,6313,16000,3.005,test,na
6313-66125-0006_pitch_mp3-64k,data/attacks/mp3-64k/6313-66125-0006_pitch.wav,fake,attack,none,mp3-64k,mp3-64k,NO I AM THE LIGHTER OF THE TWO URGED TAD,gt,na,6313,16000,3.005,test,na
6313-66125-0006_pitch_opus-32k,data/attacks/opus-32k/6313-66125-0006_pitch.wav,fake,attack,none,opus-32k,opus-32k,NO I AM THE LIGHTER OF THE TWO URGED TAD,gt,na,6313,16000,3.005,test,na
6313-66125-0006_pitch_g711-8k,data/attacks/g711-8k/6313-66125-0006_pitch.wav,fake,attack,none,g711-8k,g711-8k,NO I AM THE LIGHTER OF THE TWO URGED TAD,gt,na,6313,16000,3.005,test,na
6313-66125-0006_pitch_resample-8k,data/attacks/resample-8k/6313-66125-0006_pitch.wav,fake,attack,none,resample-8k,8k-roundtrip,NO I AM THE LIGHTER OF THE TWO URGED TAD,gt,na,6313,16000,3.005,test,na
6313-66125-0006_pitch_awgn-snr5,data/attacks/awgn-snr5/6313-66125-0006_pitch.wav,fake,attack,none,awgn-snr5,snr5,NO I AM THE LIGHTER OF THE TWO URGED TAD,gt,na,6313,16000,3.005,test,na
6313-66125-0006_pitch_awgn-snr10,data/attacks/awgn-snr10/6313-66125-0006_pitch.wav,fake,attack,none,awgn-snr10,snr10,NO I AM THE LIGHTER OF THE TWO URGED TAD,gt,na,6313,16000,3.005,test,na
6313-66125-0006_pitch_awgn-snr20,data/attacks/awgn-snr20/6313-66125-0006_pitch.wav,fake,attack,none,awgn-snr20,snr20,NO I AM THE LIGHTER OF THE TWO URGED TAD,gt,na,6313,16000,3.005,test,na
6313-66125-0006_pitch_bandpass-300-3400,data/attacks/bandpass-300-3400/6313-66125-0006_pitch.wav,fake,attack,none,bandpass-300-3400,bandpass300-3400,NO I AM THE LIGHTER OF THE TWO URGED TAD,gt,na,6313,16000,3.005,test,na
6313-66125-0006_pitch_reverb-rt60-0.2,data/attacks/reverb-rt60-0.2/6313-66125-0006_pitch.wav,fake,attack,none,reverb-rt60-0.2,rt60-0.2,NO I AM THE LIGHTER OF THE TWO URGED TAD,gt,na,6313,16000,3.005,test,na
6313-66125-0006_pitch_reverb-rt60-0.4,data/attacks/reverb-rt60-0.4/6313-66125-0006_pitch.wav,fake,attack,none,reverb-rt60-0.4,rt60-0.4,NO I AM THE LIGHTER OF THE TWO URGED TAD,gt,na,6313,16000,3.005,test,na
6313-66125-0006_pitch_reverb-rt60-0.8,data/attacks/reverb-rt60-0.8/6313-66125-0006_pitch.wav,fake,attack,none,reverb-rt60-0.8,rt60-0.8,NO I AM THE LIGHTER OF THE TWO URGED TAD,gt,na,6313,16000,3.005,test,na
6313-66125-0006_pitch_speed0.9,data/attacks/speed0.9/6313-66125-0006_pitch.wav,fake,attack,none,speed0.9,speed0.9,NO I AM THE LIGHTER OF THE TWO URGED TAD,gt,na,6313,16000,3.339,test,na
6313-66125-0006_pitch_speed1.1,data/attacks/speed1.1/6313-66125-0006_pitch.wav,fake,attack,none,speed1.1,speed1.1,NO I AM THE LIGHTER OF THE TWO URGED TAD,gt,na,6313,16000,2.732,test,na
6313-66125-0007_formant_mp3-128k,data/attacks/mp3-128k/6313-66125-0007_formant.wav,fake,attack,none,mp3-128k,mp3-128k,I AM THE ONE TO GO AFTER WALT IF ANYONE HAS TO I'LL GO DOWN MISTER THOMAS,gt,na,6313,16000,4.93,test,na
6313-66125-0007_formant_mp3-64k,data/attacks/mp3-64k/6313-66125-0007_formant.wav,fake,attack,none,mp3-64k,mp3-64k,I AM THE ONE TO GO AFTER WALT IF ANYONE HAS TO I'LL GO DOWN MISTER THOMAS,gt,na,6313,16000,4.93,test,na
6313-66125-0007_formant_opus-32k,data/attacks/opus-32k/6313-66125-0007_formant.wav,fake,attack,none,opus-32k,opus-32k,I AM THE ONE TO GO AFTER WALT IF ANYONE HAS TO I'LL GO DOWN MISTER THOMAS,gt,na,6313,16000,4.93,test,na
6313-66125-0007_formant_g711-8k,data/attacks/g711-8k/6313-66125-0007_formant.wav,fake,attack,none,g711-8k,g711-8k,I AM THE ONE TO GO AFTER WALT IF ANYONE HAS TO I'LL GO DOWN MISTER THOMAS,gt,na,6313,16000,4.93,test,na
6313-66125-0007_formant_resample-8k,data/attacks/resample-8k/6313-66125-0007_formant.wav,fake,attack,none,resample-8k,8k-roundtrip,I AM THE ONE TO GO AFTER WALT IF ANYONE HAS TO I'LL GO DOWN MISTER THOMAS,gt,na,6313,16000,4.93,test,na
6313-66125-0007_formant_awgn-snr5,data/attacks/awgn-snr5/6313-66125-0007_formant.wav,fake,attack,none,awgn-snr5,snr5,I AM THE ONE TO GO AFTER WALT IF ANYONE HAS TO I'LL GO DOWN MISTER THOMAS,gt,na,6313,16000,4.93,test,na
6313-66125-0007_formant_awgn-snr10,data/attacks/awgn-snr10/6313-66125-0007_formant.wav,fake,attack,none,awgn-snr10,snr10,I AM THE ONE TO GO AFTER WALT IF ANYONE HAS TO I'LL GO DOWN MISTER THOMAS,gt,na,6313,16000,4.93,test,na
6313-66125-0007_formant_awgn-snr20,data/attacks/awgn-snr20/6313-66125-0007_formant.wav,fake,attack,none,awgn-snr20,snr20,I AM THE ONE TO GO AFTER WALT IF ANYONE HAS TO I'LL GO DOWN MISTER THOMAS,gt,na,6313,16000,4.93,test,na
6313-66125-0007_formant_bandpass-300-3400,data/attacks/bandpass-300-3400/6313-66125-0007_formant.wav,fake,attack,none,bandpass-300-3400,bandpass300-3400,I AM THE ONE TO GO AFTER WALT IF ANYONE HAS TO I'LL GO DOWN MISTER THOMAS,gt,na,6313,16000,4.93,test,na
6313-66125-0007_formant_reverb-rt60-0.2,data/attacks/reverb-rt60-0.2/6313-66125-0007_formant.wav,fake,attack,none,reverb-rt60-0.2,rt60-0.2,I AM THE ONE TO GO AFTER WALT IF ANYONE HAS TO I'LL GO DOWN MISTER THOMAS,gt,na,6313,16000,4.93,test,na
6313-66125-0007_formant_reverb-rt60-0.4,data/attacks/reverb-rt60-0.4/6313-66125-0007_formant.wav,fake,attack,none,reverb-rt60-0.4,rt60-0.4,I AM THE ONE TO GO AFTER WALT IF ANYONE HAS TO I'LL GO DOWN MISTER THOMAS,gt,na,6313,16000,4.93,test,na
6313-66125-0007_formant_reverb-rt60-0.8,data/attacks/reverb-rt60-0.8/6313-66125-0007_formant.wav,fake,attack,none,reverb-rt60-0.8,rt60-0.8,I AM THE ONE TO GO AFTER WALT IF ANYONE HAS TO I'LL GO DOWN MISTER THOMAS,gt,na,6313,16000,4.93,test,na
6313-66125-0007_formant_speed0.9,data/attacks/speed0.9/6313-66125-0007_formant.wav,fake,attack,none,speed0.9,speed0.9,I AM THE ONE TO GO AFTER WALT IF ANYONE HAS TO I'LL GO DOWN MISTER THOMAS,gt,na,6313,16000,5.478,test,na
6313-66125-0007_formant_speed1.1,data/attacks/speed1.1/6313-66125-0007_formant.wav,fake,attack,none,speed1.1,speed1.1,I AM THE ONE TO GO AFTER WALT IF ANYONE HAS TO I'LL GO DOWN MISTER THOMAS,gt,na,6313,16000,4.482,test,na
6313-66125-0007_melvoc_mp3-128k,data/attacks/mp3-128k/6313-66125-0007_melvoc.wav,fake,attack,none,mp3-128k,mp3-128k,I AM THE ONE TO GO AFTER WALT IF ANYONE HAS TO I'LL GO DOWN MISTER THOMAS,gt,na,6313,16000,4.928,test,na
6313-66125-0007_melvoc_mp3-64k,data/attacks/mp3-64k/6313-66125-0007_melvoc.wav,fake,attack,none,mp3-64k,mp3-64k,I AM THE ONE TO GO AFTER WALT IF ANYONE HAS TO I'LL GO DOWN MISTER THOMAS,gt,na,6313,16000,4.928,test,na
6313-66125-0007_melvoc_opus-32k,data/attacks/opus-32k/6313-66125-0007_melvoc.wav,fake,attack,none,opus-32k,opus-32k,I AM THE ONE TO GO AFTER WALT IF ANYONE HAS TO I'LL GO DOWN MISTER THOMAS,gt,na,6313,16000,4.928,test,na
6313-66125-0007_melvoc_g711-8k,data/attacks/g711-8k/6313-66125-0007_melvoc.wav,fake,attack,none,g711-8k,g711-8k,I AM THE ONE TO GO AFTER WALT IF ANYONE HAS TO I'LL GO DOWN MISTER THOMAS,gt,na,6313,16000,4.928,test,na
6313-66125-0007_melvoc_resample-8k,data/attacks/resample-8k/6313-66125-0007_melvoc.wav,fake,attack,none,resample-8k,8k-roundtrip,I AM THE ONE TO GO AFTER WALT IF ANYONE HAS TO I'LL GO DOWN MISTER THOMAS,gt,na,6313,16000,4.928,test,na
6313-66125-0007_melvoc_awgn-snr5,data/attacks/awgn-snr5/6313-66125-0007_melvoc.wav,fake,attack,none,awgn-snr5,snr5,I AM THE ONE TO GO AFTER WALT IF ANYONE HAS TO I'LL GO DOWN MISTER THOMAS,gt,na,6313,16000,4.928,test,na
6313-66125-0007_melvoc_awgn-snr10,data/attacks/awgn-snr10/6313-66125-0007_melvoc.wav,fake,attack,none,awgn-snr10,snr10,I AM THE ONE TO GO AFTER WALT IF ANYONE HAS TO I'LL GO DOWN MISTER THOMAS,gt,na,6313,16000,4.928,test,na
6313-66125-0007_melvoc_awgn-snr20,data/attacks/awgn-snr20/6313-66125-0007_melvoc.wav,fake,attack,none,awgn-snr20,snr20,I AM THE ONE TO GO AFTER WALT IF ANYONE HAS TO I'LL GO DOWN MISTER THOMAS,gt,na,6313,16000,4.928,test,na
6313-66125-0007_melvoc_bandpass-300-3400,data/attacks/bandpass-300-3400/6313-66125-0007_melvoc.wav,fake,attack,none,bandpass-300-3400,bandpass300-3400,I AM THE ONE TO GO AFTER WALT IF ANYONE HAS TO I'LL GO DOWN MISTER THOMAS,gt,na,6313,16000,4.928,test,na
6313-66125-0007_melvoc_reverb-rt60-0.2,data/attacks/reverb-rt60-0.2/6313-66125-0007_melvoc.wav,fake,attack,none,reverb-rt60-0.2,rt60-0.2,I AM THE ONE TO GO AFTER WALT IF ANYONE HAS TO I'LL GO DOWN MISTER THOMAS,gt,na,6313,16000,4.928,test,na
6313-66125-0007_melvoc_reverb-rt60-0.4,data/attacks/reverb-rt60-0.4/6313-66125-0007_melvoc.wav,fake,attack,none,reverb-rt60-0.4,rt60-0.4,I AM THE ONE TO GO AFTER WALT IF ANYONE HAS TO I'LL GO DOWN MISTER THOMAS,gt,na,6313,16000,4.928,test,na
6313-66125-0007_melvoc_reverb-rt60-0.8,data/attacks/reverb-rt60-0.8/6313-66125-0007_melvoc.wav,fake,attack,none,reverb-rt60-0.8,rt60-0.8,I AM THE ONE TO GO AFTER WALT IF ANYONE HAS TO I'LL GO DOWN MISTER THOMAS,gt,na,6313,16000,4.928,test,na
6313-66125-0007_melvoc_speed0.9,data/attacks/speed0.9/6313-66125-0007_melvoc.wav,fake,attack,none,speed0.9,speed0.9,I AM THE ONE TO GO AFTER WALT IF ANYONE HAS TO I'LL GO DOWN MISTER THOMAS,gt,na,6313,16000,5.476,test,na
6313-66125-0007_melvoc_speed1.1,data/attacks/speed1.1/6313-66125-0007_melvoc.wav,fake,attack,none,speed1.1,speed1.1,I AM THE ONE TO GO AFTER WALT IF ANYONE HAS TO I'LL GO DOWN MISTER THOMAS,gt,na,6313,16000,4.48,test,na
6313-66125-0007_pitch_mp3-128k,data/attacks/mp3-128k/6313-66125-0007_pitch.wav,fake,attack,none,mp3-128k,mp3-128k,I AM THE ONE TO GO AFTER WALT IF ANYONE HAS TO I'LL GO DOWN MISTER THOMAS,gt,na,6313,16000,4.93,test,na
6313-66125-0007_pitch_mp3-64k,data/attacks/mp3-64k/6313-66125-0007_pitch.wav,fake,attack,none,mp3-64k,mp3-64k,I AM THE ONE TO GO AFTER WALT IF ANYONE HAS TO I'LL GO DOWN MISTER THOMAS,gt,na,6313,16000,4.93,test,na
6313-66125-0007_pitch_opus-32k,data/attacks/opus-32k/6313-66125-0007_pitch.wav,fake,attack,none,opus-32k,opus-32k,I AM THE ONE TO GO AFTER WALT IF ANYONE HAS TO I'LL GO DOWN MISTER THOMAS,gt,na,6313,16000,4.93,test,na
6313-66125-0007_pitch_g711-8k,data/attacks/g711-8k/6313-66125-0007_pitch.wav,fake,attack,none,g711-8k,g711-8k,I AM THE ONE TO GO AFTER WALT IF ANYONE HAS TO I'LL GO DOWN MISTER THOMAS,gt,na,6313,16000,4.93,test,na
6313-66125-0007_pitch_resample-8k,data/attacks/resample-8k/6313-66125-0007_pitch.wav,fake,attack,none,resample-8k,8k-roundtrip,I AM THE ONE TO GO AFTER WALT IF ANYONE HAS TO I'LL GO DOWN MISTER THOMAS,gt,na,6313,16000,4.93,test,na
6313-66125-0007_pitch_awgn-snr5,data/attacks/awgn-snr5/6313-66125-0007_pitch.wav,fake,attack,none,awgn-snr5,snr5,I AM THE ONE TO GO AFTER WALT IF ANYONE HAS TO I'LL GO DOWN MISTER THOMAS,gt,na,6313,16000,4.93,test,na
6313-66125-0007_pitch_awgn-snr10,data/attacks/awgn-snr10/6313-66125-0007_pitch.wav,fake,attack,none,awgn-snr10,snr10,I AM THE ONE TO GO AFTER WALT IF ANYONE HAS TO I'LL GO DOWN MISTER THOMAS,gt,na,6313,16000,4.93,test,na
6313-66125-0007_pitch_awgn-snr20,data/attacks/awgn-snr20/6313-66125-0007_pitch.wav,fake,attack,none,awgn-snr20,snr20,I AM THE ONE TO GO AFTER WALT IF ANYONE HAS TO I'LL GO DOWN MISTER THOMAS,gt,na,6313,16000,4.93,test,na
6313-66125-0007_pitch_bandpass-300-3400,data/attacks/bandpass-300-3400/6313-66125-0007_pitch.wav,fake,attack,none,bandpass-300-3400,bandpass300-3400,I AM THE ONE TO GO AFTER WALT IF ANYONE HAS TO I'LL GO DOWN MISTER THOMAS,gt,na,6313,16000,4.93,test,na
6313-66125-0007_pitch_reverb-rt60-0.2,data/attacks/reverb-rt60-0.2/6313-66125-0007_pitch.wav,fake,attack,none,reverb-rt60-0.2,rt60-0.2,I AM THE ONE TO GO AFTER WALT IF ANYONE HAS TO I'LL GO DOWN MISTER THOMAS,gt,na,6313,16000,4.93,test,na
6313-66125-0007_pitch_reverb-rt60-0.4,data/attacks/reverb-rt60-0.4/6313-66125-0007_pitch.wav,fake,attack,none,reverb-rt60-0.4,rt60-0.4,I AM THE ONE TO GO AFTER WALT IF ANYONE HAS TO I'LL GO DOWN MISTER THOMAS,gt,na,6313,16000,4.93,test,na
6313-66125-0007_pitch_reverb-rt60-0.8,data/attacks/reverb-rt60-0.8/6313-66125-0007_pitch.wav,fake,attack,none,reverb-rt60-0.8,rt60-0.8,I AM THE ONE TO GO AFTER WALT IF ANYONE HAS TO I'LL GO DOWN MISTER THOMAS,gt,na,6313,16000,4.93,test,na
6313-66125-0007_pitch_speed0.9,data/attacks/speed0.9/6313-66125-0007_pitch.wav,fake,attack,none,speed0.9,speed0.9,I AM THE ONE TO GO AFTER WALT IF ANYONE HAS TO I'LL GO DOWN MISTER THOMAS,gt,na,6313,16000,5.478,test,na
6313-66125-0007_pitch_speed1.1,data/attacks/speed1.1/6313-66125-0007_pitch.wav,fake,attack,none,speed1.1,speed1.1,I AM THE ONE TO GO AFTER WALT IF ANYONE HAS TO I'LL GO DOWN MISTER THOMAS,gt,na,6313,16000,4.482,test,na
6313-66125-0008_formant_mp3-128k,data/attacks/mp3-128k/6313-66125-0008_formant.wav,fake,attack,none,mp3-128k,mp3-128k,MASTER TAD IS RIGHT DECIDED THE GUIDE GAZING AT THE TWO BOYS APPROVINGLY,gt,na,6313,16000,4.49,test,na
6313-66125-0008_formant_mp3-64k,data/attacks/mp3-64k/6313-66125-0008_formant.wav,fake,attack,none,mp3-64k,mp3-64k,MASTER TAD IS RIGHT DECIDED THE GUIDE GAZING AT THE TWO BOYS APPROVINGLY,gt,na,6313,16000,4.49,test,na
6313-66125-0008_formant_opus-32k,data/attacks/opus-32k/6313-66125-0008_formant.wav,fake,attack,none,opus-32k,opus-32k,MASTER TAD IS RIGHT DECIDED THE GUIDE GAZING AT THE TWO BOYS APPROVINGLY,gt,na,6313,16000,4.49,test,na
6313-66125-0008_formant_g711-8k,data/attacks/g711-8k/6313-66125-0008_formant.wav,fake,attack,none,g711-8k,g711-8k,MASTER TAD IS RIGHT DECIDED THE GUIDE GAZING AT THE TWO BOYS APPROVINGLY,gt,na,6313,16000,4.49,test,na
6313-66125-0008_formant_resample-8k,data/attacks/resample-8k/6313-66125-0008_formant.wav,fake,attack,none,resample-8k,8k-roundtrip,MASTER TAD IS RIGHT DECIDED THE GUIDE GAZING AT THE TWO BOYS APPROVINGLY,gt,na,6313,16000,4.49,test,na
6313-66125-0008_formant_awgn-snr5,data/attacks/awgn-snr5/6313-66125-0008_formant.wav,fake,attack,none,awgn-snr5,snr5,MASTER TAD IS RIGHT DECIDED THE GUIDE GAZING AT THE TWO BOYS APPROVINGLY,gt,na,6313,16000,4.49,test,na
6313-66125-0008_formant_awgn-snr10,data/attacks/awgn-snr10/6313-66125-0008_formant.wav,fake,attack,none,awgn-snr10,snr10,MASTER TAD IS RIGHT DECIDED THE GUIDE GAZING AT THE TWO BOYS APPROVINGLY,gt,na,6313,16000,4.49,test,na
6313-66125-0008_formant_awgn-snr20,data/attacks/awgn-snr20/6313-66125-0008_formant.wav,fake,attack,none,awgn-snr20,snr20,MASTER TAD IS RIGHT DECIDED THE GUIDE GAZING AT THE TWO BOYS APPROVINGLY,gt,na,6313,16000,4.49,test,na
6313-66125-0008_formant_bandpass-300-3400,data/attacks/bandpass-300-3400/6313-66125-0008_formant.wav,fake,attack,none,bandpass-300-3400,bandpass300-3400,MASTER TAD IS RIGHT DECIDED THE GUIDE GAZING AT THE TWO BOYS APPROVINGLY,gt,na,6313,16000,4.49,test,na
6313-66125-0008_formant_reverb-rt60-0.2,data/attacks/reverb-rt60-0.2/6313-66125-0008_formant.wav,fake,attack,none,reverb-rt60-0.2,rt60-0.2,MASTER TAD IS RIGHT DECIDED THE GUIDE GAZING AT THE TWO BOYS APPROVINGLY,gt,na,6313,16000,4.49,test,na
6313-66125-0008_formant_reverb-rt60-0.4,data/attacks/reverb-rt60-0.4/6313-66125-0008_formant.wav,fake,attack,none,reverb-rt60-0.4,rt60-0.4,MASTER TAD IS RIGHT DECIDED THE GUIDE GAZING AT THE TWO BOYS APPROVINGLY,gt,na,6313,16000,4.49,test,na
6313-66125-0008_formant_reverb-rt60-0.8,data/attacks/reverb-rt60-0.8/6313-66125-0008_formant.wav,fake,attack,none,reverb-rt60-0.8,rt60-0.8,MASTER TAD IS RIGHT DECIDED THE GUIDE GAZING AT THE TWO BOYS APPROVINGLY,gt,na,6313,16000,4.49,test,na
6313-66125-0008_formant_speed0.9,data/attacks/speed0.9/6313-66125-0008_formant.wav,fake,attack,none,speed0.9,speed0.9,MASTER TAD IS RIGHT DECIDED THE GUIDE GAZING AT THE TWO BOYS APPROVINGLY,gt,na,6313,16000,4.989,test,na
6313-66125-0008_formant_speed1.1,data/attacks/speed1.1/6313-66125-0008_formant.wav,fake,attack,none,speed1.1,speed1.1,MASTER TAD IS RIGHT DECIDED THE GUIDE GAZING AT THE TWO BOYS APPROVINGLY,gt,na,6313,16000,4.082,test,na
2078-142845-0000_formant_aac-128k,data/attacks/aac-128k/2078-142845-0000_formant.wav,fake,attack,none,aac-128k,aac-128k,KIRKLEATHAM YEAST,gt,na,2078,16000,2.24,test,na
2078-142845-0000_melvoc_aac-128k,data/attacks/aac-128k/2078-142845-0000_melvoc.wav,fake,attack,none,aac-128k,aac-128k,KIRKLEATHAM YEAST,gt,na,2078,16000,2.24,test,na
2078-142845-0000_pitch_aac-128k,data/attacks/aac-128k/2078-142845-0000_pitch.wav,fake,attack,none,aac-128k,aac-128k,KIRKLEATHAM YEAST,gt,na,2078,16000,2.24,test,na
2078-142845-0001_formant_aac-128k,data/attacks/aac-128k/2078-142845-0001_formant.wav,fake,attack,none,aac-128k,aac-128k,SEVENTEEN SEVENTEEN,gt,na,2078,16000,2.176,test,na
2078-142845-0001_melvoc_aac-128k,data/attacks/aac-128k/2078-142845-0001_melvoc.wav,fake,attack,none,aac-128k,aac-128k,SEVENTEEN SEVENTEEN,gt,na,2078,16000,2.176,test,na
2078-142845-0001_pitch_aac-128k,data/attacks/aac-128k/2078-142845-0001_pitch.wav,fake,attack,none,aac-128k,aac-128k,SEVENTEEN SEVENTEEN,gt,na,2078,16000,2.176,test,na
2078-142845-0002_formant_aac-128k,data/attacks/aac-128k/2078-142845-0002_formant.wav,fake,attack,none,aac-128k,aac-128k,TO MAKE GOOD HOME MADE BREAD,gt,na,2078,16000,2.944,test,na
2078-142845-0002_melvoc_aac-128k,data/attacks/aac-128k/2078-142845-0002_melvoc.wav,fake,attack,none,aac-128k,aac-128k,TO MAKE GOOD HOME MADE BREAD,gt,na,2078,16000,2.944,test,na
2078-142845-0002_pitch_aac-128k,data/attacks/aac-128k/2078-142845-0002_pitch.wav,fake,attack,none,aac-128k,aac-128k,TO MAKE GOOD HOME MADE BREAD,gt,na,2078,16000,2.944,test,na
2078-142845-0003_formant_aac-128k,data/attacks/aac-128k/2078-142845-0003_formant.wav,fake,attack,none,aac-128k,aac-128k,SEVENTEEN EIGHTEEN,gt,na,2078,16000,2.112,test,na
2078-142845-0003_melvoc_aac-128k,data/attacks/aac-128k/2078-142845-0003_melvoc.wav,fake,attack,none,aac-128k,aac-128k,SEVENTEEN EIGHTEEN,gt,na,2078,16000,2.112,test,na
2078-142845-0003_pitch_aac-128k,data/attacks/aac-128k/2078-142845-0003_pitch.wav,fake,attack,none,aac-128k,aac-128k,SEVENTEEN EIGHTEEN,gt,na,2078,16000,2.112,test,na
2078-142845-0004_formant_aac-128k,data/attacks/aac-128k/2078-142845-0004_formant.wav,fake,attack,none,aac-128k,aac-128k,MODE PUT THE FLOUR INTO A LARGE EARTHENWARE BOWL OR DEEP PAN THEN WITH A STRONG METAL OR WOODEN SPOON HOLLOW OUT THE MIDDLE BUT DO NOT CLEAR IT ENTIRELY AWAY FROM THE BOTTOM OF THE PAN AS IN THAT CASE THE SPONGE OR LEAVEN AS IT WAS FORMERLY TERMED WOULD STICK TO IT WHICH IT OUGHT NOT TO DO,gt,na,2078,16000,23.232,test,na
2078-142845-0004_melvoc_aac-128k,data/attacks/aac-128k/2078-142845-0004_melvoc.wav,fake,attack,none,aac-128k,aac-128k,MODE PUT THE FLOUR INTO A LARGE EARTHENWARE BOWL OR DEEP PAN THEN WITH A STRONG METAL OR WOODEN SPOON HOLLOW OUT THE MIDDLE BUT DO NOT CLEAR IT ENTIRELY AWAY FROM THE BOTTOM OF THE PAN AS IN THAT CASE THE SPONGE OR LEAVEN AS IT WAS FORMERLY TERMED WOULD STICK TO IT WHICH IT OUGHT NOT TO DO,gt,na,2078,16000,23.168,test,na
2078-142845-0004_pitch_aac-128k,data/attacks/aac-128k/2078-142845-0004_pitch.wav,fake,attack,none,aac-128k,aac-128k,MODE PUT THE FLOUR INTO A LARGE EARTHENWARE BOWL OR DEEP PAN THEN WITH A STRONG METAL OR WOODEN SPOON HOLLOW OUT THE MIDDLE BUT DO NOT CLEAR IT ENTIRELY AWAY FROM THE BOTTOM OF THE PAN AS IN THAT CASE THE SPONGE OR LEAVEN AS IT WAS FORMERLY TERMED WOULD STICK TO IT WHICH IT OUGHT NOT TO DO,gt,na,2078,16000,23.232,test,na
2078-142845-0005_formant_aac-128k,data/attacks/aac-128k/2078-142845-0005_formant.wav,fake,attack,none,aac-128k,aac-128k,NEXT TAKE EITHER A LARGE TABLESPOONFUL OF BREWER'S YEAST WHICH HAS BEEN RENDERED SOLID BY MIXING IT WITH PLENTY OF COLD WATER AND LETTING IT AFTERWARDS STAND TO SETTLE FOR A DAY AND NIGHT OR NEARLY AN OUNCE OF GERMAN YEAST PUT IT INTO A LARGE BASIN AND PROCEED TO MIX IT SO THAT IT SHALL BE AS SMOOTH AS CREAM WITH THREE QUARTERS PINT OF WARM MILK AND WATER OR WITH WATER ONLY THOUGH EVEN A VERY LITTLE MILK WILL MUCH IMPROVE THE BREAD,gt,na,2078,16000,31.424,test,na
2078-142845-0005_melvoc_aac-128k,data/attacks/aac-128k/2078-142845-0005_melvoc.wav,fake,attack,none,aac-128k,aac-128k,NEXT TAKE EITHER A LARGE TABLESPOONFUL OF BREWER'S YEAST WHICH HAS BEEN RENDERED SOLID BY MIXING IT WITH PLENTY OF COLD WATER AND LETTING IT AFTERWARDS STAND TO SETTLE FOR A DAY AND NIGHT OR NEARLY AN OUNCE OF GERMAN YEAST PUT IT INTO A LARGE BASIN AND PROCEED TO MIX IT SO THAT IT SHALL BE AS SMOOTH AS CREAM WITH THREE QUARTERS PINT OF WARM MILK AND WATER OR WITH WATER ONLY THOUGH EVEN A VERY LITTLE MILK WILL MUCH IMPROVE THE BREAD,gt,na,2078,16000,31.424,test,na
2078-142845-0005_pitch_aac-128k,data/attacks/aac-128k/2078-142845-0005_pitch.wav,fake,attack,none,aac-128k,aac-128k,NEXT TAKE EITHER A LARGE TABLESPOONFUL OF BREWER'S YEAST WHICH HAS BEEN RENDERED SOLID BY MIXING IT WITH PLENTY OF COLD WATER AND LETTING IT AFTERWARDS STAND TO SETTLE FOR A DAY AND NIGHT OR NEARLY AN OUNCE OF GERMAN YEAST PUT IT INTO A LARGE BASIN AND PROCEED TO MIX IT SO THAT IT SHALL BE AS SMOOTH AS CREAM WITH THREE QUARTERS PINT OF WARM MILK AND WATER OR WITH WATER ONLY THOUGH EVEN A VERY LITTLE MILK WILL MUCH IMPROVE THE BREAD,gt,na,2078,16000,31.424,test,na
2078-142845-0006_formant_aac-128k,data/attacks/aac-128k/2078-142845-0006_formant.wav,fake,attack,none,aac-128k,aac-128k,LOOK AT IT FROM TIME TO TIME WHEN IT HAS BEEN LAID FOR NEARLY AN HOUR AND WHEN THE YEAST HAS RISEN AND BROKEN THROUGH THE FLOUR SO THAT BUBBLES APPEAR IN IT YOU WILL KNOW THAT IT IS READY TO BE MADE UP INTO DOUGH,gt,na,2078,16000,14.656,test,na
2078-142845-0006_melvoc_aac-128k,data/attacks/aac-128k/2078-142845-0006_melvoc.wav,fake,attack,none,aac-128k,aac-128k,LOOK AT IT FROM TIME TO TIME WHEN IT HAS BEEN LAID FOR NEARLY AN HOUR AND WHEN THE YEAST HAS RISEN AND BROKEN THROUGH THE FLOUR SO THAT BUBBLES APPEAR IN IT YOU WILL KNOW THAT IT IS READY TO BE MADE UP INTO DOUGH,gt,na,2078,16000,14.656,test,na
2078-142845-0006_pitch_aac-128k,data/attacks/aac-128k/2078-142845-0006_pitch.wav,fake,attack,none,aac-128k,aac-128k,LOOK AT IT FROM TIME TO TIME WHEN IT HAS BEEN LAID FOR NEARLY AN HOUR AND WHEN THE YEAST HAS RISEN AND BROKEN THROUGH THE FLOUR SO THAT BUBBLES APPEAR IN IT YOU WILL KNOW THAT IT IS READY TO BE MADE UP INTO DOUGH,gt,na,2078,16000,14.656,test,na
2078-142845-0007_formant_aac-128k,data/attacks/aac-128k/2078-142845-0007_formant.wav,fake,attack,none,aac-128k,aac-128k,THEN PLACE THE PAN ON A STRONG CHAIR OR DRESSER OR TABLE OF CONVENIENT HEIGHT POUR INTO THE SPONGE THE REMAINDER OF THE WARM MILK AND WATER STIR INTO IT AS MUCH OF THE FLOUR AS YOU CAN WITH THE SPOON THEN WIPE IT OUT CLEAN WITH YOUR FINGERS AND LAY IT ASIDE,gt,na,2078,16000,20.8,test,na
2078-142845-0007_melvoc_aac-128k,data/attacks/aac-128k/2078-142845-0007_melvoc.wav,fake,attack,none,aac-128k,aac-128k,THEN PLACE THE PAN ON A STRONG CHAIR OR DRESSER OR TABLE OF CONVENIENT HEIGHT POUR INTO THE SPONGE THE REMAINDER OF THE WARM MILK AND WATER STIR INTO IT AS MUCH OF THE FLOUR AS YOU CAN WITH THE SPOON THEN WIPE IT OUT CLEAN WITH YOUR FINGERS AND LAY IT ASIDE,gt,na,2078,16000,20.736,test,na
2078-142845-0007_pitch_aac-128k,data/attacks/aac-128k/2078-142845-0007_pitch.wav,fake,attack,none,aac-128k,aac-128k,THEN PLACE THE PAN ON A STRONG CHAIR OR DRESSER OR TABLE OF CONVENIENT HEIGHT POUR INTO THE SPONGE THE REMAINDER OF THE WARM MILK AND WATER STIR INTO IT AS MUCH OF THE FLOUR AS YOU CAN WITH THE SPOON THEN WIPE IT OUT CLEAN WITH YOUR FINGERS AND LAY IT ASIDE,gt,na,2078,16000,20.8,test,na
2078-142845-0008_formant_aac-128k,data/attacks/aac-128k/2078-142845-0008_formant.wav,fake,attack,none,aac-128k,aac-128k,TURN IT THEN ON TO A PASTE BOARD OR VERY CLEAN DRESSER AND WITH A LARGE SHARP KNIFE DIVIDE IT IN TWO MAKE IT UP QUICKLY INTO LOAVES AND DISPATCH IT TO THE OVEN MAKE ONE OR TWO INCISIONS ACROSS THE TOPS OF THE LOAVES AS THEY WILL RISE MORE EASILY IF THIS BE DONE,gt,na,2078,16000,19.392,test,na
2086-149214-0000_formant_aac-128k,data/attacks/aac-128k/2086-149214-0000_formant.wav,fake,attack,none,aac-128k,aac-128k,THE NARRATIVE IT MAY BE IS WOVEN OF SO HUMBLE A TEXTURE AS TO REQUIRE THIS ADVANTAGE AND AT THE SAME TIME TO RENDER IT THE MORE DIFFICULT OF ATTAINMENT,gt,na,2086,16000,9.856,test,na
2086-149214-0000_melvoc_aac-128k,data/attacks/aac-128k/2086-149214-0000_melvoc.wav,fake,attack,none,aac-128k,aac-128k,THE NARRATIVE IT MAY BE IS WOVEN OF SO HUMBLE A TEXTURE AS TO REQUIRE THIS ADVANTAGE AND AT THE SAME TIME TO RENDER IT THE MORE DIFFICULT OF ATTAINMENT,gt,na,2086,16000,9.856,test,na
2086-149214-0000_pitch_aac-128k,data/attacks/aac-128k/2086-149214-0000_pitch.wav,fake,attack,none,aac-128k,aac-128k,THE NARRATIVE IT MAY BE IS WOVEN OF SO HUMBLE A TEXTURE AS TO REQUIRE THIS ADVANTAGE AND AT THE SAME TIME TO RENDER IT THE MORE DIFFICULT OF ATTAINMENT,gt,na,2086,16000,9.856,test,na
2086-149214-0001_formant_aac-128k,data/attacks/aac-128k/2086-149214-0001_formant.wav,fake,attack,none,aac-128k,aac-128k,IN GOOD FAITH HOWEVER HE IS NOT SUFFICIENTLY IMAGINATIVE TO FLATTER HIMSELF WITH THE SLIGHTEST HOPE OF THIS KIND,gt,na,2086,16000,6.976,test,na
2086-149214-0001_melvoc_aac-128k,data/attacks/aac-128k/2086-149214-0001_melvoc.wav,fake,attack,none,aac-128k,aac-128k,IN GOOD FAITH HOWEVER HE IS NOT SUFFICIENTLY IMAGINATIVE TO FLATTER HIMSELF WITH THE SLIGHTEST HOPE OF THIS KIND,gt,na,2086,16000,6.976,test,na
2086-149214-0001_pitch_aac-128k,data/attacks/aac-128k/2086-149214-0001_pitch.wav,fake,attack,none,aac-128k,aac-128k,IN GOOD FAITH HOWEVER HE IS NOT SUFFICIENTLY IMAGINATIVE TO FLATTER HIMSELF WITH THE SLIGHTEST HOPE OF THIS KIND,gt,na,2086,16000,6.976,test,na
2086-149214-0002_formant_aac-128k,data/attacks/aac-128k/2086-149214-0002_formant.wav,fake,attack,none,aac-128k,aac-128k,THE AUTHOR HAS CONSIDERED IT HARDLY WORTH HIS WHILE THEREFORE RELENTLESSLY TO IMPALE THE STORY WITH ITS MORAL AS WITH AN IRON ROD OR RATHER AS BY STICKING A PIN THROUGH A BUTTERFLY THUS AT ONCE DEPRIVING IT OF LIFE AND CAUSING IT TO STIFFEN IN AN UNGAINLY AND UNNATURAL ATTITUDE,gt,na,2086,16000,16.768,test,na
2086-149214-0002_melvoc_aac-128k,data/attacks/aac-128k/2086-149214-0002_melvoc.wav,fake,attack,none,aac-128k,aac-128k,THE AUTHOR HAS CONSIDERED IT HARDLY WORTH HIS WHILE THEREFORE RELENTLESSLY TO IMPALE THE STORY WITH ITS MORAL AS WITH AN IRON ROD OR RATHER AS BY STICKING A PIN THROUGH A BUTTERFLY THUS AT ONCE DEPRIVING IT OF LIFE AND CAUSING IT TO STIFFEN IN AN UNGAINLY AND UNNATURAL ATTITUDE,gt,na,2086,16000,16.768,test,na
2086-149214-0002_pitch_aac-128k,data/attacks/aac-128k/2086-149214-0002_pitch.wav,fake,attack,none,aac-128k,aac-128k,THE AUTHOR HAS CONSIDERED IT HARDLY WORTH HIS WHILE THEREFORE RELENTLESSLY TO IMPALE THE STORY WITH ITS MORAL AS WITH AN IRON ROD OR RATHER AS BY STICKING A PIN THROUGH A BUTTERFLY THUS AT ONCE DEPRIVING IT OF LIFE AND CAUSING IT TO STIFFEN IN AN UNGAINLY AND UNNATURAL ATTITUDE,gt,na,2086,16000,16.768,test,na
2086-149214-0003_formant_aac-128k,data/attacks/aac-128k/2086-149214-0003_formant.wav,fake,attack,none,aac-128k,aac-128k,IF PERMITTED BY THE HISTORICAL CONNECTION WHICH THOUGH SLIGHT WAS ESSENTIAL TO HIS PLAN THE AUTHOR WOULD VERY WILLINGLY HAVE AVOIDED ANYTHING OF THIS NATURE,gt,na,2086,16000,9.024,test,na
2086-149214-0003_melvoc_aac-128k,data/attacks/aac-128k/2086-149214-0003_melvoc.wav,fake,attack,none,aac-128k,aac-128k,IF PERMITTED BY THE HISTORICAL CONNECTION WHICH THOUGH SLIGHT WAS ESSENTIAL TO HIS PLAN THE AUTHOR WOULD VERY WILLINGLY HAVE AVOIDED ANYTHING OF THIS NATURE,gt,na,2086,16000,9.024,test,na
2086-149214-0003_pitch_aac-128k,data/attacks/aac-128k/2086-149214-0003_pitch.wav,fake,attack,none,aac-128k,aac-128k,IF PERMITTED BY THE HISTORICAL CONNECTION WHICH THOUGH SLIGHT WAS ESSENTIAL TO HIS PLAN THE AUTHOR WOULD VERY WILLINGLY HAVE AVOIDED ANYTHING OF THIS NATURE,gt,na,2086,16000,9.024,test,na
2086-149214-0004_formant_aac-128k,data/attacks/aac-128k/2086-149214-0004_formant.wav,fake,attack,none,aac-128k,aac-128k,HE TRUSTS NOT TO BE CONSIDERED AS UNPARDONABLY OFFENDING BY LAYING OUT A STREET THAT INFRINGES UPON NOBODY'S PRIVATE RIGHTS AND APPROPRIATING A LOT OF LAND WHICH HAD NO VISIBLE OWNER AND BUILDING A HOUSE OF MATERIALS LONG IN USE FOR CONSTRUCTING CASTLES IN THE AIR,gt,na,2086,16000,15.232,test,na
2086-149214-0004_melvoc_aac-128k,data/attacks/aac-128k/2086-149214-0004_melvoc.wav,fake,attack,none,aac-128k,aac-128k,HE TRUSTS NOT TO BE CONSIDERED AS UNPARDONABLY OFFENDING BY LAYING OUT A STREET THAT INFRINGES UPON NOBODY'S PRIVATE RIGHTS AND APPROPRIATING A LOT OF LAND WHICH HAD NO VISIBLE OWNER AND BUILDING A HOUSE OF MATERIALS LONG IN USE FOR CONSTRUCTING CASTLES IN THE AIR,gt,na,2086,16000,15.232,test,na
2086-149214-0004_pitch_aac-128k,data/attacks/aac-128k/2086-149214-0004_pitch.wav,fake,attack,none,aac-128k,aac-128k,HE TRUSTS NOT TO BE CONSIDERED AS UNPARDONABLY OFFENDING BY LAYING OUT A STREET THAT INFRINGES UPON NOBODY'S PRIVATE RIGHTS AND APPROPRIATING A LOT OF LAND WHICH HAD NO VISIBLE OWNER AND BUILDING A HOUSE OF MATERIALS LONG IN USE FOR CONSTRUCTING CASTLES IN THE AIR,gt,na,2086,16000,15.232,test,na
2086-149220-0000_formant_aac-128k,data/attacks/aac-128k/2086-149220-0000_formant.wav,fake,attack,none,aac-128k,aac-128k,THE ENCLOSURE HAD FORMERLY BEEN VERY EXTENSIVE BUT WAS NOW CONTRACTED WITHIN SMALL COMPASS AND HEMMED ABOUT PARTLY BY HIGH WOODEN FENCES AND PARTLY BY THE OUTBUILDINGS OF HOUSES THAT STOOD ON ANOTHER STREET,gt,na,2086,16000,12.096,test,na
2086-149220-0000_melvoc_aac-128k,data/attacks/aac-128k/2086-149220-0000_melvoc.wav,fake,attack,none,aac-128k,aac-128k,THE ENCLOSURE HAD FORMERLY BEEN VERY EXTENSIVE BUT WAS NOW CONTRACTED WITHIN SMALL COMPASS AND HEMMED ABOUT PARTLY BY HIGH WOODEN FENCES AND PARTLY BY THE OUTBUILDINGS OF HOUSES THAT STOOD ON ANOTHER STREET,gt,na,2086,16000,12.096,test,na
2086-149220-0000_pitch_aac-128k,data/attacks/aac-128k/2086-149220-0000_pitch.wav,fake,attack,none,aac-128k,aac-128k,THE ENCLOSURE HAD FORMERLY BEEN VERY EXTENSIVE BUT WAS NOW CONTRACTED WITHIN SMALL COMPASS AND HEMMED ABOUT PARTLY BY HIGH WOODEN FENCES AND PARTLY BY THE OUTBUILDINGS OF HOUSES THAT STOOD ON ANOTHER STREET,gt,na,2086,16000,12.096,test,na
2086-149220-0001_formant_aac-128k,data/attacks/aac-128k/2086-149220-0001_formant.wav,fake,attack,none,aac-128k,aac-128k,THE WHITE DOUBLE ROSEBUSH HAD EVIDENTLY BEEN PROPPED UP ANEW AGAINST THE HOUSE SINCE THE COMMENCEMENT OF THE SEASON AND A PEAR TREE AND THREE DAMSON TREES WHICH EXCEPT A ROW OF CURRANT BUSHES CONSTITUTED THE ONLY VARIETIES OF FRUIT BORE MARKS OF THE RECENT AMPUTATION OF SEVERAL SUPERFLUOUS OR DEFECTIVE LIMBS,gt,na,2086,16000,19.84,test,na
2086-149220-0001_melvoc_aac-128k,data/attacks/aac-128k/2086-149220-0001_melvoc.wav,fake,attack,none,aac-128k,aac-128k,THE WHITE DOUBLE ROSEBUSH HAD EVIDENTLY BEEN PROPPED UP ANEW AGAINST THE HOUSE SINCE THE COMMENCEMENT OF THE SEASON AND A PEAR TREE AND THREE DAMSON TREES WHICH EXCEPT A ROW OF CURRANT BUSHES CONSTITUTED THE ONLY VARIETIES OF FRUIT BORE MARKS OF THE RECENT AMPUTATION OF SEVERAL SUPERFLUOUS OR DEFECTIVE LIMBS,gt,na,2086,16000,19.776,test,na
2086-149220-0001_pitch_aac-128k,data/attacks/aac-128k/2086-149220-0001_pitch.wav,fake,attack,none,aac-128k,aac-128k,THE WHITE DOUBLE ROSEBUSH HAD EVIDENTLY BEEN PROPPED UP ANEW AGAINST THE HOUSE SINCE THE COMMENCEMENT OF THE SEASON AND A PEAR TREE AND THREE DAMSON TREES WHICH EXCEPT A ROW OF CURRANT BUSHES CONSTITUTED THE ONLY VARIETIES OF FRUIT BORE MARKS OF THE RECENT AMPUTATION OF SEVERAL SUPERFLUOUS OR DEFECTIVE LIMBS,gt,na,2086,16000,19.84,test,na
2086-149220-0002_formant_aac-128k,data/attacks/aac-128k/2086-149220-0002_formant.wav,fake,attack,none,aac-128k,aac-128k,THERE WERE ALSO A FEW SPECIES OF ANTIQUE AND HEREDITARY FLOWERS IN NO VERY FLOURISHING CONDITION BUT SCRUPULOUSLY WEEDED AS IF SOME PERSON EITHER OUT OF LOVE OR CURIOSITY HAD BEEN ANXIOUS TO BRING THEM TO SUCH PERFECTION AS THEY WERE CAPABLE OF ATTAINING,gt,na,2086,16000,16.064,test,na
2086-149220-0002_melvoc_aac-128k,data/attacks/aac-128k/2086-149220-0002_melvoc.wav,fake,attack,none,aac-128k,aac-128k,THERE WERE ALSO A FEW SPECIES OF ANTIQUE AND HEREDITARY FLOWERS IN NO VERY FLOURISHING CONDITION BUT SCRUPULOUSLY WEEDED AS IF SOME PERSON EITHER OUT OF LOVE OR CURIOSITY HAD BEEN ANXIOUS TO BRING THEM TO SUCH PERFECTION AS THEY WERE CAPABLE OF ATTAINING,gt,na,2086,16000,16.064,test,na
2086-149220-0002_pitch_aac-128k,data/attacks/aac-128k/2086-149220-0002_pitch.wav,fake,attack,none,aac-128k,aac-128k,THERE WERE ALSO A FEW SPECIES OF ANTIQUE AND HEREDITARY FLOWERS IN NO VERY FLOURISHING CONDITION BUT SCRUPULOUSLY WEEDED AS IF SOME PERSON EITHER OUT OF LOVE OR CURIOSITY HAD BEEN ANXIOUS TO BRING THEM TO SUCH PERFECTION AS THEY WERE CAPABLE OF ATTAINING,gt,na,2086,16000,16.064,test,na
2086-149220-0003_formant_aac-128k,data/attacks/aac-128k/2086-149220-0003_formant.wav,fake,attack,none,aac-128k,aac-128k,SUMMER SQUASHES ALMOST IN THEIR GOLDEN BLOSSOM CUCUMBERS NOW EVINCING A TENDENCY TO SPREAD AWAY FROM THE MAIN STOCK AND RAMBLE FAR AND WIDE TWO OR THREE ROWS OF STRING BEANS AND AS MANY MORE THAT WERE ABOUT TO FESTOON THEMSELVES ON POLES TOMATOES OCCUPYING A SITE SO SHELTERED AND SUNNY THAT THE PLANTS WERE ALREADY GIGANTIC AND PROMISED AN EARLY AND ABUNDANT HARVEST,gt,na,2086,16000,22.848,test,na
2428-83699-0000_formant_aac-128k,data/attacks/aac-128k/2428-83699-0000_formant.wav,fake,attack,none,aac-128k,aac-128k,I IMAGINE THERE WERE SEVERAL KINDS OF OLD FASHIONED CHRISTMASES BUT IT COULD HARDLY BE WORSE THAN A CHOP IN MY CHAMBERS OR HORROR OF HORRORS AT THE CLUB OR MY COUSIN LUCY'S NOTION OF WHAT SHE CALLS THE FESTIVE SEASON,gt,na,2428,16000,13.312,test,na
2428-83699-0000_melvoc_aac-128k,data/attacks/aac-128k/2428-83699-0000_melvoc.wav,fake,attack,none,aac-128k,aac-128k,I IMAGINE THERE WERE SEVERAL KINDS OF OLD FASHIONED CHRISTMASES BUT IT COULD HARDLY BE WORSE THAN A CHOP IN MY CHAMBERS OR HORROR OF HORRORS AT THE CLUB OR MY COUSIN LUCY'S NOTION OF WHAT SHE CALLS THE FESTIVE SEASON,gt,na,2428,16000,13.312,test,na
2428-83699-0000_pitch_aac-128k,data/attacks/aac-128k/2428-83699-0000_pitch.wav,fake,attack,none,aac-128k,aac-128k,I IMAGINE THERE WERE SEVERAL KINDS OF OLD FASHIONED CHRISTMASES BUT IT COULD HARDLY BE WORSE THAN A CHOP IN MY CHAMBERS OR HORROR OF HORRORS AT THE CLUB OR MY COUSIN LUCY'S NOTION OF WHAT SHE CALLS THE FESTIVE SEASON,gt,na,2428,16000,13.312,test,na
2428-83699-0001_formant_aac-128k,data/attacks/aac-128k/2428-83699-0001_formant.wav,fake,attack,none,aac-128k,aac-128k,FESTIVE YES,gt,na,2428,16000,2.112,test,na
2428-83699-0001_melvoc_aac-128k,data/attacks/aac-128k/2428-83699-0001_melvoc.wav,fake,attack,none,aac-128k,aac-128k,FESTIVE YES,gt,na,2428,16000,2.112,test,na
2428-83699-0001_pitch_aac-128k,data/attacks/aac-128k/2428-83699-0001_pitch.wav,fake,attack,none,aac-128k,aac-128k,FESTIVE YES,gt,na,2428,16000,2.112,test,na
2428-83699-0002_formant_aac-128k,data/attacks/aac-128k/2428-83699-0002_formant.wav,fake,attack,none,aac-128k,aac-128k,THE REPLY WAS WRITTEN IN A SPRAWLING FEMININE HAND IT WAS A LITTLE VAGUE,gt,na,2428,16000,4.288,test,na
2428-83699-0002_melvoc_aac-128k,data/attacks/aac-128k/2428-83699-0002_melvoc.wav,fake,attack,none,aac-128k,aac-128k,THE REPLY WAS WRITTEN IN A SPRAWLING FEMININE HAND IT WAS A LITTLE VAGUE,gt,na,2428,16000,4.288,test,na
2428-83699-0002_pitch_aac-128k,data/attacks/aac-128k/2428-83699-0002_pitch.wav,fake,attack,none,aac-128k,aac-128k,THE REPLY WAS WRITTEN IN A SPRAWLING FEMININE HAND IT WAS A LITTLE VAGUE,gt,na,2428,16000,4.288,test,na
2428-83699-0003_formant_aac-128k,data/attacks/aac-128k/2428-83699-0003_formant.wav,fake,attack,none,aac-128k,aac-128k,IT APPEARED THAT THE TERMS WOULD BE FIVE GUINEAS BUT THERE WAS NO MENTION OF THE LENGTH OF TIME WHICH THAT FEE WOULD COVER,gt,na,2428,16000,6.272,test,na
2428-83699-0003_melvoc_aac-128k,data/attacks/aac-128k/2428-83699-0003_melvoc.wav,fake,attack,none,aac-128k,aac-128k,IT APPEARED THAT THE TERMS WOULD BE FIVE GUINEAS BUT THERE WAS NO MENTION OF THE LENGTH OF TIME WHICH THAT FEE WOULD COVER,gt,na,2428,16000,6.272,test,na
2428-83699-0003_pitch_aac-128k,data/attacks/aac-128k/2428-83699-0003_pitch.wav,fake,attack,none,aac-128k,aac-128k,IT APPEARED THAT THE TERMS WOULD BE FIVE GUINEAS BUT THERE WAS NO MENTION OF THE LENGTH OF TIME WHICH THAT FEE WOULD COVER,gt,na,2428,16000,6.272,test,na
2428-83699-0004_formant_aac-128k,data/attacks/aac-128k/2428-83699-0004_formant.wav,fake,attack,none,aac-128k,aac-128k,THE WHOLE THING WAS A TRIFLE ODD,gt,na,2428,16000,1.92,test,na
2428-83699-0004_melvoc_aac-128k,data/attacks/aac-128k/2428-83699-0004_melvoc.wav,fake,attack,none,aac-128k,aac-128k,THE WHOLE THING WAS A TRIFLE ODD,gt,na,2428,16000,1.92,test,na
2428-83699-0004_pitch_aac-128k,data/attacks/aac-128k/2428-83699-0004_pitch.wav,fake,attack,none,aac-128k,aac-128k,THE WHOLE THING WAS A TRIFLE ODD,gt,na,2428,16000,1.92,test,na
2428-83699-0005_formant_aac-128k,data/attacks/aac-128k/2428-83699-0005_formant.wav,fake,attack,none,aac-128k,aac-128k,THERE WAS NOTHING SAID ABOUT THE SORT OF ACCOMMODATION WHICH WOULD BE PROVIDED NOTHING ABOUT THE KIND OF ESTABLISHMENT WHICH WAS MAINTAINED OR THE TABLE WHICH WAS KEPT,gt,na,2428,16000,9.152,test,na
2428-83699-0005_melvoc_aac-128k,data/attacks/aac-128k/2428-83699-0005_melvoc.wav,fake,attack,none,aac-128k,aac-128k,THERE WAS NOTHING SAID ABOUT THE SORT OF ACCOMMODATION WHICH WOULD BE PROVIDED NOTHING ABOUT THE KIND OF ESTABLISHMENT WHICH WAS MAINTAINED OR THE TABLE WHICH WAS KEPT,gt,na,2428,16000,9.088,test,na
2428-83699-0005_pitch_aac-128k,data/attacks/aac-128k/2428-83699-0005_pitch.wav,fake,attack,none,aac-128k,aac-128k,THERE WAS NOTHING SAID ABOUT THE SORT OF ACCOMMODATION WHICH WOULD BE PROVIDED NOTHING ABOUT THE KIND OF ESTABLISHMENT WHICH WAS MAINTAINED OR THE TABLE WHICH WAS KEPT,gt,na,2428,16000,9.152,test,na
2428-83699-0006_formant_aac-128k,data/attacks/aac-128k/2428-83699-0006_formant.wav,fake,attack,none,aac-128k,aac-128k,NOW IT IS A REMARKABLE THING THAT I HAVE ALWAYS HAD AN EXTRAORDINARY PREDILECTION FOR THE NAME MADGE I DO NOT KNOW WHY,gt,na,2428,16000,6.848,test,na
2428-83699-0006_melvoc_aac-128k,data/attacks/aac-128k/2428-83699-0006_melvoc.wav,fake,attack,none,aac-128k,aac-128k,NOW IT IS A REMARKABLE THING THAT I HAVE ALWAYS HAD AN EXTRAORDINARY PREDILECTION FOR THE NAME MADGE I DO NOT KNOW WHY,gt,na,2428,16000,6.848,test,na
2428-83699-0006_pitch_aac-128k,data/attacks/aac-128k/2428-83699-0006_pitch.wav,fake,attack,none,aac-128k,aac-128k,NOW IT IS A REMARKABLE THING THAT I HAVE ALWAYS HAD AN EXTRAORDINARY PREDILECTION FOR THE NAME MADGE I DO NOT KNOW WHY,gt,na,2428,16000,6.848,test,na
2428-83699-0007_formant_aac-128k,data/attacks/aac-128k/2428-83699-0007_formant.wav,fake,attack,none,aac-128k,aac-128k,I HAVE NEVER KNOWN A MADGE AND YET FROM MY BOYHOOD UPWARD I HAVE DESIRED TO MEET ONE,gt,na,2428,16000,5.76,test,na
2428-83699-0007_melvoc_aac-128k,data/attacks/aac-128k/2428-83699-0007_melvoc.wav,fake,attack,none,aac-128k,aac-128k,I HAVE NEVER KNOWN A MADGE AND YET FROM MY BOYHOOD UPWARD I HAVE DESIRED TO MEET ONE,gt,na,2428,16000,5.76,test,na
2428-83699-0007_pitch_aac-128k,data/attacks/aac-128k/2428-83699-0007_pitch.wav,fake,attack,none,aac-128k,aac-128k,I HAVE NEVER KNOWN A MADGE AND YET FROM MY BOYHOOD UPWARD I HAVE DESIRED TO MEET ONE,gt,na,2428,16000,5.76,test,na
2428-83699-0008_formant_aac-128k,data/attacks/aac-128k/2428-83699-0008_formant.wav,fake,attack,none,aac-128k,aac-128k,UNDER SUCH CIRCUMSTANCES SHE WAS HARDLY LIKELY TO BE LIVELY HERSELF BUT HER NAME WAS MADGE AND IT WAS THE ACCIDENT OF HER CHRISTIAN NAME WHICH DECIDED ME TO GO,gt,na,2428,16000,10.432,test,na
3576-138058-0000_formant_aac-128k,data/attacks/aac-128k/3576-138058-0000_formant.wav,fake,attack,none,aac-128k,aac-128k,MASTER AND MAN DISMOUNTED FROM THEIR BEASTS AND AS SOON AS THEY HAD SETTLED THEMSELVES AT THE FOOT OF THE TREES SANCHO WHO HAD HAD A GOOD NOONTIDE MEAL THAT DAY LET HIMSELF WITHOUT MORE ADO PASS THE GATES OF SLEEP,gt,na,3576,16000,14.144,test,na
3576-138058-0000_melvoc_aac-128k,data/attacks/aac-128k/3576-138058-0000_melvoc.wav,fake,attack,none,aac-128k,aac-128k,MASTER AND MAN DISMOUNTED FROM THEIR BEASTS AND AS SOON AS THEY HAD SETTLED THEMSELVES AT THE FOOT OF THE TREES SANCHO WHO HAD HAD A GOOD NOONTIDE MEAL THAT DAY LET HIMSELF WITHOUT MORE ADO PASS THE GATES OF SLEEP,gt,na,3576,16000,14.144,test,na
3576-138058-0000_pitch_aac-128k,data/attacks/aac-128k/3576-138058-0000_pitch.wav,fake,attack,none,aac-128k,aac-128k,MASTER AND MAN DISMOUNTED FROM THEIR BEASTS AND AS SOON AS THEY HAD SETTLED THEMSELVES AT THE FOOT OF THE TREES SANCHO WHO HAD HAD A GOOD NOONTIDE MEAL THAT DAY LET HIMSELF WITHOUT MORE ADO PASS THE GATES OF SLEEP,gt,na,3576,16000,14.144,test,na
3576-138058-0001_formant_aac-128k,data/attacks/aac-128k/3576-138058-0001_formant.wav,fake,attack,none,aac-128k,aac-128k,BUT DON QUIXOTE WHOM HIS THOUGHTS FAR MORE THAN HUNGER KEPT AWAKE COULD NOT CLOSE AN EYE AND ROAMED IN FANCY TO AND FRO THROUGH ALL SORTS OF PLACES,gt,na,3576,16000,10.816,test,na
3576-138058-0001_melvoc_aac-128k,data/attacks/aac-128k/3576-138058-0001_melvoc.wav,fake,attack,none,aac-128k,aac-128k,BUT DON QUIXOTE WHOM HIS THOUGHTS FAR MORE THAN HUNGER KEPT AWAKE COULD NOT CLOSE AN EYE AND ROAMED IN FANCY TO AND FRO THROUGH ALL SORTS OF PLACES,gt,na,3576,16000,10.816,test,na
3576-138058-0001_pitch_aac-128k,data/attacks/aac-128k/3576-138058-0001_pitch.wav,fake,attack,none,aac-128k,aac-128k,BUT DON QUIXOTE WHOM HIS THOUGHTS FAR MORE THAN HUNGER KEPT AWAKE COULD NOT CLOSE AN EYE AND ROAMED IN FANCY TO AND FRO THROUGH ALL SORTS OF PLACES,gt,na,3576,16000,10.816,test,na
3576-138058-0002_formant_aac-128k,data/attacks/aac-128k/3576-138058-0002_formant.wav,fake,attack,none,aac-128k,aac-128k,AT ONE MOMENT IT SEEMED TO HIM THAT HE WAS IN THE CAVE OF MONTESINOS AND SAW DULCINEA TRANSFORMED INTO A COUNTRY WENCH SKIPPING AND MOUNTING UPON HER SHE ASS AGAIN THAT THE WORDS OF THE SAGE MERLIN WERE SOUNDING IN HIS EARS SETTING FORTH THE CONDITIONS TO BE OBSERVED AND THE EXERTIONS TO BE MADE FOR THE DISENCHANTMENT OF DULCINEA,gt,na,3576,16000,22.336,test,na
3576-138058-0002_melvoc_aac-128k,data/attacks/aac-128k/3576-138058-0002_melvoc.wav,fake,attack,none,aac-128k,aac-128k,AT ONE MOMENT IT SEEMED TO HIM THAT HE WAS IN THE CAVE OF MONTESINOS AND SAW DULCINEA TRANSFORMED INTO A COUNTRY WENCH SKIPPING AND MOUNTING UPON HER SHE ASS AGAIN THAT THE WORDS OF THE SAGE MERLIN WERE SOUNDING IN HIS EARS SETTING FORTH THE CONDITIONS TO BE OBSERVED AND THE EXERTIONS TO BE MADE FOR THE DISENCHANTMENT OF DULCINEA,gt,na,3576,16000,22.336,test,na
3576-138058-0002_pitch_aac-128k,data/attacks/aac-128k/3576-138058-0002_pitch.wav,fake,attack,none,aac-128k,aac-128k,AT ONE MOMENT IT SEEMED TO HIM THAT HE WAS IN THE CAVE OF MONTESINOS AND SAW DULCINEA TRANSFORMED INTO A COUNTRY WENCH SKIPPING AND MOUNTING UPON HER SHE ASS AGAIN THAT THE WORDS OF THE SAGE MERLIN WERE SOUNDING IN HIS EARS SETTING FORTH THE CONDITIONS TO BE OBSERVED AND THE EXERTIONS TO BE MADE FOR THE DISENCHANTMENT OF DULCINEA,gt,na,3576,16000,22.336,test,na
3576-138058-0003_formant_aac-128k,data/attacks/aac-128k/3576-138058-0003_formant.wav,fake,attack,none,aac-128k,aac-128k,WHO IS TOUCHING ME AND UNTRUSSING ME,gt,na,3576,16000,2.56,test,na
3576-138058-0003_melvoc_aac-128k,data/attacks/aac-128k/3576-138058-0003_melvoc.wav,fake,attack,none,aac-128k,aac-128k,WHO IS TOUCHING ME AND UNTRUSSING ME,gt,na,3576,16000,2.56,test,na
3576-138058-0003_pitch_aac-128k,data/attacks/aac-128k/3576-138058-0003_pitch.wav,fake,attack,none,aac-128k,aac-128k,WHO IS TOUCHING ME AND UNTRUSSING ME,gt,na,3576,16000,2.56,test,na
3576-138058-0004_formant_aac-128k,data/attacks/aac-128k/3576-138058-0004_formant.wav,fake,attack,none,aac-128k,aac-128k,DULCINEA IS PERISHING THOU ART LIVING ON REGARDLESS I AM DYING OF HOPE DEFERRED THEREFORE UNTRUSS THYSELF WITH A GOOD WILL FOR MINE IT IS HERE IN THIS RETIRED SPOT TO GIVE THEE AT LEAST TWO THOUSAND LASHES,gt,na,3576,16000,16.576,test,na
3576-138058-0004_melvoc_aac-128k,data/attacks/aac-128k/3576-138058-0004_melvoc.wav,fake,attack,none,aac-128k,aac-128k,DULCINEA IS PERISHING THOU ART LIVING ON REGARDLESS I AM DYING OF HOPE DEFERRED THEREFORE UNTRUSS THYSELF WITH A GOOD WILL FOR MINE IT IS HERE IN THIS RETIRED SPOT TO GIVE THEE AT LEAST TWO THOUSAND LASHES,gt,na,3576,16000,16.576,test,na
3576-138058-0004_pitch_aac-128k,data/attacks/aac-128k/3576-138058-0004_pitch.wav,fake,attack,none,aac-128k,aac-128k,DULCINEA IS PERISHING THOU ART LIVING ON REGARDLESS I AM DYING OF HOPE DEFERRED THEREFORE UNTRUSS THYSELF WITH A GOOD WILL FOR MINE IT IS HERE IN THIS RETIRED SPOT TO GIVE THEE AT LEAST TWO THOUSAND LASHES,gt,na,3576,16000,16.576,test,na
3576-138058-0005_formant_aac-128k,data/attacks/aac-128k/3576-138058-0005_formant.wav,fake,attack,none,aac-128k,aac-128k,SEEING THIS SANCHO GOT UP AND GRAPPLING WITH HIS MASTER HE GRIPPED HIM WITH ALL HIS MIGHT IN HIS ARMS GIVING HIM A TRIP WITH THE HEEL STRETCHED HIM ON THE GROUND ON HIS BACK AND PRESSING HIS RIGHT KNEE ON HIS CHEST HELD HIS HANDS IN HIS OWN SO THAT HE COULD NEITHER MOVE NOR BREATHE,gt,na,3576,16000,16.704,test,na
3576-138058-0005_melvoc_aac-128k,data/attacks/aac-128k/3576-138058-0005_melvoc.wav,fake,attack,none,aac-128k,aac-128k,SEEING THIS SANCHO GOT UP AND GRAPPLING WITH HIS MASTER HE GRIPPED HIM WITH ALL HIS MIGHT IN HIS ARMS GIVING HIM A TRIP WITH THE HEEL STRETCHED HIM ON THE GROUND ON HIS BACK AND PRESSING HIS RIGHT KNEE ON HIS CHEST HELD HIS HANDS IN HIS OWN SO THAT HE COULD NEITHER MOVE NOR BREATHE,gt,na,3576,16000,16.704,test,na
3576-138058-0005_pitch_aac-128k,data/attacks/aac-128k/3576-138058-0005_pitch.wav,fake,attack,none,aac-128k,aac-128k,SEEING THIS SANCHO GOT UP AND GRAPPLING WITH HIS MASTER HE GRIPPED HIM WITH ALL HIS MIGHT IN HIS ARMS GIVING HIM A TRIP WITH THE HEEL STRETCHED HIM ON THE GROUND ON HIS BACK AND PRESSING HIS RIGHT KNEE ON HIS CHEST HELD HIS HANDS IN HIS OWN SO THAT HE COULD NEITHER MOVE NOR BREATHE,gt,na,3576,16000,16.704,test,na
3576-138058-0006_formant_aac-128k,data/attacks/aac-128k/3576-138058-0006_formant.wav,fake,attack,none,aac-128k,aac-128k,HOW NOW TRAITOR EXCLAIMED DON QUIXOTE,gt,na,3576,16000,3.968,test,na
3576-138058-0006_melvoc_aac-128k,data/attacks/aac-128k/3576-138058-0006_melvoc.wav,fake,attack,none,aac-128k,aac-128k,HOW NOW TRAITOR EXCLAIMED DON QUIXOTE,gt,na,3576,16000,3.968,test,na
3576-138058-0006_pitch_aac-128k,data/attacks/aac-128k/3576-138058-0006_pitch.wav,fake,attack,none,aac-128k,aac-128k,HOW NOW TRAITOR EXCLAIMED DON QUIXOTE,gt,na,3576,16000,3.968,test,na
3576-138058-0007_formant_aac-128k,data/attacks/aac-128k/3576-138058-0007_formant.wav,fake,attack,none,aac-128k,aac-128k,DOST THOU REVOLT AGAINST THY MASTER AND NATURAL LORD,gt,na,3576,16000,3.584,test,na
3576-138058-0007_melvoc_aac-128k,data/attacks/aac-128k/3576-138058-0007_melvoc.wav,fake,attack,none,aac-128k,aac-128k,DOST THOU REVOLT AGAINST THY MASTER AND NATURAL LORD,gt,na,3576,16000,3.584,test,na
3576-138058-0007_pitch_aac-128k,data/attacks/aac-128k/3576-138058-0007_pitch.wav,fake,attack,none,aac-128k,aac-128k,DOST THOU REVOLT AGAINST THY MASTER AND NATURAL LORD,gt,na,3576,16000,3.584,test,na
3576-138058-0008_formant_aac-128k,data/attacks/aac-128k/3576-138058-0008_formant.wav,fake,attack,none,aac-128k,aac-128k,DOST THOU RISE AGAINST HIM WHO GIVES THEE HIS BREAD,gt,na,3576,16000,3.904,test,na
5895-34615-0000_formant_aac-128k,data/attacks/aac-128k/5895-34615-0000_formant.wav,fake,attack,none,aac-128k,aac-128k,BUT IS LAUGHTER A SYNONYM OF JOY,gt,na,5895,16000,3.392,test,na
5895-34615-0000_melvoc_aac-128k,data/attacks/aac-128k/5895-34615-0000_melvoc.wav,fake,attack,none,aac-128k,aac-128k,BUT IS LAUGHTER A SYNONYM OF JOY,gt,na,5895,16000,3.328,test,na
5895-34615-0000_pitch_aac-128k,data/attacks/aac-128k/5895-34615-0000_pitch.wav,fake,attack,none,aac-128k,aac-128k,BUT IS LAUGHTER A SYNONYM OF JOY,gt,na,5895,16000,3.392,test,na
5895-34615-0001_formant_aac-128k,data/attacks/aac-128k/5895-34615-0001_formant.wav,fake,attack,none,aac-128k,aac-128k,SUCH PERFECT COMPLETENESS IS NOT IN NATURE,gt,na,5895,16000,3.328,test,na
5895-34615-0001_melvoc_aac-128k,data/attacks/aac-128k/5895-34615-0001_melvoc.wav,fake,attack,none,aac-128k,aac-128k,SUCH PERFECT COMPLETENESS IS NOT IN NATURE,gt,na,5895,16000,3.328,test,na
5895-34615-0001_pitch_aac-128k,data/attacks/aac-128k/5895-34615-0001_pitch.wav,fake,attack,none,aac-128k,aac-128k,SUCH PERFECT COMPLETENESS IS NOT IN NATURE,gt,na,5895,16000,3.328,test,na
5895-34615-0002_formant_aac-128k,data/attacks/aac-128k/5895-34615-0002_formant.wav,fake,attack,none,aac-128k,aac-128k,HAD GWYNPLAINE WHEN A CHILD BEEN SO WORTHY OF ATTENTION THAT HIS FACE HAD BEEN SUBJECTED TO TRANSMUTATION WHY NOT,gt,na,5895,16000,8.768,test,na
5895-34615-0002_melvoc_aac-128k,data/attacks/aac-128k/5895-34615-0002_melvoc.wav,fake,attack,none,aac-128k,aac-128k,HAD GWYNPLAINE WHEN A CHILD BEEN SO WORTHY OF ATTENTION THAT HIS FACE HAD BEEN SUBJECTED TO TRANSMUTATION WHY NOT,gt,na,5895,16000,8.768,test,na
5895-34615-0002_pitch_aac-128k,data/attacks/aac-128k/5895-34615-0002_pitch.wav,fake,attack,none,aac-128k,aac-128k,HAD GWYNPLAINE WHEN A CHILD BEEN SO WORTHY OF ATTENTION THAT HIS FACE HAD BEEN SUBJECTED TO TRANSMUTATION WHY NOT,gt,na,5895,16000,8.768,test,na
5895-34615-0003_formant_aac-128k,data/attacks/aac-128k/5895-34615-0003_formant.wav,fake,attack,none,aac-128k,aac-128k,ACCORDING TO ALL APPEARANCE INDUSTRIOUS MANIPULATORS OF CHILDREN HAD WORKED UPON HIS FACE,gt,na,5895,16000,6.656,test,na
5895-34615-0003_melvoc_aac-128k,data/attacks/aac-128k/5895-34615-0003_melvoc.wav,fake,attack,none,aac-128k,aac-128k,ACCORDING TO ALL APPEARANCE INDUSTRIOUS MANIPULATORS OF CHILDREN HAD WORKED UPON HIS FACE,gt,na,5895,16000,6.656,test,na
5895-34615-0003_pitch_aac-128k,data/attacks/aac-128k/5895-34615-0003_pitch.wav,fake,attack,none,aac-128k,aac-128k,ACCORDING TO ALL APPEARANCE INDUSTRIOUS MANIPULATORS OF CHILDREN HAD WORKED UPON HIS FACE,gt,na,5895,16000,6.656,test,na
5895-34615-0004_formant_aac-128k,data/attacks/aac-128k/5895-34615-0004_formant.wav,fake,attack,none,aac-128k,aac-128k,IT SEEMED EVIDENT THAT A MYSTERIOUS AND PROBABLY OCCULT SCIENCE WHICH WAS TO SURGERY WHAT ALCHEMY WAS TO CHEMISTRY HAD CHISELLED HIS FLESH EVIDENTLY AT A VERY TENDER AGE AND MANUFACTURED HIS COUNTENANCE WITH PREMEDITATION,gt,na,5895,16000,16.0,test,na
5895-34615-0004_melvoc_aac-128k,data/attacks/aac-128k/5895-34615-0004_melvoc.wav,fake,attack,none,aac-128k,aac-128k,IT SEEMED EVIDENT THAT A MYSTERIOUS AND PROBABLY OCCULT SCIENCE WHICH WAS TO SURGERY WHAT ALCHEMY WAS TO CHEMISTRY HAD CHISELLED HIS FLESH EVIDENTLY AT A VERY TENDER AGE AND MANUFACTURED HIS COUNTENANCE WITH PREMEDITATION,gt,na,5895,16000,16.0,test,na
5895-34615-0004_pitch_aac-128k,data/attacks/aac-128k/5895-34615-0004_pitch.wav,fake,attack,none,aac-128k,aac-128k,IT SEEMED EVIDENT THAT A MYSTERIOUS AND PROBABLY OCCULT SCIENCE WHICH WAS TO SURGERY WHAT ALCHEMY WAS TO CHEMISTRY HAD CHISELLED HIS FLESH EVIDENTLY AT A VERY TENDER AGE AND MANUFACTURED HIS COUNTENANCE WITH PREMEDITATION,gt,na,5895,16000,16.0,test,na
5895-34615-0005_formant_aac-128k,data/attacks/aac-128k/5895-34615-0005_formant.wav,fake,attack,none,aac-128k,aac-128k,GWYNPLAINE WAS A MOUNTEBANK,gt,na,5895,16000,2.496,test,na
5895-34615-0005_melvoc_aac-128k,data/attacks/aac-128k/5895-34615-0005_melvoc.wav,fake,attack,none,aac-128k,aac-128k,GWYNPLAINE WAS A MOUNTEBANK,gt,na,5895,16000,2.496,test,na
5895-34615-0005_pitch_aac-128k,data/attacks/aac-128k/5895-34615-0005_pitch.wav,fake,attack,none,aac-128k,aac-128k,GWYNPLAINE WAS A MOUNTEBANK,gt,na,5895,16000,2.496,test,na
5895-34615-0006_formant_aac-128k,data/attacks/aac-128k/5895-34615-0006_formant.wav,fake,attack,none,aac-128k,aac-128k,HE SHOWED HIMSELF ON THE PLATFORM,gt,na,5895,16000,2.56,test,na
5895-34615-0006_melvoc_aac-128k,data/attacks/aac-128k/5895-34615-0006_melvoc.wav,fake,attack,none,aac-128k,aac-128k,HE SHOWED HIMSELF ON THE PLATFORM,gt,na,5895,16000,2.56,test,na
5895-34615-0006_pitch_aac-128k,data/attacks/aac-128k/5895-34615-0006_pitch.wav,fake,attack,none,aac-128k,aac-128k,HE SHOWED HIMSELF ON THE PLATFORM,gt,na,5895,16000,2.56,test,na
5895-34615-0007_formant_aac-128k,data/attacks/aac-128k/5895-34615-0007_formant.wav,fake,attack,none,aac-128k,aac-128k,IT WAS GWYNPLAINE'S LAUGH WHICH CREATED THE LAUGHTER OF OTHERS YET HE DID NOT LAUGH HIMSELF,gt,na,5895,16000,5.76,test,na
5895-34615-0007_melvoc_aac-128k,data/attacks/aac-128k/5895-34615-0007_melvoc.wav,fake,attack,none,aac-128k,aac-128k,IT WAS GWYNPLAINE'S LAUGH WHICH CREATED THE LAUGHTER OF OTHERS YET HE DID NOT LAUGH HIMSELF,gt,na,5895,16000,5.76,test,na
5895-34615-0007_pitch_aac-128k,data/attacks/aac-128k/5895-34615-0007_pitch.wav,fake,attack,none,aac-128k,aac-128k,IT WAS GWYNPLAINE'S LAUGH WHICH CREATED THE LAUGHTER OF OTHERS YET HE DID NOT LAUGH HIMSELF,gt,na,5895,16000,5.76,test,na
5895-34615-0008_formant_aac-128k,data/attacks/aac-128k/5895-34615-0008_formant.wav,fake,attack,none,aac-128k,aac-128k,THE OUTSIDE DID NOT DEPEND ON THE INTERIOR,gt,na,5895,16000,3.072,test,na
6313-66125-0000_formant_aac-128k,data/attacks/aac-128k/6313-66125-0000_formant.wav,fake,attack,none,aac-128k,aac-128k,YOU'LL ALL BE OVER IF YOU DON'T HAVE A CARE,gt,na,6313,16000,2.368,test,na
6313-66125-0000_melvoc_aac-128k,data/attacks/aac-128k/6313-66125-0000_melvoc.wav,fake,attack,none,aac-128k,aac-128k,YOU'LL ALL BE OVER IF YOU DON'T HAVE A CARE,gt,na,6313,16000,2.368,test,na
6313-66125-0000_pitch_aac-128k,data/attacks/aac-128k/6313-66125-0000_pitch.wav,fake,attack,none,aac-128k,aac-128k,YOU'LL ALL BE OVER IF YOU DON'T HAVE A CARE,gt,na,6313,16000,2.368,test,na
6313-66125-0001_formant_aac-128k,data/attacks/aac-128k/6313-66125-0001_formant.wav,fake,attack,none,aac-128k,aac-128k,LOOKS LIKE A CLUMP OF BUSHES DOWN THERE BUT I AIN'T SURE CAN YOU MAKE IT OUT,gt,na,6313,16000,4.544,test,na
6313-66125-0001_melvoc_aac-128k,data/attacks/aac-128k/6313-66125-0001_melvoc.wav,fake,attack,none,aac-128k,aac-128k,LOOKS LIKE A CLUMP OF BUSHES DOWN THERE BUT I AIN'T SURE CAN YOU MAKE IT OUT,gt,na,6313,16000,4.544,test,na
6313-66125-0001_pitch_aac-128k,data/attacks/aac-128k/6313-66125-0001_pitch.wav,fake,attack,none,aac-128k,aac-128k,LOOKS LIKE A CLUMP OF BUSHES DOWN THERE BUT I AIN'T SURE CAN YOU MAKE IT OUT,gt,na,6313,16000,4.544,test,na
6313-66125-0002_formant_aac-128k,data/attacks/aac-128k/6313-66125-0002_formant.wav,fake,attack,none,aac-128k,aac-128k,YES AGREED TAD THAT DOES LOOK LIKE BUSHES,gt,na,6313,16000,3.136,test,na
6313-66125-0002_melvoc_aac-128k,data/attacks/aac-128k/6313-66125-0002_melvoc.wav,fake,attack,none,aac-128k,aac-128k,YES AGREED TAD THAT DOES LOOK LIKE BUSHES,gt,na,6313,16000,3.072,test,na
6313-66125-0002_pitch_aac-128k,data/attacks/aac-128k/6313-66125-0002_pitch.wav,fake,attack,none,aac-128k,aac-128k,YES AGREED TAD THAT DOES LOOK LIKE BUSHES,gt,na,6313,16000,3.136,test,na
6313-66125-0003_formant_aac-128k,data/attacks/aac-128k/6313-66125-0003_formant.wav,fake,attack,none,aac-128k,aac-128k,DON'T MOVE AROUND LIE PERFECTLY STILL WARNED THE GUIDE ARE YOU HURT,gt,na,6313,16000,4.608,test,na
6313-66125-0003_melvoc_aac-128k,data/attacks/aac-128k/6313-66125-0003_melvoc.wav,fake,attack,none,aac-128k,aac-128k,DON'T MOVE AROUND LIE PERFECTLY STILL WARNED THE GUIDE ARE YOU HURT,gt,na,6313,16000,4.608,test,na
6313-66125-0003_pitch_aac-128k,data/attacks/aac-128k/6313-66125-0003_pitch.wav,fake,attack,none,aac-128k,aac-128k,DON'T MOVE AROUND LIE PERFECTLY STILL WARNED THE GUIDE ARE YOU HURT,gt,na,6313,16000,4.608,test,na
6313-66125-0004_formant_aac-128k,data/attacks/aac-128k/6313-66125-0004_formant.wav,fake,attack,none,aac-128k,aac-128k,AND THAT TUMBLE'S ENOUGH TO KNOCK THE SENSE OUT OF A FULL GROWN MAN,gt,na,6313,16000,3.264,test,na
6313-66125-0004_melvoc_aac-128k,data/attacks/aac-128k/6313-66125-0004_melvoc.wav,fake,attack,none,aac-128k,aac-128k,AND THAT TUMBLE'S ENOUGH TO KNOCK THE SENSE OUT OF A FULL GROWN MAN,gt,na,6313,16000,3.264,test,na
6313-66125-0004_pitch_aac-128k,data/attacks/aac-128k/6313-66125-0004_pitch.wav,fake,attack,none,aac-128k,aac-128k,AND THAT TUMBLE'S ENOUGH TO KNOCK THE SENSE OUT OF A FULL GROWN MAN,gt,na,6313,16000,3.264,test,na
6313-66125-0005_formant_aac-128k,data/attacks/aac-128k/6313-66125-0005_formant.wav,fake,attack,none,aac-128k,aac-128k,I COULD NOT THINK OF ALLOWING ANY OF MY CHARGES TO TAKE SO TERRIBLE A RISK AND,gt,na,6313,16000,4.672,test,na
6313-66125-0005_melvoc_aac-128k,data/attacks/aac-128k/6313-66125-0005_melvoc.wav,fake,attack,none,aac-128k,aac-128k,I COULD NOT THINK OF ALLOWING ANY OF MY CHARGES TO TAKE SO TERRIBLE A RISK AND,gt,na,6313,16000,4.672,test,na
6313-66125-0005_pitch_aac-128k,data/attacks/aac-128k/6313-66125-0005_pitch.wav,fake,attack,none,aac-128k,aac-128k,I COULD NOT THINK OF ALLOWING ANY OF MY CHARGES TO TAKE SO TERRIBLE A RISK AND,gt,na,6313,16000,4.672,test,na
6313-66125-0006_formant_aac-128k,data/attacks/aac-128k/6313-66125-0006_formant.wav,fake,attack,none,aac-128k,aac-128k,NO I AM THE LIGHTER OF THE TWO URGED TAD,gt,na,6313,16000,3.008,test,na
6313-66125-0006_melvoc_aac-128k,data/attacks/aac-128k/6313-66125-0006_melvoc.wav,fake,attack,none,aac-128k,aac-128k,NO I AM THE LIGHTER OF THE TWO URGED TAD,gt,na,6313,16000,3.008,test,na
6313-66125-0006_pitch_aac-128k,data/attacks/aac-128k/6313-66125-0006_pitch.wav,fake,attack,none,aac-128k,aac-128k,NO I AM THE LIGHTER OF THE TWO URGED TAD,gt,na,6313,16000,3.008,test,na
6313-66125-0007_formant_aac-128k,data/attacks/aac-128k/6313-66125-0007_formant.wav,fake,attack,none,aac-128k,aac-128k,I AM THE ONE TO GO AFTER WALT IF ANYONE HAS TO I'LL GO DOWN MISTER THOMAS,gt,na,6313,16000,4.992,test,na
6313-66125-0007_melvoc_aac-128k,data/attacks/aac-128k/6313-66125-0007_melvoc.wav,fake,attack,none,aac-128k,aac-128k,I AM THE ONE TO GO AFTER WALT IF ANYONE HAS TO I'LL GO DOWN MISTER THOMAS,gt,na,6313,16000,4.928,test,na
6313-66125-0007_pitch_aac-128k,data/attacks/aac-128k/6313-66125-0007_pitch.wav,fake,attack,none,aac-128k,aac-128k,I AM THE ONE TO GO AFTER WALT IF ANYONE HAS TO I'LL GO DOWN MISTER THOMAS,gt,na,6313,16000,4.992,test,na
6313-66125-0008_formant_aac-128k,data/attacks/aac-128k/6313-66125-0008_formant.wav,fake,attack,none,aac-128k,aac-128k,MASTER TAD IS RIGHT DECIDED THE GUIDE GAZING AT THE TWO BOYS APPROVINGLY,gt,na,6313,16000,4.544,test,na
